[07:48:33.397042]  -> wl_registry#2.global(28, "zwlr_screencopy_manager_v1", 3)
[07:48:33.397045]  -> wl_registry#2.global(29, "ext_image_copy_capture_manager_v1", 1)
[07:48:33.397048]  -> wl_registry#2.global(30, "ext_output_image_capture_source_manager_v1", 1)
[07:48:33.397077]  -> wl_registry#2.global(38, "ext_foreign_toplevel_image_capture_source_manager_v1", 1)
[07:48:33.397310] wl_registry#2.bind(28, "zwlr_screencopy_manager_v1", 3, new id [unknown]#5)
[07:48:33.514680]  -> wl_registry#2.global(28, "zwlr_screencopy_manager_v1", 3)
[07:48:33.514685]  -> wl_registry#2.global(29, "ext_image_copy_capture_manager_v1", 1)
[07:48:33.514692]  -> wl_registry#2.global(30, "ext_output_image_capture_source_manager_v1", 1)
[07:48:33.514708]  -> wl_registry#2.global(38, "ext_foreign_toplevel_image_capture_source_manager_v1", 1)
[07:48:33.514854] wl_registry#2.bind(28, "zwlr_screencopy_manager_v1", 3, new id [unknown]#5)
[07:48:33.542713]  -> wl_registry#2.global(28, "zwlr_screencopy_manager_v1", 3)
[07:48:33.542715]  -> wl_registry#2.global(29, "ext_image_copy_capture_manager_v1", 1)
[07:48:33.542717]  -> wl_registry#2.global(30, "ext_output_image_capture_source_manager_v1", 1)
[07:48:33.542742]  -> wl_registry#2.global(38, "ext_foreign_toplevel_image_capture_source_manager_v1", 1)
[07:48:33.542894] wl_registry#2.bind(28, "zwlr_screencopy_manager_v1", 3, new id [unknown]#5)
[07:48:33.542970] zwlr_screencopy_manager_v1#5.capture_output(new id zwlr_screencopy_frame_v1#9, 0, wl_output#8)
[07:48:33.542979]  -> zwlr_screencopy_frame_v1#9.buffer(1, 1920, 1080, 7680)
[07:48:33.542981]  -> zwlr_screencopy_frame_v1#9.buffer_done()
[07:48:33.543046] zwlr_screencopy_frame_v1#9.copy(wl_buffer#11)
[07:48:33.546236]  -> zwlr_screencopy_frame_v1#9.flags(0)
[07:48:33.546246]  -> zwlr_screencopy_frame_v1#9.ready(0, 318097, 519809874)
[07:48:33.563289] zwlr_screencopy_frame_v1#9.destroy()
[07:48:34.150032]  -> wl_registry#2.global(28, "zwlr_screencopy_manager_v1", 3)
[07:48:34.150034]  -> wl_registry#2.global(29, "ext_image_copy_capture_manager_v1", 1)
[07:48:34.150036]  -> wl_registry#2.global(30, "ext_output_image_capture_source_manager_v1", 1)
[07:48:34.150063]  -> wl_registry#2.global(38, "ext_foreign_toplevel_image_capture_source_manager_v1", 1)
[07:48:34.150247] wl_registry#2.bind(28, "zwlr_screencopy_manager_v1", 3, new id [unknown]#5)
[07:48:34.180031]  -> wl_registry#2.global(28, "zwlr_screencopy_manager_v1", 3)
[07:48:34.180033]  -> wl_registry#2.global(29, "ext_image_copy_capture_manager_v1", 1)
[07:48:34.180035]  -> wl_registry#2.global(30, "ext_output_image_capture_source_manager_v1", 1)
[07:48:34.180051]  -> wl_registry#2.global(38, "ext_foreign_toplevel_image_capture_source_manager_v1", 1)
[07:48:34.180207] wl_registry#2.bind(28, "zwlr_screencopy_manager_v1", 3, new id [unknown]#5)
[07:48:34.180283] zwlr_screencopy_manager_v1#5.capture_output(new id zwlr_screencopy_frame_v1#9, 0, wl_output#8)
[07:48:34.180295]  -> zwlr_screencopy_frame_v1#9.buffer(1, 1920, 1080, 7680)
[07:48:34.180298]  -> zwlr_screencopy_frame_v1#9.buffer_done()
[07:48:34.180351] zwlr_screencopy_frame_v1#9.copy(wl_buffer#11)
[07:48:34.183682]  -> zwlr_screencopy_frame_v1#9.flags(0)
[07:48:34.183695]  -> zwlr_screencopy_frame_v1#9.ready(0, 318098, 157119901)
[07:48:34.195458] zwlr_screencopy_frame_v1#9.destroy()
[07:48:34.456100]  -> wl_registry#2.global(28, "zwlr_screencopy_manager_v1", 3)
[07:48:34.456102]  -> wl_registry#2.global(29, "ext_image_copy_capture_manager_v1", 1)
[07:48:34.456104]  -> wl_registry#2.global(30, "ext_output_image_capture_source_manager_v1", 1)
[07:48:34.456120]  -> wl_registry#2.global(38, "ext_foreign_toplevel_image_capture_source_manager_v1", 1)
[07:48:34.456289] wl_registry#2.bind(28, "zwlr_screencopy_manager_v1", 3, new id [unknown]#5)
[07:48:34.475180]  -> wl_registry#2.global(28, "zwlr_screencopy_manager_v1", 3)
[07:48:34.475182]  -> wl_registry#2.global(29, "ext_image_copy_capture_manager_v1", 1)
[07:48:34.475185]  -> wl_registry#2.global(30, "ext_output_image_capture_source_manager_v1", 1)
[07:48:34.475204]  -> wl_registry#2.global(38, "ext_foreign_toplevel_image_capture_source_manager_v1", 1)
[07:48:34.475377] wl_registry#2.bind(28, "zwlr_screencopy_manager_v1", 3, new id [unknown]#5)
[07:48:34.475453] zwlr_screencopy_manager_v1#5.capture_output(new id zwlr_screencopy_frame_v1#9, 0, wl_output#8)
[07:48:34.475463]  -> zwlr_screencopy_frame_v1#9.buffer(1, 1920, 1080, 7680)
[07:48:34.475466]  -> zwlr_screencopy_frame_v1#9.buffer_done()
[07:48:34.475522] zwlr_screencopy_frame_v1#9.copy(wl_buffer#11)
[07:48:34.478591]  -> zwlr_screencopy_frame_v1#9.flags(0)
[07:48:34.478604]  -> zwlr_screencopy_frame_v1#9.ready(0, 318098, 452290453)
[07:48:34.490618] zwlr_screencopy_frame_v1#9.destroy()
[07:48:34.753186]  -> wl_registry#2.global(28, "zwlr_screencopy_manager_v1", 3)
[07:48:34.753188]  -> wl_registry#2.global(29, "ext_image_copy_capture_manager_v1", 1)
[07:48:34.753190]  -> wl_registry#2.global(30, "ext_output_image_capture_source_manager_v1", 1)
[07:48:34.753205]  -> wl_registry#2.global(38, "ext_foreign_toplevel_image_capture_source_manager_v1", 1)
[07:48:34.753426] wl_registry#2.bind(28, "zwlr_screencopy_manager_v1", 3, new id [unknown]#5)
[07:48:34.893263]  -> wl_registry#2.global(28, "zwlr_screencopy_manager_v1", 3)
[07:48:34.893265]  -> wl_registry#2.global(29, "ext_image_copy_capture_manager_v1", 1)
[07:48:34.893272]  -> wl_registry#2.global(30, "ext_output_image_capture_source_manager_v1", 1)
[07:48:34.893295]  -> wl_registry#2.global(38, "ext_foreign_toplevel_image_capture_source_manager_v1", 1)
[07:48:34.893510] wl_registry#2.bind(28, "zwlr_screencopy_manager_v1", 3, new id [unknown]#5)
[07:48:34.923600]  -> wl_registry#2.global(28, "zwlr_screencopy_manager_v1", 3)
[07:48:34.923603]  -> wl_registry#2.global(29, "ext_image_copy_capture_manager_v1", 1)
[07:48:34.923606]  -> wl_registry#2.global(30, "ext_output_image_capture_source_manager_v1", 1)
[07:48:34.923635]  -> wl_registry#2.global(38, "ext_foreign_toplevel_image_capture_source_manager_v1", 1)
[07:48:34.923921] wl_registry#2.bind(28, "zwlr_screencopy_manager_v1", 3, new id [unknown]#5)
[07:48:34.924027] zwlr_screencopy_manager_v1#5.capture_output(new id zwlr_screencopy_frame_v1#9, 0, wl_output#8)
[07:48:34.924041]  -> zwlr_screencopy_frame_v1#9.buffer(1, 1920, 1080, 7680)
[07:48:34.924045]  -> zwlr_screencopy_frame_v1#9.buffer_done()
[07:48:34.924120] zwlr_screencopy_frame_v1#9.copy(wl_buffer#11)
[07:48:34.927963]  -> zwlr_screencopy_frame_v1#9.flags(0)
[07:48:34.927977]  -> zwlr_screencopy_frame_v1#9.ready(0, 318098, 900899975)
[07:48:34.940548] zwlr_screencopy_frame_v1#9.destroy()
[07:48:35.530218]  -> wl_registry#2.global(28, "zwlr_screencopy_manager_v1", 3)
[07:48:35.530220]  -> wl_registry#2.global(29, "ext_image_copy_capture_manager_v1", 1)
[07:48:35.530222]  -> wl_registry#2.global(30, "ext_output_image_capture_source_manager_v1", 1)
[07:48:35.530240]  -> wl_registry#2.global(38, "ext_foreign_toplevel_image_capture_source_manager_v1", 1)
[07:48:35.530434] wl_registry#2.bind(28, "zwlr_screencopy_manager_v1", 3, new id [unknown]#5)
[07:48:35.558485]  -> wl_registry#2.global(28, "zwlr_screencopy_manager_v1", 3)
[07:48:35.558488]  -> wl_registry#2.global(29, "ext_image_copy_capture_manager_v1", 1)
[07:48:35.558492]  -> wl_registry#2.global(30, "ext_output_image_capture_source_manager_v1", 1)
[07:48:35.558521]  -> wl_registry#2.global(38, "ext_foreign_toplevel_image_capture_source_manager_v1", 1)
[07:48:35.558736] wl_registry#2.bind(28, "zwlr_screencopy_manager_v1", 3, new id [unknown]#5)
[07:48:35.558831] zwlr_screencopy_manager_v1#5.capture_output(new id zwlr_screencopy_frame_v1#9, 0, wl_output#8)
[07:48:35.558844]  -> zwlr_screencopy_frame_v1#9.buffer(1, 1920, 1080, 7680)
[07:48:35.558848]  -> zwlr_screencopy_frame_v1#9.buffer_done()
[07:48:35.558907] zwlr_screencopy_frame_v1#9.copy(wl_buffer#11)
[07:48:35.562350]  -> zwlr_screencopy_frame_v1#9.flags(0)
[07:48:35.562368]  -> zwlr_screencopy_frame_v1#9.ready(0, 318099, 535681589)
[07:48:35.573848] zwlr_screencopy_frame_v1#9.destroy()
[07:48:35.860587]  -> wl_registry#2.global(28, "zwlr_screencopy_manager_v1", 3)
[07:48:35.860589]  -> wl_registry#2.global(29, "ext_image_copy_capture_manager_v1", 1)
[07:48:35.860591]  -> wl_registry#2.global(30, "ext_output_image_capture_source_manager_v1", 1)
[07:48:35.860608]  -> wl_registry#2.global(38, "ext_foreign_toplevel_image_capture_source_manager_v1", 1)
[07:48:35.860905] wl_registry#2.bind(28, "zwlr_screencopy_manager_v1", 3, new id [unknown]#5)
[07:48:35.879935]  -> wl_registry#2.global(28, "zwlr_screencopy_manager_v1", 3)
[07:48:35.879939]  -> wl_registry#2.global(29, "ext_image_copy_capture_manager_v1", 1)
[07:48:35.879943]  -> wl_registry#2.global(30, "ext_output_image_capture_source_manager_v1", 1)
[07:48:35.879973]  -> wl_registry#2.global(38, "ext_foreign_toplevel_image_capture_source_manager_v1", 1)
[07:48:35.880213] wl_registry#2.bind(28, "zwlr_screencopy_manager_v1", 3, new id [unknown]#5)
[07:48:35.880328] zwlr_screencopy_manager_v1#5.capture_output(new id zwlr_screencopy_frame_v1#9, 0, wl_output#8)
[07:48:35.880342]  -> zwlr_screencopy_frame_v1#9.buffer(1, 1920, 1080, 7680)
[07:48:35.880347]  -> zwlr_screencopy_frame_v1#9.buffer_done()
[07:48:35.880415] zwlr_screencopy_frame_v1#9.copy(wl_buffer#11)
[07:48:35.883752]  -> zwlr_screencopy_frame_v1#9.flags(0)
[07:48:35.883764]  -> zwlr_screencopy_frame_v1#9.ready(0, 318099, 857194013)
[07:48:35.897159] zwlr_screencopy_frame_v1#9.destroy()
[07:48:36.182996]  -> wl_registry#2.global(28, "zwlr_screencopy_manager_v1", 3)
[07:48:36.182997]  -> wl_registry#2.global(29, "ext_image_copy_capture_manager_v1", 1)
[07:48:36.183000]  -> wl_registry#2.global(30, "ext_output_image_capture_source_manager_v1", 1)
[07:48:36.183016]  -> wl_registry#2.global(38, "ext_foreign_toplevel_image_capture_source_manager_v1", 1)
[07:48:36.183196] wl_registry#2.bind(28, "zwlr_screencopy_manager_v1", 3, new id [unknown]#5)
[07:48:36.323255]  -> wl_registry#2.global(28, "zwlr_screencopy_manager_v1", 3)
[07:48:36.323258]  -> wl_registry#2.global(29, "ext_image_copy_capture_manager_v1", 1)
[07:48:36.323262]  -> wl_registry#2.global(30, "ext_output_image_capture_source_manager_v1", 1)
[07:48:36.323296]  -> wl_registry#2.global(38, "ext_foreign_toplevel_image_capture_source_manager_v1", 1)
[07:48:36.323521] wl_registry#2.bind(28, "zwlr_screencopy_manager_v1", 3, new id [unknown]#5)
[07:48:36.754819]  -> wl_registry#2.global(28, "zwlr_screencopy_manager_v1", 3)
[07:48:36.754821]  -> wl_registry#2.global(29, "ext_image_copy_capture_manager_v1", 1)
[07:48:36.754823]  -> wl_registry#2.global(30, "ext_output_image_capture_source_manager_v1", 1)
[07:48:36.754847]  -> wl_registry#2.global(38, "ext_foreign_toplevel_image_capture_source_manager_v1", 1)
[07:48:36.754990] wl_registry#2.bind(28, "zwlr_screencopy_manager_v1", 3, new id [unknown]#5)
[07:48:36.779455]  -> wl_registry#2.global(28, "zwlr_screencopy_manager_v1", 3)
[07:48:36.779457]  -> wl_registry#2.global(29, "ext_image_copy_capture_manager_v1", 1)
[07:48:36.779459]  -> wl_registry#2.global(30, "ext_output_image_capture_source_manager_v1", 1)
[07:48:36.779475]  -> wl_registry#2.global(38, "ext_foreign_toplevel_image_capture_source_manager_v1", 1)
[07:48:36.779620] wl_registry#2.bind(28, "zwlr_screencopy_manager_v1", 3, new id [unknown]#5)
[07:48:36.779690] zwlr_screencopy_manager_v1#5.capture_output(new id zwlr_screencopy_frame_v1#9, 0, wl_output#8)
[07:48:36.779698]  -> zwlr_screencopy_frame_v1#9.buffer(1, 1920, 1080, 7680)
[07:48:36.779700]  -> zwlr_screencopy_frame_v1#9.buffer_done()
[07:48:36.779750] zwlr_screencopy_frame_v1#9.copy(wl_buffer#11)
[07:48:36.782341]  -> zwlr_screencopy_frame_v1#9.flags(0)
[07:48:36.782349]  -> zwlr_screencopy_frame_v1#9.ready(0, 318100, 756509743)
[07:48:36.792996] zwlr_screencopy_frame_v1#9.destroy()
[07:48:37.050678]  -> wl_registry#2.global(28, "zwlr_screencopy_manager_v1", 3)
[07:48:37.050680]  -> wl_registry#2.global(29, "ext_image_copy_capture_manager_v1", 1)
[07:48:37.050682]  -> wl_registry#2.global(30, "ext_output_image_capture_source_manager_v1", 1)
[07:48:37.050699]  -> wl_registry#2.global(38, "ext_foreign_toplevel_image_capture_source_manager_v1", 1)
[07:48:37.050861] wl_registry#2.bind(28, "zwlr_screencopy_manager_v1", 3, new id [unknown]#5)
[07:48:37.069303]  -> wl_registry#2.global(28, "zwlr_screencopy_manager_v1", 3)
[07:48:37.069305]  -> wl_registry#2.global(29, "ext_image_copy_capture_manager_v1", 1)
[07:48:37.069307]  -> wl_registry#2.global(30, "ext_output_image_capture_source_manager_v1", 1)
[07:48:37.069323]  -> wl_registry#2.global(38, "ext_foreign_toplevel_image_capture_source_manager_v1", 1)
[07:48:37.069585] wl_registry#2.bind(28, "zwlr_screencopy_manager_v1", 3, new id [unknown]#5)
[07:48:37.069711] zwlr_screencopy_manager_v1#5.capture_output(new id zwlr_screencopy_frame_v1#9, 0, wl_output#8)
[07:48:37.069726]  -> zwlr_screencopy_frame_v1#9.buffer(1, 1920, 1080, 7680)
[07:48:37.069730]  -> zwlr_screencopy_frame_v1#9.buffer_done()
[07:48:37.069787] zwlr_screencopy_frame_v1#9.copy(wl_buffer#11)
[07:48:37.073093]  -> zwlr_screencopy_frame_v1#9.flags(0)
[07:48:37.073109]  -> zwlr_screencopy_frame_v1#9.ready(0, 318101, 46566533)
[07:48:37.083935] zwlr_screencopy_frame_v1#9.destroy()
[07:48:37.343284]  -> wl_registry#2.global(28, "zwlr_screencopy_manager_v1", 3)
[07:48:37.343286]  -> wl_registry#2.global(29, "ext_image_copy_capture_manager_v1", 1)
[07:48:37.343288]  -> wl_registry#2.global(30, "ext_output_image_capture_source_manager_v1", 1)
[07:48:37.343304]  -> wl_registry#2.global(38, "ext_foreign_toplevel_image_capture_source_manager_v1", 1)
[07:48:37.343464] wl_registry#2.bind(28, "zwlr_screencopy_manager_v1", 3, new id [unknown]#5)
[07:48:37.483129]  -> wl_registry#2.global(28, "zwlr_screencopy_manager_v1", 3)
[07:48:37.483131]  -> wl_registry#2.global(29, "ext_image_copy_capture_manager_v1", 1)
[07:48:37.483133]  -> wl_registry#2.global(30, "ext_output_image_capture_source_manager_v1", 1)
[07:48:37.483149]  -> wl_registry#2.global(38, "ext_foreign_toplevel_image_capture_source_manager_v1", 1)
[07:48:37.483305] wl_registry#2.bind(28, "zwlr_screencopy_manager_v1", 3, new id [unknown]#5)
[07:48:37.599877]  -> wl_registry#2.global(28, "zwlr_screencopy_manager_v1", 3)
[07:48:37.599879]  -> wl_registry#2.global(29, "ext_image_copy_capture_manager_v1", 1)
[07:48:37.599881]  -> wl_registry#2.global(30, "ext_output_image_capture_source_manager_v1", 1)
[07:48:37.599897]  -> wl_registry#2.global(38, "ext_foreign_toplevel_image_capture_source_manager_v1", 1)
[07:48:37.600076] wl_registry#2.bind(28, "zwlr_screencopy_manager_v1", 3, new id [unknown]#5)
[07:48:37.626854]  -> wl_registry#2.global(28, "zwlr_screencopy_manager_v1", 3)
[07:48:37.626856]  -> wl_registry#2.global(29, "ext_image_copy_capture_manager_v1", 1)
[07:48:37.626859]  -> wl_registry#2.global(30, "ext_output_image_capture_source_manager_v1", 1)
[07:48:37.626875]  -> wl_registry#2.global(38, "ext_foreign_toplevel_image_capture_source_manager_v1", 1)
[07:48:37.627023] wl_registry#2.bind(28, "zwlr_screencopy_manager_v1", 3, new id [unknown]#5)
[07:48:37.627092] zwlr_screencopy_manager_v1#5.capture_output(new id zwlr_screencopy_frame_v1#9, 0, wl_output#8)
[07:48:37.627099]  -> zwlr_screencopy_frame_v1#9.buffer(1, 1920, 1080, 7680)
[07:48:37.627102]  -> zwlr_screencopy_frame_v1#9.buffer_done()
[07:48:37.627153] zwlr_screencopy_frame_v1#9.copy(wl_buffer#11)
[07:48:37.630527]  -> zwlr_screencopy_frame_v1#9.flags(0)
[07:48:37.630553]  -> zwlr_screencopy_frame_v1#9.ready(0, 318101, 603915962)
[07:48:37.642615] zwlr_screencopy_frame_v1#9.destroy()
[07:48:38.118883]  -> wl_registry#2.global(28, "zwlr_screencopy_manager_v1", 3)
[07:48:38.118885]  -> wl_registry#2.global(29, "ext_image_copy_capture_manager_v1", 1)
[07:48:38.118887]  -> wl_registry#2.global(30, "ext_output_image_capture_source_manager_v1", 1)
[07:48:38.118903]  -> wl_registry#2.global(38, "ext_foreign_toplevel_image_capture_source_manager_v1", 1)
[07:48:38.119050] wl_registry#2.bind(28, "zwlr_screencopy_manager_v1", 3, new id [unknown]#5)
[07:48:38.144717]  -> wl_registry#2.global(28, "zwlr_screencopy_manager_v1", 3)
[07:48:38.144719]  -> wl_registry#2.global(29, "ext_image_copy_capture_manager_v1", 1)
[07:48:38.144721]  -> wl_registry#2.global(30, "ext_output_image_capture_source_manager_v1", 1)
[07:48:38.144737]  -> wl_registry#2.global(38, "ext_foreign_toplevel_image_capture_source_manager_v1", 1)
[07:48:38.144878] wl_registry#2.bind(28, "zwlr_screencopy_manager_v1", 3, new id [unknown]#5)
[07:48:38.144946] zwlr_screencopy_manager_v1#5.capture_output(new id zwlr_screencopy_frame_v1#9, 0, wl_output#8)
[07:48:38.144954]  -> zwlr_screencopy_frame_v1#9.buffer(1, 1920, 1080, 7680)
[07:48:38.144956]  -> zwlr_screencopy_frame_v1#9.buffer_done()
[07:48:38.145001] zwlr_screencopy_frame_v1#9.copy(wl_buffer#11)
[07:48:38.147870]  -> zwlr_screencopy_frame_v1#9.flags(0)
[07:48:38.147879]  -> zwlr_screencopy_frame_v1#9.ready(0, 318102, 121759163)
[07:48:38.159137] zwlr_screencopy_frame_v1#9.destroy()
[07:48:38.416497]  -> wl_registry#2.global(28, "zwlr_screencopy_manager_v1", 3)
[07:48:38.416499]  -> wl_registry#2.global(29, "ext_image_copy_capture_manager_v1", 1)
[07:48:38.416501]  -> wl_registry#2.global(30, "ext_output_image_capture_source_manager_v1", 1)
[07:48:38.416517]  -> wl_registry#2.global(38, "ext_foreign_toplevel_image_capture_source_manager_v1", 1)
[07:48:38.416672] wl_registry#2.bind(28, "zwlr_screencopy_manager_v1", 3, new id [unknown]#5)
[07:48:38.435292]  -> wl_registry#2.global(28, "zwlr_screencopy_manager_v1", 3)
[07:48:38.435295]  -> wl_registry#2.global(29, "ext_image_copy_capture_manager_v1", 1)
[07:48:38.435302]  -> wl_registry#2.global(30, "ext_output_image_capture_source_manager_v1", 1)
[07:48:38.435335]  -> wl_registry#2.global(38, "ext_foreign_toplevel_image_capture_source_manager_v1", 1)
[07:48:38.435510] wl_registry#2.bind(28, "zwlr_screencopy_manager_v1", 3, new id [unknown]#5)
[07:48:38.435583] zwlr_screencopy_manager_v1#5.capture_output(new id zwlr_screencopy_frame_v1#9, 0, wl_output#8)
[07:48:38.435591]  -> zwlr_screencopy_frame_v1#9.buffer(1, 1920, 1080, 7680)
[07:48:38.435594]  -> zwlr_screencopy_frame_v1#9.buffer_done()
[07:48:38.435647] zwlr_screencopy_frame_v1#9.copy(wl_buffer#11)
[07:48:38.438903]  -> zwlr_screencopy_frame_v1#9.flags(0)
[07:48:38.438914]  -> zwlr_screencopy_frame_v1#9.ready(0, 318102, 412417548)
[07:48:38.450251] zwlr_screencopy_frame_v1#9.destroy()
[07:48:38.711616]  -> wl_registry#2.global(28, "zwlr_screencopy_manager_v1", 3)
[07:48:38.711618]  -> wl_registry#2.global(29, "ext_image_copy_capture_manager_v1", 1)
[07:48:38.711620]  -> wl_registry#2.global(30, "ext_output_image_capture_source_manager_v1", 1)
[07:48:38.711636]  -> wl_registry#2.global(38, "ext_foreign_toplevel_image_capture_source_manager_v1", 1)
[07:48:38.711786] wl_registry#2.bind(28, "zwlr_screencopy_manager_v1", 3, new id [unknown]#5)
[07:48:38.849140]  -> wl_registry#2.global(28, "zwlr_screencopy_manager_v1", 3)
[07:48:38.849142]  -> wl_registry#2.global(29, "ext_image_copy_capture_manager_v1", 1)
[07:48:38.849144]  -> wl_registry#2.global(30, "ext_output_image_capture_source_manager_v1", 1)
[07:48:38.849169]  -> wl_registry#2.global(38, "ext_foreign_toplevel_image_capture_source_manager_v1", 1)
[07:48:38.849325] wl_registry#2.bind(28, "zwlr_screencopy_manager_v1", 3, new id [unknown]#5)
[07:48:38.965196]  -> wl_registry#2.global(28, "zwlr_screencopy_manager_v1", 3)
[07:48:38.965198]  -> wl_registry#2.global(29, "ext_image_copy_capture_manager_v1", 1)
[07:48:38.965201]  -> wl_registry#2.global(30, "ext_output_image_capture_source_manager_v1", 1)
[07:48:38.965217]  -> wl_registry#2.global(38, "ext_foreign_toplevel_image_capture_source_manager_v1", 1)
[07:48:38.965383] wl_registry#2.bind(28, "zwlr_screencopy_manager_v1", 3, new id [unknown]#5)
[07:48:38.991254]  -> wl_registry#2.global(28, "zwlr_screencopy_manager_v1", 3)
[07:48:38.991256]  -> wl_registry#2.global(29, "ext_image_copy_capture_manager_v1", 1)
[07:48:38.991258]  -> wl_registry#2.global(30, "ext_output_image_capture_source_manager_v1", 1)
[07:48:38.991277]  -> wl_registry#2.global(38, "ext_foreign_toplevel_image_capture_source_manager_v1", 1)
[07:48:38.991429] wl_registry#2.bind(28, "zwlr_screencopy_manager_v1", 3, new id [unknown]#5)
[07:48:38.991497] zwlr_screencopy_manager_v1#5.capture_output(new id zwlr_screencopy_frame_v1#9, 0, wl_output#8)
[07:48:38.991504]  -> zwlr_screencopy_frame_v1#9.buffer(1, 1920, 1080, 7680)
[07:48:38.991506]  -> zwlr_screencopy_frame_v1#9.buffer_done()
[07:48:38.991553] zwlr_screencopy_frame_v1#9.copy(wl_buffer#11)
[07:48:38.994022]  -> zwlr_screencopy_frame_v1#9.flags(0)
[07:48:38.994030]  -> zwlr_screencopy_frame_v1#9.ready(0, 318102, 968312517)
[07:48:39.004707] zwlr_screencopy_frame_v1#9.destroy()
[07:48:39.468466]  -> wl_registry#2.global(28, "zwlr_screencopy_manager_v1", 3)
[07:48:39.468468]  -> wl_registry#2.global(29, "ext_image_copy_capture_manager_v1", 1)
[07:48:39.468470]  -> wl_registry#2.global(30, "ext_output_image_capture_source_manager_v1", 1)
[07:48:39.468486]  -> wl_registry#2.global(38, "ext_foreign_toplevel_image_capture_source_manager_v1", 1)
[07:48:39.468649] wl_registry#2.bind(28, "zwlr_screencopy_manager_v1", 3, new id [unknown]#5)
[07:48:39.494496]  -> wl_registry#2.global(28, "zwlr_screencopy_manager_v1", 3)
[07:48:39.494497]  -> wl_registry#2.global(29, "ext_image_copy_capture_manager_v1", 1)
[07:48:39.494499]  -> wl_registry#2.global(30, "ext_output_image_capture_source_manager_v1", 1)
[07:48:39.494516]  -> wl_registry#2.global(38, "ext_foreign_toplevel_image_capture_source_manager_v1", 1)
[07:48:39.494708] wl_registry#2.bind(28, "zwlr_screencopy_manager_v1", 3, new id [unknown]#5)
[07:48:39.494777] zwlr_screencopy_manager_v1#5.capture_output(new id zwlr_screencopy_frame_v1#9, 0, wl_output#8)
[07:48:39.494785]  -> zwlr_screencopy_frame_v1#9.buffer(1, 1920, 1080, 7680)
[07:48:39.494787]  -> zwlr_screencopy_frame_v1#9.buffer_done()
[07:48:39.494831] zwlr_screencopy_frame_v1#9.copy(wl_buffer#11)
[07:48:39.497414]  -> zwlr_screencopy_frame_v1#9.flags(0)
[07:48:39.497424]  -> zwlr_screencopy_frame_v1#9.ready(0, 318103, 471591087)
[07:48:39.508223] zwlr_screencopy_frame_v1#9.destroy()
[07:48:39.780743]  -> wl_registry#2.global(28, "zwlr_screencopy_manager_v1", 3)
[07:48:39.780744]  -> wl_registry#2.global(29, "ext_image_copy_capture_manager_v1", 1)
[07:48:39.780746]  -> wl_registry#2.global(30, "ext_output_image_capture_source_manager_v1", 1)
[07:48:39.780762]  -> wl_registry#2.global(38, "ext_foreign_toplevel_image_capture_source_manager_v1", 1)
[07:48:39.780921] wl_registry#2.bind(28, "zwlr_screencopy_manager_v1", 3, new id [unknown]#5)
[07:48:39.799548]  -> wl_registry#2.global(28, "zwlr_screencopy_manager_v1", 3)
[07:48:39.799550]  -> wl_registry#2.global(29, "ext_image_copy_capture_manager_v1", 1)
[07:48:39.799553]  -> wl_registry#2.global(30, "ext_output_image_capture_source_manager_v1", 1)
[07:48:39.799570]  -> wl_registry#2.global(38, "ext_foreign_toplevel_image_capture_source_manager_v1", 1)
[07:48:39.799739] wl_registry#2.bind(28, "zwlr_screencopy_manager_v1", 3, new id [unknown]#5)
[07:48:39.799810] zwlr_screencopy_manager_v1#5.capture_output(new id zwlr_screencopy_frame_v1#9, 0, wl_output#8)
[07:48:39.799819]  -> zwlr_screencopy_frame_v1#9.buffer(1, 1920, 1080, 7680)
[07:48:39.799821]  -> zwlr_screencopy_frame_v1#9.buffer_done()
[07:48:39.799872] zwlr_screencopy_frame_v1#9.copy(wl_buffer#11)
[07:48:39.803023]  -> zwlr_screencopy_frame_v1#9.flags(0)
[07:48:39.803038]  -> zwlr_screencopy_frame_v1#9.ready(0, 318103, 776645049)
[07:48:39.815306] zwlr_screencopy_frame_v1#9.destroy()
[07:48:40.070763]  -> wl_registry#2.global(28, "zwlr_screencopy_manager_v1", 3)
[07:48:40.070765]  -> wl_registry#2.global(29, "ext_image_copy_capture_manager_v1", 1)
[07:48:40.070767]  -> wl_registry#2.global(30, "ext_output_image_capture_source_manager_v1", 1)
[07:48:40.070786]  -> wl_registry#2.global(38, "ext_foreign_toplevel_image_capture_source_manager_v1", 1)
[07:48:40.071015] wl_registry#2.bind(28, "zwlr_screencopy_manager_v1", 3, new id [unknown]#5)
[07:48:40.208737]  -> wl_registry#2.global(28, "zwlr_screencopy_manager_v1", 3)
[07:48:40.208739]  -> wl_registry#2.global(29, "ext_image_copy_capture_manager_v1", 1)
[07:48:40.208741]  -> wl_registry#2.global(30, "ext_output_image_capture_source_manager_v1", 1)
[07:48:40.208758]  -> wl_registry#2.global(38, "ext_foreign_toplevel_image_capture_source_manager_v1", 1)
[07:48:40.208917] wl_registry#2.bind(28, "zwlr_screencopy_manager_v1", 3, new id [unknown]#5)
[07:48:40.324776]  -> wl_registry#2.global(28, "zwlr_screencopy_manager_v1", 3)
[07:48:40.324778]  -> wl_registry#2.global(29, "ext_image_copy_capture_manager_v1", 1)
[07:48:40.324780]  -> wl_registry#2.global(30, "ext_output_image_capture_source_manager_v1", 1)
[07:48:40.324797]  -> wl_registry#2.global(38, "ext_foreign_toplevel_image_capture_source_manager_v1", 1)
[07:48:40.324952] wl_registry#2.bind(28, "zwlr_screencopy_manager_v1", 3, new id [unknown]#5)
[07:48:40.350500]  -> wl_registry#2.global(28, "zwlr_screencopy_manager_v1", 3)
[07:48:40.350502]  -> wl_registry#2.global(29, "ext_image_copy_capture_manager_v1", 1)
[07:48:40.350505]  -> wl_registry#2.global(30, "ext_output_image_capture_source_manager_v1", 1)
[07:48:40.350528]  -> wl_registry#2.global(38, "ext_foreign_toplevel_image_capture_source_manager_v1", 1)
[07:48:40.350713] wl_registry#2.bind(28, "zwlr_screencopy_manager_v1", 3, new id [unknown]#5)
[07:48:40.350799] zwlr_screencopy_manager_v1#5.capture_output(new id zwlr_screencopy_frame_v1#9, 0, wl_output#8)
[07:48:40.350808]  -> zwlr_screencopy_frame_v1#9.buffer(1, 1920, 1080, 7680)
[07:48:40.350811]  -> zwlr_screencopy_frame_v1#9.buffer_done()
[07:48:40.350870] zwlr_screencopy_frame_v1#9.copy(wl_buffer#11)
[07:48:40.353979]  -> zwlr_screencopy_frame_v1#9.flags(0)
[07:48:40.353989]  -> zwlr_screencopy_frame_v1#9.ready(0, 318104, 327636601)
[07:48:40.369660] zwlr_screencopy_frame_v1#9.destroy()
[07:48:40.837480]  -> wl_registry#2.global(28, "zwlr_screencopy_manager_v1", 3)
[07:48:40.837482]  -> wl_registry#2.global(29, "ext_image_copy_capture_manager_v1", 1)
[07:48:40.837487]  -> wl_registry#2.global(30, "ext_output_image_capture_source_manager_v1", 1)
[07:48:40.837507]  -> wl_registry#2.global(38, "ext_foreign_toplevel_image_capture_source_manager_v1", 1)
[07:48:40.837661] wl_registry#2.bind(28, "zwlr_screencopy_manager_v1", 3, new id [unknown]#5)
[07:48:40.863072]  -> wl_registry#2.global(28, "zwlr_screencopy_manager_v1", 3)
[07:48:40.863074]  -> wl_registry#2.global(29, "ext_image_copy_capture_manager_v1", 1)
[07:48:40.863077]  -> wl_registry#2.global(30, "ext_output_image_capture_source_manager_v1", 1)
[07:48:40.863093]  -> wl_registry#2.global(38, "ext_foreign_toplevel_image_capture_source_manager_v1", 1)
[07:48:40.863250] wl_registry#2.bind(28, "zwlr_screencopy_manager_v1", 3, new id [unknown]#5)
[07:48:40.863328] zwlr_screencopy_manager_v1#5.capture_output(new id zwlr_screencopy_frame_v1#9, 0, wl_output#8)
[07:48:40.863340]  -> zwlr_screencopy_frame_v1#9.buffer(1, 1920, 1080, 7680)
[07:48:40.863343]  -> zwlr_screencopy_frame_v1#9.buffer_done()
[07:48:40.863393] zwlr_screencopy_frame_v1#9.copy(wl_buffer#11)
[07:48:40.866096]  -> zwlr_screencopy_frame_v1#9.flags(0)
[07:48:40.866108]  -> zwlr_screencopy_frame_v1#9.ready(0, 318104, 840154035)
[07:48:40.877537] zwlr_screencopy_frame_v1#9.destroy()
[07:48:41.133285]  -> wl_registry#2.global(28, "zwlr_screencopy_manager_v1", 3)
[07:48:41.133287]  -> wl_registry#2.global(29, "ext_image_copy_capture_manager_v1", 1)
[07:48:41.133289]  -> wl_registry#2.global(30, "ext_output_image_capture_source_manager_v1", 1)
[07:48:41.133313]  -> wl_registry#2.global(38, "ext_foreign_toplevel_image_capture_source_manager_v1", 1)
[07:48:41.133472] wl_registry#2.bind(28, "zwlr_screencopy_manager_v1", 3, new id [unknown]#5)
[07:48:41.152231]  -> wl_registry#2.global(28, "zwlr_screencopy_manager_v1", 3)
[07:48:41.152233]  -> wl_registry#2.global(29, "ext_image_copy_capture_manager_v1", 1)
[07:48:41.152235]  -> wl_registry#2.global(30, "ext_output_image_capture_source_manager_v1", 1)
[07:48:41.152252]  -> wl_registry#2.global(38, "ext_foreign_toplevel_image_capture_source_manager_v1", 1)
[07:48:41.152419] wl_registry#2.bind(28, "zwlr_screencopy_manager_v1", 3, new id [unknown]#5)
[07:48:41.152492] zwlr_screencopy_manager_v1#5.capture_output(new id zwlr_screencopy_frame_v1#9, 0, wl_output#8)
[07:48:41.152502]  -> zwlr_screencopy_frame_v1#9.buffer(1, 1920, 1080, 7680)
[07:48:41.152504]  -> zwlr_screencopy_frame_v1#9.buffer_done()
[07:48:41.152559] zwlr_screencopy_frame_v1#9.copy(wl_buffer#11)
[07:48:41.155380]  -> zwlr_screencopy_frame_v1#9.flags(0)
[07:48:41.155391]  -> zwlr_screencopy_frame_v1#9.ready(0, 318105, 129320159)
[07:48:41.166652] zwlr_screencopy_frame_v1#9.destroy()
[07:48:41.423546]  -> wl_registry#2.global(28, "zwlr_screencopy_manager_v1", 3)
[07:48:41.423548]  -> wl_registry#2.global(29, "ext_image_copy_capture_manager_v1", 1)
[07:48:41.423550]  -> wl_registry#2.global(30, "ext_output_image_capture_source_manager_v1", 1)
[07:48:41.423566]  -> wl_registry#2.global(38, "ext_foreign_toplevel_image_capture_source_manager_v1", 1)
[07:48:41.423730] wl_registry#2.bind(28, "zwlr_screencopy_manager_v1", 3, new id [unknown]#5)
[07:48:41.563192]  -> wl_registry#2.global(28, "zwlr_screencopy_manager_v1", 3)
[07:48:41.563193]  -> wl_registry#2.global(29, "ext_image_copy_capture_manager_v1", 1)
[07:48:41.563195]  -> wl_registry#2.global(30, "ext_output_image_capture_source_manager_v1", 1)
[07:48:41.563212]  -> wl_registry#2.global(38, "ext_foreign_toplevel_image_capture_source_manager_v1", 1)
[07:48:41.563377] wl_registry#2.bind(28, "zwlr_screencopy_manager_v1", 3, new id [unknown]#5)
[07:48:41.679559]  -> wl_registry#2.global(28, "zwlr_screencopy_manager_v1", 3)
[07:48:41.679562]  -> wl_registry#2.global(29, "ext_image_copy_capture_manager_v1", 1)
[07:48:41.679565]  -> wl_registry#2.global(30, "ext_output_image_capture_source_manager_v1", 1)
[07:48:41.679595]  -> wl_registry#2.global(38, "ext_foreign_toplevel_image_capture_source_manager_v1", 1)
[07:48:41.679796] wl_registry#2.bind(28, "zwlr_screencopy_manager_v1", 3, new id [unknown]#5)
[07:48:41.709076]  -> wl_registry#2.global(28, "zwlr_screencopy_manager_v1", 3)
[07:48:41.709078]  -> wl_registry#2.global(29, "ext_image_copy_capture_manager_v1", 1)
[07:48:41.709080]  -> wl_registry#2.global(30, "ext_output_image_capture_source_manager_v1", 1)
[07:48:41.709096]  -> wl_registry#2.global(38, "ext_foreign_toplevel_image_capture_source_manager_v1", 1)
[07:48:41.709250] wl_registry#2.bind(28, "zwlr_screencopy_manager_v1", 3, new id [unknown]#5)
[07:48:41.709336] zwlr_screencopy_manager_v1#5.capture_output(new id zwlr_screencopy_frame_v1#9, 0, wl_output#8)
[07:48:41.709345]  -> zwlr_screencopy_frame_v1#9.buffer(1, 1920, 1080, 7680)
[07:48:41.709347]  -> zwlr_screencopy_frame_v1#9.buffer_done()
[07:48:41.709395] zwlr_screencopy_frame_v1#9.copy(wl_buffer#11)
[07:48:41.713048]  -> zwlr_screencopy_frame_v1#9.flags(0)
[07:48:41.713059]  -> zwlr_screencopy_frame_v1#9.ready(0, 318105, 686156801)
[07:48:41.724587] zwlr_screencopy_frame_v1#9.destroy()
[07:48:42.296673]  -> wl_registry#2.global(28, "zwlr_screencopy_manager_v1", 3)
[07:48:42.296675]  -> wl_registry#2.global(29, "ext_image_copy_capture_manager_v1", 1)
[07:48:42.296677]  -> wl_registry#2.global(30, "ext_output_image_capture_source_manager_v1", 1)
[07:48:42.296693]  -> wl_registry#2.global(38, "ext_foreign_toplevel_image_capture_source_manager_v1", 1)
[07:48:42.296848] wl_registry#2.bind(28, "zwlr_screencopy_manager_v1", 3, new id [unknown]#5)
[07:48:42.315395]  -> wl_registry#2.global(28, "zwlr_screencopy_manager_v1", 3)
[07:48:42.315397]  -> wl_registry#2.global(29, "ext_image_copy_capture_manager_v1", 1)
[07:48:42.315399]  -> wl_registry#2.global(30, "ext_output_image_capture_source_manager_v1", 1)
[07:48:42.315415]  -> wl_registry#2.global(38, "ext_foreign_toplevel_image_capture_source_manager_v1", 1)
[07:48:42.315567] wl_registry#2.bind(28, "zwlr_screencopy_manager_v1", 3, new id [unknown]#5)
[07:48:42.315639] zwlr_screencopy_manager_v1#5.capture_output(new id zwlr_screencopy_frame_v1#9, 0, wl_output#8)
[07:48:42.315647]  -> zwlr_screencopy_frame_v1#9.buffer(1, 1920, 1080, 7680)
[07:48:42.315649]  -> zwlr_screencopy_frame_v1#9.buffer_done()
[07:48:42.315698] zwlr_screencopy_frame_v1#9.copy(wl_buffer#11)
[07:48:42.319185]  -> zwlr_screencopy_frame_v1#9.flags(0)
[07:48:42.319199]  -> zwlr_screencopy_frame_v1#9.ready(0, 318106, 292461386)
[07:48:42.330144] zwlr_screencopy_frame_v1#9.destroy()
[07:48:42.584462]  -> wl_registry#2.global(28, "zwlr_screencopy_manager_v1", 3)
[07:48:42.584465]  -> wl_registry#2.global(29, "ext_image_copy_capture_manager_v1", 1)
[07:48:42.584466]  -> wl_registry#2.global(30, "ext_output_image_capture_source_manager_v1", 1)
[07:48:42.584484]  -> wl_registry#2.global(38, "ext_foreign_toplevel_image_capture_source_manager_v1", 1)
[07:48:42.584734] wl_registry#2.bind(28, "zwlr_screencopy_manager_v1", 3, new id [unknown]#5)
[07:48:42.722648]  -> wl_registry#2.global(28, "zwlr_screencopy_manager_v1", 3)
[07:48:42.722652]  -> wl_registry#2.global(29, "ext_image_copy_capture_manager_v1", 1)
[07:48:42.722656]  -> wl_registry#2.global(30, "ext_output_image_capture_source_manager_v1", 1)
[07:48:42.722685]  -> wl_registry#2.global(38, "ext_foreign_toplevel_image_capture_source_manager_v1", 1)
[07:48:42.722905] wl_registry#2.bind(28, "zwlr_screencopy_manager_v1", 3, new id [unknown]#5)
[07:48:42.839632]  -> wl_registry#2.global(28, "zwlr_screencopy_manager_v1", 3)
[07:48:42.839634]  -> wl_registry#2.global(29, "ext_image_copy_capture_manager_v1", 1)
[07:48:42.839636]  -> wl_registry#2.global(30, "ext_output_image_capture_source_manager_v1", 1)
[07:48:42.839662]  -> wl_registry#2.global(38, "ext_foreign_toplevel_image_capture_source_manager_v1", 1)
[07:48:42.839820] wl_registry#2.bind(28, "zwlr_screencopy_manager_v1", 3, new id [unknown]#5)
[07:48:42.866169]  -> wl_registry#2.global(28, "zwlr_screencopy_manager_v1", 3)
[07:48:42.866173]  -> wl_registry#2.global(29, "ext_image_copy_capture_manager_v1", 1)
[07:48:42.866177]  -> wl_registry#2.global(30, "ext_output_image_capture_source_manager_v1", 1)
[07:48:42.866204]  -> wl_registry#2.global(38, "ext_foreign_toplevel_image_capture_source_manager_v1", 1)
[07:48:42.866426] wl_registry#2.bind(28, "zwlr_screencopy_manager_v1", 3, new id [unknown]#5)
[07:48:42.866526] zwlr_screencopy_manager_v1#5.capture_output(new id zwlr_screencopy_frame_v1#9, 0, wl_output#8)
[07:48:42.866538]  -> zwlr_screencopy_frame_v1#9.buffer(1, 1920, 1080, 7680)
[07:48:42.866543]  -> zwlr_screencopy_frame_v1#9.buffer_done()
[07:48:42.866611] zwlr_screencopy_frame_v1#9.copy(wl_buffer#11)
[07:48:42.870593]  -> zwlr_screencopy_frame_v1#9.flags(0)
[07:48:42.870611]  -> zwlr_screencopy_frame_v1#9.ready(0, 318106, 843383191)
[07:48:42.882573] zwlr_screencopy_frame_v1#9.destroy()
[07:48:43.450317]  -> wl_registry#2.global(28, "zwlr_screencopy_manager_v1", 3)
[07:48:43.450319]  -> wl_registry#2.global(29, "ext_image_copy_capture_manager_v1", 1)
[07:48:43.450321]  -> wl_registry#2.global(30, "ext_output_image_capture_source_manager_v1", 1)
[07:48:43.450338]  -> wl_registry#2.global(38, "ext_foreign_toplevel_image_capture_source_manager_v1", 1)
[07:48:43.450598] wl_registry#2.bind(28, "zwlr_screencopy_manager_v1", 3, new id [unknown]#5)
[07:48:43.477842]  -> wl_registry#2.global(28, "zwlr_screencopy_manager_v1", 3)
[07:48:43.477845]  -> wl_registry#2.global(29, "ext_image_copy_capture_manager_v1", 1)
[07:48:43.477848]  -> wl_registry#2.global(30, "ext_output_image_capture_source_manager_v1", 1)
[07:48:43.477875]  -> wl_registry#2.global(38, "ext_foreign_toplevel_image_capture_source_manager_v1", 1)
[07:48:43.478089] wl_registry#2.bind(28, "zwlr_screencopy_manager_v1", 3, new id [unknown]#5)
[07:48:43.478188] zwlr_screencopy_manager_v1#5.capture_output(new id zwlr_screencopy_frame_v1#9, 0, wl_output#8)
[07:48:43.478203]  -> zwlr_screencopy_frame_v1#9.buffer(1, 1920, 1080, 7680)
[07:48:43.478208]  -> zwlr_screencopy_frame_v1#9.buffer_done()
[07:48:43.478276] zwlr_screencopy_frame_v1#9.copy(wl_buffer#11)
[07:48:43.481306]  -> zwlr_screencopy_frame_v1#9.flags(0)
[07:48:43.481317]  -> zwlr_screencopy_frame_v1#9.ready(0, 318107, 455052968)
[07:48:43.492652] zwlr_screencopy_frame_v1#9.destroy()
[07:48:43.748484]  -> wl_registry#2.global(28, "zwlr_screencopy_manager_v1", 3)
[07:48:43.748486]  -> wl_registry#2.global(29, "ext_image_copy_capture_manager_v1", 1)
[07:48:43.748488]  -> wl_registry#2.global(30, "ext_output_image_capture_source_manager_v1", 1)
[07:48:43.748504]  -> wl_registry#2.global(38, "ext_foreign_toplevel_image_capture_source_manager_v1", 1)
[07:48:43.748744] wl_registry#2.bind(28, "zwlr_screencopy_manager_v1", 3, new id [unknown]#5)
[07:48:43.886507]  -> wl_registry#2.global(28, "zwlr_screencopy_manager_v1", 3)
[07:48:43.886509]  -> wl_registry#2.global(29, "ext_image_copy_capture_manager_v1", 1)
[07:48:43.886511]  -> wl_registry#2.global(30, "ext_output_image_capture_source_manager_v1", 1)
[07:48:43.886527]  -> wl_registry#2.global(38, "ext_foreign_toplevel_image_capture_source_manager_v1", 1)
[07:48:43.886685] wl_registry#2.bind(28, "zwlr_screencopy_manager_v1", 3, new id [unknown]#5)
[07:48:44.005745]  -> wl_registry#2.global(28, "zwlr_screencopy_manager_v1", 3)
[07:48:44.005747]  -> wl_registry#2.global(29, "ext_image_copy_capture_manager_v1", 1)
[07:48:44.005749]  -> wl_registry#2.global(30, "ext_output_image_capture_source_manager_v1", 1)
[07:48:44.005769]  -> wl_registry#2.global(38, "ext_foreign_toplevel_image_capture_source_manager_v1", 1)
[07:48:44.006009] wl_registry#2.bind(28, "zwlr_screencopy_manager_v1", 3, new id [unknown]#5)
[07:48:44.033273]  -> wl_registry#2.global(28, "zwlr_screencopy_manager_v1", 3)
[07:48:44.033275]  -> wl_registry#2.global(29, "ext_image_copy_capture_manager_v1", 1)
[07:48:44.033277]  -> wl_registry#2.global(30, "ext_output_image_capture_source_manager_v1", 1)
[07:48:44.033293]  -> wl_registry#2.global(38, "ext_foreign_toplevel_image_capture_source_manager_v1", 1)
[07:48:44.033454] wl_registry#2.bind(28, "zwlr_screencopy_manager_v1", 3, new id [unknown]#5)
[07:48:44.033533] zwlr_screencopy_manager_v1#5.capture_output(new id zwlr_screencopy_frame_v1#9, 0, wl_output#8)
[07:48:44.033542]  -> zwlr_screencopy_frame_v1#9.buffer(1, 1920, 1080, 7680)
[07:48:44.033545]  -> zwlr_screencopy_frame_v1#9.buffer_done()
[07:48:44.033597] zwlr_screencopy_frame_v1#9.copy(wl_buffer#11)
[07:48:44.036902]  -> zwlr_screencopy_frame_v1#9.flags(0)
[07:48:44.036915]  -> zwlr_screencopy_frame_v1#9.ready(0, 318108, 10357423)
[07:48:44.049962] zwlr_screencopy_frame_v1#9.destroy()
[07:48:44.652948]  -> wl_registry#2.global(28, "zwlr_screencopy_manager_v1", 3)
[07:48:44.652951]  -> wl_registry#2.global(29, "ext_image_copy_capture_manager_v1", 1)
[07:48:44.652954]  -> wl_registry#2.global(30, "ext_output_image_capture_source_manager_v1", 1)
[07:48:44.652979]  -> wl_registry#2.global(38, "ext_foreign_toplevel_image_capture_source_manager_v1", 1)
[07:48:44.653237] wl_registry#2.bind(28, "zwlr_screencopy_manager_v1", 3, new id [unknown]#5)
[07:48:44.685247]  -> wl_registry#2.global(28, "zwlr_screencopy_manager_v1", 3)
[07:48:44.685250]  -> wl_registry#2.global(29, "ext_image_copy_capture_manager_v1", 1)
[07:48:44.685254]  -> wl_registry#2.global(30, "ext_output_image_capture_source_manager_v1", 1)
[07:48:44.685289]  -> wl_registry#2.global(38, "ext_foreign_toplevel_image_capture_source_manager_v1", 1)
[07:48:44.685556] wl_registry#2.bind(28, "zwlr_screencopy_manager_v1", 3, new id [unknown]#5)
[07:48:44.685664] zwlr_screencopy_manager_v1#5.capture_output(new id zwlr_screencopy_frame_v1#9, 0, wl_output#8)
[07:48:44.685677]  -> zwlr_screencopy_frame_v1#9.buffer(1, 1920, 1080, 7680)
[07:48:44.685681]  -> zwlr_screencopy_frame_v1#9.buffer_done()
[07:48:44.685749] zwlr_screencopy_frame_v1#9.copy(wl_buffer#11)
[07:48:44.690444]  -> zwlr_screencopy_frame_v1#9.flags(0)
[07:48:44.690459]  -> zwlr_screencopy_frame_v1#9.ready(0, 318108, 662525801)
[07:48:44.703316] zwlr_screencopy_frame_v1#9.destroy()
[07:48:44.985144]  -> wl_registry#2.global(28, "zwlr_screencopy_manager_v1", 3)
[07:48:44.985146]  -> wl_registry#2.global(29, "ext_image_copy_capture_manager_v1", 1)
[07:48:44.985147]  -> wl_registry#2.global(30, "ext_output_image_capture_source_manager_v1", 1)
[07:48:44.985165]  -> wl_registry#2.global(38, "ext_foreign_toplevel_image_capture_source_manager_v1", 1)
[07:48:44.985437] wl_registry#2.bind(28, "zwlr_screencopy_manager_v1", 3, new id [unknown]#5)
[07:48:45.007458]  -> wl_registry#2.global(28, "zwlr_screencopy_manager_v1", 3)
[07:48:45.007462]  -> wl_registry#2.global(29, "ext_image_copy_capture_manager_v1", 1)
[07:48:45.007471]  -> wl_registry#2.global(30, "ext_output_image_capture_source_manager_v1", 1)
[07:48:45.007511]  -> wl_registry#2.global(38, "ext_foreign_toplevel_image_capture_source_manager_v1", 1)
[07:48:45.007790] wl_registry#2.bind(28, "zwlr_screencopy_manager_v1", 3, new id [unknown]#5)
[07:48:45.007915] zwlr_screencopy_manager_v1#5.capture_output(new id zwlr_screencopy_frame_v1#9, 0, wl_output#8)
[07:48:45.007934]  -> zwlr_screencopy_frame_v1#9.buffer(1, 1920, 1080, 7680)
[07:48:45.007939]  -> zwlr_screencopy_frame_v1#9.buffer_done()
[07:48:45.008022] zwlr_screencopy_frame_v1#9.copy(wl_buffer#11)
[07:48:45.013328]  -> zwlr_screencopy_frame_v1#9.flags(0)
[07:48:45.013350]  -> zwlr_screencopy_frame_v1#9.ready(0, 318108, 984807979)
[07:48:45.031270] zwlr_screencopy_frame_v1#9.destroy()
[07:48:45.344698]  -> wl_registry#2.global(28, "zwlr_screencopy_manager_v1", 3)
[07:48:45.344702]  -> wl_registry#2.global(29, "ext_image_copy_capture_manager_v1", 1)
[07:48:45.344705]  -> wl_registry#2.global(30, "ext_output_image_capture_source_manager_v1", 1)
[07:48:45.344732]  -> wl_registry#2.global(38, "ext_foreign_toplevel_image_capture_source_manager_v1", 1)
[07:48:45.345000] wl_registry#2.bind(28, "zwlr_screencopy_manager_v1", 3, new id [unknown]#5)
[07:48:45.467758]  -> wl_registry#2.global(28, "zwlr_screencopy_manager_v1", 3)
[07:48:45.467761]  -> wl_registry#2.global(29, "ext_image_copy_capture_manager_v1", 1)
[07:48:45.467764]  -> wl_registry#2.global(30, "ext_output_image_capture_source_manager_v1", 1)
[07:48:45.467812]  -> wl_registry#2.global(38, "ext_foreign_toplevel_image_capture_source_manager_v1", 1)
[07:48:45.468040] wl_registry#2.bind(28, "zwlr_screencopy_manager_v1", 3, new id [unknown]#5)
[07:48:45.502466]  -> wl_registry#2.global(28, "zwlr_screencopy_manager_v1", 3)
[07:48:45.502468]  -> wl_registry#2.global(29, "ext_image_copy_capture_manager_v1", 1)
[07:48:45.502470]  -> wl_registry#2.global(30, "ext_output_image_capture_source_manager_v1", 1)
[07:48:45.502486]  -> wl_registry#2.global(38, "ext_foreign_toplevel_image_capture_source_manager_v1", 1)
[07:48:45.502661] wl_registry#2.bind(28, "zwlr_screencopy_manager_v1", 3, new id [unknown]#5)
[07:48:45.502744] zwlr_screencopy_manager_v1#5.capture_output(new id zwlr_screencopy_frame_v1#9, 0, wl_output#8)
[07:48:45.502754]  -> zwlr_screencopy_frame_v1#9.buffer(1, 1920, 1080, 7680)
[07:48:45.502757]  -> zwlr_screencopy_frame_v1#9.buffer_done()
[07:48:45.502821] zwlr_screencopy_frame_v1#9.copy(wl_buffer#11)
[07:48:45.506424]  -> zwlr_screencopy_frame_v1#9.flags(0)
[07:48:45.506445]  -> zwlr_screencopy_frame_v1#9.ready(0, 318109, 479586375)
[07:48:45.521498] zwlr_screencopy_frame_v1#9.destroy()
[07:48:46.105217]  -> wl_registry#2.global(28, "zwlr_screencopy_manager_v1", 3)
[07:48:46.105219]  -> wl_registry#2.global(29, "ext_image_copy_capture_manager_v1", 1)
[07:48:46.105221]  -> wl_registry#2.global(30, "ext_output_image_capture_source_manager_v1", 1)
[07:48:46.105241]  -> wl_registry#2.global(38, "ext_foreign_toplevel_image_capture_source_manager_v1", 1)
[07:48:46.105497] wl_registry#2.bind(28, "zwlr_screencopy_manager_v1", 3, new id [unknown]#5)
[07:48:46.132868]  -> wl_registry#2.global(28, "zwlr_screencopy_manager_v1", 3)
[07:48:46.132870]  -> wl_registry#2.global(29, "ext_image_copy_capture_manager_v1", 1)
[07:48:46.132872]  -> wl_registry#2.global(30, "ext_output_image_capture_source_manager_v1", 1)
[07:48:46.132888]  -> wl_registry#2.global(38, "ext_foreign_toplevel_image_capture_source_manager_v1", 1)
[07:48:46.133037] wl_registry#2.bind(28, "zwlr_screencopy_manager_v1", 3, new id [unknown]#5)
[07:48:46.133104] zwlr_screencopy_manager_v1#5.capture_output(new id zwlr_screencopy_frame_v1#9, 0, wl_output#8)
[07:48:46.133112]  -> zwlr_screencopy_frame_v1#9.buffer(1, 1920, 1080, 7680)
[07:48:46.133115]  -> zwlr_screencopy_frame_v1#9.buffer_done()
[07:48:46.133164] zwlr_screencopy_frame_v1#9.copy(wl_buffer#11)
[07:48:46.136097]  -> zwlr_screencopy_frame_v1#9.flags(0)
[07:48:46.136116]  -> zwlr_screencopy_frame_v1#9.ready(0, 318110, 109924313)
[07:48:46.148975] zwlr_screencopy_frame_v1#9.destroy()
[07:48:46.421756]  -> wl_registry#2.global(28, "zwlr_screencopy_manager_v1", 3)
[07:48:46.421759]  -> wl_registry#2.global(29, "ext_image_copy_capture_manager_v1", 1)
[07:48:46.421763]  -> wl_registry#2.global(30, "ext_output_image_capture_source_manager_v1", 1)
[07:48:46.421792]  -> wl_registry#2.global(38, "ext_foreign_toplevel_image_capture_source_manager_v1", 1)
[07:48:46.422022] wl_registry#2.bind(28, "zwlr_screencopy_manager_v1", 3, new id [unknown]#5)
[07:48:46.441460]  -> wl_registry#2.global(28, "zwlr_screencopy_manager_v1", 3)
[07:48:46.441462]  -> wl_registry#2.global(29, "ext_image_copy_capture_manager_v1", 1)
[07:48:46.441464]  -> wl_registry#2.global(30, "ext_output_image_capture_source_manager_v1", 1)
[07:48:46.441481]  -> wl_registry#2.global(38, "ext_foreign_toplevel_image_capture_source_manager_v1", 1)
[07:48:46.441679] wl_registry#2.bind(28, "zwlr_screencopy_manager_v1", 3, new id [unknown]#5)
[07:48:46.441799] zwlr_screencopy_manager_v1#5.capture_output(new id zwlr_screencopy_frame_v1#9, 0, wl_output#8)
[07:48:46.441811]  -> zwlr_screencopy_frame_v1#9.buffer(1, 1920, 1080, 7680)
[07:48:46.441813]  -> zwlr_screencopy_frame_v1#9.buffer_done()
[07:48:46.441869] zwlr_screencopy_frame_v1#9.copy(wl_buffer#11)
[07:48:46.445674]  -> zwlr_screencopy_frame_v1#9.flags(0)
[07:48:46.445696]  -> zwlr_screencopy_frame_v1#9.ready(0, 318110, 418635449)
[07:48:46.458999] zwlr_screencopy_frame_v1#9.destroy()
[07:48:46.713736]  -> wl_registry#2.global(28, "zwlr_screencopy_manager_v1", 3)
[07:48:46.713738]  -> wl_registry#2.global(29, "ext_image_copy_capture_manager_v1", 1)
[07:48:46.713740]  -> wl_registry#2.global(30, "ext_output_image_capture_source_manager_v1", 1)
[07:48:46.713756]  -> wl_registry#2.global(38, "ext_foreign_toplevel_image_capture_source_manager_v1", 1)
[07:48:46.713919] wl_registry#2.bind(28, "zwlr_screencopy_manager_v1", 3, new id [unknown]#5)
[07:48:46.851905]  -> wl_registry#2.global(28, "zwlr_screencopy_manager_v1", 3)
[07:48:46.851908]  -> wl_registry#2.global(29, "ext_image_copy_capture_manager_v1", 1)
[07:48:46.851912]  -> wl_registry#2.global(30, "ext_output_image_capture_source_manager_v1", 1)
[07:48:46.851941]  -> wl_registry#2.global(38, "ext_foreign_toplevel_image_capture_source_manager_v1", 1)
[07:48:46.852184] wl_registry#2.bind(28, "zwlr_screencopy_manager_v1", 3, new id [unknown]#5)
[07:48:46.884162]  -> wl_registry#2.global(28, "zwlr_screencopy_manager_v1", 3)
[07:48:46.884164]  -> wl_registry#2.global(29, "ext_image_copy_capture_manager_v1", 1)
[07:48:46.884166]  -> wl_registry#2.global(30, "ext_output_image_capture_source_manager_v1", 1)
[07:48:46.884183]  -> wl_registry#2.global(38, "ext_foreign_toplevel_image_capture_source_manager_v1", 1)
[07:48:46.884345] wl_registry#2.bind(28, "zwlr_screencopy_manager_v1", 3, new id [unknown]#5)
[07:48:46.884420] zwlr_screencopy_manager_v1#5.capture_output(new id zwlr_screencopy_frame_v1#9, 0, wl_output#8)
[07:48:46.884430]  -> zwlr_screencopy_frame_v1#9.buffer(1, 1920, 1080, 7680)
[07:48:46.884433]  -> zwlr_screencopy_frame_v1#9.buffer_done()
[07:48:46.884487] zwlr_screencopy_frame_v1#9.copy(wl_buffer#11)
[07:48:46.887031]  -> zwlr_screencopy_frame_v1#9.flags(0)
[07:48:46.887037]  -> zwlr_screencopy_frame_v1#9.ready(0, 318110, 861248739)
[07:48:46.899565] zwlr_screencopy_frame_v1#9.destroy()
[07:48:47.489623]  -> wl_registry#2.global(28, "zwlr_screencopy_manager_v1", 3)
[07:48:47.489624]  -> wl_registry#2.global(29, "ext_image_copy_capture_manager_v1", 1)
[07:48:47.489626]  -> wl_registry#2.global(30, "ext_output_image_capture_source_manager_v1", 1)
[07:48:47.489643]  -> wl_registry#2.global(38, "ext_foreign_toplevel_image_capture_source_manager_v1", 1)
[07:48:47.489796] wl_registry#2.bind(28, "zwlr_screencopy_manager_v1", 3, new id [unknown]#5)
[07:48:47.516260]  -> wl_registry#2.global(28, "zwlr_screencopy_manager_v1", 3)
[07:48:47.516262]  -> wl_registry#2.global(29, "ext_image_copy_capture_manager_v1", 1)
[07:48:47.516264]  -> wl_registry#2.global(30, "ext_output_image_capture_source_manager_v1", 1)
[07:48:47.516288]  -> wl_registry#2.global(38, "ext_foreign_toplevel_image_capture_source_manager_v1", 1)
[07:48:47.516458] wl_registry#2.bind(28, "zwlr_screencopy_manager_v1", 3, new id [unknown]#5)
[07:48:47.516535] zwlr_screencopy_manager_v1#5.capture_output(new id zwlr_screencopy_frame_v1#9, 0, wl_output#8)
[07:48:47.516543]  -> zwlr_screencopy_frame_v1#9.buffer(1, 1920, 1080, 7680)
[07:48:47.516545]  -> zwlr_screencopy_frame_v1#9.buffer_done()
[07:48:47.516594] zwlr_screencopy_frame_v1#9.copy(wl_buffer#11)
[07:48:47.519526]  -> zwlr_screencopy_frame_v1#9.flags(0)
[07:48:47.519535]  -> zwlr_screencopy_frame_v1#9.ready(0, 318111, 493356475)
[07:48:47.530850] zwlr_screencopy_frame_v1#9.destroy()
[07:48:47.790842]  -> wl_registry#2.global(28, "zwlr_screencopy_manager_v1", 3)
[07:48:47.790843]  -> wl_registry#2.global(29, "ext_image_copy_capture_manager_v1", 1)
[07:48:47.790845]  -> wl_registry#2.global(30, "ext_output_image_capture_source_manager_v1", 1)
[07:48:47.790862]  -> wl_registry#2.global(38, "ext_foreign_toplevel_image_capture_source_manager_v1", 1)
[07:48:47.791024] wl_registry#2.bind(28, "zwlr_screencopy_manager_v1", 3, new id [unknown]#5)
[07:48:47.809443]  -> wl_registry#2.global(28, "zwlr_screencopy_manager_v1", 3)
[07:48:47.809447]  -> wl_registry#2.global(29, "ext_image_copy_capture_manager_v1", 1)
[07:48:47.809450]  -> wl_registry#2.global(30, "ext_output_image_capture_source_manager_v1", 1)
[07:48:47.809479]  -> wl_registry#2.global(38, "ext_foreign_toplevel_image_capture_source_manager_v1", 1)
[07:48:47.809688] wl_registry#2.bind(28, "zwlr_screencopy_manager_v1", 3, new id [unknown]#5)
[07:48:47.809788] zwlr_screencopy_manager_v1#5.capture_output(new id zwlr_screencopy_frame_v1#9, 0, wl_output#8)
[07:48:47.809800]  -> zwlr_screencopy_frame_v1#9.buffer(1, 1920, 1080, 7680)
[07:48:47.809804]  -> zwlr_screencopy_frame_v1#9.buffer_done()
[07:48:47.809863] zwlr_screencopy_frame_v1#9.copy(wl_buffer#11)
[07:48:47.812912]  -> zwlr_screencopy_frame_v1#9.flags(0)
[07:48:47.812922]  -> zwlr_screencopy_frame_v1#9.ready(0, 318111, 786632279)
[07:48:47.825095] zwlr_screencopy_frame_v1#9.destroy()
[07:48:48.084065]  -> wl_registry#2.global(28, "zwlr_screencopy_manager_v1", 3)
[07:48:48.084067]  -> wl_registry#2.global(29, "ext_image_copy_capture_manager_v1", 1)
[07:48:48.084069]  -> wl_registry#2.global(30, "ext_output_image_capture_source_manager_v1", 1)
[07:48:48.084088]  -> wl_registry#2.global(38, "ext_foreign_toplevel_image_capture_source_manager_v1", 1)
[07:48:48.084269] wl_registry#2.bind(28, "zwlr_screencopy_manager_v1", 3, new id [unknown]#5)
[07:48:48.222724]  -> wl_registry#2.global(28, "zwlr_screencopy_manager_v1", 3)
[07:48:48.222726]  -> wl_registry#2.global(29, "ext_image_copy_capture_manager_v1", 1)
[07:48:48.222728]  -> wl_registry#2.global(30, "ext_output_image_capture_source_manager_v1", 1)
[07:48:48.222752]  -> wl_registry#2.global(38, "ext_foreign_toplevel_image_capture_source_manager_v1", 1)
[07:48:48.222897] wl_registry#2.bind(28, "zwlr_screencopy_manager_v1", 3, new id [unknown]#5)
[07:48:48.666566]  -> wl_registry#2.global(28, "zwlr_screencopy_manager_v1", 3)
[07:48:48.666570]  -> wl_registry#2.global(29, "ext_image_copy_capture_manager_v1", 1)
[07:48:48.666575]  -> wl_registry#2.global(30, "ext_output_image_capture_source_manager_v1", 1)
[07:48:48.666615]  -> wl_registry#2.global(38, "ext_foreign_toplevel_image_capture_source_manager_v1", 1)
[07:48:48.667063] wl_registry#2.bind(28, "zwlr_screencopy_manager_v1", 3, new id [unknown]#5)
[07:48:48.697245]  -> wl_registry#2.global(28, "zwlr_screencopy_manager_v1", 3)
[07:48:48.697247]  -> wl_registry#2.global(29, "ext_image_copy_capture_manager_v1", 1)
[07:48:48.697249]  -> wl_registry#2.global(30, "ext_output_image_capture_source_manager_v1", 1)
[07:48:48.697268]  -> wl_registry#2.global(38, "ext_foreign_toplevel_image_capture_source_manager_v1", 1)
[07:48:48.697434] wl_registry#2.bind(28, "zwlr_screencopy_manager_v1", 3, new id [unknown]#5)
[07:48:48.697504] zwlr_screencopy_manager_v1#5.capture_output(new id zwlr_screencopy_frame_v1#9, 0, wl_output#8)
[07:48:48.697513]  -> zwlr_screencopy_frame_v1#9.buffer(1, 1920, 1080, 7680)
[07:48:48.697515]  -> zwlr_screencopy_frame_v1#9.buffer_done()
[07:48:48.697562] zwlr_screencopy_frame_v1#9.copy(wl_buffer#11)
[07:48:48.700177]  -> zwlr_screencopy_frame_v1#9.flags(0)
[07:48:48.700189]  -> zwlr_screencopy_frame_v1#9.ready(0, 318112, 674323092)
[07:48:48.711766] zwlr_screencopy_frame_v1#9.destroy()
[07:48:48.965601]  -> wl_registry#2.global(28, "zwlr_screencopy_manager_v1", 3)
[07:48:48.965603]  -> wl_registry#2.global(29, "ext_image_copy_capture_manager_v1", 1)
[07:48:48.965605]  -> wl_registry#2.global(30, "ext_output_image_capture_source_manager_v1", 1)
[07:48:48.965621]  -> wl_registry#2.global(38, "ext_foreign_toplevel_image_capture_source_manager_v1", 1)
[07:48:48.965783] wl_registry#2.bind(28, "zwlr_screencopy_manager_v1", 3, new id [unknown]#5)
[07:48:48.984500]  -> wl_registry#2.global(28, "zwlr_screencopy_manager_v1", 3)
[07:48:48.984502]  -> wl_registry#2.global(29, "ext_image_copy_capture_manager_v1", 1)
[07:48:48.984505]  -> wl_registry#2.global(30, "ext_output_image_capture_source_manager_v1", 1)
[07:48:48.984521]  -> wl_registry#2.global(38, "ext_foreign_toplevel_image_capture_source_manager_v1", 1)
[07:48:48.984670] wl_registry#2.bind(28, "zwlr_screencopy_manager_v1", 3, new id [unknown]#5)
[07:48:48.984741] zwlr_screencopy_manager_v1#5.capture_output(new id zwlr_screencopy_frame_v1#9, 0, wl_output#8)
[07:48:48.984749]  -> zwlr_screencopy_frame_v1#9.buffer(1, 1920, 1080, 7680)
[07:48:48.984752]  -> zwlr_screencopy_frame_v1#9.buffer_done()
[07:48:48.984802] zwlr_screencopy_frame_v1#9.copy(wl_buffer#11)
[07:48:48.987484]  -> zwlr_screencopy_frame_v1#9.flags(0)
[07:48:48.987494]  -> zwlr_screencopy_frame_v1#9.ready(0, 318112, 961564303)
[07:48:48.998584] zwlr_screencopy_frame_v1#9.destroy()
[07:48:49.318808]  -> wl_registry#2.global(28, "zwlr_screencopy_manager_v1", 3)
[07:48:49.318812]  -> wl_registry#2.global(29, "ext_image_copy_capture_manager_v1", 1)
[07:48:49.318816]  -> wl_registry#2.global(30, "ext_output_image_capture_source_manager_v1", 1)
[07:48:49.318857]  -> wl_registry#2.global(38, "ext_foreign_toplevel_image_capture_source_manager_v1", 1)
[07:48:49.319603] wl_registry#2.bind(28, "zwlr_screencopy_manager_v1", 3, new id [unknown]#5)
[07:48:49.518314]  -> wl_registry#2.global(28, "zwlr_screencopy_manager_v1", 3)
[07:48:49.518316]  -> wl_registry#2.global(29, "ext_image_copy_capture_manager_v1", 1)
[07:48:49.518318]  -> wl_registry#2.global(30, "ext_output_image_capture_source_manager_v1", 1)
[07:48:49.518336]  -> wl_registry#2.global(38, "ext_foreign_toplevel_image_capture_source_manager_v1", 1)
[07:48:49.518541] wl_registry#2.bind(28, "zwlr_screencopy_manager_v1", 3, new id [unknown]#5)
[07:48:49.635386]  -> wl_registry#2.global(28, "zwlr_screencopy_manager_v1", 3)
[07:48:49.635388]  -> wl_registry#2.global(29, "ext_image_copy_capture_manager_v1", 1)
[07:48:49.635390]  -> wl_registry#2.global(30, "ext_output_image_capture_source_manager_v1", 1)
[07:48:49.635407]  -> wl_registry#2.global(38, "ext_foreign_toplevel_image_capture_source_manager_v1", 1)
[07:48:49.635604] wl_registry#2.bind(28, "zwlr_screencopy_manager_v1", 3, new id [unknown]#5)
[07:48:49.660921]  -> wl_registry#2.global(28, "zwlr_screencopy_manager_v1", 3)
[07:48:49.660925]  -> wl_registry#2.global(29, "ext_image_copy_capture_manager_v1", 1)
[07:48:49.660928]  -> wl_registry#2.global(30, "ext_output_image_capture_source_manager_v1", 1)
[07:48:49.660956]  -> wl_registry#2.global(38, "ext_foreign_toplevel_image_capture_source_manager_v1", 1)
[07:48:49.661165] wl_registry#2.bind(28, "zwlr_screencopy_manager_v1", 3, new id [unknown]#5)
[07:48:49.661246] zwlr_screencopy_manager_v1#5.capture_output(new id zwlr_screencopy_frame_v1#9, 0, wl_output#8)
[07:48:49.661255]  -> zwlr_screencopy_frame_v1#9.buffer(1, 1920, 1080, 7680)
[07:48:49.661258]  -> zwlr_screencopy_frame_v1#9.buffer_done()
[07:48:49.661315] zwlr_screencopy_frame_v1#9.copy(wl_buffer#11)
[07:48:49.663948]  -> zwlr_screencopy_frame_v1#9.flags(0)
[07:48:49.663957]  -> zwlr_screencopy_frame_v1#9.ready(0, 318113, 638076436)
[07:48:49.674634] zwlr_screencopy_frame_v1#9.destroy()
[07:48:50.143098]  -> wl_registry#2.global(28, "zwlr_screencopy_manager_v1", 3)
[07:48:50.143100]  -> wl_registry#2.global(29, "ext_image_copy_capture_manager_v1", 1)
[07:48:50.143102]  -> wl_registry#2.global(30, "ext_output_image_capture_source_manager_v1", 1)
[07:48:50.143118]  -> wl_registry#2.global(38, "ext_foreign_toplevel_image_capture_source_manager_v1", 1)
[07:48:50.143276] wl_registry#2.bind(28, "zwlr_screencopy_manager_v1", 3, new id [unknown]#5)
[07:48:50.169768]  -> wl_registry#2.global(28, "zwlr_screencopy_manager_v1", 3)
[07:48:50.169770]  -> wl_registry#2.global(29, "ext_image_copy_capture_manager_v1", 1)
[07:48:50.169772]  -> wl_registry#2.global(30, "ext_output_image_capture_source_manager_v1", 1)
[07:48:50.169795]  -> wl_registry#2.global(38, "ext_foreign_toplevel_image_capture_source_manager_v1", 1)
[07:48:50.170001] wl_registry#2.bind(28, "zwlr_screencopy_manager_v1", 3, new id [unknown]#5)
[07:48:50.170113] zwlr_screencopy_manager_v1#5.capture_output(new id zwlr_screencopy_frame_v1#9, 0, wl_output#8)
[07:48:50.170122]  -> zwlr_screencopy_frame_v1#9.buffer(1, 1920, 1080, 7680)
[07:48:50.170125]  -> zwlr_screencopy_frame_v1#9.buffer_done()
[07:48:50.170182] zwlr_screencopy_frame_v1#9.copy(wl_buffer#11)
[07:48:50.172854]  -> zwlr_screencopy_frame_v1#9.flags(0)
[07:48:50.172863]  -> zwlr_screencopy_frame_v1#9.ready(0, 318114, 146943927)
[07:48:50.184906] zwlr_screencopy_frame_v1#9.destroy()
[07:48:50.445288]  -> wl_registry#2.global(28, "zwlr_screencopy_manager_v1", 3)
[07:48:50.445292]  -> wl_registry#2.global(29, "ext_image_copy_capture_manager_v1", 1)
[07:48:50.445295]  -> wl_registry#2.global(30, "ext_output_image_capture_source_manager_v1", 1)
[07:48:50.445323]  -> wl_registry#2.global(38, "ext_foreign_toplevel_image_capture_source_manager_v1", 1)
[07:48:50.445535] wl_registry#2.bind(28, "zwlr_screencopy_manager_v1", 3, new id [unknown]#5)
[07:48:50.464217]  -> wl_registry#2.global(28, "zwlr_screencopy_manager_v1", 3)
[07:48:50.464218]  -> wl_registry#2.global(29, "ext_image_copy_capture_manager_v1", 1)
[07:48:50.464220]  -> wl_registry#2.global(30, "ext_output_image_capture_source_manager_v1", 1)
[07:48:50.464248]  -> wl_registry#2.global(38, "ext_foreign_toplevel_image_capture_source_manager_v1", 1)
[07:48:50.464403] wl_registry#2.bind(28, "zwlr_screencopy_manager_v1", 3, new id [unknown]#5)
[07:48:50.464474] zwlr_screencopy_manager_v1#5.capture_output(new id zwlr_screencopy_frame_v1#9, 0, wl_output#8)
[07:48:50.464482]  -> zwlr_screencopy_frame_v1#9.buffer(1, 1920, 1080, 7680)
[07:48:50.464484]  -> zwlr_screencopy_frame_v1#9.buffer_done()
[07:48:50.464542] zwlr_screencopy_frame_v1#9.copy(wl_buffer#11)
[07:48:50.466951]  -> zwlr_screencopy_frame_v1#9.flags(0)
[07:48:50.466957]  -> zwlr_screencopy_frame_v1#9.ready(0, 318114, 441302499)
[07:48:50.477367] zwlr_screencopy_frame_v1#9.destroy()
[07:48:50.728719]  -> wl_registry#2.global(28, "zwlr_screencopy_manager_v1", 3)
[07:48:50.728721]  -> wl_registry#2.global(29, "ext_image_copy_capture_manager_v1", 1)
[07:48:50.728723]  -> wl_registry#2.global(30, "ext_output_image_capture_source_manager_v1", 1)
[07:48:50.728747]  -> wl_registry#2.global(38, "ext_foreign_toplevel_image_capture_source_manager_v1", 1)
[07:48:50.728894] wl_registry#2.bind(28, "zwlr_screencopy_manager_v1", 3, new id [unknown]#5)
[07:48:50.867491]  -> wl_registry#2.global(28, "zwlr_screencopy_manager_v1", 3)
[07:48:50.867493]  -> wl_registry#2.global(29, "ext_image_copy_capture_manager_v1", 1)
[07:48:50.867495]  -> wl_registry#2.global(30, "ext_output_image_capture_source_manager_v1", 1)
[07:48:50.867511]  -> wl_registry#2.global(38, "ext_foreign_toplevel_image_capture_source_manager_v1", 1)
[07:48:50.867684] wl_registry#2.bind(28, "zwlr_screencopy_manager_v1", 3, new id [unknown]#5)
[07:48:50.983875]  -> wl_registry#2.global(28, "zwlr_screencopy_manager_v1", 3)
[07:48:50.983878]  -> wl_registry#2.global(29, "ext_image_copy_capture_manager_v1", 1)
[07:48:50.983880]  -> wl_registry#2.global(30, "ext_output_image_capture_source_manager_v1", 1)
[07:48:50.983903]  -> wl_registry#2.global(38, "ext_foreign_toplevel_image_capture_source_manager_v1", 1)
[07:48:50.984078] wl_registry#2.bind(28, "zwlr_screencopy_manager_v1", 3, new id [unknown]#5)
[07:48:51.009773]  -> wl_registry#2.global(28, "zwlr_screencopy_manager_v1", 3)
[07:48:51.009775]  -> wl_registry#2.global(29, "ext_image_copy_capture_manager_v1", 1)
[07:48:51.009777]  -> wl_registry#2.global(30, "ext_output_image_capture_source_manager_v1", 1)
[07:48:51.009793]  -> wl_registry#2.global(38, "ext_foreign_toplevel_image_capture_source_manager_v1", 1)
[07:48:51.009937] wl_registry#2.bind(28, "zwlr_screencopy_manager_v1", 3, new id [unknown]#5)
[07:48:51.010004] zwlr_screencopy_manager_v1#5.capture_output(new id zwlr_screencopy_frame_v1#9, 0, wl_output#8)
[07:48:51.010011]  -> zwlr_screencopy_frame_v1#9.buffer(1, 1920, 1080, 7680)
[07:48:51.010014]  -> zwlr_screencopy_frame_v1#9.buffer_done()
[07:48:51.010059] zwlr_screencopy_frame_v1#9.copy(wl_buffer#11)
[07:48:51.012917]  -> zwlr_screencopy_frame_v1#9.flags(0)
[07:48:51.012929]  -> zwlr_screencopy_frame_v1#9.ready(0, 318114, 986818264)
[07:48:51.023905] zwlr_screencopy_frame_v1#9.destroy()
[07:48:51.492558]  -> wl_registry#2.global(28, "zwlr_screencopy_manager_v1", 3)
[07:48:51.492560]  -> wl_registry#2.global(29, "ext_image_copy_capture_manager_v1", 1)
[07:48:51.492562]  -> wl_registry#2.global(30, "ext_output_image_capture_source_manager_v1", 1)
[07:48:51.492577]  -> wl_registry#2.global(38, "ext_foreign_toplevel_image_capture_source_manager_v1", 1)
[07:48:51.492729] wl_registry#2.bind(28, "zwlr_screencopy_manager_v1", 3, new id [unknown]#5)
[07:48:51.518259]  -> wl_registry#2.global(28, "zwlr_screencopy_manager_v1", 3)
[07:48:51.518261]  -> wl_registry#2.global(29, "ext_image_copy_capture_manager_v1", 1)
[07:48:51.518263]  -> wl_registry#2.global(30, "ext_output_image_capture_source_manager_v1", 1)
[07:48:51.518285]  -> wl_registry#2.global(38, "ext_foreign_toplevel_image_capture_source_manager_v1", 1)
[07:48:51.518430] wl_registry#2.bind(28, "zwlr_screencopy_manager_v1", 3, new id [unknown]#5)
[07:48:51.518496] zwlr_screencopy_manager_v1#5.capture_output(new id zwlr_screencopy_frame_v1#9, 0, wl_output#8)
[07:48:51.518505]  -> zwlr_screencopy_frame_v1#9.buffer(1, 1920, 1080, 7680)
[07:48:51.518508]  -> zwlr_screencopy_frame_v1#9.buffer_done()
[07:48:51.518556] zwlr_screencopy_frame_v1#9.copy(wl_buffer#11)
[07:48:51.521440]  -> zwlr_screencopy_frame_v1#9.flags(0)
[07:48:51.521447]  -> zwlr_screencopy_frame_v1#9.ready(0, 318115, 495315847)
[07:48:51.532585] zwlr_screencopy_frame_v1#9.destroy()
[07:48:51.798769]  -> wl_registry#2.global(28, "zwlr_screencopy_manager_v1", 3)
[07:48:51.798770]  -> wl_registry#2.global(29, "ext_image_copy_capture_manager_v1", 1)
[07:48:51.798772]  -> wl_registry#2.global(30, "ext_output_image_capture_source_manager_v1", 1)
[07:48:51.798788]  -> wl_registry#2.global(38, "ext_foreign_toplevel_image_capture_source_manager_v1", 1)
[07:48:51.798949] wl_registry#2.bind(28, "zwlr_screencopy_manager_v1", 3, new id [unknown]#5)
[07:48:51.818963]  -> wl_registry#2.global(28, "zwlr_screencopy_manager_v1", 3)
[07:48:51.818965]  -> wl_registry#2.global(29, "ext_image_copy_capture_manager_v1", 1)
[07:48:51.818966]  -> wl_registry#2.global(30, "ext_output_image_capture_source_manager_v1", 1)
[07:48:51.818982]  -> wl_registry#2.global(38, "ext_foreign_toplevel_image_capture_source_manager_v1", 1)
[07:48:51.819141] wl_registry#2.bind(28, "zwlr_screencopy_manager_v1", 3, new id [unknown]#5)
[07:48:51.819212] zwlr_screencopy_manager_v1#5.capture_output(new id zwlr_screencopy_frame_v1#9, 0, wl_output#8)
[07:48:51.819220]  -> zwlr_screencopy_frame_v1#9.buffer(1, 1920, 1080, 7680)
[07:48:51.819222]  -> zwlr_screencopy_frame_v1#9.buffer_done()
[07:48:51.819282] zwlr_screencopy_frame_v1#9.copy(wl_buffer#11)
[07:48:51.823209]  -> zwlr_screencopy_frame_v1#9.flags(0)
[07:48:51.823223]  -> zwlr_screencopy_frame_v1#9.ready(0, 318115, 796047805)
[07:48:51.839411] zwlr_screencopy_frame_v1#9.destroy()
[07:48:52.116640]  -> wl_registry#2.global(28, "zwlr_screencopy_manager_v1", 3)
[07:48:52.116642]  -> wl_registry#2.global(29, "ext_image_copy_capture_manager_v1", 1)
[07:48:52.116644]  -> wl_registry#2.global(30, "ext_output_image_capture_source_manager_v1", 1)
[07:48:52.116660]  -> wl_registry#2.global(38, "ext_foreign_toplevel_image_capture_source_manager_v1", 1)
[07:48:52.116808] wl_registry#2.bind(28, "zwlr_screencopy_manager_v1", 3, new id [unknown]#5)
[07:48:52.254156]  -> wl_registry#2.global(28, "zwlr_screencopy_manager_v1", 3)
[07:48:52.254158]  -> wl_registry#2.global(29, "ext_image_copy_capture_manager_v1", 1)
[07:48:52.254160]  -> wl_registry#2.global(30, "ext_output_image_capture_source_manager_v1", 1)
[07:48:52.254176]  -> wl_registry#2.global(38, "ext_foreign_toplevel_image_capture_source_manager_v1", 1)
[07:48:52.254335] wl_registry#2.bind(28, "zwlr_screencopy_manager_v1", 3, new id [unknown]#5)
[07:48:52.384837]  -> wl_registry#2.global(28, "zwlr_screencopy_manager_v1", 3)
[07:48:52.384838]  -> wl_registry#2.global(29, "ext_image_copy_capture_manager_v1", 1)
[07:48:52.384841]  -> wl_registry#2.global(30, "ext_output_image_capture_source_manager_v1", 1)
[07:48:52.384863]  -> wl_registry#2.global(38, "ext_foreign_toplevel_image_capture_source_manager_v1", 1)
[07:48:52.385077] wl_registry#2.bind(28, "zwlr_screencopy_manager_v1", 3, new id [unknown]#5)
[07:48:52.409981]  -> wl_registry#2.global(28, "zwlr_screencopy_manager_v1", 3)
[07:48:52.409983]  -> wl_registry#2.global(29, "ext_image_copy_capture_manager_v1", 1)
[07:48:52.409985]  -> wl_registry#2.global(30, "ext_output_image_capture_source_manager_v1", 1)
[07:48:52.410001]  -> wl_registry#2.global(38, "ext_foreign_toplevel_image_capture_source_manager_v1", 1)
[07:48:52.410153] wl_registry#2.bind(28, "zwlr_screencopy_manager_v1", 3, new id [unknown]#5)
[07:48:52.410221] zwlr_screencopy_manager_v1#5.capture_output(new id zwlr_screencopy_frame_v1#9, 0, wl_output#8)
[07:48:52.410235]  -> zwlr_screencopy_frame_v1#9.buffer(1, 1920, 1080, 7680)
[07:48:52.410239]  -> zwlr_screencopy_frame_v1#9.buffer_done()
[07:48:52.410292] zwlr_screencopy_frame_v1#9.copy(wl_buffer#11)
[07:48:52.413502]  -> zwlr_screencopy_frame_v1#9.flags(0)
[07:48:52.413514]  -> zwlr_screencopy_frame_v1#9.ready(0, 318116, 387056743)
[07:48:52.425710] zwlr_screencopy_frame_v1#9.destroy()
[07:48:52.892044]  -> wl_registry#2.global(28, "zwlr_screencopy_manager_v1", 3)
[07:48:52.892045]  -> wl_registry#2.global(29, "ext_image_copy_capture_manager_v1", 1)
[07:48:52.892047]  -> wl_registry#2.global(30, "ext_output_image_capture_source_manager_v1", 1)
[07:48:52.892073]  -> wl_registry#2.global(38, "ext_foreign_toplevel_image_capture_source_manager_v1", 1)
[07:48:52.892223] wl_registry#2.bind(28, "zwlr_screencopy_manager_v1", 3, new id [unknown]#5)
[07:48:52.917799]  -> wl_registry#2.global(28, "zwlr_screencopy_manager_v1", 3)
[07:48:52.917801]  -> wl_registry#2.global(29, "ext_image_copy_capture_manager_v1", 1)
[07:48:52.917803]  -> wl_registry#2.global(30, "ext_output_image_capture_source_manager_v1", 1)
[07:48:52.917819]  -> wl_registry#2.global(38, "ext_foreign_toplevel_image_capture_source_manager_v1", 1)
[07:48:52.917975] wl_registry#2.bind(28, "zwlr_screencopy_manager_v1", 3, new id [unknown]#5)
[07:48:52.918047] zwlr_screencopy_manager_v1#5.capture_output(new id zwlr_screencopy_frame_v1#9, 0, wl_output#8)
[07:48:52.918056]  -> zwlr_screencopy_frame_v1#9.buffer(1, 1920, 1080, 7680)
[07:48:52.918059]  -> zwlr_screencopy_frame_v1#9.buffer_done()
[07:48:52.918116] zwlr_screencopy_frame_v1#9.copy(wl_buffer#11)
[07:48:52.921095]  -> zwlr_screencopy_frame_v1#9.flags(0)
[07:48:52.921108]  -> zwlr_screencopy_frame_v1#9.ready(0, 318116, 894879152)
[07:48:52.932609] zwlr_screencopy_frame_v1#9.destroy()
[07:48:53.192941]  -> wl_registry#2.global(28, "zwlr_screencopy_manager_v1", 3)
[07:48:53.192942]  -> wl_registry#2.global(29, "ext_image_copy_capture_manager_v1", 1)
[07:48:53.192944]  -> wl_registry#2.global(30, "ext_output_image_capture_source_manager_v1", 1)
[07:48:53.192961]  -> wl_registry#2.global(38, "ext_foreign_toplevel_image_capture_source_manager_v1", 1)
[07:48:53.193116] wl_registry#2.bind(28, "zwlr_screencopy_manager_v1", 3, new id [unknown]#5)
[07:48:53.211941]  -> wl_registry#2.global(28, "zwlr_screencopy_manager_v1", 3)
[07:48:53.211943]  -> wl_registry#2.global(29, "ext_image_copy_capture_manager_v1", 1)
[07:48:53.211944]  -> wl_registry#2.global(30, "ext_output_image_capture_source_manager_v1", 1)
[07:48:53.211960]  -> wl_registry#2.global(38, "ext_foreign_toplevel_image_capture_source_manager_v1", 1)
[07:48:53.212119] wl_registry#2.bind(28, "zwlr_screencopy_manager_v1", 3, new id [unknown]#5)
[07:48:53.212188] zwlr_screencopy_manager_v1#5.capture_output(new id zwlr_screencopy_frame_v1#9, 0, wl_output#8)
[07:48:53.212196]  -> zwlr_screencopy_frame_v1#9.buffer(1, 1920, 1080, 7680)
[07:48:53.212199]  -> zwlr_screencopy_frame_v1#9.buffer_done()
[07:48:53.212246] zwlr_screencopy_frame_v1#9.copy(wl_buffer#11)
[07:48:53.215252]  -> zwlr_screencopy_frame_v1#9.flags(0)
[07:48:53.215263]  -> zwlr_screencopy_frame_v1#9.ready(0, 318117, 189011290)
[07:48:53.226340] zwlr_screencopy_frame_v1#9.destroy()
[07:48:53.483984]  -> wl_registry#2.global(28, "zwlr_screencopy_manager_v1", 3)
[07:48:53.483986]  -> wl_registry#2.global(29, "ext_image_copy_capture_manager_v1", 1)
[07:48:53.483988]  -> wl_registry#2.global(30, "ext_output_image_capture_source_manager_v1", 1)
[07:48:53.484004]  -> wl_registry#2.global(38, "ext_foreign_toplevel_image_capture_source_manager_v1", 1)
[07:48:53.484209] wl_registry#2.bind(28, "zwlr_screencopy_manager_v1", 3, new id [unknown]#5)
[07:48:53.626536]  -> wl_registry#2.global(28, "zwlr_screencopy_manager_v1", 3)
[07:48:53.626537]  -> wl_registry#2.global(29, "ext_image_copy_capture_manager_v1", 1)
[07:48:53.626540]  -> wl_registry#2.global(30, "ext_output_image_capture_source_manager_v1", 1)
[07:48:53.626556]  -> wl_registry#2.global(38, "ext_foreign_toplevel_image_capture_source_manager_v1", 1)
[07:48:53.626759] wl_registry#2.bind(28, "zwlr_screencopy_manager_v1", 3, new id [unknown]#5)
[07:48:53.743133]  -> wl_registry#2.global(28, "zwlr_screencopy_manager_v1", 3)
[07:48:53.743135]  -> wl_registry#2.global(29, "ext_image_copy_capture_manager_v1", 1)
[07:48:53.743138]  -> wl_registry#2.global(30, "ext_output_image_capture_source_manager_v1", 1)
[07:48:53.743154]  -> wl_registry#2.global(38, "ext_foreign_toplevel_image_capture_source_manager_v1", 1)
[07:48:53.743320] wl_registry#2.bind(28, "zwlr_screencopy_manager_v1", 3, new id [unknown]#5)
[07:48:53.769367]  -> wl_registry#2.global(28, "zwlr_screencopy_manager_v1", 3)
[07:48:53.769371]  -> wl_registry#2.global(29, "ext_image_copy_capture_manager_v1", 1)
[07:48:53.769375]  -> wl_registry#2.global(30, "ext_output_image_capture_source_manager_v1", 1)
[07:48:53.769403]  -> wl_registry#2.global(38, "ext_foreign_toplevel_image_capture_source_manager_v1", 1)
[07:48:53.769619] wl_registry#2.bind(28, "zwlr_screencopy_manager_v1", 3, new id [unknown]#5)
[07:48:53.769717] zwlr_screencopy_manager_v1#5.capture_output(new id zwlr_screencopy_frame_v1#9, 0, wl_output#8)
[07:48:53.769728]  -> zwlr_screencopy_frame_v1#9.buffer(1, 1920, 1080, 7680)
[07:48:53.769732]  -> zwlr_screencopy_frame_v1#9.buffer_done()
[07:48:53.769793] zwlr_screencopy_frame_v1#9.copy(wl_buffer#11)
[07:48:53.773065]  -> zwlr_screencopy_frame_v1#9.flags(0)
[07:48:53.773079]  -> zwlr_screencopy_frame_v1#9.ready(0, 318117, 746563117)
[07:48:53.784037] zwlr_screencopy_frame_v1#9.destroy()
[07:48:54.351837]  -> wl_registry#2.global(28, "zwlr_screencopy_manager_v1", 3)
[07:48:54.351838]  -> wl_registry#2.global(29, "ext_image_copy_capture_manager_v1", 1)
[07:48:54.351840]  -> wl_registry#2.global(30, "ext_output_image_capture_source_manager_v1", 1)
[07:48:54.351857]  -> wl_registry#2.global(38, "ext_foreign_toplevel_image_capture_source_manager_v1", 1)
[07:48:54.352006] wl_registry#2.bind(28, "zwlr_screencopy_manager_v1", 3, new id [unknown]#5)
[07:48:54.370953]  -> wl_registry#2.global(28, "zwlr_screencopy_manager_v1", 3)
[07:48:54.370955]  -> wl_registry#2.global(29, "ext_image_copy_capture_manager_v1", 1)
[07:48:54.370957]  -> wl_registry#2.global(30, "ext_output_image_capture_source_manager_v1", 1)
[07:48:54.370973]  -> wl_registry#2.global(38, "ext_foreign_toplevel_image_capture_source_manager_v1", 1)
[07:48:54.371115] wl_registry#2.bind(28, "zwlr_screencopy_manager_v1", 3, new id [unknown]#5)
[07:48:54.371193] zwlr_screencopy_manager_v1#5.capture_output(new id zwlr_screencopy_frame_v1#9, 0, wl_output#8)
[07:48:54.371201]  -> zwlr_screencopy_frame_v1#9.buffer(1, 1920, 1080, 7680)
[07:48:54.371204]  -> zwlr_screencopy_frame_v1#9.buffer_done()
[07:48:54.371256] zwlr_screencopy_frame_v1#9.copy(wl_buffer#11)
[07:48:54.374869]  -> zwlr_screencopy_frame_v1#9.flags(0)
[07:48:54.374884]  -> zwlr_screencopy_frame_v1#9.ready(0, 318118, 348027951)
[07:48:54.386130] zwlr_screencopy_frame_v1#9.destroy()
[07:48:54.644121]  -> wl_registry#2.global(28, "zwlr_screencopy_manager_v1", 3)
[07:48:54.644123]  -> wl_registry#2.global(29, "ext_image_copy_capture_manager_v1", 1)
[07:48:54.644125]  -> wl_registry#2.global(30, "ext_output_image_capture_source_manager_v1", 1)
[07:48:54.644141]  -> wl_registry#2.global(38, "ext_foreign_toplevel_image_capture_source_manager_v1", 1)
[07:48:54.644302] wl_registry#2.bind(28, "zwlr_screencopy_manager_v1", 3, new id [unknown]#5)
[07:48:54.784096]  -> wl_registry#2.global(28, "zwlr_screencopy_manager_v1", 3)
[07:48:54.784098]  -> wl_registry#2.global(29, "ext_image_copy_capture_manager_v1", 1)
[07:48:54.784100]  -> wl_registry#2.global(30, "ext_output_image_capture_source_manager_v1", 1)
[07:48:54.784125]  -> wl_registry#2.global(38, "ext_foreign_toplevel_image_capture_source_manager_v1", 1)
[07:48:54.784280] wl_registry#2.bind(28, "zwlr_screencopy_manager_v1", 3, new id [unknown]#5)
[07:48:54.901112]  -> wl_registry#2.global(28, "zwlr_screencopy_manager_v1", 3)
[07:48:54.901116]  -> wl_registry#2.global(29, "ext_image_copy_capture_manager_v1", 1)
[07:48:54.901119]  -> wl_registry#2.global(30, "ext_output_image_capture_source_manager_v1", 1)
[07:48:54.901145]  -> wl_registry#2.global(38, "ext_foreign_toplevel_image_capture_source_manager_v1", 1)
[07:48:54.901385] wl_registry#2.bind(28, "zwlr_screencopy_manager_v1", 3, new id [unknown]#5)
[07:48:54.928383]  -> wl_registry#2.global(28, "zwlr_screencopy_manager_v1", 3)
[07:48:54.928386]  -> wl_registry#2.global(29, "ext_image_copy_capture_manager_v1", 1)
[07:48:54.928389]  -> wl_registry#2.global(30, "ext_output_image_capture_source_manager_v1", 1)
[07:48:54.928414]  -> wl_registry#2.global(38, "ext_foreign_toplevel_image_capture_source_manager_v1", 1)
[07:48:54.928637] wl_registry#2.bind(28, "zwlr_screencopy_manager_v1", 3, new id [unknown]#5)
[07:48:54.928730] zwlr_screencopy_manager_v1#5.capture_output(new id zwlr_screencopy_frame_v1#9, 0, wl_output#8)
[07:48:54.928741]  -> zwlr_screencopy_frame_v1#9.buffer(1, 1920, 1080, 7680)
[07:48:54.928744]  -> zwlr_screencopy_frame_v1#9.buffer_done()
[07:48:54.928790] zwlr_screencopy_frame_v1#9.copy(wl_buffer#11)
[07:48:54.932803]  -> zwlr_screencopy_frame_v1#9.flags(0)
[07:48:54.932826]  -> zwlr_screencopy_frame_v1#9.ready(0, 318118, 905550774)
[07:48:54.947567] zwlr_screencopy_frame_v1#9.destroy()
[07:48:55.517992]  -> wl_registry#2.global(28, "zwlr_screencopy_manager_v1", 3)
[07:48:55.517994]  -> wl_registry#2.global(29, "ext_image_copy_capture_manager_v1", 1)
[07:48:55.517996]  -> wl_registry#2.global(30, "ext_output_image_capture_source_manager_v1", 1)
[07:48:55.518012]  -> wl_registry#2.global(38, "ext_foreign_toplevel_image_capture_source_manager_v1", 1)
[07:48:55.518179] wl_registry#2.bind(28, "zwlr_screencopy_manager_v1", 3, new id [unknown]#5)
[07:48:55.544754]  -> wl_registry#2.global(28, "zwlr_screencopy_manager_v1", 3)
[07:48:55.544756]  -> wl_registry#2.global(29, "ext_image_copy_capture_manager_v1", 1)
[07:48:55.544758]  -> wl_registry#2.global(30, "ext_output_image_capture_source_manager_v1", 1)
[07:48:55.544775]  -> wl_registry#2.global(38, "ext_foreign_toplevel_image_capture_source_manager_v1", 1)
[07:48:55.544922] wl_registry#2.bind(28, "zwlr_screencopy_manager_v1", 3, new id [unknown]#5)
[07:48:55.544992] zwlr_screencopy_manager_v1#5.capture_output(new id zwlr_screencopy_frame_v1#9, 0, wl_output#8)
[07:48:55.544999]  -> zwlr_screencopy_frame_v1#9.buffer(1, 1920, 1080, 7680)
[07:48:55.545002]  -> zwlr_screencopy_frame_v1#9.buffer_done()
[07:48:55.545046] zwlr_screencopy_frame_v1#9.copy(wl_buffer#11)
[07:48:55.547718]  -> zwlr_screencopy_frame_v1#9.flags(0)
[07:48:55.547727]  -> zwlr_screencopy_frame_v1#9.ready(0, 318119, 521806211)
[07:48:55.559020] zwlr_screencopy_frame_v1#9.destroy()
[07:48:55.818680]  -> wl_registry#2.global(28, "zwlr_screencopy_manager_v1", 3)
[07:48:55.818681]  -> wl_registry#2.global(29, "ext_image_copy_capture_manager_v1", 1)
[07:48:55.818683]  -> wl_registry#2.global(30, "ext_output_image_capture_source_manager_v1", 1)
[07:48:55.818699]  -> wl_registry#2.global(38, "ext_foreign_toplevel_image_capture_source_manager_v1", 1)
[07:48:55.818940] wl_registry#2.bind(28, "zwlr_screencopy_manager_v1", 3, new id [unknown]#5)
[07:48:55.956329]  -> wl_registry#2.global(28, "zwlr_screencopy_manager_v1", 3)
[07:48:55.956331]  -> wl_registry#2.global(29, "ext_image_copy_capture_manager_v1", 1)
[07:48:55.956333]  -> wl_registry#2.global(30, "ext_output_image_capture_source_manager_v1", 1)
[07:48:55.956349]  -> wl_registry#2.global(38, "ext_foreign_toplevel_image_capture_source_manager_v1", 1)
[07:48:55.956578] wl_registry#2.bind(28, "zwlr_screencopy_manager_v1", 3, new id [unknown]#5)
[07:48:56.072989]  -> wl_registry#2.global(28, "zwlr_screencopy_manager_v1", 3)
[07:48:56.072991]  -> wl_registry#2.global(29, "ext_image_copy_capture_manager_v1", 1)
[07:48:56.072993]  -> wl_registry#2.global(30, "ext_output_image_capture_source_manager_v1", 1)
[07:48:56.073010]  -> wl_registry#2.global(38, "ext_foreign_toplevel_image_capture_source_manager_v1", 1)
[07:48:56.073169] wl_registry#2.bind(28, "zwlr_screencopy_manager_v1", 3, new id [unknown]#5)
[07:48:56.099099]  -> wl_registry#2.global(28, "zwlr_screencopy_manager_v1", 3)
[07:48:56.099101]  -> wl_registry#2.global(29, "ext_image_copy_capture_manager_v1", 1)
[07:48:56.099104]  -> wl_registry#2.global(30, "ext_output_image_capture_source_manager_v1", 1)
[07:48:56.099130]  -> wl_registry#2.global(38, "ext_foreign_toplevel_image_capture_source_manager_v1", 1)
[07:48:56.099367] wl_registry#2.bind(28, "zwlr_screencopy_manager_v1", 3, new id [unknown]#5)
[07:48:56.099488] zwlr_screencopy_manager_v1#5.capture_output(new id zwlr_screencopy_frame_v1#9, 0, wl_output#8)
[07:48:56.099504]  -> zwlr_screencopy_frame_v1#9.buffer(1, 1920, 1080, 7680)
[07:48:56.099507]  -> zwlr_screencopy_frame_v1#9.buffer_done()
[07:48:56.099601] zwlr_screencopy_frame_v1#9.copy(wl_buffer#11)
[07:48:56.102295]  -> zwlr_screencopy_frame_v1#9.flags(0)
[07:48:56.102306]  -> zwlr_screencopy_frame_v1#9.ready(0, 318120, 76376530)
[07:48:56.113675] zwlr_screencopy_frame_v1#9.destroy()
[07:48:56.675359]  -> wl_registry#2.global(28, "zwlr_screencopy_manager_v1", 3)
[07:48:56.675361]  -> wl_registry#2.global(29, "ext_image_copy_capture_manager_v1", 1)
[07:48:56.675363]  -> wl_registry#2.global(30, "ext_output_image_capture_source_manager_v1", 1)
[07:48:56.675381]  -> wl_registry#2.global(38, "ext_foreign_toplevel_image_capture_source_manager_v1", 1)
[07:48:56.675540] wl_registry#2.bind(28, "zwlr_screencopy_manager_v1", 3, new id [unknown]#5)
[07:48:56.700490]  -> wl_registry#2.global(28, "zwlr_screencopy_manager_v1", 3)
[07:48:56.700492]  -> wl_registry#2.global(29, "ext_image_copy_capture_manager_v1", 1)
[07:48:56.700498]  -> wl_registry#2.global(30, "ext_output_image_capture_source_manager_v1", 1)
[07:48:56.700519]  -> wl_registry#2.global(38, "ext_foreign_toplevel_image_capture_source_manager_v1", 1)
[07:48:56.700663] wl_registry#2.bind(28, "zwlr_screencopy_manager_v1", 3, new id [unknown]#5)
[07:48:56.700738] zwlr_screencopy_manager_v1#5.capture_output(new id zwlr_screencopy_frame_v1#9, 0, wl_output#8)
[07:48:56.700746]  -> zwlr_screencopy_frame_v1#9.buffer(1, 1920, 1080, 7680)
[07:48:56.700748]  -> zwlr_screencopy_frame_v1#9.buffer_done()
[07:48:56.700798] zwlr_screencopy_frame_v1#9.copy(wl_buffer#11)
[07:48:56.703559]  -> zwlr_screencopy_frame_v1#9.flags(0)
[07:48:56.703568]  -> zwlr_screencopy_frame_v1#9.ready(0, 318120, 677558067)
[07:48:56.714289] zwlr_screencopy_frame_v1#9.destroy()
[07:48:56.977216]  -> wl_registry#2.global(28, "zwlr_screencopy_manager_v1", 3)
[07:48:56.977218]  -> wl_registry#2.global(29, "ext_image_copy_capture_manager_v1", 1)
[07:48:56.977220]  -> wl_registry#2.global(30, "ext_output_image_capture_source_manager_v1", 1)
[07:48:56.977237]  -> wl_registry#2.global(38, "ext_foreign_toplevel_image_capture_source_manager_v1", 1)
[07:48:56.977401] wl_registry#2.bind(28, "zwlr_screencopy_manager_v1", 3, new id [unknown]#5)
[07:48:56.995990]  -> wl_registry#2.global(28, "zwlr_screencopy_manager_v1", 3)
[07:48:56.995991]  -> wl_registry#2.global(29, "ext_image_copy_capture_manager_v1", 1)
[07:48:56.995993]  -> wl_registry#2.global(30, "ext_output_image_capture_source_manager_v1", 1)
[07:48:56.996017]  -> wl_registry#2.global(38, "ext_foreign_toplevel_image_capture_source_manager_v1", 1)
[07:48:56.996157] wl_registry#2.bind(28, "zwlr_screencopy_manager_v1", 3, new id [unknown]#5)
[07:48:56.996229] zwlr_screencopy_manager_v1#5.capture_output(new id zwlr_screencopy_frame_v1#9, 0, wl_output#8)
[07:48:56.996237]  -> zwlr_screencopy_frame_v1#9.buffer(1, 1920, 1080, 7680)
[07:48:56.996239]  -> zwlr_screencopy_frame_v1#9.buffer_done()
[07:48:56.996289] zwlr_screencopy_frame_v1#9.copy(wl_buffer#11)
[07:48:56.999167]  -> zwlr_screencopy_frame_v1#9.flags(0)
[07:48:56.999177]  -> zwlr_screencopy_frame_v1#9.ready(0, 318120, 973048630)
[07:48:57.011098] zwlr_screencopy_frame_v1#9.destroy()
[07:48:57.265466]  -> wl_registry#2.global(28, "zwlr_screencopy_manager_v1", 3)
[07:48:57.265468]  -> wl_registry#2.global(29, "ext_image_copy_capture_manager_v1", 1)
[07:48:57.265469]  -> wl_registry#2.global(30, "ext_output_image_capture_source_manager_v1", 1)
[07:48:57.265496]  -> wl_registry#2.global(38, "ext_foreign_toplevel_image_capture_source_manager_v1", 1)
[07:48:57.265642] wl_registry#2.bind(28, "zwlr_screencopy_manager_v1", 3, new id [unknown]#5)
[07:48:57.404593]  -> wl_registry#2.global(28, "zwlr_screencopy_manager_v1", 3)
[07:48:57.404595]  -> wl_registry#2.global(29, "ext_image_copy_capture_manager_v1", 1)
[07:48:57.404597]  -> wl_registry#2.global(30, "ext_output_image_capture_source_manager_v1", 1)
[07:48:57.404614]  -> wl_registry#2.global(38, "ext_foreign_toplevel_image_capture_source_manager_v1", 1)
[07:48:57.404794] wl_registry#2.bind(28, "zwlr_screencopy_manager_v1", 3, new id [unknown]#5)
[07:48:57.434468]  -> wl_registry#2.global(28, "zwlr_screencopy_manager_v1", 3)
[07:48:57.434470]  -> wl_registry#2.global(29, "ext_image_copy_capture_manager_v1", 1)
[07:48:57.434473]  -> wl_registry#2.global(30, "ext_output_image_capture_source_manager_v1", 1)
[07:48:57.434489]  -> wl_registry#2.global(38, "ext_foreign_toplevel_image_capture_source_manager_v1", 1)
[07:48:57.434678] wl_registry#2.bind(28, "zwlr_screencopy_manager_v1", 3, new id [unknown]#5)
[07:48:57.434765] zwlr_screencopy_manager_v1#5.capture_output(new id zwlr_screencopy_frame_v1#9, 0, wl_output#8)
[07:48:57.434776]  -> zwlr_screencopy_frame_v1#9.buffer(1, 1920, 1080, 7680)
[07:48:57.434779]  -> zwlr_screencopy_frame_v1#9.buffer_done()
[07:48:57.434865] zwlr_screencopy_frame_v1#9.copy(wl_buffer#11)
[07:48:57.438659]  -> zwlr_screencopy_frame_v1#9.flags(0)
[07:48:57.438687]  -> zwlr_screencopy_frame_v1#9.ready(0, 318121, 411638706)
[07:48:57.454164] zwlr_screencopy_frame_v1#9.destroy()
[07:48:58.039526]  -> wl_registry#2.global(28, "zwlr_screencopy_manager_v1", 3)
[07:48:58.039528]  -> wl_registry#2.global(29, "ext_image_copy_capture_manager_v1", 1)
[07:48:58.039529]  -> wl_registry#2.global(30, "ext_output_image_capture_source_manager_v1", 1)
[07:48:58.039546]  -> wl_registry#2.global(38, "ext_foreign_toplevel_image_capture_source_manager_v1", 1)
[07:48:58.039735] wl_registry#2.bind(28, "zwlr_screencopy_manager_v1", 3, new id [unknown]#5)
[07:48:58.071407]  -> wl_registry#2.global(28, "zwlr_screencopy_manager_v1", 3)
[07:48:58.071409]  -> wl_registry#2.global(29, "ext_image_copy_capture_manager_v1", 1)
[07:48:58.071411]  -> wl_registry#2.global(30, "ext_output_image_capture_source_manager_v1", 1)
[07:48:58.071429]  -> wl_registry#2.global(38, "ext_foreign_toplevel_image_capture_source_manager_v1", 1)
[07:48:58.071623] wl_registry#2.bind(28, "zwlr_screencopy_manager_v1", 3, new id [unknown]#5)
[07:48:58.071713] zwlr_screencopy_manager_v1#5.capture_output(new id zwlr_screencopy_frame_v1#9, 0, wl_output#8)
[07:48:58.071726]  -> zwlr_screencopy_frame_v1#9.buffer(1, 1920, 1080, 7680)
[07:48:58.071729]  -> zwlr_screencopy_frame_v1#9.buffer_done()
[07:48:58.071797] zwlr_screencopy_frame_v1#9.copy(wl_buffer#11)
[07:48:58.076669]  -> zwlr_screencopy_frame_v1#9.flags(0)
[07:48:58.076694]  -> zwlr_screencopy_frame_v1#9.ready(0, 318122, 48571895)
[07:48:58.091624] zwlr_screencopy_frame_v1#9.destroy()
[07:48:58.366112]  -> wl_registry#2.global(28, "zwlr_screencopy_manager_v1", 3)
[07:48:58.366114]  -> wl_registry#2.global(29, "ext_image_copy_capture_manager_v1", 1)
[07:48:58.366116]  -> wl_registry#2.global(30, "ext_output_image_capture_source_manager_v1", 1)
[07:48:58.366133]  -> wl_registry#2.global(38, "ext_foreign_toplevel_image_capture_source_manager_v1", 1)
[07:48:58.366414] wl_registry#2.bind(28, "zwlr_screencopy_manager_v1", 3, new id [unknown]#5)
[07:48:58.386606]  -> wl_registry#2.global(28, "zwlr_screencopy_manager_v1", 3)
[07:48:58.386610]  -> wl_registry#2.global(29, "ext_image_copy_capture_manager_v1", 1)
[07:48:58.386613]  -> wl_registry#2.global(30, "ext_output_image_capture_source_manager_v1", 1)
[07:48:58.386640]  -> wl_registry#2.global(38, "ext_foreign_toplevel_image_capture_source_manager_v1", 1)
[07:48:58.386869] wl_registry#2.bind(28, "zwlr_screencopy_manager_v1", 3, new id [unknown]#5)
[07:48:58.386973] zwlr_screencopy_manager_v1#5.capture_output(new id zwlr_screencopy_frame_v1#9, 0, wl_output#8)
[07:48:58.386986]  -> zwlr_screencopy_frame_v1#9.buffer(1, 1920, 1080, 7680)
[07:48:58.386990]  -> zwlr_screencopy_frame_v1#9.buffer_done()
[07:48:58.387056] zwlr_screencopy_frame_v1#9.copy(wl_buffer#11)
[07:48:58.390679]  -> zwlr_screencopy_frame_v1#9.flags(0)
[07:48:58.390694]  -> zwlr_screencopy_frame_v1#9.ready(0, 318122, 363831060)
[07:48:58.402219] zwlr_screencopy_frame_v1#9.destroy()
[07:48:58.687208]  -> wl_registry#2.global(28, "zwlr_screencopy_manager_v1", 3)
[07:48:58.687210]  -> wl_registry#2.global(29, "ext_image_copy_capture_manager_v1", 1)
[07:48:58.687212]  -> wl_registry#2.global(30, "ext_output_image_capture_source_manager_v1", 1)
[07:48:58.687228]  -> wl_registry#2.global(38, "ext_foreign_toplevel_image_capture_source_manager_v1", 1)
[07:48:58.687394] wl_registry#2.bind(28, "zwlr_screencopy_manager_v1", 3, new id [unknown]#5)
[07:48:58.831911]  -> wl_registry#2.global(28, "zwlr_screencopy_manager_v1", 3)
[07:48:58.831913]  -> wl_registry#2.global(29, "ext_image_copy_capture_manager_v1", 1)
[07:48:58.831916]  -> wl_registry#2.global(30, "ext_output_image_capture_source_manager_v1", 1)
[07:48:58.831933]  -> wl_registry#2.global(38, "ext_foreign_toplevel_image_capture_source_manager_v1", 1)
[07:48:58.832093] wl_registry#2.bind(28, "zwlr_screencopy_manager_v1", 3, new id [unknown]#5)
[07:48:58.862108]  -> wl_registry#2.global(28, "zwlr_screencopy_manager_v1", 3)
[07:48:58.862111]  -> wl_registry#2.global(29, "ext_image_copy_capture_manager_v1", 1)
[07:48:58.862113]  -> wl_registry#2.global(30, "ext_output_image_capture_source_manager_v1", 1)
[07:48:58.862130]  -> wl_registry#2.global(38, "ext_foreign_toplevel_image_capture_source_manager_v1", 1)
[07:48:58.862313] wl_registry#2.bind(28, "zwlr_screencopy_manager_v1", 3, new id [unknown]#5)
[07:48:58.862443] zwlr_screencopy_manager_v1#5.capture_output(new id zwlr_screencopy_frame_v1#9, 0, wl_output#8)
[07:48:58.862457]  -> zwlr_screencopy_frame_v1#9.buffer(1, 1920, 1080, 7680)
[07:48:58.862459]  -> zwlr_screencopy_frame_v1#9.buffer_done()
[07:48:58.862569] zwlr_screencopy_frame_v1#9.copy(wl_buffer#11)
[07:48:58.866661]  -> zwlr_screencopy_frame_v1#9.flags(0)
[07:48:58.866678]  -> zwlr_screencopy_frame_v1#9.ready(0, 318122, 839352150)
[07:48:58.879212] zwlr_screencopy_frame_v1#9.destroy()
[07:48:59.464199]  -> wl_registry#2.global(28, "zwlr_screencopy_manager_v1", 3)
[07:48:59.464201]  -> wl_registry#2.global(29, "ext_image_copy_capture_manager_v1", 1)
[07:48:59.464203]  -> wl_registry#2.global(30, "ext_output_image_capture_source_manager_v1", 1)
[07:48:59.464220]  -> wl_registry#2.global(38, "ext_foreign_toplevel_image_capture_source_manager_v1", 1)
[07:48:59.464444] wl_registry#2.bind(28, "zwlr_screencopy_manager_v1", 3, new id [unknown]#5)
[07:48:59.493952]  -> wl_registry#2.global(28, "zwlr_screencopy_manager_v1", 3)
[07:48:59.493964]  -> wl_registry#2.global(29, "ext_image_copy_capture_manager_v1", 1)
[07:48:59.493968]  -> wl_registry#2.global(30, "ext_output_image_capture_source_manager_v1", 1)
[07:48:59.493995]  -> wl_registry#2.global(38, "ext_foreign_toplevel_image_capture_source_manager_v1", 1)
[07:48:59.494207] wl_registry#2.bind(28, "zwlr_screencopy_manager_v1", 3, new id [unknown]#5)
[07:48:59.494366] zwlr_screencopy_manager_v1#5.capture_output(new id zwlr_screencopy_frame_v1#9, 0, wl_output#8)
[07:48:59.494381]  -> zwlr_screencopy_frame_v1#9.buffer(1, 1920, 1080, 7680)
[07:48:59.494386]  -> zwlr_screencopy_frame_v1#9.buffer_done()
[07:48:59.494506] zwlr_screencopy_frame_v1#9.copy(wl_buffer#11)
[07:48:59.499850]  -> zwlr_screencopy_frame_v1#9.flags(0)
[07:48:59.499870]  -> zwlr_screencopy_frame_v1#9.ready(0, 318123, 471298012)
[07:48:59.513385] zwlr_screencopy_frame_v1#9.destroy()
[07:48:59.782411]  -> wl_registry#2.global(28, "zwlr_screencopy_manager_v1", 3)
[07:48:59.782415]  -> wl_registry#2.global(29, "ext_image_copy_capture_manager_v1", 1)
[07:48:59.782418]  -> wl_registry#2.global(30, "ext_output_image_capture_source_manager_v1", 1)
[07:48:59.782447]  -> wl_registry#2.global(38, "ext_foreign_toplevel_image_capture_source_manager_v1", 1)
[07:48:59.782700] wl_registry#2.bind(28, "zwlr_screencopy_manager_v1", 3, new id [unknown]#5)
[07:48:59.801853]  -> wl_registry#2.global(28, "zwlr_screencopy_manager_v1", 3)
[07:48:59.801855]  -> wl_registry#2.global(29, "ext_image_copy_capture_manager_v1", 1)
[07:48:59.801857]  -> wl_registry#2.global(30, "ext_output_image_capture_source_manager_v1", 1)
[07:48:59.801882]  -> wl_registry#2.global(38, "ext_foreign_toplevel_image_capture_source_manager_v1", 1)
[07:48:59.802069] wl_registry#2.bind(28, "zwlr_screencopy_manager_v1", 3, new id [unknown]#5)
[07:48:59.802148] zwlr_screencopy_manager_v1#5.capture_output(new id zwlr_screencopy_frame_v1#9, 0, wl_output#8)
[07:48:59.802155]  -> zwlr_screencopy_frame_v1#9.buffer(1, 1920, 1080, 7680)
[07:48:59.802158]  -> zwlr_screencopy_frame_v1#9.buffer_done()
[07:48:59.802205] zwlr_screencopy_frame_v1#9.copy(wl_buffer#11)
[07:48:59.805795]  -> zwlr_screencopy_frame_v1#9.flags(0)
[07:48:59.805807]  -> zwlr_screencopy_frame_v1#9.ready(0, 318123, 778965322)
[07:48:59.818558] zwlr_screencopy_frame_v1#9.destroy()
[07:49:00.083480]  -> wl_registry#2.global(28, "zwlr_screencopy_manager_v1", 3)
[07:49:00.083486]  -> wl_registry#2.global(29, "ext_image_copy_capture_manager_v1", 1)
[07:49:00.083492]  -> wl_registry#2.global(30, "ext_output_image_capture_source_manager_v1", 1)
[07:49:00.083508]  -> wl_registry#2.global(38, "ext_foreign_toplevel_image_capture_source_manager_v1", 1)
[07:49:00.083668] wl_registry#2.bind(28, "zwlr_screencopy_manager_v1", 3, new id [unknown]#5)
[07:49:00.224726]  -> wl_registry#2.global(28, "zwlr_screencopy_manager_v1", 3)
[07:49:00.224728]  -> wl_registry#2.global(29, "ext_image_copy_capture_manager_v1", 1)
[07:49:00.224730]  -> wl_registry#2.global(30, "ext_output_image_capture_source_manager_v1", 1)
[07:49:00.224750]  -> wl_registry#2.global(38, "ext_foreign_toplevel_image_capture_source_manager_v1", 1)
[07:49:00.224913] wl_registry#2.bind(28, "zwlr_screencopy_manager_v1", 3, new id [unknown]#5)
[07:49:00.651920]  -> wl_registry#2.global(28, "zwlr_screencopy_manager_v1", 3)
[07:49:00.651922]  -> wl_registry#2.global(29, "ext_image_copy_capture_manager_v1", 1)
[07:49:00.651924]  -> wl_registry#2.global(30, "ext_output_image_capture_source_manager_v1", 1)
[07:49:00.651941]  -> wl_registry#2.global(38, "ext_foreign_toplevel_image_capture_source_manager_v1", 1)
[07:49:00.652097] wl_registry#2.bind(28, "zwlr_screencopy_manager_v1", 3, new id [unknown]#5)
[07:49:00.679640]  -> wl_registry#2.global(28, "zwlr_screencopy_manager_v1", 3)
[07:49:00.679643]  -> wl_registry#2.global(29, "ext_image_copy_capture_manager_v1", 1)
[07:49:00.679647]  -> wl_registry#2.global(30, "ext_output_image_capture_source_manager_v1", 1)
[07:49:00.679676]  -> wl_registry#2.global(38, "ext_foreign_toplevel_image_capture_source_manager_v1", 1)
[07:49:00.679875] wl_registry#2.bind(28, "zwlr_screencopy_manager_v1", 3, new id [unknown]#5)
[07:49:00.679964] zwlr_screencopy_manager_v1#5.capture_output(new id zwlr_screencopy_frame_v1#9, 0, wl_output#8)
[07:49:00.679975]  -> zwlr_screencopy_frame_v1#9.buffer(1, 1920, 1080, 7680)
[07:49:00.679978]  -> zwlr_screencopy_frame_v1#9.buffer_done()
[07:49:00.680034] zwlr_screencopy_frame_v1#9.copy(wl_buffer#11)
[07:49:00.683280]  -> zwlr_screencopy_frame_v1#9.flags(0)
[07:49:00.683290]  -> zwlr_screencopy_frame_v1#9.ready(0, 318124, 656803889)
[07:49:00.695233] zwlr_screencopy_frame_v1#9.destroy()
[07:49:00.954394]  -> wl_registry#2.global(28, "zwlr_screencopy_manager_v1", 3)
[07:49:00.954397]  -> wl_registry#2.global(29, "ext_image_copy_capture_manager_v1", 1)
[07:49:00.954401]  -> wl_registry#2.global(30, "ext_output_image_capture_source_manager_v1", 1)
[07:49:00.954430]  -> wl_registry#2.global(38, "ext_foreign_toplevel_image_capture_source_manager_v1", 1)
[07:49:00.954613] wl_registry#2.bind(28, "zwlr_screencopy_manager_v1", 3, new id [unknown]#5)
[07:49:00.972981]  -> wl_registry#2.global(28, "zwlr_screencopy_manager_v1", 3)
[07:49:00.972983]  -> wl_registry#2.global(29, "ext_image_copy_capture_manager_v1", 1)
[07:49:00.972985]  -> wl_registry#2.global(30, "ext_output_image_capture_source_manager_v1", 1)
[07:49:00.973002]  -> wl_registry#2.global(38, "ext_foreign_toplevel_image_capture_source_manager_v1", 1)
[07:49:00.973168] wl_registry#2.bind(28, "zwlr_screencopy_manager_v1", 3, new id [unknown]#5)
[07:49:00.973242] zwlr_screencopy_manager_v1#5.capture_output(new id zwlr_screencopy_frame_v1#9, 0, wl_output#8)
[07:49:00.973250]  -> zwlr_screencopy_frame_v1#9.buffer(1, 1920, 1080, 7680)
[07:49:00.973252]  -> zwlr_screencopy_frame_v1#9.buffer_done()
[07:49:00.973301] zwlr_screencopy_frame_v1#9.copy(wl_buffer#11)
[07:49:00.976387]  -> zwlr_screencopy_frame_v1#9.flags(0)
[07:49:00.976401]  -> zwlr_screencopy_frame_v1#9.ready(0, 318124, 950061401)
[07:49:00.987462] zwlr_screencopy_frame_v1#9.destroy()
[07:49:01.246166]  -> wl_registry#2.global(28, "zwlr_screencopy_manager_v1", 3)
[07:49:01.246168]  -> wl_registry#2.global(29, "ext_image_copy_capture_manager_v1", 1)
[07:49:01.246170]  -> wl_registry#2.global(30, "ext_output_image_capture_source_manager_v1", 1)
[07:49:01.246186]  -> wl_registry#2.global(38, "ext_foreign_toplevel_image_capture_source_manager_v1", 1)
[07:49:01.246359] wl_registry#2.bind(28, "zwlr_screencopy_manager_v1", 3, new id [unknown]#5)
[07:49:01.385922]  -> wl_registry#2.global(28, "zwlr_screencopy_manager_v1", 3)
[07:49:01.385924]  -> wl_registry#2.global(29, "ext_image_copy_capture_manager_v1", 1)
[07:49:01.385926]  -> wl_registry#2.global(30, "ext_output_image_capture_source_manager_v1", 1)
[07:49:01.385943]  -> wl_registry#2.global(38, "ext_foreign_toplevel_image_capture_source_manager_v1", 1)
[07:49:01.386122] wl_registry#2.bind(28, "zwlr_screencopy_manager_v1", 3, new id [unknown]#5)
[07:49:01.503072]  -> wl_registry#2.global(28, "zwlr_screencopy_manager_v1", 3)
[07:49:01.503074]  -> wl_registry#2.global(29, "ext_image_copy_capture_manager_v1", 1)
[07:49:01.503076]  -> wl_registry#2.global(30, "ext_output_image_capture_source_manager_v1", 1)
[07:49:01.503092]  -> wl_registry#2.global(38, "ext_foreign_toplevel_image_capture_source_manager_v1", 1)
[07:49:01.503247] wl_registry#2.bind(28, "zwlr_screencopy_manager_v1", 3, new id [unknown]#5)
[07:49:01.529228]  -> wl_registry#2.global(28, "zwlr_screencopy_manager_v1", 3)
[07:49:01.529230]  -> wl_registry#2.global(29, "ext_image_copy_capture_manager_v1", 1)
[07:49:01.529232]  -> wl_registry#2.global(30, "ext_output_image_capture_source_manager_v1", 1)
[07:49:01.529256]  -> wl_registry#2.global(38, "ext_foreign_toplevel_image_capture_source_manager_v1", 1)
[07:49:01.529438] wl_registry#2.bind(28, "zwlr_screencopy_manager_v1", 3, new id [unknown]#5)
[07:49:01.529543] zwlr_screencopy_manager_v1#5.capture_output(new id zwlr_screencopy_frame_v1#9, 0, wl_output#8)
[07:49:01.529555]  -> zwlr_screencopy_frame_v1#9.buffer(1, 1920, 1080, 7680)
[07:49:01.529559]  -> zwlr_screencopy_frame_v1#9.buffer_done()
[07:49:01.529620] zwlr_screencopy_frame_v1#9.copy(wl_buffer#11)
[07:49:01.532881]  -> zwlr_screencopy_frame_v1#9.flags(0)
[07:49:01.532892]  -> zwlr_screencopy_frame_v1#9.ready(0, 318125, 506392805)
[07:49:01.544806] zwlr_screencopy_frame_v1#9.destroy()
[07:49:02.012860]  -> wl_registry#2.global(28, "zwlr_screencopy_manager_v1", 3)
[07:49:02.012867]  -> wl_registry#2.global(29, "ext_image_copy_capture_manager_v1", 1)
[07:49:02.012869]  -> wl_registry#2.global(30, "ext_output_image_capture_source_manager_v1", 1)
[07:49:02.012885]  -> wl_registry#2.global(38, "ext_foreign_toplevel_image_capture_source_manager_v1", 1)
[07:49:02.013038] wl_registry#2.bind(28, "zwlr_screencopy_manager_v1", 3, new id [unknown]#5)
[07:49:02.039388]  -> wl_registry#2.global(28, "zwlr_screencopy_manager_v1", 3)
[07:49:02.039391]  -> wl_registry#2.global(29, "ext_image_copy_capture_manager_v1", 1)
[07:49:02.039394]  -> wl_registry#2.global(30, "ext_output_image_capture_source_manager_v1", 1)
[07:49:02.039432]  -> wl_registry#2.global(38, "ext_foreign_toplevel_image_capture_source_manager_v1", 1)
[07:49:02.039636] wl_registry#2.bind(28, "zwlr_screencopy_manager_v1", 3, new id [unknown]#5)
[07:49:02.039758] zwlr_screencopy_manager_v1#5.capture_output(new id zwlr_screencopy_frame_v1#9, 0, wl_output#8)
[07:49:02.039770]  -> zwlr_screencopy_frame_v1#9.buffer(1, 1920, 1080, 7680)
[07:49:02.039774]  -> zwlr_screencopy_frame_v1#9.buffer_done()
[07:49:02.039858] zwlr_screencopy_frame_v1#9.copy(wl_buffer#11)
[07:49:02.042596]  -> zwlr_screencopy_frame_v1#9.flags(0)
[07:49:02.042607]  -> zwlr_screencopy_frame_v1#9.ready(0, 318126, 16624100)
[07:49:02.054145] zwlr_screencopy_frame_v1#9.destroy()
[07:49:02.314464]  -> wl_registry#2.global(28, "zwlr_screencopy_manager_v1", 3)
[07:49:02.314466]  -> wl_registry#2.global(29, "ext_image_copy_capture_manager_v1", 1)
[07:49:02.314468]  -> wl_registry#2.global(30, "ext_output_image_capture_source_manager_v1", 1)
[07:49:02.314495]  -> wl_registry#2.global(38, "ext_foreign_toplevel_image_capture_source_manager_v1", 1)
[07:49:02.314649] wl_registry#2.bind(28, "zwlr_screencopy_manager_v1", 3, new id [unknown]#5)
[07:49:02.333103]  -> wl_registry#2.global(28, "zwlr_screencopy_manager_v1", 3)
[07:49:02.333105]  -> wl_registry#2.global(29, "ext_image_copy_capture_manager_v1", 1)
[07:49:02.333107]  -> wl_registry#2.global(30, "ext_output_image_capture_source_manager_v1", 1)
[07:49:02.333125]  -> wl_registry#2.global(38, "ext_foreign_toplevel_image_capture_source_manager_v1", 1)
[07:49:02.333301] wl_registry#2.bind(28, "zwlr_screencopy_manager_v1", 3, new id [unknown]#5)
[07:49:02.333381] zwlr_screencopy_manager_v1#5.capture_output(new id zwlr_screencopy_frame_v1#9, 0, wl_output#8)
[07:49:02.333389]  -> zwlr_screencopy_frame_v1#9.buffer(1, 1920, 1080, 7680)
[07:49:02.333392]  -> zwlr_screencopy_frame_v1#9.buffer_done()
[07:49:02.333445] zwlr_screencopy_frame_v1#9.copy(wl_buffer#11)
[07:49:02.336314]  -> zwlr_screencopy_frame_v1#9.flags(0)
[07:49:02.336326]  -> zwlr_screencopy_frame_v1#9.ready(0, 318126, 310208805)
[07:49:02.347797] zwlr_screencopy_frame_v1#9.destroy()
[07:49:02.605140]  -> wl_registry#2.global(28, "zwlr_screencopy_manager_v1", 3)
[07:49:02.605142]  -> wl_registry#2.global(29, "ext_image_copy_capture_manager_v1", 1)
[07:49:02.605144]  -> wl_registry#2.global(30, "ext_output_image_capture_source_manager_v1", 1)
[07:49:02.605163]  -> wl_registry#2.global(38, "ext_foreign_toplevel_image_capture_source_manager_v1", 1)
[07:49:02.605333] wl_registry#2.bind(28, "zwlr_screencopy_manager_v1", 3, new id [unknown]#5)
[07:49:02.750332]  -> wl_registry#2.global(28, "zwlr_screencopy_manager_v1", 3)
[07:49:02.750336]  -> wl_registry#2.global(29, "ext_image_copy_capture_manager_v1", 1)
[07:49:02.750339]  -> wl_registry#2.global(30, "ext_output_image_capture_source_manager_v1", 1)
[07:49:02.750375]  -> wl_registry#2.global(38, "ext_foreign_toplevel_image_capture_source_manager_v1", 1)
[07:49:02.750819] wl_registry#2.bind(28, "zwlr_screencopy_manager_v1", 3, new id [unknown]#5)
[07:49:02.876083]  -> wl_registry#2.global(28, "zwlr_screencopy_manager_v1", 3)
[07:49:02.876085]  -> wl_registry#2.global(29, "ext_image_copy_capture_manager_v1", 1)
[07:49:02.876087]  -> wl_registry#2.global(30, "ext_output_image_capture_source_manager_v1", 1)
[07:49:02.876103]  -> wl_registry#2.global(38, "ext_foreign_toplevel_image_capture_source_manager_v1", 1)
[07:49:02.876255] wl_registry#2.bind(28, "zwlr_screencopy_manager_v1", 3, new id [unknown]#5)
[07:49:02.902455]  -> wl_registry#2.global(28, "zwlr_screencopy_manager_v1", 3)
[07:49:02.902457]  -> wl_registry#2.global(29, "ext_image_copy_capture_manager_v1", 1)
[07:49:02.902460]  -> wl_registry#2.global(30, "ext_output_image_capture_source_manager_v1", 1)
[07:49:02.902476]  -> wl_registry#2.global(38, "ext_foreign_toplevel_image_capture_source_manager_v1", 1)
[07:49:02.902666] wl_registry#2.bind(28, "zwlr_screencopy_manager_v1", 3, new id [unknown]#5)
[07:49:02.902799] zwlr_screencopy_manager_v1#5.capture_output(new id zwlr_screencopy_frame_v1#9, 0, wl_output#8)
[07:49:02.902807]  -> zwlr_screencopy_frame_v1#9.buffer(1, 1920, 1080, 7680)
[07:49:02.902810]  -> zwlr_screencopy_frame_v1#9.buffer_done()
[07:49:02.902856] zwlr_screencopy_frame_v1#9.copy(wl_buffer#11)
[07:49:02.905501]  -> zwlr_screencopy_frame_v1#9.flags(0)
[07:49:02.905512]  -> zwlr_screencopy_frame_v1#9.ready(0, 318126, 879616767)
[07:49:02.916904] zwlr_screencopy_frame_v1#9.destroy()
[07:49:03.452382]  -> wl_registry#2.global(28, "zwlr_screencopy_manager_v1", 3)
[07:49:03.452386]  -> wl_registry#2.global(29, "ext_image_copy_capture_manager_v1", 1)
[07:49:03.452390]  -> wl_registry#2.global(30, "ext_output_image_capture_source_manager_v1", 1)
[07:49:03.452428]  -> wl_registry#2.global(38, "ext_foreign_toplevel_image_capture_source_manager_v1", 1)
[07:49:03.453631] wl_registry#2.bind(28, "zwlr_screencopy_manager_v1", 3, new id [unknown]#5)
[07:49:03.586291]  -> wl_registry#2.global(28, "zwlr_screencopy_manager_v1", 3)
[07:49:03.586293]  -> wl_registry#2.global(29, "ext_image_copy_capture_manager_v1", 1)
[07:49:03.586296]  -> wl_registry#2.global(30, "ext_output_image_capture_source_manager_v1", 1)
[07:49:03.586314]  -> wl_registry#2.global(38, "ext_foreign_toplevel_image_capture_source_manager_v1", 1)
[07:49:03.586569] wl_registry#2.bind(28, "zwlr_screencopy_manager_v1", 3, new id [unknown]#5)
[07:49:03.586673] zwlr_screencopy_manager_v1#5.capture_output(new id zwlr_screencopy_frame_v1#9, 0, wl_output#8)
[07:49:03.586682]  -> zwlr_screencopy_frame_v1#9.buffer(1, 1920, 1080, 7680)
[07:49:03.586685]  -> zwlr_screencopy_frame_v1#9.buffer_done()
[07:49:03.586735] zwlr_screencopy_frame_v1#9.copy(wl_buffer#11)
[07:49:03.589791]  -> zwlr_screencopy_frame_v1#9.flags(0)
[07:49:03.589806]  -> zwlr_screencopy_frame_v1#9.ready(0, 318127, 563497937)
[07:49:03.602870] zwlr_screencopy_frame_v1#9.destroy()
[07:49:03.870749]  -> wl_registry#2.global(28, "zwlr_screencopy_manager_v1", 3)
[07:49:03.870751]  -> wl_registry#2.global(29, "ext_image_copy_capture_manager_v1", 1)
[07:49:03.870753]  -> wl_registry#2.global(30, "ext_output_image_capture_source_manager_v1", 1)
[07:49:03.870770]  -> wl_registry#2.global(38, "ext_foreign_toplevel_image_capture_source_manager_v1", 1)
[07:49:03.870925] wl_registry#2.bind(28, "zwlr_screencopy_manager_v1", 3, new id [unknown]#5)
[07:49:03.889522]  -> wl_registry#2.global(28, "zwlr_screencopy_manager_v1", 3)
[07:49:03.889523]  -> wl_registry#2.global(29, "ext_image_copy_capture_manager_v1", 1)
[07:49:03.889525]  -> wl_registry#2.global(30, "ext_output_image_capture_source_manager_v1", 1)
[07:49:03.889542]  -> wl_registry#2.global(38, "ext_foreign_toplevel_image_capture_source_manager_v1", 1)
[07:49:03.889692] wl_registry#2.bind(28, "zwlr_screencopy_manager_v1", 3, new id [unknown]#5)
[07:49:03.889761] zwlr_screencopy_manager_v1#5.capture_output(new id zwlr_screencopy_frame_v1#9, 0, wl_output#8)
[07:49:03.889769]  -> zwlr_screencopy_frame_v1#9.buffer(1, 1920, 1080, 7680)
[07:49:03.889771]  -> zwlr_screencopy_frame_v1#9.buffer_done()
[07:49:03.889819] zwlr_screencopy_frame_v1#9.copy(wl_buffer#11)
[07:49:03.892663]  -> zwlr_screencopy_frame_v1#9.flags(0)
[07:49:03.892675]  -> zwlr_screencopy_frame_v1#9.ready(0, 318127, 866580727)
[07:49:03.903893] zwlr_screencopy_frame_v1#9.destroy()
[07:49:04.161918]  -> wl_registry#2.global(28, "zwlr_screencopy_manager_v1", 3)
[07:49:04.161922]  -> wl_registry#2.global(29, "ext_image_copy_capture_manager_v1", 1)
[07:49:04.161925]  -> wl_registry#2.global(30, "ext_output_image_capture_source_manager_v1", 1)
[07:49:04.161953]  -> wl_registry#2.global(38, "ext_foreign_toplevel_image_capture_source_manager_v1", 1)
[07:49:04.162188] wl_registry#2.bind(28, "zwlr_screencopy_manager_v1", 3, new id [unknown]#5)
[07:49:04.298883]  -> wl_registry#2.global(28, "zwlr_screencopy_manager_v1", 3)
[07:49:04.298888]  -> wl_registry#2.global(29, "ext_image_copy_capture_manager_v1", 1)
[07:49:04.298894]  -> wl_registry#2.global(30, "ext_output_image_capture_source_manager_v1", 1)
[07:49:04.298911]  -> wl_registry#2.global(38, "ext_foreign_toplevel_image_capture_source_manager_v1", 1)
[07:49:04.299061] wl_registry#2.bind(28, "zwlr_screencopy_manager_v1", 3, new id [unknown]#5)
[07:49:04.414945]  -> wl_registry#2.global(28, "zwlr_screencopy_manager_v1", 3)
[07:49:04.414947]  -> wl_registry#2.global(29, "ext_image_copy_capture_manager_v1", 1)
[07:49:04.414949]  -> wl_registry#2.global(30, "ext_output_image_capture_source_manager_v1", 1)
[07:49:04.414974]  -> wl_registry#2.global(38, "ext_foreign_toplevel_image_capture_source_manager_v1", 1)
[07:49:04.415123] wl_registry#2.bind(28, "zwlr_screencopy_manager_v1", 3, new id [unknown]#5)
[07:49:04.441678]  -> wl_registry#2.global(28, "zwlr_screencopy_manager_v1", 3)
[07:49:04.441680]  -> wl_registry#2.global(29, "ext_image_copy_capture_manager_v1", 1)
[07:49:04.441682]  -> wl_registry#2.global(30, "ext_output_image_capture_source_manager_v1", 1)
[07:49:04.441698]  -> wl_registry#2.global(38, "ext_foreign_toplevel_image_capture_source_manager_v1", 1)
[07:49:04.441850] wl_registry#2.bind(28, "zwlr_screencopy_manager_v1", 3, new id [unknown]#5)
[07:49:04.441919] zwlr_screencopy_manager_v1#5.capture_output(new id zwlr_screencopy_frame_v1#9, 0, wl_output#8)
[07:49:04.441927]  -> zwlr_screencopy_frame_v1#9.buffer(1, 1920, 1080, 7680)
[07:49:04.441929]  -> zwlr_screencopy_frame_v1#9.buffer_done()
[07:49:04.441976] zwlr_screencopy_frame_v1#9.copy(wl_buffer#11)
[07:49:04.444683]  -> zwlr_screencopy_frame_v1#9.flags(0)
[07:49:04.444693]  -> zwlr_screencopy_frame_v1#9.ready(0, 318128, 418747575)
[07:49:04.455851] zwlr_screencopy_frame_v1#9.destroy()
