[20:00:29.334763]  -> wl_registry#2.global(28, "zwlr_screencopy_manager_v1", 3)
[20:00:29.334765]  -> wl_registry#2.global(29, "ext_image_copy_capture_manager_v1", 1)
[20:00:29.334767]  -> wl_registry#2.global(30, "ext_output_image_capture_source_manager_v1", 1)
[20:00:29.334783]  -> wl_registry#2.global(38, "ext_foreign_toplevel_image_capture_source_manager_v1", 1)
[20:00:29.334942] wl_registry#2.bind(28, "zwlr_screencopy_manager_v1", 3, new id [unknown]#5)
[20:00:29.451967]  -> wl_registry#2.global(28, "zwlr_screencopy_manager_v1", 3)
[20:00:29.451972]  -> wl_registry#2.global(29, "ext_image_copy_capture_manager_v1", 1)
[20:00:29.451982]  -> wl_registry#2.global(30, "ext_output_image_capture_source_manager_v1", 1)
[20:00:29.452000]  -> wl_registry#2.global(38, "ext_foreign_toplevel_image_capture_source_manager_v1", 1)
[20:00:29.452148] wl_registry#2.bind(28, "zwlr_screencopy_manager_v1", 3, new id [unknown]#5)
[20:00:29.479955]  -> wl_registry#2.global(28, "zwlr_screencopy_manager_v1", 3)
[20:00:29.479957]  -> wl_registry#2.global(29, "ext_image_copy_capture_manager_v1", 1)
[20:00:29.479959]  -> wl_registry#2.global(30, "ext_output_image_capture_source_manager_v1", 1)
[20:00:29.479987]  -> wl_registry#2.global(38, "ext_foreign_toplevel_image_capture_source_manager_v1", 1)
[20:00:29.480133] wl_registry#2.bind(28, "zwlr_screencopy_manager_v1", 3, new id [unknown]#5)
[20:00:29.480210] zwlr_screencopy_manager_v1#5.capture_output(new id zwlr_screencopy_frame_v1#9, 0, wl_output#8)
[20:00:29.480218]  -> zwlr_screencopy_frame_v1#9.buffer(1, 1920, 1080, 7680)
[20:00:29.480221]  -> zwlr_screencopy_frame_v1#9.buffer_done()
[20:00:29.480280] zwlr_screencopy_frame_v1#9.copy(wl_buffer#11)
[20:00:29.483621]  -> zwlr_screencopy_frame_v1#9.flags(0)
[20:00:29.483636]  -> zwlr_screencopy_frame_v1#9.ready(0, 275613, 457043585)
[20:00:29.499124] zwlr_screencopy_frame_v1#9.destroy()
[20:00:29.878633]  -> wl_registry#2.global(28, "zwlr_screencopy_manager_v1", 3)
[20:00:29.878634]  -> wl_registry#2.global(29, "ext_image_copy_capture_manager_v1", 1)
[20:00:29.878636]  -> wl_registry#2.global(30, "ext_output_image_capture_source_manager_v1", 1)
[20:00:29.878663]  -> wl_registry#2.global(38, "ext_foreign_toplevel_image_capture_source_manager_v1", 1)
[20:00:29.878810] wl_registry#2.bind(28, "zwlr_screencopy_manager_v1", 3, new id [unknown]#5)
[20:00:29.907058]  -> wl_registry#2.global(28, "zwlr_screencopy_manager_v1", 3)
[20:00:29.907060]  -> wl_registry#2.global(29, "ext_image_copy_capture_manager_v1", 1)
[20:00:29.907063]  -> wl_registry#2.global(30, "ext_output_image_capture_source_manager_v1", 1)
[20:00:29.907079]  -> wl_registry#2.global(38, "ext_foreign_toplevel_image_capture_source_manager_v1", 1)
[20:00:29.907231] wl_registry#2.bind(28, "zwlr_screencopy_manager_v1", 3, new id [unknown]#5)
[20:00:29.907303] zwlr_screencopy_manager_v1#5.capture_output(new id zwlr_screencopy_frame_v1#9, 0, wl_output#8)
[20:00:29.907311]  -> zwlr_screencopy_frame_v1#9.buffer(1, 1920, 1080, 7680)
[20:00:29.907313]  -> zwlr_screencopy_frame_v1#9.buffer_done()
[20:00:29.907367] zwlr_screencopy_frame_v1#9.copy(wl_buffer#11)
[20:00:29.910530]  -> zwlr_screencopy_frame_v1#9.flags(0)
[20:00:29.910546]  -> zwlr_screencopy_frame_v1#9.ready(0, 275613, 884127924)
[20:00:29.921770] zwlr_screencopy_frame_v1#9.destroy()
[20:00:30.200155]  -> wl_registry#2.global(28, "zwlr_screencopy_manager_v1", 3)
[20:00:30.200158]  -> wl_registry#2.global(29, "ext_image_copy_capture_manager_v1", 1)
[20:00:30.200161]  -> wl_registry#2.global(30, "ext_output_image_capture_source_manager_v1", 1)
[20:00:30.200188]  -> wl_registry#2.global(38, "ext_foreign_toplevel_image_capture_source_manager_v1", 1)
[20:00:30.200420] wl_registry#2.bind(28, "zwlr_screencopy_manager_v1", 3, new id [unknown]#5)
[20:00:30.228933]  -> wl_registry#2.global(28, "zwlr_screencopy_manager_v1", 3)
[20:00:30.228935]  -> wl_registry#2.global(29, "ext_image_copy_capture_manager_v1", 1)
[20:00:30.228936]  -> wl_registry#2.global(30, "ext_output_image_capture_source_manager_v1", 1)
[20:00:30.228953]  -> wl_registry#2.global(38, "ext_foreign_toplevel_image_capture_source_manager_v1", 1)
[20:00:30.229106] wl_registry#2.bind(28, "zwlr_screencopy_manager_v1", 3, new id [unknown]#5)
[20:00:30.229174] zwlr_screencopy_manager_v1#5.capture_output(new id zwlr_screencopy_frame_v1#9, 0, wl_output#8)
[20:00:30.229182]  -> zwlr_screencopy_frame_v1#9.buffer(1, 1920, 1080, 7680)
[20:00:30.229184]  -> zwlr_screencopy_frame_v1#9.buffer_done()
[20:00:30.229233] zwlr_screencopy_frame_v1#9.copy(wl_buffer#11)
[20:00:30.232033]  -> zwlr_screencopy_frame_v1#9.flags(0)
[20:00:30.232041]  -> zwlr_screencopy_frame_v1#9.ready(0, 275614, 205997657)
[20:00:30.244232] zwlr_screencopy_frame_v1#9.destroy()
[20:00:30.555547]  -> wl_registry#2.global(28, "zwlr_screencopy_manager_v1", 3)
[20:00:30.555549]  -> wl_registry#2.global(29, "ext_image_copy_capture_manager_v1", 1)
[20:00:30.555551]  -> wl_registry#2.global(30, "ext_output_image_capture_source_manager_v1", 1)
[20:00:30.555568]  -> wl_registry#2.global(38, "ext_foreign_toplevel_image_capture_source_manager_v1", 1)
[20:00:30.555772] wl_registry#2.bind(28, "zwlr_screencopy_manager_v1", 3, new id [unknown]#5)
[20:00:30.583911]  -> wl_registry#2.global(28, "zwlr_screencopy_manager_v1", 3)
[20:00:30.583914]  -> wl_registry#2.global(29, "ext_image_copy_capture_manager_v1", 1)
[20:00:30.583916]  -> wl_registry#2.global(30, "ext_output_image_capture_source_manager_v1", 1)
[20:00:30.583931]  -> wl_registry#2.global(38, "ext_foreign_toplevel_image_capture_source_manager_v1", 1)
[20:00:30.584088] wl_registry#2.bind(28, "zwlr_screencopy_manager_v1", 3, new id [unknown]#5)
[20:00:30.584165] zwlr_screencopy_manager_v1#5.capture_output(new id zwlr_screencopy_frame_v1#9, 0, wl_output#8)
[20:00:30.584175]  -> zwlr_screencopy_frame_v1#9.buffer(1, 1920, 1080, 7680)
[20:00:30.584178]  -> zwlr_screencopy_frame_v1#9.buffer_done()
[20:00:30.584231] zwlr_screencopy_frame_v1#9.copy(wl_buffer#11)
[20:00:30.586880]  -> zwlr_screencopy_frame_v1#9.flags(0)
[20:00:30.586890]  -> zwlr_screencopy_frame_v1#9.ready(0, 275614, 560992794)
[20:00:30.598282] zwlr_screencopy_frame_v1#9.destroy()
[20:00:30.879063]  -> wl_registry#2.global(28, "zwlr_screencopy_manager_v1", 3)
[20:00:30.879065]  -> wl_registry#2.global(29, "ext_image_copy_capture_manager_v1", 1)
[20:00:30.879068]  -> wl_registry#2.global(30, "ext_output_image_capture_source_manager_v1", 1)
[20:00:30.879087]  -> wl_registry#2.global(38, "ext_foreign_toplevel_image_capture_source_manager_v1", 1)
[20:00:30.879285] wl_registry#2.bind(28, "zwlr_screencopy_manager_v1", 3, new id [unknown]#5)
[20:00:30.898978]  -> wl_registry#2.global(28, "zwlr_screencopy_manager_v1", 3)
[20:00:30.898981]  -> wl_registry#2.global(29, "ext_image_copy_capture_manager_v1", 1)
[20:00:30.898985]  -> wl_registry#2.global(30, "ext_output_image_capture_source_manager_v1", 1)
[20:00:30.899014]  -> wl_registry#2.global(38, "ext_foreign_toplevel_image_capture_source_manager_v1", 1)
[20:00:30.899240] wl_registry#2.bind(28, "zwlr_screencopy_manager_v1", 3, new id [unknown]#5)
[20:00:30.899360] zwlr_screencopy_manager_v1#5.capture_output(new id zwlr_screencopy_frame_v1#9, 0, wl_output#8)
[20:00:30.899375]  -> zwlr_screencopy_frame_v1#9.buffer(1, 1920, 1080, 7680)
[20:00:30.899379]  -> zwlr_screencopy_frame_v1#9.buffer_done()
[20:00:30.899459] zwlr_screencopy_frame_v1#9.copy(wl_buffer#11)
[20:00:30.903521]  -> zwlr_screencopy_frame_v1#9.flags(0)
[20:00:30.903534]  -> zwlr_screencopy_frame_v1#9.ready(0, 275614, 876236221)
[20:00:30.918324] zwlr_screencopy_frame_v1#9.destroy()
[20:00:31.224555]  -> wl_registry#2.global(28, "zwlr_screencopy_manager_v1", 3)
[20:00:31.224557]  -> wl_registry#2.global(29, "ext_image_copy_capture_manager_v1", 1)
[20:00:31.224559]  -> wl_registry#2.global(30, "ext_output_image_capture_source_manager_v1", 1)
[20:00:31.224575]  -> wl_registry#2.global(38, "ext_foreign_toplevel_image_capture_source_manager_v1", 1)
[20:00:31.224729] wl_registry#2.bind(28, "zwlr_screencopy_manager_v1", 3, new id [unknown]#5)
[20:00:31.364897]  -> wl_registry#2.global(28, "zwlr_screencopy_manager_v1", 3)
[20:00:31.364898]  -> wl_registry#2.global(29, "ext_image_copy_capture_manager_v1", 1)
[20:00:31.364901]  -> wl_registry#2.global(30, "ext_output_image_capture_source_manager_v1", 1)
[20:00:31.364917]  -> wl_registry#2.global(38, "ext_foreign_toplevel_image_capture_source_manager_v1", 1)
[20:00:31.365061] wl_registry#2.bind(28, "zwlr_screencopy_manager_v1", 3, new id [unknown]#5)
[20:00:31.390256]  -> wl_registry#2.global(28, "zwlr_screencopy_manager_v1", 3)
[20:00:31.390258]  -> wl_registry#2.global(29, "ext_image_copy_capture_manager_v1", 1)
[20:00:31.390260]  -> wl_registry#2.global(30, "ext_output_image_capture_source_manager_v1", 1)
[20:00:31.390279]  -> wl_registry#2.global(38, "ext_foreign_toplevel_image_capture_source_manager_v1", 1)
[20:00:31.390417] wl_registry#2.bind(28, "zwlr_screencopy_manager_v1", 3, new id [unknown]#5)
[20:00:31.390485] zwlr_screencopy_manager_v1#5.capture_output(new id zwlr_screencopy_frame_v1#9, 0, wl_output#8)
[20:00:31.390497]  -> zwlr_screencopy_frame_v1#9.buffer(1, 1920, 1080, 7680)
[20:00:31.390499]  -> zwlr_screencopy_frame_v1#9.buffer_done()
[20:00:31.390546] zwlr_screencopy_frame_v1#9.copy(wl_buffer#11)
[20:00:31.393690]  -> zwlr_screencopy_frame_v1#9.flags(0)
[20:00:31.393698]  -> zwlr_screencopy_frame_v1#9.ready(0, 275615, 367310728)
[20:00:31.404122] zwlr_screencopy_frame_v1#9.destroy()
[20:00:31.766301]  -> wl_registry#2.global(28, "zwlr_screencopy_manager_v1", 3)
[20:00:31.766303]  -> wl_registry#2.global(29, "ext_image_copy_capture_manager_v1", 1)
[20:00:31.766305]  -> wl_registry#2.global(30, "ext_output_image_capture_source_manager_v1", 1)
[20:00:31.766321]  -> wl_registry#2.global(38, "ext_foreign_toplevel_image_capture_source_manager_v1", 1)
[20:00:31.766517] wl_registry#2.bind(28, "zwlr_screencopy_manager_v1", 3, new id [unknown]#5)
[20:00:31.792308]  -> wl_registry#2.global(28, "zwlr_screencopy_manager_v1", 3)
[20:00:31.792310]  -> wl_registry#2.global(29, "ext_image_copy_capture_manager_v1", 1)
[20:00:31.792312]  -> wl_registry#2.global(30, "ext_output_image_capture_source_manager_v1", 1)
[20:00:31.792328]  -> wl_registry#2.global(38, "ext_foreign_toplevel_image_capture_source_manager_v1", 1)
[20:00:31.792509] wl_registry#2.bind(28, "zwlr_screencopy_manager_v1", 3, new id [unknown]#5)
[20:00:31.792614] zwlr_screencopy_manager_v1#5.capture_output(new id zwlr_screencopy_frame_v1#9, 0, wl_output#8)
[20:00:31.792628]  -> zwlr_screencopy_frame_v1#9.buffer(1, 1920, 1080, 7680)
[20:00:31.792630]  -> zwlr_screencopy_frame_v1#9.buffer_done()
[20:00:31.792719] zwlr_screencopy_frame_v1#9.copy(wl_buffer#11)
[20:00:31.796178]  -> zwlr_screencopy_frame_v1#9.flags(0)
[20:00:31.796194]  -> zwlr_screencopy_frame_v1#9.ready(0, 275615, 769501116)
[20:00:31.809714] zwlr_screencopy_frame_v1#9.destroy()
[20:00:32.068262]  -> wl_registry#2.global(28, "zwlr_screencopy_manager_v1", 3)
[20:00:32.068264]  -> wl_registry#2.global(29, "ext_image_copy_capture_manager_v1", 1)
[20:00:32.068269]  -> wl_registry#2.global(30, "ext_output_image_capture_source_manager_v1", 1)
[20:00:32.068284]  -> wl_registry#2.global(38, "ext_foreign_toplevel_image_capture_source_manager_v1", 1)
[20:00:32.068436] wl_registry#2.bind(28, "zwlr_screencopy_manager_v1", 3, new id [unknown]#5)
[20:00:32.093300]  -> wl_registry#2.global(28, "zwlr_screencopy_manager_v1", 3)
[20:00:32.093302]  -> wl_registry#2.global(29, "ext_image_copy_capture_manager_v1", 1)
[20:00:32.093304]  -> wl_registry#2.global(30, "ext_output_image_capture_source_manager_v1", 1)
[20:00:32.093328]  -> wl_registry#2.global(38, "ext_foreign_toplevel_image_capture_source_manager_v1", 1)
[20:00:32.093466] wl_registry#2.bind(28, "zwlr_screencopy_manager_v1", 3, new id [unknown]#5)
[20:00:32.093538] zwlr_screencopy_manager_v1#5.capture_output(new id zwlr_screencopy_frame_v1#9, 0, wl_output#8)
[20:00:32.093548]  -> zwlr_screencopy_frame_v1#9.buffer(1, 1920, 1080, 7680)
[20:00:32.093551]  -> zwlr_screencopy_frame_v1#9.buffer_done()
[20:00:32.093598] zwlr_screencopy_frame_v1#9.copy(wl_buffer#11)
[20:00:32.096146]  -> zwlr_screencopy_frame_v1#9.flags(0)
[20:00:32.096154]  -> zwlr_screencopy_frame_v1#9.ready(0, 275616, 70357710)
[20:00:32.106946] zwlr_screencopy_frame_v1#9.destroy()
[20:00:32.367550]  -> wl_registry#2.global(28, "zwlr_screencopy_manager_v1", 3)
[20:00:32.367560]  -> wl_registry#2.global(29, "ext_image_copy_capture_manager_v1", 1)
[20:00:32.367564]  -> wl_registry#2.global(30, "ext_output_image_capture_source_manager_v1", 1)
[20:00:32.367590]  -> wl_registry#2.global(38, "ext_foreign_toplevel_image_capture_source_manager_v1", 1)
[20:00:32.367793] wl_registry#2.bind(28, "zwlr_screencopy_manager_v1", 3, new id [unknown]#5)
[20:00:32.395122]  -> wl_registry#2.global(28, "zwlr_screencopy_manager_v1", 3)
[20:00:32.395124]  -> wl_registry#2.global(29, "ext_image_copy_capture_manager_v1", 1)
[20:00:32.395126]  -> wl_registry#2.global(30, "ext_output_image_capture_source_manager_v1", 1)
[20:00:32.395148]  -> wl_registry#2.global(38, "ext_foreign_toplevel_image_capture_source_manager_v1", 1)
[20:00:32.395298] wl_registry#2.bind(28, "zwlr_screencopy_manager_v1", 3, new id [unknown]#5)
[20:00:32.395377] zwlr_screencopy_manager_v1#5.capture_output(new id zwlr_screencopy_frame_v1#9, 0, wl_output#8)
[20:00:32.395386]  -> zwlr_screencopy_frame_v1#9.buffer(1, 1920, 1080, 7680)
[20:00:32.395389]  -> zwlr_screencopy_frame_v1#9.buffer_done()
[20:00:32.395439] zwlr_screencopy_frame_v1#9.copy(wl_buffer#11)
[20:00:32.398228]  -> zwlr_screencopy_frame_v1#9.flags(0)
[20:00:32.398237]  -> zwlr_screencopy_frame_v1#9.ready(0, 275616, 372200778)
[20:00:32.408400] zwlr_screencopy_frame_v1#9.destroy()
[20:00:32.669475]  -> wl_registry#2.global(28, "zwlr_screencopy_manager_v1", 3)
[20:00:32.669477]  -> wl_registry#2.global(29, "ext_image_copy_capture_manager_v1", 1)
[20:00:32.669479]  -> wl_registry#2.global(30, "ext_output_image_capture_source_manager_v1", 1)
[20:00:32.669503]  -> wl_registry#2.global(38, "ext_foreign_toplevel_image_capture_source_manager_v1", 1)
[20:00:32.669646] wl_registry#2.bind(28, "zwlr_screencopy_manager_v1", 3, new id [unknown]#5)
[20:00:32.688110]  -> wl_registry#2.global(28, "zwlr_screencopy_manager_v1", 3)
[20:00:32.688112]  -> wl_registry#2.global(29, "ext_image_copy_capture_manager_v1", 1)
[20:00:32.688114]  -> wl_registry#2.global(30, "ext_output_image_capture_source_manager_v1", 1)
[20:00:32.688130]  -> wl_registry#2.global(38, "ext_foreign_toplevel_image_capture_source_manager_v1", 1)
[20:00:32.688288] wl_registry#2.bind(28, "zwlr_screencopy_manager_v1", 3, new id [unknown]#5)
[20:00:32.688357] zwlr_screencopy_manager_v1#5.capture_output(new id zwlr_screencopy_frame_v1#9, 0, wl_output#8)
[20:00:32.688364]  -> zwlr_screencopy_frame_v1#9.buffer(1, 1920, 1080, 7680)
[20:00:32.688367]  -> zwlr_screencopy_frame_v1#9.buffer_done()
[20:00:32.688418] zwlr_screencopy_frame_v1#9.copy(wl_buffer#11)
[20:00:32.691400]  -> zwlr_screencopy_frame_v1#9.flags(0)
[20:00:32.691411]  -> zwlr_screencopy_frame_v1#9.ready(0, 275616, 665177629)
[20:00:32.701529] zwlr_screencopy_frame_v1#9.destroy()
[20:00:32.954715]  -> wl_registry#2.global(28, "zwlr_screencopy_manager_v1", 3)
[20:00:32.954717]  -> wl_registry#2.global(29, "ext_image_copy_capture_manager_v1", 1)
[20:00:32.954719]  -> wl_registry#2.global(30, "ext_output_image_capture_source_manager_v1", 1)
[20:00:32.954737]  -> wl_registry#2.global(38, "ext_foreign_toplevel_image_capture_source_manager_v1", 1)
[20:00:32.954888] wl_registry#2.bind(28, "zwlr_screencopy_manager_v1", 3, new id [unknown]#5)
[20:00:33.093278]  -> wl_registry#2.global(28, "zwlr_screencopy_manager_v1", 3)
[20:00:33.093280]  -> wl_registry#2.global(29, "ext_image_copy_capture_manager_v1", 1)
[20:00:33.093282]  -> wl_registry#2.global(30, "ext_output_image_capture_source_manager_v1", 1)
[20:00:33.093298]  -> wl_registry#2.global(38, "ext_foreign_toplevel_image_capture_source_manager_v1", 1)
[20:00:33.093450] wl_registry#2.bind(28, "zwlr_screencopy_manager_v1", 3, new id [unknown]#5)
[20:00:33.312789]  -> wl_registry#2.global(28, "zwlr_screencopy_manager_v1", 3)
[20:00:33.312791]  -> wl_registry#2.global(29, "ext_image_copy_capture_manager_v1", 1)
[20:00:33.312793]  -> wl_registry#2.global(30, "ext_output_image_capture_source_manager_v1", 1)
[20:00:33.312809]  -> wl_registry#2.global(38, "ext_foreign_toplevel_image_capture_source_manager_v1", 1)
[20:00:33.312999] wl_registry#2.bind(28, "zwlr_screencopy_manager_v1", 3, new id [unknown]#5)
[20:00:33.343317]  -> wl_registry#2.global(28, "zwlr_screencopy_manager_v1", 3)
[20:00:33.343320]  -> wl_registry#2.global(29, "ext_image_copy_capture_manager_v1", 1)
[20:00:33.343322]  -> wl_registry#2.global(30, "ext_output_image_capture_source_manager_v1", 1)
[20:00:33.343337]  -> wl_registry#2.global(38, "ext_foreign_toplevel_image_capture_source_manager_v1", 1)
[20:00:33.343489] wl_registry#2.bind(28, "zwlr_screencopy_manager_v1", 3, new id [unknown]#5)
[20:00:33.343558] zwlr_screencopy_manager_v1#5.capture_output(new id zwlr_screencopy_frame_v1#9, 0, wl_output#8)
[20:00:33.343566]  -> zwlr_screencopy_frame_v1#9.buffer(1, 1920, 1080, 7680)
[20:00:33.343568]  -> zwlr_screencopy_frame_v1#9.buffer_done()
[20:00:33.343617] zwlr_screencopy_frame_v1#9.copy(wl_buffer#11)
[20:00:33.346639]  -> zwlr_screencopy_frame_v1#9.flags(0)
[20:00:33.346654]  -> zwlr_screencopy_frame_v1#9.ready(0, 275617, 320380296)
[20:00:33.357289] zwlr_screencopy_frame_v1#9.destroy()
[20:00:33.618218]  -> wl_registry#2.global(28, "zwlr_screencopy_manager_v1", 3)
[20:00:33.618221]  -> wl_registry#2.global(29, "ext_image_copy_capture_manager_v1", 1)
[20:00:33.618223]  -> wl_registry#2.global(30, "ext_output_image_capture_source_manager_v1", 1)
[20:00:33.618239]  -> wl_registry#2.global(38, "ext_foreign_toplevel_image_capture_source_manager_v1", 1)
[20:00:33.618416] wl_registry#2.bind(28, "zwlr_screencopy_manager_v1", 3, new id [unknown]#5)
[20:00:33.645795]  -> wl_registry#2.global(28, "zwlr_screencopy_manager_v1", 3)
[20:00:33.645797]  -> wl_registry#2.global(29, "ext_image_copy_capture_manager_v1", 1)
[20:00:33.645799]  -> wl_registry#2.global(30, "ext_output_image_capture_source_manager_v1", 1)
[20:00:33.645815]  -> wl_registry#2.global(38, "ext_foreign_toplevel_image_capture_source_manager_v1", 1)
[20:00:33.645961] wl_registry#2.bind(28, "zwlr_screencopy_manager_v1", 3, new id [unknown]#5)
[20:00:33.646028] zwlr_screencopy_manager_v1#5.capture_output(new id zwlr_screencopy_frame_v1#9, 0, wl_output#8)
[20:00:33.646035]  -> zwlr_screencopy_frame_v1#9.buffer(1, 1920, 1080, 7680)
[20:00:33.646038]  -> zwlr_screencopy_frame_v1#9.buffer_done()
[20:00:33.646086] zwlr_screencopy_frame_v1#9.copy(wl_buffer#11)
[20:00:33.648994]  -> zwlr_screencopy_frame_v1#9.flags(0)
[20:00:33.649008]  -> zwlr_screencopy_frame_v1#9.ready(0, 275617, 622845317)
[20:00:33.660112] zwlr_screencopy_frame_v1#9.destroy()
[20:00:33.917277]  -> wl_registry#2.global(28, "zwlr_screencopy_manager_v1", 3)
[20:00:33.917280]  -> wl_registry#2.global(29, "ext_image_copy_capture_manager_v1", 1)
[20:00:33.917284]  -> wl_registry#2.global(30, "ext_output_image_capture_source_manager_v1", 1)
[20:00:33.917313]  -> wl_registry#2.global(38, "ext_foreign_toplevel_image_capture_source_manager_v1", 1)
[20:00:33.917559] wl_registry#2.bind(28, "zwlr_screencopy_manager_v1", 3, new id [unknown]#5)
[20:00:33.944167]  -> wl_registry#2.global(28, "zwlr_screencopy_manager_v1", 3)
[20:00:33.944169]  -> wl_registry#2.global(29, "ext_image_copy_capture_manager_v1", 1)
[20:00:33.944171]  -> wl_registry#2.global(30, "ext_output_image_capture_source_manager_v1", 1)
[20:00:33.944187]  -> wl_registry#2.global(38, "ext_foreign_toplevel_image_capture_source_manager_v1", 1)
[20:00:33.944334] wl_registry#2.bind(28, "zwlr_screencopy_manager_v1", 3, new id [unknown]#5)
[20:00:33.944401] zwlr_screencopy_manager_v1#5.capture_output(new id zwlr_screencopy_frame_v1#9, 0, wl_output#8)
[20:00:33.944409]  -> zwlr_screencopy_frame_v1#9.buffer(1, 1920, 1080, 7680)
[20:00:33.944411]  -> zwlr_screencopy_frame_v1#9.buffer_done()
[20:00:33.944462] zwlr_screencopy_frame_v1#9.copy(wl_buffer#11)
[20:00:33.947328]  -> zwlr_screencopy_frame_v1#9.flags(0)
[20:00:33.947340]  -> zwlr_screencopy_frame_v1#9.ready(0, 275617, 921222555)
[20:00:33.957990] zwlr_screencopy_frame_v1#9.destroy()
[20:00:34.219973]  -> wl_registry#2.global(28, "zwlr_screencopy_manager_v1", 3)
[20:00:34.219975]  -> wl_registry#2.global(29, "ext_image_copy_capture_manager_v1", 1)
[20:00:34.219977]  -> wl_registry#2.global(30, "ext_output_image_capture_source_manager_v1", 1)
[20:00:34.219994]  -> wl_registry#2.global(38, "ext_foreign_toplevel_image_capture_source_manager_v1", 1)
[20:00:34.220149] wl_registry#2.bind(28, "zwlr_screencopy_manager_v1", 3, new id [unknown]#5)
[20:00:34.239306]  -> wl_registry#2.global(28, "zwlr_screencopy_manager_v1", 3)
[20:00:34.239313]  -> wl_registry#2.global(29, "ext_image_copy_capture_manager_v1", 1)
[20:00:34.239315]  -> wl_registry#2.global(30, "ext_output_image_capture_source_manager_v1", 1)
[20:00:34.239333]  -> wl_registry#2.global(38, "ext_foreign_toplevel_image_capture_source_manager_v1", 1)
[20:00:34.239492] wl_registry#2.bind(28, "zwlr_screencopy_manager_v1", 3, new id [unknown]#5)
[20:00:34.239570] zwlr_screencopy_manager_v1#5.capture_output(new id zwlr_screencopy_frame_v1#9, 0, wl_output#8)
[20:00:34.239579]  -> zwlr_screencopy_frame_v1#9.buffer(1, 1920, 1080, 7680)
[20:00:34.239582]  -> zwlr_screencopy_frame_v1#9.buffer_done()
[20:00:34.239635] zwlr_screencopy_frame_v1#9.copy(wl_buffer#11)
[20:00:34.243056]  -> zwlr_screencopy_frame_v1#9.flags(0)
[20:00:34.243075]  -> zwlr_screencopy_frame_v1#9.ready(0, 275618, 216396788)
[20:00:34.254320] zwlr_screencopy_frame_v1#9.destroy()
[20:00:34.543852]  -> wl_registry#2.global(28, "zwlr_screencopy_manager_v1", 3)
[20:00:34.543854]  -> wl_registry#2.global(29, "ext_image_copy_capture_manager_v1", 1)
[20:00:34.543855]  -> wl_registry#2.global(30, "ext_output_image_capture_source_manager_v1", 1)
[20:00:34.543872]  -> wl_registry#2.global(38, "ext_foreign_toplevel_image_capture_source_manager_v1", 1)
[20:00:34.544037] wl_registry#2.bind(28, "zwlr_screencopy_manager_v1", 3, new id [unknown]#5)
[20:00:34.684749]  -> wl_registry#2.global(28, "zwlr_screencopy_manager_v1", 3)
[20:00:34.684751]  -> wl_registry#2.global(29, "ext_image_copy_capture_manager_v1", 1)
[20:00:34.684753]  -> wl_registry#2.global(30, "ext_output_image_capture_source_manager_v1", 1)
[20:00:34.684781]  -> wl_registry#2.global(38, "ext_foreign_toplevel_image_capture_source_manager_v1", 1)
[20:00:34.684932] wl_registry#2.bind(28, "zwlr_screencopy_manager_v1", 3, new id [unknown]#5)
[20:00:34.801711]  -> wl_registry#2.global(28, "zwlr_screencopy_manager_v1", 3)
[20:00:34.801713]  -> wl_registry#2.global(29, "ext_image_copy_capture_manager_v1", 1)
[20:00:34.801715]  -> wl_registry#2.global(30, "ext_output_image_capture_source_manager_v1", 1)
[20:00:34.801731]  -> wl_registry#2.global(38, "ext_foreign_toplevel_image_capture_source_manager_v1", 1)
[20:00:34.801887] wl_registry#2.bind(28, "zwlr_screencopy_manager_v1", 3, new id [unknown]#5)
[20:00:34.828444]  -> wl_registry#2.global(28, "zwlr_screencopy_manager_v1", 3)
[20:00:34.828446]  -> wl_registry#2.global(29, "ext_image_copy_capture_manager_v1", 1)
[20:00:34.828448]  -> wl_registry#2.global(30, "ext_output_image_capture_source_manager_v1", 1)
[20:00:34.828464]  -> wl_registry#2.global(38, "ext_foreign_toplevel_image_capture_source_manager_v1", 1)
[20:00:34.828621] wl_registry#2.bind(28, "zwlr_screencopy_manager_v1", 3, new id [unknown]#5)
[20:00:34.828692] zwlr_screencopy_manager_v1#5.capture_output(new id zwlr_screencopy_frame_v1#9, 0, wl_output#8)
[20:00:34.828700]  -> zwlr_screencopy_frame_v1#9.buffer(1, 1920, 1080, 7680)
[20:00:34.828703]  -> zwlr_screencopy_frame_v1#9.buffer_done()
[20:00:34.828755] zwlr_screencopy_frame_v1#9.copy(wl_buffer#11)
[20:00:34.831626]  -> zwlr_screencopy_frame_v1#9.flags(0)
[20:00:34.831637]  -> zwlr_screencopy_frame_v1#9.ready(0, 275618, 805516370)
[20:00:34.843075] zwlr_screencopy_frame_v1#9.destroy()
[20:00:35.133855]  -> wl_registry#2.global(28, "zwlr_screencopy_manager_v1", 3)
[20:00:35.133857]  -> wl_registry#2.global(29, "ext_image_copy_capture_manager_v1", 1)
[20:00:35.133859]  -> wl_registry#2.global(30, "ext_output_image_capture_source_manager_v1", 1)
[20:00:35.133875]  -> wl_registry#2.global(38, "ext_foreign_toplevel_image_capture_source_manager_v1", 1)
[20:00:35.134031] wl_registry#2.bind(28, "zwlr_screencopy_manager_v1", 3, new id [unknown]#5)
[20:00:35.162181]  -> wl_registry#2.global(28, "zwlr_screencopy_manager_v1", 3)
[20:00:35.162183]  -> wl_registry#2.global(29, "ext_image_copy_capture_manager_v1", 1)
[20:00:35.162186]  -> wl_registry#2.global(30, "ext_output_image_capture_source_manager_v1", 1)
[20:00:35.162204]  -> wl_registry#2.global(38, "ext_foreign_toplevel_image_capture_source_manager_v1", 1)
[20:00:35.162422] wl_registry#2.bind(28, "zwlr_screencopy_manager_v1", 3, new id [unknown]#5)
[20:00:35.162547] zwlr_screencopy_manager_v1#5.capture_output(new id zwlr_screencopy_frame_v1#9, 0, wl_output#8)
[20:00:35.162563]  -> zwlr_screencopy_frame_v1#9.buffer(1, 1920, 1080, 7680)
[20:00:35.162568]  -> zwlr_screencopy_frame_v1#9.buffer_done()
[20:00:35.162659] zwlr_screencopy_frame_v1#9.copy(wl_buffer#11)
[20:00:35.166290]  -> zwlr_screencopy_frame_v1#9.flags(0)
[20:00:35.166303]  -> zwlr_screencopy_frame_v1#9.ready(0, 275619, 139442414)
[20:00:35.177820] zwlr_screencopy_frame_v1#9.destroy()
[20:00:35.443341]  -> wl_registry#2.global(28, "zwlr_screencopy_manager_v1", 3)
[20:00:35.443343]  -> wl_registry#2.global(29, "ext_image_copy_capture_manager_v1", 1)
[20:00:35.443345]  -> wl_registry#2.global(30, "ext_output_image_capture_source_manager_v1", 1)
[20:00:35.443361]  -> wl_registry#2.global(38, "ext_foreign_toplevel_image_capture_source_manager_v1", 1)
[20:00:35.443566] wl_registry#2.bind(28, "zwlr_screencopy_manager_v1", 3, new id [unknown]#5)
[20:00:35.470632]  -> wl_registry#2.global(28, "zwlr_screencopy_manager_v1", 3)
[20:00:35.470634]  -> wl_registry#2.global(29, "ext_image_copy_capture_manager_v1", 1)
[20:00:35.470636]  -> wl_registry#2.global(30, "ext_output_image_capture_source_manager_v1", 1)
[20:00:35.470652]  -> wl_registry#2.global(38, "ext_foreign_toplevel_image_capture_source_manager_v1", 1)
[20:00:35.470794] wl_registry#2.bind(28, "zwlr_screencopy_manager_v1", 3, new id [unknown]#5)
[20:00:35.470863] zwlr_screencopy_manager_v1#5.capture_output(new id zwlr_screencopy_frame_v1#9, 0, wl_output#8)
[20:00:35.470870]  -> zwlr_screencopy_frame_v1#9.buffer(1, 1920, 1080, 7680)
[20:00:35.470872]  -> zwlr_screencopy_frame_v1#9.buffer_done()
[20:00:35.470919] zwlr_screencopy_frame_v1#9.copy(wl_buffer#11)
[20:00:35.473611]  -> zwlr_screencopy_frame_v1#9.flags(0)
[20:00:35.473619]  -> zwlr_screencopy_frame_v1#9.ready(0, 275619, 447681190)
[20:00:35.485077] zwlr_screencopy_frame_v1#9.destroy()
[20:00:35.746848]  -> wl_registry#2.global(28, "zwlr_screencopy_manager_v1", 3)
[20:00:35.746850]  -> wl_registry#2.global(29, "ext_image_copy_capture_manager_v1", 1)
[20:00:35.746852]  -> wl_registry#2.global(30, "ext_output_image_capture_source_manager_v1", 1)
[20:00:35.746872]  -> wl_registry#2.global(38, "ext_foreign_toplevel_image_capture_source_manager_v1", 1)
[20:00:35.747055] wl_registry#2.bind(28, "zwlr_screencopy_manager_v1", 3, new id [unknown]#5)
[20:00:35.776352]  -> wl_registry#2.global(28, "zwlr_screencopy_manager_v1", 3)
[20:00:35.776354]  -> wl_registry#2.global(29, "ext_image_copy_capture_manager_v1", 1)
[20:00:35.776356]  -> wl_registry#2.global(30, "ext_output_image_capture_source_manager_v1", 1)
[20:00:35.776372]  -> wl_registry#2.global(38, "ext_foreign_toplevel_image_capture_source_manager_v1", 1)
[20:00:35.776533] wl_registry#2.bind(28, "zwlr_screencopy_manager_v1", 3, new id [unknown]#5)
[20:00:35.776613] zwlr_screencopy_manager_v1#5.capture_output(new id zwlr_screencopy_frame_v1#9, 0, wl_output#8)
[20:00:35.776621]  -> zwlr_screencopy_frame_v1#9.buffer(1, 1920, 1080, 7680)
[20:00:35.776623]  -> zwlr_screencopy_frame_v1#9.buffer_done()
[20:00:35.776677] zwlr_screencopy_frame_v1#9.copy(wl_buffer#11)
[20:00:35.779219]  -> zwlr_screencopy_frame_v1#9.flags(0)
[20:00:35.779228]  -> zwlr_screencopy_frame_v1#9.ready(0, 275619, 753437505)
[20:00:35.790483] zwlr_screencopy_frame_v1#9.destroy()
[20:00:36.078180]  -> wl_registry#2.global(28, "zwlr_screencopy_manager_v1", 3)
[20:00:36.078182]  -> wl_registry#2.global(29, "ext_image_copy_capture_manager_v1", 1)
[20:00:36.078184]  -> wl_registry#2.global(30, "ext_output_image_capture_source_manager_v1", 1)
[20:00:36.078201]  -> wl_registry#2.global(38, "ext_foreign_toplevel_image_capture_source_manager_v1", 1)
[20:00:36.078403] wl_registry#2.bind(28, "zwlr_screencopy_manager_v1", 3, new id [unknown]#5)
[20:00:36.098849]  -> wl_registry#2.global(28, "zwlr_screencopy_manager_v1", 3)
[20:00:36.098851]  -> wl_registry#2.global(29, "ext_image_copy_capture_manager_v1", 1)
[20:00:36.098853]  -> wl_registry#2.global(30, "ext_output_image_capture_source_manager_v1", 1)
[20:00:36.098871]  -> wl_registry#2.global(38, "ext_foreign_toplevel_image_capture_source_manager_v1", 1)
[20:00:36.099081] wl_registry#2.bind(28, "zwlr_screencopy_manager_v1", 3, new id [unknown]#5)
[20:00:36.099176] zwlr_screencopy_manager_v1#5.capture_output(new id zwlr_screencopy_frame_v1#9, 0, wl_output#8)
[20:00:36.099192]  -> zwlr_screencopy_frame_v1#9.buffer(1, 1920, 1080, 7680)
[20:00:36.099195]  -> zwlr_screencopy_frame_v1#9.buffer_done()
[20:00:36.099269] zwlr_screencopy_frame_v1#9.copy(wl_buffer#11)
[20:00:36.103078]  -> zwlr_screencopy_frame_v1#9.flags(0)
[20:00:36.103091]  -> zwlr_screencopy_frame_v1#9.ready(0, 275620, 76059134)
[20:00:36.117838] zwlr_screencopy_frame_v1#9.destroy()
[20:00:36.409170]  -> wl_registry#2.global(28, "zwlr_screencopy_manager_v1", 3)
[20:00:36.409172]  -> wl_registry#2.global(29, "ext_image_copy_capture_manager_v1", 1)
[20:00:36.409174]  -> wl_registry#2.global(30, "ext_output_image_capture_source_manager_v1", 1)
[20:00:36.409193]  -> wl_registry#2.global(38, "ext_foreign_toplevel_image_capture_source_manager_v1", 1)
[20:00:36.409456] wl_registry#2.bind(28, "zwlr_screencopy_manager_v1", 3, new id [unknown]#5)
[20:00:36.552779]  -> wl_registry#2.global(28, "zwlr_screencopy_manager_v1", 3)
[20:00:36.552781]  -> wl_registry#2.global(29, "ext_image_copy_capture_manager_v1", 1)
[20:00:36.552783]  -> wl_registry#2.global(30, "ext_output_image_capture_source_manager_v1", 1)
[20:00:36.552799]  -> wl_registry#2.global(38, "ext_foreign_toplevel_image_capture_source_manager_v1", 1)
[20:00:36.552948] wl_registry#2.bind(28, "zwlr_screencopy_manager_v1", 3, new id [unknown]#5)
[20:00:36.670073]  -> wl_registry#2.global(28, "zwlr_screencopy_manager_v1", 3)
[20:00:36.670076]  -> wl_registry#2.global(29, "ext_image_copy_capture_manager_v1", 1)
[20:00:36.670078]  -> wl_registry#2.global(30, "ext_output_image_capture_source_manager_v1", 1)
[20:00:36.670105]  -> wl_registry#2.global(38, "ext_foreign_toplevel_image_capture_source_manager_v1", 1)
[20:00:36.670253] wl_registry#2.bind(28, "zwlr_screencopy_manager_v1", 3, new id [unknown]#5)
[20:00:36.696747]  -> wl_registry#2.global(28, "zwlr_screencopy_manager_v1", 3)
[20:00:36.696749]  -> wl_registry#2.global(29, "ext_image_copy_capture_manager_v1", 1)
[20:00:36.696751]  -> wl_registry#2.global(30, "ext_output_image_capture_source_manager_v1", 1)
[20:00:36.696767]  -> wl_registry#2.global(38, "ext_foreign_toplevel_image_capture_source_manager_v1", 1)
[20:00:36.696921] wl_registry#2.bind(28, "zwlr_screencopy_manager_v1", 3, new id [unknown]#5)
[20:00:36.696989] zwlr_screencopy_manager_v1#5.capture_output(new id zwlr_screencopy_frame_v1#9, 0, wl_output#8)
[20:00:36.696997]  -> zwlr_screencopy_frame_v1#9.buffer(1, 1920, 1080, 7680)
[20:00:36.696999]  -> zwlr_screencopy_frame_v1#9.buffer_done()
[20:00:36.697052] zwlr_screencopy_frame_v1#9.copy(wl_buffer#11)
[20:00:36.699937]  -> zwlr_screencopy_frame_v1#9.flags(0)
[20:00:36.699947]  -> zwlr_screencopy_frame_v1#9.ready(0, 275620, 673812728)
[20:00:36.710591] zwlr_screencopy_frame_v1#9.destroy()
[20:00:37.079823]  -> wl_registry#2.global(28, "zwlr_screencopy_manager_v1", 3)
[20:00:37.079825]  -> wl_registry#2.global(29, "ext_image_copy_capture_manager_v1", 1)
[20:00:37.079826]  -> wl_registry#2.global(30, "ext_output_image_capture_source_manager_v1", 1)
[20:00:37.079843]  -> wl_registry#2.global(38, "ext_foreign_toplevel_image_capture_source_manager_v1", 1)
[20:00:37.080015] wl_registry#2.bind(28, "zwlr_screencopy_manager_v1", 3, new id [unknown]#5)
[20:00:37.106945]  -> wl_registry#2.global(28, "zwlr_screencopy_manager_v1", 3)
[20:00:37.106947]  -> wl_registry#2.global(29, "ext_image_copy_capture_manager_v1", 1)
[20:00:37.106949]  -> wl_registry#2.global(30, "ext_output_image_capture_source_manager_v1", 1)
[20:00:37.106966]  -> wl_registry#2.global(38, "ext_foreign_toplevel_image_capture_source_manager_v1", 1)
[20:00:37.107113] wl_registry#2.bind(28, "zwlr_screencopy_manager_v1", 3, new id [unknown]#5)
[20:00:37.107186] zwlr_screencopy_manager_v1#5.capture_output(new id zwlr_screencopy_frame_v1#9, 0, wl_output#8)
[20:00:37.107194]  -> zwlr_screencopy_frame_v1#9.buffer(1, 1920, 1080, 7680)
[20:00:37.107197]  -> zwlr_screencopy_frame_v1#9.buffer_done()
[20:00:37.107243] zwlr_screencopy_frame_v1#9.copy(wl_buffer#11)
[20:00:37.110087]  -> zwlr_screencopy_frame_v1#9.flags(0)
[20:00:37.110099]  -> zwlr_screencopy_frame_v1#9.ready(0, 275621, 84011740)
[20:00:37.120457] zwlr_screencopy_frame_v1#9.destroy()
[20:00:37.374997]  -> wl_registry#2.global(28, "zwlr_screencopy_manager_v1", 3)
[20:00:37.374999]  -> wl_registry#2.global(29, "ext_image_copy_capture_manager_v1", 1)
[20:00:37.375000]  -> wl_registry#2.global(30, "ext_output_image_capture_source_manager_v1", 1)
[20:00:37.375017]  -> wl_registry#2.global(38, "ext_foreign_toplevel_image_capture_source_manager_v1", 1)
[20:00:37.375175] wl_registry#2.bind(28, "zwlr_screencopy_manager_v1", 3, new id [unknown]#5)
[20:00:37.402921]  -> wl_registry#2.global(28, "zwlr_screencopy_manager_v1", 3)
[20:00:37.402923]  -> wl_registry#2.global(29, "ext_image_copy_capture_manager_v1", 1)
[20:00:37.402925]  -> wl_registry#2.global(30, "ext_output_image_capture_source_manager_v1", 1)
[20:00:37.402941]  -> wl_registry#2.global(38, "ext_foreign_toplevel_image_capture_source_manager_v1", 1)
[20:00:37.403080] wl_registry#2.bind(28, "zwlr_screencopy_manager_v1", 3, new id [unknown]#5)
[20:00:37.403147] zwlr_screencopy_manager_v1#5.capture_output(new id zwlr_screencopy_frame_v1#9, 0, wl_output#8)
[20:00:37.403155]  -> zwlr_screencopy_frame_v1#9.buffer(1, 1920, 1080, 7680)
[20:00:37.403157]  -> zwlr_screencopy_frame_v1#9.buffer_done()
[20:00:37.403203] zwlr_screencopy_frame_v1#9.copy(wl_buffer#11)
[20:00:37.406121]  -> zwlr_screencopy_frame_v1#9.flags(0)
[20:00:37.406132]  -> zwlr_screencopy_frame_v1#9.ready(0, 275621, 379961636)
[20:00:37.416880] zwlr_screencopy_frame_v1#9.destroy()
[20:00:37.674865]  -> wl_registry#2.global(28, "zwlr_screencopy_manager_v1", 3)
[20:00:37.674867]  -> wl_registry#2.global(29, "ext_image_copy_capture_manager_v1", 1)
[20:00:37.674869]  -> wl_registry#2.global(30, "ext_output_image_capture_source_manager_v1", 1)
[20:00:37.674885]  -> wl_registry#2.global(38, "ext_foreign_toplevel_image_capture_source_manager_v1", 1)
[20:00:37.675102] wl_registry#2.bind(28, "zwlr_screencopy_manager_v1", 3, new id [unknown]#5)
[20:00:37.694193]  -> wl_registry#2.global(28, "zwlr_screencopy_manager_v1", 3)
[20:00:37.694195]  -> wl_registry#2.global(29, "ext_image_copy_capture_manager_v1", 1)
[20:00:37.694198]  -> wl_registry#2.global(30, "ext_output_image_capture_source_manager_v1", 1)
[20:00:37.694213]  -> wl_registry#2.global(38, "ext_foreign_toplevel_image_capture_source_manager_v1", 1)
[20:00:37.694377] wl_registry#2.bind(28, "zwlr_screencopy_manager_v1", 3, new id [unknown]#5)
[20:00:37.694448] zwlr_screencopy_manager_v1#5.capture_output(new id zwlr_screencopy_frame_v1#9, 0, wl_output#8)
[20:00:37.694456]  -> zwlr_screencopy_frame_v1#9.buffer(1, 1920, 1080, 7680)
[20:00:37.694458]  -> zwlr_screencopy_frame_v1#9.buffer_done()
[20:00:37.694510] zwlr_screencopy_frame_v1#9.copy(wl_buffer#11)
[20:00:37.697356]  -> zwlr_screencopy_frame_v1#9.flags(0)
[20:00:37.697368]  -> zwlr_screencopy_frame_v1#9.ready(0, 275621, 671272336)
[20:00:37.707989] zwlr_screencopy_frame_v1#9.destroy()
[20:00:37.997452]  -> wl_registry#2.global(28, "zwlr_screencopy_manager_v1", 3)
[20:00:37.997454]  -> wl_registry#2.global(29, "ext_image_copy_capture_manager_v1", 1)
[20:00:37.997457]  -> wl_registry#2.global(30, "ext_output_image_capture_source_manager_v1", 1)
[20:00:37.997483]  -> wl_registry#2.global(38, "ext_foreign_toplevel_image_capture_source_manager_v1", 1)
[20:00:37.997700] wl_registry#2.bind(28, "zwlr_screencopy_manager_v1", 3, new id [unknown]#5)
[20:00:38.139588]  -> wl_registry#2.global(28, "zwlr_screencopy_manager_v1", 3)
[20:00:38.139590]  -> wl_registry#2.global(29, "ext_image_copy_capture_manager_v1", 1)
[20:00:38.139592]  -> wl_registry#2.global(30, "ext_output_image_capture_source_manager_v1", 1)
[20:00:38.139609]  -> wl_registry#2.global(38, "ext_foreign_toplevel_image_capture_source_manager_v1", 1)
[20:00:38.139786] wl_registry#2.bind(28, "zwlr_screencopy_manager_v1", 3, new id [unknown]#5)
[20:00:38.256464]  -> wl_registry#2.global(28, "zwlr_screencopy_manager_v1", 3)
[20:00:38.256466]  -> wl_registry#2.global(29, "ext_image_copy_capture_manager_v1", 1)
[20:00:38.256468]  -> wl_registry#2.global(30, "ext_output_image_capture_source_manager_v1", 1)
[20:00:38.256483]  -> wl_registry#2.global(38, "ext_foreign_toplevel_image_capture_source_manager_v1", 1)
[20:00:38.256672] wl_registry#2.bind(28, "zwlr_screencopy_manager_v1", 3, new id [unknown]#5)
[20:00:38.282038]  -> wl_registry#2.global(28, "zwlr_screencopy_manager_v1", 3)
[20:00:38.282042]  -> wl_registry#2.global(29, "ext_image_copy_capture_manager_v1", 1)
[20:00:38.282050]  -> wl_registry#2.global(30, "ext_output_image_capture_source_manager_v1", 1)
[20:00:38.282066]  -> wl_registry#2.global(38, "ext_foreign_toplevel_image_capture_source_manager_v1", 1)
[20:00:38.282208] wl_registry#2.bind(28, "zwlr_screencopy_manager_v1", 3, new id [unknown]#5)
[20:00:38.282289] zwlr_screencopy_manager_v1#5.capture_output(new id zwlr_screencopy_frame_v1#9, 0, wl_output#8)
[20:00:38.282299]  -> zwlr_screencopy_frame_v1#9.buffer(1, 1920, 1080, 7680)
[20:00:38.282301]  -> zwlr_screencopy_frame_v1#9.buffer_done()
[20:00:38.282351] zwlr_screencopy_frame_v1#9.copy(wl_buffer#11)
[20:00:38.285471]  -> zwlr_screencopy_frame_v1#9.flags(0)
[20:00:38.285483]  -> zwlr_screencopy_frame_v1#9.ready(0, 275622, 259112214)
[20:00:38.296500] zwlr_screencopy_frame_v1#9.destroy()
[20:00:38.663228]  -> wl_registry#2.global(28, "zwlr_screencopy_manager_v1", 3)
[20:00:38.663230]  -> wl_registry#2.global(29, "ext_image_copy_capture_manager_v1", 1)
[20:00:38.663232]  -> wl_registry#2.global(30, "ext_output_image_capture_source_manager_v1", 1)
[20:00:38.663248]  -> wl_registry#2.global(38, "ext_foreign_toplevel_image_capture_source_manager_v1", 1)
[20:00:38.663395] wl_registry#2.bind(28, "zwlr_screencopy_manager_v1", 3, new id [unknown]#5)
[20:00:38.689680]  -> wl_registry#2.global(28, "zwlr_screencopy_manager_v1", 3)
[20:00:38.689681]  -> wl_registry#2.global(29, "ext_image_copy_capture_manager_v1", 1)
[20:00:38.689683]  -> wl_registry#2.global(30, "ext_output_image_capture_source_manager_v1", 1)
[20:00:38.689708]  -> wl_registry#2.global(38, "ext_foreign_toplevel_image_capture_source_manager_v1", 1)
[20:00:38.689855] wl_registry#2.bind(28, "zwlr_screencopy_manager_v1", 3, new id [unknown]#5)
[20:00:38.689932] zwlr_screencopy_manager_v1#5.capture_output(new id zwlr_screencopy_frame_v1#9, 0, wl_output#8)
[20:00:38.689940]  -> zwlr_screencopy_frame_v1#9.buffer(1, 1920, 1080, 7680)
[20:00:38.689943]  -> zwlr_screencopy_frame_v1#9.buffer_done()
[20:00:38.689998] zwlr_screencopy_frame_v1#9.copy(wl_buffer#11)
[20:00:38.692652]  -> zwlr_screencopy_frame_v1#9.flags(0)
[20:00:38.692662]  -> zwlr_screencopy_frame_v1#9.ready(0, 275622, 666758606)
[20:00:38.702917] zwlr_screencopy_frame_v1#9.destroy()
[20:00:38.962468]  -> wl_registry#2.global(28, "zwlr_screencopy_manager_v1", 3)
[20:00:38.962470]  -> wl_registry#2.global(29, "ext_image_copy_capture_manager_v1", 1)
[20:00:38.962472]  -> wl_registry#2.global(30, "ext_output_image_capture_source_manager_v1", 1)
[20:00:38.962498]  -> wl_registry#2.global(38, "ext_foreign_toplevel_image_capture_source_manager_v1", 1)
[20:00:38.962646] wl_registry#2.bind(28, "zwlr_screencopy_manager_v1", 3, new id [unknown]#5)
[20:00:38.989228]  -> wl_registry#2.global(28, "zwlr_screencopy_manager_v1", 3)
[20:00:38.989231]  -> wl_registry#2.global(29, "ext_image_copy_capture_manager_v1", 1)
[20:00:38.989234]  -> wl_registry#2.global(30, "ext_output_image_capture_source_manager_v1", 1)
[20:00:38.989263]  -> wl_registry#2.global(38, "ext_foreign_toplevel_image_capture_source_manager_v1", 1)
[20:00:38.989528] wl_registry#2.bind(28, "zwlr_screencopy_manager_v1", 3, new id [unknown]#5)
[20:00:38.989626] zwlr_screencopy_manager_v1#5.capture_output(new id zwlr_screencopy_frame_v1#9, 0, wl_output#8)
[20:00:38.989641]  -> zwlr_screencopy_frame_v1#9.buffer(1, 1920, 1080, 7680)
[20:00:38.989650]  -> zwlr_screencopy_frame_v1#9.buffer_done()
[20:00:38.989713] zwlr_screencopy_frame_v1#9.copy(wl_buffer#11)
[20:00:38.993145]  -> zwlr_screencopy_frame_v1#9.flags(0)
[20:00:38.993156]  -> zwlr_screencopy_frame_v1#9.ready(0, 275622, 966484675)
[20:00:39.003853] zwlr_screencopy_frame_v1#9.destroy()
[20:00:39.271945]  -> wl_registry#2.global(28, "zwlr_screencopy_manager_v1", 3)
[20:00:39.271946]  -> wl_registry#2.global(29, "ext_image_copy_capture_manager_v1", 1)
[20:00:39.271948]  -> wl_registry#2.global(30, "ext_output_image_capture_source_manager_v1", 1)
[20:00:39.271979]  -> wl_registry#2.global(38, "ext_foreign_toplevel_image_capture_source_manager_v1", 1)
[20:00:39.272142] wl_registry#2.bind(28, "zwlr_screencopy_manager_v1", 3, new id [unknown]#5)
[20:00:39.291076]  -> wl_registry#2.global(28, "zwlr_screencopy_manager_v1", 3)
[20:00:39.291078]  -> wl_registry#2.global(29, "ext_image_copy_capture_manager_v1", 1)
[20:00:39.291080]  -> wl_registry#2.global(30, "ext_output_image_capture_source_manager_v1", 1)
[20:00:39.291096]  -> wl_registry#2.global(38, "ext_foreign_toplevel_image_capture_source_manager_v1", 1)
[20:00:39.291263] wl_registry#2.bind(28, "zwlr_screencopy_manager_v1", 3, new id [unknown]#5)
[20:00:39.291344] zwlr_screencopy_manager_v1#5.capture_output(new id zwlr_screencopy_frame_v1#9, 0, wl_output#8)
[20:00:39.291352]  -> zwlr_screencopy_frame_v1#9.buffer(1, 1920, 1080, 7680)
[20:00:39.291355]  -> zwlr_screencopy_frame_v1#9.buffer_done()
[20:00:39.291413] zwlr_screencopy_frame_v1#9.copy(wl_buffer#11)
[20:00:39.294082]  -> zwlr_screencopy_frame_v1#9.flags(0)
[20:00:39.294092]  -> zwlr_screencopy_frame_v1#9.ready(0, 275623, 268176292)
[20:00:39.305121] zwlr_screencopy_frame_v1#9.destroy()
[20:00:39.566031]  -> wl_registry#2.global(28, "zwlr_screencopy_manager_v1", 3)
[20:00:39.566032]  -> wl_registry#2.global(29, "ext_image_copy_capture_manager_v1", 1)
[20:00:39.566034]  -> wl_registry#2.global(30, "ext_output_image_capture_source_manager_v1", 1)
[20:00:39.566050]  -> wl_registry#2.global(38, "ext_foreign_toplevel_image_capture_source_manager_v1", 1)
[20:00:39.566208] wl_registry#2.bind(28, "zwlr_screencopy_manager_v1", 3, new id [unknown]#5)
[20:00:39.706516]  -> wl_registry#2.global(28, "zwlr_screencopy_manager_v1", 3)
[20:00:39.706518]  -> wl_registry#2.global(29, "ext_image_copy_capture_manager_v1", 1)
[20:00:39.706520]  -> wl_registry#2.global(30, "ext_output_image_capture_source_manager_v1", 1)
[20:00:39.706538]  -> wl_registry#2.global(38, "ext_foreign_toplevel_image_capture_source_manager_v1", 1)
[20:00:39.706761] wl_registry#2.bind(28, "zwlr_screencopy_manager_v1", 3, new id [unknown]#5)
[20:00:39.823382]  -> wl_registry#2.global(28, "zwlr_screencopy_manager_v1", 3)
[20:00:39.823384]  -> wl_registry#2.global(29, "ext_image_copy_capture_manager_v1", 1)
[20:00:39.823386]  -> wl_registry#2.global(30, "ext_output_image_capture_source_manager_v1", 1)
[20:00:39.823402]  -> wl_registry#2.global(38, "ext_foreign_toplevel_image_capture_source_manager_v1", 1)
[20:00:39.823545] wl_registry#2.bind(28, "zwlr_screencopy_manager_v1", 3, new id [unknown]#5)
[20:00:39.849262]  -> wl_registry#2.global(28, "zwlr_screencopy_manager_v1", 3)
[20:00:39.849264]  -> wl_registry#2.global(29, "ext_image_copy_capture_manager_v1", 1)
[20:00:39.849270]  -> wl_registry#2.global(30, "ext_output_image_capture_source_manager_v1", 1)
[20:00:39.849288]  -> wl_registry#2.global(38, "ext_foreign_toplevel_image_capture_source_manager_v1", 1)
[20:00:39.849429] wl_registry#2.bind(28, "zwlr_screencopy_manager_v1", 3, new id [unknown]#5)
[20:00:39.849495] zwlr_screencopy_manager_v1#5.capture_output(new id zwlr_screencopy_frame_v1#9, 0, wl_output#8)
[20:00:39.849503]  -> zwlr_screencopy_frame_v1#9.buffer(1, 1920, 1080, 7680)
[20:00:39.849505]  -> zwlr_screencopy_frame_v1#9.buffer_done()
[20:00:39.849548] zwlr_screencopy_frame_v1#9.copy(wl_buffer#11)
[20:00:39.852268]  -> zwlr_screencopy_frame_v1#9.flags(0)
[20:00:39.852279]  -> zwlr_screencopy_frame_v1#9.ready(0, 275623, 826306346)
[20:00:39.863030] zwlr_screencopy_frame_v1#9.destroy()
[20:00:40.223176]  -> wl_registry#2.global(28, "zwlr_screencopy_manager_v1", 3)
[20:00:40.223180]  -> wl_registry#2.global(29, "ext_image_copy_capture_manager_v1", 1)
[20:00:40.223183]  -> wl_registry#2.global(30, "ext_output_image_capture_source_manager_v1", 1)
[20:00:40.223205]  -> wl_registry#2.global(38, "ext_foreign_toplevel_image_capture_source_manager_v1", 1)
[20:00:40.223492] wl_registry#2.bind(28, "zwlr_screencopy_manager_v1", 3, new id [unknown]#5)
[20:00:40.251125]  -> wl_registry#2.global(28, "zwlr_screencopy_manager_v1", 3)
[20:00:40.251127]  -> wl_registry#2.global(29, "ext_image_copy_capture_manager_v1", 1)
[20:00:40.251129]  -> wl_registry#2.global(30, "ext_output_image_capture_source_manager_v1", 1)
[20:00:40.251145]  -> wl_registry#2.global(38, "ext_foreign_toplevel_image_capture_source_manager_v1", 1)
[20:00:40.251290] wl_registry#2.bind(28, "zwlr_screencopy_manager_v1", 3, new id [unknown]#5)
[20:00:40.251365] zwlr_screencopy_manager_v1#5.capture_output(new id zwlr_screencopy_frame_v1#9, 0, wl_output#8)
[20:00:40.251373]  -> zwlr_screencopy_frame_v1#9.buffer(1, 1920, 1080, 7680)
[20:00:40.251375]  -> zwlr_screencopy_frame_v1#9.buffer_done()
[20:00:40.251422] zwlr_screencopy_frame_v1#9.copy(wl_buffer#11)
[20:00:40.253976]  -> zwlr_screencopy_frame_v1#9.flags(0)
[20:00:40.253986]  -> zwlr_screencopy_frame_v1#9.ready(0, 275624, 228181487)
[20:00:40.264270] zwlr_screencopy_frame_v1#9.destroy()
[20:00:40.524254]  -> wl_registry#2.global(28, "zwlr_screencopy_manager_v1", 3)
[20:00:40.524256]  -> wl_registry#2.global(29, "ext_image_copy_capture_manager_v1", 1)
[20:00:40.524258]  -> wl_registry#2.global(30, "ext_output_image_capture_source_manager_v1", 1)
[20:00:40.524277]  -> wl_registry#2.global(38, "ext_foreign_toplevel_image_capture_source_manager_v1", 1)
[20:00:40.524423] wl_registry#2.bind(28, "zwlr_screencopy_manager_v1", 3, new id [unknown]#5)
[20:00:40.550865]  -> wl_registry#2.global(28, "zwlr_screencopy_manager_v1", 3)
[20:00:40.550867]  -> wl_registry#2.global(29, "ext_image_copy_capture_manager_v1", 1)
[20:00:40.550869]  -> wl_registry#2.global(30, "ext_output_image_capture_source_manager_v1", 1)
[20:00:40.550885]  -> wl_registry#2.global(38, "ext_foreign_toplevel_image_capture_source_manager_v1", 1)
[20:00:40.551022] wl_registry#2.bind(28, "zwlr_screencopy_manager_v1", 3, new id [unknown]#5)
[20:00:40.551093] zwlr_screencopy_manager_v1#5.capture_output(new id zwlr_screencopy_frame_v1#9, 0, wl_output#8)
[20:00:40.551101]  -> zwlr_screencopy_frame_v1#9.buffer(1, 1920, 1080, 7680)
[20:00:40.551103]  -> zwlr_screencopy_frame_v1#9.buffer_done()
[20:00:40.551151] zwlr_screencopy_frame_v1#9.copy(wl_buffer#11)
[20:00:40.554165]  -> zwlr_screencopy_frame_v1#9.flags(0)
[20:00:40.554176]  -> zwlr_screencopy_frame_v1#9.ready(0, 275624, 527911343)
[20:00:40.565823] zwlr_screencopy_frame_v1#9.destroy()
[20:00:40.836595]  -> wl_registry#2.global(28, "zwlr_screencopy_manager_v1", 3)
[20:00:40.836597]  -> wl_registry#2.global(29, "ext_image_copy_capture_manager_v1", 1)
[20:00:40.836599]  -> wl_registry#2.global(30, "ext_output_image_capture_source_manager_v1", 1)
[20:00:40.836615]  -> wl_registry#2.global(38, "ext_foreign_toplevel_image_capture_source_manager_v1", 1)
[20:00:40.836812] wl_registry#2.bind(28, "zwlr_screencopy_manager_v1", 3, new id [unknown]#5)
[20:00:40.855742]  -> wl_registry#2.global(28, "zwlr_screencopy_manager_v1", 3)
[20:00:40.855744]  -> wl_registry#2.global(29, "ext_image_copy_capture_manager_v1", 1)
[20:00:40.855746]  -> wl_registry#2.global(30, "ext_output_image_capture_source_manager_v1", 1)
[20:00:40.855769]  -> wl_registry#2.global(38, "ext_foreign_toplevel_image_capture_source_manager_v1", 1)
[20:00:40.855906] wl_registry#2.bind(28, "zwlr_screencopy_manager_v1", 3, new id [unknown]#5)
[20:00:40.855978] zwlr_screencopy_manager_v1#5.capture_output(new id zwlr_screencopy_frame_v1#9, 0, wl_output#8)
[20:00:40.855985]  -> zwlr_screencopy_frame_v1#9.buffer(1, 1920, 1080, 7680)
[20:00:40.855987]  -> zwlr_screencopy_frame_v1#9.buffer_done()
[20:00:40.856034] zwlr_screencopy_frame_v1#9.copy(wl_buffer#11)
[20:00:40.858753]  -> zwlr_screencopy_frame_v1#9.flags(0)
[20:00:40.858762]  -> zwlr_screencopy_frame_v1#9.ready(0, 275624, 832792315)
[20:00:40.869026] zwlr_screencopy_frame_v1#9.destroy()
[20:00:41.122361]  -> wl_registry#2.global(28, "zwlr_screencopy_manager_v1", 3)
[20:00:41.122367]  -> wl_registry#2.global(29, "ext_image_copy_capture_manager_v1", 1)
[20:00:41.122370]  -> wl_registry#2.global(30, "ext_output_image_capture_source_manager_v1", 1)
[20:00:41.122386]  -> wl_registry#2.global(38, "ext_foreign_toplevel_image_capture_source_manager_v1", 1)
[20:00:41.122527] wl_registry#2.bind(28, "zwlr_screencopy_manager_v1", 3, new id [unknown]#5)
[20:00:41.258601]  -> wl_registry#2.global(28, "zwlr_screencopy_manager_v1", 3)
[20:00:41.258603]  -> wl_registry#2.global(29, "ext_image_copy_capture_manager_v1", 1)
[20:00:41.258605]  -> wl_registry#2.global(30, "ext_output_image_capture_source_manager_v1", 1)
[20:00:41.258632]  -> wl_registry#2.global(38, "ext_foreign_toplevel_image_capture_source_manager_v1", 1)
[20:00:41.258834] wl_registry#2.bind(28, "zwlr_screencopy_manager_v1", 3, new id [unknown]#5)
[20:00:41.374969]  -> wl_registry#2.global(28, "zwlr_screencopy_manager_v1", 3)
[20:00:41.374971]  -> wl_registry#2.global(29, "ext_image_copy_capture_manager_v1", 1)
[20:00:41.374973]  -> wl_registry#2.global(30, "ext_output_image_capture_source_manager_v1", 1)
[20:00:41.374989]  -> wl_registry#2.global(38, "ext_foreign_toplevel_image_capture_source_manager_v1", 1)
[20:00:41.375150] wl_registry#2.bind(28, "zwlr_screencopy_manager_v1", 3, new id [unknown]#5)
[20:00:41.400966]  -> wl_registry#2.global(28, "zwlr_screencopy_manager_v1", 3)
[20:00:41.400968]  -> wl_registry#2.global(29, "ext_image_copy_capture_manager_v1", 1)
[20:00:41.400970]  -> wl_registry#2.global(30, "ext_output_image_capture_source_manager_v1", 1)
[20:00:41.400986]  -> wl_registry#2.global(38, "ext_foreign_toplevel_image_capture_source_manager_v1", 1)
[20:00:41.401127] wl_registry#2.bind(28, "zwlr_screencopy_manager_v1", 3, new id [unknown]#5)
[20:00:41.401193] zwlr_screencopy_manager_v1#5.capture_output(new id zwlr_screencopy_frame_v1#9, 0, wl_output#8)
[20:00:41.401200]  -> zwlr_screencopy_frame_v1#9.buffer(1, 1920, 1080, 7680)
[20:00:41.401203]  -> zwlr_screencopy_frame_v1#9.buffer_done()
[20:00:41.401248] zwlr_screencopy_frame_v1#9.copy(wl_buffer#11)
[20:00:41.403977]  -> zwlr_screencopy_frame_v1#9.flags(0)
[20:00:41.403991]  -> zwlr_screencopy_frame_v1#9.ready(0, 275625, 378012432)
[20:00:41.414215] zwlr_screencopy_frame_v1#9.destroy()
[20:00:41.774718]  -> wl_registry#2.global(28, "zwlr_screencopy_manager_v1", 3)
[20:00:41.774720]  -> wl_registry#2.global(29, "ext_image_copy_capture_manager_v1", 1)
[20:00:41.774722]  -> wl_registry#2.global(30, "ext_output_image_capture_source_manager_v1", 1)
[20:00:41.774738]  -> wl_registry#2.global(38, "ext_foreign_toplevel_image_capture_source_manager_v1", 1)
[20:00:41.774892] wl_registry#2.bind(28, "zwlr_screencopy_manager_v1", 3, new id [unknown]#5)
[20:00:41.801449]  -> wl_registry#2.global(28, "zwlr_screencopy_manager_v1", 3)
[20:00:41.801451]  -> wl_registry#2.global(29, "ext_image_copy_capture_manager_v1", 1)
[20:00:41.801453]  -> wl_registry#2.global(30, "ext_output_image_capture_source_manager_v1", 1)
[20:00:41.801469]  -> wl_registry#2.global(38, "ext_foreign_toplevel_image_capture_source_manager_v1", 1)
[20:00:41.801649] wl_registry#2.bind(28, "zwlr_screencopy_manager_v1", 3, new id [unknown]#5)
[20:00:41.801715] zwlr_screencopy_manager_v1#5.capture_output(new id zwlr_screencopy_frame_v1#9, 0, wl_output#8)
[20:00:41.801722]  -> zwlr_screencopy_frame_v1#9.buffer(1, 1920, 1080, 7680)
[20:00:41.801724]  -> zwlr_screencopy_frame_v1#9.buffer_done()
[20:00:41.801771] zwlr_screencopy_frame_v1#9.copy(wl_buffer#11)
[20:00:41.804533]  -> zwlr_screencopy_frame_v1#9.flags(0)
[20:00:41.804545]  -> zwlr_screencopy_frame_v1#9.ready(0, 275625, 778530381)
[20:00:41.815296] zwlr_screencopy_frame_v1#9.destroy()
[20:00:42.074282]  -> wl_registry#2.global(28, "zwlr_screencopy_manager_v1", 3)
[20:00:42.074284]  -> wl_registry#2.global(29, "ext_image_copy_capture_manager_v1", 1)
[20:00:42.074286]  -> wl_registry#2.global(30, "ext_output_image_capture_source_manager_v1", 1)
[20:00:42.074302]  -> wl_registry#2.global(38, "ext_foreign_toplevel_image_capture_source_manager_v1", 1)
[20:00:42.074491] wl_registry#2.bind(28, "zwlr_screencopy_manager_v1", 3, new id [unknown]#5)
[20:00:42.100493]  -> wl_registry#2.global(28, "zwlr_screencopy_manager_v1", 3)
[20:00:42.100495]  -> wl_registry#2.global(29, "ext_image_copy_capture_manager_v1", 1)
[20:00:42.100497]  -> wl_registry#2.global(30, "ext_output_image_capture_source_manager_v1", 1)
[20:00:42.100513]  -> wl_registry#2.global(38, "ext_foreign_toplevel_image_capture_source_manager_v1", 1)
[20:00:42.100703] wl_registry#2.bind(28, "zwlr_screencopy_manager_v1", 3, new id [unknown]#5)
[20:00:42.100772] zwlr_screencopy_manager_v1#5.capture_output(new id zwlr_screencopy_frame_v1#9, 0, wl_output#8)
[20:00:42.100779]  -> zwlr_screencopy_frame_v1#9.buffer(1, 1920, 1080, 7680)
[20:00:42.100782]  -> zwlr_screencopy_frame_v1#9.buffer_done()
[20:00:42.100832] zwlr_screencopy_frame_v1#9.copy(wl_buffer#11)
[20:00:42.103570]  -> zwlr_screencopy_frame_v1#9.flags(0)
[20:00:42.103580]  -> zwlr_screencopy_frame_v1#9.ready(0, 275626, 77591750)
[20:00:42.114151] zwlr_screencopy_frame_v1#9.destroy()
[20:00:42.375598]  -> wl_registry#2.global(28, "zwlr_screencopy_manager_v1", 3)
[20:00:42.375600]  -> wl_registry#2.global(29, "ext_image_copy_capture_manager_v1", 1)
[20:00:42.375602]  -> wl_registry#2.global(30, "ext_output_image_capture_source_manager_v1", 1)
[20:00:42.375618]  -> wl_registry#2.global(38, "ext_foreign_toplevel_image_capture_source_manager_v1", 1)
[20:00:42.375786] wl_registry#2.bind(28, "zwlr_screencopy_manager_v1", 3, new id [unknown]#5)
[20:00:42.402925]  -> wl_registry#2.global(28, "zwlr_screencopy_manager_v1", 3)
[20:00:42.402928]  -> wl_registry#2.global(29, "ext_image_copy_capture_manager_v1", 1)
[20:00:42.402932]  -> wl_registry#2.global(30, "ext_output_image_capture_source_manager_v1", 1)
[20:00:42.402958]  -> wl_registry#2.global(38, "ext_foreign_toplevel_image_capture_source_manager_v1", 1)
[20:00:42.403165] wl_registry#2.bind(28, "zwlr_screencopy_manager_v1", 3, new id [unknown]#5)
[20:00:42.403259] zwlr_screencopy_manager_v1#5.capture_output(new id zwlr_screencopy_frame_v1#9, 0, wl_output#8)
[20:00:42.403273]  -> zwlr_screencopy_frame_v1#9.buffer(1, 1920, 1080, 7680)
[20:00:42.403277]  -> zwlr_screencopy_frame_v1#9.buffer_done()
[20:00:42.403343] zwlr_screencopy_frame_v1#9.copy(wl_buffer#11)
[20:00:42.406719]  -> zwlr_screencopy_frame_v1#9.flags(0)
[20:00:42.406733]  -> zwlr_screencopy_frame_v1#9.ready(0, 275626, 380119912)
[20:00:42.417463] zwlr_screencopy_frame_v1#9.destroy()
[20:00:42.682722]  -> wl_registry#2.global(28, "zwlr_screencopy_manager_v1", 3)
[20:00:42.682724]  -> wl_registry#2.global(29, "ext_image_copy_capture_manager_v1", 1)
[20:00:42.682726]  -> wl_registry#2.global(30, "ext_output_image_capture_source_manager_v1", 1)
[20:00:42.682743]  -> wl_registry#2.global(38, "ext_foreign_toplevel_image_capture_source_manager_v1", 1)
[20:00:42.682931] wl_registry#2.bind(28, "zwlr_screencopy_manager_v1", 3, new id [unknown]#5)
[20:00:42.822476]  -> wl_registry#2.global(28, "zwlr_screencopy_manager_v1", 3)
[20:00:42.822478]  -> wl_registry#2.global(29, "ext_image_copy_capture_manager_v1", 1)
[20:00:42.822480]  -> wl_registry#2.global(30, "ext_output_image_capture_source_manager_v1", 1)
[20:00:42.822497]  -> wl_registry#2.global(38, "ext_foreign_toplevel_image_capture_source_manager_v1", 1)
[20:00:42.822658] wl_registry#2.bind(28, "zwlr_screencopy_manager_v1", 3, new id [unknown]#5)
[20:00:42.939510]  -> wl_registry#2.global(28, "zwlr_screencopy_manager_v1", 3)
[20:00:42.939512]  -> wl_registry#2.global(29, "ext_image_copy_capture_manager_v1", 1)
[20:00:42.939514]  -> wl_registry#2.global(30, "ext_output_image_capture_source_manager_v1", 1)
[20:00:42.939559]  -> wl_registry#2.global(38, "ext_foreign_toplevel_image_capture_source_manager_v1", 1)
[20:00:42.939712] wl_registry#2.bind(28, "zwlr_screencopy_manager_v1", 3, new id [unknown]#5)
[20:00:42.966099]  -> wl_registry#2.global(28, "zwlr_screencopy_manager_v1", 3)
[20:00:42.966100]  -> wl_registry#2.global(29, "ext_image_copy_capture_manager_v1", 1)
[20:00:42.966102]  -> wl_registry#2.global(30, "ext_output_image_capture_source_manager_v1", 1)
[20:00:42.966119]  -> wl_registry#2.global(38, "ext_foreign_toplevel_image_capture_source_manager_v1", 1)
[20:00:42.966293] wl_registry#2.bind(28, "zwlr_screencopy_manager_v1", 3, new id [unknown]#5)
[20:00:42.966364] zwlr_screencopy_manager_v1#5.capture_output(new id zwlr_screencopy_frame_v1#9, 0, wl_output#8)
[20:00:42.966372]  -> zwlr_screencopy_frame_v1#9.buffer(1, 1920, 1080, 7680)
[20:00:42.966377]  -> zwlr_screencopy_frame_v1#9.buffer_done()
[20:00:42.966432] zwlr_screencopy_frame_v1#9.copy(wl_buffer#11)
[20:00:42.969864]  -> zwlr_screencopy_frame_v1#9.flags(0)
[20:00:42.969883]  -> zwlr_screencopy_frame_v1#9.ready(0, 275626, 943195601)
[20:00:42.980904] zwlr_screencopy_frame_v1#9.destroy()
[20:00:43.345139]  -> wl_registry#2.global(28, "zwlr_screencopy_manager_v1", 3)
[20:00:43.345141]  -> wl_registry#2.global(29, "ext_image_copy_capture_manager_v1", 1)
[20:00:43.345143]  -> wl_registry#2.global(30, "ext_output_image_capture_source_manager_v1", 1)
[20:00:43.345172]  -> wl_registry#2.global(38, "ext_foreign_toplevel_image_capture_source_manager_v1", 1)
[20:00:43.345333] wl_registry#2.bind(28, "zwlr_screencopy_manager_v1", 3, new id [unknown]#5)
[20:00:43.373527]  -> wl_registry#2.global(28, "zwlr_screencopy_manager_v1", 3)
[20:00:43.373530]  -> wl_registry#2.global(29, "ext_image_copy_capture_manager_v1", 1)
[20:00:43.373532]  -> wl_registry#2.global(30, "ext_output_image_capture_source_manager_v1", 1)
[20:00:43.373555]  -> wl_registry#2.global(38, "ext_foreign_toplevel_image_capture_source_manager_v1", 1)
[20:00:43.373766] wl_registry#2.bind(28, "zwlr_screencopy_manager_v1", 3, new id [unknown]#5)
[20:00:43.373860] zwlr_screencopy_manager_v1#5.capture_output(new id zwlr_screencopy_frame_v1#9, 0, wl_output#8)
[20:00:43.373874]  -> zwlr_screencopy_frame_v1#9.buffer(1, 1920, 1080, 7680)
[20:00:43.373878]  -> zwlr_screencopy_frame_v1#9.buffer_done()
[20:00:43.373944] zwlr_screencopy_frame_v1#9.copy(wl_buffer#11)
[20:00:43.377786]  -> zwlr_screencopy_frame_v1#9.flags(0)
[20:00:43.377802]  -> zwlr_screencopy_frame_v1#9.ready(0, 275627, 350731657)
[20:00:43.388446] zwlr_screencopy_frame_v1#9.destroy()
[20:00:43.653161]  -> wl_registry#2.global(28, "zwlr_screencopy_manager_v1", 3)
[20:00:43.653163]  -> wl_registry#2.global(29, "ext_image_copy_capture_manager_v1", 1)
[20:00:43.653165]  -> wl_registry#2.global(30, "ext_output_image_capture_source_manager_v1", 1)
[20:00:43.653181]  -> wl_registry#2.global(38, "ext_foreign_toplevel_image_capture_source_manager_v1", 1)
[20:00:43.653350] wl_registry#2.bind(28, "zwlr_screencopy_manager_v1", 3, new id [unknown]#5)
[20:00:43.680772]  -> wl_registry#2.global(28, "zwlr_screencopy_manager_v1", 3)
[20:00:43.680774]  -> wl_registry#2.global(29, "ext_image_copy_capture_manager_v1", 1)
[20:00:43.680776]  -> wl_registry#2.global(30, "ext_output_image_capture_source_manager_v1", 1)
[20:00:43.680792]  -> wl_registry#2.global(38, "ext_foreign_toplevel_image_capture_source_manager_v1", 1)
[20:00:43.680946] wl_registry#2.bind(28, "zwlr_screencopy_manager_v1", 3, new id [unknown]#5)
[20:00:43.681013] zwlr_screencopy_manager_v1#5.capture_output(new id zwlr_screencopy_frame_v1#9, 0, wl_output#8)
[20:00:43.681021]  -> zwlr_screencopy_frame_v1#9.buffer(1, 1920, 1080, 7680)
[20:00:43.681023]  -> zwlr_screencopy_frame_v1#9.buffer_done()
[20:00:43.681071] zwlr_screencopy_frame_v1#9.copy(wl_buffer#11)
[20:00:43.683720]  -> zwlr_screencopy_frame_v1#9.flags(0)
[20:00:43.683732]  -> zwlr_screencopy_frame_v1#9.ready(0, 275627, 657835066)
[20:00:43.694127] zwlr_screencopy_frame_v1#9.destroy()
[20:00:43.960123]  -> wl_registry#2.global(28, "zwlr_screencopy_manager_v1", 3)
[20:00:43.960124]  -> wl_registry#2.global(29, "ext_image_copy_capture_manager_v1", 1)
[20:00:43.960126]  -> wl_registry#2.global(30, "ext_output_image_capture_source_manager_v1", 1)
[20:00:43.960142]  -> wl_registry#2.global(38, "ext_foreign_toplevel_image_capture_source_manager_v1", 1)
[20:00:43.960316] wl_registry#2.bind(28, "zwlr_screencopy_manager_v1", 3, new id [unknown]#5)
[20:00:43.988477]  -> wl_registry#2.global(28, "zwlr_screencopy_manager_v1", 3)
[20:00:43.988479]  -> wl_registry#2.global(29, "ext_image_copy_capture_manager_v1", 1)
[20:00:43.988481]  -> wl_registry#2.global(30, "ext_output_image_capture_source_manager_v1", 1)
[20:00:43.988497]  -> wl_registry#2.global(38, "ext_foreign_toplevel_image_capture_source_manager_v1", 1)
[20:00:43.988648] wl_registry#2.bind(28, "zwlr_screencopy_manager_v1", 3, new id [unknown]#5)
[20:00:43.988722] zwlr_screencopy_manager_v1#5.capture_output(new id zwlr_screencopy_frame_v1#9, 0, wl_output#8)
[20:00:43.988731]  -> zwlr_screencopy_frame_v1#9.buffer(1, 1920, 1080, 7680)
[20:00:43.988734]  -> zwlr_screencopy_frame_v1#9.buffer_done()
[20:00:43.988788] zwlr_screencopy_frame_v1#9.copy(wl_buffer#11)
[20:00:43.991841]  -> zwlr_screencopy_frame_v1#9.flags(0)
[20:00:43.991855]  -> zwlr_screencopy_frame_v1#9.ready(0, 275627, 965561617)
[20:00:44.003831] zwlr_screencopy_frame_v1#9.destroy()
[20:00:44.273223]  -> wl_registry#2.global(28, "zwlr_screencopy_manager_v1", 3)
[20:00:44.273225]  -> wl_registry#2.global(29, "ext_image_copy_capture_manager_v1", 1)
[20:00:44.273227]  -> wl_registry#2.global(30, "ext_output_image_capture_source_manager_v1", 1)
[20:00:44.273243]  -> wl_registry#2.global(38, "ext_foreign_toplevel_image_capture_source_manager_v1", 1)
[20:00:44.273412] wl_registry#2.bind(28, "zwlr_screencopy_manager_v1", 3, new id [unknown]#5)
[20:00:44.293206]  -> wl_registry#2.global(28, "zwlr_screencopy_manager_v1", 3)
[20:00:44.293209]  -> wl_registry#2.global(29, "ext_image_copy_capture_manager_v1", 1)
[20:00:44.293212]  -> wl_registry#2.global(30, "ext_output_image_capture_source_manager_v1", 1)
[20:00:44.293230]  -> wl_registry#2.global(38, "ext_foreign_toplevel_image_capture_source_manager_v1", 1)
[20:00:44.293428] wl_registry#2.bind(28, "zwlr_screencopy_manager_v1", 3, new id [unknown]#5)
[20:00:44.293519] zwlr_screencopy_manager_v1#5.capture_output(new id zwlr_screencopy_frame_v1#9, 0, wl_output#8)
[20:00:44.293529]  -> zwlr_screencopy_frame_v1#9.buffer(1, 1920, 1080, 7680)
[20:00:44.293532]  -> zwlr_screencopy_frame_v1#9.buffer_done()
[20:00:44.293607] zwlr_screencopy_frame_v1#9.copy(wl_buffer#11)
[20:00:44.297079]  -> zwlr_screencopy_frame_v1#9.flags(0)
[20:00:44.297099]  -> zwlr_screencopy_frame_v1#9.ready(0, 275628, 270379575)
[20:00:44.309144] zwlr_screencopy_frame_v1#9.destroy()
[20:00:44.588609]  -> wl_registry#2.global(28, "zwlr_screencopy_manager_v1", 3)
[20:00:44.588611]  -> wl_registry#2.global(29, "ext_image_copy_capture_manager_v1", 1)
[20:00:44.588613]  -> wl_registry#2.global(30, "ext_output_image_capture_source_manager_v1", 1)
[20:00:44.588629]  -> wl_registry#2.global(38, "ext_foreign_toplevel_image_capture_source_manager_v1", 1)
[20:00:44.588801] wl_registry#2.bind(28, "zwlr_screencopy_manager_v1", 3, new id [unknown]#5)
[20:00:44.707940]  -> wl_registry#2.global(28, "zwlr_screencopy_manager_v1", 3)
[20:00:44.707943]  -> wl_registry#2.global(29, "ext_image_copy_capture_manager_v1", 1)
[20:00:44.707946]  -> wl_registry#2.global(30, "ext_output_image_capture_source_manager_v1", 1)
[20:00:44.707973]  -> wl_registry#2.global(38, "ext_foreign_toplevel_image_capture_source_manager_v1", 1)
[20:00:44.708142] wl_registry#2.bind(28, "zwlr_screencopy_manager_v1", 3, new id [unknown]#5)
[20:00:44.735291]  -> wl_registry#2.global(28, "zwlr_screencopy_manager_v1", 3)
[20:00:44.735295]  -> wl_registry#2.global(29, "ext_image_copy_capture_manager_v1", 1)
[20:00:44.735298]  -> wl_registry#2.global(30, "ext_output_image_capture_source_manager_v1", 1)
[20:00:44.735327]  -> wl_registry#2.global(38, "ext_foreign_toplevel_image_capture_source_manager_v1", 1)
[20:00:44.735548] wl_registry#2.bind(28, "zwlr_screencopy_manager_v1", 3, new id [unknown]#5)
[20:00:44.735648] zwlr_screencopy_manager_v1#5.capture_output(new id zwlr_screencopy_frame_v1#9, 0, wl_output#8)
[20:00:44.735663]  -> zwlr_screencopy_frame_v1#9.buffer(1, 1920, 1080, 7680)
[20:00:44.735668]  -> zwlr_screencopy_frame_v1#9.buffer_done()
[20:00:44.735736] zwlr_screencopy_frame_v1#9.copy(wl_buffer#11)
[20:00:44.739664]  -> zwlr_screencopy_frame_v1#9.flags(0)
[20:00:44.739675]  -> zwlr_screencopy_frame_v1#9.ready(0, 275628, 712515302)
[20:00:44.756467] zwlr_screencopy_frame_v1#9.destroy()
[20:00:45.123741]  -> wl_registry#2.global(28, "zwlr_screencopy_manager_v1", 3)
[20:00:45.123743]  -> wl_registry#2.global(29, "ext_image_copy_capture_manager_v1", 1)
[20:00:45.123745]  -> wl_registry#2.global(30, "ext_output_image_capture_source_manager_v1", 1)
[20:00:45.123763]  -> wl_registry#2.global(38, "ext_foreign_toplevel_image_capture_source_manager_v1", 1)
[20:00:45.123990] wl_registry#2.bind(28, "zwlr_screencopy_manager_v1", 3, new id [unknown]#5)
[20:00:45.152587]  -> wl_registry#2.global(28, "zwlr_screencopy_manager_v1", 3)
[20:00:45.152594]  -> wl_registry#2.global(29, "ext_image_copy_capture_manager_v1", 1)
[20:00:45.152603]  -> wl_registry#2.global(30, "ext_output_image_capture_source_manager_v1", 1)
[20:00:45.152621]  -> wl_registry#2.global(38, "ext_foreign_toplevel_image_capture_source_manager_v1", 1)
[20:00:45.152777] wl_registry#2.bind(28, "zwlr_screencopy_manager_v1", 3, new id [unknown]#5)
[20:00:45.152864] zwlr_screencopy_manager_v1#5.capture_output(new id zwlr_screencopy_frame_v1#9, 0, wl_output#8)
[20:00:45.152872]  -> zwlr_screencopy_frame_v1#9.buffer(1, 1920, 1080, 7680)
[20:00:45.152874]  -> zwlr_screencopy_frame_v1#9.buffer_done()
[20:00:45.152927] zwlr_screencopy_frame_v1#9.copy(wl_buffer#11)
[20:00:45.156370]  -> zwlr_screencopy_frame_v1#9.flags(0)
[20:00:45.156383]  -> zwlr_screencopy_frame_v1#9.ready(0, 275629, 129692304)
[20:00:45.168947] zwlr_screencopy_frame_v1#9.destroy()
[20:00:45.434418]  -> wl_registry#2.global(28, "zwlr_screencopy_manager_v1", 3)
[20:00:45.434420]  -> wl_registry#2.global(29, "ext_image_copy_capture_manager_v1", 1)
[20:00:45.434422]  -> wl_registry#2.global(30, "ext_output_image_capture_source_manager_v1", 1)
[20:00:45.434438]  -> wl_registry#2.global(38, "ext_foreign_toplevel_image_capture_source_manager_v1", 1)
[20:00:45.434583] wl_registry#2.bind(28, "zwlr_screencopy_manager_v1", 3, new id [unknown]#5)
[20:00:45.461460]  -> wl_registry#2.global(28, "zwlr_screencopy_manager_v1", 3)
[20:00:45.461462]  -> wl_registry#2.global(29, "ext_image_copy_capture_manager_v1", 1)
[20:00:45.461464]  -> wl_registry#2.global(30, "ext_output_image_capture_source_manager_v1", 1)
[20:00:45.461492]  -> wl_registry#2.global(38, "ext_foreign_toplevel_image_capture_source_manager_v1", 1)
[20:00:45.461662] wl_registry#2.bind(28, "zwlr_screencopy_manager_v1", 3, new id [unknown]#5)
[20:00:45.461735] zwlr_screencopy_manager_v1#5.capture_output(new id zwlr_screencopy_frame_v1#9, 0, wl_output#8)
[20:00:45.461743]  -> zwlr_screencopy_frame_v1#9.buffer(1, 1920, 1080, 7680)
[20:00:45.461745]  -> zwlr_screencopy_frame_v1#9.buffer_done()
[20:00:45.461793] zwlr_screencopy_frame_v1#9.copy(wl_buffer#11)
[20:00:45.464667]  -> zwlr_screencopy_frame_v1#9.flags(0)
[20:00:45.464682]  -> zwlr_screencopy_frame_v1#9.ready(0, 275629, 438556720)
[20:00:45.477206] zwlr_screencopy_frame_v1#9.destroy()
[20:00:45.743013]  -> wl_registry#2.global(28, "zwlr_screencopy_manager_v1", 3)
[20:00:45.743016]  -> wl_registry#2.global(29, "ext_image_copy_capture_manager_v1", 1)
[20:00:45.743018]  -> wl_registry#2.global(30, "ext_output_image_capture_source_manager_v1", 1)
[20:00:45.743054]  -> wl_registry#2.global(38, "ext_foreign_toplevel_image_capture_source_manager_v1", 1)
[20:00:45.743207] wl_registry#2.bind(28, "zwlr_screencopy_manager_v1", 3, new id [unknown]#5)
[20:00:45.771231]  -> wl_registry#2.global(28, "zwlr_screencopy_manager_v1", 3)
[20:00:45.771233]  -> wl_registry#2.global(29, "ext_image_copy_capture_manager_v1", 1)
[20:00:45.771235]  -> wl_registry#2.global(30, "ext_output_image_capture_source_manager_v1", 1)
[20:00:45.771251]  -> wl_registry#2.global(38, "ext_foreign_toplevel_image_capture_source_manager_v1", 1)
[20:00:45.771408] wl_registry#2.bind(28, "zwlr_screencopy_manager_v1", 3, new id [unknown]#5)
[20:00:45.771481] zwlr_screencopy_manager_v1#5.capture_output(new id zwlr_screencopy_frame_v1#9, 0, wl_output#8)
[20:00:45.771493]  -> zwlr_screencopy_frame_v1#9.buffer(1, 1920, 1080, 7680)
[20:00:45.771499]  -> zwlr_screencopy_frame_v1#9.buffer_done()
[20:00:45.771552] zwlr_screencopy_frame_v1#9.copy(wl_buffer#11)
[20:00:45.774667]  -> zwlr_screencopy_frame_v1#9.flags(0)
[20:00:45.774679]  -> zwlr_screencopy_frame_v1#9.ready(0, 275629, 748319626)
[20:00:45.785322] zwlr_screencopy_frame_v1#9.destroy()
[20:00:46.045339]  -> wl_registry#2.global(28, "zwlr_screencopy_manager_v1", 3)
[20:00:46.045340]  -> wl_registry#2.global(29, "ext_image_copy_capture_manager_v1", 1)
[20:00:46.045343]  -> wl_registry#2.global(30, "ext_output_image_capture_source_manager_v1", 1)
[20:00:46.045367]  -> wl_registry#2.global(38, "ext_foreign_toplevel_image_capture_source_manager_v1", 1)
[20:00:46.045527] wl_registry#2.bind(28, "zwlr_screencopy_manager_v1", 3, new id [unknown]#5)
[20:00:46.065123]  -> wl_registry#2.global(28, "zwlr_screencopy_manager_v1", 3)
[20:00:46.065127]  -> wl_registry#2.global(29, "ext_image_copy_capture_manager_v1", 1)
[20:00:46.065130]  -> wl_registry#2.global(30, "ext_output_image_capture_source_manager_v1", 1)
[20:00:46.065158]  -> wl_registry#2.global(38, "ext_foreign_toplevel_image_capture_source_manager_v1", 1)
[20:00:46.065385] wl_registry#2.bind(28, "zwlr_screencopy_manager_v1", 3, new id [unknown]#5)
[20:00:46.065481] zwlr_screencopy_manager_v1#5.capture_output(new id zwlr_screencopy_frame_v1#9, 0, wl_output#8)
[20:00:46.065492]  -> zwlr_screencopy_frame_v1#9.buffer(1, 1920, 1080, 7680)
[20:00:46.065497]  -> zwlr_screencopy_frame_v1#9.buffer_done()
[20:00:46.065570] zwlr_screencopy_frame_v1#9.copy(wl_buffer#11)
[20:00:46.068752]  -> zwlr_screencopy_frame_v1#9.flags(0)
[20:00:46.068766]  -> zwlr_screencopy_frame_v1#9.ready(0, 275630, 42345052)
[20:00:46.079492] zwlr_screencopy_frame_v1#9.destroy()
[20:00:46.340308]  -> wl_registry#2.global(28, "zwlr_screencopy_manager_v1", 3)
[20:00:46.340310]  -> wl_registry#2.global(29, "ext_image_copy_capture_manager_v1", 1)
[20:00:46.340312]  -> wl_registry#2.global(30, "ext_output_image_capture_source_manager_v1", 1)
[20:00:46.340328]  -> wl_registry#2.global(38, "ext_foreign_toplevel_image_capture_source_manager_v1", 1)
[20:00:46.340486] wl_registry#2.bind(28, "zwlr_screencopy_manager_v1", 3, new id [unknown]#5)
[20:00:46.478570]  -> wl_registry#2.global(28, "zwlr_screencopy_manager_v1", 3)
[20:00:46.478572]  -> wl_registry#2.global(29, "ext_image_copy_capture_manager_v1", 1)
[20:00:46.478574]  -> wl_registry#2.global(30, "ext_output_image_capture_source_manager_v1", 1)
[20:00:46.478590]  -> wl_registry#2.global(38, "ext_foreign_toplevel_image_capture_source_manager_v1", 1)
[20:00:46.478751] wl_registry#2.bind(28, "zwlr_screencopy_manager_v1", 3, new id [unknown]#5)
[20:00:46.505884]  -> wl_registry#2.global(28, "zwlr_screencopy_manager_v1", 3)
[20:00:46.505886]  -> wl_registry#2.global(29, "ext_image_copy_capture_manager_v1", 1)
[20:00:46.505888]  -> wl_registry#2.global(30, "ext_output_image_capture_source_manager_v1", 1)
[20:00:46.505904]  -> wl_registry#2.global(38, "ext_foreign_toplevel_image_capture_source_manager_v1", 1)
[20:00:46.506063] wl_registry#2.bind(28, "zwlr_screencopy_manager_v1", 3, new id [unknown]#5)
[20:00:46.506141] zwlr_screencopy_manager_v1#5.capture_output(new id zwlr_screencopy_frame_v1#9, 0, wl_output#8)
[20:00:46.506149]  -> zwlr_screencopy_frame_v1#9.buffer(1, 1920, 1080, 7680)
[20:00:46.506152]  -> zwlr_screencopy_frame_v1#9.buffer_done()
[20:00:46.506204] zwlr_screencopy_frame_v1#9.copy(wl_buffer#11)
[20:00:46.509122]  -> zwlr_screencopy_frame_v1#9.flags(0)
[20:00:46.509134]  -> zwlr_screencopy_frame_v1#9.ready(0, 275630, 482966965)
[20:00:46.521600] zwlr_screencopy_frame_v1#9.destroy()
[20:00:46.893059]  -> wl_registry#2.global(28, "zwlr_screencopy_manager_v1", 3)
[20:00:46.893061]  -> wl_registry#2.global(29, "ext_image_copy_capture_manager_v1", 1)
[20:00:46.893063]  -> wl_registry#2.global(30, "ext_output_image_capture_source_manager_v1", 1)
[20:00:46.893079]  -> wl_registry#2.global(38, "ext_foreign_toplevel_image_capture_source_manager_v1", 1)
[20:00:46.893233] wl_registry#2.bind(28, "zwlr_screencopy_manager_v1", 3, new id [unknown]#5)
[20:00:46.918528]  -> wl_registry#2.global(28, "zwlr_screencopy_manager_v1", 3)
[20:00:46.918530]  -> wl_registry#2.global(29, "ext_image_copy_capture_manager_v1", 1)
[20:00:46.918532]  -> wl_registry#2.global(30, "ext_output_image_capture_source_manager_v1", 1)
[20:00:46.918548]  -> wl_registry#2.global(38, "ext_foreign_toplevel_image_capture_source_manager_v1", 1)
[20:00:46.918694] wl_registry#2.bind(28, "zwlr_screencopy_manager_v1", 3, new id [unknown]#5)
[20:00:46.918772] zwlr_screencopy_manager_v1#5.capture_output(new id zwlr_screencopy_frame_v1#9, 0, wl_output#8)
[20:00:46.918780]  -> zwlr_screencopy_frame_v1#9.buffer(1, 1920, 1080, 7680)
[20:00:46.918783]  -> zwlr_screencopy_frame_v1#9.buffer_done()
[20:00:46.918834] zwlr_screencopy_frame_v1#9.copy(wl_buffer#11)
[20:00:46.921746]  -> zwlr_screencopy_frame_v1#9.flags(0)
[20:00:46.921755]  -> zwlr_screencopy_frame_v1#9.ready(0, 275630, 895593984)
[20:00:46.937519] zwlr_screencopy_frame_v1#9.destroy()
[20:00:47.202014]  -> wl_registry#2.global(28, "zwlr_screencopy_manager_v1", 3)
[20:00:47.202016]  -> wl_registry#2.global(29, "ext_image_copy_capture_manager_v1", 1)
[20:00:47.202018]  -> wl_registry#2.global(30, "ext_output_image_capture_source_manager_v1", 1)
[20:00:47.202035]  -> wl_registry#2.global(38, "ext_foreign_toplevel_image_capture_source_manager_v1", 1)
[20:00:47.202191] wl_registry#2.bind(28, "zwlr_screencopy_manager_v1", 3, new id [unknown]#5)
[20:00:47.228874]  -> wl_registry#2.global(28, "zwlr_screencopy_manager_v1", 3)
[20:00:47.228876]  -> wl_registry#2.global(29, "ext_image_copy_capture_manager_v1", 1)
[20:00:47.228878]  -> wl_registry#2.global(30, "ext_output_image_capture_source_manager_v1", 1)
[20:00:47.228893]  -> wl_registry#2.global(38, "ext_foreign_toplevel_image_capture_source_manager_v1", 1)
[20:00:47.229043] wl_registry#2.bind(28, "zwlr_screencopy_manager_v1", 3, new id [unknown]#5)
[20:00:47.229119] zwlr_screencopy_manager_v1#5.capture_output(new id zwlr_screencopy_frame_v1#9, 0, wl_output#8)
[20:00:47.229127]  -> zwlr_screencopy_frame_v1#9.buffer(1, 1920, 1080, 7680)
[20:00:47.229129]  -> zwlr_screencopy_frame_v1#9.buffer_done()
[20:00:47.229179] zwlr_screencopy_frame_v1#9.copy(wl_buffer#11)
[20:00:47.232198]  -> zwlr_screencopy_frame_v1#9.flags(0)
[20:00:47.232213]  -> zwlr_screencopy_frame_v1#9.ready(0, 275631, 205942506)
[20:00:47.243252] zwlr_screencopy_frame_v1#9.destroy()
[20:00:47.504091]  -> wl_registry#2.global(28, "zwlr_screencopy_manager_v1", 3)
[20:00:47.504094]  -> wl_registry#2.global(29, "ext_image_copy_capture_manager_v1", 1)
[20:00:47.504096]  -> wl_registry#2.global(30, "ext_output_image_capture_source_manager_v1", 1)
[20:00:47.504117]  -> wl_registry#2.global(38, "ext_foreign_toplevel_image_capture_source_manager_v1", 1)
[20:00:47.504302] wl_registry#2.bind(28, "zwlr_screencopy_manager_v1", 3, new id [unknown]#5)
[20:00:47.535538]  -> wl_registry#2.global(28, "zwlr_screencopy_manager_v1", 3)
[20:00:47.535540]  -> wl_registry#2.global(29, "ext_image_copy_capture_manager_v1", 1)
[20:00:47.535542]  -> wl_registry#2.global(30, "ext_output_image_capture_source_manager_v1", 1)
[20:00:47.535561]  -> wl_registry#2.global(38, "ext_foreign_toplevel_image_capture_source_manager_v1", 1)
[20:00:47.535717] wl_registry#2.bind(28, "zwlr_screencopy_manager_v1", 3, new id [unknown]#5)
[20:00:47.535789] zwlr_screencopy_manager_v1#5.capture_output(new id zwlr_screencopy_frame_v1#9, 0, wl_output#8)
[20:00:47.535797]  -> zwlr_screencopy_frame_v1#9.buffer(1, 1920, 1080, 7680)
[20:00:47.535799]  -> zwlr_screencopy_frame_v1#9.buffer_done()
[20:00:47.535855] zwlr_screencopy_frame_v1#9.copy(wl_buffer#11)
[20:00:47.538719]  -> zwlr_screencopy_frame_v1#9.flags(0)
[20:00:47.538729]  -> zwlr_screencopy_frame_v1#9.ready(0, 275631, 512614808)
[20:00:47.549325] zwlr_screencopy_frame_v1#9.destroy()
[20:00:47.810086]  -> wl_registry#2.global(28, "zwlr_screencopy_manager_v1", 3)
[20:00:47.810087]  -> wl_registry#2.global(29, "ext_image_copy_capture_manager_v1", 1)
[20:00:47.810089]  -> wl_registry#2.global(30, "ext_output_image_capture_source_manager_v1", 1)
[20:00:47.810105]  -> wl_registry#2.global(38, "ext_foreign_toplevel_image_capture_source_manager_v1", 1)
[20:00:47.810264] wl_registry#2.bind(28, "zwlr_screencopy_manager_v1", 3, new id [unknown]#5)
[20:00:47.829061]  -> wl_registry#2.global(28, "zwlr_screencopy_manager_v1", 3)
[20:00:47.829070]  -> wl_registry#2.global(29, "ext_image_copy_capture_manager_v1", 1)
[20:00:47.829072]  -> wl_registry#2.global(30, "ext_output_image_capture_source_manager_v1", 1)
[20:00:47.829088]  -> wl_registry#2.global(38, "ext_foreign_toplevel_image_capture_source_manager_v1", 1)
[20:00:47.829228] wl_registry#2.bind(28, "zwlr_screencopy_manager_v1", 3, new id [unknown]#5)
[20:00:47.829314] zwlr_screencopy_manager_v1#5.capture_output(new id zwlr_screencopy_frame_v1#9, 0, wl_output#8)
[20:00:47.829322]  -> zwlr_screencopy_frame_v1#9.buffer(1, 1920, 1080, 7680)
[20:00:47.829325]  -> zwlr_screencopy_frame_v1#9.buffer_done()
[20:00:47.829383] zwlr_screencopy_frame_v1#9.copy(wl_buffer#11)
[20:00:47.832063]  -> zwlr_screencopy_frame_v1#9.flags(0)
[20:00:47.832073]  -> zwlr_screencopy_frame_v1#9.ready(0, 275631, 806144642)
[20:00:47.845668] zwlr_screencopy_frame_v1#9.destroy()
[20:00:48.131697]  -> wl_registry#2.global(28, "zwlr_screencopy_manager_v1", 3)
[20:00:48.131699]  -> wl_registry#2.global(29, "ext_image_copy_capture_manager_v1", 1)
[20:00:48.131700]  -> wl_registry#2.global(30, "ext_output_image_capture_source_manager_v1", 1)
[20:00:48.131716]  -> wl_registry#2.global(38, "ext_foreign_toplevel_image_capture_source_manager_v1", 1)
[20:00:48.131864] wl_registry#2.bind(28, "zwlr_screencopy_manager_v1", 3, new id [unknown]#5)
[20:00:48.272996]  -> wl_registry#2.global(28, "zwlr_screencopy_manager_v1", 3)
[20:00:48.272998]  -> wl_registry#2.global(29, "ext_image_copy_capture_manager_v1", 1)
[20:00:48.273000]  -> wl_registry#2.global(30, "ext_output_image_capture_source_manager_v1", 1)
[20:00:48.273023]  -> wl_registry#2.global(38, "ext_foreign_toplevel_image_capture_source_manager_v1", 1)
[20:00:48.273168] wl_registry#2.bind(28, "zwlr_screencopy_manager_v1", 3, new id [unknown]#5)
[20:00:48.494278]  -> wl_registry#2.global(28, "zwlr_screencopy_manager_v1", 3)
[20:00:48.494280]  -> wl_registry#2.global(29, "ext_image_copy_capture_manager_v1", 1)
[20:00:48.494282]  -> wl_registry#2.global(30, "ext_output_image_capture_source_manager_v1", 1)
[20:00:48.494298]  -> wl_registry#2.global(38, "ext_foreign_toplevel_image_capture_source_manager_v1", 1)
[20:00:48.494503] wl_registry#2.bind(28, "zwlr_screencopy_manager_v1", 3, new id [unknown]#5)
[20:00:48.521857]  -> wl_registry#2.global(28, "zwlr_screencopy_manager_v1", 3)
[20:00:48.521859]  -> wl_registry#2.global(29, "ext_image_copy_capture_manager_v1", 1)
[20:00:48.521861]  -> wl_registry#2.global(30, "ext_output_image_capture_source_manager_v1", 1)
[20:00:48.521877]  -> wl_registry#2.global(38, "ext_foreign_toplevel_image_capture_source_manager_v1", 1)
[20:00:48.522100] wl_registry#2.bind(28, "zwlr_screencopy_manager_v1", 3, new id [unknown]#5)
[20:00:48.522181] zwlr_screencopy_manager_v1#5.capture_output(new id zwlr_screencopy_frame_v1#9, 0, wl_output#8)
[20:00:48.522188]  -> zwlr_screencopy_frame_v1#9.buffer(1, 1920, 1080, 7680)
[20:00:48.522191]  -> zwlr_screencopy_frame_v1#9.buffer_done()
[20:00:48.522242] zwlr_screencopy_frame_v1#9.copy(wl_buffer#11)
[20:00:48.525211]  -> zwlr_screencopy_frame_v1#9.flags(0)
[20:00:48.525221]  -> zwlr_screencopy_frame_v1#9.ready(0, 275632, 499004967)
[20:00:48.535893] zwlr_screencopy_frame_v1#9.destroy()
[20:00:48.797528]  -> wl_registry#2.global(28, "zwlr_screencopy_manager_v1", 3)
[20:00:48.797530]  -> wl_registry#2.global(29, "ext_image_copy_capture_manager_v1", 1)
[20:00:48.797532]  -> wl_registry#2.global(30, "ext_output_image_capture_source_manager_v1", 1)
[20:00:48.797547]  -> wl_registry#2.global(38, "ext_foreign_toplevel_image_capture_source_manager_v1", 1)
[20:00:48.797704] wl_registry#2.bind(28, "zwlr_screencopy_manager_v1", 3, new id [unknown]#5)
[20:00:48.824206]  -> wl_registry#2.global(28, "zwlr_screencopy_manager_v1", 3)
[20:00:48.824207]  -> wl_registry#2.global(29, "ext_image_copy_capture_manager_v1", 1)
[20:00:48.824209]  -> wl_registry#2.global(30, "ext_output_image_capture_source_manager_v1", 1)
[20:00:48.824225]  -> wl_registry#2.global(38, "ext_foreign_toplevel_image_capture_source_manager_v1", 1)
[20:00:48.824415] wl_registry#2.bind(28, "zwlr_screencopy_manager_v1", 3, new id [unknown]#5)
[20:00:48.824481] zwlr_screencopy_manager_v1#5.capture_output(new id zwlr_screencopy_frame_v1#9, 0, wl_output#8)
[20:00:48.824489]  -> zwlr_screencopy_frame_v1#9.buffer(1, 1920, 1080, 7680)
[20:00:48.824491]  -> zwlr_screencopy_frame_v1#9.buffer_done()
[20:00:48.824535] zwlr_screencopy_frame_v1#9.copy(wl_buffer#11)
[20:00:48.827891]  -> zwlr_screencopy_frame_v1#9.flags(0)
[20:00:48.827901]  -> zwlr_screencopy_frame_v1#9.ready(0, 275632, 801294722)
[20:00:48.838977] zwlr_screencopy_frame_v1#9.destroy()
[20:00:49.101159]  -> wl_registry#2.global(28, "zwlr_screencopy_manager_v1", 3)
[20:00:49.101160]  -> wl_registry#2.global(29, "ext_image_copy_capture_manager_v1", 1)
[20:00:49.101162]  -> wl_registry#2.global(30, "ext_output_image_capture_source_manager_v1", 1)
[20:00:49.101178]  -> wl_registry#2.global(38, "ext_foreign_toplevel_image_capture_source_manager_v1", 1)
[20:00:49.101335] wl_registry#2.bind(28, "zwlr_screencopy_manager_v1", 3, new id [unknown]#5)
[20:00:49.126623]  -> wl_registry#2.global(28, "zwlr_screencopy_manager_v1", 3)
[20:00:49.126625]  -> wl_registry#2.global(29, "ext_image_copy_capture_manager_v1", 1)
[20:00:49.126627]  -> wl_registry#2.global(30, "ext_output_image_capture_source_manager_v1", 1)
[20:00:49.126643]  -> wl_registry#2.global(38, "ext_foreign_toplevel_image_capture_source_manager_v1", 1)
[20:00:49.126787] wl_registry#2.bind(28, "zwlr_screencopy_manager_v1", 3, new id [unknown]#5)
[20:00:49.126855] zwlr_screencopy_manager_v1#5.capture_output(new id zwlr_screencopy_frame_v1#9, 0, wl_output#8)
[20:00:49.126862]  -> zwlr_screencopy_frame_v1#9.buffer(1, 1920, 1080, 7680)
[20:00:49.126864]  -> zwlr_screencopy_frame_v1#9.buffer_done()
[20:00:49.126909] zwlr_screencopy_frame_v1#9.copy(wl_buffer#11)
[20:00:49.129607]  -> zwlr_screencopy_frame_v1#9.flags(0)
[20:00:49.129618]  -> zwlr_screencopy_frame_v1#9.ready(0, 275633, 103668179)
[20:00:49.140473] zwlr_screencopy_frame_v1#9.destroy()
[20:00:49.408650]  -> wl_registry#2.global(28, "zwlr_screencopy_manager_v1", 3)
[20:00:49.408653]  -> wl_registry#2.global(29, "ext_image_copy_capture_manager_v1", 1)
[20:00:49.408656]  -> wl_registry#2.global(30, "ext_output_image_capture_source_manager_v1", 1)
[20:00:49.408683]  -> wl_registry#2.global(38, "ext_foreign_toplevel_image_capture_source_manager_v1", 1)
[20:00:49.408938] wl_registry#2.bind(28, "zwlr_screencopy_manager_v1", 3, new id [unknown]#5)
[20:00:49.428089]  -> wl_registry#2.global(28, "zwlr_screencopy_manager_v1", 3)
[20:00:49.428090]  -> wl_registry#2.global(29, "ext_image_copy_capture_manager_v1", 1)
[20:00:49.428093]  -> wl_registry#2.global(30, "ext_output_image_capture_source_manager_v1", 1)
[20:00:49.428108]  -> wl_registry#2.global(38, "ext_foreign_toplevel_image_capture_source_manager_v1", 1)
[20:00:49.428257] wl_registry#2.bind(28, "zwlr_screencopy_manager_v1", 3, new id [unknown]#5)
[20:00:49.428332] zwlr_screencopy_manager_v1#5.capture_output(new id zwlr_screencopy_frame_v1#9, 0, wl_output#8)
[20:00:49.428339]  -> zwlr_screencopy_frame_v1#9.buffer(1, 1920, 1080, 7680)
[20:00:49.428342]  -> zwlr_screencopy_frame_v1#9.buffer_done()
[20:00:49.428389] zwlr_screencopy_frame_v1#9.copy(wl_buffer#11)
[20:00:49.431284]  -> zwlr_screencopy_frame_v1#9.flags(0)
[20:00:49.431293]  -> zwlr_screencopy_frame_v1#9.ready(0, 275633, 405150578)
[20:00:49.442120] zwlr_screencopy_frame_v1#9.destroy()
[20:00:49.710308]  -> wl_registry#2.global(28, "zwlr_screencopy_manager_v1", 3)
[20:00:49.710310]  -> wl_registry#2.global(29, "ext_image_copy_capture_manager_v1", 1)
[20:00:49.710312]  -> wl_registry#2.global(30, "ext_output_image_capture_source_manager_v1", 1)
[20:00:49.710328]  -> wl_registry#2.global(38, "ext_foreign_toplevel_image_capture_source_manager_v1", 1)
[20:00:49.710477] wl_registry#2.bind(28, "zwlr_screencopy_manager_v1", 3, new id [unknown]#5)
[20:00:49.851868]  -> wl_registry#2.global(28, "zwlr_screencopy_manager_v1", 3)
[20:00:49.851870]  -> wl_registry#2.global(29, "ext_image_copy_capture_manager_v1", 1)
[20:00:49.851871]  -> wl_registry#2.global(30, "ext_output_image_capture_source_manager_v1", 1)
[20:00:49.851888]  -> wl_registry#2.global(38, "ext_foreign_toplevel_image_capture_source_manager_v1", 1)
[20:00:49.852060] wl_registry#2.bind(28, "zwlr_screencopy_manager_v1", 3, new id [unknown]#5)
[20:00:49.969047]  -> wl_registry#2.global(28, "zwlr_screencopy_manager_v1", 3)
[20:00:49.969052]  -> wl_registry#2.global(29, "ext_image_copy_capture_manager_v1", 1)
[20:00:49.969061]  -> wl_registry#2.global(30, "ext_output_image_capture_source_manager_v1", 1)
[20:00:49.969077]  -> wl_registry#2.global(38, "ext_foreign_toplevel_image_capture_source_manager_v1", 1)
[20:00:49.969231] wl_registry#2.bind(28, "zwlr_screencopy_manager_v1", 3, new id [unknown]#5)
[20:00:49.995719]  -> wl_registry#2.global(28, "zwlr_screencopy_manager_v1", 3)
[20:00:49.995721]  -> wl_registry#2.global(29, "ext_image_copy_capture_manager_v1", 1)
[20:00:49.995723]  -> wl_registry#2.global(30, "ext_output_image_capture_source_manager_v1", 1)
[20:00:49.995748]  -> wl_registry#2.global(38, "ext_foreign_toplevel_image_capture_source_manager_v1", 1)
[20:00:49.995885] wl_registry#2.bind(28, "zwlr_screencopy_manager_v1", 3, new id [unknown]#5)
[20:00:49.995958] zwlr_screencopy_manager_v1#5.capture_output(new id zwlr_screencopy_frame_v1#9, 0, wl_output#8)
[20:00:49.995965]  -> zwlr_screencopy_frame_v1#9.buffer(1, 1920, 1080, 7680)
[20:00:49.995968]  -> zwlr_screencopy_frame_v1#9.buffer_done()
[20:00:49.996014] zwlr_screencopy_frame_v1#9.copy(wl_buffer#11)
[20:00:49.998574]  -> zwlr_screencopy_frame_v1#9.flags(0)
[20:00:49.998581]  -> zwlr_screencopy_frame_v1#9.ready(0, 275633, 972773786)
[20:00:50.009812] zwlr_screencopy_frame_v1#9.destroy()
[20:00:50.271781]  -> wl_registry#2.global(28, "zwlr_screencopy_manager_v1", 3)
[20:00:50.271784]  -> wl_registry#2.global(29, "ext_image_copy_capture_manager_v1", 1)
[20:00:50.271788]  -> wl_registry#2.global(30, "ext_output_image_capture_source_manager_v1", 1)
[20:00:50.271835]  -> wl_registry#2.global(38, "ext_foreign_toplevel_image_capture_source_manager_v1", 1)
[20:00:50.272050] wl_registry#2.bind(28, "zwlr_screencopy_manager_v1", 3, new id [unknown]#5)
[20:00:50.298161]  -> wl_registry#2.global(28, "zwlr_screencopy_manager_v1", 3)
[20:00:50.298163]  -> wl_registry#2.global(29, "ext_image_copy_capture_manager_v1", 1)
[20:00:50.298165]  -> wl_registry#2.global(30, "ext_output_image_capture_source_manager_v1", 1)
[20:00:50.298181]  -> wl_registry#2.global(38, "ext_foreign_toplevel_image_capture_source_manager_v1", 1)
[20:00:50.298350] wl_registry#2.bind(28, "zwlr_screencopy_manager_v1", 3, new id [unknown]#5)
[20:00:50.298422] zwlr_screencopy_manager_v1#5.capture_output(new id zwlr_screencopy_frame_v1#9, 0, wl_output#8)
[20:00:50.298431]  -> zwlr_screencopy_frame_v1#9.buffer(1, 1920, 1080, 7680)
[20:00:50.298434]  -> zwlr_screencopy_frame_v1#9.buffer_done()
[20:00:50.298491] zwlr_screencopy_frame_v1#9.copy(wl_buffer#11)
[20:00:50.301052]  -> zwlr_screencopy_frame_v1#9.flags(0)
[20:00:50.301060]  -> zwlr_screencopy_frame_v1#9.ready(0, 275634, 275249299)
[20:00:50.313744] zwlr_screencopy_frame_v1#9.destroy()
[20:00:50.579748]  -> wl_registry#2.global(28, "zwlr_screencopy_manager_v1", 3)
[20:00:50.579750]  -> wl_registry#2.global(29, "ext_image_copy_capture_manager_v1", 1)
[20:00:50.579752]  -> wl_registry#2.global(30, "ext_output_image_capture_source_manager_v1", 1)
[20:00:50.579768]  -> wl_registry#2.global(38, "ext_foreign_toplevel_image_capture_source_manager_v1", 1)
[20:00:50.579934] wl_registry#2.bind(28, "zwlr_screencopy_manager_v1", 3, new id [unknown]#5)
[20:00:50.606950]  -> wl_registry#2.global(28, "zwlr_screencopy_manager_v1", 3)
[20:00:50.606952]  -> wl_registry#2.global(29, "ext_image_copy_capture_manager_v1", 1)
[20:00:50.606954]  -> wl_registry#2.global(30, "ext_output_image_capture_source_manager_v1", 1)
[20:00:50.606969]  -> wl_registry#2.global(38, "ext_foreign_toplevel_image_capture_source_manager_v1", 1)
[20:00:50.607121] wl_registry#2.bind(28, "zwlr_screencopy_manager_v1", 3, new id [unknown]#5)
[20:00:50.607192] zwlr_screencopy_manager_v1#5.capture_output(new id zwlr_screencopy_frame_v1#9, 0, wl_output#8)
[20:00:50.607199]  -> zwlr_screencopy_frame_v1#9.buffer(1, 1920, 1080, 7680)
[20:00:50.607202]  -> zwlr_screencopy_frame_v1#9.buffer_done()
[20:00:50.607252] zwlr_screencopy_frame_v1#9.copy(wl_buffer#11)
[20:00:50.609860]  -> zwlr_screencopy_frame_v1#9.flags(0)
[20:00:50.609870]  -> zwlr_screencopy_frame_v1#9.ready(0, 275634, 584020554)
[20:00:50.623432] zwlr_screencopy_frame_v1#9.destroy()
[20:00:50.884406]  -> wl_registry#2.global(28, "zwlr_screencopy_manager_v1", 3)
[20:00:50.884408]  -> wl_registry#2.global(29, "ext_image_copy_capture_manager_v1", 1)
[20:00:50.884410]  -> wl_registry#2.global(30, "ext_output_image_capture_source_manager_v1", 1)
[20:00:50.884426]  -> wl_registry#2.global(38, "ext_foreign_toplevel_image_capture_source_manager_v1", 1)
[20:00:50.884584] wl_registry#2.bind(28, "zwlr_screencopy_manager_v1", 3, new id [unknown]#5)
[20:00:50.911491]  -> wl_registry#2.global(28, "zwlr_screencopy_manager_v1", 3)
[20:00:50.911493]  -> wl_registry#2.global(29, "ext_image_copy_capture_manager_v1", 1)
[20:00:50.911495]  -> wl_registry#2.global(30, "ext_output_image_capture_source_manager_v1", 1)
[20:00:50.911513]  -> wl_registry#2.global(38, "ext_foreign_toplevel_image_capture_source_manager_v1", 1)
[20:00:50.911708] wl_registry#2.bind(28, "zwlr_screencopy_manager_v1", 3, new id [unknown]#5)
[20:00:50.911797] zwlr_screencopy_manager_v1#5.capture_output(new id zwlr_screencopy_frame_v1#9, 0, wl_output#8)
[20:00:50.911807]  -> zwlr_screencopy_frame_v1#9.buffer(1, 1920, 1080, 7680)
[20:00:50.911809]  -> zwlr_screencopy_frame_v1#9.buffer_done()
[20:00:50.911862] zwlr_screencopy_frame_v1#9.copy(wl_buffer#11)
[20:00:50.914896]  -> zwlr_screencopy_frame_v1#9.flags(0)
[20:00:50.914922]  -> zwlr_screencopy_frame_v1#9.ready(0, 275634, 888624765)
[20:00:50.925621] zwlr_screencopy_frame_v1#9.destroy()
[20:00:51.199404]  -> wl_registry#2.global(28, "zwlr_screencopy_manager_v1", 3)
[20:00:51.199406]  -> wl_registry#2.global(29, "ext_image_copy_capture_manager_v1", 1)
[20:00:51.199408]  -> wl_registry#2.global(30, "ext_output_image_capture_source_manager_v1", 1)
[20:00:51.199424]  -> wl_registry#2.global(38, "ext_foreign_toplevel_image_capture_source_manager_v1", 1)
[20:00:51.199580] wl_registry#2.bind(28, "zwlr_screencopy_manager_v1", 3, new id [unknown]#5)
[20:00:51.218445]  -> wl_registry#2.global(28, "zwlr_screencopy_manager_v1", 3)
[20:00:51.218447]  -> wl_registry#2.global(29, "ext_image_copy_capture_manager_v1", 1)
[20:00:51.218449]  -> wl_registry#2.global(30, "ext_output_image_capture_source_manager_v1", 1)
[20:00:51.218465]  -> wl_registry#2.global(38, "ext_foreign_toplevel_image_capture_source_manager_v1", 1)
[20:00:51.218611] wl_registry#2.bind(28, "zwlr_screencopy_manager_v1", 3, new id [unknown]#5)
[20:00:51.218679] zwlr_screencopy_manager_v1#5.capture_output(new id zwlr_screencopy_frame_v1#9, 0, wl_output#8)
[20:00:51.218687]  -> zwlr_screencopy_frame_v1#9.buffer(1, 1920, 1080, 7680)
[20:00:51.218689]  -> zwlr_screencopy_frame_v1#9.buffer_done()
[20:00:51.218739] zwlr_screencopy_frame_v1#9.copy(wl_buffer#11)
[20:00:51.222392]  -> zwlr_screencopy_frame_v1#9.flags(0)
[20:00:51.222407]  -> zwlr_screencopy_frame_v1#9.ready(0, 275635, 195498603)
[20:00:51.232831] zwlr_screencopy_frame_v1#9.destroy()
[20:00:51.491130]  -> wl_registry#2.global(28, "zwlr_screencopy_manager_v1", 3)
[20:00:51.491134]  -> wl_registry#2.global(29, "ext_image_copy_capture_manager_v1", 1)
[20:00:51.491137]  -> wl_registry#2.global(30, "ext_output_image_capture_source_manager_v1", 1)
[20:00:51.491163]  -> wl_registry#2.global(38, "ext_foreign_toplevel_image_capture_source_manager_v1", 1)
[20:00:51.491379] wl_registry#2.bind(28, "zwlr_screencopy_manager_v1", 3, new id [unknown]#5)
[20:00:51.629463]  -> wl_registry#2.global(28, "zwlr_screencopy_manager_v1", 3)
[20:00:51.629465]  -> wl_registry#2.global(29, "ext_image_copy_capture_manager_v1", 1)
[20:00:51.629467]  -> wl_registry#2.global(30, "ext_output_image_capture_source_manager_v1", 1)
[20:00:51.629483]  -> wl_registry#2.global(38, "ext_foreign_toplevel_image_capture_source_manager_v1", 1)
[20:00:51.629640] wl_registry#2.bind(28, "zwlr_screencopy_manager_v1", 3, new id [unknown]#5)
[20:00:51.746152]  -> wl_registry#2.global(28, "zwlr_screencopy_manager_v1", 3)
[20:00:51.746153]  -> wl_registry#2.global(29, "ext_image_copy_capture_manager_v1", 1)
[20:00:51.746156]  -> wl_registry#2.global(30, "ext_output_image_capture_source_manager_v1", 1)
[20:00:51.746171]  -> wl_registry#2.global(38, "ext_foreign_toplevel_image_capture_source_manager_v1", 1)
[20:00:51.746316] wl_registry#2.bind(28, "zwlr_screencopy_manager_v1", 3, new id [unknown]#5)
[20:00:51.772121]  -> wl_registry#2.global(28, "zwlr_screencopy_manager_v1", 3)
[20:00:51.772130]  -> wl_registry#2.global(29, "ext_image_copy_capture_manager_v1", 1)
[20:00:51.772142]  -> wl_registry#2.global(30, "ext_output_image_capture_source_manager_v1", 1)
[20:00:51.772171]  -> wl_registry#2.global(38, "ext_foreign_toplevel_image_capture_source_manager_v1", 1)
[20:00:51.772382] wl_registry#2.bind(28, "zwlr_screencopy_manager_v1", 3, new id [unknown]#5)
[20:00:51.772506] zwlr_screencopy_manager_v1#5.capture_output(new id zwlr_screencopy_frame_v1#9, 0, wl_output#8)
[20:00:51.772517]  -> zwlr_screencopy_frame_v1#9.buffer(1, 1920, 1080, 7680)
[20:00:51.772521]  -> zwlr_screencopy_frame_v1#9.buffer_done()
[20:00:51.772586] zwlr_screencopy_frame_v1#9.copy(wl_buffer#11)
[20:00:51.776282]  -> zwlr_screencopy_frame_v1#9.flags(0)
[20:00:51.776294]  -> zwlr_screencopy_frame_v1#9.ready(0, 275635, 749356161)
[20:00:51.786850] zwlr_screencopy_frame_v1#9.destroy()
[20:00:52.154057]  -> wl_registry#2.global(28, "zwlr_screencopy_manager_v1", 3)
[20:00:52.154059]  -> wl_registry#2.global(29, "ext_image_copy_capture_manager_v1", 1)
[20:00:52.154061]  -> wl_registry#2.global(30, "ext_output_image_capture_source_manager_v1", 1)
[20:00:52.154077]  -> wl_registry#2.global(38, "ext_foreign_toplevel_image_capture_source_manager_v1", 1)
[20:00:52.154284] wl_registry#2.bind(28, "zwlr_screencopy_manager_v1", 3, new id [unknown]#5)
[20:00:52.183393]  -> wl_registry#2.global(28, "zwlr_screencopy_manager_v1", 3)
[20:00:52.183396]  -> wl_registry#2.global(29, "ext_image_copy_capture_manager_v1", 1)
[20:00:52.183398]  -> wl_registry#2.global(30, "ext_output_image_capture_source_manager_v1", 1)
[20:00:52.183431]  -> wl_registry#2.global(38, "ext_foreign_toplevel_image_capture_source_manager_v1", 1)
[20:00:52.183601] wl_registry#2.bind(28, "zwlr_screencopy_manager_v1", 3, new id [unknown]#5)
[20:00:52.183693] zwlr_screencopy_manager_v1#5.capture_output(new id zwlr_screencopy_frame_v1#9, 0, wl_output#8)
[20:00:52.183703]  -> zwlr_screencopy_frame_v1#9.buffer(1, 1920, 1080, 7680)
[20:00:52.183706]  -> zwlr_screencopy_frame_v1#9.buffer_done()
[20:00:52.183763] zwlr_screencopy_frame_v1#9.copy(wl_buffer#11)
[20:00:52.187043]  -> zwlr_screencopy_frame_v1#9.flags(0)
[20:00:52.187055]  -> zwlr_screencopy_frame_v1#9.ready(0, 275636, 160527626)
[20:00:52.197302] zwlr_screencopy_frame_v1#9.destroy()
[20:00:52.462675]  -> wl_registry#2.global(28, "zwlr_screencopy_manager_v1", 3)
[20:00:52.462677]  -> wl_registry#2.global(29, "ext_image_copy_capture_manager_v1", 1)
[20:00:52.462679]  -> wl_registry#2.global(30, "ext_output_image_capture_source_manager_v1", 1)
[20:00:52.462703]  -> wl_registry#2.global(38, "ext_foreign_toplevel_image_capture_source_manager_v1", 1)
[20:00:52.462920] wl_registry#2.bind(28, "zwlr_screencopy_manager_v1", 3, new id [unknown]#5)
[20:00:52.490890]  -> wl_registry#2.global(28, "zwlr_screencopy_manager_v1", 3)
[20:00:52.490892]  -> wl_registry#2.global(29, "ext_image_copy_capture_manager_v1", 1)
[20:00:52.490894]  -> wl_registry#2.global(30, "ext_output_image_capture_source_manager_v1", 1)
[20:00:52.490910]  -> wl_registry#2.global(38, "ext_foreign_toplevel_image_capture_source_manager_v1", 1)
[20:00:52.491066] wl_registry#2.bind(28, "zwlr_screencopy_manager_v1", 3, new id [unknown]#5)
[20:00:52.491154] zwlr_screencopy_manager_v1#5.capture_output(new id zwlr_screencopy_frame_v1#9, 0, wl_output#8)
[20:00:52.491169]  -> zwlr_screencopy_frame_v1#9.buffer(1, 1920, 1080, 7680)
[20:00:52.491177]  -> zwlr_screencopy_frame_v1#9.buffer_done()
[20:00:52.491239] zwlr_screencopy_frame_v1#9.copy(wl_buffer#11)
[20:00:52.493943]  -> zwlr_screencopy_frame_v1#9.flags(0)
[20:00:52.493952]  -> zwlr_screencopy_frame_v1#9.ready(0, 275636, 467998980)
[20:00:52.507426] zwlr_screencopy_frame_v1#9.destroy()
[20:00:52.776809]  -> wl_registry#2.global(28, "zwlr_screencopy_manager_v1", 3)
[20:00:52.776811]  -> wl_registry#2.global(29, "ext_image_copy_capture_manager_v1", 1)
[20:00:52.776813]  -> wl_registry#2.global(30, "ext_output_image_capture_source_manager_v1", 1)
[20:00:52.776840]  -> wl_registry#2.global(38, "ext_foreign_toplevel_image_capture_source_manager_v1", 1)
[20:00:52.777013] wl_registry#2.bind(28, "zwlr_screencopy_manager_v1", 3, new id [unknown]#5)
[20:00:52.795499]  -> wl_registry#2.global(28, "zwlr_screencopy_manager_v1", 3)
[20:00:52.795500]  -> wl_registry#2.global(29, "ext_image_copy_capture_manager_v1", 1)
[20:00:52.795502]  -> wl_registry#2.global(30, "ext_output_image_capture_source_manager_v1", 1)
[20:00:52.795518]  -> wl_registry#2.global(38, "ext_foreign_toplevel_image_capture_source_manager_v1", 1)
[20:00:52.795669] wl_registry#2.bind(28, "zwlr_screencopy_manager_v1", 3, new id [unknown]#5)
[20:00:52.795737] zwlr_screencopy_manager_v1#5.capture_output(new id zwlr_screencopy_frame_v1#9, 0, wl_output#8)
[20:00:52.795745]  -> zwlr_screencopy_frame_v1#9.buffer(1, 1920, 1080, 7680)
[20:00:52.795747]  -> zwlr_screencopy_frame_v1#9.buffer_done()
[20:00:52.795801] zwlr_screencopy_frame_v1#9.copy(wl_buffer#11)
[20:00:52.798494]  -> zwlr_screencopy_frame_v1#9.flags(0)
[20:00:52.798502]  -> zwlr_screencopy_frame_v1#9.ready(0, 275636, 772560446)
[20:00:52.808835] zwlr_screencopy_frame_v1#9.destroy()
[20:00:53.072559]  -> wl_registry#2.global(28, "zwlr_screencopy_manager_v1", 3)
[20:00:53.072560]  -> wl_registry#2.global(29, "ext_image_copy_capture_manager_v1", 1)
[20:00:53.072562]  -> wl_registry#2.global(30, "ext_output_image_capture_source_manager_v1", 1)
[20:00:53.072579]  -> wl_registry#2.global(38, "ext_foreign_toplevel_image_capture_source_manager_v1", 1)
[20:00:53.072740] wl_registry#2.bind(28, "zwlr_screencopy_manager_v1", 3, new id [unknown]#5)
[20:00:53.212871]  -> wl_registry#2.global(28, "zwlr_screencopy_manager_v1", 3)
[20:00:53.212873]  -> wl_registry#2.global(29, "ext_image_copy_capture_manager_v1", 1)
[20:00:53.212875]  -> wl_registry#2.global(30, "ext_output_image_capture_source_manager_v1", 1)
[20:00:53.212891]  -> wl_registry#2.global(38, "ext_foreign_toplevel_image_capture_source_manager_v1", 1)
[20:00:53.213049] wl_registry#2.bind(28, "zwlr_screencopy_manager_v1", 3, new id [unknown]#5)
[20:00:53.331645]  -> wl_registry#2.global(28, "zwlr_screencopy_manager_v1", 3)
[20:00:53.331647]  -> wl_registry#2.global(29, "ext_image_copy_capture_manager_v1", 1)
[20:00:53.331649]  -> wl_registry#2.global(30, "ext_output_image_capture_source_manager_v1", 1)
[20:00:53.331665]  -> wl_registry#2.global(38, "ext_foreign_toplevel_image_capture_source_manager_v1", 1)
[20:00:53.331828] wl_registry#2.bind(28, "zwlr_screencopy_manager_v1", 3, new id [unknown]#5)
[20:00:53.358509]  -> wl_registry#2.global(28, "zwlr_screencopy_manager_v1", 3)
[20:00:53.358511]  -> wl_registry#2.global(29, "ext_image_copy_capture_manager_v1", 1)
[20:00:53.358513]  -> wl_registry#2.global(30, "ext_output_image_capture_source_manager_v1", 1)
[20:00:53.358529]  -> wl_registry#2.global(38, "ext_foreign_toplevel_image_capture_source_manager_v1", 1)
[20:00:53.358675] wl_registry#2.bind(28, "zwlr_screencopy_manager_v1", 3, new id [unknown]#5)
[20:00:53.358746] zwlr_screencopy_manager_v1#5.capture_output(new id zwlr_screencopy_frame_v1#9, 0, wl_output#8)
[20:00:53.358753]  -> zwlr_screencopy_frame_v1#9.buffer(1, 1920, 1080, 7680)
[20:00:53.358756]  -> zwlr_screencopy_frame_v1#9.buffer_done()
[20:00:53.358813] zwlr_screencopy_frame_v1#9.copy(wl_buffer#11)
[20:00:53.361488]  -> zwlr_screencopy_frame_v1#9.flags(0)
[20:00:53.361497]  -> zwlr_screencopy_frame_v1#9.ready(0, 275637, 335575334)
[20:00:53.372211] zwlr_screencopy_frame_v1#9.destroy()
[20:00:53.744595]  -> wl_registry#2.global(28, "zwlr_screencopy_manager_v1", 3)
[20:00:53.744598]  -> wl_registry#2.global(29, "ext_image_copy_capture_manager_v1", 1)
[20:00:53.744600]  -> wl_registry#2.global(30, "ext_output_image_capture_source_manager_v1", 1)
[20:00:53.744620]  -> wl_registry#2.global(38, "ext_foreign_toplevel_image_capture_source_manager_v1", 1)
[20:00:53.744794] wl_registry#2.bind(28, "zwlr_screencopy_manager_v1", 3, new id [unknown]#5)
[20:00:53.773093]  -> wl_registry#2.global(28, "zwlr_screencopy_manager_v1", 3)
[20:00:53.773096]  -> wl_registry#2.global(29, "ext_image_copy_capture_manager_v1", 1)
[20:00:53.773098]  -> wl_registry#2.global(30, "ext_output_image_capture_source_manager_v1", 1)
[20:00:53.773118]  -> wl_registry#2.global(38, "ext_foreign_toplevel_image_capture_source_manager_v1", 1)
[20:00:53.773294] wl_registry#2.bind(28, "zwlr_screencopy_manager_v1", 3, new id [unknown]#5)
[20:00:53.773379] zwlr_screencopy_manager_v1#5.capture_output(new id zwlr_screencopy_frame_v1#9, 0, wl_output#8)
[20:00:53.773389]  -> zwlr_screencopy_frame_v1#9.buffer(1, 1920, 1080, 7680)
[20:00:53.773392]  -> zwlr_screencopy_frame_v1#9.buffer_done()
[20:00:53.773447] zwlr_screencopy_frame_v1#9.copy(wl_buffer#11)
[20:00:53.776021]  -> zwlr_screencopy_frame_v1#9.flags(0)
[20:00:53.776030]  -> zwlr_screencopy_frame_v1#9.ready(0, 275637, 750209426)
[20:00:53.786083] zwlr_screencopy_frame_v1#9.destroy()
[20:00:54.058644]  -> wl_registry#2.global(28, "zwlr_screencopy_manager_v1", 3)
[20:00:54.058646]  -> wl_registry#2.global(29, "ext_image_copy_capture_manager_v1", 1)
[20:00:54.058648]  -> wl_registry#2.global(30, "ext_output_image_capture_source_manager_v1", 1)
[20:00:54.058663]  -> wl_registry#2.global(38, "ext_foreign_toplevel_image_capture_source_manager_v1", 1)
[20:00:54.058866] wl_registry#2.bind(28, "zwlr_screencopy_manager_v1", 3, new id [unknown]#5)
[20:00:54.086312]  -> wl_registry#2.global(28, "zwlr_screencopy_manager_v1", 3)
[20:00:54.086314]  -> wl_registry#2.global(29, "ext_image_copy_capture_manager_v1", 1)
[20:00:54.086316]  -> wl_registry#2.global(30, "ext_output_image_capture_source_manager_v1", 1)
[20:00:54.086332]  -> wl_registry#2.global(38, "ext_foreign_toplevel_image_capture_source_manager_v1", 1)
[20:00:54.086488] wl_registry#2.bind(28, "zwlr_screencopy_manager_v1", 3, new id [unknown]#5)
[20:00:54.086570] zwlr_screencopy_manager_v1#5.capture_output(new id zwlr_screencopy_frame_v1#9, 0, wl_output#8)
[20:00:54.086579]  -> zwlr_screencopy_frame_v1#9.buffer(1, 1920, 1080, 7680)
[20:00:54.086582]  -> zwlr_screencopy_frame_v1#9.buffer_done()
[20:00:54.086634] zwlr_screencopy_frame_v1#9.copy(wl_buffer#11)
[20:00:54.089728]  -> zwlr_screencopy_frame_v1#9.flags(0)
[20:00:54.089738]  -> zwlr_screencopy_frame_v1#9.ready(0, 275638, 63392926)
[20:00:54.100326] zwlr_screencopy_frame_v1#9.destroy()
[20:00:54.401268]  -> wl_registry#2.global(28, "zwlr_screencopy_manager_v1", 3)
[20:00:54.401271]  -> wl_registry#2.global(29, "ext_image_copy_capture_manager_v1", 1)
[20:00:54.401273]  -> wl_registry#2.global(30, "ext_output_image_capture_source_manager_v1", 1)
[20:00:54.401289]  -> wl_registry#2.global(38, "ext_foreign_toplevel_image_capture_source_manager_v1", 1)
[20:00:54.401436] wl_registry#2.bind(28, "zwlr_screencopy_manager_v1", 3, new id [unknown]#5)
[20:00:54.419809]  -> wl_registry#2.global(28, "zwlr_screencopy_manager_v1", 3)
[20:00:54.419811]  -> wl_registry#2.global(29, "ext_image_copy_capture_manager_v1", 1)
[20:00:54.419813]  -> wl_registry#2.global(30, "ext_output_image_capture_source_manager_v1", 1)
[20:00:54.419839]  -> wl_registry#2.global(38, "ext_foreign_toplevel_image_capture_source_manager_v1", 1)
[20:00:54.419975] wl_registry#2.bind(28, "zwlr_screencopy_manager_v1", 3, new id [unknown]#5)
[20:00:54.420047] zwlr_screencopy_manager_v1#5.capture_output(new id zwlr_screencopy_frame_v1#9, 0, wl_output#8)
[20:00:54.420055]  -> zwlr_screencopy_frame_v1#9.buffer(1, 1920, 1080, 7680)
[20:00:54.420057]  -> zwlr_screencopy_frame_v1#9.buffer_done()
[20:00:54.420100] zwlr_screencopy_frame_v1#9.copy(wl_buffer#11)
[20:00:54.422655]  -> zwlr_screencopy_frame_v1#9.flags(0)
[20:00:54.422662]  -> zwlr_screencopy_frame_v1#9.ready(0, 275638, 396858563)
[20:00:54.433318] zwlr_screencopy_frame_v1#9.destroy()
[20:00:54.695366]  -> wl_registry#2.global(28, "zwlr_screencopy_manager_v1", 3)
[20:00:54.695372]  -> wl_registry#2.global(29, "ext_image_copy_capture_manager_v1", 1)
[20:00:54.695374]  -> wl_registry#2.global(30, "ext_output_image_capture_source_manager_v1", 1)
[20:00:54.695389]  -> wl_registry#2.global(38, "ext_foreign_toplevel_image_capture_source_manager_v1", 1)
[20:00:54.695528] wl_registry#2.bind(28, "zwlr_screencopy_manager_v1", 3, new id [unknown]#5)
[20:00:54.832748]  -> wl_registry#2.global(28, "zwlr_screencopy_manager_v1", 3)
[20:00:54.832750]  -> wl_registry#2.global(29, "ext_image_copy_capture_manager_v1", 1)
[20:00:54.832752]  -> wl_registry#2.global(30, "ext_output_image_capture_source_manager_v1", 1)
[20:00:54.832779]  -> wl_registry#2.global(38, "ext_foreign_toplevel_image_capture_source_manager_v1", 1)
[20:00:54.832916] wl_registry#2.bind(28, "zwlr_screencopy_manager_v1", 3, new id [unknown]#5)
[20:00:54.949707]  -> wl_registry#2.global(28, "zwlr_screencopy_manager_v1", 3)
[20:00:54.949709]  -> wl_registry#2.global(29, "ext_image_copy_capture_manager_v1", 1)
[20:00:54.949711]  -> wl_registry#2.global(30, "ext_output_image_capture_source_manager_v1", 1)
[20:00:54.949727]  -> wl_registry#2.global(38, "ext_foreign_toplevel_image_capture_source_manager_v1", 1)
[20:00:54.949879] wl_registry#2.bind(28, "zwlr_screencopy_manager_v1", 3, new id [unknown]#5)
[20:00:54.975633]  -> wl_registry#2.global(28, "zwlr_screencopy_manager_v1", 3)
[20:00:54.975635]  -> wl_registry#2.global(29, "ext_image_copy_capture_manager_v1", 1)
[20:00:54.975637]  -> wl_registry#2.global(30, "ext_output_image_capture_source_manager_v1", 1)
[20:00:54.975652]  -> wl_registry#2.global(38, "ext_foreign_toplevel_image_capture_source_manager_v1", 1)
[20:00:54.975789] wl_registry#2.bind(28, "zwlr_screencopy_manager_v1", 3, new id [unknown]#5)
[20:00:54.975855] zwlr_screencopy_manager_v1#5.capture_output(new id zwlr_screencopy_frame_v1#9, 0, wl_output#8)
[20:00:54.975862]  -> zwlr_screencopy_frame_v1#9.buffer(1, 1920, 1080, 7680)
[20:00:54.975865]  -> zwlr_screencopy_frame_v1#9.buffer_done()
[20:00:54.975910] zwlr_screencopy_frame_v1#9.copy(wl_buffer#11)
[20:00:54.978531]  -> zwlr_screencopy_frame_v1#9.flags(0)
[20:00:54.978539]  -> zwlr_screencopy_frame_v1#9.ready(0, 275638, 952667508)
[20:00:54.989904] zwlr_screencopy_frame_v1#9.destroy()
[20:00:55.346954]  -> wl_registry#2.global(28, "zwlr_screencopy_manager_v1", 3)
[20:00:55.346956]  -> wl_registry#2.global(29, "ext_image_copy_capture_manager_v1", 1)
[20:00:55.346958]  -> wl_registry#2.global(30, "ext_output_image_capture_source_manager_v1", 1)
[20:00:55.346974]  -> wl_registry#2.global(38, "ext_foreign_toplevel_image_capture_source_manager_v1", 1)
[20:00:55.347137] wl_registry#2.bind(28, "zwlr_screencopy_manager_v1", 3, new id [unknown]#5)
[20:00:55.371954]  -> wl_registry#2.global(28, "zwlr_screencopy_manager_v1", 3)
[20:00:55.371956]  -> wl_registry#2.global(29, "ext_image_copy_capture_manager_v1", 1)
[20:00:55.371958]  -> wl_registry#2.global(30, "ext_output_image_capture_source_manager_v1", 1)
[20:00:55.371973]  -> wl_registry#2.global(38, "ext_foreign_toplevel_image_capture_source_manager_v1", 1)
[20:00:55.372113] wl_registry#2.bind(28, "zwlr_screencopy_manager_v1", 3, new id [unknown]#5)
[20:00:55.372179] zwlr_screencopy_manager_v1#5.capture_output(new id zwlr_screencopy_frame_v1#9, 0, wl_output#8)
[20:00:55.372186]  -> zwlr_screencopy_frame_v1#9.buffer(1, 1920, 1080, 7680)
[20:00:55.372189]  -> zwlr_screencopy_frame_v1#9.buffer_done()
[20:00:55.372239] zwlr_screencopy_frame_v1#9.copy(wl_buffer#11)
[20:00:55.374991]  -> zwlr_screencopy_frame_v1#9.flags(0)
[20:00:55.375000]  -> zwlr_screencopy_frame_v1#9.ready(0, 275639, 348998436)
[20:00:55.385205] zwlr_screencopy_frame_v1#9.destroy()
[20:00:55.642598]  -> wl_registry#2.global(28, "zwlr_screencopy_manager_v1", 3)
[20:00:55.642600]  -> wl_registry#2.global(29, "ext_image_copy_capture_manager_v1", 1)
[20:00:55.642602]  -> wl_registry#2.global(30, "ext_output_image_capture_source_manager_v1", 1)
[20:00:55.642617]  -> wl_registry#2.global(38, "ext_foreign_toplevel_image_capture_source_manager_v1", 1)
[20:00:55.642779] wl_registry#2.bind(28, "zwlr_screencopy_manager_v1", 3, new id [unknown]#5)
[20:00:55.670006]  -> wl_registry#2.global(28, "zwlr_screencopy_manager_v1", 3)
[20:00:55.670007]  -> wl_registry#2.global(29, "ext_image_copy_capture_manager_v1", 1)
[20:00:55.670009]  -> wl_registry#2.global(30, "ext_output_image_capture_source_manager_v1", 1)
[20:00:55.670025]  -> wl_registry#2.global(38, "ext_foreign_toplevel_image_capture_source_manager_v1", 1)
[20:00:55.670167] wl_registry#2.bind(28, "zwlr_screencopy_manager_v1", 3, new id [unknown]#5)
[20:00:55.670234] zwlr_screencopy_manager_v1#5.capture_output(new id zwlr_screencopy_frame_v1#9, 0, wl_output#8)
[20:00:55.670241]  -> zwlr_screencopy_frame_v1#9.buffer(1, 1920, 1080, 7680)
[20:00:55.670243]  -> zwlr_screencopy_frame_v1#9.buffer_done()
[20:00:55.670292] zwlr_screencopy_frame_v1#9.copy(wl_buffer#11)
[20:00:55.672973]  -> zwlr_screencopy_frame_v1#9.flags(0)
[20:00:55.672982]  -> zwlr_screencopy_frame_v1#9.ready(0, 275639, 647049970)
[20:00:55.683571] zwlr_screencopy_frame_v1#9.destroy()
[20:00:55.939784]  -> wl_registry#2.global(28, "zwlr_screencopy_manager_v1", 3)
[20:00:55.939785]  -> wl_registry#2.global(29, "ext_image_copy_capture_manager_v1", 1)
[20:00:55.939787]  -> wl_registry#2.global(30, "ext_output_image_capture_source_manager_v1", 1)
[20:00:55.939804]  -> wl_registry#2.global(38, "ext_foreign_toplevel_image_capture_source_manager_v1", 1)
[20:00:55.940002] wl_registry#2.bind(28, "zwlr_screencopy_manager_v1", 3, new id [unknown]#5)
[20:00:55.958957]  -> wl_registry#2.global(28, "zwlr_screencopy_manager_v1", 3)
[20:00:55.958959]  -> wl_registry#2.global(29, "ext_image_copy_capture_manager_v1", 1)
[20:00:55.958961]  -> wl_registry#2.global(30, "ext_output_image_capture_source_manager_v1", 1)
[20:00:55.958976]  -> wl_registry#2.global(38, "ext_foreign_toplevel_image_capture_source_manager_v1", 1)
[20:00:55.959120] wl_registry#2.bind(28, "zwlr_screencopy_manager_v1", 3, new id [unknown]#5)
[20:00:55.959187] zwlr_screencopy_manager_v1#5.capture_output(new id zwlr_screencopy_frame_v1#9, 0, wl_output#8)
[20:00:55.959194]  -> zwlr_screencopy_frame_v1#9.buffer(1, 1920, 1080, 7680)
[20:00:55.959196]  -> zwlr_screencopy_frame_v1#9.buffer_done()
[20:00:55.959242] zwlr_screencopy_frame_v1#9.copy(wl_buffer#11)
[20:00:55.961914]  -> zwlr_screencopy_frame_v1#9.flags(0)
[20:00:55.961920]  -> zwlr_screencopy_frame_v1#9.ready(0, 275639, 936002210)
[20:00:55.972586] zwlr_screencopy_frame_v1#9.destroy()
[20:00:56.232234]  -> wl_registry#2.global(28, "zwlr_screencopy_manager_v1", 3)
[20:00:56.232236]  -> wl_registry#2.global(29, "ext_image_copy_capture_manager_v1", 1)
[20:00:56.232238]  -> wl_registry#2.global(30, "ext_output_image_capture_source_manager_v1", 1)
[20:00:56.232254]  -> wl_registry#2.global(38, "ext_foreign_toplevel_image_capture_source_manager_v1", 1)
[20:00:56.232407] wl_registry#2.bind(28, "zwlr_screencopy_manager_v1", 3, new id [unknown]#5)
[20:00:56.369778]  -> wl_registry#2.global(28, "zwlr_screencopy_manager_v1", 3)
[20:00:56.369779]  -> wl_registry#2.global(29, "ext_image_copy_capture_manager_v1", 1)
[20:00:56.369781]  -> wl_registry#2.global(30, "ext_output_image_capture_source_manager_v1", 1)
[20:00:56.369798]  -> wl_registry#2.global(38, "ext_foreign_toplevel_image_capture_source_manager_v1", 1)
[20:00:56.369951] wl_registry#2.bind(28, "zwlr_screencopy_manager_v1", 3, new id [unknown]#5)
[20:00:56.485991]  -> wl_registry#2.global(28, "zwlr_screencopy_manager_v1", 3)
[20:00:56.485993]  -> wl_registry#2.global(29, "ext_image_copy_capture_manager_v1", 1)
[20:00:56.485995]  -> wl_registry#2.global(30, "ext_output_image_capture_source_manager_v1", 1)
[20:00:56.486022]  -> wl_registry#2.global(38, "ext_foreign_toplevel_image_capture_source_manager_v1", 1)
[20:00:56.486166] wl_registry#2.bind(28, "zwlr_screencopy_manager_v1", 3, new id [unknown]#5)
[20:00:56.510970]  -> wl_registry#2.global(28, "zwlr_screencopy_manager_v1", 3)
[20:00:56.510972]  -> wl_registry#2.global(29, "ext_image_copy_capture_manager_v1", 1)
[20:00:56.510974]  -> wl_registry#2.global(30, "ext_output_image_capture_source_manager_v1", 1)
[20:00:56.510990]  -> wl_registry#2.global(38, "ext_foreign_toplevel_image_capture_source_manager_v1", 1)
[20:00:56.511140] wl_registry#2.bind(28, "zwlr_screencopy_manager_v1", 3, new id [unknown]#5)
[20:00:56.511211] zwlr_screencopy_manager_v1#5.capture_output(new id zwlr_screencopy_frame_v1#9, 0, wl_output#8)
[20:00:56.511220]  -> zwlr_screencopy_frame_v1#9.buffer(1, 1920, 1080, 7680)
[20:00:56.511225]  -> zwlr_screencopy_frame_v1#9.buffer_done()
[20:00:56.511282] zwlr_screencopy_frame_v1#9.copy(wl_buffer#11)
[20:00:56.514679]  -> zwlr_screencopy_frame_v1#9.flags(0)
[20:00:56.514694]  -> zwlr_screencopy_frame_v1#9.ready(0, 275640, 488040649)
[20:00:56.525922] zwlr_screencopy_frame_v1#9.destroy()
[20:00:56.887961]  -> wl_registry#2.global(28, "zwlr_screencopy_manager_v1", 3)
[20:00:56.887963]  -> wl_registry#2.global(29, "ext_image_copy_capture_manager_v1", 1)
[20:00:56.887965]  -> wl_registry#2.global(30, "ext_output_image_capture_source_manager_v1", 1)
[20:00:56.887992]  -> wl_registry#2.global(38, "ext_foreign_toplevel_image_capture_source_manager_v1", 1)
[20:00:56.888145] wl_registry#2.bind(28, "zwlr_screencopy_manager_v1", 3, new id [unknown]#5)
[20:00:56.915089]  -> wl_registry#2.global(28, "zwlr_screencopy_manager_v1", 3)
[20:00:56.915090]  -> wl_registry#2.global(29, "ext_image_copy_capture_manager_v1", 1)
[20:00:56.915092]  -> wl_registry#2.global(30, "ext_output_image_capture_source_manager_v1", 1)
[20:00:56.915108]  -> wl_registry#2.global(38, "ext_foreign_toplevel_image_capture_source_manager_v1", 1)
[20:00:56.915263] wl_registry#2.bind(28, "zwlr_screencopy_manager_v1", 3, new id [unknown]#5)
[20:00:56.915336] zwlr_screencopy_manager_v1#5.capture_output(new id zwlr_screencopy_frame_v1#9, 0, wl_output#8)
[20:00:56.915344]  -> zwlr_screencopy_frame_v1#9.buffer(1, 1920, 1080, 7680)
[20:00:56.915346]  -> zwlr_screencopy_frame_v1#9.buffer_done()
[20:00:56.915402] zwlr_screencopy_frame_v1#9.copy(wl_buffer#11)
[20:00:56.918210]  -> zwlr_screencopy_frame_v1#9.flags(0)
[20:00:56.918220]  -> zwlr_screencopy_frame_v1#9.ready(0, 275640, 892165859)
[20:00:56.928580] zwlr_screencopy_frame_v1#9.destroy()
[20:00:57.193397]  -> wl_registry#2.global(28, "zwlr_screencopy_manager_v1", 3)
[20:00:57.193399]  -> wl_registry#2.global(29, "ext_image_copy_capture_manager_v1", 1)
[20:00:57.193401]  -> wl_registry#2.global(30, "ext_output_image_capture_source_manager_v1", 1)
[20:00:57.193416]  -> wl_registry#2.global(38, "ext_foreign_toplevel_image_capture_source_manager_v1", 1)
[20:00:57.193615] wl_registry#2.bind(28, "zwlr_screencopy_manager_v1", 3, new id [unknown]#5)
[20:00:57.218691]  -> wl_registry#2.global(28, "zwlr_screencopy_manager_v1", 3)
[20:00:57.218693]  -> wl_registry#2.global(29, "ext_image_copy_capture_manager_v1", 1)
[20:00:57.218695]  -> wl_registry#2.global(30, "ext_output_image_capture_source_manager_v1", 1)
[20:00:57.218712]  -> wl_registry#2.global(38, "ext_foreign_toplevel_image_capture_source_manager_v1", 1)
[20:00:57.218873] wl_registry#2.bind(28, "zwlr_screencopy_manager_v1", 3, new id [unknown]#5)
[20:00:57.218944] zwlr_screencopy_manager_v1#5.capture_output(new id zwlr_screencopy_frame_v1#9, 0, wl_output#8)
[20:00:57.218953]  -> zwlr_screencopy_frame_v1#9.buffer(1, 1920, 1080, 7680)
[20:00:57.218956]  -> zwlr_screencopy_frame_v1#9.buffer_done()
[20:00:57.219008] zwlr_screencopy_frame_v1#9.copy(wl_buffer#11)
[20:00:57.222066]  -> zwlr_screencopy_frame_v1#9.flags(0)
[20:00:57.222080]  -> zwlr_screencopy_frame_v1#9.ready(0, 275641, 195767936)
[20:00:57.232689] zwlr_screencopy_frame_v1#9.destroy()
[20:00:57.491006]  -> wl_registry#2.global(28, "zwlr_screencopy_manager_v1", 3)
[20:00:57.491008]  -> wl_registry#2.global(29, "ext_image_copy_capture_manager_v1", 1)
[20:00:57.491010]  -> wl_registry#2.global(30, "ext_output_image_capture_source_manager_v1", 1)
[20:00:57.491026]  -> wl_registry#2.global(38, "ext_foreign_toplevel_image_capture_source_manager_v1", 1)
[20:00:57.491185] wl_registry#2.bind(28, "zwlr_screencopy_manager_v1", 3, new id [unknown]#5)
[20:00:57.518537]  -> wl_registry#2.global(28, "zwlr_screencopy_manager_v1", 3)
[20:00:57.518539]  -> wl_registry#2.global(29, "ext_image_copy_capture_manager_v1", 1)
[20:00:57.518541]  -> wl_registry#2.global(30, "ext_output_image_capture_source_manager_v1", 1)
[20:00:57.518557]  -> wl_registry#2.global(38, "ext_foreign_toplevel_image_capture_source_manager_v1", 1)
[20:00:57.518701] wl_registry#2.bind(28, "zwlr_screencopy_manager_v1", 3, new id [unknown]#5)
[20:00:57.518771] zwlr_screencopy_manager_v1#5.capture_output(new id zwlr_screencopy_frame_v1#9, 0, wl_output#8)
[20:00:57.518782]  -> zwlr_screencopy_frame_v1#9.buffer(1, 1920, 1080, 7680)
[20:00:57.518786]  -> zwlr_screencopy_frame_v1#9.buffer_done()
[20:00:57.518845] zwlr_screencopy_frame_v1#9.copy(wl_buffer#11)
[20:00:57.521843]  -> zwlr_screencopy_frame_v1#9.flags(0)
[20:00:57.521853]  -> zwlr_screencopy_frame_v1#9.ready(0, 275641, 495607119)
[20:00:57.532600] zwlr_screencopy_frame_v1#9.destroy()
[20:00:57.789060]  -> wl_registry#2.global(28, "zwlr_screencopy_manager_v1", 3)
[20:00:57.789063]  -> wl_registry#2.global(29, "ext_image_copy_capture_manager_v1", 1)
[20:00:57.789066]  -> wl_registry#2.global(30, "ext_output_image_capture_source_manager_v1", 1)
[20:00:57.789091]  -> wl_registry#2.global(38, "ext_foreign_toplevel_image_capture_source_manager_v1", 1)
[20:00:57.789299] wl_registry#2.bind(28, "zwlr_screencopy_manager_v1", 3, new id [unknown]#5)
[20:00:57.926992]  -> wl_registry#2.global(28, "zwlr_screencopy_manager_v1", 3)
[20:00:57.926994]  -> wl_registry#2.global(29, "ext_image_copy_capture_manager_v1", 1)
[20:00:57.926996]  -> wl_registry#2.global(30, "ext_output_image_capture_source_manager_v1", 1)
[20:00:57.927012]  -> wl_registry#2.global(38, "ext_foreign_toplevel_image_capture_source_manager_v1", 1)
[20:00:57.927171] wl_registry#2.bind(28, "zwlr_screencopy_manager_v1", 3, new id [unknown]#5)
[20:00:58.043585]  -> wl_registry#2.global(28, "zwlr_screencopy_manager_v1", 3)
[20:00:58.043587]  -> wl_registry#2.global(29, "ext_image_copy_capture_manager_v1", 1)
[20:00:58.043589]  -> wl_registry#2.global(30, "ext_output_image_capture_source_manager_v1", 1)
[20:00:58.043606]  -> wl_registry#2.global(38, "ext_foreign_toplevel_image_capture_source_manager_v1", 1)
[20:00:58.043760] wl_registry#2.bind(28, "zwlr_screencopy_manager_v1", 3, new id [unknown]#5)
[20:00:58.069625]  -> wl_registry#2.global(28, "zwlr_screencopy_manager_v1", 3)
[20:00:58.069627]  -> wl_registry#2.global(29, "ext_image_copy_capture_manager_v1", 1)
[20:00:58.069628]  -> wl_registry#2.global(30, "ext_output_image_capture_source_manager_v1", 1)
[20:00:58.069644]  -> wl_registry#2.global(38, "ext_foreign_toplevel_image_capture_source_manager_v1", 1)
[20:00:58.069784] wl_registry#2.bind(28, "zwlr_screencopy_manager_v1", 3, new id [unknown]#5)
[20:00:58.069856] zwlr_screencopy_manager_v1#5.capture_output(new id zwlr_screencopy_frame_v1#9, 0, wl_output#8)
[20:00:58.069863]  -> zwlr_screencopy_frame_v1#9.buffer(1, 1920, 1080, 7680)
[20:00:58.069866]  -> zwlr_screencopy_frame_v1#9.buffer_done()
[20:00:58.069913] zwlr_screencopy_frame_v1#9.copy(wl_buffer#11)
[20:00:58.072624]  -> zwlr_screencopy_frame_v1#9.flags(0)
[20:00:58.072635]  -> zwlr_screencopy_frame_v1#9.ready(0, 275642, 46673459)
[20:00:58.083475] zwlr_screencopy_frame_v1#9.destroy()
[20:00:58.453218]  -> wl_registry#2.global(28, "zwlr_screencopy_manager_v1", 3)
[20:00:58.453220]  -> wl_registry#2.global(29, "ext_image_copy_capture_manager_v1", 1)
[20:00:58.453221]  -> wl_registry#2.global(30, "ext_output_image_capture_source_manager_v1", 1)
[20:00:58.453238]  -> wl_registry#2.global(38, "ext_foreign_toplevel_image_capture_source_manager_v1", 1)
[20:00:58.453396] wl_registry#2.bind(28, "zwlr_screencopy_manager_v1", 3, new id [unknown]#5)
[20:00:58.479477]  -> wl_registry#2.global(28, "zwlr_screencopy_manager_v1", 3)
[20:00:58.479479]  -> wl_registry#2.global(29, "ext_image_copy_capture_manager_v1", 1)
[20:00:58.479482]  -> wl_registry#2.global(30, "ext_output_image_capture_source_manager_v1", 1)
[20:00:58.479508]  -> wl_registry#2.global(38, "ext_foreign_toplevel_image_capture_source_manager_v1", 1)
[20:00:58.479653] wl_registry#2.bind(28, "zwlr_screencopy_manager_v1", 3, new id [unknown]#5)
[20:00:58.479727] zwlr_screencopy_manager_v1#5.capture_output(new id zwlr_screencopy_frame_v1#9, 0, wl_output#8)
[20:00:58.479735]  -> zwlr_screencopy_frame_v1#9.buffer(1, 1920, 1080, 7680)
[20:00:58.479737]  -> zwlr_screencopy_frame_v1#9.buffer_done()
[20:00:58.479793] zwlr_screencopy_frame_v1#9.copy(wl_buffer#11)
[20:00:58.482841]  -> zwlr_screencopy_frame_v1#9.flags(0)
[20:00:58.482851]  -> zwlr_screencopy_frame_v1#9.ready(0, 275642, 456552303)
[20:00:58.493565] zwlr_screencopy_frame_v1#9.destroy()
[20:00:58.753426]  -> wl_registry#2.global(28, "zwlr_screencopy_manager_v1", 3)
[20:00:58.753431]  -> wl_registry#2.global(29, "ext_image_copy_capture_manager_v1", 1)
[20:00:58.753440]  -> wl_registry#2.global(30, "ext_output_image_capture_source_manager_v1", 1)
[20:00:58.753456]  -> wl_registry#2.global(38, "ext_foreign_toplevel_image_capture_source_manager_v1", 1)
[20:00:58.753633] wl_registry#2.bind(28, "zwlr_screencopy_manager_v1", 3, new id [unknown]#5)
[20:00:58.778017]  -> wl_registry#2.global(28, "zwlr_screencopy_manager_v1", 3)
[20:00:58.778019]  -> wl_registry#2.global(29, "ext_image_copy_capture_manager_v1", 1)
[20:00:58.778020]  -> wl_registry#2.global(30, "ext_output_image_capture_source_manager_v1", 1)
[20:00:58.778046]  -> wl_registry#2.global(38, "ext_foreign_toplevel_image_capture_source_manager_v1", 1)
[20:00:58.778186] wl_registry#2.bind(28, "zwlr_screencopy_manager_v1", 3, new id [unknown]#5)
[20:00:58.778261] zwlr_screencopy_manager_v1#5.capture_output(new id zwlr_screencopy_frame_v1#9, 0, wl_output#8)
[20:00:58.778273]  -> zwlr_screencopy_frame_v1#9.buffer(1, 1920, 1080, 7680)
[20:00:58.778276]  -> zwlr_screencopy_frame_v1#9.buffer_done()
[20:00:58.778328] zwlr_screencopy_frame_v1#9.copy(wl_buffer#11)
[20:00:58.781139]  -> zwlr_screencopy_frame_v1#9.flags(0)
[20:00:58.781145]  -> zwlr_screencopy_frame_v1#9.ready(0, 275642, 755086601)
[20:00:58.791176] zwlr_screencopy_frame_v1#9.destroy()
[20:00:59.043781]  -> wl_registry#2.global(28, "zwlr_screencopy_manager_v1", 3)
[20:00:59.043783]  -> wl_registry#2.global(29, "ext_image_copy_capture_manager_v1", 1)
[20:00:59.043785]  -> wl_registry#2.global(30, "ext_output_image_capture_source_manager_v1", 1)
[20:00:59.043813]  -> wl_registry#2.global(38, "ext_foreign_toplevel_image_capture_source_manager_v1", 1)
[20:00:59.043948] wl_registry#2.bind(28, "zwlr_screencopy_manager_v1", 3, new id [unknown]#5)
[20:00:59.068608]  -> wl_registry#2.global(28, "zwlr_screencopy_manager_v1", 3)
[20:00:59.068610]  -> wl_registry#2.global(29, "ext_image_copy_capture_manager_v1", 1)
[20:00:59.068612]  -> wl_registry#2.global(30, "ext_output_image_capture_source_manager_v1", 1)
[20:00:59.068627]  -> wl_registry#2.global(38, "ext_foreign_toplevel_image_capture_source_manager_v1", 1)
[20:00:59.068767] wl_registry#2.bind(28, "zwlr_screencopy_manager_v1", 3, new id [unknown]#5)
[20:00:59.068830] zwlr_screencopy_manager_v1#5.capture_output(new id zwlr_screencopy_frame_v1#9, 0, wl_output#8)
[20:00:59.068838]  -> zwlr_screencopy_frame_v1#9.buffer(1, 1920, 1080, 7680)
[20:00:59.068840]  -> zwlr_screencopy_frame_v1#9.buffer_done()
[20:00:59.068887] zwlr_screencopy_frame_v1#9.copy(wl_buffer#11)
[20:00:59.071408]  -> zwlr_screencopy_frame_v1#9.flags(0)
[20:00:59.071415]  -> zwlr_screencopy_frame_v1#9.ready(0, 275643, 45644889)
[20:00:59.081463] zwlr_screencopy_frame_v1#9.destroy()
[20:00:59.339251]  -> wl_registry#2.global(28, "zwlr_screencopy_manager_v1", 3)
[20:00:59.339253]  -> wl_registry#2.global(29, "ext_image_copy_capture_manager_v1", 1)
[20:00:59.339255]  -> wl_registry#2.global(30, "ext_output_image_capture_source_manager_v1", 1)
[20:00:59.339273]  -> wl_registry#2.global(38, "ext_foreign_toplevel_image_capture_source_manager_v1", 1)
[20:00:59.339426] wl_registry#2.bind(28, "zwlr_screencopy_manager_v1", 3, new id [unknown]#5)
[20:00:59.357744]  -> wl_registry#2.global(28, "zwlr_screencopy_manager_v1", 3)
[20:00:59.357746]  -> wl_registry#2.global(29, "ext_image_copy_capture_manager_v1", 1)
[20:00:59.357748]  -> wl_registry#2.global(30, "ext_output_image_capture_source_manager_v1", 1)
[20:00:59.357763]  -> wl_registry#2.global(38, "ext_foreign_toplevel_image_capture_source_manager_v1", 1)
[20:00:59.357905] wl_registry#2.bind(28, "zwlr_screencopy_manager_v1", 3, new id [unknown]#5)
[20:00:59.357969] zwlr_screencopy_manager_v1#5.capture_output(new id zwlr_screencopy_frame_v1#9, 0, wl_output#8)
[20:00:59.357976]  -> zwlr_screencopy_frame_v1#9.buffer(1, 1920, 1080, 7680)
[20:00:59.357978]  -> zwlr_screencopy_frame_v1#9.buffer_done()
[20:00:59.358020] zwlr_screencopy_frame_v1#9.copy(wl_buffer#11)
[20:00:59.360738]  -> zwlr_screencopy_frame_v1#9.flags(0)
[20:00:59.360745]  -> zwlr_screencopy_frame_v1#9.ready(0, 275643, 334781365)
[20:00:59.370842] zwlr_screencopy_frame_v1#9.destroy()
[20:00:59.626111]  -> wl_registry#2.global(28, "zwlr_screencopy_manager_v1", 3)
[20:00:59.626113]  -> wl_registry#2.global(29, "ext_image_copy_capture_manager_v1", 1)
[20:00:59.626115]  -> wl_registry#2.global(30, "ext_output_image_capture_source_manager_v1", 1)
[20:00:59.626131]  -> wl_registry#2.global(38, "ext_foreign_toplevel_image_capture_source_manager_v1", 1)
[20:00:59.626281] wl_registry#2.bind(28, "zwlr_screencopy_manager_v1", 3, new id [unknown]#5)
[20:00:59.742331]  -> wl_registry#2.global(28, "zwlr_screencopy_manager_v1", 3)
[20:00:59.742333]  -> wl_registry#2.global(29, "ext_image_copy_capture_manager_v1", 1)
[20:00:59.742335]  -> wl_registry#2.global(30, "ext_output_image_capture_source_manager_v1", 1)
[20:00:59.742351]  -> wl_registry#2.global(38, "ext_foreign_toplevel_image_capture_source_manager_v1", 1)
[20:00:59.742528] wl_registry#2.bind(28, "zwlr_screencopy_manager_v1", 3, new id [unknown]#5)
[20:00:59.767452]  -> wl_registry#2.global(28, "zwlr_screencopy_manager_v1", 3)
[20:00:59.767454]  -> wl_registry#2.global(29, "ext_image_copy_capture_manager_v1", 1)
[20:00:59.767455]  -> wl_registry#2.global(30, "ext_output_image_capture_source_manager_v1", 1)
[20:00:59.767471]  -> wl_registry#2.global(38, "ext_foreign_toplevel_image_capture_source_manager_v1", 1)
[20:00:59.767606] wl_registry#2.bind(28, "zwlr_screencopy_manager_v1", 3, new id [unknown]#5)
[20:00:59.767670] zwlr_screencopy_manager_v1#5.capture_output(new id zwlr_screencopy_frame_v1#9, 0, wl_output#8)
[20:00:59.767677]  -> zwlr_screencopy_frame_v1#9.buffer(1, 1920, 1080, 7680)
[20:00:59.767679]  -> zwlr_screencopy_frame_v1#9.buffer_done()
[20:00:59.767721] zwlr_screencopy_frame_v1#9.copy(wl_buffer#11)
[20:00:59.770370]  -> zwlr_screencopy_frame_v1#9.flags(0)
[20:00:59.770377]  -> zwlr_screencopy_frame_v1#9.ready(0, 275643, 744477689)
[20:00:59.780254] zwlr_screencopy_frame_v1#9.destroy()
[20:01:00.136491]  -> wl_registry#2.global(28, "zwlr_screencopy_manager_v1", 3)
[20:01:00.136493]  -> wl_registry#2.global(29, "ext_image_copy_capture_manager_v1", 1)
[20:01:00.136495]  -> wl_registry#2.global(30, "ext_output_image_capture_source_manager_v1", 1)
[20:01:00.136510]  -> wl_registry#2.global(38, "ext_foreign_toplevel_image_capture_source_manager_v1", 1)
[20:01:00.136659] wl_registry#2.bind(28, "zwlr_screencopy_manager_v1", 3, new id [unknown]#5)
[20:01:00.161761]  -> wl_registry#2.global(28, "zwlr_screencopy_manager_v1", 3)
[20:01:00.161763]  -> wl_registry#2.global(29, "ext_image_copy_capture_manager_v1", 1)
[20:01:00.161765]  -> wl_registry#2.global(30, "ext_output_image_capture_source_manager_v1", 1)
[20:01:00.161780]  -> wl_registry#2.global(38, "ext_foreign_toplevel_image_capture_source_manager_v1", 1)
[20:01:00.161914] wl_registry#2.bind(28, "zwlr_screencopy_manager_v1", 3, new id [unknown]#5)
[20:01:00.161979] zwlr_screencopy_manager_v1#5.capture_output(new id zwlr_screencopy_frame_v1#9, 0, wl_output#8)
[20:01:00.161986]  -> zwlr_screencopy_frame_v1#9.buffer(1, 1920, 1080, 7680)
[20:01:00.161988]  -> zwlr_screencopy_frame_v1#9.buffer_done()
[20:01:00.162031] zwlr_screencopy_frame_v1#9.copy(wl_buffer#11)
[20:01:00.164703]  -> zwlr_screencopy_frame_v1#9.flags(0)
[20:01:00.164710]  -> zwlr_screencopy_frame_v1#9.ready(0, 275644, 138788920)
[20:01:00.174671] zwlr_screencopy_frame_v1#9.destroy()
[20:01:00.427946]  -> wl_registry#2.global(28, "zwlr_screencopy_manager_v1", 3)
[20:01:00.427948]  -> wl_registry#2.global(29, "ext_image_copy_capture_manager_v1", 1)
[20:01:00.427950]  -> wl_registry#2.global(30, "ext_output_image_capture_source_manager_v1", 1)
[20:01:00.427965]  -> wl_registry#2.global(38, "ext_foreign_toplevel_image_capture_source_manager_v1", 1)
[20:01:00.428107] wl_registry#2.bind(28, "zwlr_screencopy_manager_v1", 3, new id [unknown]#5)
[20:01:00.454281]  -> wl_registry#2.global(28, "zwlr_screencopy_manager_v1", 3)
[20:01:00.454283]  -> wl_registry#2.global(29, "ext_image_copy_capture_manager_v1", 1)
[20:01:00.454285]  -> wl_registry#2.global(30, "ext_output_image_capture_source_manager_v1", 1)
[20:01:00.454300]  -> wl_registry#2.global(38, "ext_foreign_toplevel_image_capture_source_manager_v1", 1)
[20:01:00.454438] wl_registry#2.bind(28, "zwlr_screencopy_manager_v1", 3, new id [unknown]#5)
[20:01:00.454503] zwlr_screencopy_manager_v1#5.capture_output(new id zwlr_screencopy_frame_v1#9, 0, wl_output#8)
[20:01:00.454512]  -> zwlr_screencopy_frame_v1#9.buffer(1, 1920, 1080, 7680)
[20:01:00.454514]  -> zwlr_screencopy_frame_v1#9.buffer_done()
[20:01:00.454560] zwlr_screencopy_frame_v1#9.copy(wl_buffer#11)
[20:01:00.457227]  -> zwlr_screencopy_frame_v1#9.flags(0)
[20:01:00.457234]  -> zwlr_screencopy_frame_v1#9.ready(0, 275644, 431319106)
[20:01:00.467138] zwlr_screencopy_frame_v1#9.destroy()
[20:01:00.722750]  -> wl_registry#2.global(28, "zwlr_screencopy_manager_v1", 3)
[20:01:00.722751]  -> wl_registry#2.global(29, "ext_image_copy_capture_manager_v1", 1)
[20:01:00.722753]  -> wl_registry#2.global(30, "ext_output_image_capture_source_manager_v1", 1)
[20:01:00.722769]  -> wl_registry#2.global(38, "ext_foreign_toplevel_image_capture_source_manager_v1", 1)
[20:01:00.722910] wl_registry#2.bind(28, "zwlr_screencopy_manager_v1", 3, new id [unknown]#5)
[20:01:00.747477]  -> wl_registry#2.global(28, "zwlr_screencopy_manager_v1", 3)
[20:01:00.747479]  -> wl_registry#2.global(29, "ext_image_copy_capture_manager_v1", 1)
[20:01:00.747481]  -> wl_registry#2.global(30, "ext_output_image_capture_source_manager_v1", 1)
[20:01:00.747496]  -> wl_registry#2.global(38, "ext_foreign_toplevel_image_capture_source_manager_v1", 1)
[20:01:00.747632] wl_registry#2.bind(28, "zwlr_screencopy_manager_v1", 3, new id [unknown]#5)
[20:01:00.747705] zwlr_screencopy_manager_v1#5.capture_output(new id zwlr_screencopy_frame_v1#9, 0, wl_output#8)
[20:01:00.747714]  -> zwlr_screencopy_frame_v1#9.buffer(1, 1920, 1080, 7680)
[20:01:00.747716]  -> zwlr_screencopy_frame_v1#9.buffer_done()
[20:01:00.747764] zwlr_screencopy_frame_v1#9.copy(wl_buffer#11)
[20:01:00.750610]  -> zwlr_screencopy_frame_v1#9.flags(0)
[20:01:00.750618]  -> zwlr_screencopy_frame_v1#9.ready(0, 275644, 724521812)
[20:01:00.760622] zwlr_screencopy_frame_v1#9.destroy()
[20:01:01.016715]  -> wl_registry#2.global(28, "zwlr_screencopy_manager_v1", 3)
[20:01:01.016717]  -> wl_registry#2.global(29, "ext_image_copy_capture_manager_v1", 1)
[20:01:01.016719]  -> wl_registry#2.global(30, "ext_output_image_capture_source_manager_v1", 1)
[20:01:01.016736]  -> wl_registry#2.global(38, "ext_foreign_toplevel_image_capture_source_manager_v1", 1)
[20:01:01.016910] wl_registry#2.bind(28, "zwlr_screencopy_manager_v1", 3, new id [unknown]#5)
[20:01:01.035614]  -> wl_registry#2.global(28, "zwlr_screencopy_manager_v1", 3)
[20:01:01.035616]  -> wl_registry#2.global(29, "ext_image_copy_capture_manager_v1", 1)
[20:01:01.035618]  -> wl_registry#2.global(30, "ext_output_image_capture_source_manager_v1", 1)
[20:01:01.035645]  -> wl_registry#2.global(38, "ext_foreign_toplevel_image_capture_source_manager_v1", 1)
[20:01:01.035782] wl_registry#2.bind(28, "zwlr_screencopy_manager_v1", 3, new id [unknown]#5)
[20:01:01.035854] zwlr_screencopy_manager_v1#5.capture_output(new id zwlr_screencopy_frame_v1#9, 0, wl_output#8)
[20:01:01.035861]  -> zwlr_screencopy_frame_v1#9.buffer(1, 1920, 1080, 7680)
[20:01:01.035863]  -> zwlr_screencopy_frame_v1#9.buffer_done()
[20:01:01.035916] zwlr_screencopy_frame_v1#9.copy(wl_buffer#11)
[20:01:01.038568]  -> zwlr_screencopy_frame_v1#9.flags(0)
[20:01:01.038578]  -> zwlr_screencopy_frame_v1#9.ready(0, 275645, 12676632)
[20:01:01.048735] zwlr_screencopy_frame_v1#9.destroy()
[20:01:01.304018]  -> wl_registry#2.global(28, "zwlr_screencopy_manager_v1", 3)
[20:01:01.304027]  -> wl_registry#2.global(29, "ext_image_copy_capture_manager_v1", 1)
[20:01:01.304029]  -> wl_registry#2.global(30, "ext_output_image_capture_source_manager_v1", 1)
[20:01:01.304045]  -> wl_registry#2.global(38, "ext_foreign_toplevel_image_capture_source_manager_v1", 1)
[20:01:01.304184] wl_registry#2.bind(28, "zwlr_screencopy_manager_v1", 3, new id [unknown]#5)
[20:01:01.441964]  -> wl_registry#2.global(28, "zwlr_screencopy_manager_v1", 3)
[20:01:01.441966]  -> wl_registry#2.global(29, "ext_image_copy_capture_manager_v1", 1)
[20:01:01.441968]  -> wl_registry#2.global(30, "ext_output_image_capture_source_manager_v1", 1)
[20:01:01.441994]  -> wl_registry#2.global(38, "ext_foreign_toplevel_image_capture_source_manager_v1", 1)
[20:01:01.442132] wl_registry#2.bind(28, "zwlr_screencopy_manager_v1", 3, new id [unknown]#5)
[20:01:01.467501]  -> wl_registry#2.global(28, "zwlr_screencopy_manager_v1", 3)
[20:01:01.467503]  -> wl_registry#2.global(29, "ext_image_copy_capture_manager_v1", 1)
[20:01:01.467505]  -> wl_registry#2.global(30, "ext_output_image_capture_source_manager_v1", 1)
[20:01:01.467521]  -> wl_registry#2.global(38, "ext_foreign_toplevel_image_capture_source_manager_v1", 1)
[20:01:01.467665] wl_registry#2.bind(28, "zwlr_screencopy_manager_v1", 3, new id [unknown]#5)
[20:01:01.467731] zwlr_screencopy_manager_v1#5.capture_output(new id zwlr_screencopy_frame_v1#9, 0, wl_output#8)
[20:01:01.467739]  -> zwlr_screencopy_frame_v1#9.buffer(1, 1920, 1080, 7680)
[20:01:01.467741]  -> zwlr_screencopy_frame_v1#9.buffer_done()
[20:01:01.467789] zwlr_screencopy_frame_v1#9.copy(wl_buffer#11)
[20:01:01.470629]  -> zwlr_screencopy_frame_v1#9.flags(0)
[20:01:01.470638]  -> zwlr_screencopy_frame_v1#9.ready(0, 275645, 444550377)
[20:01:01.480930] zwlr_screencopy_frame_v1#9.destroy()
[20:01:01.839453]  -> wl_registry#2.global(28, "zwlr_screencopy_manager_v1", 3)
[20:01:01.839455]  -> wl_registry#2.global(29, "ext_image_copy_capture_manager_v1", 1)
[20:01:01.839456]  -> wl_registry#2.global(30, "ext_output_image_capture_source_manager_v1", 1)
[20:01:01.839472]  -> wl_registry#2.global(38, "ext_foreign_toplevel_image_capture_source_manager_v1", 1)
[20:01:01.839616] wl_registry#2.bind(28, "zwlr_screencopy_manager_v1", 3, new id [unknown]#5)
[20:01:01.865223]  -> wl_registry#2.global(28, "zwlr_screencopy_manager_v1", 3)
[20:01:01.865225]  -> wl_registry#2.global(29, "ext_image_copy_capture_manager_v1", 1)
[20:01:01.865227]  -> wl_registry#2.global(30, "ext_output_image_capture_source_manager_v1", 1)
[20:01:01.865243]  -> wl_registry#2.global(38, "ext_foreign_toplevel_image_capture_source_manager_v1", 1)
[20:01:01.865393] wl_registry#2.bind(28, "zwlr_screencopy_manager_v1", 3, new id [unknown]#5)
[20:01:01.865461] zwlr_screencopy_manager_v1#5.capture_output(new id zwlr_screencopy_frame_v1#9, 0, wl_output#8)
[20:01:01.865469]  -> zwlr_screencopy_frame_v1#9.buffer(1, 1920, 1080, 7680)
[20:01:01.865472]  -> zwlr_screencopy_frame_v1#9.buffer_done()
[20:01:01.865516] zwlr_screencopy_frame_v1#9.copy(wl_buffer#11)
[20:01:01.868119]  -> zwlr_screencopy_frame_v1#9.flags(0)
[20:01:01.868129]  -> zwlr_screencopy_frame_v1#9.ready(0, 275645, 842273829)
[20:01:01.878309] zwlr_screencopy_frame_v1#9.destroy()
[20:01:02.131647]  -> wl_registry#2.global(28, "zwlr_screencopy_manager_v1", 3)
[20:01:02.131649]  -> wl_registry#2.global(29, "ext_image_copy_capture_manager_v1", 1)
[20:01:02.131650]  -> wl_registry#2.global(30, "ext_output_image_capture_source_manager_v1", 1)
[20:01:02.131666]  -> wl_registry#2.global(38, "ext_foreign_toplevel_image_capture_source_manager_v1", 1)
[20:01:02.131819] wl_registry#2.bind(28, "zwlr_screencopy_manager_v1", 3, new id [unknown]#5)
[20:01:02.157301]  -> wl_registry#2.global(28, "zwlr_screencopy_manager_v1", 3)
[20:01:02.157303]  -> wl_registry#2.global(29, "ext_image_copy_capture_manager_v1", 1)
[20:01:02.157305]  -> wl_registry#2.global(30, "ext_output_image_capture_source_manager_v1", 1)
[20:01:02.157321]  -> wl_registry#2.global(38, "ext_foreign_toplevel_image_capture_source_manager_v1", 1)
[20:01:02.157456] wl_registry#2.bind(28, "zwlr_screencopy_manager_v1", 3, new id [unknown]#5)
[20:01:02.157519] zwlr_screencopy_manager_v1#5.capture_output(new id zwlr_screencopy_frame_v1#9, 0, wl_output#8)
[20:01:02.157526]  -> zwlr_screencopy_frame_v1#9.buffer(1, 1920, 1080, 7680)
[20:01:02.157528]  -> zwlr_screencopy_frame_v1#9.buffer_done()
[20:01:02.157571] zwlr_screencopy_frame_v1#9.copy(wl_buffer#11)
[20:01:02.160405]  -> zwlr_screencopy_frame_v1#9.flags(0)
[20:01:02.160413]  -> zwlr_screencopy_frame_v1#9.ready(0, 275646, 134328691)
[20:01:02.170421] zwlr_screencopy_frame_v1#9.destroy()
[20:01:02.426391]  -> wl_registry#2.global(28, "zwlr_screencopy_manager_v1", 3)
[20:01:02.426393]  -> wl_registry#2.global(29, "ext_image_copy_capture_manager_v1", 1)
[20:01:02.426395]  -> wl_registry#2.global(30, "ext_output_image_capture_source_manager_v1", 1)
[20:01:02.426410]  -> wl_registry#2.global(38, "ext_foreign_toplevel_image_capture_source_manager_v1", 1)
[20:01:02.426627] wl_registry#2.bind(28, "zwlr_screencopy_manager_v1", 3, new id [unknown]#5)
[20:01:02.452187]  -> wl_registry#2.global(28, "zwlr_screencopy_manager_v1", 3)
[20:01:02.452189]  -> wl_registry#2.global(29, "ext_image_copy_capture_manager_v1", 1)
[20:01:02.452191]  -> wl_registry#2.global(30, "ext_output_image_capture_source_manager_v1", 1)
[20:01:02.452207]  -> wl_registry#2.global(38, "ext_foreign_toplevel_image_capture_source_manager_v1", 1)
[20:01:02.452349] wl_registry#2.bind(28, "zwlr_screencopy_manager_v1", 3, new id [unknown]#5)
[20:01:02.452417] zwlr_screencopy_manager_v1#5.capture_output(new id zwlr_screencopy_frame_v1#9, 0, wl_output#8)
[20:01:02.452425]  -> zwlr_screencopy_frame_v1#9.buffer(1, 1920, 1080, 7680)
[20:01:02.452427]  -> zwlr_screencopy_frame_v1#9.buffer_done()
[20:01:02.452473] zwlr_screencopy_frame_v1#9.copy(wl_buffer#11)
[20:01:02.455079]  -> zwlr_screencopy_frame_v1#9.flags(0)
[20:01:02.455085]  -> zwlr_screencopy_frame_v1#9.ready(0, 275646, 429230860)
[20:01:02.465377] zwlr_screencopy_frame_v1#9.destroy()
[20:01:02.718412]  -> wl_registry#2.global(28, "zwlr_screencopy_manager_v1", 3)
[20:01:02.718414]  -> wl_registry#2.global(29, "ext_image_copy_capture_manager_v1", 1)
[20:01:02.718416]  -> wl_registry#2.global(30, "ext_output_image_capture_source_manager_v1", 1)
[20:01:02.718432]  -> wl_registry#2.global(38, "ext_foreign_toplevel_image_capture_source_manager_v1", 1)
[20:01:02.718571] wl_registry#2.bind(28, "zwlr_screencopy_manager_v1", 3, new id [unknown]#5)
[20:01:02.737332]  -> wl_registry#2.global(28, "zwlr_screencopy_manager_v1", 3)
[20:01:02.737334]  -> wl_registry#2.global(29, "ext_image_copy_capture_manager_v1", 1)
[20:01:02.737336]  -> wl_registry#2.global(30, "ext_output_image_capture_source_manager_v1", 1)
[20:01:02.737351]  -> wl_registry#2.global(38, "ext_foreign_toplevel_image_capture_source_manager_v1", 1)
[20:01:02.737590] wl_registry#2.bind(28, "zwlr_screencopy_manager_v1", 3, new id [unknown]#5)
[20:01:02.737738] zwlr_screencopy_manager_v1#5.capture_output(new id zwlr_screencopy_frame_v1#9, 0, wl_output#8)
[20:01:02.737750]  -> zwlr_screencopy_frame_v1#9.buffer(1, 1920, 1080, 7680)
[20:01:02.737753]  -> zwlr_screencopy_frame_v1#9.buffer_done()
[20:01:02.737799] zwlr_screencopy_frame_v1#9.copy(wl_buffer#11)
[20:01:02.740471]  -> zwlr_screencopy_frame_v1#9.flags(0)
[20:01:02.740477]  -> zwlr_screencopy_frame_v1#9.ready(0, 275646, 714556330)
[20:01:02.750759] zwlr_screencopy_frame_v1#9.destroy()
[20:01:03.004687]  -> wl_registry#2.global(28, "zwlr_screencopy_manager_v1", 3)
[20:01:03.004689]  -> wl_registry#2.global(29, "ext_image_copy_capture_manager_v1", 1)
[20:01:03.004690]  -> wl_registry#2.global(30, "ext_output_image_capture_source_manager_v1", 1)
[20:01:03.004706]  -> wl_registry#2.global(38, "ext_foreign_toplevel_image_capture_source_manager_v1", 1)
[20:01:03.004850] wl_registry#2.bind(28, "zwlr_screencopy_manager_v1", 3, new id [unknown]#5)
[20:01:03.140968]  -> wl_registry#2.global(28, "zwlr_screencopy_manager_v1", 3)
[20:01:03.140970]  -> wl_registry#2.global(29, "ext_image_copy_capture_manager_v1", 1)
[20:01:03.140972]  -> wl_registry#2.global(30, "ext_output_image_capture_source_manager_v1", 1)
[20:01:03.140988]  -> wl_registry#2.global(38, "ext_foreign_toplevel_image_capture_source_manager_v1", 1)
[20:01:03.141128] wl_registry#2.bind(28, "zwlr_screencopy_manager_v1", 3, new id [unknown]#5)
[20:01:03.359774]  -> wl_registry#2.global(28, "zwlr_screencopy_manager_v1", 3)
[20:01:03.359779]  -> wl_registry#2.global(29, "ext_image_copy_capture_manager_v1", 1)
[20:01:03.359788]  -> wl_registry#2.global(30, "ext_output_image_capture_source_manager_v1", 1)
[20:01:03.359804]  -> wl_registry#2.global(38, "ext_foreign_toplevel_image_capture_source_manager_v1", 1)
[20:01:03.359937] wl_registry#2.bind(28, "zwlr_screencopy_manager_v1", 3, new id [unknown]#5)
[20:01:03.384208]  -> wl_registry#2.global(28, "zwlr_screencopy_manager_v1", 3)
[20:01:03.384210]  -> wl_registry#2.global(29, "ext_image_copy_capture_manager_v1", 1)
[20:01:03.384212]  -> wl_registry#2.global(30, "ext_output_image_capture_source_manager_v1", 1)
[20:01:03.384234]  -> wl_registry#2.global(38, "ext_foreign_toplevel_image_capture_source_manager_v1", 1)
[20:01:03.384375] wl_registry#2.bind(28, "zwlr_screencopy_manager_v1", 3, new id [unknown]#5)
[20:01:03.384448] zwlr_screencopy_manager_v1#5.capture_output(new id zwlr_screencopy_frame_v1#9, 0, wl_output#8)
[20:01:03.384457]  -> zwlr_screencopy_frame_v1#9.buffer(1, 1920, 1080, 7680)
[20:01:03.384460]  -> zwlr_screencopy_frame_v1#9.buffer_done()
[20:01:03.384508] zwlr_screencopy_frame_v1#9.copy(wl_buffer#11)
[20:01:03.387156]  -> zwlr_screencopy_frame_v1#9.flags(0)
[20:01:03.387163]  -> zwlr_screencopy_frame_v1#9.ready(0, 275647, 361264815)
[20:01:03.397185] zwlr_screencopy_frame_v1#9.destroy()
[20:01:03.650833]  -> wl_registry#2.global(28, "zwlr_screencopy_manager_v1", 3)
[20:01:03.650835]  -> wl_registry#2.global(29, "ext_image_copy_capture_manager_v1", 1)
[20:01:03.650837]  -> wl_registry#2.global(30, "ext_output_image_capture_source_manager_v1", 1)
[20:01:03.650862]  -> wl_registry#2.global(38, "ext_foreign_toplevel_image_capture_source_manager_v1", 1)
[20:01:03.651001] wl_registry#2.bind(28, "zwlr_screencopy_manager_v1", 3, new id [unknown]#5)
[20:01:03.675663]  -> wl_registry#2.global(28, "zwlr_screencopy_manager_v1", 3)
[20:01:03.675664]  -> wl_registry#2.global(29, "ext_image_copy_capture_manager_v1", 1)
[20:01:03.675666]  -> wl_registry#2.global(30, "ext_output_image_capture_source_manager_v1", 1)
[20:01:03.675682]  -> wl_registry#2.global(38, "ext_foreign_toplevel_image_capture_source_manager_v1", 1)
[20:01:03.675826] wl_registry#2.bind(28, "zwlr_screencopy_manager_v1", 3, new id [unknown]#5)
[20:01:03.675891] zwlr_screencopy_manager_v1#5.capture_output(new id zwlr_screencopy_frame_v1#9, 0, wl_output#8)
[20:01:03.675899]  -> zwlr_screencopy_frame_v1#9.buffer(1, 1920, 1080, 7680)
[20:01:03.675901]  -> zwlr_screencopy_frame_v1#9.buffer_done()
[20:01:03.675949] zwlr_screencopy_frame_v1#9.copy(wl_buffer#11)
[20:01:03.678775]  -> zwlr_screencopy_frame_v1#9.flags(0)
[20:01:03.678784]  -> zwlr_screencopy_frame_v1#9.ready(0, 275647, 652706248)
[20:01:03.690069] zwlr_screencopy_frame_v1#9.destroy()
[20:01:03.946369]  -> wl_registry#2.global(28, "zwlr_screencopy_manager_v1", 3)
[20:01:03.946371]  -> wl_registry#2.global(29, "ext_image_copy_capture_manager_v1", 1)
[20:01:03.946373]  -> wl_registry#2.global(30, "ext_output_image_capture_source_manager_v1", 1)
[20:01:03.946389]  -> wl_registry#2.global(38, "ext_foreign_toplevel_image_capture_source_manager_v1", 1)
[20:01:03.946580] wl_registry#2.bind(28, "zwlr_screencopy_manager_v1", 3, new id [unknown]#5)
[20:01:03.971486]  -> wl_registry#2.global(28, "zwlr_screencopy_manager_v1", 3)
[20:01:03.971488]  -> wl_registry#2.global(29, "ext_image_copy_capture_manager_v1", 1)
[20:01:03.971490]  -> wl_registry#2.global(30, "ext_output_image_capture_source_manager_v1", 1)
[20:01:03.971505]  -> wl_registry#2.global(38, "ext_foreign_toplevel_image_capture_source_manager_v1", 1)
[20:01:03.971642] wl_registry#2.bind(28, "zwlr_screencopy_manager_v1", 3, new id [unknown]#5)
[20:01:03.971706] zwlr_screencopy_manager_v1#5.capture_output(new id zwlr_screencopy_frame_v1#9, 0, wl_output#8)
[20:01:03.971713]  -> zwlr_screencopy_frame_v1#9.buffer(1, 1920, 1080, 7680)
[20:01:03.971715]  -> zwlr_screencopy_frame_v1#9.buffer_done()
[20:01:03.971758] zwlr_screencopy_frame_v1#9.copy(wl_buffer#11)
[20:01:03.974298]  -> zwlr_screencopy_frame_v1#9.flags(0)
[20:01:03.974305]  -> zwlr_screencopy_frame_v1#9.ready(0, 275647, 948519402)
[20:01:03.984438] zwlr_screencopy_frame_v1#9.destroy()
[20:01:04.242561]  -> wl_registry#2.global(28, "zwlr_screencopy_manager_v1", 3)
[20:01:04.242563]  -> wl_registry#2.global(29, "ext_image_copy_capture_manager_v1", 1)
[20:01:04.242565]  -> wl_registry#2.global(30, "ext_output_image_capture_source_manager_v1", 1)
[20:01:04.242581]  -> wl_registry#2.global(38, "ext_foreign_toplevel_image_capture_source_manager_v1", 1)
[20:01:04.242727] wl_registry#2.bind(28, "zwlr_screencopy_manager_v1", 3, new id [unknown]#5)
[20:01:04.261093]  -> wl_registry#2.global(28, "zwlr_screencopy_manager_v1", 3)
[20:01:04.261095]  -> wl_registry#2.global(29, "ext_image_copy_capture_manager_v1", 1)
[20:01:04.261097]  -> wl_registry#2.global(30, "ext_output_image_capture_source_manager_v1", 1)
[20:01:04.261113]  -> wl_registry#2.global(38, "ext_foreign_toplevel_image_capture_source_manager_v1", 1)
[20:01:04.261251] wl_registry#2.bind(28, "zwlr_screencopy_manager_v1", 3, new id [unknown]#5)
[20:01:04.261322] zwlr_screencopy_manager_v1#5.capture_output(new id zwlr_screencopy_frame_v1#9, 0, wl_output#8)
[20:01:04.261329]  -> zwlr_screencopy_frame_v1#9.buffer(1, 1920, 1080, 7680)
[20:01:04.261332]  -> zwlr_screencopy_frame_v1#9.buffer_done()
[20:01:04.261376] zwlr_screencopy_frame_v1#9.copy(wl_buffer#11)
[20:01:04.264043]  -> zwlr_screencopy_frame_v1#9.flags(0)
[20:01:04.264050]  -> zwlr_screencopy_frame_v1#9.ready(0, 275648, 238134598)
[20:01:04.273986] zwlr_screencopy_frame_v1#9.destroy()
[20:01:04.527102]  -> wl_registry#2.global(28, "zwlr_screencopy_manager_v1", 3)
[20:01:04.527104]  -> wl_registry#2.global(29, "ext_image_copy_capture_manager_v1", 1)
[20:01:04.527106]  -> wl_registry#2.global(30, "ext_output_image_capture_source_manager_v1", 1)
[20:01:04.527122]  -> wl_registry#2.global(38, "ext_foreign_toplevel_image_capture_source_manager_v1", 1)
[20:01:04.527280] wl_registry#2.bind(28, "zwlr_screencopy_manager_v1", 3, new id [unknown]#5)
[20:01:04.663236]  -> wl_registry#2.global(28, "zwlr_screencopy_manager_v1", 3)
[20:01:04.663238]  -> wl_registry#2.global(29, "ext_image_copy_capture_manager_v1", 1)
[20:01:04.663240]  -> wl_registry#2.global(30, "ext_output_image_capture_source_manager_v1", 1)
[20:01:04.663256]  -> wl_registry#2.global(38, "ext_foreign_toplevel_image_capture_source_manager_v1", 1)
[20:01:04.663455] wl_registry#2.bind(28, "zwlr_screencopy_manager_v1", 3, new id [unknown]#5)
[20:01:04.780080]  -> wl_registry#2.global(28, "zwlr_screencopy_manager_v1", 3)
[20:01:04.780082]  -> wl_registry#2.global(29, "ext_image_copy_capture_manager_v1", 1)
[20:01:04.780084]  -> wl_registry#2.global(30, "ext_output_image_capture_source_manager_v1", 1)
[20:01:04.780100]  -> wl_registry#2.global(38, "ext_foreign_toplevel_image_capture_source_manager_v1", 1)
[20:01:04.780256] wl_registry#2.bind(28, "zwlr_screencopy_manager_v1", 3, new id [unknown]#5)
[20:01:04.805936]  -> wl_registry#2.global(28, "zwlr_screencopy_manager_v1", 3)
[20:01:04.805938]  -> wl_registry#2.global(29, "ext_image_copy_capture_manager_v1", 1)
[20:01:04.805940]  -> wl_registry#2.global(30, "ext_output_image_capture_source_manager_v1", 1)
[20:01:04.805956]  -> wl_registry#2.global(38, "ext_foreign_toplevel_image_capture_source_manager_v1", 1)
[20:01:04.806124] wl_registry#2.bind(28, "zwlr_screencopy_manager_v1", 3, new id [unknown]#5)
[20:01:04.806206] zwlr_screencopy_manager_v1#5.capture_output(new id zwlr_screencopy_frame_v1#9, 0, wl_output#8)
[20:01:04.806215]  -> zwlr_screencopy_frame_v1#9.buffer(1, 1920, 1080, 7680)
[20:01:04.806217]  -> zwlr_screencopy_frame_v1#9.buffer_done()
[20:01:04.806284] zwlr_screencopy_frame_v1#9.copy(wl_buffer#11)
[20:01:04.809069]  -> zwlr_screencopy_frame_v1#9.flags(0)
[20:01:04.809078]  -> zwlr_screencopy_frame_v1#9.ready(0, 275648, 783044092)
[20:01:04.819529] zwlr_screencopy_frame_v1#9.destroy()
[20:01:05.082872]  -> wl_registry#2.global(28, "zwlr_screencopy_manager_v1", 3)
[20:01:05.082874]  -> wl_registry#2.global(29, "ext_image_copy_capture_manager_v1", 1)
[20:01:05.082876]  -> wl_registry#2.global(30, "ext_output_image_capture_source_manager_v1", 1)
[20:01:05.082892]  -> wl_registry#2.global(38, "ext_foreign_toplevel_image_capture_source_manager_v1", 1)
[20:01:05.083049] wl_registry#2.bind(28, "zwlr_screencopy_manager_v1", 3, new id [unknown]#5)
[20:01:05.109001]  -> wl_registry#2.global(28, "zwlr_screencopy_manager_v1", 3)
[20:01:05.109006]  -> wl_registry#2.global(29, "ext_image_copy_capture_manager_v1", 1)
[20:01:05.109016]  -> wl_registry#2.global(30, "ext_output_image_capture_source_manager_v1", 1)
[20:01:05.109032]  -> wl_registry#2.global(38, "ext_foreign_toplevel_image_capture_source_manager_v1", 1)
[20:01:05.109169] wl_registry#2.bind(28, "zwlr_screencopy_manager_v1", 3, new id [unknown]#5)
[20:01:05.109239] zwlr_screencopy_manager_v1#5.capture_output(new id zwlr_screencopy_frame_v1#9, 0, wl_output#8)
[20:01:05.109247]  -> zwlr_screencopy_frame_v1#9.buffer(1, 1920, 1080, 7680)
[20:01:05.109249]  -> zwlr_screencopy_frame_v1#9.buffer_done()
[20:01:05.109300] zwlr_screencopy_frame_v1#9.copy(wl_buffer#11)
[20:01:05.112090]  -> zwlr_screencopy_frame_v1#9.flags(0)
[20:01:05.112101]  -> zwlr_screencopy_frame_v1#9.ready(0, 275649, 86060237)
[20:01:05.122559] zwlr_screencopy_frame_v1#9.destroy()
[20:01:05.380361]  -> wl_registry#2.global(28, "zwlr_screencopy_manager_v1", 3)
[20:01:05.380363]  -> wl_registry#2.global(29, "ext_image_copy_capture_manager_v1", 1)
[20:01:05.380365]  -> wl_registry#2.global(30, "ext_output_image_capture_source_manager_v1", 1)
[20:01:05.380380]  -> wl_registry#2.global(38, "ext_foreign_toplevel_image_capture_source_manager_v1", 1)
[20:01:05.380523] wl_registry#2.bind(28, "zwlr_screencopy_manager_v1", 3, new id [unknown]#5)
[20:01:05.405745]  -> wl_registry#2.global(28, "zwlr_screencopy_manager_v1", 3)
[20:01:05.405747]  -> wl_registry#2.global(29, "ext_image_copy_capture_manager_v1", 1)
[20:01:05.405749]  -> wl_registry#2.global(30, "ext_output_image_capture_source_manager_v1", 1)
[20:01:05.405776]  -> wl_registry#2.global(38, "ext_foreign_toplevel_image_capture_source_manager_v1", 1)
[20:01:05.405914] wl_registry#2.bind(28, "zwlr_screencopy_manager_v1", 3, new id [unknown]#5)
[20:01:05.405986] zwlr_screencopy_manager_v1#5.capture_output(new id zwlr_screencopy_frame_v1#9, 0, wl_output#8)
[20:01:05.405993]  -> zwlr_screencopy_frame_v1#9.buffer(1, 1920, 1080, 7680)
[20:01:05.405996]  -> zwlr_screencopy_frame_v1#9.buffer_done()
[20:01:05.406042] zwlr_screencopy_frame_v1#9.copy(wl_buffer#11)
[20:01:05.408832]  -> zwlr_screencopy_frame_v1#9.flags(0)
[20:01:05.408840]  -> zwlr_screencopy_frame_v1#9.ready(0, 275649, 382802382)
[20:01:05.419346] zwlr_screencopy_frame_v1#9.destroy()
[20:01:05.673564]  -> wl_registry#2.global(28, "zwlr_screencopy_manager_v1", 3)
[20:01:05.673566]  -> wl_registry#2.global(29, "ext_image_copy_capture_manager_v1", 1)
[20:01:05.673568]  -> wl_registry#2.global(30, "ext_output_image_capture_source_manager_v1", 1)
[20:01:05.673595]  -> wl_registry#2.global(38, "ext_foreign_toplevel_image_capture_source_manager_v1", 1)
[20:01:05.673738] wl_registry#2.bind(28, "zwlr_screencopy_manager_v1", 3, new id [unknown]#5)
[20:01:05.700451]  -> wl_registry#2.global(28, "zwlr_screencopy_manager_v1", 3)
[20:01:05.700453]  -> wl_registry#2.global(29, "ext_image_copy_capture_manager_v1", 1)
[20:01:05.700455]  -> wl_registry#2.global(30, "ext_output_image_capture_source_manager_v1", 1)
[20:01:05.700471]  -> wl_registry#2.global(38, "ext_foreign_toplevel_image_capture_source_manager_v1", 1)
[20:01:05.700630] wl_registry#2.bind(28, "zwlr_screencopy_manager_v1", 3, new id [unknown]#5)
[20:01:05.700698] zwlr_screencopy_manager_v1#5.capture_output(new id zwlr_screencopy_frame_v1#9, 0, wl_output#8)
[20:01:05.700707]  -> zwlr_screencopy_frame_v1#9.buffer(1, 1920, 1080, 7680)
[20:01:05.700712]  -> zwlr_screencopy_frame_v1#9.buffer_done()
[20:01:05.700760] zwlr_screencopy_frame_v1#9.copy(wl_buffer#11)
[20:01:05.703558]  -> zwlr_screencopy_frame_v1#9.flags(0)
[20:01:05.703568]  -> zwlr_screencopy_frame_v1#9.ready(0, 275649, 677519818)
[20:01:05.714540] zwlr_screencopy_frame_v1#9.destroy()
[20:01:05.970484]  -> wl_registry#2.global(28, "zwlr_screencopy_manager_v1", 3)
[20:01:05.970486]  -> wl_registry#2.global(29, "ext_image_copy_capture_manager_v1", 1)
[20:01:05.970488]  -> wl_registry#2.global(30, "ext_output_image_capture_source_manager_v1", 1)
[20:01:05.970515]  -> wl_registry#2.global(38, "ext_foreign_toplevel_image_capture_source_manager_v1", 1)
[20:01:05.970665] wl_registry#2.bind(28, "zwlr_screencopy_manager_v1", 3, new id [unknown]#5)
[20:01:05.989599]  -> wl_registry#2.global(28, "zwlr_screencopy_manager_v1", 3)
[20:01:05.989601]  -> wl_registry#2.global(29, "ext_image_copy_capture_manager_v1", 1)
[20:01:05.989603]  -> wl_registry#2.global(30, "ext_output_image_capture_source_manager_v1", 1)
[20:01:05.989619]  -> wl_registry#2.global(38, "ext_foreign_toplevel_image_capture_source_manager_v1", 1)
[20:01:05.989781] wl_registry#2.bind(28, "zwlr_screencopy_manager_v1", 3, new id [unknown]#5)
[20:01:05.989852] zwlr_screencopy_manager_v1#5.capture_output(new id zwlr_screencopy_frame_v1#9, 0, wl_output#8)
[20:01:05.989860]  -> zwlr_screencopy_frame_v1#9.buffer(1, 1920, 1080, 7680)
[20:01:05.989862]  -> zwlr_screencopy_frame_v1#9.buffer_done()
[20:01:05.989920] zwlr_screencopy_frame_v1#9.copy(wl_buffer#11)
[20:01:05.993047]  -> zwlr_screencopy_frame_v1#9.flags(0)
[20:01:05.993058]  -> zwlr_screencopy_frame_v1#9.ready(0, 275649, 966683914)
[20:01:06.004429] zwlr_screencopy_frame_v1#9.destroy()
[20:01:06.266714]  -> wl_registry#2.global(28, "zwlr_screencopy_manager_v1", 3)
[20:01:06.266716]  -> wl_registry#2.global(29, "ext_image_copy_capture_manager_v1", 1)
[20:01:06.266718]  -> wl_registry#2.global(30, "ext_output_image_capture_source_manager_v1", 1)
[20:01:06.266734]  -> wl_registry#2.global(38, "ext_foreign_toplevel_image_capture_source_manager_v1", 1)
[20:01:06.266894] wl_registry#2.bind(28, "zwlr_screencopy_manager_v1", 3, new id [unknown]#5)
[20:01:06.403784]  -> wl_registry#2.global(28, "zwlr_screencopy_manager_v1", 3)
[20:01:06.403786]  -> wl_registry#2.global(29, "ext_image_copy_capture_manager_v1", 1)
[20:01:06.403788]  -> wl_registry#2.global(30, "ext_output_image_capture_source_manager_v1", 1)
[20:01:06.403804]  -> wl_registry#2.global(38, "ext_foreign_toplevel_image_capture_source_manager_v1", 1)
[20:01:06.403953] wl_registry#2.bind(28, "zwlr_screencopy_manager_v1", 3, new id [unknown]#5)
[20:01:06.519836]  -> wl_registry#2.global(28, "zwlr_screencopy_manager_v1", 3)
[20:01:06.519837]  -> wl_registry#2.global(29, "ext_image_copy_capture_manager_v1", 1)
[20:01:06.519839]  -> wl_registry#2.global(30, "ext_output_image_capture_source_manager_v1", 1)
[20:01:06.519855]  -> wl_registry#2.global(38, "ext_foreign_toplevel_image_capture_source_manager_v1", 1)
[20:01:06.519994] wl_registry#2.bind(28, "zwlr_screencopy_manager_v1", 3, new id [unknown]#5)
[20:01:06.544314]  -> wl_registry#2.global(28, "zwlr_screencopy_manager_v1", 3)
[20:01:06.544315]  -> wl_registry#2.global(29, "ext_image_copy_capture_manager_v1", 1)
[20:01:06.544317]  -> wl_registry#2.global(30, "ext_output_image_capture_source_manager_v1", 1)
[20:01:06.544333]  -> wl_registry#2.global(38, "ext_foreign_toplevel_image_capture_source_manager_v1", 1)
[20:01:06.544480] wl_registry#2.bind(28, "zwlr_screencopy_manager_v1", 3, new id [unknown]#5)
[20:01:06.544551] zwlr_screencopy_manager_v1#5.capture_output(new id zwlr_screencopy_frame_v1#9, 0, wl_output#8)
[20:01:06.544559]  -> zwlr_screencopy_frame_v1#9.buffer(1, 1920, 1080, 7680)
[20:01:06.544562]  -> zwlr_screencopy_frame_v1#9.buffer_done()
[20:01:06.544608] zwlr_screencopy_frame_v1#9.copy(wl_buffer#11)
[20:01:06.547284]  -> zwlr_screencopy_frame_v1#9.flags(0)
[20:01:06.547292]  -> zwlr_screencopy_frame_v1#9.ready(0, 275650, 521365883)
[20:01:06.557577] zwlr_screencopy_frame_v1#9.destroy()
[20:01:06.915928]  -> wl_registry#2.global(28, "zwlr_screencopy_manager_v1", 3)
[20:01:06.915930]  -> wl_registry#2.global(29, "ext_image_copy_capture_manager_v1", 1)
[20:01:06.915932]  -> wl_registry#2.global(30, "ext_output_image_capture_source_manager_v1", 1)
[20:01:06.915948]  -> wl_registry#2.global(38, "ext_foreign_toplevel_image_capture_source_manager_v1", 1)
[20:01:06.916090] wl_registry#2.bind(28, "zwlr_screencopy_manager_v1", 3, new id [unknown]#5)
[20:01:06.940391]  -> wl_registry#2.global(28, "zwlr_screencopy_manager_v1", 3)
[20:01:06.940393]  -> wl_registry#2.global(29, "ext_image_copy_capture_manager_v1", 1)
[20:01:06.940395]  -> wl_registry#2.global(30, "ext_output_image_capture_source_manager_v1", 1)
[20:01:06.940410]  -> wl_registry#2.global(38, "ext_foreign_toplevel_image_capture_source_manager_v1", 1)
[20:01:06.940544] wl_registry#2.bind(28, "zwlr_screencopy_manager_v1", 3, new id [unknown]#5)
[20:01:06.940608] zwlr_screencopy_manager_v1#5.capture_output(new id zwlr_screencopy_frame_v1#9, 0, wl_output#8)
[20:01:06.940616]  -> zwlr_screencopy_frame_v1#9.buffer(1, 1920, 1080, 7680)
[20:01:06.940618]  -> zwlr_screencopy_frame_v1#9.buffer_done()
[20:01:06.940663] zwlr_screencopy_frame_v1#9.copy(wl_buffer#11)
[20:01:06.943559]  -> zwlr_screencopy_frame_v1#9.flags(0)
[20:01:06.943568]  -> zwlr_screencopy_frame_v1#9.ready(0, 275650, 917420303)
[20:01:06.953944] zwlr_screencopy_frame_v1#9.destroy()
[20:01:07.213396]  -> wl_registry#2.global(28, "zwlr_screencopy_manager_v1", 3)
[20:01:07.213398]  -> wl_registry#2.global(29, "ext_image_copy_capture_manager_v1", 1)
[20:01:07.213400]  -> wl_registry#2.global(30, "ext_output_image_capture_source_manager_v1", 1)
[20:01:07.213416]  -> wl_registry#2.global(38, "ext_foreign_toplevel_image_capture_source_manager_v1", 1)
[20:01:07.213552] wl_registry#2.bind(28, "zwlr_screencopy_manager_v1", 3, new id [unknown]#5)
[20:01:07.239902]  -> wl_registry#2.global(28, "zwlr_screencopy_manager_v1", 3)
[20:01:07.239904]  -> wl_registry#2.global(29, "ext_image_copy_capture_manager_v1", 1)
[20:01:07.239906]  -> wl_registry#2.global(30, "ext_output_image_capture_source_manager_v1", 1)
[20:01:07.239921]  -> wl_registry#2.global(38, "ext_foreign_toplevel_image_capture_source_manager_v1", 1)
[20:01:07.240052] wl_registry#2.bind(28, "zwlr_screencopy_manager_v1", 3, new id [unknown]#5)
[20:01:07.240119] zwlr_screencopy_manager_v1#5.capture_output(new id zwlr_screencopy_frame_v1#9, 0, wl_output#8)
[20:01:07.240126]  -> zwlr_screencopy_frame_v1#9.buffer(1, 1920, 1080, 7680)
[20:01:07.240129]  -> zwlr_screencopy_frame_v1#9.buffer_done()
[20:01:07.240171] zwlr_screencopy_frame_v1#9.copy(wl_buffer#11)
[20:01:07.242717]  -> zwlr_screencopy_frame_v1#9.flags(0)
[20:01:07.242724]  -> zwlr_screencopy_frame_v1#9.ready(0, 275651, 216928228)
[20:01:07.252849] zwlr_screencopy_frame_v1#9.destroy()
[20:01:07.520710]  -> wl_registry#2.global(28, "zwlr_screencopy_manager_v1", 3)
[20:01:07.520711]  -> wl_registry#2.global(29, "ext_image_copy_capture_manager_v1", 1)
[20:01:07.520713]  -> wl_registry#2.global(30, "ext_output_image_capture_source_manager_v1", 1)
[20:01:07.520730]  -> wl_registry#2.global(38, "ext_foreign_toplevel_image_capture_source_manager_v1", 1)
[20:01:07.520885] wl_registry#2.bind(28, "zwlr_screencopy_manager_v1", 3, new id [unknown]#5)
[20:01:07.539689]  -> wl_registry#2.global(28, "zwlr_screencopy_manager_v1", 3)
[20:01:07.539691]  -> wl_registry#2.global(29, "ext_image_copy_capture_manager_v1", 1)
[20:01:07.539693]  -> wl_registry#2.global(30, "ext_output_image_capture_source_manager_v1", 1)
[20:01:07.539719]  -> wl_registry#2.global(38, "ext_foreign_toplevel_image_capture_source_manager_v1", 1)
[20:01:07.539853] wl_registry#2.bind(28, "zwlr_screencopy_manager_v1", 3, new id [unknown]#5)
[20:01:07.539922] zwlr_screencopy_manager_v1#5.capture_output(new id zwlr_screencopy_frame_v1#9, 0, wl_output#8)
[20:01:07.539932]  -> zwlr_screencopy_frame_v1#9.buffer(1, 1920, 1080, 7680)
[20:01:07.539934]  -> zwlr_screencopy_frame_v1#9.buffer_done()
[20:01:07.539980] zwlr_screencopy_frame_v1#9.copy(wl_buffer#11)
[20:01:07.542976]  -> zwlr_screencopy_frame_v1#9.flags(0)
[20:01:07.542984]  -> zwlr_screencopy_frame_v1#9.ready(0, 275651, 516742752)
[20:01:07.553260] zwlr_screencopy_frame_v1#9.destroy()
[20:01:07.808803]  -> wl_registry#2.global(28, "zwlr_screencopy_manager_v1", 3)
[20:01:07.808813]  -> wl_registry#2.global(29, "ext_image_copy_capture_manager_v1", 1)
[20:01:07.808815]  -> wl_registry#2.global(30, "ext_output_image_capture_source_manager_v1", 1)
[20:01:07.808831]  -> wl_registry#2.global(38, "ext_foreign_toplevel_image_capture_source_manager_v1", 1)
[20:01:07.808971] wl_registry#2.bind(28, "zwlr_screencopy_manager_v1", 3, new id [unknown]#5)
[20:01:07.945683]  -> wl_registry#2.global(28, "zwlr_screencopy_manager_v1", 3)
[20:01:07.945685]  -> wl_registry#2.global(29, "ext_image_copy_capture_manager_v1", 1)
[20:01:07.945687]  -> wl_registry#2.global(30, "ext_output_image_capture_source_manager_v1", 1)
[20:01:07.945714]  -> wl_registry#2.global(38, "ext_foreign_toplevel_image_capture_source_manager_v1", 1)
[20:01:07.945855] wl_registry#2.bind(28, "zwlr_screencopy_manager_v1", 3, new id [unknown]#5)
[20:01:08.061604]  -> wl_registry#2.global(28, "zwlr_screencopy_manager_v1", 3)
[20:01:08.061606]  -> wl_registry#2.global(29, "ext_image_copy_capture_manager_v1", 1)
[20:01:08.061608]  -> wl_registry#2.global(30, "ext_output_image_capture_source_manager_v1", 1)
[20:01:08.061624]  -> wl_registry#2.global(38, "ext_foreign_toplevel_image_capture_source_manager_v1", 1)
[20:01:08.061771] wl_registry#2.bind(28, "zwlr_screencopy_manager_v1", 3, new id [unknown]#5)
[20:01:08.087365]  -> wl_registry#2.global(28, "zwlr_screencopy_manager_v1", 3)
[20:01:08.087367]  -> wl_registry#2.global(29, "ext_image_copy_capture_manager_v1", 1)
[20:01:08.087369]  -> wl_registry#2.global(30, "ext_output_image_capture_source_manager_v1", 1)
[20:01:08.087384]  -> wl_registry#2.global(38, "ext_foreign_toplevel_image_capture_source_manager_v1", 1)
[20:01:08.087518] wl_registry#2.bind(28, "zwlr_screencopy_manager_v1", 3, new id [unknown]#5)
[20:01:08.087584] zwlr_screencopy_manager_v1#5.capture_output(new id zwlr_screencopy_frame_v1#9, 0, wl_output#8)
[20:01:08.087591]  -> zwlr_screencopy_frame_v1#9.buffer(1, 1920, 1080, 7680)
[20:01:08.087593]  -> zwlr_screencopy_frame_v1#9.buffer_done()
[20:01:08.087638] zwlr_screencopy_frame_v1#9.copy(wl_buffer#11)
[20:01:08.090471]  -> zwlr_screencopy_frame_v1#9.flags(0)
[20:01:08.090479]  -> zwlr_screencopy_frame_v1#9.ready(0, 275652, 64395878)
[20:01:08.100568] zwlr_screencopy_frame_v1#9.destroy()
[20:01:08.468214]  -> wl_registry#2.global(28, "zwlr_screencopy_manager_v1", 3)
[20:01:08.468216]  -> wl_registry#2.global(29, "ext_image_copy_capture_manager_v1", 1)
[20:01:08.468218]  -> wl_registry#2.global(30, "ext_output_image_capture_source_manager_v1", 1)
[20:01:08.468233]  -> wl_registry#2.global(38, "ext_foreign_toplevel_image_capture_source_manager_v1", 1)
[20:01:08.468438] wl_registry#2.bind(28, "zwlr_screencopy_manager_v1", 3, new id [unknown]#5)
[20:01:08.493357]  -> wl_registry#2.global(28, "zwlr_screencopy_manager_v1", 3)
[20:01:08.493359]  -> wl_registry#2.global(29, "ext_image_copy_capture_manager_v1", 1)
[20:01:08.493361]  -> wl_registry#2.global(30, "ext_output_image_capture_source_manager_v1", 1)
[20:01:08.493376]  -> wl_registry#2.global(38, "ext_foreign_toplevel_image_capture_source_manager_v1", 1)
[20:01:08.493509] wl_registry#2.bind(28, "zwlr_screencopy_manager_v1", 3, new id [unknown]#5)
[20:01:08.493573] zwlr_screencopy_manager_v1#5.capture_output(new id zwlr_screencopy_frame_v1#9, 0, wl_output#8)
[20:01:08.493580]  -> zwlr_screencopy_frame_v1#9.buffer(1, 1920, 1080, 7680)
[20:01:08.493583]  -> zwlr_screencopy_frame_v1#9.buffer_done()
[20:01:08.493626] zwlr_screencopy_frame_v1#9.copy(wl_buffer#11)
[20:01:08.496278]  -> zwlr_screencopy_frame_v1#9.flags(0)
[20:01:08.496285]  -> zwlr_screencopy_frame_v1#9.ready(0, 275652, 470382396)
[20:01:08.506493] zwlr_screencopy_frame_v1#9.destroy()
