[session] DISPLAY=:100 openbox=2506745 picom=2506746 dbus=unix:path=<systmp>/dbus-X,guid=9d1d185e4dda817955518bea6abf54ed
[entry] block=k2-b1 k2-b2 k2-b3 version=cua-driver 0.32.0 caller_tree=72bf8156136771da9a767ec12ae7c364e426d910
Cua Driver sends content-free product telemetry by default. Run `cua-driver telemetry disable` to stop it; `cua-driver telemetry status` shows the current setting.
dbus-daemon[2506741]: [session uid=1000 pid=2506741 pidfd=5] Activating service name='org.a11y.Bus' requested by ':1.0' (uid=1000 pid=2508723 comm="<lanes>/bin/cua-driver-i1")
dbus-daemon[2506741]: [session uid=1000 pid=2506741 pidfd=5] Successfully activated service 'org.a11y.Bus'
dbus-daemon[2506741]: [session uid=1000 pid=2506741 pidfd=5] Activating service name='ca.desrt.dconf' requested by ':1.1' (uid=1000 pid=2508749 comm="/usr/lib/at-spi-bus-launcher")
dbus-daemon[2506741]: [session uid=1000 pid=2506741 pidfd=5] Successfully activated service 'ca.desrt.dconf'
dbus-daemon[2506741]: [session uid=1000 pid=2506741 pidfd=5] Activating service name='org.freedesktop.systemd1' requested by ':1.4' (uid=1000 pid=2508787 comm="/usr/bin/dbus-broker-launch --config-file=/usr/sha")
dbus-daemon[2506741]: [session uid=1000 pid=2506741 pidfd=5] Activated service 'org.freedesktop.systemd1' failed: Process org.freedesktop.systemd1 exited with status 1
[2m2026-10-02T06:53:36.692032Z[0m [33m WARN[0m [2mcua_driver_sdk::runtime[0m[2m:[0m could not activate the persistent AT-SPI listener: AT-SPI connect failed: ZBus Error: MethodError(OwnedErrorName("org.freedesktop.DBus.Error.NameHasNoOwner"), Some("Could not activate remote peer 'org.a11y.atspi.Registry': unit failed"), Msg { type: Error, serial: 4294967295, sender: UniqueName("org.freedesktop.DBus"), reply-serial: 10, body: Str, fds: [] })
[2m2026-10-02T06:53:36.719916Z[0m [33m WARN[0m [2mplatform_linux::overlay[0m[2m:[0m X11 overlay: root reads cannot see this window's own pixels; save-unders will be served without readback confirmation
dbus-daemon[2506741]: [session uid=1000 pid=2506741 pidfd=5] Activating service name='org.gtk.vfs.Daemon' requested by ':1.5' (uid=1000 pid=2509033 comm="/opt/google/chrome/chrome --remote-debugging-port=")
dbus-daemon[2506741]: [session uid=1000 pid=2506741 pidfd=5] Successfully activated service 'org.gtk.vfs.Daemon'
fusermount3: mount failed: Operation not permitted
dbus-daemon[2506741]: [session uid=1000 pid=2506741 pidfd=5] Activating service name='org.freedesktop.systemd1' requested by ':1.4' (uid=1000 pid=2508787 comm="/usr/bin/dbus-broker-launch --config-file=/usr/sha")
dbus-daemon[2506741]: [session uid=1000 pid=2506741 pidfd=5] Activated service 'org.freedesktop.systemd1' failed: Process org.freedesktop.systemd1 exited with status 1
dbus-daemon[2506741]: [session uid=1000 pid=2506741 pidfd=5] Activating service name='org.freedesktop.systemd1' requested by ':1.4' (uid=1000 pid=2508787 comm="/usr/bin/dbus-broker-launch --config-file=/usr/sha")
dbus-daemon[2506741]: [session uid=1000 pid=2506741 pidfd=5] Activated service 'org.freedesktop.systemd1' failed: Process org.freedesktop.systemd1 exited with status 1
dbus-daemon[2506741]: [session uid=1000 pid=2506741 pidfd=5] Activating service name='org.freedesktop.Notifications' requested by ':1.7' (uid=1000 pid=2509033 comm="/opt/google/chrome/chrome --remote-debugging-port=")
dbus-daemon[2506741]: [session uid=1000 pid=2506741 pidfd=5] Activating service name='org.freedesktop.portal.Desktop' requested by ':1.7' (uid=1000 pid=2509033 comm="/opt/google/chrome/chrome --remote-debugging-port=")
dbus-daemon[2506741]: [session uid=1000 pid=2506741 pidfd=5] Activating service name='org.freedesktop.impl.portal.PermissionStore' requested by ':1.9' (uid=1000 pid=2509511 comm="/usr/lib/xdg-desktop-portal")
dbus-daemon[2506741]: [session uid=1000 pid=2506741 pidfd=5] Successfully activated service 'org.freedesktop.impl.portal.PermissionStore'
dbus-daemon[2506741]: [session uid=1000 pid=2506741 pidfd=5] Successfully activated service 'org.freedesktop.Notifications'
dbus-daemon[2506741]: [session uid=1000 pid=2506741 pidfd=5] Activating service name='org.freedesktop.portal.Documents' requested by ':1.9' (uid=1000 pid=2509511 comm="/usr/lib/xdg-desktop-portal")
dbus-daemon[2506741]: [session uid=1000 pid=2506741 pidfd=5] Successfully activated service 'org.freedesktop.portal.Documents'
fusermount3: mount failed: Operation not permitted
error: fuse init failed: Can't mount path <tmp>/x11-session.<run>/xdg-runtime/doc

(/usr/lib/xdg-desktop-portal:2509511): xdg-desktop-portal-WARNING **: 01:53:37.749: Document portal fuse mount point unknown: GDBus.Error:org.freedesktop.DBus.Error.ServiceUnknown: The name :1.11 was not provided by any .service files

(/usr/lib/xdg-desktop-portal:2509511): xdg-desktop-portal-WARNING **: 01:53:37.749: Choosing gtk.portal for org.freedesktop.impl.portal.Lockdown as a last-resort fallback
dbus-daemon[2506741]: [session uid=1000 pid=2506741 pidfd=5] Activating service name='org.freedesktop.impl.portal.desktop.gtk' requested by ':1.9' (uid=1000 pid=2509511 comm="/usr/lib/xdg-desktop-portal")
dbus-daemon[2506741]: [session uid=1000 pid=2506741 pidfd=5] Activating service name='org.freedesktop.systemd1' requested by ':1.4' (uid=1000 pid=2508787 comm="/usr/bin/dbus-broker-launch --config-file=/usr/sha")
dbus-daemon[2506741]: [session uid=1000 pid=2506741 pidfd=5] Activated service 'org.freedesktop.systemd1' failed: Process org.freedesktop.systemd1 exited with status 1
dbus-daemon[2506741]: [session uid=1000 pid=2506741 pidfd=5] Successfully activated service 'org.freedesktop.impl.portal.desktop.gtk'

** (xdg-desktop-portal-gtk:2509562): WARNING **: 01:53:37.794: AT-SPI: Could not obtain desktop path or name

dbus-daemon[2506741]: [session uid=1000 pid=2506741 pidfd=5] Activating service name='org.freedesktop.systemd1' requested by ':1.4' (uid=1000 pid=2508787 comm="/usr/bin/dbus-broker-launch --config-file=/usr/sha")
dbus-daemon[2506741]: [session uid=1000 pid=2506741 pidfd=5] Activated service 'org.freedesktop.systemd1' failed: Process org.freedesktop.systemd1 exited with status 1

** (xdg-desktop-portal-gtk:2509562): WARNING **: 01:53:37.799: atk-bridge: GetRegisteredEvents returned message with unknown signature

** (xdg-desktop-portal-gtk:2509562): WARNING **: 01:53:37.799: atk-bridge: get_device_events_reply: unknown signature

(/usr/lib/xdg-desktop-portal:2509511): xdg-desktop-portal-WARNING **: 01:53:37.804: Choosing gtk.portal for org.freedesktop.impl.portal.Access as a last-resort fallback

(/usr/lib/xdg-desktop-portal:2509511): xdg-desktop-portal-WARNING **: 01:53:37.833: Choosing gtk.portal for org.freedesktop.impl.portal.Settings as a last-resort fallback

(/usr/lib/xdg-desktop-portal:2509511): xdg-desktop-portal-WARNING **: 01:53:37.836: Choosing gtk.portal for org.freedesktop.impl.portal.FileChooser as a last-resort fallback

(/usr/lib/xdg-desktop-portal:2509511): xdg-desktop-portal-WARNING **: 01:53:37.836: Choosing gtk.portal for org.freedesktop.impl.portal.AppChooser as a last-resort fallback

(/usr/lib/xdg-desktop-portal:2509511): xdg-desktop-portal-WARNING **: 01:53:37.838: Choosing gtk.portal for org.freedesktop.impl.portal.Print as a last-resort fallback

(/usr/lib/xdg-desktop-portal:2509511): xdg-desktop-portal-WARNING **: 01:53:37.839: Choosing gtk.portal for org.freedesktop.impl.portal.Notification as a last-resort fallback

(/usr/lib/xdg-desktop-portal:2509511): xdg-desktop-portal-WARNING **: 01:53:37.839: Choosing gtk.portal for org.freedesktop.impl.portal.Inhibit as a last-resort fallback

(/usr/lib/xdg-desktop-portal:2509511): xdg-desktop-portal-WARNING **: 01:53:37.842: Failed to connect to PipeWire: Couldn't connect to PipeWire

(/usr/lib/xdg-desktop-portal:2509511): xdg-desktop-portal-WARNING **: 01:53:37.843: Choosing gtk.portal for org.freedesktop.impl.portal.Account as a last-resort fallback

(/usr/lib/xdg-desktop-portal:2509511): xdg-desktop-portal-WARNING **: 01:53:37.853: Choosing gtk.portal for org.freedesktop.impl.portal.Email as a last-resort fallback

(/usr/lib/xdg-desktop-portal:2509511): xdg-desktop-portal-WARNING **: 01:53:37.855: Choosing gtk.portal for org.freedesktop.impl.portal.DynamicLauncher as a last-resort fallback
dbus-daemon[2506741]: [session uid=1000 pid=2506741 pidfd=5] Successfully activated service 'org.freedesktop.portal.Desktop'
{"trial": "k2-b1-000-quiet-A", "outcome": "verified", "poller_first_ok_ns": 228402238206673, "loadavg_before": "16.60 17.41 18.13 15/2652 2508678"}
dbus-daemon[2506741]: [session uid=1000 pid=2506741 pidfd=5] Activating service name='org.freedesktop.systemd1' requested by ':1.4' (uid=1000 pid=2508787 comm="/usr/bin/dbus-broker-launch --config-file=/usr/sha")
dbus-daemon[2506741]: [session uid=1000 pid=2506741 pidfd=5] Activated service 'org.freedesktop.systemd1' failed: Process org.freedesktop.systemd1 exited with status 1
[2m2026-10-02T06:53:38.776700Z[0m [33m WARN[0m [2mcua_driver_sdk::runtime[0m[2m:[0m could not activate the persistent AT-SPI listener: AT-SPI connect failed: ZBus Error: MethodError(OwnedErrorName("org.freedesktop.DBus.Error.NameHasNoOwner"), Some("Could not activate remote peer 'org.a11y.atspi.Registry': unit failed"), Msg { type: Error, serial: 4294967295, sender: UniqueName("org.freedesktop.DBus"), reply-serial: 9, body: Str, fds: [] })
[2m2026-10-02T06:53:38.805181Z[0m [33m WARN[0m [2mplatform_linux::overlay[0m[2m:[0m X11 overlay: root reads cannot see this window's own pixels; save-unders will be served without readback confirmation
dbus-daemon[2506741]: [session uid=1000 pid=2506741 pidfd=5] Activating service name='org.freedesktop.systemd1' requested by ':1.4' (uid=1000 pid=2508787 comm="/usr/bin/dbus-broker-launch --config-file=/usr/sha")
dbus-daemon[2506741]: [session uid=1000 pid=2506741 pidfd=5] Activated service 'org.freedesktop.systemd1' failed: Process org.freedesktop.systemd1 exited with status 1
dbus-daemon[2506741]: [session uid=1000 pid=2506741 pidfd=5] Activating service name='org.freedesktop.systemd1' requested by ':1.4' (uid=1000 pid=2508787 comm="/usr/bin/dbus-broker-launch --config-file=/usr/sha")
dbus-daemon[2506741]: [session uid=1000 pid=2506741 pidfd=5] Activated service 'org.freedesktop.systemd1' failed: Process org.freedesktop.systemd1 exited with status 1
{"trial": "k2-b1-001-quiet-D", "outcome": "verified", "poller_first_ok_ns": 228404168171137, "loadavg_before": "16.56 17.38 18.12 16/2710 2510160"}
dbus-daemon[2506741]: [session uid=1000 pid=2506741 pidfd=5] Activating service name='org.freedesktop.systemd1' requested by ':1.4' (uid=1000 pid=2508787 comm="/usr/bin/dbus-broker-launch --config-file=/usr/sha")
dbus-daemon[2506741]: [session uid=1000 pid=2506741 pidfd=5] Activated service 'org.freedesktop.systemd1' failed: Process org.freedesktop.systemd1 exited with status 1
[2m2026-10-02T06:53:40.715045Z[0m [33m WARN[0m [2mcua_driver_sdk::runtime[0m[2m:[0m could not activate the persistent AT-SPI listener: AT-SPI connect failed: ZBus Error: MethodError(OwnedErrorName("org.freedesktop.DBus.Error.NameHasNoOwner"), Some("Could not activate remote peer 'org.a11y.atspi.Registry': unit failed"), Msg { type: Error, serial: 4294967295, sender: UniqueName("org.freedesktop.DBus"), reply-serial: 9, body: Str, fds: [] })
[2m2026-10-02T06:53:40.738292Z[0m [33m WARN[0m [2mplatform_linux::overlay[0m[2m:[0m X11 overlay: root reads cannot see this window's own pixels; save-unders will be served without readback confirmation
dbus-daemon[2506741]: [session uid=1000 pid=2506741 pidfd=5] Activating service name='org.freedesktop.systemd1' requested by ':1.4' (uid=1000 pid=2508787 comm="/usr/bin/dbus-broker-launch --config-file=/usr/sha")
dbus-daemon[2506741]: [session uid=1000 pid=2506741 pidfd=5] Activated service 'org.freedesktop.systemd1' failed: Process org.freedesktop.systemd1 exited with status 1
dbus-daemon[2506741]: [session uid=1000 pid=2506741 pidfd=5] Activating service name='org.freedesktop.systemd1' requested by ':1.4' (uid=1000 pid=2508787 comm="/usr/bin/dbus-broker-launch --config-file=/usr/sha")
dbus-daemon[2506741]: [session uid=1000 pid=2506741 pidfd=5] Activated service 'org.freedesktop.systemd1' failed: Process org.freedesktop.systemd1 exited with status 1
{"trial": "k2-b1-002-quiet-D", "outcome": "verified", "poller_first_ok_ns": 228405964751796, "loadavg_before": "16.56 17.38 18.12 17/2722 2511467"}
dbus-daemon[2506741]: [session uid=1000 pid=2506741 pidfd=5] Activating service name='org.freedesktop.systemd1' requested by ':1.4' (uid=1000 pid=2508787 comm="/usr/bin/dbus-broker-launch --config-file=/usr/sha")
dbus-daemon[2506741]: [session uid=1000 pid=2506741 pidfd=5] Activated service 'org.freedesktop.systemd1' failed: Process org.freedesktop.systemd1 exited with status 1
[2m2026-10-02T06:53:42.537500Z[0m [33m WARN[0m [2mcua_driver_sdk::runtime[0m[2m:[0m could not activate the persistent AT-SPI listener: AT-SPI connect failed: ZBus Error: MethodError(OwnedErrorName("org.freedesktop.DBus.Error.NameHasNoOwner"), Some("Could not activate remote peer 'org.a11y.atspi.Registry': unit failed"), Msg { type: Error, serial: 4294967295, sender: UniqueName("org.freedesktop.DBus"), reply-serial: 9, body: Str, fds: [] })
[2m2026-10-02T06:53:42.562190Z[0m [33m WARN[0m [2mplatform_linux::overlay[0m[2m:[0m X11 overlay: root reads cannot see this window's own pixels; save-unders will be served without readback confirmation
dbus-daemon[2506741]: [session uid=1000 pid=2506741 pidfd=5] Activating service name='org.freedesktop.systemd1' requested by ':1.4' (uid=1000 pid=2508787 comm="/usr/bin/dbus-broker-launch --config-file=/usr/sha")
dbus-daemon[2506741]: [session uid=1000 pid=2506741 pidfd=5] Activated service 'org.freedesktop.systemd1' failed: Process org.freedesktop.systemd1 exited with status 1
dbus-daemon[2506741]: [session uid=1000 pid=2506741 pidfd=5] Activating service name='org.freedesktop.systemd1' requested by ':1.4' (uid=1000 pid=2508787 comm="/usr/bin/dbus-broker-launch --config-file=/usr/sha")
dbus-daemon[2506741]: [session uid=1000 pid=2506741 pidfd=5] Activated service 'org.freedesktop.systemd1' failed: Process org.freedesktop.systemd1 exited with status 1
{"trial": "k2-b1-003-quiet-A", "outcome": "verified", "poller_first_ok_ns": 228407781241871, "loadavg_before": "16.59 17.38 18.11 22/2718 2512679"}
dbus-daemon[2506741]: [session uid=1000 pid=2506741 pidfd=5] Activating service name='org.freedesktop.systemd1' requested by ':1.4' (uid=1000 pid=2508787 comm="/usr/bin/dbus-broker-launch --config-file=/usr/sha")
dbus-daemon[2506741]: [session uid=1000 pid=2506741 pidfd=5] Activated service 'org.freedesktop.systemd1' failed: Process org.freedesktop.systemd1 exited with status 1
[2m2026-10-02T06:53:44.366366Z[0m [33m WARN[0m [2mcua_driver_sdk::runtime[0m[2m:[0m could not activate the persistent AT-SPI listener: AT-SPI connect failed: ZBus Error: MethodError(OwnedErrorName("org.freedesktop.DBus.Error.NameHasNoOwner"), Some("Could not activate remote peer 'org.a11y.atspi.Registry': unit failed"), Msg { type: Error, serial: 4294967295, sender: UniqueName("org.freedesktop.DBus"), reply-serial: 9, body: Str, fds: [] })
[2m2026-10-02T06:53:44.389741Z[0m [33m WARN[0m [2mplatform_linux::overlay[0m[2m:[0m X11 overlay: root reads cannot see this window's own pixels; save-unders will be served without readback confirmation
dbus-daemon[2506741]: [session uid=1000 pid=2506741 pidfd=5] Activating service name='org.freedesktop.systemd1' requested by ':1.4' (uid=1000 pid=2508787 comm="/usr/bin/dbus-broker-launch --config-file=/usr/sha")
dbus-daemon[2506741]: [session uid=1000 pid=2506741 pidfd=5] Activated service 'org.freedesktop.systemd1' failed: Process org.freedesktop.systemd1 exited with status 1
dbus-daemon[2506741]: [session uid=1000 pid=2506741 pidfd=5] Activating service name='org.freedesktop.systemd1' requested by ':1.4' (uid=1000 pid=2508787 comm="/usr/bin/dbus-broker-launch --config-file=/usr/sha")
dbus-daemon[2506741]: [session uid=1000 pid=2506741 pidfd=5] Activated service 'org.freedesktop.systemd1' failed: Process org.freedesktop.systemd1 exited with status 1
{"trial": "k2-b1-004-quiet-A", "outcome": "verified", "poller_first_ok_ns": 228409629666462, "loadavg_before": "16.59 17.38 18.11 16/2728 2513873"}
dbus-daemon[2506741]: [session uid=1000 pid=2506741 pidfd=5] Activating service name='org.freedesktop.systemd1' requested by ':1.4' (uid=1000 pid=2508787 comm="/usr/bin/dbus-broker-launch --config-file=/usr/sha")
dbus-daemon[2506741]: [session uid=1000 pid=2506741 pidfd=5] Activated service 'org.freedesktop.systemd1' failed: Process org.freedesktop.systemd1 exited with status 1
[2m2026-10-02T06:53:46.172323Z[0m [33m WARN[0m [2mcua_driver_sdk::runtime[0m[2m:[0m could not activate the persistent AT-SPI listener: AT-SPI connect failed: ZBus Error: MethodError(OwnedErrorName("org.freedesktop.DBus.Error.NameHasNoOwner"), Some("Could not activate remote peer 'org.a11y.atspi.Registry': unit failed"), Msg { type: Error, serial: 4294967295, sender: UniqueName("org.freedesktop.DBus"), reply-serial: 9, body: Str, fds: [] })
[2m2026-10-02T06:53:46.191302Z[0m [33m WARN[0m [2mplatform_linux::overlay[0m[2m:[0m X11 overlay: root reads cannot see this window's own pixels; save-unders will be served without readback confirmation
dbus-daemon[2506741]: [session uid=1000 pid=2506741 pidfd=5] Activating service name='org.freedesktop.systemd1' requested by ':1.4' (uid=1000 pid=2508787 comm="/usr/bin/dbus-broker-launch --config-file=/usr/sha")
dbus-daemon[2506741]: [session uid=1000 pid=2506741 pidfd=5] Activated service 'org.freedesktop.systemd1' failed: Process org.freedesktop.systemd1 exited with status 1
dbus-daemon[2506741]: [session uid=1000 pid=2506741 pidfd=5] Activating service name='org.freedesktop.systemd1' requested by ':1.4' (uid=1000 pid=2508787 comm="/usr/bin/dbus-broker-launch --config-file=/usr/sha")
dbus-daemon[2506741]: [session uid=1000 pid=2506741 pidfd=5] Activated service 'org.freedesktop.systemd1' failed: Process org.freedesktop.systemd1 exited with status 1
{"trial": "k2-b1-005-quiet-D", "outcome": "verified", "poller_first_ok_ns": 228411400957486, "loadavg_before": "16.59 17.38 18.11 22/2720 2515115"}
dbus-daemon[2506741]: [session uid=1000 pid=2506741 pidfd=5] Activating service name='org.freedesktop.systemd1' requested by ':1.4' (uid=1000 pid=2508787 comm="/usr/bin/dbus-broker-launch --config-file=/usr/sha")
dbus-daemon[2506741]: [session uid=1000 pid=2506741 pidfd=5] Activated service 'org.freedesktop.systemd1' failed: Process org.freedesktop.systemd1 exited with status 1
[2m2026-10-02T06:53:47.960111Z[0m [33m WARN[0m [2mcua_driver_sdk::runtime[0m[2m:[0m could not activate the persistent AT-SPI listener: AT-SPI connect failed: ZBus Error: MethodError(OwnedErrorName("org.freedesktop.DBus.Error.NameHasNoOwner"), Some("Could not activate remote peer 'org.a11y.atspi.Registry': unit failed"), Msg { type: Error, serial: 4294967295, sender: UniqueName("org.freedesktop.DBus"), reply-serial: 9, body: Str, fds: [] })
[2m2026-10-02T06:53:47.989447Z[0m [33m WARN[0m [2mplatform_linux::overlay[0m[2m:[0m X11 overlay: root reads cannot see this window's own pixels; save-unders will be served without readback confirmation
dbus-daemon[2506741]: [session uid=1000 pid=2506741 pidfd=5] Activating service name='org.freedesktop.systemd1' requested by ':1.4' (uid=1000 pid=2508787 comm="/usr/bin/dbus-broker-launch --config-file=/usr/sha")
dbus-daemon[2506741]: [session uid=1000 pid=2506741 pidfd=5] Activated service 'org.freedesktop.systemd1' failed: Process org.freedesktop.systemd1 exited with status 1
dbus-daemon[2506741]: [session uid=1000 pid=2506741 pidfd=5] Activating service name='org.freedesktop.systemd1' requested by ':1.4' (uid=1000 pid=2508787 comm="/usr/bin/dbus-broker-launch --config-file=/usr/sha")
dbus-daemon[2506741]: [session uid=1000 pid=2506741 pidfd=5] Activated service 'org.freedesktop.systemd1' failed: Process org.freedesktop.systemd1 exited with status 1
{"trial": "k2-b1-006-quiet-D", "outcome": "verified", "poller_first_ok_ns": 228413200184214, "loadavg_before": "18.07 17.67 18.20 25/2718 2516354"}
dbus-daemon[2506741]: [session uid=1000 pid=2506741 pidfd=5] Activating service name='org.freedesktop.systemd1' requested by ':1.4' (uid=1000 pid=2508787 comm="/usr/bin/dbus-broker-launch --config-file=/usr/sha")
dbus-daemon[2506741]: [session uid=1000 pid=2506741 pidfd=5] Activated service 'org.freedesktop.systemd1' failed: Process org.freedesktop.systemd1 exited with status 1
[2m2026-10-02T06:53:49.703150Z[0m [33m WARN[0m [2mcua_driver_sdk::runtime[0m[2m:[0m could not activate the persistent AT-SPI listener: AT-SPI connect failed: ZBus Error: MethodError(OwnedErrorName("org.freedesktop.DBus.Error.NameHasNoOwner"), Some("Could not activate remote peer 'org.a11y.atspi.Registry': unit failed"), Msg { type: Error, serial: 4294967295, sender: UniqueName("org.freedesktop.DBus"), reply-serial: 9, body: Str, fds: [] })
[2m2026-10-02T06:53:49.721963Z[0m [33m WARN[0m [2mplatform_linux::overlay[0m[2m:[0m X11 overlay: root reads cannot see this window's own pixels; save-unders will be served without readback confirmation
dbus-daemon[2506741]: [session uid=1000 pid=2506741 pidfd=5] Activating service name='org.freedesktop.systemd1' requested by ':1.4' (uid=1000 pid=2508787 comm="/usr/bin/dbus-broker-launch --config-file=/usr/sha")
dbus-daemon[2506741]: [session uid=1000 pid=2506741 pidfd=5] Activated service 'org.freedesktop.systemd1' failed: Process org.freedesktop.systemd1 exited with status 1
dbus-daemon[2506741]: [session uid=1000 pid=2506741 pidfd=5] Activating service name='org.freedesktop.systemd1' requested by ':1.4' (uid=1000 pid=2508787 comm="/usr/bin/dbus-broker-launch --config-file=/usr/sha")
dbus-daemon[2506741]: [session uid=1000 pid=2506741 pidfd=5] Activated service 'org.freedesktop.systemd1' failed: Process org.freedesktop.systemd1 exited with status 1
{"trial": "k2-b1-007-quiet-A", "outcome": "verified", "poller_first_ok_ns": 228414879637189, "loadavg_before": "18.07 17.67 18.20 14/2719 2517555"}
dbus-daemon[2506741]: [session uid=1000 pid=2506741 pidfd=5] Activating service name='org.freedesktop.systemd1' requested by ':1.4' (uid=1000 pid=2508787 comm="/usr/bin/dbus-broker-launch --config-file=/usr/sha")
dbus-daemon[2506741]: [session uid=1000 pid=2506741 pidfd=5] Activated service 'org.freedesktop.systemd1' failed: Process org.freedesktop.systemd1 exited with status 1
[2m2026-10-02T06:53:51.426476Z[0m [33m WARN[0m [2mcua_driver_sdk::runtime[0m[2m:[0m could not activate the persistent AT-SPI listener: AT-SPI connect failed: ZBus Error: MethodError(OwnedErrorName("org.freedesktop.DBus.Error.NameHasNoOwner"), Some("Could not activate remote peer 'org.a11y.atspi.Registry': unit failed"), Msg { type: Error, serial: 4294967295, sender: UniqueName("org.freedesktop.DBus"), reply-serial: 9, body: Str, fds: [] })
[2m2026-10-02T06:53:51.449972Z[0m [33m WARN[0m [2mplatform_linux::overlay[0m[2m:[0m X11 overlay: root reads cannot see this window's own pixels; save-unders will be served without readback confirmation
dbus-daemon[2506741]: [session uid=1000 pid=2506741 pidfd=5] Activating service name='org.freedesktop.systemd1' requested by ':1.4' (uid=1000 pid=2508787 comm="/usr/bin/dbus-broker-launch --config-file=/usr/sha")
dbus-daemon[2506741]: [session uid=1000 pid=2506741 pidfd=5] Activated service 'org.freedesktop.systemd1' failed: Process org.freedesktop.systemd1 exited with status 1
dbus-daemon[2506741]: [session uid=1000 pid=2506741 pidfd=5] Activating service name='org.freedesktop.systemd1' requested by ':1.4' (uid=1000 pid=2508787 comm="/usr/bin/dbus-broker-launch --config-file=/usr/sha")
dbus-daemon[2506741]: [session uid=1000 pid=2506741 pidfd=5] Activated service 'org.freedesktop.systemd1' failed: Process org.freedesktop.systemd1 exited with status 1
{"trial": "k2-b1-008-quiet-A", "outcome": "verified", "poller_first_ok_ns": 228416748189024, "loadavg_before": "18.07 17.67 18.20 16/2718 2518743"}
dbus-daemon[2506741]: [session uid=1000 pid=2506741 pidfd=5] Activating service name='org.freedesktop.systemd1' requested by ':1.4' (uid=1000 pid=2508787 comm="/usr/bin/dbus-broker-launch --config-file=/usr/sha")
dbus-daemon[2506741]: [session uid=1000 pid=2506741 pidfd=5] Activated service 'org.freedesktop.systemd1' failed: Process org.freedesktop.systemd1 exited with status 1
[2m2026-10-02T06:53:53.356796Z[0m [33m WARN[0m [2mcua_driver_sdk::runtime[0m[2m:[0m could not activate the persistent AT-SPI listener: AT-SPI connect failed: ZBus Error: MethodError(OwnedErrorName("org.freedesktop.DBus.Error.NameHasNoOwner"), Some("Could not activate remote peer 'org.a11y.atspi.Registry': unit failed"), Msg { type: Error, serial: 4294967295, sender: UniqueName("org.freedesktop.DBus"), reply-serial: 9, body: Str, fds: [] })
[2m2026-10-02T06:53:53.381320Z[0m [33m WARN[0m [2mplatform_linux::overlay[0m[2m:[0m X11 overlay: root reads cannot see this window's own pixels; save-unders will be served without readback confirmation
dbus-daemon[2506741]: [session uid=1000 pid=2506741 pidfd=5] Activating service name='org.freedesktop.systemd1' requested by ':1.4' (uid=1000 pid=2508787 comm="/usr/bin/dbus-broker-launch --config-file=/usr/sha")
dbus-daemon[2506741]: [session uid=1000 pid=2506741 pidfd=5] Activated service 'org.freedesktop.systemd1' failed: Process org.freedesktop.systemd1 exited with status 1
dbus-daemon[2506741]: [session uid=1000 pid=2506741 pidfd=5] Activating service name='org.freedesktop.systemd1' requested by ':1.4' (uid=1000 pid=2508787 comm="/usr/bin/dbus-broker-launch --config-file=/usr/sha")
dbus-daemon[2506741]: [session uid=1000 pid=2506741 pidfd=5] Activated service 'org.freedesktop.systemd1' failed: Process org.freedesktop.systemd1 exited with status 1
{"trial": "k2-b1-009-quiet-D", "outcome": "verified", "poller_first_ok_ns": 228418607503705, "loadavg_before": "17.82 17.62 18.18 16/2691 2519903"}
dbus-daemon[2506741]: [session uid=1000 pid=2506741 pidfd=5] Activating service name='org.freedesktop.systemd1' requested by ':1.4' (uid=1000 pid=2508787 comm="/usr/bin/dbus-broker-launch --config-file=/usr/sha")
dbus-daemon[2506741]: [session uid=1000 pid=2506741 pidfd=5] Activated service 'org.freedesktop.systemd1' failed: Process org.freedesktop.systemd1 exited with status 1
[2m2026-10-02T06:53:55.122664Z[0m [33m WARN[0m [2mcua_driver_sdk::runtime[0m[2m:[0m could not activate the persistent AT-SPI listener: AT-SPI connect failed: ZBus Error: MethodError(OwnedErrorName("org.freedesktop.DBus.Error.NameHasNoOwner"), Some("Could not activate remote peer 'org.a11y.atspi.Registry': unit failed"), Msg { type: Error, serial: 4294967295, sender: UniqueName("org.freedesktop.DBus"), reply-serial: 9, body: Str, fds: [] })
[2m2026-10-02T06:53:55.133138Z[0m [33m WARN[0m [2mplatform_linux::overlay[0m[2m:[0m X11 overlay: root reads cannot see this window's own pixels; save-unders will be served without readback confirmation
dbus-daemon[2506741]: [session uid=1000 pid=2506741 pidfd=5] Activating service name='org.freedesktop.systemd1' requested by ':1.4' (uid=1000 pid=2508787 comm="/usr/bin/dbus-broker-launch --config-file=/usr/sha")
dbus-daemon[2506741]: [session uid=1000 pid=2506741 pidfd=5] Activated service 'org.freedesktop.systemd1' failed: Process org.freedesktop.systemd1 exited with status 1
dbus-daemon[2506741]: [session uid=1000 pid=2506741 pidfd=5] Activating service name='org.freedesktop.systemd1' requested by ':1.4' (uid=1000 pid=2508787 comm="/usr/bin/dbus-broker-launch --config-file=/usr/sha")
dbus-daemon[2506741]: [session uid=1000 pid=2506741 pidfd=5] Activated service 'org.freedesktop.systemd1' failed: Process org.freedesktop.systemd1 exited with status 1
{"trial": "k2-b1-010-quiet-D", "outcome": "verified", "poller_first_ok_ns": 228420016365171, "loadavg_before": "17.82 17.62 18.18 15/2485 2521223"}
dbus-daemon[2506741]: [session uid=1000 pid=2506741 pidfd=5] Activating service name='org.freedesktop.systemd1' requested by ':1.4' (uid=1000 pid=2508787 comm="/usr/bin/dbus-broker-launch --config-file=/usr/sha")
dbus-daemon[2506741]: [session uid=1000 pid=2506741 pidfd=5] Activated service 'org.freedesktop.systemd1' failed: Process org.freedesktop.systemd1 exited with status 1
[2m2026-10-02T06:53:56.489832Z[0m [33m WARN[0m [2mcua_driver_sdk::runtime[0m[2m:[0m could not activate the persistent AT-SPI listener: AT-SPI connect failed: ZBus Error: MethodError(OwnedErrorName("org.freedesktop.DBus.Error.NameHasNoOwner"), Some("Could not activate remote peer 'org.a11y.atspi.Registry': unit failed"), Msg { type: Error, serial: 4294967295, sender: UniqueName("org.freedesktop.DBus"), reply-serial: 9, body: Str, fds: [] })
[2m2026-10-02T06:53:56.500657Z[0m [33m WARN[0m [2mplatform_linux::overlay[0m[2m:[0m X11 overlay: root reads cannot see this window's own pixels; save-unders will be served without readback confirmation
dbus-daemon[2506741]: [session uid=1000 pid=2506741 pidfd=5] Activating service name='org.freedesktop.systemd1' requested by ':1.4' (uid=1000 pid=2508787 comm="/usr/bin/dbus-broker-launch --config-file=/usr/sha")
dbus-daemon[2506741]: [session uid=1000 pid=2506741 pidfd=5] Activated service 'org.freedesktop.systemd1' failed: Process org.freedesktop.systemd1 exited with status 1
dbus-daemon[2506741]: [session uid=1000 pid=2506741 pidfd=5] Activating service name='org.freedesktop.systemd1' requested by ':1.4' (uid=1000 pid=2508787 comm="/usr/bin/dbus-broker-launch --config-file=/usr/sha")
dbus-daemon[2506741]: [session uid=1000 pid=2506741 pidfd=5] Activated service 'org.freedesktop.systemd1' failed: Process org.freedesktop.systemd1 exited with status 1
{"trial": "k2-b1-011-quiet-A", "outcome": "verified", "poller_first_ok_ns": 228421391195539, "loadavg_before": "17.82 17.62 18.18 13/2478 2522504"}
dbus-daemon[2506741]: [session uid=1000 pid=2506741 pidfd=5] Activating service name='org.freedesktop.systemd1' requested by ':1.4' (uid=1000 pid=2508787 comm="/usr/bin/dbus-broker-launch --config-file=/usr/sha")
dbus-daemon[2506741]: [session uid=1000 pid=2506741 pidfd=5] Activated service 'org.freedesktop.systemd1' failed: Process org.freedesktop.systemd1 exited with status 1
[2m2026-10-02T06:53:57.925850Z[0m [33m WARN[0m [2mcua_driver_sdk::runtime[0m[2m:[0m could not activate the persistent AT-SPI listener: AT-SPI connect failed: ZBus Error: MethodError(OwnedErrorName("org.freedesktop.DBus.Error.NameHasNoOwner"), Some("Could not activate remote peer 'org.a11y.atspi.Registry': unit failed"), Msg { type: Error, serial: 4294967295, sender: UniqueName("org.freedesktop.DBus"), reply-serial: 9, body: Str, fds: [] })
[2m2026-10-02T06:53:57.940083Z[0m [33m WARN[0m [2mplatform_linux::overlay[0m[2m:[0m X11 overlay: root reads cannot see this window's own pixels; save-unders will be served without readback confirmation
dbus-daemon[2506741]: [session uid=1000 pid=2506741 pidfd=5] Activating service name='org.freedesktop.systemd1' requested by ':1.4' (uid=1000 pid=2508787 comm="/usr/bin/dbus-broker-launch --config-file=/usr/sha")
dbus-daemon[2506741]: [session uid=1000 pid=2506741 pidfd=5] Activated service 'org.freedesktop.systemd1' failed: Process org.freedesktop.systemd1 exited with status 1
dbus-daemon[2506741]: [session uid=1000 pid=2506741 pidfd=5] Activating service name='org.freedesktop.systemd1' requested by ':1.4' (uid=1000 pid=2508787 comm="/usr/bin/dbus-broker-launch --config-file=/usr/sha")
dbus-daemon[2506741]: [session uid=1000 pid=2506741 pidfd=5] Activated service 'org.freedesktop.systemd1' failed: Process org.freedesktop.systemd1 exited with status 1
{"trial": "k2-b1-012-quiet-A", "outcome": "verified", "poller_first_ok_ns": 228422850826494, "loadavg_before": "17.67 17.60 18.17 13/2489 2523838"}
dbus-daemon[2506741]: [session uid=1000 pid=2506741 pidfd=5] Activating service name='org.freedesktop.systemd1' requested by ':1.4' (uid=1000 pid=2508787 comm="/usr/bin/dbus-broker-launch --config-file=/usr/sha")
dbus-daemon[2506741]: [session uid=1000 pid=2506741 pidfd=5] Activated service 'org.freedesktop.systemd1' failed: Process org.freedesktop.systemd1 exited with status 1
[2m2026-10-02T06:53:59.345495Z[0m [33m WARN[0m [2mcua_driver_sdk::runtime[0m[2m:[0m could not activate the persistent AT-SPI listener: AT-SPI connect failed: ZBus Error: MethodError(OwnedErrorName("org.freedesktop.DBus.Error.NameHasNoOwner"), Some("Could not activate remote peer 'org.a11y.atspi.Registry': unit failed"), Msg { type: Error, serial: 4294967295, sender: UniqueName("org.freedesktop.DBus"), reply-serial: 9, body: Str, fds: [] })
[2m2026-10-02T06:53:59.355501Z[0m [33m WARN[0m [2mplatform_linux::overlay[0m[2m:[0m X11 overlay: root reads cannot see this window's own pixels; save-unders will be served without readback confirmation
dbus-daemon[2506741]: [session uid=1000 pid=2506741 pidfd=5] Activating service name='org.freedesktop.systemd1' requested by ':1.4' (uid=1000 pid=2508787 comm="/usr/bin/dbus-broker-launch --config-file=/usr/sha")
dbus-daemon[2506741]: [session uid=1000 pid=2506741 pidfd=5] Activated service 'org.freedesktop.systemd1' failed: Process org.freedesktop.systemd1 exited with status 1
dbus-daemon[2506741]: [session uid=1000 pid=2506741 pidfd=5] Activating service name='org.freedesktop.systemd1' requested by ':1.4' (uid=1000 pid=2508787 comm="/usr/bin/dbus-broker-launch --config-file=/usr/sha")
dbus-daemon[2506741]: [session uid=1000 pid=2506741 pidfd=5] Activated service 'org.freedesktop.systemd1' failed: Process org.freedesktop.systemd1 exited with status 1
{"trial": "k2-b1-013-quiet-D", "outcome": "verified", "poller_first_ok_ns": 228424611861433, "loadavg_before": "17.67 17.60 18.17 12/2498 2525127"}
dbus-daemon[2506741]: [session uid=1000 pid=2506741 pidfd=5] Activating service name='org.freedesktop.systemd1' requested by ':1.4' (uid=1000 pid=2508787 comm="/usr/bin/dbus-broker-launch --config-file=/usr/sha")
dbus-daemon[2506741]: [session uid=1000 pid=2506741 pidfd=5] Activated service 'org.freedesktop.systemd1' failed: Process org.freedesktop.systemd1 exited with status 1
[2m2026-10-02T06:54:01.165121Z[0m [33m WARN[0m [2mcua_driver_sdk::runtime[0m[2m:[0m could not activate the persistent AT-SPI listener: AT-SPI connect failed: ZBus Error: MethodError(OwnedErrorName("org.freedesktop.DBus.Error.NameHasNoOwner"), Some("Could not activate remote peer 'org.a11y.atspi.Registry': unit failed"), Msg { type: Error, serial: 4294967295, sender: UniqueName("org.freedesktop.DBus"), reply-serial: 9, body: Str, fds: [] })
[2m2026-10-02T06:54:01.198353Z[0m [33m WARN[0m [2mplatform_linux::overlay[0m[2m:[0m X11 overlay: root reads cannot see this window's own pixels; save-unders will be served without readback confirmation
dbus-daemon[2506741]: [session uid=1000 pid=2506741 pidfd=5] Activating service name='org.freedesktop.systemd1' requested by ':1.4' (uid=1000 pid=2508787 comm="/usr/bin/dbus-broker-launch --config-file=/usr/sha")
dbus-daemon[2506741]: [session uid=1000 pid=2506741 pidfd=5] Activated service 'org.freedesktop.systemd1' failed: Process org.freedesktop.systemd1 exited with status 1
dbus-daemon[2506741]: [session uid=1000 pid=2506741 pidfd=5] Activating service name='org.freedesktop.systemd1' requested by ':1.4' (uid=1000 pid=2508787 comm="/usr/bin/dbus-broker-launch --config-file=/usr/sha")
dbus-daemon[2506741]: [session uid=1000 pid=2506741 pidfd=5] Activated service 'org.freedesktop.systemd1' failed: Process org.freedesktop.systemd1 exited with status 1
{"trial": "k2-b1-014-quiet-D", "outcome": "verified", "poller_first_ok_ns": 228426491230750, "loadavg_before": "17.67 17.60 18.17 26/2675 2526457"}
dbus-daemon[2506741]: [session uid=1000 pid=2506741 pidfd=5] Activating service name='org.freedesktop.systemd1' requested by ':1.4' (uid=1000 pid=2508787 comm="/usr/bin/dbus-broker-launch --config-file=/usr/sha")
dbus-daemon[2506741]: [session uid=1000 pid=2506741 pidfd=5] Activated service 'org.freedesktop.systemd1' failed: Process org.freedesktop.systemd1 exited with status 1
[2m2026-10-02T06:54:02.995887Z[0m [33m WARN[0m [2mcua_driver_sdk::runtime[0m[2m:[0m could not activate the persistent AT-SPI listener: AT-SPI connect failed: ZBus Error: MethodError(OwnedErrorName("org.freedesktop.DBus.Error.NameHasNoOwner"), Some("Could not activate remote peer 'org.a11y.atspi.Registry': unit failed"), Msg { type: Error, serial: 4294967295, sender: UniqueName("org.freedesktop.DBus"), reply-serial: 9, body: Str, fds: [] })
[2m2026-10-02T06:54:03.015789Z[0m [33m WARN[0m [2mplatform_linux::overlay[0m[2m:[0m X11 overlay: root reads cannot see this window's own pixels; save-unders will be served without readback confirmation
dbus-daemon[2506741]: [session uid=1000 pid=2506741 pidfd=5] Activating service name='org.freedesktop.systemd1' requested by ':1.4' (uid=1000 pid=2508787 comm="/usr/bin/dbus-broker-launch --config-file=/usr/sha")
dbus-daemon[2506741]: [session uid=1000 pid=2506741 pidfd=5] Activated service 'org.freedesktop.systemd1' failed: Process org.freedesktop.systemd1 exited with status 1
dbus-daemon[2506741]: [session uid=1000 pid=2506741 pidfd=5] Activating service name='org.freedesktop.systemd1' requested by ':1.4' (uid=1000 pid=2508787 comm="/usr/bin/dbus-broker-launch --config-file=/usr/sha")
dbus-daemon[2506741]: [session uid=1000 pid=2506741 pidfd=5] Activated service 'org.freedesktop.systemd1' failed: Process org.freedesktop.systemd1 exited with status 1
{"trial": "k2-b1-015-quiet-A", "outcome": "verified", "poller_first_ok_ns": 228428256652364, "loadavg_before": "17.70 17.60 18.17 13/2684 2527682"}
dbus-daemon[2506741]: [session uid=1000 pid=2506741 pidfd=5] Activating service name='org.freedesktop.systemd1' requested by ':1.4' (uid=1000 pid=2508787 comm="/usr/bin/dbus-broker-launch --config-file=/usr/sha")
dbus-daemon[2506741]: [session uid=1000 pid=2506741 pidfd=5] Activated service 'org.freedesktop.systemd1' failed: Process org.freedesktop.systemd1 exited with status 1
[2m2026-10-02T06:54:04.804432Z[0m [33m WARN[0m [2mcua_driver_sdk::runtime[0m[2m:[0m could not activate the persistent AT-SPI listener: AT-SPI connect failed: ZBus Error: MethodError(OwnedErrorName("org.freedesktop.DBus.Error.NameHasNoOwner"), Some("Could not activate remote peer 'org.a11y.atspi.Registry': unit failed"), Msg { type: Error, serial: 4294967295, sender: UniqueName("org.freedesktop.DBus"), reply-serial: 9, body: Str, fds: [] })
[2m2026-10-02T06:54:04.826542Z[0m [33m WARN[0m [2mplatform_linux::overlay[0m[2m:[0m X11 overlay: root reads cannot see this window's own pixels; save-unders will be served without readback confirmation
dbus-daemon[2506741]: [session uid=1000 pid=2506741 pidfd=5] Activating service name='org.freedesktop.systemd1' requested by ':1.4' (uid=1000 pid=2508787 comm="/usr/bin/dbus-broker-launch --config-file=/usr/sha")
dbus-daemon[2506741]: [session uid=1000 pid=2506741 pidfd=5] Activated service 'org.freedesktop.systemd1' failed: Process org.freedesktop.systemd1 exited with status 1
dbus-daemon[2506741]: [session uid=1000 pid=2506741 pidfd=5] Activating service name='org.freedesktop.systemd1' requested by ':1.4' (uid=1000 pid=2508787 comm="/usr/bin/dbus-broker-launch --config-file=/usr/sha")
dbus-daemon[2506741]: [session uid=1000 pid=2506741 pidfd=5] Activated service 'org.freedesktop.systemd1' failed: Process org.freedesktop.systemd1 exited with status 1
{"trial": "k2-b1-016-quiet-A", "outcome": "verified", "poller_first_ok_ns": 228430019862500, "loadavg_before": "17.70 17.60 18.17 16/2686 2528981"}
dbus-daemon[2506741]: [session uid=1000 pid=2506741 pidfd=5] Activating service name='org.freedesktop.systemd1' requested by ':1.4' (uid=1000 pid=2508787 comm="/usr/bin/dbus-broker-launch --config-file=/usr/sha")
dbus-daemon[2506741]: [session uid=1000 pid=2506741 pidfd=5] Activated service 'org.freedesktop.systemd1' failed: Process org.freedesktop.systemd1 exited with status 1
[2m2026-10-02T06:54:06.536391Z[0m [33m WARN[0m [2mcua_driver_sdk::runtime[0m[2m:[0m could not activate the persistent AT-SPI listener: AT-SPI connect failed: ZBus Error: MethodError(OwnedErrorName("org.freedesktop.DBus.Error.NameHasNoOwner"), Some("Could not activate remote peer 'org.a11y.atspi.Registry': unit failed"), Msg { type: Error, serial: 4294967295, sender: UniqueName("org.freedesktop.DBus"), reply-serial: 9, body: Str, fds: [] })
[2m2026-10-02T06:54:06.555762Z[0m [33m WARN[0m [2mplatform_linux::overlay[0m[2m:[0m X11 overlay: root reads cannot see this window's own pixels; save-unders will be served without readback confirmation
dbus-daemon[2506741]: [session uid=1000 pid=2506741 pidfd=5] Activating service name='org.freedesktop.systemd1' requested by ':1.4' (uid=1000 pid=2508787 comm="/usr/bin/dbus-broker-launch --config-file=/usr/sha")
dbus-daemon[2506741]: [session uid=1000 pid=2506741 pidfd=5] Activated service 'org.freedesktop.systemd1' failed: Process org.freedesktop.systemd1 exited with status 1
dbus-daemon[2506741]: [session uid=1000 pid=2506741 pidfd=5] Activating service name='org.freedesktop.systemd1' requested by ':1.4' (uid=1000 pid=2508787 comm="/usr/bin/dbus-broker-launch --config-file=/usr/sha")
dbus-daemon[2506741]: [session uid=1000 pid=2506741 pidfd=5] Activated service 'org.freedesktop.systemd1' failed: Process org.freedesktop.systemd1 exited with status 1
{"trial": "k2-b1-017-quiet-D", "outcome": "verified", "poller_first_ok_ns": 228431738561089, "loadavg_before": "17.70 17.60 18.17 13/2686 2530220"}
dbus-daemon[2506741]: [session uid=1000 pid=2506741 pidfd=5] Activating service name='org.freedesktop.systemd1' requested by ':1.4' (uid=1000 pid=2508787 comm="/usr/bin/dbus-broker-launch --config-file=/usr/sha")
dbus-daemon[2506741]: [session uid=1000 pid=2506741 pidfd=5] Activated service 'org.freedesktop.systemd1' failed: Process org.freedesktop.systemd1 exited with status 1
[2m2026-10-02T06:54:08.250523Z[0m [33m WARN[0m [2mcua_driver_sdk::runtime[0m[2m:[0m could not activate the persistent AT-SPI listener: AT-SPI connect failed: ZBus Error: MethodError(OwnedErrorName("org.freedesktop.DBus.Error.NameHasNoOwner"), Some("Could not activate remote peer 'org.a11y.atspi.Registry': unit failed"), Msg { type: Error, serial: 4294967295, sender: UniqueName("org.freedesktop.DBus"), reply-serial: 9, body: Str, fds: [] })
[2m2026-10-02T06:54:08.273822Z[0m [33m WARN[0m [2mplatform_linux::overlay[0m[2m:[0m X11 overlay: root reads cannot see this window's own pixels; save-unders will be served without readback confirmation
dbus-daemon[2506741]: [session uid=1000 pid=2506741 pidfd=5] Activating service name='org.freedesktop.systemd1' requested by ':1.4' (uid=1000 pid=2508787 comm="/usr/bin/dbus-broker-launch --config-file=/usr/sha")
dbus-daemon[2506741]: [session uid=1000 pid=2506741 pidfd=5] Activated service 'org.freedesktop.systemd1' failed: Process org.freedesktop.systemd1 exited with status 1
dbus-daemon[2506741]: [session uid=1000 pid=2506741 pidfd=5] Activating service name='org.freedesktop.systemd1' requested by ':1.4' (uid=1000 pid=2508787 comm="/usr/bin/dbus-broker-launch --config-file=/usr/sha")
dbus-daemon[2506741]: [session uid=1000 pid=2506741 pidfd=5] Activated service 'org.freedesktop.systemd1' failed: Process org.freedesktop.systemd1 exited with status 1
{"trial": "k2-b1-018-quiet-D", "outcome": "verified", "poller_first_ok_ns": 228433476663494, "loadavg_before": "17.40 17.54 18.15 15/2694 2531397"}
dbus-daemon[2506741]: [session uid=1000 pid=2506741 pidfd=5] Activating service name='org.freedesktop.systemd1' requested by ':1.4' (uid=1000 pid=2508787 comm="/usr/bin/dbus-broker-launch --config-file=/usr/sha")
dbus-daemon[2506741]: [session uid=1000 pid=2506741 pidfd=5] Activated service 'org.freedesktop.systemd1' failed: Process org.freedesktop.systemd1 exited with status 1
[2m2026-10-02T06:54:10.016224Z[0m [33m WARN[0m [2mcua_driver_sdk::runtime[0m[2m:[0m could not activate the persistent AT-SPI listener: AT-SPI connect failed: ZBus Error: MethodError(OwnedErrorName("org.freedesktop.DBus.Error.NameHasNoOwner"), Some("Could not activate remote peer 'org.a11y.atspi.Registry': unit failed"), Msg { type: Error, serial: 4294967295, sender: UniqueName("org.freedesktop.DBus"), reply-serial: 9, body: Str, fds: [] })
[2m2026-10-02T06:54:10.038219Z[0m [33m WARN[0m [2mplatform_linux::overlay[0m[2m:[0m X11 overlay: root reads cannot see this window's own pixels; save-unders will be served without readback confirmation
dbus-daemon[2506741]: [session uid=1000 pid=2506741 pidfd=5] Activating service name='org.freedesktop.systemd1' requested by ':1.4' (uid=1000 pid=2508787 comm="/usr/bin/dbus-broker-launch --config-file=/usr/sha")
dbus-daemon[2506741]: [session uid=1000 pid=2506741 pidfd=5] Activated service 'org.freedesktop.systemd1' failed: Process org.freedesktop.systemd1 exited with status 1
dbus-daemon[2506741]: [session uid=1000 pid=2506741 pidfd=5] Activating service name='org.freedesktop.systemd1' requested by ':1.4' (uid=1000 pid=2508787 comm="/usr/bin/dbus-broker-launch --config-file=/usr/sha")
dbus-daemon[2506741]: [session uid=1000 pid=2506741 pidfd=5] Activated service 'org.freedesktop.systemd1' failed: Process org.freedesktop.systemd1 exited with status 1
{"trial": "k2-b1-019-quiet-A", "outcome": "verified", "poller_first_ok_ns": 228435291650235, "loadavg_before": "17.40 17.54 18.15 15/2695 2532578"}
dbus-daemon[2506741]: [session uid=1000 pid=2506741 pidfd=5] Activating service name='org.freedesktop.systemd1' requested by ':1.4' (uid=1000 pid=2508787 comm="/usr/bin/dbus-broker-launch --config-file=/usr/sha")
dbus-daemon[2506741]: [session uid=1000 pid=2506741 pidfd=5] Activated service 'org.freedesktop.systemd1' failed: Process org.freedesktop.systemd1 exited with status 1
[2m2026-10-02T06:54:11.896094Z[0m [33m WARN[0m [2mcua_driver_sdk::runtime[0m[2m:[0m could not activate the persistent AT-SPI listener: AT-SPI connect failed: ZBus Error: MethodError(OwnedErrorName("org.freedesktop.DBus.Error.NameHasNoOwner"), Some("Could not activate remote peer 'org.a11y.atspi.Registry': unit failed"), Msg { type: Error, serial: 4294967295, sender: UniqueName("org.freedesktop.DBus"), reply-serial: 9, body: Str, fds: [] })
[2m2026-10-02T06:54:11.919058Z[0m [33m WARN[0m [2mplatform_linux::overlay[0m[2m:[0m X11 overlay: root reads cannot see this window's own pixels; save-unders will be served without readback confirmation
dbus-daemon[2506741]: [session uid=1000 pid=2506741 pidfd=5] Activating service name='org.freedesktop.systemd1' requested by ':1.4' (uid=1000 pid=2508787 comm="/usr/bin/dbus-broker-launch --config-file=/usr/sha")
dbus-daemon[2506741]: [session uid=1000 pid=2506741 pidfd=5] Activated service 'org.freedesktop.systemd1' failed: Process org.freedesktop.systemd1 exited with status 1
dbus-daemon[2506741]: [session uid=1000 pid=2506741 pidfd=5] Activating service name='org.freedesktop.systemd1' requested by ':1.4' (uid=1000 pid=2508787 comm="/usr/bin/dbus-broker-launch --config-file=/usr/sha")
dbus-daemon[2506741]: [session uid=1000 pid=2506741 pidfd=5] Activated service 'org.freedesktop.systemd1' failed: Process org.freedesktop.systemd1 exited with status 1
{"trial": "k2-b2-000-quiet-A", "outcome": "verified", "poller_first_ok_ns": 228437085037514, "loadavg_before": "17.05 17.47 18.12 12/2690 2533843"}
dbus-daemon[2506741]: [session uid=1000 pid=2506741 pidfd=5] Activating service name='org.freedesktop.systemd1' requested by ':1.4' (uid=1000 pid=2508787 comm="/usr/bin/dbus-broker-launch --config-file=/usr/sha")
dbus-daemon[2506741]: [session uid=1000 pid=2506741 pidfd=5] Activated service 'org.freedesktop.systemd1' failed: Process org.freedesktop.systemd1 exited with status 1
[2m2026-10-02T06:54:13.602429Z[0m [33m WARN[0m [2mcua_driver_sdk::runtime[0m[2m:[0m could not activate the persistent AT-SPI listener: AT-SPI connect failed: ZBus Error: MethodError(OwnedErrorName("org.freedesktop.DBus.Error.NameHasNoOwner"), Some("Could not activate remote peer 'org.a11y.atspi.Registry': unit failed"), Msg { type: Error, serial: 4294967295, sender: UniqueName("org.freedesktop.DBus"), reply-serial: 9, body: Str, fds: [] })
[2m2026-10-02T06:54:13.627317Z[0m [33m WARN[0m [2mplatform_linux::overlay[0m[2m:[0m X11 overlay: root reads cannot see this window's own pixels; save-unders will be served without readback confirmation
dbus-daemon[2506741]: [session uid=1000 pid=2506741 pidfd=5] Activating service name='org.freedesktop.systemd1' requested by ':1.4' (uid=1000 pid=2508787 comm="/usr/bin/dbus-broker-launch --config-file=/usr/sha")
dbus-daemon[2506741]: [session uid=1000 pid=2506741 pidfd=5] Activated service 'org.freedesktop.systemd1' failed: Process org.freedesktop.systemd1 exited with status 1
dbus-daemon[2506741]: [session uid=1000 pid=2506741 pidfd=5] Activating service name='org.freedesktop.systemd1' requested by ':1.4' (uid=1000 pid=2508787 comm="/usr/bin/dbus-broker-launch --config-file=/usr/sha")
dbus-daemon[2506741]: [session uid=1000 pid=2506741 pidfd=5] Activated service 'org.freedesktop.systemd1' failed: Process org.freedesktop.systemd1 exited with status 1
{"trial": "k2-b2-001-quiet-D", "outcome": "verified", "poller_first_ok_ns": 228438834972582, "loadavg_before": "17.05 17.47 18.12 13/2690 2535009"}
dbus-daemon[2506741]: [session uid=1000 pid=2506741 pidfd=5] Activating service name='org.freedesktop.systemd1' requested by ':1.4' (uid=1000 pid=2508787 comm="/usr/bin/dbus-broker-launch --config-file=/usr/sha")
dbus-daemon[2506741]: [session uid=1000 pid=2506741 pidfd=5] Activated service 'org.freedesktop.systemd1' failed: Process org.freedesktop.systemd1 exited with status 1
[2m2026-10-02T06:54:15.366906Z[0m [33m WARN[0m [2mcua_driver_sdk::runtime[0m[2m:[0m could not activate the persistent AT-SPI listener: AT-SPI connect failed: ZBus Error: MethodError(OwnedErrorName("org.freedesktop.DBus.Error.NameHasNoOwner"), Some("Could not activate remote peer 'org.a11y.atspi.Registry': unit failed"), Msg { type: Error, serial: 4294967295, sender: UniqueName("org.freedesktop.DBus"), reply-serial: 9, body: Str, fds: [] })
[2m2026-10-02T06:54:15.392439Z[0m [33m WARN[0m [2mplatform_linux::overlay[0m[2m:[0m X11 overlay: root reads cannot see this window's own pixels; save-unders will be served without readback confirmation
dbus-daemon[2506741]: [session uid=1000 pid=2506741 pidfd=5] Activating service name='org.freedesktop.systemd1' requested by ':1.4' (uid=1000 pid=2508787 comm="/usr/bin/dbus-broker-launch --config-file=/usr/sha")
dbus-daemon[2506741]: [session uid=1000 pid=2506741 pidfd=5] Activated service 'org.freedesktop.systemd1' failed: Process org.freedesktop.systemd1 exited with status 1
dbus-daemon[2506741]: [session uid=1000 pid=2506741 pidfd=5] Activating service name='org.freedesktop.systemd1' requested by ':1.4' (uid=1000 pid=2508787 comm="/usr/bin/dbus-broker-launch --config-file=/usr/sha")
dbus-daemon[2506741]: [session uid=1000 pid=2506741 pidfd=5] Activated service 'org.freedesktop.systemd1' failed: Process org.freedesktop.systemd1 exited with status 1
{"trial": "k2-b2-002-quiet-D", "outcome": "verified", "poller_first_ok_ns": 228440557602432, "loadavg_before": "17.05 17.47 18.12 14/2689 2536215"}
dbus-daemon[2506741]: [session uid=1000 pid=2506741 pidfd=5] Activating service name='org.freedesktop.systemd1' requested by ':1.4' (uid=1000 pid=2508787 comm="/usr/bin/dbus-broker-launch --config-file=/usr/sha")
dbus-daemon[2506741]: [session uid=1000 pid=2506741 pidfd=5] Activated service 'org.freedesktop.systemd1' failed: Process org.freedesktop.systemd1 exited with status 1
[2m2026-10-02T06:54:17.081977Z[0m [33m WARN[0m [2mcua_driver_sdk::runtime[0m[2m:[0m could not activate the persistent AT-SPI listener: AT-SPI connect failed: ZBus Error: MethodError(OwnedErrorName("org.freedesktop.DBus.Error.NameHasNoOwner"), Some("Could not activate remote peer 'org.a11y.atspi.Registry': unit failed"), Msg { type: Error, serial: 4294967295, sender: UniqueName("org.freedesktop.DBus"), reply-serial: 9, body: Str, fds: [] })
[2m2026-10-02T06:54:17.101422Z[0m [33m WARN[0m [2mplatform_linux::overlay[0m[2m:[0m X11 overlay: root reads cannot see this window's own pixels; save-unders will be served without readback confirmation
dbus-daemon[2506741]: [session uid=1000 pid=2506741 pidfd=5] Activating service name='org.freedesktop.systemd1' requested by ':1.4' (uid=1000 pid=2508787 comm="/usr/bin/dbus-broker-launch --config-file=/usr/sha")
dbus-daemon[2506741]: [session uid=1000 pid=2506741 pidfd=5] Activated service 'org.freedesktop.systemd1' failed: Process org.freedesktop.systemd1 exited with status 1
dbus-daemon[2506741]: [session uid=1000 pid=2506741 pidfd=5] Activating service name='org.freedesktop.systemd1' requested by ':1.4' (uid=1000 pid=2508787 comm="/usr/bin/dbus-broker-launch --config-file=/usr/sha")
dbus-daemon[2506741]: [session uid=1000 pid=2506741 pidfd=5] Activated service 'org.freedesktop.systemd1' failed: Process org.freedesktop.systemd1 exited with status 1
{"trial": "k2-b2-003-quiet-A", "outcome": "verified", "poller_first_ok_ns": 228442369262587, "loadavg_before": "16.57 17.36 18.08 13/2677 2537411"}
dbus-daemon[2506741]: [session uid=1000 pid=2506741 pidfd=5] Activating service name='org.freedesktop.systemd1' requested by ':1.4' (uid=1000 pid=2508787 comm="/usr/bin/dbus-broker-launch --config-file=/usr/sha")
dbus-daemon[2506741]: [session uid=1000 pid=2506741 pidfd=5] Activated service 'org.freedesktop.systemd1' failed: Process org.freedesktop.systemd1 exited with status 1
[2m2026-10-02T06:54:18.887013Z[0m [33m WARN[0m [2mcua_driver_sdk::runtime[0m[2m:[0m could not activate the persistent AT-SPI listener: AT-SPI connect failed: ZBus Error: MethodError(OwnedErrorName("org.freedesktop.DBus.Error.NameHasNoOwner"), Some("Could not activate remote peer 'org.a11y.atspi.Registry': unit failed"), Msg { type: Error, serial: 4294967295, sender: UniqueName("org.freedesktop.DBus"), reply-serial: 9, body: Str, fds: [] })
[2m2026-10-02T06:54:18.913397Z[0m [33m WARN[0m [2mplatform_linux::overlay[0m[2m:[0m X11 overlay: root reads cannot see this window's own pixels; save-unders will be served without readback confirmation
dbus-daemon[2506741]: [session uid=1000 pid=2506741 pidfd=5] Activating service name='org.freedesktop.systemd1' requested by ':1.4' (uid=1000 pid=2508787 comm="/usr/bin/dbus-broker-launch --config-file=/usr/sha")
dbus-daemon[2506741]: [session uid=1000 pid=2506741 pidfd=5] Activated service 'org.freedesktop.systemd1' failed: Process org.freedesktop.systemd1 exited with status 1
dbus-daemon[2506741]: [session uid=1000 pid=2506741 pidfd=5] Activating service name='org.freedesktop.systemd1' requested by ':1.4' (uid=1000 pid=2508787 comm="/usr/bin/dbus-broker-launch --config-file=/usr/sha")
dbus-daemon[2506741]: [session uid=1000 pid=2506741 pidfd=5] Activated service 'org.freedesktop.systemd1' failed: Process org.freedesktop.systemd1 exited with status 1
{"trial": "k2-b2-004-quiet-A", "outcome": "verified", "poller_first_ok_ns": 228444084659273, "loadavg_before": "16.57 17.36 18.08 15/2668 2538618"}
dbus-daemon[2506741]: [session uid=1000 pid=2506741 pidfd=5] Activating service name='org.freedesktop.systemd1' requested by ':1.4' (uid=1000 pid=2508787 comm="/usr/bin/dbus-broker-launch --config-file=/usr/sha")
dbus-daemon[2506741]: [session uid=1000 pid=2506741 pidfd=5] Activated service 'org.freedesktop.systemd1' failed: Process org.freedesktop.systemd1 exited with status 1
[2m2026-10-02T06:54:20.633034Z[0m [33m WARN[0m [2mcua_driver_sdk::runtime[0m[2m:[0m could not activate the persistent AT-SPI listener: AT-SPI connect failed: ZBus Error: MethodError(OwnedErrorName("org.freedesktop.DBus.Error.NameHasNoOwner"), Some("Could not activate remote peer 'org.a11y.atspi.Registry': unit failed"), Msg { type: Error, serial: 4294967295, sender: UniqueName("org.freedesktop.DBus"), reply-serial: 9, body: Str, fds: [] })
[2m2026-10-02T06:54:20.655803Z[0m [33m WARN[0m [2mplatform_linux::overlay[0m[2m:[0m X11 overlay: root reads cannot see this window's own pixels; save-unders will be served without readback confirmation
dbus-daemon[2506741]: [session uid=1000 pid=2506741 pidfd=5] Activating service name='org.freedesktop.systemd1' requested by ':1.4' (uid=1000 pid=2508787 comm="/usr/bin/dbus-broker-launch --config-file=/usr/sha")
dbus-daemon[2506741]: [session uid=1000 pid=2506741 pidfd=5] Activated service 'org.freedesktop.systemd1' failed: Process org.freedesktop.systemd1 exited with status 1
dbus-daemon[2506741]: [session uid=1000 pid=2506741 pidfd=5] Activating service name='org.freedesktop.systemd1' requested by ':1.4' (uid=1000 pid=2508787 comm="/usr/bin/dbus-broker-launch --config-file=/usr/sha")
dbus-daemon[2506741]: [session uid=1000 pid=2506741 pidfd=5] Activated service 'org.freedesktop.systemd1' failed: Process org.freedesktop.systemd1 exited with status 1
{"trial": "k2-b2-005-quiet-D", "outcome": "verified", "poller_first_ok_ns": 228445910021429, "loadavg_before": "16.57 17.36 18.08 16/2668 2539800"}
dbus-daemon[2506741]: [session uid=1000 pid=2506741 pidfd=5] Activating service name='org.freedesktop.systemd1' requested by ':1.4' (uid=1000 pid=2508787 comm="/usr/bin/dbus-broker-launch --config-file=/usr/sha")
dbus-daemon[2506741]: [session uid=1000 pid=2506741 pidfd=5] Activated service 'org.freedesktop.systemd1' failed: Process org.freedesktop.systemd1 exited with status 1
[2m2026-10-02T06:54:22.436723Z[0m [33m WARN[0m [2mcua_driver_sdk::runtime[0m[2m:[0m could not activate the persistent AT-SPI listener: AT-SPI connect failed: ZBus Error: MethodError(OwnedErrorName("org.freedesktop.DBus.Error.NameHasNoOwner"), Some("Could not activate remote peer 'org.a11y.atspi.Registry': unit failed"), Msg { type: Error, serial: 4294967295, sender: UniqueName("org.freedesktop.DBus"), reply-serial: 9, body: Str, fds: [] })
[2m2026-10-02T06:54:22.457379Z[0m [33m WARN[0m [2mplatform_linux::overlay[0m[2m:[0m X11 overlay: root reads cannot see this window's own pixels; save-unders will be served without readback confirmation
dbus-daemon[2506741]: [session uid=1000 pid=2506741 pidfd=5] Activating service name='org.freedesktop.systemd1' requested by ':1.4' (uid=1000 pid=2508787 comm="/usr/bin/dbus-broker-launch --config-file=/usr/sha")
dbus-daemon[2506741]: [session uid=1000 pid=2506741 pidfd=5] Activated service 'org.freedesktop.systemd1' failed: Process org.freedesktop.systemd1 exited with status 1
dbus-daemon[2506741]: [session uid=1000 pid=2506741 pidfd=5] Activating service name='org.freedesktop.systemd1' requested by ':1.4' (uid=1000 pid=2508787 comm="/usr/bin/dbus-broker-launch --config-file=/usr/sha")
dbus-daemon[2506741]: [session uid=1000 pid=2506741 pidfd=5] Activated service 'org.freedesktop.systemd1' failed: Process org.freedesktop.systemd1 exited with status 1
{"trial": "k2-b2-006-quiet-D", "outcome": "verified", "poller_first_ok_ns": 228447695879826, "loadavg_before": "16.12 17.25 18.04 13/2670 2540994"}
dbus-daemon[2506741]: [session uid=1000 pid=2506741 pidfd=5] Activating service name='org.freedesktop.systemd1' requested by ':1.4' (uid=1000 pid=2508787 comm="/usr/bin/dbus-broker-launch --config-file=/usr/sha")
dbus-daemon[2506741]: [session uid=1000 pid=2506741 pidfd=5] Activated service 'org.freedesktop.systemd1' failed: Process org.freedesktop.systemd1 exited with status 1
[2m2026-10-02T06:54:24.210825Z[0m [33m WARN[0m [2mcua_driver_sdk::runtime[0m[2m:[0m could not activate the persistent AT-SPI listener: AT-SPI connect failed: ZBus Error: MethodError(OwnedErrorName("org.freedesktop.DBus.Error.NameHasNoOwner"), Some("Could not activate remote peer 'org.a11y.atspi.Registry': unit failed"), Msg { type: Error, serial: 4294967295, sender: UniqueName("org.freedesktop.DBus"), reply-serial: 9, body: Str, fds: [] })
[2m2026-10-02T06:54:24.233770Z[0m [33m WARN[0m [2mplatform_linux::overlay[0m[2m:[0m X11 overlay: root reads cannot see this window's own pixels; save-unders will be served without readback confirmation
dbus-daemon[2506741]: [session uid=1000 pid=2506741 pidfd=5] Activating service name='org.freedesktop.systemd1' requested by ':1.4' (uid=1000 pid=2508787 comm="/usr/bin/dbus-broker-launch --config-file=/usr/sha")
dbus-daemon[2506741]: [session uid=1000 pid=2506741 pidfd=5] Activated service 'org.freedesktop.systemd1' failed: Process org.freedesktop.systemd1 exited with status 1
dbus-daemon[2506741]: [session uid=1000 pid=2506741 pidfd=5] Activating service name='org.freedesktop.systemd1' requested by ':1.4' (uid=1000 pid=2508787 comm="/usr/bin/dbus-broker-launch --config-file=/usr/sha")
dbus-daemon[2506741]: [session uid=1000 pid=2506741 pidfd=5] Activated service 'org.freedesktop.systemd1' failed: Process org.freedesktop.systemd1 exited with status 1
{"trial": "k2-b2-007-quiet-A", "outcome": "verified", "poller_first_ok_ns": 228449399130441, "loadavg_before": "16.12 17.25 18.04 14/2673 2542204"}
dbus-daemon[2506741]: [session uid=1000 pid=2506741 pidfd=5] Activating service name='org.freedesktop.systemd1' requested by ':1.4' (uid=1000 pid=2508787 comm="/usr/bin/dbus-broker-launch --config-file=/usr/sha")
dbus-daemon[2506741]: [session uid=1000 pid=2506741 pidfd=5] Activated service 'org.freedesktop.systemd1' failed: Process org.freedesktop.systemd1 exited with status 1
[2m2026-10-02T06:54:25.939055Z[0m [33m WARN[0m [2mcua_driver_sdk::runtime[0m[2m:[0m could not activate the persistent AT-SPI listener: AT-SPI connect failed: ZBus Error: MethodError(OwnedErrorName("org.freedesktop.DBus.Error.NameHasNoOwner"), Some("Could not activate remote peer 'org.a11y.atspi.Registry': unit failed"), Msg { type: Error, serial: 4294967295, sender: UniqueName("org.freedesktop.DBus"), reply-serial: 9, body: Str, fds: [] })
[2m2026-10-02T06:54:25.963349Z[0m [33m WARN[0m [2mplatform_linux::overlay[0m[2m:[0m X11 overlay: root reads cannot see this window's own pixels; save-unders will be served without readback confirmation
dbus-daemon[2506741]: [session uid=1000 pid=2506741 pidfd=5] Activating service name='org.freedesktop.systemd1' requested by ':1.4' (uid=1000 pid=2508787 comm="/usr/bin/dbus-broker-launch --config-file=/usr/sha")
dbus-daemon[2506741]: [session uid=1000 pid=2506741 pidfd=5] Activated service 'org.freedesktop.systemd1' failed: Process org.freedesktop.systemd1 exited with status 1
dbus-daemon[2506741]: [session uid=1000 pid=2506741 pidfd=5] Activating service name='org.freedesktop.systemd1' requested by ':1.4' (uid=1000 pid=2508787 comm="/usr/bin/dbus-broker-launch --config-file=/usr/sha")
dbus-daemon[2506741]: [session uid=1000 pid=2506741 pidfd=5] Activated service 'org.freedesktop.systemd1' failed: Process org.freedesktop.systemd1 exited with status 1
{"trial": "k2-b2-008-quiet-A", "outcome": "verified", "poller_first_ok_ns": 228451262665311, "loadavg_before": "16.12 17.25 18.04 14/2666 2543391"}
dbus-daemon[2506741]: [session uid=1000 pid=2506741 pidfd=5] Activating service name='org.freedesktop.systemd1' requested by ':1.4' (uid=1000 pid=2508787 comm="/usr/bin/dbus-broker-launch --config-file=/usr/sha")
dbus-daemon[2506741]: [session uid=1000 pid=2506741 pidfd=5] Activated service 'org.freedesktop.systemd1' failed: Process org.freedesktop.systemd1 exited with status 1
[2m2026-10-02T06:54:27.789845Z[0m [33m WARN[0m [2mcua_driver_sdk::runtime[0m[2m:[0m could not activate the persistent AT-SPI listener: AT-SPI connect failed: ZBus Error: MethodError(OwnedErrorName("org.freedesktop.DBus.Error.NameHasNoOwner"), Some("Could not activate remote peer 'org.a11y.atspi.Registry': unit failed"), Msg { type: Error, serial: 4294967295, sender: UniqueName("org.freedesktop.DBus"), reply-serial: 9, body: Str, fds: [] })
[2m2026-10-02T06:54:27.810394Z[0m [33m WARN[0m [2mplatform_linux::overlay[0m[2m:[0m X11 overlay: root reads cannot see this window's own pixels; save-unders will be served without readback confirmation
dbus-daemon[2506741]: [session uid=1000 pid=2506741 pidfd=5] Activating service name='org.freedesktop.systemd1' requested by ':1.4' (uid=1000 pid=2508787 comm="/usr/bin/dbus-broker-launch --config-file=/usr/sha")
dbus-daemon[2506741]: [session uid=1000 pid=2506741 pidfd=5] Activated service 'org.freedesktop.systemd1' failed: Process org.freedesktop.systemd1 exited with status 1
dbus-daemon[2506741]: [session uid=1000 pid=2506741 pidfd=5] Activating service name='org.freedesktop.systemd1' requested by ':1.4' (uid=1000 pid=2508787 comm="/usr/bin/dbus-broker-launch --config-file=/usr/sha")
dbus-daemon[2506741]: [session uid=1000 pid=2506741 pidfd=5] Activated service 'org.freedesktop.systemd1' failed: Process org.freedesktop.systemd1 exited with status 1
{"trial": "k2-b2-009-quiet-D", "outcome": "verified", "poller_first_ok_ns": 228453111654298, "loadavg_before": "17.07 17.43 18.10 17/2674 2544641"}
dbus-daemon[2506741]: [session uid=1000 pid=2506741 pidfd=5] Activating service name='org.freedesktop.systemd1' requested by ':1.4' (uid=1000 pid=2508787 comm="/usr/bin/dbus-broker-launch --config-file=/usr/sha")
dbus-daemon[2506741]: [session uid=1000 pid=2506741 pidfd=5] Activated service 'org.freedesktop.systemd1' failed: Process org.freedesktop.systemd1 exited with status 1
[2m2026-10-02T06:54:29.642816Z[0m [33m WARN[0m [2mcua_driver_sdk::runtime[0m[2m:[0m could not activate the persistent AT-SPI listener: AT-SPI connect failed: ZBus Error: MethodError(OwnedErrorName("org.freedesktop.DBus.Error.NameHasNoOwner"), Some("Could not activate remote peer 'org.a11y.atspi.Registry': unit failed"), Msg { type: Error, serial: 4294967295, sender: UniqueName("org.freedesktop.DBus"), reply-serial: 9, body: Str, fds: [] })
[2m2026-10-02T06:54:29.665914Z[0m [33m WARN[0m [2mplatform_linux::overlay[0m[2m:[0m X11 overlay: root reads cannot see this window's own pixels; save-unders will be served without readback confirmation
dbus-daemon[2506741]: [session uid=1000 pid=2506741 pidfd=5] Activating service name='org.freedesktop.systemd1' requested by ':1.4' (uid=1000 pid=2508787 comm="/usr/bin/dbus-broker-launch --config-file=/usr/sha")
dbus-daemon[2506741]: [session uid=1000 pid=2506741 pidfd=5] Activated service 'org.freedesktop.systemd1' failed: Process org.freedesktop.systemd1 exited with status 1
dbus-daemon[2506741]: [session uid=1000 pid=2506741 pidfd=5] Activating service name='org.freedesktop.systemd1' requested by ':1.4' (uid=1000 pid=2508787 comm="/usr/bin/dbus-broker-launch --config-file=/usr/sha")
dbus-daemon[2506741]: [session uid=1000 pid=2506741 pidfd=5] Activated service 'org.freedesktop.systemd1' failed: Process org.freedesktop.systemd1 exited with status 1
{"trial": "k2-b2-010-quiet-D", "outcome": "verified", "poller_first_ok_ns": 228454886398500, "loadavg_before": "17.07 17.43 18.10 15/2672 2545851"}
dbus-daemon[2506741]: [session uid=1000 pid=2506741 pidfd=5] Activating service name='org.freedesktop.systemd1' requested by ':1.4' (uid=1000 pid=2508787 comm="/usr/bin/dbus-broker-launch --config-file=/usr/sha")
dbus-daemon[2506741]: [session uid=1000 pid=2506741 pidfd=5] Activated service 'org.freedesktop.systemd1' failed: Process org.freedesktop.systemd1 exited with status 1
[2m2026-10-02T06:54:31.375897Z[0m [33m WARN[0m [2mcua_driver_sdk::runtime[0m[2m:[0m could not activate the persistent AT-SPI listener: AT-SPI connect failed: ZBus Error: MethodError(OwnedErrorName("org.freedesktop.DBus.Error.NameHasNoOwner"), Some("Could not activate remote peer 'org.a11y.atspi.Registry': unit failed"), Msg { type: Error, serial: 4294967295, sender: UniqueName("org.freedesktop.DBus"), reply-serial: 9, body: Str, fds: [] })
[2m2026-10-02T06:54:31.392340Z[0m [33m WARN[0m [2mplatform_linux::overlay[0m[2m:[0m X11 overlay: root reads cannot see this window's own pixels; save-unders will be served without readback confirmation
dbus-daemon[2506741]: [session uid=1000 pid=2506741 pidfd=5] Activating service name='org.freedesktop.systemd1' requested by ':1.4' (uid=1000 pid=2508787 comm="/usr/bin/dbus-broker-launch --config-file=/usr/sha")
dbus-daemon[2506741]: [session uid=1000 pid=2506741 pidfd=5] Activated service 'org.freedesktop.systemd1' failed: Process org.freedesktop.systemd1 exited with status 1
dbus-daemon[2506741]: [session uid=1000 pid=2506741 pidfd=5] Activating service name='org.freedesktop.systemd1' requested by ':1.4' (uid=1000 pid=2508787 comm="/usr/bin/dbus-broker-launch --config-file=/usr/sha")
dbus-daemon[2506741]: [session uid=1000 pid=2506741 pidfd=5] Activated service 'org.freedesktop.systemd1' failed: Process org.freedesktop.systemd1 exited with status 1
{"trial": "k2-b2-011-quiet-A", "outcome": "verified", "poller_first_ok_ns": 228456425036452, "loadavg_before": "17.07 17.43 18.10 15/2666 2547111"}
dbus-daemon[2506741]: [session uid=1000 pid=2506741 pidfd=5] Activating service name='org.freedesktop.systemd1' requested by ':1.4' (uid=1000 pid=2508787 comm="/usr/bin/dbus-broker-launch --config-file=/usr/sha")
dbus-daemon[2506741]: [session uid=1000 pid=2506741 pidfd=5] Activated service 'org.freedesktop.systemd1' failed: Process org.freedesktop.systemd1 exited with status 1
[2m2026-10-02T06:54:32.932899Z[0m [33m WARN[0m [2mcua_driver_sdk::runtime[0m[2m:[0m could not activate the persistent AT-SPI listener: AT-SPI connect failed: ZBus Error: MethodError(OwnedErrorName("org.freedesktop.DBus.Error.NameHasNoOwner"), Some("Could not activate remote peer 'org.a11y.atspi.Registry': unit failed"), Msg { type: Error, serial: 4294967295, sender: UniqueName("org.freedesktop.DBus"), reply-serial: 9, body: Str, fds: [] })
[2m2026-10-02T06:54:32.948143Z[0m [33m WARN[0m [2mplatform_linux::overlay[0m[2m:[0m X11 overlay: root reads cannot see this window's own pixels; save-unders will be served without readback confirmation
dbus-daemon[2506741]: [session uid=1000 pid=2506741 pidfd=5] Activating service name='org.freedesktop.systemd1' requested by ':1.4' (uid=1000 pid=2508787 comm="/usr/bin/dbus-broker-launch --config-file=/usr/sha")
dbus-daemon[2506741]: [session uid=1000 pid=2506741 pidfd=5] Activated service 'org.freedesktop.systemd1' failed: Process org.freedesktop.systemd1 exited with status 1
dbus-daemon[2506741]: [session uid=1000 pid=2506741 pidfd=5] Activating service name='org.freedesktop.systemd1' requested by ':1.4' (uid=1000 pid=2508787 comm="/usr/bin/dbus-broker-launch --config-file=/usr/sha")
dbus-daemon[2506741]: [session uid=1000 pid=2506741 pidfd=5] Activated service 'org.freedesktop.systemd1' failed: Process org.freedesktop.systemd1 exited with status 1
{"trial": "k2-b2-012-quiet-A", "outcome": "verified", "poller_first_ok_ns": 228458011562928, "loadavg_before": "17.47 17.51 18.12 14/2631 2548334"}
dbus-daemon[2506741]: [session uid=1000 pid=2506741 pidfd=5] Activating service name='org.freedesktop.systemd1' requested by ':1.4' (uid=1000 pid=2508787 comm="/usr/bin/dbus-broker-launch --config-file=/usr/sha")
dbus-daemon[2506741]: [session uid=1000 pid=2506741 pidfd=5] Activated service 'org.freedesktop.systemd1' failed: Process org.freedesktop.systemd1 exited with status 1
[2m2026-10-02T06:54:34.537698Z[0m [33m WARN[0m [2mcua_driver_sdk::runtime[0m[2m:[0m could not activate the persistent AT-SPI listener: AT-SPI connect failed: ZBus Error: MethodError(OwnedErrorName("org.freedesktop.DBus.Error.NameHasNoOwner"), Some("Could not activate remote peer 'org.a11y.atspi.Registry': unit failed"), Msg { type: Error, serial: 4294967295, sender: UniqueName("org.freedesktop.DBus"), reply-serial: 9, body: Str, fds: [] })
[2m2026-10-02T06:54:34.551579Z[0m [33m WARN[0m [2mplatform_linux::overlay[0m[2m:[0m X11 overlay: root reads cannot see this window's own pixels; save-unders will be served without readback confirmation
dbus-daemon[2506741]: [session uid=1000 pid=2506741 pidfd=5] Activating service name='org.freedesktop.systemd1' requested by ':1.4' (uid=1000 pid=2508787 comm="/usr/bin/dbus-broker-launch --config-file=/usr/sha")
dbus-daemon[2506741]: [session uid=1000 pid=2506741 pidfd=5] Activated service 'org.freedesktop.systemd1' failed: Process org.freedesktop.systemd1 exited with status 1
dbus-daemon[2506741]: [session uid=1000 pid=2506741 pidfd=5] Activating service name='org.freedesktop.systemd1' requested by ':1.4' (uid=1000 pid=2508787 comm="/usr/bin/dbus-broker-launch --config-file=/usr/sha")
dbus-daemon[2506741]: [session uid=1000 pid=2506741 pidfd=5] Activated service 'org.freedesktop.systemd1' failed: Process org.freedesktop.systemd1 exited with status 1
{"trial": "k2-b2-013-quiet-D", "outcome": "verified", "poller_first_ok_ns": 228459618707336, "loadavg_before": "17.47 17.51 18.12 14/2660 2549594"}
dbus-daemon[2506741]: [session uid=1000 pid=2506741 pidfd=5] Activating service name='org.freedesktop.systemd1' requested by ':1.4' (uid=1000 pid=2508787 comm="/usr/bin/dbus-broker-launch --config-file=/usr/sha")
dbus-daemon[2506741]: [session uid=1000 pid=2506741 pidfd=5] Activated service 'org.freedesktop.systemd1' failed: Process org.freedesktop.systemd1 exited with status 1
[2m2026-10-02T06:54:36.100091Z[0m [33m WARN[0m [2mcua_driver_sdk::runtime[0m[2m:[0m could not activate the persistent AT-SPI listener: AT-SPI connect failed: ZBus Error: MethodError(OwnedErrorName("org.freedesktop.DBus.Error.NameHasNoOwner"), Some("Could not activate remote peer 'org.a11y.atspi.Registry': unit failed"), Msg { type: Error, serial: 4294967295, sender: UniqueName("org.freedesktop.DBus"), reply-serial: 9, body: Str, fds: [] })
[2m2026-10-02T06:54:36.108820Z[0m [33m WARN[0m [2mplatform_linux::overlay[0m[2m:[0m X11 overlay: root reads cannot see this window's own pixels; save-unders will be served without readback confirmation
dbus-daemon[2506741]: [session uid=1000 pid=2506741 pidfd=5] Activating service name='org.freedesktop.systemd1' requested by ':1.4' (uid=1000 pid=2508787 comm="/usr/bin/dbus-broker-launch --config-file=/usr/sha")
dbus-daemon[2506741]: [session uid=1000 pid=2506741 pidfd=5] Activated service 'org.freedesktop.systemd1' failed: Process org.freedesktop.systemd1 exited with status 1
dbus-daemon[2506741]: [session uid=1000 pid=2506741 pidfd=5] Activating service name='org.freedesktop.systemd1' requested by ':1.4' (uid=1000 pid=2508787 comm="/usr/bin/dbus-broker-launch --config-file=/usr/sha")
dbus-daemon[2506741]: [session uid=1000 pid=2506741 pidfd=5] Activated service 'org.freedesktop.systemd1' failed: Process org.freedesktop.systemd1 exited with status 1
{"trial": "k2-b2-014-quiet-D", "outcome": "verified", "poller_first_ok_ns": 228460801920893, "loadavg_before": "17.47 17.51 18.12 12/2674 2551076"}
dbus-daemon[2506741]: [session uid=1000 pid=2506741 pidfd=5] Activating service name='org.freedesktop.systemd1' requested by ':1.4' (uid=1000 pid=2508787 comm="/usr/bin/dbus-broker-launch --config-file=/usr/sha")
dbus-daemon[2506741]: [session uid=1000 pid=2506741 pidfd=5] Activated service 'org.freedesktop.systemd1' failed: Process org.freedesktop.systemd1 exited with status 1
[2m2026-10-02T06:54:37.276608Z[0m [33m WARN[0m [2mcua_driver_sdk::runtime[0m[2m:[0m could not activate the persistent AT-SPI listener: AT-SPI connect failed: ZBus Error: MethodError(OwnedErrorName("org.freedesktop.DBus.Error.NameHasNoOwner"), Some("Could not activate remote peer 'org.a11y.atspi.Registry': unit failed"), Msg { type: Error, serial: 4294967295, sender: UniqueName("org.freedesktop.DBus"), reply-serial: 9, body: Str, fds: [] })
[2m2026-10-02T06:54:37.286589Z[0m [33m WARN[0m [2mplatform_linux::overlay[0m[2m:[0m X11 overlay: root reads cannot see this window's own pixels; save-unders will be served without readback confirmation
dbus-daemon[2506741]: [session uid=1000 pid=2506741 pidfd=5] Activating service name='org.freedesktop.systemd1' requested by ':1.4' (uid=1000 pid=2508787 comm="/usr/bin/dbus-broker-launch --config-file=/usr/sha")
dbus-daemon[2506741]: [session uid=1000 pid=2506741 pidfd=5] Activated service 'org.freedesktop.systemd1' failed: Process org.freedesktop.systemd1 exited with status 1
dbus-daemon[2506741]: [session uid=1000 pid=2506741 pidfd=5] Activating service name='org.freedesktop.systemd1' requested by ':1.4' (uid=1000 pid=2508787 comm="/usr/bin/dbus-broker-launch --config-file=/usr/sha")
dbus-daemon[2506741]: [session uid=1000 pid=2506741 pidfd=5] Activated service 'org.freedesktop.systemd1' failed: Process org.freedesktop.systemd1 exited with status 1
{"trial": "k2-b2-015-quiet-A", "outcome": "verified", "poller_first_ok_ns": 228461969961517, "loadavg_before": "16.39 17.28 18.04 13/2677 2552549"}
dbus-daemon[2506741]: [session uid=1000 pid=2506741 pidfd=5] Activating service name='org.freedesktop.systemd1' requested by ':1.4' (uid=1000 pid=2508787 comm="/usr/bin/dbus-broker-launch --config-file=/usr/sha")
dbus-daemon[2506741]: [session uid=1000 pid=2506741 pidfd=5] Activated service 'org.freedesktop.systemd1' failed: Process org.freedesktop.systemd1 exited with status 1
[2m2026-10-02T06:54:38.441362Z[0m [33m WARN[0m [2mcua_driver_sdk::runtime[0m[2m:[0m could not activate the persistent AT-SPI listener: AT-SPI connect failed: ZBus Error: MethodError(OwnedErrorName("org.freedesktop.DBus.Error.NameHasNoOwner"), Some("Could not activate remote peer 'org.a11y.atspi.Registry': unit failed"), Msg { type: Error, serial: 4294967295, sender: UniqueName("org.freedesktop.DBus"), reply-serial: 9, body: Str, fds: [] })
[2m2026-10-02T06:54:38.452648Z[0m [33m WARN[0m [2mplatform_linux::overlay[0m[2m:[0m X11 overlay: root reads cannot see this window's own pixels; save-unders will be served without readback confirmation
dbus-daemon[2506741]: [session uid=1000 pid=2506741 pidfd=5] Activating service name='org.freedesktop.systemd1' requested by ':1.4' (uid=1000 pid=2508787 comm="/usr/bin/dbus-broker-launch --config-file=/usr/sha")
dbus-daemon[2506741]: [session uid=1000 pid=2506741 pidfd=5] Activated service 'org.freedesktop.systemd1' failed: Process org.freedesktop.systemd1 exited with status 1
dbus-daemon[2506741]: [session uid=1000 pid=2506741 pidfd=5] Activating service name='org.freedesktop.systemd1' requested by ':1.4' (uid=1000 pid=2508787 comm="/usr/bin/dbus-broker-launch --config-file=/usr/sha")
dbus-daemon[2506741]: [session uid=1000 pid=2506741 pidfd=5] Activated service 'org.freedesktop.systemd1' failed: Process org.freedesktop.systemd1 exited with status 1
{"trial": "k2-b2-016-quiet-A", "outcome": "verified", "poller_first_ok_ns": 228463134275251, "loadavg_before": "16.39 17.28 18.04 7/2692 2554022"}
dbus-daemon[2506741]: [session uid=1000 pid=2506741 pidfd=5] Activating service name='org.freedesktop.systemd1' requested by ':1.4' (uid=1000 pid=2508787 comm="/usr/bin/dbus-broker-launch --config-file=/usr/sha")
dbus-daemon[2506741]: [session uid=1000 pid=2506741 pidfd=5] Activated service 'org.freedesktop.systemd1' failed: Process org.freedesktop.systemd1 exited with status 1
[2m2026-10-02T06:54:39.598723Z[0m [33m WARN[0m [2mcua_driver_sdk::runtime[0m[2m:[0m could not activate the persistent AT-SPI listener: AT-SPI connect failed: ZBus Error: MethodError(OwnedErrorName("org.freedesktop.DBus.Error.NameHasNoOwner"), Some("Could not activate remote peer 'org.a11y.atspi.Registry': unit failed"), Msg { type: Error, serial: 4294967295, sender: UniqueName("org.freedesktop.DBus"), reply-serial: 9, body: Str, fds: [] })
[2m2026-10-02T06:54:39.608778Z[0m [33m WARN[0m [2mplatform_linux::overlay[0m[2m:[0m X11 overlay: root reads cannot see this window's own pixels; save-unders will be served without readback confirmation
dbus-daemon[2506741]: [session uid=1000 pid=2506741 pidfd=5] Activating service name='org.freedesktop.systemd1' requested by ':1.4' (uid=1000 pid=2508787 comm="/usr/bin/dbus-broker-launch --config-file=/usr/sha")
dbus-daemon[2506741]: [session uid=1000 pid=2506741 pidfd=5] Activated service 'org.freedesktop.systemd1' failed: Process org.freedesktop.systemd1 exited with status 1
dbus-daemon[2506741]: [session uid=1000 pid=2506741 pidfd=5] Activating service name='org.freedesktop.systemd1' requested by ':1.4' (uid=1000 pid=2508787 comm="/usr/bin/dbus-broker-launch --config-file=/usr/sha")
dbus-daemon[2506741]: [session uid=1000 pid=2506741 pidfd=5] Activated service 'org.freedesktop.systemd1' failed: Process org.freedesktop.systemd1 exited with status 1
{"trial": "k2-b2-017-quiet-D", "outcome": "verified", "poller_first_ok_ns": 228464282265536, "loadavg_before": "16.39 17.28 18.04 4/2692 2555504"}
dbus-daemon[2506741]: [session uid=1000 pid=2506741 pidfd=5] Activating service name='org.freedesktop.systemd1' requested by ':1.4' (uid=1000 pid=2508787 comm="/usr/bin/dbus-broker-launch --config-file=/usr/sha")
dbus-daemon[2506741]: [session uid=1000 pid=2506741 pidfd=5] Activated service 'org.freedesktop.systemd1' failed: Process org.freedesktop.systemd1 exited with status 1
[2m2026-10-02T06:54:40.752874Z[0m [33m WARN[0m [2mcua_driver_sdk::runtime[0m[2m:[0m could not activate the persistent AT-SPI listener: AT-SPI connect failed: ZBus Error: MethodError(OwnedErrorName("org.freedesktop.DBus.Error.NameHasNoOwner"), Some("Could not activate remote peer 'org.a11y.atspi.Registry': unit failed"), Msg { type: Error, serial: 4294967295, sender: UniqueName("org.freedesktop.DBus"), reply-serial: 9, body: Str, fds: [] })
[2m2026-10-02T06:54:40.762871Z[0m [33m WARN[0m [2mplatform_linux::overlay[0m[2m:[0m X11 overlay: root reads cannot see this window's own pixels; save-unders will be served without readback confirmation
dbus-daemon[2506741]: [session uid=1000 pid=2506741 pidfd=5] Activating service name='org.freedesktop.systemd1' requested by ':1.4' (uid=1000 pid=2508787 comm="/usr/bin/dbus-broker-launch --config-file=/usr/sha")
dbus-daemon[2506741]: [session uid=1000 pid=2506741 pidfd=5] Activated service 'org.freedesktop.systemd1' failed: Process org.freedesktop.systemd1 exited with status 1
dbus-daemon[2506741]: [session uid=1000 pid=2506741 pidfd=5] Activating service name='org.freedesktop.systemd1' requested by ':1.4' (uid=1000 pid=2508787 comm="/usr/bin/dbus-broker-launch --config-file=/usr/sha")
dbus-daemon[2506741]: [session uid=1000 pid=2506741 pidfd=5] Activated service 'org.freedesktop.systemd1' failed: Process org.freedesktop.systemd1 exited with status 1
{"trial": "k2-b2-018-quiet-D", "outcome": "verified", "poller_first_ok_ns": 228465431029708, "loadavg_before": "16.39 17.28 18.04 5/2696 2556977"}
dbus-daemon[2506741]: [session uid=1000 pid=2506741 pidfd=5] Activating service name='org.freedesktop.systemd1' requested by ':1.4' (uid=1000 pid=2508787 comm="/usr/bin/dbus-broker-launch --config-file=/usr/sha")
dbus-daemon[2506741]: [session uid=1000 pid=2506741 pidfd=5] Activated service 'org.freedesktop.systemd1' failed: Process org.freedesktop.systemd1 exited with status 1
[2m2026-10-02T06:54:41.940994Z[0m [33m WARN[0m [2mcua_driver_sdk::runtime[0m[2m:[0m could not activate the persistent AT-SPI listener: AT-SPI connect failed: ZBus Error: MethodError(OwnedErrorName("org.freedesktop.DBus.Error.NameHasNoOwner"), Some("Could not activate remote peer 'org.a11y.atspi.Registry': unit failed"), Msg { type: Error, serial: 4294967295, sender: UniqueName("org.freedesktop.DBus"), reply-serial: 9, body: Str, fds: [] })
[2m2026-10-02T06:54:41.951898Z[0m [33m WARN[0m [2mplatform_linux::overlay[0m[2m:[0m X11 overlay: root reads cannot see this window's own pixels; save-unders will be served without readback confirmation
dbus-daemon[2506741]: [session uid=1000 pid=2506741 pidfd=5] Activating service name='org.freedesktop.systemd1' requested by ':1.4' (uid=1000 pid=2508787 comm="/usr/bin/dbus-broker-launch --config-file=/usr/sha")
dbus-daemon[2506741]: [session uid=1000 pid=2506741 pidfd=5] Activated service 'org.freedesktop.systemd1' failed: Process org.freedesktop.systemd1 exited with status 1
dbus-daemon[2506741]: [session uid=1000 pid=2506741 pidfd=5] Activating service name='org.freedesktop.systemd1' requested by ':1.4' (uid=1000 pid=2508787 comm="/usr/bin/dbus-broker-launch --config-file=/usr/sha")
dbus-daemon[2506741]: [session uid=1000 pid=2506741 pidfd=5] Activated service 'org.freedesktop.systemd1' failed: Process org.freedesktop.systemd1 exited with status 1
{"trial": "k2-b2-019-quiet-A", "outcome": "verified", "poller_first_ok_ns": 228466702880439, "loadavg_before": "16.20 17.23 18.02 13/2694 2558406"}
dbus-daemon[2506741]: [session uid=1000 pid=2506741 pidfd=5] Activating service name='org.freedesktop.systemd1' requested by ':1.4' (uid=1000 pid=2508787 comm="/usr/bin/dbus-broker-launch --config-file=/usr/sha")
dbus-daemon[2506741]: [session uid=1000 pid=2506741 pidfd=5] Activated service 'org.freedesktop.systemd1' failed: Process org.freedesktop.systemd1 exited with status 1
[2m2026-10-02T06:54:43.268516Z[0m [33m WARN[0m [2mcua_driver_sdk::runtime[0m[2m:[0m could not activate the persistent AT-SPI listener: AT-SPI connect failed: ZBus Error: MethodError(OwnedErrorName("org.freedesktop.DBus.Error.NameHasNoOwner"), Some("Could not activate remote peer 'org.a11y.atspi.Registry': unit failed"), Msg { type: Error, serial: 4294967295, sender: UniqueName("org.freedesktop.DBus"), reply-serial: 9, body: Str, fds: [] })
[2m2026-10-02T06:54:43.280263Z[0m [33m WARN[0m [2mplatform_linux::overlay[0m[2m:[0m X11 overlay: root reads cannot see this window's own pixels; save-unders will be served without readback confirmation
dbus-daemon[2506741]: [session uid=1000 pid=2506741 pidfd=5] Activating service name='org.freedesktop.systemd1' requested by ':1.4' (uid=1000 pid=2508787 comm="/usr/bin/dbus-broker-launch --config-file=/usr/sha")
dbus-daemon[2506741]: [session uid=1000 pid=2506741 pidfd=5] Activated service 'org.freedesktop.systemd1' failed: Process org.freedesktop.systemd1 exited with status 1
dbus-daemon[2506741]: [session uid=1000 pid=2506741 pidfd=5] Activating service name='org.freedesktop.systemd1' requested by ':1.4' (uid=1000 pid=2508787 comm="/usr/bin/dbus-broker-launch --config-file=/usr/sha")
dbus-daemon[2506741]: [session uid=1000 pid=2506741 pidfd=5] Activated service 'org.freedesktop.systemd1' failed: Process org.freedesktop.systemd1 exited with status 1
{"trial": "k2-b3-000-quiet-A", "outcome": "verified", "poller_first_ok_ns": 228467969513340, "loadavg_before": "16.20 17.23 18.02 14/2696 2559914"}
dbus-daemon[2506741]: [session uid=1000 pid=2506741 pidfd=5] Activating service name='org.freedesktop.systemd1' requested by ':1.4' (uid=1000 pid=2508787 comm="/usr/bin/dbus-broker-launch --config-file=/usr/sha")
dbus-daemon[2506741]: [session uid=1000 pid=2506741 pidfd=5] Activated service 'org.freedesktop.systemd1' failed: Process org.freedesktop.systemd1 exited with status 1
[2m2026-10-02T06:54:44.486179Z[0m [33m WARN[0m [2mcua_driver_sdk::runtime[0m[2m:[0m could not activate the persistent AT-SPI listener: AT-SPI connect failed: ZBus Error: MethodError(OwnedErrorName("org.freedesktop.DBus.Error.NameHasNoOwner"), Some("Could not activate remote peer 'org.a11y.atspi.Registry': unit failed"), Msg { type: Error, serial: 4294967295, sender: UniqueName("org.freedesktop.DBus"), reply-serial: 9, body: Str, fds: [] })
[2m2026-10-02T06:54:44.508369Z[0m [33m WARN[0m [2mplatform_linux::overlay[0m[2m:[0m X11 overlay: root reads cannot see this window's own pixels; save-unders will be served without readback confirmation
dbus-daemon[2506741]: [session uid=1000 pid=2506741 pidfd=5] Activating service name='org.freedesktop.systemd1' requested by ':1.4' (uid=1000 pid=2508787 comm="/usr/bin/dbus-broker-launch --config-file=/usr/sha")
dbus-daemon[2506741]: [session uid=1000 pid=2506741 pidfd=5] Activated service 'org.freedesktop.systemd1' failed: Process org.freedesktop.systemd1 exited with status 1
dbus-daemon[2506741]: [session uid=1000 pid=2506741 pidfd=5] Activating service name='org.freedesktop.systemd1' requested by ':1.4' (uid=1000 pid=2508787 comm="/usr/bin/dbus-broker-launch --config-file=/usr/sha")
dbus-daemon[2506741]: [session uid=1000 pid=2506741 pidfd=5] Activated service 'org.freedesktop.systemd1' failed: Process org.freedesktop.systemd1 exited with status 1
{"trial": "k2-b3-001-quiet-D", "outcome": "verified", "poller_first_ok_ns": 228469611043156, "loadavg_before": "16.20 17.23 18.02 24/2729 2561269"}
dbus-daemon[2506741]: [session uid=1000 pid=2506741 pidfd=5] Activating service name='org.freedesktop.systemd1' requested by ':1.4' (uid=1000 pid=2508787 comm="/usr/bin/dbus-broker-launch --config-file=/usr/sha")
dbus-daemon[2506741]: [session uid=1000 pid=2506741 pidfd=5] Activated service 'org.freedesktop.systemd1' failed: Process org.freedesktop.systemd1 exited with status 1
[2m2026-10-02T06:54:46.117844Z[0m [33m WARN[0m [2mcua_driver_sdk::runtime[0m[2m:[0m could not activate the persistent AT-SPI listener: AT-SPI connect failed: ZBus Error: MethodError(OwnedErrorName("org.freedesktop.DBus.Error.NameHasNoOwner"), Some("Could not activate remote peer 'org.a11y.atspi.Registry': unit failed"), Msg { type: Error, serial: 4294967295, sender: UniqueName("org.freedesktop.DBus"), reply-serial: 9, body: Str, fds: [] })
[2m2026-10-02T06:54:46.128722Z[0m [33m WARN[0m [2mplatform_linux::overlay[0m[2m:[0m X11 overlay: root reads cannot see this window's own pixels; save-unders will be served without readback confirmation
dbus-daemon[2506741]: [session uid=1000 pid=2506741 pidfd=5] Activating service name='org.freedesktop.systemd1' requested by ':1.4' (uid=1000 pid=2508787 comm="/usr/bin/dbus-broker-launch --config-file=/usr/sha")
dbus-daemon[2506741]: [session uid=1000 pid=2506741 pidfd=5] Activated service 'org.freedesktop.systemd1' failed: Process org.freedesktop.systemd1 exited with status 1
dbus-daemon[2506741]: [session uid=1000 pid=2506741 pidfd=5] Activating service name='org.freedesktop.systemd1' requested by ':1.4' (uid=1000 pid=2508787 comm="/usr/bin/dbus-broker-launch --config-file=/usr/sha")
dbus-daemon[2506741]: [session uid=1000 pid=2506741 pidfd=5] Activated service 'org.freedesktop.systemd1' failed: Process org.freedesktop.systemd1 exited with status 1
{"trial": "k2-b3-002-quiet-D", "outcome": "verified", "poller_first_ok_ns": 228471039938485, "loadavg_before": "16.20 17.23 18.02 14/2494 2562556"}
dbus-daemon[2506741]: [session uid=1000 pid=2506741 pidfd=5] Activating service name='org.freedesktop.systemd1' requested by ':1.4' (uid=1000 pid=2508787 comm="/usr/bin/dbus-broker-launch --config-file=/usr/sha")
dbus-daemon[2506741]: [session uid=1000 pid=2506741 pidfd=5] Activated service 'org.freedesktop.systemd1' failed: Process org.freedesktop.systemd1 exited with status 1
[2m2026-10-02T06:54:47.506209Z[0m [33m WARN[0m [2mcua_driver_sdk::runtime[0m[2m:[0m could not activate the persistent AT-SPI listener: AT-SPI connect failed: ZBus Error: MethodError(OwnedErrorName("org.freedesktop.DBus.Error.NameHasNoOwner"), Some("Could not activate remote peer 'org.a11y.atspi.Registry': unit failed"), Msg { type: Error, serial: 4294967295, sender: UniqueName("org.freedesktop.DBus"), reply-serial: 9, body: Str, fds: [] })
[2m2026-10-02T06:54:47.522193Z[0m [33m WARN[0m [2mplatform_linux::overlay[0m[2m:[0m X11 overlay: root reads cannot see this window's own pixels; save-unders will be served without readback confirmation
dbus-daemon[2506741]: [session uid=1000 pid=2506741 pidfd=5] Activating service name='org.freedesktop.systemd1' requested by ':1.4' (uid=1000 pid=2508787 comm="/usr/bin/dbus-broker-launch --config-file=/usr/sha")
dbus-daemon[2506741]: [session uid=1000 pid=2506741 pidfd=5] Activated service 'org.freedesktop.systemd1' failed: Process org.freedesktop.systemd1 exited with status 1
dbus-daemon[2506741]: [session uid=1000 pid=2506741 pidfd=5] Activating service name='org.freedesktop.systemd1' requested by ':1.4' (uid=1000 pid=2508787 comm="/usr/bin/dbus-broker-launch --config-file=/usr/sha")
dbus-daemon[2506741]: [session uid=1000 pid=2506741 pidfd=5] Activated service 'org.freedesktop.systemd1' failed: Process org.freedesktop.systemd1 exited with status 1
{"trial": "k2-b3-003-quiet-A", "outcome": "verified", "poller_first_ok_ns": 228472400610603, "loadavg_before": "16.50 17.28 18.03 14/2486 2563787"}
dbus-daemon[2506741]: [session uid=1000 pid=2506741 pidfd=5] Activating service name='org.freedesktop.systemd1' requested by ':1.4' (uid=1000 pid=2508787 comm="/usr/bin/dbus-broker-launch --config-file=/usr/sha")
dbus-daemon[2506741]: [session uid=1000 pid=2506741 pidfd=5] Activated service 'org.freedesktop.systemd1' failed: Process org.freedesktop.systemd1 exited with status 1
[2m2026-10-02T06:54:48.886711Z[0m [33m WARN[0m [2mcua_driver_sdk::runtime[0m[2m:[0m could not activate the persistent AT-SPI listener: AT-SPI connect failed: ZBus Error: MethodError(OwnedErrorName("org.freedesktop.DBus.Error.NameHasNoOwner"), Some("Could not activate remote peer 'org.a11y.atspi.Registry': unit failed"), Msg { type: Error, serial: 4294967295, sender: UniqueName("org.freedesktop.DBus"), reply-serial: 9, body: Str, fds: [] })
[2m2026-10-02T06:54:48.903787Z[0m [33m WARN[0m [2mplatform_linux::overlay[0m[2m:[0m X11 overlay: root reads cannot see this window's own pixels; save-unders will be served without readback confirmation
dbus-daemon[2506741]: [session uid=1000 pid=2506741 pidfd=5] Activating service name='org.freedesktop.systemd1' requested by ':1.4' (uid=1000 pid=2508787 comm="/usr/bin/dbus-broker-launch --config-file=/usr/sha")
dbus-daemon[2506741]: [session uid=1000 pid=2506741 pidfd=5] Activated service 'org.freedesktop.systemd1' failed: Process org.freedesktop.systemd1 exited with status 1
dbus-daemon[2506741]: [session uid=1000 pid=2506741 pidfd=5] Activating service name='org.freedesktop.systemd1' requested by ':1.4' (uid=1000 pid=2508787 comm="/usr/bin/dbus-broker-launch --config-file=/usr/sha")
dbus-daemon[2506741]: [session uid=1000 pid=2506741 pidfd=5] Activated service 'org.freedesktop.systemd1' failed: Process org.freedesktop.systemd1 exited with status 1
{"trial": "k2-b3-004-quiet-A", "outcome": "verified", "poller_first_ok_ns": 228473756434134, "loadavg_before": "16.50 17.28 18.03 13/2485 2564994"}
dbus-daemon[2506741]: [session uid=1000 pid=2506741 pidfd=5] Activating service name='org.freedesktop.systemd1' requested by ':1.4' (uid=1000 pid=2508787 comm="/usr/bin/dbus-broker-launch --config-file=/usr/sha")
dbus-daemon[2506741]: [session uid=1000 pid=2506741 pidfd=5] Activated service 'org.freedesktop.systemd1' failed: Process org.freedesktop.systemd1 exited with status 1
[2m2026-10-02T06:54:50.256490Z[0m [33m WARN[0m [2mcua_driver_sdk::runtime[0m[2m:[0m could not activate the persistent AT-SPI listener: AT-SPI connect failed: ZBus Error: MethodError(OwnedErrorName("org.freedesktop.DBus.Error.NameHasNoOwner"), Some("Could not activate remote peer 'org.a11y.atspi.Registry': unit failed"), Msg { type: Error, serial: 4294967295, sender: UniqueName("org.freedesktop.DBus"), reply-serial: 9, body: Str, fds: [] })
[2m2026-10-02T06:54:50.270625Z[0m [33m WARN[0m [2mplatform_linux::overlay[0m[2m:[0m X11 overlay: root reads cannot see this window's own pixels; save-unders will be served without readback confirmation
dbus-daemon[2506741]: [session uid=1000 pid=2506741 pidfd=5] Activating service name='org.freedesktop.systemd1' requested by ':1.4' (uid=1000 pid=2508787 comm="/usr/bin/dbus-broker-launch --config-file=/usr/sha")
dbus-daemon[2506741]: [session uid=1000 pid=2506741 pidfd=5] Activated service 'org.freedesktop.systemd1' failed: Process org.freedesktop.systemd1 exited with status 1
dbus-daemon[2506741]: [session uid=1000 pid=2506741 pidfd=5] Activating service name='org.freedesktop.systemd1' requested by ':1.4' (uid=1000 pid=2508787 comm="/usr/bin/dbus-broker-launch --config-file=/usr/sha")
dbus-daemon[2506741]: [session uid=1000 pid=2506741 pidfd=5] Activated service 'org.freedesktop.systemd1' failed: Process org.freedesktop.systemd1 exited with status 1
{"trial": "k2-b3-005-quiet-D", "outcome": "verified", "poller_first_ok_ns": 228475182489653, "loadavg_before": "16.50 17.28 18.03 13/2503 2566266"}
dbus-daemon[2506741]: [session uid=1000 pid=2506741 pidfd=5] Activating service name='org.freedesktop.systemd1' requested by ':1.4' (uid=1000 pid=2508787 comm="/usr/bin/dbus-broker-launch --config-file=/usr/sha")
dbus-daemon[2506741]: [session uid=1000 pid=2506741 pidfd=5] Activated service 'org.freedesktop.systemd1' failed: Process org.freedesktop.systemd1 exited with status 1
[2m2026-10-02T06:54:51.695945Z[0m [33m WARN[0m [2mcua_driver_sdk::runtime[0m[2m:[0m could not activate the persistent AT-SPI listener: AT-SPI connect failed: ZBus Error: MethodError(OwnedErrorName("org.freedesktop.DBus.Error.NameHasNoOwner"), Some("Could not activate remote peer 'org.a11y.atspi.Registry': unit failed"), Msg { type: Error, serial: 4294967295, sender: UniqueName("org.freedesktop.DBus"), reply-serial: 9, body: Str, fds: [] })
[2m2026-10-02T06:54:51.712556Z[0m [33m WARN[0m [2mplatform_linux::overlay[0m[2m:[0m X11 overlay: root reads cannot see this window's own pixels; save-unders will be served without readback confirmation
dbus-daemon[2506741]: [session uid=1000 pid=2506741 pidfd=5] Activating service name='org.freedesktop.systemd1' requested by ':1.4' (uid=1000 pid=2508787 comm="/usr/bin/dbus-broker-launch --config-file=/usr/sha")
dbus-daemon[2506741]: [session uid=1000 pid=2506741 pidfd=5] Activated service 'org.freedesktop.systemd1' failed: Process org.freedesktop.systemd1 exited with status 1
dbus-daemon[2506741]: [session uid=1000 pid=2506741 pidfd=5] Activating service name='org.freedesktop.systemd1' requested by ':1.4' (uid=1000 pid=2508787 comm="/usr/bin/dbus-broker-launch --config-file=/usr/sha")
dbus-daemon[2506741]: [session uid=1000 pid=2506741 pidfd=5] Activated service 'org.freedesktop.systemd1' failed: Process org.freedesktop.systemd1 exited with status 1
{"trial": "k2-b3-006-quiet-D", "outcome": "verified", "poller_first_ok_ns": 228476662250104, "loadavg_before": "16.50 17.28 18.03 13/2493 2567561"}
dbus-daemon[2506741]: [session uid=1000 pid=2506741 pidfd=5] Activating service name='org.freedesktop.systemd1' requested by ':1.4' (uid=1000 pid=2508787 comm="/usr/bin/dbus-broker-launch --config-file=/usr/sha")
dbus-daemon[2506741]: [session uid=1000 pid=2506741 pidfd=5] Activated service 'org.freedesktop.systemd1' failed: Process org.freedesktop.systemd1 exited with status 1
[2m2026-10-02T06:54:53.187609Z[0m [33m WARN[0m [2mcua_driver_sdk::runtime[0m[2m:[0m could not activate the persistent AT-SPI listener: AT-SPI connect failed: ZBus Error: MethodError(OwnedErrorName("org.freedesktop.DBus.Error.NameHasNoOwner"), Some("Could not activate remote peer 'org.a11y.atspi.Registry': unit failed"), Msg { type: Error, serial: 4294967295, sender: UniqueName("org.freedesktop.DBus"), reply-serial: 9, body: Str, fds: [] })
[2m2026-10-02T06:54:53.200670Z[0m [33m WARN[0m [2mplatform_linux::overlay[0m[2m:[0m X11 overlay: root reads cannot see this window's own pixels; save-unders will be served without readback confirmation
dbus-daemon[2506741]: [session uid=1000 pid=2506741 pidfd=5] Activating service name='org.freedesktop.systemd1' requested by ':1.4' (uid=1000 pid=2508787 comm="/usr/bin/dbus-broker-launch --config-file=/usr/sha")
dbus-daemon[2506741]: [session uid=1000 pid=2506741 pidfd=5] Activated service 'org.freedesktop.systemd1' failed: Process org.freedesktop.systemd1 exited with status 1
dbus-daemon[2506741]: [session uid=1000 pid=2506741 pidfd=5] Activating service name='org.freedesktop.systemd1' requested by ':1.4' (uid=1000 pid=2508787 comm="/usr/bin/dbus-broker-launch --config-file=/usr/sha")
dbus-daemon[2506741]: [session uid=1000 pid=2506741 pidfd=5] Activated service 'org.freedesktop.systemd1' failed: Process org.freedesktop.systemd1 exited with status 1
{"trial": "k2-b3-007-quiet-A", "outcome": "verified", "poller_first_ok_ns": 228478070830701, "loadavg_before": "16.22 17.20 18.00 15/2683 2569008"}
dbus-daemon[2506741]: [session uid=1000 pid=2506741 pidfd=5] Activating service name='org.freedesktop.systemd1' requested by ':1.4' (uid=1000 pid=2508787 comm="/usr/bin/dbus-broker-launch --config-file=/usr/sha")
dbus-daemon[2506741]: [session uid=1000 pid=2506741 pidfd=5] Activated service 'org.freedesktop.systemd1' failed: Process org.freedesktop.systemd1 exited with status 1
[2m2026-10-02T06:54:54.551974Z[0m [33m WARN[0m [2mcua_driver_sdk::runtime[0m[2m:[0m could not activate the persistent AT-SPI listener: AT-SPI connect failed: ZBus Error: MethodError(OwnedErrorName("org.freedesktop.DBus.Error.NameHasNoOwner"), Some("Could not activate remote peer 'org.a11y.atspi.Registry': unit failed"), Msg { type: Error, serial: 4294967295, sender: UniqueName("org.freedesktop.DBus"), reply-serial: 9, body: Str, fds: [] })
[2m2026-10-02T06:54:54.562927Z[0m [33m WARN[0m [2mplatform_linux::overlay[0m[2m:[0m X11 overlay: root reads cannot see this window's own pixels; save-unders will be served without readback confirmation
dbus-daemon[2506741]: [session uid=1000 pid=2506741 pidfd=5] Activating service name='org.freedesktop.systemd1' requested by ':1.4' (uid=1000 pid=2508787 comm="/usr/bin/dbus-broker-launch --config-file=/usr/sha")
dbus-daemon[2506741]: [session uid=1000 pid=2506741 pidfd=5] Activated service 'org.freedesktop.systemd1' failed: Process org.freedesktop.systemd1 exited with status 1
dbus-daemon[2506741]: [session uid=1000 pid=2506741 pidfd=5] Activating service name='org.freedesktop.systemd1' requested by ':1.4' (uid=1000 pid=2508787 comm="/usr/bin/dbus-broker-launch --config-file=/usr/sha")
dbus-daemon[2506741]: [session uid=1000 pid=2506741 pidfd=5] Activated service 'org.freedesktop.systemd1' failed: Process org.freedesktop.systemd1 exited with status 1
{"trial": "k2-b3-008-quiet-A", "outcome": "verified", "poller_first_ok_ns": 228479489238465, "loadavg_before": "16.22 17.20 18.00 12/2676 2570262"}
dbus-daemon[2506741]: [session uid=1000 pid=2506741 pidfd=5] Activating service name='org.freedesktop.systemd1' requested by ':1.4' (uid=1000 pid=2508787 comm="/usr/bin/dbus-broker-launch --config-file=/usr/sha")
dbus-daemon[2506741]: [session uid=1000 pid=2506741 pidfd=5] Activated service 'org.freedesktop.systemd1' failed: Process org.freedesktop.systemd1 exited with status 1
[2m2026-10-02T06:54:55.965537Z[0m [33m WARN[0m [2mcua_driver_sdk::runtime[0m[2m:[0m could not activate the persistent AT-SPI listener: AT-SPI connect failed: ZBus Error: MethodError(OwnedErrorName("org.freedesktop.DBus.Error.NameHasNoOwner"), Some("Could not activate remote peer 'org.a11y.atspi.Registry': unit failed"), Msg { type: Error, serial: 4294967295, sender: UniqueName("org.freedesktop.DBus"), reply-serial: 9, body: Str, fds: [] })
[2m2026-10-02T06:54:55.978098Z[0m [33m WARN[0m [2mplatform_linux::overlay[0m[2m:[0m X11 overlay: root reads cannot see this window's own pixels; save-unders will be served without readback confirmation
dbus-daemon[2506741]: [session uid=1000 pid=2506741 pidfd=5] Activating service name='org.freedesktop.systemd1' requested by ':1.4' (uid=1000 pid=2508787 comm="/usr/bin/dbus-broker-launch --config-file=/usr/sha")
dbus-daemon[2506741]: [session uid=1000 pid=2506741 pidfd=5] Activated service 'org.freedesktop.systemd1' failed: Process org.freedesktop.systemd1 exited with status 1
dbus-daemon[2506741]: [session uid=1000 pid=2506741 pidfd=5] Activating service name='org.freedesktop.systemd1' requested by ':1.4' (uid=1000 pid=2508787 comm="/usr/bin/dbus-broker-launch --config-file=/usr/sha")
dbus-daemon[2506741]: [session uid=1000 pid=2506741 pidfd=5] Activated service 'org.freedesktop.systemd1' failed: Process org.freedesktop.systemd1 exited with status 1
{"trial": "k2-b3-009-quiet-D", "outcome": "verified", "poller_first_ok_ns": 228480857689580, "loadavg_before": "16.22 17.20 18.00 15/2694 2571590"}
dbus-daemon[2506741]: [session uid=1000 pid=2506741 pidfd=5] Activating service name='org.freedesktop.systemd1' requested by ':1.4' (uid=1000 pid=2508787 comm="/usr/bin/dbus-broker-launch --config-file=/usr/sha")
dbus-daemon[2506741]: [session uid=1000 pid=2506741 pidfd=5] Activated service 'org.freedesktop.systemd1' failed: Process org.freedesktop.systemd1 exited with status 1
[2m2026-10-02T06:54:57.356539Z[0m [33m WARN[0m [2mcua_driver_sdk::runtime[0m[2m:[0m could not activate the persistent AT-SPI listener: AT-SPI connect failed: ZBus Error: MethodError(OwnedErrorName("org.freedesktop.DBus.Error.NameHasNoOwner"), Some("Could not activate remote peer 'org.a11y.atspi.Registry': unit failed"), Msg { type: Error, serial: 4294967295, sender: UniqueName("org.freedesktop.DBus"), reply-serial: 9, body: Str, fds: [] })
[2m2026-10-02T06:54:57.366108Z[0m [33m WARN[0m [2mplatform_linux::overlay[0m[2m:[0m X11 overlay: root reads cannot see this window's own pixels; save-unders will be served without readback confirmation
dbus-daemon[2506741]: [session uid=1000 pid=2506741 pidfd=5] Activating service name='org.freedesktop.systemd1' requested by ':1.4' (uid=1000 pid=2508787 comm="/usr/bin/dbus-broker-launch --config-file=/usr/sha")
dbus-daemon[2506741]: [session uid=1000 pid=2506741 pidfd=5] Activated service 'org.freedesktop.systemd1' failed: Process org.freedesktop.systemd1 exited with status 1
dbus-daemon[2506741]: [session uid=1000 pid=2506741 pidfd=5] Activating service name='org.freedesktop.systemd1' requested by ':1.4' (uid=1000 pid=2508787 comm="/usr/bin/dbus-broker-launch --config-file=/usr/sha")
dbus-daemon[2506741]: [session uid=1000 pid=2506741 pidfd=5] Activated service 'org.freedesktop.systemd1' failed: Process org.freedesktop.systemd1 exited with status 1
{"trial": "k2-b3-010-quiet-D", "outcome": "verified", "poller_first_ok_ns": 228482216807728, "loadavg_before": "16.04 17.15 17.98 12/2677 2572885"}
dbus-daemon[2506741]: [session uid=1000 pid=2506741 pidfd=5] Activating service name='org.freedesktop.systemd1' requested by ':1.4' (uid=1000 pid=2508787 comm="/usr/bin/dbus-broker-launch --config-file=/usr/sha")
dbus-daemon[2506741]: [session uid=1000 pid=2506741 pidfd=5] Activated service 'org.freedesktop.systemd1' failed: Process org.freedesktop.systemd1 exited with status 1
[2m2026-10-02T06:54:58.731607Z[0m [33m WARN[0m [2mcua_driver_sdk::runtime[0m[2m:[0m could not activate the persistent AT-SPI listener: AT-SPI connect failed: ZBus Error: MethodError(OwnedErrorName("org.freedesktop.DBus.Error.NameHasNoOwner"), Some("Could not activate remote peer 'org.a11y.atspi.Registry': unit failed"), Msg { type: Error, serial: 4294967295, sender: UniqueName("org.freedesktop.DBus"), reply-serial: 9, body: Str, fds: [] })
[2m2026-10-02T06:54:58.751242Z[0m [33m WARN[0m [2mplatform_linux::overlay[0m[2m:[0m X11 overlay: root reads cannot see this window's own pixels; save-unders will be served without readback confirmation
dbus-daemon[2506741]: [session uid=1000 pid=2506741 pidfd=5] Activating service name='org.freedesktop.systemd1' requested by ':1.4' (uid=1000 pid=2508787 comm="/usr/bin/dbus-broker-launch --config-file=/usr/sha")
dbus-daemon[2506741]: [session uid=1000 pid=2506741 pidfd=5] Activated service 'org.freedesktop.systemd1' failed: Process org.freedesktop.systemd1 exited with status 1
dbus-daemon[2506741]: [session uid=1000 pid=2506741 pidfd=5] Activating service name='org.freedesktop.systemd1' requested by ':1.4' (uid=1000 pid=2508787 comm="/usr/bin/dbus-broker-launch --config-file=/usr/sha")
dbus-daemon[2506741]: [session uid=1000 pid=2506741 pidfd=5] Activated service 'org.freedesktop.systemd1' failed: Process org.freedesktop.systemd1 exited with status 1
{"trial": "k2-b3-011-quiet-A", "outcome": "verified", "poller_first_ok_ns": 228483652595659, "loadavg_before": "16.04 17.15 17.98 13/2679 2574150"}
dbus-daemon[2506741]: [session uid=1000 pid=2506741 pidfd=5] Activating service name='org.freedesktop.systemd1' requested by ':1.4' (uid=1000 pid=2508787 comm="/usr/bin/dbus-broker-launch --config-file=/usr/sha")
dbus-daemon[2506741]: [session uid=1000 pid=2506741 pidfd=5] Activated service 'org.freedesktop.systemd1' failed: Process org.freedesktop.systemd1 exited with status 1
[2m2026-10-02T06:55:00.149427Z[0m [33m WARN[0m [2mcua_driver_sdk::runtime[0m[2m:[0m could not activate the persistent AT-SPI listener: AT-SPI connect failed: ZBus Error: MethodError(OwnedErrorName("org.freedesktop.DBus.Error.NameHasNoOwner"), Some("Could not activate remote peer 'org.a11y.atspi.Registry': unit failed"), Msg { type: Error, serial: 4294967295, sender: UniqueName("org.freedesktop.DBus"), reply-serial: 9, body: Str, fds: [] })
[2m2026-10-02T06:55:00.163849Z[0m [33m WARN[0m [2mplatform_linux::overlay[0m[2m:[0m X11 overlay: root reads cannot see this window's own pixels; save-unders will be served without readback confirmation
dbus-daemon[2506741]: [session uid=1000 pid=2506741 pidfd=5] Activating service name='org.freedesktop.systemd1' requested by ':1.4' (uid=1000 pid=2508787 comm="/usr/bin/dbus-broker-launch --config-file=/usr/sha")
dbus-daemon[2506741]: [session uid=1000 pid=2506741 pidfd=5] Activated service 'org.freedesktop.systemd1' failed: Process org.freedesktop.systemd1 exited with status 1
dbus-daemon[2506741]: [session uid=1000 pid=2506741 pidfd=5] Activating service name='org.freedesktop.systemd1' requested by ':1.4' (uid=1000 pid=2508787 comm="/usr/bin/dbus-broker-launch --config-file=/usr/sha")
dbus-daemon[2506741]: [session uid=1000 pid=2506741 pidfd=5] Activated service 'org.freedesktop.systemd1' failed: Process org.freedesktop.systemd1 exited with status 1
{"trial": "k2-b3-012-quiet-A", "outcome": "verified", "poller_first_ok_ns": 228485193084369, "loadavg_before": "16.04 17.15 17.98 13/2680 2575422"}
dbus-daemon[2506741]: [session uid=1000 pid=2506741 pidfd=5] Activating service name='org.freedesktop.systemd1' requested by ':1.4' (uid=1000 pid=2508787 comm="/usr/bin/dbus-broker-launch --config-file=/usr/sha")
dbus-daemon[2506741]: [session uid=1000 pid=2506741 pidfd=5] Activated service 'org.freedesktop.systemd1' failed: Process org.freedesktop.systemd1 exited with status 1
[2m2026-10-02T06:55:01.717449Z[0m [33m WARN[0m [2mcua_driver_sdk::runtime[0m[2m:[0m could not activate the persistent AT-SPI listener: AT-SPI connect failed: ZBus Error: MethodError(OwnedErrorName("org.freedesktop.DBus.Error.NameHasNoOwner"), Some("Could not activate remote peer 'org.a11y.atspi.Registry': unit failed"), Msg { type: Error, serial: 4294967295, sender: UniqueName("org.freedesktop.DBus"), reply-serial: 9, body: Str, fds: [] })
[2m2026-10-02T06:55:01.736118Z[0m [33m WARN[0m [2mplatform_linux::overlay[0m[2m:[0m X11 overlay: root reads cannot see this window's own pixels; save-unders will be served without readback confirmation
dbus-daemon[2506741]: [session uid=1000 pid=2506741 pidfd=5] Activating service name='org.freedesktop.systemd1' requested by ':1.4' (uid=1000 pid=2508787 comm="/usr/bin/dbus-broker-launch --config-file=/usr/sha")
dbus-daemon[2506741]: [session uid=1000 pid=2506741 pidfd=5] Activated service 'org.freedesktop.systemd1' failed: Process org.freedesktop.systemd1 exited with status 1
dbus-daemon[2506741]: [session uid=1000 pid=2506741 pidfd=5] Activating service name='org.freedesktop.systemd1' requested by ':1.4' (uid=1000 pid=2508787 comm="/usr/bin/dbus-broker-launch --config-file=/usr/sha")
dbus-daemon[2506741]: [session uid=1000 pid=2506741 pidfd=5] Activated service 'org.freedesktop.systemd1' failed: Process org.freedesktop.systemd1 exited with status 1
{"trial": "k2-b3-013-quiet-D", "outcome": "verified", "poller_first_ok_ns": 228486742340287, "loadavg_before": "16.04 17.15 17.98 14/2711 2576787"}
dbus-daemon[2506741]: [session uid=1000 pid=2506741 pidfd=5] Activating service name='org.freedesktop.systemd1' requested by ':1.4' (uid=1000 pid=2508787 comm="/usr/bin/dbus-broker-launch --config-file=/usr/sha")
dbus-daemon[2506741]: [session uid=1000 pid=2506741 pidfd=5] Activated service 'org.freedesktop.systemd1' failed: Process org.freedesktop.systemd1 exited with status 1
[2m2026-10-02T06:55:03.246284Z[0m [33m WARN[0m [2mcua_driver_sdk::runtime[0m[2m:[0m could not activate the persistent AT-SPI listener: AT-SPI connect failed: ZBus Error: MethodError(OwnedErrorName("org.freedesktop.DBus.Error.NameHasNoOwner"), Some("Could not activate remote peer 'org.a11y.atspi.Registry': unit failed"), Msg { type: Error, serial: 4294967295, sender: UniqueName("org.freedesktop.DBus"), reply-serial: 9, body: Str, fds: [] })
[2m2026-10-02T06:55:03.256848Z[0m [33m WARN[0m [2mplatform_linux::overlay[0m[2m:[0m X11 overlay: root reads cannot see this window's own pixels; save-unders will be served without readback confirmation
dbus-daemon[2506741]: [session uid=1000 pid=2506741 pidfd=5] Activating service name='org.freedesktop.systemd1' requested by ':1.4' (uid=1000 pid=2508787 comm="/usr/bin/dbus-broker-launch --config-file=/usr/sha")
dbus-daemon[2506741]: [session uid=1000 pid=2506741 pidfd=5] Activated service 'org.freedesktop.systemd1' failed: Process org.freedesktop.systemd1 exited with status 1
dbus-daemon[2506741]: [session uid=1000 pid=2506741 pidfd=5] Activating service name='org.freedesktop.systemd1' requested by ':1.4' (uid=1000 pid=2508787 comm="/usr/bin/dbus-broker-launch --config-file=/usr/sha")
dbus-daemon[2506741]: [session uid=1000 pid=2506741 pidfd=5] Activated service 'org.freedesktop.systemd1' failed: Process org.freedesktop.systemd1 exited with status 1
{"trial": "k2-b3-014-quiet-D", "outcome": "verified", "poller_first_ok_ns": 228488189785878, "loadavg_before": "16.36 17.20 17.99 17/2702 2578053"}
dbus-daemon[2506741]: [session uid=1000 pid=2506741 pidfd=5] Activating service name='org.freedesktop.systemd1' requested by ':1.4' (uid=1000 pid=2508787 comm="/usr/bin/dbus-broker-launch --config-file=/usr/sha")
dbus-daemon[2506741]: [session uid=1000 pid=2506741 pidfd=5] Activated service 'org.freedesktop.systemd1' failed: Process org.freedesktop.systemd1 exited with status 1
[2m2026-10-02T06:55:04.695193Z[0m [33m WARN[0m [2mcua_driver_sdk::runtime[0m[2m:[0m could not activate the persistent AT-SPI listener: AT-SPI connect failed: ZBus Error: MethodError(OwnedErrorName("org.freedesktop.DBus.Error.NameHasNoOwner"), Some("Could not activate remote peer 'org.a11y.atspi.Registry': unit failed"), Msg { type: Error, serial: 4294967295, sender: UniqueName("org.freedesktop.DBus"), reply-serial: 9, body: Str, fds: [] })
[2m2026-10-02T06:55:04.711316Z[0m [33m WARN[0m [2mplatform_linux::overlay[0m[2m:[0m X11 overlay: root reads cannot see this window's own pixels; save-unders will be served without readback confirmation
dbus-daemon[2506741]: [session uid=1000 pid=2506741 pidfd=5] Activating service name='org.freedesktop.systemd1' requested by ':1.4' (uid=1000 pid=2508787 comm="/usr/bin/dbus-broker-launch --config-file=/usr/sha")
dbus-daemon[2506741]: [session uid=1000 pid=2506741 pidfd=5] Activated service 'org.freedesktop.systemd1' failed: Process org.freedesktop.systemd1 exited with status 1
dbus-daemon[2506741]: [session uid=1000 pid=2506741 pidfd=5] Activating service name='org.freedesktop.systemd1' requested by ':1.4' (uid=1000 pid=2508787 comm="/usr/bin/dbus-broker-launch --config-file=/usr/sha")
dbus-daemon[2506741]: [session uid=1000 pid=2506741 pidfd=5] Activated service 'org.freedesktop.systemd1' failed: Process org.freedesktop.systemd1 exited with status 1
{"trial": "k2-b3-015-quiet-A", "outcome": "verified", "poller_first_ok_ns": 228489703135674, "loadavg_before": "16.36 17.20 17.99 15/2699 2579288"}
dbus-daemon[2506741]: [session uid=1000 pid=2506741 pidfd=5] Activating service name='org.freedesktop.systemd1' requested by ':1.4' (uid=1000 pid=2508787 comm="/usr/bin/dbus-broker-launch --config-file=/usr/sha")
dbus-daemon[2506741]: [session uid=1000 pid=2506741 pidfd=5] Activated service 'org.freedesktop.systemd1' failed: Process org.freedesktop.systemd1 exited with status 1
[2m2026-10-02T06:55:06.202423Z[0m [33m WARN[0m [2mcua_driver_sdk::runtime[0m[2m:[0m could not activate the persistent AT-SPI listener: AT-SPI connect failed: ZBus Error: MethodError(OwnedErrorName("org.freedesktop.DBus.Error.NameHasNoOwner"), Some("Could not activate remote peer 'org.a11y.atspi.Registry': unit failed"), Msg { type: Error, serial: 4294967295, sender: UniqueName("org.freedesktop.DBus"), reply-serial: 9, body: Str, fds: [] })
[2m2026-10-02T06:55:06.222308Z[0m [33m WARN[0m [2mplatform_linux::overlay[0m[2m:[0m X11 overlay: root reads cannot see this window's own pixels; save-unders will be served without readback confirmation
dbus-daemon[2506741]: [session uid=1000 pid=2506741 pidfd=5] Activating service name='org.freedesktop.systemd1' requested by ':1.4' (uid=1000 pid=2508787 comm="/usr/bin/dbus-broker-launch --config-file=/usr/sha")
dbus-daemon[2506741]: [session uid=1000 pid=2506741 pidfd=5] Activated service 'org.freedesktop.systemd1' failed: Process org.freedesktop.systemd1 exited with status 1
dbus-daemon[2506741]: [session uid=1000 pid=2506741 pidfd=5] Activating service name='org.freedesktop.systemd1' requested by ':1.4' (uid=1000 pid=2508787 comm="/usr/bin/dbus-broker-launch --config-file=/usr/sha")
dbus-daemon[2506741]: [session uid=1000 pid=2506741 pidfd=5] Activated service 'org.freedesktop.systemd1' failed: Process org.freedesktop.systemd1 exited with status 1
{"trial": "k2-b3-016-quiet-A", "outcome": "verified", "poller_first_ok_ns": 228491266355167, "loadavg_before": "16.36 17.20 17.99 19/2740 2580623"}
dbus-daemon[2506741]: [session uid=1000 pid=2506741 pidfd=5] Activating service name='org.freedesktop.systemd1' requested by ':1.4' (uid=1000 pid=2508787 comm="/usr/bin/dbus-broker-launch --config-file=/usr/sha")
dbus-daemon[2506741]: [session uid=1000 pid=2506741 pidfd=5] Activated service 'org.freedesktop.systemd1' failed: Process org.freedesktop.systemd1 exited with status 1
[2m2026-10-02T06:55:07.776492Z[0m [33m WARN[0m [2mcua_driver_sdk::runtime[0m[2m:[0m could not activate the persistent AT-SPI listener: AT-SPI connect failed: ZBus Error: MethodError(OwnedErrorName("org.freedesktop.DBus.Error.NameHasNoOwner"), Some("Could not activate remote peer 'org.a11y.atspi.Registry': unit failed"), Msg { type: Error, serial: 4294967295, sender: UniqueName("org.freedesktop.DBus"), reply-serial: 9, body: Str, fds: [] })
[2m2026-10-02T06:55:07.788687Z[0m [33m WARN[0m [2mplatform_linux::overlay[0m[2m:[0m X11 overlay: root reads cannot see this window's own pixels; save-unders will be served without readback confirmation
dbus-daemon[2506741]: [session uid=1000 pid=2506741 pidfd=5] Activating service name='org.freedesktop.systemd1' requested by ':1.4' (uid=1000 pid=2508787 comm="/usr/bin/dbus-broker-launch --config-file=/usr/sha")
dbus-daemon[2506741]: [session uid=1000 pid=2506741 pidfd=5] Activated service 'org.freedesktop.systemd1' failed: Process org.freedesktop.systemd1 exited with status 1
dbus-daemon[2506741]: [session uid=1000 pid=2506741 pidfd=5] Activating service name='org.freedesktop.systemd1' requested by ':1.4' (uid=1000 pid=2508787 comm="/usr/bin/dbus-broker-launch --config-file=/usr/sha")
dbus-daemon[2506741]: [session uid=1000 pid=2506741 pidfd=5] Activated service 'org.freedesktop.systemd1' failed: Process org.freedesktop.systemd1 exited with status 1
{"trial": "k2-b3-017-quiet-D", "outcome": "verified", "poller_first_ok_ns": 228492767265215, "loadavg_before": "17.29 17.38 18.05 15/2727 2581827"}
dbus-daemon[2506741]: [session uid=1000 pid=2506741 pidfd=5] Activating service name='org.freedesktop.systemd1' requested by ':1.4' (uid=1000 pid=2508787 comm="/usr/bin/dbus-broker-launch --config-file=/usr/sha")
dbus-daemon[2506741]: [session uid=1000 pid=2506741 pidfd=5] Activated service 'org.freedesktop.systemd1' failed: Process org.freedesktop.systemd1 exited with status 1
[2m2026-10-02T06:55:09.295284Z[0m [33m WARN[0m [2mcua_driver_sdk::runtime[0m[2m:[0m could not activate the persistent AT-SPI listener: AT-SPI connect failed: ZBus Error: MethodError(OwnedErrorName("org.freedesktop.DBus.Error.NameHasNoOwner"), Some("Could not activate remote peer 'org.a11y.atspi.Registry': unit failed"), Msg { type: Error, serial: 4294967295, sender: UniqueName("org.freedesktop.DBus"), reply-serial: 9, body: Str, fds: [] })
[2m2026-10-02T06:55:09.309314Z[0m [33m WARN[0m [2mplatform_linux::overlay[0m[2m:[0m X11 overlay: root reads cannot see this window's own pixels; save-unders will be served without readback confirmation
dbus-daemon[2506741]: [session uid=1000 pid=2506741 pidfd=5] Activating service name='org.freedesktop.systemd1' requested by ':1.4' (uid=1000 pid=2508787 comm="/usr/bin/dbus-broker-launch --config-file=/usr/sha")
dbus-daemon[2506741]: [session uid=1000 pid=2506741 pidfd=5] Activated service 'org.freedesktop.systemd1' failed: Process org.freedesktop.systemd1 exited with status 1
dbus-daemon[2506741]: [session uid=1000 pid=2506741 pidfd=5] Activating service name='org.freedesktop.systemd1' requested by ':1.4' (uid=1000 pid=2508787 comm="/usr/bin/dbus-broker-launch --config-file=/usr/sha")
dbus-daemon[2506741]: [session uid=1000 pid=2506741 pidfd=5] Activated service 'org.freedesktop.systemd1' failed: Process org.freedesktop.systemd1 exited with status 1
{"trial": "k2-b3-018-quiet-D", "outcome": "verified", "poller_first_ok_ns": 228494454805431, "loadavg_before": "17.29 17.38 18.05 16/2748 2583040"}
dbus-daemon[2506741]: [session uid=1000 pid=2506741 pidfd=5] Activating service name='org.freedesktop.systemd1' requested by ':1.4' (uid=1000 pid=2508787 comm="/usr/bin/dbus-broker-launch --config-file=/usr/sha")
dbus-daemon[2506741]: [session uid=1000 pid=2506741 pidfd=5] Activated service 'org.freedesktop.systemd1' failed: Process org.freedesktop.systemd1 exited with status 1
[2m2026-10-02T06:55:10.952337Z[0m [33m WARN[0m [2mcua_driver_sdk::runtime[0m[2m:[0m could not activate the persistent AT-SPI listener: AT-SPI connect failed: ZBus Error: MethodError(OwnedErrorName("org.freedesktop.DBus.Error.NameHasNoOwner"), Some("Could not activate remote peer 'org.a11y.atspi.Registry': unit failed"), Msg { type: Error, serial: 4294967295, sender: UniqueName("org.freedesktop.DBus"), reply-serial: 9, body: Str, fds: [] })
[2m2026-10-02T06:55:10.973091Z[0m [33m WARN[0m [2mplatform_linux::overlay[0m[2m:[0m X11 overlay: root reads cannot see this window's own pixels; save-unders will be served without readback confirmation
dbus-daemon[2506741]: [session uid=1000 pid=2506741 pidfd=5] Activating service name='org.freedesktop.systemd1' requested by ':1.4' (uid=1000 pid=2508787 comm="/usr/bin/dbus-broker-launch --config-file=/usr/sha")
dbus-daemon[2506741]: [session uid=1000 pid=2506741 pidfd=5] Activated service 'org.freedesktop.systemd1' failed: Process org.freedesktop.systemd1 exited with status 1
dbus-daemon[2506741]: [session uid=1000 pid=2506741 pidfd=5] Activating service name='org.freedesktop.systemd1' requested by ':1.4' (uid=1000 pid=2508787 comm="/usr/bin/dbus-broker-launch --config-file=/usr/sha")
dbus-daemon[2506741]: [session uid=1000 pid=2506741 pidfd=5] Activated service 'org.freedesktop.systemd1' failed: Process org.freedesktop.systemd1 exited with status 1
{"trial": "k2-b3-019-quiet-A", "outcome": "verified", "poller_first_ok_ns": 228495961645186, "loadavg_before": "17.29 17.38 18.05 26/2743 2584292"}
A connection to the bus can't be made
CRITICAL: [dbus_cb_name_lost:1438] Cannot connect to DBus.
X connection to :100 broken (explicit kill or server shutdown).
[session] exit rc=0 run_dir=<tmp>/x11-session.<run>
