[2026-10-03T03:46:34.863Z] chunk r2-10r-a2-S1 mode=exclusive atspi=0 live=0 loadavg=18.49 16.20 15.80
[session] DISPLAY=:100 openbox=3639330 picom=3639331 dbus=unix:path=/tmp/dbus-0ymmBAgw4o,guid=078235effd092580790c968d6ac08004
[r2-10] display=:100 xdg_runtime_private=yes key=absent loadavg=4.74 11.24 14.19 atspi=0
dbus-daemon[3639328]: [session uid=1000 pid=3639328 pidfd=4] Activating service name='org.a11y.Bus' requested by ':1.0' (uid=1000 pid=3639530 comm="<lanes>/bin/cua-driver-r2")
dbus-daemon[3639328]: [session uid=1000 pid=3639328 pidfd=4] Successfully activated service 'org.a11y.Bus'
dbus-daemon[3639328]: [session uid=1000 pid=3639328 pidfd=4] Activating service name='ca.desrt.dconf' requested by ':1.1' (uid=1000 pid=3639553 comm="/usr/lib/at-spi-bus-launcher")
dbus-daemon[3639328]: [session uid=1000 pid=3639328 pidfd=4] Successfully activated service 'ca.desrt.dconf'
dbus-daemon[3639328]: [session uid=1000 pid=3639328 pidfd=4] Activating service name='org.freedesktop.systemd1' requested by ':1.4' (uid=1000 pid=3639571 comm="/usr/bin/dbus-broker-launch --config-file=/usr/sha")
dbus-daemon[3639328]: [session uid=1000 pid=3639328 pidfd=4] Activated service 'org.freedesktop.systemd1' failed: Process org.freedesktop.systemd1 exited with status 1
dbus-daemon[3639328]: [session uid=1000 pid=3639328 pidfd=4] Activating service name='org.gtk.vfs.Daemon' requested by ':1.5' (uid=1000 pid=3639631 comm="/opt/google/chrome/chrome --remote-debugging-port=")
dbus-daemon[3639328]: [session uid=1000 pid=3639328 pidfd=4] Successfully activated service 'org.gtk.vfs.Daemon'
fusermount3: mount failed: Operation not permitted
dbus-daemon[3639328]: [session uid=1000 pid=3639328 pidfd=4] Activating service name='org.freedesktop.systemd1' requested by ':1.4' (uid=1000 pid=3639571 comm="/usr/bin/dbus-broker-launch --config-file=/usr/sha")
dbus-daemon[3639328]: [session uid=1000 pid=3639328 pidfd=4] Activated service 'org.freedesktop.systemd1' failed: Process org.freedesktop.systemd1 exited with status 1
dbus-daemon[3639328]: [session uid=1000 pid=3639328 pidfd=4] Activating service name='org.freedesktop.systemd1' requested by ':1.4' (uid=1000 pid=3639571 comm="/usr/bin/dbus-broker-launch --config-file=/usr/sha")
dbus-daemon[3639328]: [session uid=1000 pid=3639328 pidfd=4] Activated service 'org.freedesktop.systemd1' failed: Process org.freedesktop.systemd1 exited with status 1
dbus-daemon[3639328]: [session uid=1000 pid=3639328 pidfd=4] Activating service name='org.freedesktop.Notifications' requested by ':1.7' (uid=1000 pid=3639631 comm="/opt/google/chrome/chrome --remote-debugging-port=")
dbus-daemon[3639328]: [session uid=1000 pid=3639328 pidfd=4] Activating service name='org.freedesktop.portal.Desktop' requested by ':1.7' (uid=1000 pid=3639631 comm="/opt/google/chrome/chrome --remote-debugging-port=")
dbus-daemon[3639328]: [session uid=1000 pid=3639328 pidfd=4] Successfully activated service 'org.freedesktop.Notifications'
dbus-daemon[3639328]: [session uid=1000 pid=3639328 pidfd=4] Activating service name='org.freedesktop.impl.portal.PermissionStore' requested by ':1.9' (uid=1000 pid=3639861 comm="/usr/lib/xdg-desktop-portal")
dbus-daemon[3639328]: [session uid=1000 pid=3639328 pidfd=4] Successfully activated service 'org.freedesktop.impl.portal.PermissionStore'
dbus-daemon[3639328]: [session uid=1000 pid=3639328 pidfd=4] Activating service name='org.freedesktop.portal.Documents' requested by ':1.9' (uid=1000 pid=3639861 comm="/usr/lib/xdg-desktop-portal")
dbus-daemon[3639328]: [session uid=1000 pid=3639328 pidfd=4] Successfully activated service 'org.freedesktop.portal.Documents'
fusermount3: mount failed: Operation not permitted
error: fuse init failed: Can't mount path <tmp-root>/x11-session.j3CWdr/xdg-runtime/doc


dbus-daemon[3639328]: [session uid=1000 pid=3639328 pidfd=4] Activating service name='org.freedesktop.impl.portal.desktop.gtk' requested by ':1.9' (uid=1000 pid=3639861 comm="/usr/lib/xdg-desktop-portal")
dbus-daemon[3639328]: [session uid=1000 pid=3639328 pidfd=4] Activating service name='org.freedesktop.systemd1' requested by ':1.4' (uid=1000 pid=3639571 comm="/usr/bin/dbus-broker-launch --config-file=/usr/sha")
dbus-daemon[3639328]: [session uid=1000 pid=3639328 pidfd=4] Activated service 'org.freedesktop.systemd1' failed: Process org.freedesktop.systemd1 exited with status 1


dbus-daemon[3639328]: [session uid=1000 pid=3639328 pidfd=4] Successfully activated service 'org.freedesktop.impl.portal.desktop.gtk'
dbus-daemon[3639328]: [session uid=1000 pid=3639328 pidfd=4] Activating service name='org.freedesktop.systemd1' requested by ':1.4' (uid=1000 pid=3639571 comm="/usr/bin/dbus-broker-launch --config-file=/usr/sha")

dbus-daemon[3639328]: [session uid=1000 pid=3639328 pidfd=4] Activated service 'org.freedesktop.systemd1' failed: Process org.freedesktop.systemd1 exited with status 1












dbus-daemon[3639328]: [session uid=1000 pid=3639328 pidfd=4] Successfully activated service 'org.freedesktop.portal.Desktop'
{"trial": "S1-000-fill-BASE-measured-r00", "mode": "step", "outcome": "verified", "oracle_exact_match": true, "completion_mutations": 1, "routes": ["provider", "provider"], "error": null, "la": "4.74", "prov": {"attempts": 0, "reached": 0}}
dbus-daemon[3639328]: [session uid=1000 pid=3639328 pidfd=4] Activating service name='org.freedesktop.systemd1' requested by ':1.4' (uid=1000 pid=3639571 comm="/usr/bin/dbus-broker-launch --config-file=/usr/sha")
dbus-daemon[3639328]: [session uid=1000 pid=3639328 pidfd=4] Activated service 'org.freedesktop.systemd1' failed: Process org.freedesktop.systemd1 exited with status 1
dbus-daemon[3639328]: [session uid=1000 pid=3639328 pidfd=4] Activating service name='org.freedesktop.systemd1' requested by ':1.4' (uid=1000 pid=3639571 comm="/usr/bin/dbus-broker-launch --config-file=/usr/sha")
dbus-daemon[3639328]: [session uid=1000 pid=3639328 pidfd=4] Activated service 'org.freedesktop.systemd1' failed: Process org.freedesktop.systemd1 exited with status 1
dbus-daemon[3639328]: [session uid=1000 pid=3639328 pidfd=4] Activating service name='org.freedesktop.systemd1' requested by ':1.4' (uid=1000 pid=3639571 comm="/usr/bin/dbus-broker-launch --config-file=/usr/sha")
dbus-daemon[3639328]: [session uid=1000 pid=3639328 pidfd=4] Activated service 'org.freedesktop.systemd1' failed: Process org.freedesktop.systemd1 exited with status 1
dbus-daemon[3639328]: [session uid=1000 pid=3639328 pidfd=4] Activating service name='org.freedesktop.systemd1' requested by ':1.4' (uid=1000 pid=3639571 comm="/usr/bin/dbus-broker-launch --config-file=/usr/sha")
dbus-daemon[3639328]: [session uid=1000 pid=3639328 pidfd=4] Activated service 'org.freedesktop.systemd1' failed: Process org.freedesktop.systemd1 exited with status 1
dbus-daemon[3639328]: [session uid=1000 pid=3639328 pidfd=4] Activating service name='org.freedesktop.systemd1' requested by ':1.4' (uid=1000 pid=3639571 comm="/usr/bin/dbus-broker-launch --config-file=/usr/sha")
dbus-daemon[3639328]: [session uid=1000 pid=3639328 pidfd=4] Activated service 'org.freedesktop.systemd1' failed: Process org.freedesktop.systemd1 exited with status 1
dbus-daemon[3639328]: [session uid=1000 pid=3639328 pidfd=4] Activating service name='org.freedesktop.systemd1' requested by ':1.4' (uid=1000 pid=3639571 comm="/usr/bin/dbus-broker-launch --config-file=/usr/sha")
dbus-daemon[3639328]: [session uid=1000 pid=3639328 pidfd=4] Activated service 'org.freedesktop.systemd1' failed: Process org.freedesktop.systemd1 exited with status 1
{"trial": "S1-001-fill-COMP-measured-r00", "mode": "train", "outcome": "verified", "oracle_exact_match": true, "completion_mutations": 1, "routes": ["provider", "guarded-completion"], "error": null, "la": "4.68", "prov": {"attempts": 0, "reached": 0}}
dbus-daemon[3639328]: [session uid=1000 pid=3639328 pidfd=4] Activating service name='org.freedesktop.systemd1' requested by ':1.4' (uid=1000 pid=3639571 comm="/usr/bin/dbus-broker-launch --config-file=/usr/sha")
dbus-daemon[3639328]: [session uid=1000 pid=3639328 pidfd=4] Activated service 'org.freedesktop.systemd1' failed: Process org.freedesktop.systemd1 exited with status 1
dbus-daemon[3639328]: [session uid=1000 pid=3639328 pidfd=4] Activating service name='org.freedesktop.systemd1' requested by ':1.4' (uid=1000 pid=3639571 comm="/usr/bin/dbus-broker-launch --config-file=/usr/sha")
dbus-daemon[3639328]: [session uid=1000 pid=3639328 pidfd=4] Activated service 'org.freedesktop.systemd1' failed: Process org.freedesktop.systemd1 exited with status 1
dbus-daemon[3639328]: [session uid=1000 pid=3639328 pidfd=4] Activating service name='org.freedesktop.systemd1' requested by ':1.4' (uid=1000 pid=3639571 comm="/usr/bin/dbus-broker-launch --config-file=/usr/sha")
dbus-daemon[3639328]: [session uid=1000 pid=3639328 pidfd=4] Activated service 'org.freedesktop.systemd1' failed: Process org.freedesktop.systemd1 exited with status 1
dbus-daemon[3639328]: [session uid=1000 pid=3639328 pidfd=4] Activating service name='org.freedesktop.systemd1' requested by ':1.4' (uid=1000 pid=3639571 comm="/usr/bin/dbus-broker-launch --config-file=/usr/sha")
dbus-daemon[3639328]: [session uid=1000 pid=3639328 pidfd=4] Activated service 'org.freedesktop.systemd1' failed: Process org.freedesktop.systemd1 exited with status 1
dbus-daemon[3639328]: [session uid=1000 pid=3639328 pidfd=4] Activating service name='org.freedesktop.systemd1' requested by ':1.4' (uid=1000 pid=3639571 comm="/usr/bin/dbus-broker-launch --config-file=/usr/sha")
dbus-daemon[3639328]: [session uid=1000 pid=3639328 pidfd=4] Activated service 'org.freedesktop.systemd1' failed: Process org.freedesktop.systemd1 exited with status 1
dbus-daemon[3639328]: [session uid=1000 pid=3639328 pidfd=4] Activating service name='org.freedesktop.systemd1' requested by ':1.4' (uid=1000 pid=3639571 comm="/usr/bin/dbus-broker-launch --config-file=/usr/sha")
dbus-daemon[3639328]: [session uid=1000 pid=3639328 pidfd=4] Activated service 'org.freedesktop.systemd1' failed: Process org.freedesktop.systemd1 exited with status 1
{"trial": "S1-002-fill-COMP_E-measured-r00", "mode": "train", "outcome": "verified", "oracle_exact_match": true, "completion_mutations": 1, "routes": ["provider", "guarded-completion"], "error": null, "la": "4.68", "prov": {"attempts": 0, "reached": 0}}
dbus-daemon[3639328]: [session uid=1000 pid=3639328 pidfd=4] Activating service name='org.freedesktop.systemd1' requested by ':1.4' (uid=1000 pid=3639571 comm="/usr/bin/dbus-broker-launch --config-file=/usr/sha")
dbus-daemon[3639328]: [session uid=1000 pid=3639328 pidfd=4] Activated service 'org.freedesktop.systemd1' failed: Process org.freedesktop.systemd1 exited with status 1
dbus-daemon[3639328]: [session uid=1000 pid=3639328 pidfd=4] Activating service name='org.freedesktop.systemd1' requested by ':1.4' (uid=1000 pid=3639571 comm="/usr/bin/dbus-broker-launch --config-file=/usr/sha")
dbus-daemon[3639328]: [session uid=1000 pid=3639328 pidfd=4] Activated service 'org.freedesktop.systemd1' failed: Process org.freedesktop.systemd1 exited with status 1
dbus-daemon[3639328]: [session uid=1000 pid=3639328 pidfd=4] Activating service name='org.freedesktop.systemd1' requested by ':1.4' (uid=1000 pid=3639571 comm="/usr/bin/dbus-broker-launch --config-file=/usr/sha")
dbus-daemon[3639328]: [session uid=1000 pid=3639328 pidfd=4] Activated service 'org.freedesktop.systemd1' failed: Process org.freedesktop.systemd1 exited with status 1
dbus-daemon[3639328]: [session uid=1000 pid=3639328 pidfd=4] Activating service name='org.freedesktop.systemd1' requested by ':1.4' (uid=1000 pid=3639571 comm="/usr/bin/dbus-broker-launch --config-file=/usr/sha")
dbus-daemon[3639328]: [session uid=1000 pid=3639328 pidfd=4] Activated service 'org.freedesktop.systemd1' failed: Process org.freedesktop.systemd1 exited with status 1
dbus-daemon[3639328]: [session uid=1000 pid=3639328 pidfd=4] Activating service name='org.freedesktop.systemd1' requested by ':1.4' (uid=1000 pid=3639571 comm="/usr/bin/dbus-broker-launch --config-file=/usr/sha")
dbus-daemon[3639328]: [session uid=1000 pid=3639328 pidfd=4] Activated service 'org.freedesktop.systemd1' failed: Process org.freedesktop.systemd1 exited with status 1
dbus-daemon[3639328]: [session uid=1000 pid=3639328 pidfd=4] Activating service name='org.freedesktop.systemd1' requested by ':1.4' (uid=1000 pid=3639571 comm="/usr/bin/dbus-broker-launch --config-file=/usr/sha")
dbus-daemon[3639328]: [session uid=1000 pid=3639328 pidfd=4] Activated service 'org.freedesktop.systemd1' failed: Process org.freedesktop.systemd1 exited with status 1
{"trial": "S1-003-fill-COMP_K-measured-r00", "mode": "train", "outcome": "verified", "oracle_exact_match": true, "completion_mutations": 1, "routes": ["provider", "guarded-completion"], "error": null, "la": "4.68", "prov": {"attempts": 0, "reached": 0}}
dbus-daemon[3639328]: [session uid=1000 pid=3639328 pidfd=4] Activating service name='org.freedesktop.systemd1' requested by ':1.4' (uid=1000 pid=3639571 comm="/usr/bin/dbus-broker-launch --config-file=/usr/sha")
dbus-daemon[3639328]: [session uid=1000 pid=3639328 pidfd=4] Activated service 'org.freedesktop.systemd1' failed: Process org.freedesktop.systemd1 exited with status 1
dbus-daemon[3639328]: [session uid=1000 pid=3639328 pidfd=4] Activating service name='org.freedesktop.systemd1' requested by ':1.4' (uid=1000 pid=3639571 comm="/usr/bin/dbus-broker-launch --config-file=/usr/sha")
dbus-daemon[3639328]: [session uid=1000 pid=3639328 pidfd=4] Activated service 'org.freedesktop.systemd1' failed: Process org.freedesktop.systemd1 exited with status 1
dbus-daemon[3639328]: [session uid=1000 pid=3639328 pidfd=4] Activating service name='org.freedesktop.systemd1' requested by ':1.4' (uid=1000 pid=3639571 comm="/usr/bin/dbus-broker-launch --config-file=/usr/sha")
dbus-daemon[3639328]: [session uid=1000 pid=3639328 pidfd=4] Activated service 'org.freedesktop.systemd1' failed: Process org.freedesktop.systemd1 exited with status 1
{"trial": "S1-004-toggle-BASE-measured-r00", "mode": "step", "outcome": "verified", "oracle_exact_match": true, "completion_mutations": 1, "routes": ["provider", "provider"], "error": null, "la": "4.27", "prov": {"attempts": 0, "reached": 0}}
dbus-daemon[3639328]: [session uid=1000 pid=3639328 pidfd=4] Activating service name='org.freedesktop.systemd1' requested by ':1.4' (uid=1000 pid=3639571 comm="/usr/bin/dbus-broker-launch --config-file=/usr/sha")
dbus-daemon[3639328]: [session uid=1000 pid=3639328 pidfd=4] Activated service 'org.freedesktop.systemd1' failed: Process org.freedesktop.systemd1 exited with status 1
dbus-daemon[3639328]: [session uid=1000 pid=3639328 pidfd=4] Activating service name='org.freedesktop.systemd1' requested by ':1.4' (uid=1000 pid=3639571 comm="/usr/bin/dbus-broker-launch --config-file=/usr/sha")
dbus-daemon[3639328]: [session uid=1000 pid=3639328 pidfd=4] Activated service 'org.freedesktop.systemd1' failed: Process org.freedesktop.systemd1 exited with status 1
dbus-daemon[3639328]: [session uid=1000 pid=3639328 pidfd=4] Activating service name='org.freedesktop.systemd1' requested by ':1.4' (uid=1000 pid=3639571 comm="/usr/bin/dbus-broker-launch --config-file=/usr/sha")
dbus-daemon[3639328]: [session uid=1000 pid=3639328 pidfd=4] Activated service 'org.freedesktop.systemd1' failed: Process org.freedesktop.systemd1 exited with status 1
{"trial": "S1-005-toggle-COMP-measured-r00", "mode": "step", "outcome": "verified", "oracle_exact_match": true, "completion_mutations": 1, "routes": ["provider", "provider"], "error": null, "la": "4.09", "prov": {"attempts": 0, "reached": 0}}
dbus-daemon[3639328]: [session uid=1000 pid=3639328 pidfd=4] Activating service name='org.freedesktop.systemd1' requested by ':1.4' (uid=1000 pid=3639571 comm="/usr/bin/dbus-broker-launch --config-file=/usr/sha")
dbus-daemon[3639328]: [session uid=1000 pid=3639328 pidfd=4] Activated service 'org.freedesktop.systemd1' failed: Process org.freedesktop.systemd1 exited with status 1
dbus-daemon[3639328]: [session uid=1000 pid=3639328 pidfd=4] Activating service name='org.freedesktop.systemd1' requested by ':1.4' (uid=1000 pid=3639571 comm="/usr/bin/dbus-broker-launch --config-file=/usr/sha")
dbus-daemon[3639328]: [session uid=1000 pid=3639328 pidfd=4] Activated service 'org.freedesktop.systemd1' failed: Process org.freedesktop.systemd1 exited with status 1
dbus-daemon[3639328]: [session uid=1000 pid=3639328 pidfd=4] Activating service name='org.freedesktop.systemd1' requested by ':1.4' (uid=1000 pid=3639571 comm="/usr/bin/dbus-broker-launch --config-file=/usr/sha")
dbus-daemon[3639328]: [session uid=1000 pid=3639328 pidfd=4] Activated service 'org.freedesktop.systemd1' failed: Process org.freedesktop.systemd1 exited with status 1
{"trial": "S1-006-toggle-COMP_E-measured-r00", "mode": "step", "outcome": "verified", "oracle_exact_match": true, "completion_mutations": 1, "routes": ["provider", "provider"], "error": null, "la": "4.09", "prov": {"attempts": 0, "reached": 0}}
dbus-daemon[3639328]: [session uid=1000 pid=3639328 pidfd=4] Activating service name='org.freedesktop.systemd1' requested by ':1.4' (uid=1000 pid=3639571 comm="/usr/bin/dbus-broker-launch --config-file=/usr/sha")
dbus-daemon[3639328]: [session uid=1000 pid=3639328 pidfd=4] Activated service 'org.freedesktop.systemd1' failed: Process org.freedesktop.systemd1 exited with status 1
dbus-daemon[3639328]: [session uid=1000 pid=3639328 pidfd=4] Activating service name='org.freedesktop.systemd1' requested by ':1.4' (uid=1000 pid=3639571 comm="/usr/bin/dbus-broker-launch --config-file=/usr/sha")
dbus-daemon[3639328]: [session uid=1000 pid=3639328 pidfd=4] Activated service 'org.freedesktop.systemd1' failed: Process org.freedesktop.systemd1 exited with status 1
dbus-daemon[3639328]: [session uid=1000 pid=3639328 pidfd=4] Activating service name='org.freedesktop.systemd1' requested by ':1.4' (uid=1000 pid=3639571 comm="/usr/bin/dbus-broker-launch --config-file=/usr/sha")
dbus-daemon[3639328]: [session uid=1000 pid=3639328 pidfd=4] Activated service 'org.freedesktop.systemd1' failed: Process org.freedesktop.systemd1 exited with status 1
{"trial": "S1-007-toggle-COMP_K-measured-r00", "mode": "step", "outcome": "verified", "oracle_exact_match": true, "completion_mutations": 1, "routes": ["provider", "provider"], "error": null, "la": "4.09", "prov": {"attempts": 0, "reached": 0}}
dbus-daemon[3639328]: [session uid=1000 pid=3639328 pidfd=4] Activating service name='org.freedesktop.systemd1' requested by ':1.4' (uid=1000 pid=3639571 comm="/usr/bin/dbus-broker-launch --config-file=/usr/sha")
dbus-daemon[3639328]: [session uid=1000 pid=3639328 pidfd=4] Activated service 'org.freedesktop.systemd1' failed: Process org.freedesktop.systemd1 exited with status 1
dbus-daemon[3639328]: [session uid=1000 pid=3639328 pidfd=4] Activating service name='org.freedesktop.systemd1' requested by ':1.4' (uid=1000 pid=3639571 comm="/usr/bin/dbus-broker-launch --config-file=/usr/sha")
dbus-daemon[3639328]: [session uid=1000 pid=3639328 pidfd=4] Activated service 'org.freedesktop.systemd1' failed: Process org.freedesktop.systemd1 exited with status 1
dbus-daemon[3639328]: [session uid=1000 pid=3639328 pidfd=4] Activating service name='org.freedesktop.systemd1' requested by ':1.4' (uid=1000 pid=3639571 comm="/usr/bin/dbus-broker-launch --config-file=/usr/sha")
dbus-daemon[3639328]: [session uid=1000 pid=3639328 pidfd=4] Activated service 'org.freedesktop.systemd1' failed: Process org.freedesktop.systemd1 exited with status 1
{"trial": "S1-008-modal-BASE-measured-r00", "mode": "step", "outcome": "verified", "oracle_exact_match": true, "completion_mutations": 1, "routes": ["provider", "provider"], "error": null, "la": "3.84", "prov": {"attempts": 0, "reached": 0}}
dbus-daemon[3639328]: [session uid=1000 pid=3639328 pidfd=4] Activating service name='org.freedesktop.systemd1' requested by ':1.4' (uid=1000 pid=3639571 comm="/usr/bin/dbus-broker-launch --config-file=/usr/sha")
dbus-daemon[3639328]: [session uid=1000 pid=3639328 pidfd=4] Activated service 'org.freedesktop.systemd1' failed: Process org.freedesktop.systemd1 exited with status 1
dbus-daemon[3639328]: [session uid=1000 pid=3639328 pidfd=4] Activating service name='org.freedesktop.systemd1' requested by ':1.4' (uid=1000 pid=3639571 comm="/usr/bin/dbus-broker-launch --config-file=/usr/sha")
dbus-daemon[3639328]: [session uid=1000 pid=3639328 pidfd=4] Activated service 'org.freedesktop.systemd1' failed: Process org.freedesktop.systemd1 exited with status 1
dbus-daemon[3639328]: [session uid=1000 pid=3639328 pidfd=4] Activating service name='org.freedesktop.systemd1' requested by ':1.4' (uid=1000 pid=3639571 comm="/usr/bin/dbus-broker-launch --config-file=/usr/sha")
dbus-daemon[3639328]: [session uid=1000 pid=3639328 pidfd=4] Activated service 'org.freedesktop.systemd1' failed: Process org.freedesktop.systemd1 exited with status 1
{"trial": "S1-009-modal-COMP-measured-r00", "mode": "step", "outcome": "verified", "oracle_exact_match": true, "completion_mutations": 1, "routes": ["provider", "provider"], "error": null, "la": "3.69", "prov": {"attempts": 0, "reached": 0}}
dbus-daemon[3639328]: [session uid=1000 pid=3639328 pidfd=4] Activating service name='org.freedesktop.systemd1' requested by ':1.4' (uid=1000 pid=3639571 comm="/usr/bin/dbus-broker-launch --config-file=/usr/sha")
dbus-daemon[3639328]: [session uid=1000 pid=3639328 pidfd=4] Activated service 'org.freedesktop.systemd1' failed: Process org.freedesktop.systemd1 exited with status 1
dbus-daemon[3639328]: [session uid=1000 pid=3639328 pidfd=4] Activating service name='org.freedesktop.systemd1' requested by ':1.4' (uid=1000 pid=3639571 comm="/usr/bin/dbus-broker-launch --config-file=/usr/sha")
dbus-daemon[3639328]: [session uid=1000 pid=3639328 pidfd=4] Activated service 'org.freedesktop.systemd1' failed: Process org.freedesktop.systemd1 exited with status 1
dbus-daemon[3639328]: [session uid=1000 pid=3639328 pidfd=4] Activating service name='org.freedesktop.systemd1' requested by ':1.4' (uid=1000 pid=3639571 comm="/usr/bin/dbus-broker-launch --config-file=/usr/sha")
dbus-daemon[3639328]: [session uid=1000 pid=3639328 pidfd=4] Activated service 'org.freedesktop.systemd1' failed: Process org.freedesktop.systemd1 exited with status 1
{"trial": "S1-010-modal-COMP_E-measured-r00", "mode": "step", "outcome": "verified", "oracle_exact_match": true, "completion_mutations": 1, "routes": ["provider", "provider"], "error": null, "la": "3.69", "prov": {"attempts": 0, "reached": 0}}
dbus-daemon[3639328]: [session uid=1000 pid=3639328 pidfd=4] Activating service name='org.freedesktop.systemd1' requested by ':1.4' (uid=1000 pid=3639571 comm="/usr/bin/dbus-broker-launch --config-file=/usr/sha")
dbus-daemon[3639328]: [session uid=1000 pid=3639328 pidfd=4] Activated service 'org.freedesktop.systemd1' failed: Process org.freedesktop.systemd1 exited with status 1
dbus-daemon[3639328]: [session uid=1000 pid=3639328 pidfd=4] Activating service name='org.freedesktop.systemd1' requested by ':1.4' (uid=1000 pid=3639571 comm="/usr/bin/dbus-broker-launch --config-file=/usr/sha")
dbus-daemon[3639328]: [session uid=1000 pid=3639328 pidfd=4] Activated service 'org.freedesktop.systemd1' failed: Process org.freedesktop.systemd1 exited with status 1
dbus-daemon[3639328]: [session uid=1000 pid=3639328 pidfd=4] Activating service name='org.freedesktop.systemd1' requested by ':1.4' (uid=1000 pid=3639571 comm="/usr/bin/dbus-broker-launch --config-file=/usr/sha")
dbus-daemon[3639328]: [session uid=1000 pid=3639328 pidfd=4] Activated service 'org.freedesktop.systemd1' failed: Process org.freedesktop.systemd1 exited with status 1
{"trial": "S1-011-modal-COMP_K-measured-r00", "mode": "step", "outcome": "verified", "oracle_exact_match": true, "completion_mutations": 1, "routes": ["provider", "provider"], "error": null, "la": "3.69", "prov": {"attempts": 0, "reached": 0}}
dbus-daemon[3639328]: [session uid=1000 pid=3639328 pidfd=4] Activating service name='org.freedesktop.systemd1' requested by ':1.4' (uid=1000 pid=3639571 comm="/usr/bin/dbus-broker-launch --config-file=/usr/sha")
dbus-daemon[3639328]: [session uid=1000 pid=3639328 pidfd=4] Activated service 'org.freedesktop.systemd1' failed: Process org.freedesktop.systemd1 exited with status 1
dbus-daemon[3639328]: [session uid=1000 pid=3639328 pidfd=4] Activating service name='org.freedesktop.systemd1' requested by ':1.4' (uid=1000 pid=3639571 comm="/usr/bin/dbus-broker-launch --config-file=/usr/sha")
dbus-daemon[3639328]: [session uid=1000 pid=3639328 pidfd=4] Activated service 'org.freedesktop.systemd1' failed: Process org.freedesktop.systemd1 exited with status 1
dbus-daemon[3639328]: [session uid=1000 pid=3639328 pidfd=4] Activating service name='org.freedesktop.systemd1' requested by ':1.4' (uid=1000 pid=3639571 comm="/usr/bin/dbus-broker-launch --config-file=/usr/sha")
dbus-daemon[3639328]: [session uid=1000 pid=3639328 pidfd=4] Activated service 'org.freedesktop.systemd1' failed: Process org.freedesktop.systemd1 exited with status 1
{"trial": "S1-012-toggle-COMP-measured-r01", "mode": "step", "outcome": "verified", "oracle_exact_match": true, "completion_mutations": 1, "routes": ["provider", "provider"], "error": null, "la": "3.64", "prov": {"attempts": 0, "reached": 0}}
dbus-daemon[3639328]: [session uid=1000 pid=3639328 pidfd=4] Activating service name='org.freedesktop.systemd1' requested by ':1.4' (uid=1000 pid=3639571 comm="/usr/bin/dbus-broker-launch --config-file=/usr/sha")
dbus-daemon[3639328]: [session uid=1000 pid=3639328 pidfd=4] Activated service 'org.freedesktop.systemd1' failed: Process org.freedesktop.systemd1 exited with status 1
dbus-daemon[3639328]: [session uid=1000 pid=3639328 pidfd=4] Activating service name='org.freedesktop.systemd1' requested by ':1.4' (uid=1000 pid=3639571 comm="/usr/bin/dbus-broker-launch --config-file=/usr/sha")
dbus-daemon[3639328]: [session uid=1000 pid=3639328 pidfd=4] Activated service 'org.freedesktop.systemd1' failed: Process org.freedesktop.systemd1 exited with status 1
dbus-daemon[3639328]: [session uid=1000 pid=3639328 pidfd=4] Activating service name='org.freedesktop.systemd1' requested by ':1.4' (uid=1000 pid=3639571 comm="/usr/bin/dbus-broker-launch --config-file=/usr/sha")
dbus-daemon[3639328]: [session uid=1000 pid=3639328 pidfd=4] Activated service 'org.freedesktop.systemd1' failed: Process org.freedesktop.systemd1 exited with status 1
{"trial": "S1-013-toggle-COMP_K-measured-r01", "mode": "step", "outcome": "verified", "oracle_exact_match": true, "completion_mutations": 1, "routes": ["provider", "provider"], "error": null, "la": "3.64", "prov": {"attempts": 0, "reached": 0}}
dbus-daemon[3639328]: [session uid=1000 pid=3639328 pidfd=4] Activating service name='org.freedesktop.systemd1' requested by ':1.4' (uid=1000 pid=3639571 comm="/usr/bin/dbus-broker-launch --config-file=/usr/sha")
dbus-daemon[3639328]: [session uid=1000 pid=3639328 pidfd=4] Activated service 'org.freedesktop.systemd1' failed: Process org.freedesktop.systemd1 exited with status 1
dbus-daemon[3639328]: [session uid=1000 pid=3639328 pidfd=4] Activating service name='org.freedesktop.systemd1' requested by ':1.4' (uid=1000 pid=3639571 comm="/usr/bin/dbus-broker-launch --config-file=/usr/sha")
dbus-daemon[3639328]: [session uid=1000 pid=3639328 pidfd=4] Activated service 'org.freedesktop.systemd1' failed: Process org.freedesktop.systemd1 exited with status 1
dbus-daemon[3639328]: [session uid=1000 pid=3639328 pidfd=4] Activating service name='org.freedesktop.systemd1' requested by ':1.4' (uid=1000 pid=3639571 comm="/usr/bin/dbus-broker-launch --config-file=/usr/sha")
dbus-daemon[3639328]: [session uid=1000 pid=3639328 pidfd=4] Activated service 'org.freedesktop.systemd1' failed: Process org.freedesktop.systemd1 exited with status 1
{"trial": "S1-014-toggle-BASE-measured-r01", "mode": "step", "outcome": "verified", "oracle_exact_match": true, "completion_mutations": 1, "routes": ["provider", "provider"], "error": null, "la": "3.50", "prov": {"attempts": 0, "reached": 0}}
dbus-daemon[3639328]: [session uid=1000 pid=3639328 pidfd=4] Activating service name='org.freedesktop.systemd1' requested by ':1.4' (uid=1000 pid=3639571 comm="/usr/bin/dbus-broker-launch --config-file=/usr/sha")
dbus-daemon[3639328]: [session uid=1000 pid=3639328 pidfd=4] Activated service 'org.freedesktop.systemd1' failed: Process org.freedesktop.systemd1 exited with status 1
dbus-daemon[3639328]: [session uid=1000 pid=3639328 pidfd=4] Activating service name='org.freedesktop.systemd1' requested by ':1.4' (uid=1000 pid=3639571 comm="/usr/bin/dbus-broker-launch --config-file=/usr/sha")
dbus-daemon[3639328]: [session uid=1000 pid=3639328 pidfd=4] Activated service 'org.freedesktop.systemd1' failed: Process org.freedesktop.systemd1 exited with status 1
dbus-daemon[3639328]: [session uid=1000 pid=3639328 pidfd=4] Activating service name='org.freedesktop.systemd1' requested by ':1.4' (uid=1000 pid=3639571 comm="/usr/bin/dbus-broker-launch --config-file=/usr/sha")
dbus-daemon[3639328]: [session uid=1000 pid=3639328 pidfd=4] Activated service 'org.freedesktop.systemd1' failed: Process org.freedesktop.systemd1 exited with status 1
{"trial": "S1-015-toggle-COMP_E-measured-r01", "mode": "step", "outcome": "verified", "oracle_exact_match": true, "completion_mutations": 1, "routes": ["provider", "provider"], "error": null, "la": "3.50", "prov": {"attempts": 0, "reached": 0}}
dbus-daemon[3639328]: [session uid=1000 pid=3639328 pidfd=4] Activating service name='org.freedesktop.systemd1' requested by ':1.4' (uid=1000 pid=3639571 comm="/usr/bin/dbus-broker-launch --config-file=/usr/sha")
dbus-daemon[3639328]: [session uid=1000 pid=3639328 pidfd=4] Activated service 'org.freedesktop.systemd1' failed: Process org.freedesktop.systemd1 exited with status 1
dbus-daemon[3639328]: [session uid=1000 pid=3639328 pidfd=4] Activating service name='org.freedesktop.systemd1' requested by ':1.4' (uid=1000 pid=3639571 comm="/usr/bin/dbus-broker-launch --config-file=/usr/sha")
dbus-daemon[3639328]: [session uid=1000 pid=3639328 pidfd=4] Activated service 'org.freedesktop.systemd1' failed: Process org.freedesktop.systemd1 exited with status 1
dbus-daemon[3639328]: [session uid=1000 pid=3639328 pidfd=4] Activating service name='org.freedesktop.systemd1' requested by ':1.4' (uid=1000 pid=3639571 comm="/usr/bin/dbus-broker-launch --config-file=/usr/sha")
dbus-daemon[3639328]: [session uid=1000 pid=3639328 pidfd=4] Activated service 'org.freedesktop.systemd1' failed: Process org.freedesktop.systemd1 exited with status 1
{"trial": "S1-016-modal-COMP-measured-r01", "mode": "step", "outcome": "verified", "oracle_exact_match": true, "completion_mutations": 1, "routes": ["provider", "provider"], "error": null, "la": "3.50", "prov": {"attempts": 0, "reached": 0}}
dbus-daemon[3639328]: [session uid=1000 pid=3639328 pidfd=4] Activating service name='org.freedesktop.systemd1' requested by ':1.4' (uid=1000 pid=3639571 comm="/usr/bin/dbus-broker-launch --config-file=/usr/sha")
dbus-daemon[3639328]: [session uid=1000 pid=3639328 pidfd=4] Activated service 'org.freedesktop.systemd1' failed: Process org.freedesktop.systemd1 exited with status 1
dbus-daemon[3639328]: [session uid=1000 pid=3639328 pidfd=4] Activating service name='org.freedesktop.systemd1' requested by ':1.4' (uid=1000 pid=3639571 comm="/usr/bin/dbus-broker-launch --config-file=/usr/sha")
dbus-daemon[3639328]: [session uid=1000 pid=3639328 pidfd=4] Activated service 'org.freedesktop.systemd1' failed: Process org.freedesktop.systemd1 exited with status 1
dbus-daemon[3639328]: [session uid=1000 pid=3639328 pidfd=4] Activating service name='org.freedesktop.systemd1' requested by ':1.4' (uid=1000 pid=3639571 comm="/usr/bin/dbus-broker-launch --config-file=/usr/sha")
dbus-daemon[3639328]: [session uid=1000 pid=3639328 pidfd=4] Activated service 'org.freedesktop.systemd1' failed: Process org.freedesktop.systemd1 exited with status 1
{"trial": "S1-017-modal-COMP_K-measured-r01", "mode": "step", "outcome": "verified", "oracle_exact_match": true, "completion_mutations": 1, "routes": ["provider", "provider"], "error": null, "la": "3.79", "prov": {"attempts": 0, "reached": 0}}
dbus-daemon[3639328]: [session uid=1000 pid=3639328 pidfd=4] Activating service name='org.freedesktop.systemd1' requested by ':1.4' (uid=1000 pid=3639571 comm="/usr/bin/dbus-broker-launch --config-file=/usr/sha")
dbus-daemon[3639328]: [session uid=1000 pid=3639328 pidfd=4] Activated service 'org.freedesktop.systemd1' failed: Process org.freedesktop.systemd1 exited with status 1
dbus-daemon[3639328]: [session uid=1000 pid=3639328 pidfd=4] Activating service name='org.freedesktop.systemd1' requested by ':1.4' (uid=1000 pid=3639571 comm="/usr/bin/dbus-broker-launch --config-file=/usr/sha")
dbus-daemon[3639328]: [session uid=1000 pid=3639328 pidfd=4] Activated service 'org.freedesktop.systemd1' failed: Process org.freedesktop.systemd1 exited with status 1
dbus-daemon[3639328]: [session uid=1000 pid=3639328 pidfd=4] Activating service name='org.freedesktop.systemd1' requested by ':1.4' (uid=1000 pid=3639571 comm="/usr/bin/dbus-broker-launch --config-file=/usr/sha")
dbus-daemon[3639328]: [session uid=1000 pid=3639328 pidfd=4] Activated service 'org.freedesktop.systemd1' failed: Process org.freedesktop.systemd1 exited with status 1
{"trial": "S1-018-modal-BASE-measured-r01", "mode": "step", "outcome": "verified", "oracle_exact_match": true, "completion_mutations": 1, "routes": ["provider", "provider"], "error": null, "la": "3.79", "prov": {"attempts": 0, "reached": 0}}
dbus-daemon[3639328]: [session uid=1000 pid=3639328 pidfd=4] Activating service name='org.freedesktop.systemd1' requested by ':1.4' (uid=1000 pid=3639571 comm="/usr/bin/dbus-broker-launch --config-file=/usr/sha")
dbus-daemon[3639328]: [session uid=1000 pid=3639328 pidfd=4] Activated service 'org.freedesktop.systemd1' failed: Process org.freedesktop.systemd1 exited with status 1
dbus-daemon[3639328]: [session uid=1000 pid=3639328 pidfd=4] Activating service name='org.freedesktop.systemd1' requested by ':1.4' (uid=1000 pid=3639571 comm="/usr/bin/dbus-broker-launch --config-file=/usr/sha")
dbus-daemon[3639328]: [session uid=1000 pid=3639328 pidfd=4] Activated service 'org.freedesktop.systemd1' failed: Process org.freedesktop.systemd1 exited with status 1
dbus-daemon[3639328]: [session uid=1000 pid=3639328 pidfd=4] Activating service name='org.freedesktop.systemd1' requested by ':1.4' (uid=1000 pid=3639571 comm="/usr/bin/dbus-broker-launch --config-file=/usr/sha")
dbus-daemon[3639328]: [session uid=1000 pid=3639328 pidfd=4] Activated service 'org.freedesktop.systemd1' failed: Process org.freedesktop.systemd1 exited with status 1
{"trial": "S1-019-modal-COMP_E-measured-r01", "mode": "step", "outcome": "verified", "oracle_exact_match": true, "completion_mutations": 1, "routes": ["provider", "provider"], "error": null, "la": "5.08", "prov": {"attempts": 0, "reached": 0}}
dbus-daemon[3639328]: [session uid=1000 pid=3639328 pidfd=4] Activating service name='org.freedesktop.systemd1' requested by ':1.4' (uid=1000 pid=3639571 comm="/usr/bin/dbus-broker-launch --config-file=/usr/sha")
dbus-daemon[3639328]: [session uid=1000 pid=3639328 pidfd=4] Activated service 'org.freedesktop.systemd1' failed: Process org.freedesktop.systemd1 exited with status 1
dbus-daemon[3639328]: [session uid=1000 pid=3639328 pidfd=4] Activating service name='org.freedesktop.systemd1' requested by ':1.4' (uid=1000 pid=3639571 comm="/usr/bin/dbus-broker-launch --config-file=/usr/sha")
dbus-daemon[3639328]: [session uid=1000 pid=3639328 pidfd=4] Activated service 'org.freedesktop.systemd1' failed: Process org.freedesktop.systemd1 exited with status 1
dbus-daemon[3639328]: [session uid=1000 pid=3639328 pidfd=4] Activating service name='org.freedesktop.systemd1' requested by ':1.4' (uid=1000 pid=3639571 comm="/usr/bin/dbus-broker-launch --config-file=/usr/sha")
dbus-daemon[3639328]: [session uid=1000 pid=3639328 pidfd=4] Activated service 'org.freedesktop.systemd1' failed: Process org.freedesktop.systemd1 exited with status 1
{"trial": "S1-020-fill-COMP-measured-r01", "mode": "replay", "outcome": "verified", "oracle_exact_match": true, "completion_mutations": 1, "routes": ["compiled"], "error": null, "la": "5.08", "prov": {"attempts": 0, "reached": 0}}
dbus-daemon[3639328]: [session uid=1000 pid=3639328 pidfd=4] Activating service name='org.freedesktop.systemd1' requested by ':1.4' (uid=1000 pid=3639571 comm="/usr/bin/dbus-broker-launch --config-file=/usr/sha")
dbus-daemon[3639328]: [session uid=1000 pid=3639328 pidfd=4] Activated service 'org.freedesktop.systemd1' failed: Process org.freedesktop.systemd1 exited with status 1
dbus-daemon[3639328]: [session uid=1000 pid=3639328 pidfd=4] Activating service name='org.freedesktop.systemd1' requested by ':1.4' (uid=1000 pid=3639571 comm="/usr/bin/dbus-broker-launch --config-file=/usr/sha")
dbus-daemon[3639328]: [session uid=1000 pid=3639328 pidfd=4] Activated service 'org.freedesktop.systemd1' failed: Process org.freedesktop.systemd1 exited with status 1
dbus-daemon[3639328]: [session uid=1000 pid=3639328 pidfd=4] Activating service name='org.freedesktop.systemd1' requested by ':1.4' (uid=1000 pid=3639571 comm="/usr/bin/dbus-broker-launch --config-file=/usr/sha")
dbus-daemon[3639328]: [session uid=1000 pid=3639328 pidfd=4] Activated service 'org.freedesktop.systemd1' failed: Process org.freedesktop.systemd1 exited with status 1
{"trial": "S1-021-fill-COMP_K-measured-r01", "mode": "replay", "outcome": "verified", "oracle_exact_match": true, "completion_mutations": 1, "routes": ["compiled"], "error": null, "la": "5.08", "prov": {"attempts": 0, "reached": 0}}
dbus-daemon[3639328]: [session uid=1000 pid=3639328 pidfd=4] Activating service name='org.freedesktop.systemd1' requested by ':1.4' (uid=1000 pid=3639571 comm="/usr/bin/dbus-broker-launch --config-file=/usr/sha")
dbus-daemon[3639328]: [session uid=1000 pid=3639328 pidfd=4] Activated service 'org.freedesktop.systemd1' failed: Process org.freedesktop.systemd1 exited with status 1
dbus-daemon[3639328]: [session uid=1000 pid=3639328 pidfd=4] Activating service name='org.freedesktop.systemd1' requested by ':1.4' (uid=1000 pid=3639571 comm="/usr/bin/dbus-broker-launch --config-file=/usr/sha")
dbus-daemon[3639328]: [session uid=1000 pid=3639328 pidfd=4] Activated service 'org.freedesktop.systemd1' failed: Process org.freedesktop.systemd1 exited with status 1
dbus-daemon[3639328]: [session uid=1000 pid=3639328 pidfd=4] Activating service name='org.freedesktop.systemd1' requested by ':1.4' (uid=1000 pid=3639571 comm="/usr/bin/dbus-broker-launch --config-file=/usr/sha")
dbus-daemon[3639328]: [session uid=1000 pid=3639328 pidfd=4] Activated service 'org.freedesktop.systemd1' failed: Process org.freedesktop.systemd1 exited with status 1
{"trial": "S1-022-fill-BASE-measured-r01", "mode": "step", "outcome": "verified", "oracle_exact_match": true, "completion_mutations": 1, "routes": ["provider", "provider"], "error": null, "la": "5.08", "prov": {"attempts": 0, "reached": 0}}
dbus-daemon[3639328]: [session uid=1000 pid=3639328 pidfd=4] Activating service name='org.freedesktop.systemd1' requested by ':1.4' (uid=1000 pid=3639571 comm="/usr/bin/dbus-broker-launch --config-file=/usr/sha")
dbus-daemon[3639328]: [session uid=1000 pid=3639328 pidfd=4] Activated service 'org.freedesktop.systemd1' failed: Process org.freedesktop.systemd1 exited with status 1
dbus-daemon[3639328]: [session uid=1000 pid=3639328 pidfd=4] Activating service name='org.freedesktop.systemd1' requested by ':1.4' (uid=1000 pid=3639571 comm="/usr/bin/dbus-broker-launch --config-file=/usr/sha")
dbus-daemon[3639328]: [session uid=1000 pid=3639328 pidfd=4] Activated service 'org.freedesktop.systemd1' failed: Process org.freedesktop.systemd1 exited with status 1
dbus-daemon[3639328]: [session uid=1000 pid=3639328 pidfd=4] Activating service name='org.freedesktop.systemd1' requested by ':1.4' (uid=1000 pid=3639571 comm="/usr/bin/dbus-broker-launch --config-file=/usr/sha")
dbus-daemon[3639328]: [session uid=1000 pid=3639328 pidfd=4] Activated service 'org.freedesktop.systemd1' failed: Process org.freedesktop.systemd1 exited with status 1
{"trial": "S1-023-fill-COMP_E-measured-r01", "mode": "replay", "outcome": "verified", "oracle_exact_match": true, "completion_mutations": 1, "routes": ["compiled"], "error": null, "la": "4.83", "prov": {"attempts": 0, "reached": 0}}
dbus-daemon[3639328]: [session uid=1000 pid=3639328 pidfd=4] Activating service name='org.freedesktop.systemd1' requested by ':1.4' (uid=1000 pid=3639571 comm="/usr/bin/dbus-broker-launch --config-file=/usr/sha")
dbus-daemon[3639328]: [session uid=1000 pid=3639328 pidfd=4] Activated service 'org.freedesktop.systemd1' failed: Process org.freedesktop.systemd1 exited with status 1
dbus-daemon[3639328]: [session uid=1000 pid=3639328 pidfd=4] Activating service name='org.freedesktop.systemd1' requested by ':1.4' (uid=1000 pid=3639571 comm="/usr/bin/dbus-broker-launch --config-file=/usr/sha")
dbus-daemon[3639328]: [session uid=1000 pid=3639328 pidfd=4] Activated service 'org.freedesktop.systemd1' failed: Process org.freedesktop.systemd1 exited with status 1
dbus-daemon[3639328]: [session uid=1000 pid=3639328 pidfd=4] Activating service name='org.freedesktop.systemd1' requested by ':1.4' (uid=1000 pid=3639571 comm="/usr/bin/dbus-broker-launch --config-file=/usr/sha")
dbus-daemon[3639328]: [session uid=1000 pid=3639328 pidfd=4] Activated service 'org.freedesktop.systemd1' failed: Process org.freedesktop.systemd1 exited with status 1
{"trial": "S1-024-modal-COMP_K-measured-r02", "mode": "step", "outcome": "verified", "oracle_exact_match": true, "completion_mutations": 1, "routes": ["provider", "provider"], "error": null, "la": "4.83", "prov": {"attempts": 0, "reached": 0}}
dbus-daemon[3639328]: [session uid=1000 pid=3639328 pidfd=4] Activating service name='org.freedesktop.systemd1' requested by ':1.4' (uid=1000 pid=3639571 comm="/usr/bin/dbus-broker-launch --config-file=/usr/sha")
dbus-daemon[3639328]: [session uid=1000 pid=3639328 pidfd=4] Activated service 'org.freedesktop.systemd1' failed: Process org.freedesktop.systemd1 exited with status 1
dbus-daemon[3639328]: [session uid=1000 pid=3639328 pidfd=4] Activating service name='org.freedesktop.systemd1' requested by ':1.4' (uid=1000 pid=3639571 comm="/usr/bin/dbus-broker-launch --config-file=/usr/sha")
dbus-daemon[3639328]: [session uid=1000 pid=3639328 pidfd=4] Activated service 'org.freedesktop.systemd1' failed: Process org.freedesktop.systemd1 exited with status 1
dbus-daemon[3639328]: [session uid=1000 pid=3639328 pidfd=4] Activating service name='org.freedesktop.systemd1' requested by ':1.4' (uid=1000 pid=3639571 comm="/usr/bin/dbus-broker-launch --config-file=/usr/sha")
dbus-daemon[3639328]: [session uid=1000 pid=3639328 pidfd=4] Activated service 'org.freedesktop.systemd1' failed: Process org.freedesktop.systemd1 exited with status 1
{"trial": "S1-025-modal-COMP_E-measured-r02", "mode": "step", "outcome": "verified", "oracle_exact_match": true, "completion_mutations": 1, "routes": ["provider", "provider"], "error": null, "la": "4.68", "prov": {"attempts": 0, "reached": 0}}
dbus-daemon[3639328]: [session uid=1000 pid=3639328 pidfd=4] Activating service name='org.freedesktop.systemd1' requested by ':1.4' (uid=1000 pid=3639571 comm="/usr/bin/dbus-broker-launch --config-file=/usr/sha")
dbus-daemon[3639328]: [session uid=1000 pid=3639328 pidfd=4] Activated service 'org.freedesktop.systemd1' failed: Process org.freedesktop.systemd1 exited with status 1
dbus-daemon[3639328]: [session uid=1000 pid=3639328 pidfd=4] Activating service name='org.freedesktop.systemd1' requested by ':1.4' (uid=1000 pid=3639571 comm="/usr/bin/dbus-broker-launch --config-file=/usr/sha")
dbus-daemon[3639328]: [session uid=1000 pid=3639328 pidfd=4] Activated service 'org.freedesktop.systemd1' failed: Process org.freedesktop.systemd1 exited with status 1
dbus-daemon[3639328]: [session uid=1000 pid=3639328 pidfd=4] Activating service name='org.freedesktop.systemd1' requested by ':1.4' (uid=1000 pid=3639571 comm="/usr/bin/dbus-broker-launch --config-file=/usr/sha")
dbus-daemon[3639328]: [session uid=1000 pid=3639328 pidfd=4] Activated service 'org.freedesktop.systemd1' failed: Process org.freedesktop.systemd1 exited with status 1
{"trial": "S1-026-modal-COMP-measured-r02", "mode": "step", "outcome": "verified", "oracle_exact_match": true, "completion_mutations": 1, "routes": ["provider", "provider"], "error": null, "la": "4.68", "prov": {"attempts": 0, "reached": 0}}
dbus-daemon[3639328]: [session uid=1000 pid=3639328 pidfd=4] Activating service name='org.freedesktop.systemd1' requested by ':1.4' (uid=1000 pid=3639571 comm="/usr/bin/dbus-broker-launch --config-file=/usr/sha")
dbus-daemon[3639328]: [session uid=1000 pid=3639328 pidfd=4] Activated service 'org.freedesktop.systemd1' failed: Process org.freedesktop.systemd1 exited with status 1
dbus-daemon[3639328]: [session uid=1000 pid=3639328 pidfd=4] Activating service name='org.freedesktop.systemd1' requested by ':1.4' (uid=1000 pid=3639571 comm="/usr/bin/dbus-broker-launch --config-file=/usr/sha")
dbus-daemon[3639328]: [session uid=1000 pid=3639328 pidfd=4] Activated service 'org.freedesktop.systemd1' failed: Process org.freedesktop.systemd1 exited with status 1
dbus-daemon[3639328]: [session uid=1000 pid=3639328 pidfd=4] Activating service name='org.freedesktop.systemd1' requested by ':1.4' (uid=1000 pid=3639571 comm="/usr/bin/dbus-broker-launch --config-file=/usr/sha")
dbus-daemon[3639328]: [session uid=1000 pid=3639328 pidfd=4] Activated service 'org.freedesktop.systemd1' failed: Process org.freedesktop.systemd1 exited with status 1
{"trial": "S1-027-modal-BASE-measured-r02", "mode": "step", "outcome": "verified", "oracle_exact_match": true, "completion_mutations": 1, "routes": ["provider", "provider"], "error": null, "la": "4.68", "prov": {"attempts": 0, "reached": 0}}
dbus-daemon[3639328]: [session uid=1000 pid=3639328 pidfd=4] Activating service name='org.freedesktop.systemd1' requested by ':1.4' (uid=1000 pid=3639571 comm="/usr/bin/dbus-broker-launch --config-file=/usr/sha")
dbus-daemon[3639328]: [session uid=1000 pid=3639328 pidfd=4] Activated service 'org.freedesktop.systemd1' failed: Process org.freedesktop.systemd1 exited with status 1
dbus-daemon[3639328]: [session uid=1000 pid=3639328 pidfd=4] Activating service name='org.freedesktop.systemd1' requested by ':1.4' (uid=1000 pid=3639571 comm="/usr/bin/dbus-broker-launch --config-file=/usr/sha")
dbus-daemon[3639328]: [session uid=1000 pid=3639328 pidfd=4] Activated service 'org.freedesktop.systemd1' failed: Process org.freedesktop.systemd1 exited with status 1
dbus-daemon[3639328]: [session uid=1000 pid=3639328 pidfd=4] Activating service name='org.freedesktop.systemd1' requested by ':1.4' (uid=1000 pid=3639571 comm="/usr/bin/dbus-broker-launch --config-file=/usr/sha")
dbus-daemon[3639328]: [session uid=1000 pid=3639328 pidfd=4] Activated service 'org.freedesktop.systemd1' failed: Process org.freedesktop.systemd1 exited with status 1
{"trial": "S1-028-fill-COMP_K-measured-r02", "mode": "replay", "outcome": "verified", "oracle_exact_match": true, "completion_mutations": 1, "routes": ["compiled"], "error": null, "la": "4.47", "prov": {"attempts": 0, "reached": 0}}
dbus-daemon[3639328]: [session uid=1000 pid=3639328 pidfd=4] Activating service name='org.freedesktop.systemd1' requested by ':1.4' (uid=1000 pid=3639571 comm="/usr/bin/dbus-broker-launch --config-file=/usr/sha")
dbus-daemon[3639328]: [session uid=1000 pid=3639328 pidfd=4] Activated service 'org.freedesktop.systemd1' failed: Process org.freedesktop.systemd1 exited with status 1
dbus-daemon[3639328]: [session uid=1000 pid=3639328 pidfd=4] Activating service name='org.freedesktop.systemd1' requested by ':1.4' (uid=1000 pid=3639571 comm="/usr/bin/dbus-broker-launch --config-file=/usr/sha")
dbus-daemon[3639328]: [session uid=1000 pid=3639328 pidfd=4] Activated service 'org.freedesktop.systemd1' failed: Process org.freedesktop.systemd1 exited with status 1
dbus-daemon[3639328]: [session uid=1000 pid=3639328 pidfd=4] Activating service name='org.freedesktop.systemd1' requested by ':1.4' (uid=1000 pid=3639571 comm="/usr/bin/dbus-broker-launch --config-file=/usr/sha")
dbus-daemon[3639328]: [session uid=1000 pid=3639328 pidfd=4] Activated service 'org.freedesktop.systemd1' failed: Process org.freedesktop.systemd1 exited with status 1
{"trial": "S1-029-fill-COMP_E-measured-r02", "mode": "replay", "outcome": "verified", "oracle_exact_match": true, "completion_mutations": 1, "routes": ["compiled"], "error": null, "la": "4.35", "prov": {"attempts": 0, "reached": 0}}
dbus-daemon[3639328]: [session uid=1000 pid=3639328 pidfd=4] Activating service name='org.freedesktop.systemd1' requested by ':1.4' (uid=1000 pid=3639571 comm="/usr/bin/dbus-broker-launch --config-file=/usr/sha")
dbus-daemon[3639328]: [session uid=1000 pid=3639328 pidfd=4] Activated service 'org.freedesktop.systemd1' failed: Process org.freedesktop.systemd1 exited with status 1
dbus-daemon[3639328]: [session uid=1000 pid=3639328 pidfd=4] Activating service name='org.freedesktop.systemd1' requested by ':1.4' (uid=1000 pid=3639571 comm="/usr/bin/dbus-broker-launch --config-file=/usr/sha")
dbus-daemon[3639328]: [session uid=1000 pid=3639328 pidfd=4] Activated service 'org.freedesktop.systemd1' failed: Process org.freedesktop.systemd1 exited with status 1
dbus-daemon[3639328]: [session uid=1000 pid=3639328 pidfd=4] Activating service name='org.freedesktop.systemd1' requested by ':1.4' (uid=1000 pid=3639571 comm="/usr/bin/dbus-broker-launch --config-file=/usr/sha")
dbus-daemon[3639328]: [session uid=1000 pid=3639328 pidfd=4] Activated service 'org.freedesktop.systemd1' failed: Process org.freedesktop.systemd1 exited with status 1
{"trial": "S1-030-fill-COMP-measured-r02", "mode": "replay", "outcome": "verified", "oracle_exact_match": true, "completion_mutations": 1, "routes": ["compiled"], "error": null, "la": "4.35", "prov": {"attempts": 0, "reached": 0}}
dbus-daemon[3639328]: [session uid=1000 pid=3639328 pidfd=4] Activating service name='org.freedesktop.systemd1' requested by ':1.4' (uid=1000 pid=3639571 comm="/usr/bin/dbus-broker-launch --config-file=/usr/sha")
dbus-daemon[3639328]: [session uid=1000 pid=3639328 pidfd=4] Activated service 'org.freedesktop.systemd1' failed: Process org.freedesktop.systemd1 exited with status 1
dbus-daemon[3639328]: [session uid=1000 pid=3639328 pidfd=4] Activating service name='org.freedesktop.systemd1' requested by ':1.4' (uid=1000 pid=3639571 comm="/usr/bin/dbus-broker-launch --config-file=/usr/sha")
dbus-daemon[3639328]: [session uid=1000 pid=3639328 pidfd=4] Activated service 'org.freedesktop.systemd1' failed: Process org.freedesktop.systemd1 exited with status 1
dbus-daemon[3639328]: [session uid=1000 pid=3639328 pidfd=4] Activating service name='org.freedesktop.systemd1' requested by ':1.4' (uid=1000 pid=3639571 comm="/usr/bin/dbus-broker-launch --config-file=/usr/sha")
dbus-daemon[3639328]: [session uid=1000 pid=3639328 pidfd=4] Activated service 'org.freedesktop.systemd1' failed: Process org.freedesktop.systemd1 exited with status 1
{"trial": "S1-031-fill-BASE-measured-r02", "mode": "step", "outcome": "verified", "oracle_exact_match": true, "completion_mutations": 1, "routes": ["provider", "provider"], "error": null, "la": "4.35", "prov": {"attempts": 0, "reached": 0}}
dbus-daemon[3639328]: [session uid=1000 pid=3639328 pidfd=4] Activating service name='org.freedesktop.systemd1' requested by ':1.4' (uid=1000 pid=3639571 comm="/usr/bin/dbus-broker-launch --config-file=/usr/sha")
dbus-daemon[3639328]: [session uid=1000 pid=3639328 pidfd=4] Activated service 'org.freedesktop.systemd1' failed: Process org.freedesktop.systemd1 exited with status 1
dbus-daemon[3639328]: [session uid=1000 pid=3639328 pidfd=4] Activating service name='org.freedesktop.systemd1' requested by ':1.4' (uid=1000 pid=3639571 comm="/usr/bin/dbus-broker-launch --config-file=/usr/sha")
dbus-daemon[3639328]: [session uid=1000 pid=3639328 pidfd=4] Activated service 'org.freedesktop.systemd1' failed: Process org.freedesktop.systemd1 exited with status 1
dbus-daemon[3639328]: [session uid=1000 pid=3639328 pidfd=4] Activating service name='org.freedesktop.systemd1' requested by ':1.4' (uid=1000 pid=3639571 comm="/usr/bin/dbus-broker-launch --config-file=/usr/sha")
dbus-daemon[3639328]: [session uid=1000 pid=3639328 pidfd=4] Activated service 'org.freedesktop.systemd1' failed: Process org.freedesktop.systemd1 exited with status 1
{"trial": "S1-032-toggle-COMP_K-measured-r02", "mode": "step", "outcome": "verified", "oracle_exact_match": true, "completion_mutations": 1, "routes": ["provider", "provider"], "error": null, "la": "4.56", "prov": {"attempts": 0, "reached": 0}}
dbus-daemon[3639328]: [session uid=1000 pid=3639328 pidfd=4] Activating service name='org.freedesktop.systemd1' requested by ':1.4' (uid=1000 pid=3639571 comm="/usr/bin/dbus-broker-launch --config-file=/usr/sha")
dbus-daemon[3639328]: [session uid=1000 pid=3639328 pidfd=4] Activated service 'org.freedesktop.systemd1' failed: Process org.freedesktop.systemd1 exited with status 1
dbus-daemon[3639328]: [session uid=1000 pid=3639328 pidfd=4] Activating service name='org.freedesktop.systemd1' requested by ':1.4' (uid=1000 pid=3639571 comm="/usr/bin/dbus-broker-launch --config-file=/usr/sha")
dbus-daemon[3639328]: [session uid=1000 pid=3639328 pidfd=4] Activated service 'org.freedesktop.systemd1' failed: Process org.freedesktop.systemd1 exited with status 1
dbus-daemon[3639328]: [session uid=1000 pid=3639328 pidfd=4] Activating service name='org.freedesktop.systemd1' requested by ':1.4' (uid=1000 pid=3639571 comm="/usr/bin/dbus-broker-launch --config-file=/usr/sha")
dbus-daemon[3639328]: [session uid=1000 pid=3639328 pidfd=4] Activated service 'org.freedesktop.systemd1' failed: Process org.freedesktop.systemd1 exited with status 1
{"trial": "S1-033-toggle-COMP_E-measured-r02", "mode": "step", "outcome": "verified", "oracle_exact_match": true, "completion_mutations": 1, "routes": ["provider", "provider"], "error": null, "la": "4.44", "prov": {"attempts": 0, "reached": 0}}
dbus-daemon[3639328]: [session uid=1000 pid=3639328 pidfd=4] Activating service name='org.freedesktop.systemd1' requested by ':1.4' (uid=1000 pid=3639571 comm="/usr/bin/dbus-broker-launch --config-file=/usr/sha")
dbus-daemon[3639328]: [session uid=1000 pid=3639328 pidfd=4] Activated service 'org.freedesktop.systemd1' failed: Process org.freedesktop.systemd1 exited with status 1
dbus-daemon[3639328]: [session uid=1000 pid=3639328 pidfd=4] Activating service name='org.freedesktop.systemd1' requested by ':1.4' (uid=1000 pid=3639571 comm="/usr/bin/dbus-broker-launch --config-file=/usr/sha")
dbus-daemon[3639328]: [session uid=1000 pid=3639328 pidfd=4] Activated service 'org.freedesktop.systemd1' failed: Process org.freedesktop.systemd1 exited with status 1
dbus-daemon[3639328]: [session uid=1000 pid=3639328 pidfd=4] Activating service name='org.freedesktop.systemd1' requested by ':1.4' (uid=1000 pid=3639571 comm="/usr/bin/dbus-broker-launch --config-file=/usr/sha")
dbus-daemon[3639328]: [session uid=1000 pid=3639328 pidfd=4] Activated service 'org.freedesktop.systemd1' failed: Process org.freedesktop.systemd1 exited with status 1
{"trial": "S1-034-toggle-COMP-measured-r02", "mode": "step", "outcome": "verified", "oracle_exact_match": true, "completion_mutations": 1, "routes": ["provider", "provider"], "error": null, "la": "4.44", "prov": {"attempts": 0, "reached": 0}}
dbus-daemon[3639328]: [session uid=1000 pid=3639328 pidfd=4] Activating service name='org.freedesktop.systemd1' requested by ':1.4' (uid=1000 pid=3639571 comm="/usr/bin/dbus-broker-launch --config-file=/usr/sha")
dbus-daemon[3639328]: [session uid=1000 pid=3639328 pidfd=4] Activated service 'org.freedesktop.systemd1' failed: Process org.freedesktop.systemd1 exited with status 1
dbus-daemon[3639328]: [session uid=1000 pid=3639328 pidfd=4] Activating service name='org.freedesktop.systemd1' requested by ':1.4' (uid=1000 pid=3639571 comm="/usr/bin/dbus-broker-launch --config-file=/usr/sha")
dbus-daemon[3639328]: [session uid=1000 pid=3639328 pidfd=4] Activated service 'org.freedesktop.systemd1' failed: Process org.freedesktop.systemd1 exited with status 1
dbus-daemon[3639328]: [session uid=1000 pid=3639328 pidfd=4] Activating service name='org.freedesktop.systemd1' requested by ':1.4' (uid=1000 pid=3639571 comm="/usr/bin/dbus-broker-launch --config-file=/usr/sha")
dbus-daemon[3639328]: [session uid=1000 pid=3639328 pidfd=4] Activated service 'org.freedesktop.systemd1' failed: Process org.freedesktop.systemd1 exited with status 1
{"trial": "S1-035-toggle-BASE-measured-r02", "mode": "step", "outcome": "verified", "oracle_exact_match": true, "completion_mutations": 1, "routes": ["provider", "provider"], "error": null, "la": "4.44", "prov": {"attempts": 0, "reached": 0}}
dbus-daemon[3639328]: [session uid=1000 pid=3639328 pidfd=4] Activating service name='org.freedesktop.systemd1' requested by ':1.4' (uid=1000 pid=3639571 comm="/usr/bin/dbus-broker-launch --config-file=/usr/sha")
dbus-daemon[3639328]: [session uid=1000 pid=3639328 pidfd=4] Activated service 'org.freedesktop.systemd1' failed: Process org.freedesktop.systemd1 exited with status 1
dbus-daemon[3639328]: [session uid=1000 pid=3639328 pidfd=4] Activating service name='org.freedesktop.systemd1' requested by ':1.4' (uid=1000 pid=3639571 comm="/usr/bin/dbus-broker-launch --config-file=/usr/sha")
dbus-daemon[3639328]: [session uid=1000 pid=3639328 pidfd=4] Activated service 'org.freedesktop.systemd1' failed: Process org.freedesktop.systemd1 exited with status 1
dbus-daemon[3639328]: [session uid=1000 pid=3639328 pidfd=4] Activating service name='org.freedesktop.systemd1' requested by ':1.4' (uid=1000 pid=3639571 comm="/usr/bin/dbus-broker-launch --config-file=/usr/sha")
dbus-daemon[3639328]: [session uid=1000 pid=3639328 pidfd=4] Activated service 'org.freedesktop.systemd1' failed: Process org.freedesktop.systemd1 exited with status 1
{"trial": "S1-036-fill-COMP_E-measured-r03", "mode": "replay", "outcome": "verified", "oracle_exact_match": true, "completion_mutations": 1, "routes": ["compiled"], "error": null, "la": "4.24", "prov": {"attempts": 0, "reached": 0}}
dbus-daemon[3639328]: [session uid=1000 pid=3639328 pidfd=4] Activating service name='org.freedesktop.systemd1' requested by ':1.4' (uid=1000 pid=3639571 comm="/usr/bin/dbus-broker-launch --config-file=/usr/sha")
dbus-daemon[3639328]: [session uid=1000 pid=3639328 pidfd=4] Activated service 'org.freedesktop.systemd1' failed: Process org.freedesktop.systemd1 exited with status 1
dbus-daemon[3639328]: [session uid=1000 pid=3639328 pidfd=4] Activating service name='org.freedesktop.systemd1' requested by ':1.4' (uid=1000 pid=3639571 comm="/usr/bin/dbus-broker-launch --config-file=/usr/sha")
dbus-daemon[3639328]: [session uid=1000 pid=3639328 pidfd=4] Activated service 'org.freedesktop.systemd1' failed: Process org.freedesktop.systemd1 exited with status 1
dbus-daemon[3639328]: [session uid=1000 pid=3639328 pidfd=4] Activating service name='org.freedesktop.systemd1' requested by ':1.4' (uid=1000 pid=3639571 comm="/usr/bin/dbus-broker-launch --config-file=/usr/sha")
dbus-daemon[3639328]: [session uid=1000 pid=3639328 pidfd=4] Activated service 'org.freedesktop.systemd1' failed: Process org.freedesktop.systemd1 exited with status 1
{"trial": "S1-037-fill-BASE-measured-r03", "mode": "step", "outcome": "verified", "oracle_exact_match": true, "completion_mutations": 1, "routes": ["provider", "provider"], "error": null, "la": "4.24", "prov": {"attempts": 0, "reached": 0}}
dbus-daemon[3639328]: [session uid=1000 pid=3639328 pidfd=4] Activating service name='org.freedesktop.systemd1' requested by ':1.4' (uid=1000 pid=3639571 comm="/usr/bin/dbus-broker-launch --config-file=/usr/sha")
dbus-daemon[3639328]: [session uid=1000 pid=3639328 pidfd=4] Activated service 'org.freedesktop.systemd1' failed: Process org.freedesktop.systemd1 exited with status 1
dbus-daemon[3639328]: [session uid=1000 pid=3639328 pidfd=4] Activating service name='org.freedesktop.systemd1' requested by ':1.4' (uid=1000 pid=3639571 comm="/usr/bin/dbus-broker-launch --config-file=/usr/sha")
dbus-daemon[3639328]: [session uid=1000 pid=3639328 pidfd=4] Activated service 'org.freedesktop.systemd1' failed: Process org.freedesktop.systemd1 exited with status 1
dbus-daemon[3639328]: [session uid=1000 pid=3639328 pidfd=4] Activating service name='org.freedesktop.systemd1' requested by ':1.4' (uid=1000 pid=3639571 comm="/usr/bin/dbus-broker-launch --config-file=/usr/sha")
dbus-daemon[3639328]: [session uid=1000 pid=3639328 pidfd=4] Activated service 'org.freedesktop.systemd1' failed: Process org.freedesktop.systemd1 exited with status 1
{"trial": "S1-038-fill-COMP_K-measured-r03", "mode": "replay", "outcome": "verified", "oracle_exact_match": true, "completion_mutations": 1, "routes": ["compiled"], "error": null, "la": "4.06", "prov": {"attempts": 0, "reached": 0}}
dbus-daemon[3639328]: [session uid=1000 pid=3639328 pidfd=4] Activating service name='org.freedesktop.systemd1' requested by ':1.4' (uid=1000 pid=3639571 comm="/usr/bin/dbus-broker-launch --config-file=/usr/sha")
dbus-daemon[3639328]: [session uid=1000 pid=3639328 pidfd=4] Activated service 'org.freedesktop.systemd1' failed: Process org.freedesktop.systemd1 exited with status 1
dbus-daemon[3639328]: [session uid=1000 pid=3639328 pidfd=4] Activating service name='org.freedesktop.systemd1' requested by ':1.4' (uid=1000 pid=3639571 comm="/usr/bin/dbus-broker-launch --config-file=/usr/sha")
dbus-daemon[3639328]: [session uid=1000 pid=3639328 pidfd=4] Activated service 'org.freedesktop.systemd1' failed: Process org.freedesktop.systemd1 exited with status 1
dbus-daemon[3639328]: [session uid=1000 pid=3639328 pidfd=4] Activating service name='org.freedesktop.systemd1' requested by ':1.4' (uid=1000 pid=3639571 comm="/usr/bin/dbus-broker-launch --config-file=/usr/sha")
dbus-daemon[3639328]: [session uid=1000 pid=3639328 pidfd=4] Activated service 'org.freedesktop.systemd1' failed: Process org.freedesktop.systemd1 exited with status 1
{"trial": "S1-039-fill-COMP-measured-r03", "mode": "replay", "outcome": "verified", "oracle_exact_match": true, "completion_mutations": 1, "routes": ["compiled"], "error": null, "la": "3.82", "prov": {"attempts": 0, "reached": 0}}
dbus-daemon[3639328]: [session uid=1000 pid=3639328 pidfd=4] Activating service name='org.freedesktop.systemd1' requested by ':1.4' (uid=1000 pid=3639571 comm="/usr/bin/dbus-broker-launch --config-file=/usr/sha")
dbus-daemon[3639328]: [session uid=1000 pid=3639328 pidfd=4] Activated service 'org.freedesktop.systemd1' failed: Process org.freedesktop.systemd1 exited with status 1
dbus-daemon[3639328]: [session uid=1000 pid=3639328 pidfd=4] Activating service name='org.freedesktop.systemd1' requested by ':1.4' (uid=1000 pid=3639571 comm="/usr/bin/dbus-broker-launch --config-file=/usr/sha")
dbus-daemon[3639328]: [session uid=1000 pid=3639328 pidfd=4] Activated service 'org.freedesktop.systemd1' failed: Process org.freedesktop.systemd1 exited with status 1
dbus-daemon[3639328]: [session uid=1000 pid=3639328 pidfd=4] Activating service name='org.freedesktop.systemd1' requested by ':1.4' (uid=1000 pid=3639571 comm="/usr/bin/dbus-broker-launch --config-file=/usr/sha")
dbus-daemon[3639328]: [session uid=1000 pid=3639328 pidfd=4] Activated service 'org.freedesktop.systemd1' failed: Process org.freedesktop.systemd1 exited with status 1
{"trial": "S1-040-toggle-COMP_E-measured-r03", "mode": "step", "outcome": "verified", "oracle_exact_match": true, "completion_mutations": 1, "routes": ["provider", "provider"], "error": null, "la": "3.82", "prov": {"attempts": 0, "reached": 0}}
dbus-daemon[3639328]: [session uid=1000 pid=3639328 pidfd=4] Activating service name='org.freedesktop.systemd1' requested by ':1.4' (uid=1000 pid=3639571 comm="/usr/bin/dbus-broker-launch --config-file=/usr/sha")
dbus-daemon[3639328]: [session uid=1000 pid=3639328 pidfd=4] Activated service 'org.freedesktop.systemd1' failed: Process org.freedesktop.systemd1 exited with status 1
dbus-daemon[3639328]: [session uid=1000 pid=3639328 pidfd=4] Activating service name='org.freedesktop.systemd1' requested by ':1.4' (uid=1000 pid=3639571 comm="/usr/bin/dbus-broker-launch --config-file=/usr/sha")
dbus-daemon[3639328]: [session uid=1000 pid=3639328 pidfd=4] Activated service 'org.freedesktop.systemd1' failed: Process org.freedesktop.systemd1 exited with status 1
dbus-daemon[3639328]: [session uid=1000 pid=3639328 pidfd=4] Activating service name='org.freedesktop.systemd1' requested by ':1.4' (uid=1000 pid=3639571 comm="/usr/bin/dbus-broker-launch --config-file=/usr/sha")
dbus-daemon[3639328]: [session uid=1000 pid=3639328 pidfd=4] Activated service 'org.freedesktop.systemd1' failed: Process org.freedesktop.systemd1 exited with status 1
{"trial": "S1-041-toggle-BASE-measured-r03", "mode": "step", "outcome": "verified", "oracle_exact_match": true, "completion_mutations": 1, "routes": ["provider", "provider"], "error": null, "la": "3.82", "prov": {"attempts": 0, "reached": 0}}
dbus-daemon[3639328]: [session uid=1000 pid=3639328 pidfd=4] Activating service name='org.freedesktop.systemd1' requested by ':1.4' (uid=1000 pid=3639571 comm="/usr/bin/dbus-broker-launch --config-file=/usr/sha")
dbus-daemon[3639328]: [session uid=1000 pid=3639328 pidfd=4] Activated service 'org.freedesktop.systemd1' failed: Process org.freedesktop.systemd1 exited with status 1
dbus-daemon[3639328]: [session uid=1000 pid=3639328 pidfd=4] Activating service name='org.freedesktop.systemd1' requested by ':1.4' (uid=1000 pid=3639571 comm="/usr/bin/dbus-broker-launch --config-file=/usr/sha")
dbus-daemon[3639328]: [session uid=1000 pid=3639328 pidfd=4] Activated service 'org.freedesktop.systemd1' failed: Process org.freedesktop.systemd1 exited with status 1
dbus-daemon[3639328]: [session uid=1000 pid=3639328 pidfd=4] Activating service name='org.freedesktop.systemd1' requested by ':1.4' (uid=1000 pid=3639571 comm="/usr/bin/dbus-broker-launch --config-file=/usr/sha")
dbus-daemon[3639328]: [session uid=1000 pid=3639328 pidfd=4] Activated service 'org.freedesktop.systemd1' failed: Process org.freedesktop.systemd1 exited with status 1
{"trial": "S1-042-toggle-COMP_K-measured-r03", "mode": "step", "outcome": "verified", "oracle_exact_match": true, "completion_mutations": 1, "routes": ["provider", "provider"], "error": null, "la": "3.75", "prov": {"attempts": 0, "reached": 0}}
dbus-daemon[3639328]: [session uid=1000 pid=3639328 pidfd=4] Activating service name='org.freedesktop.systemd1' requested by ':1.4' (uid=1000 pid=3639571 comm="/usr/bin/dbus-broker-launch --config-file=/usr/sha")
dbus-daemon[3639328]: [session uid=1000 pid=3639328 pidfd=4] Activated service 'org.freedesktop.systemd1' failed: Process org.freedesktop.systemd1 exited with status 1
dbus-daemon[3639328]: [session uid=1000 pid=3639328 pidfd=4] Activating service name='org.freedesktop.systemd1' requested by ':1.4' (uid=1000 pid=3639571 comm="/usr/bin/dbus-broker-launch --config-file=/usr/sha")
dbus-daemon[3639328]: [session uid=1000 pid=3639328 pidfd=4] Activated service 'org.freedesktop.systemd1' failed: Process org.freedesktop.systemd1 exited with status 1
dbus-daemon[3639328]: [session uid=1000 pid=3639328 pidfd=4] Activating service name='org.freedesktop.systemd1' requested by ':1.4' (uid=1000 pid=3639571 comm="/usr/bin/dbus-broker-launch --config-file=/usr/sha")
dbus-daemon[3639328]: [session uid=1000 pid=3639328 pidfd=4] Activated service 'org.freedesktop.systemd1' failed: Process org.freedesktop.systemd1 exited with status 1
{"trial": "S1-043-toggle-COMP-measured-r03", "mode": "step", "outcome": "verified", "oracle_exact_match": true, "completion_mutations": 1, "routes": ["provider", "provider"], "error": null, "la": "3.61", "prov": {"attempts": 0, "reached": 0}}
dbus-daemon[3639328]: [session uid=1000 pid=3639328 pidfd=4] Activating service name='org.freedesktop.systemd1' requested by ':1.4' (uid=1000 pid=3639571 comm="/usr/bin/dbus-broker-launch --config-file=/usr/sha")
dbus-daemon[3639328]: [session uid=1000 pid=3639328 pidfd=4] Activated service 'org.freedesktop.systemd1' failed: Process org.freedesktop.systemd1 exited with status 1
dbus-daemon[3639328]: [session uid=1000 pid=3639328 pidfd=4] Activating service name='org.freedesktop.systemd1' requested by ':1.4' (uid=1000 pid=3639571 comm="/usr/bin/dbus-broker-launch --config-file=/usr/sha")
dbus-daemon[3639328]: [session uid=1000 pid=3639328 pidfd=4] Activated service 'org.freedesktop.systemd1' failed: Process org.freedesktop.systemd1 exited with status 1
dbus-daemon[3639328]: [session uid=1000 pid=3639328 pidfd=4] Activating service name='org.freedesktop.systemd1' requested by ':1.4' (uid=1000 pid=3639571 comm="/usr/bin/dbus-broker-launch --config-file=/usr/sha")
dbus-daemon[3639328]: [session uid=1000 pid=3639328 pidfd=4] Activated service 'org.freedesktop.systemd1' failed: Process org.freedesktop.systemd1 exited with status 1
{"trial": "S1-044-modal-COMP_E-measured-r03", "mode": "step", "outcome": "verified", "oracle_exact_match": true, "completion_mutations": 1, "routes": ["provider", "provider"], "error": null, "la": "3.61", "prov": {"attempts": 0, "reached": 0}}
dbus-daemon[3639328]: [session uid=1000 pid=3639328 pidfd=4] Activating service name='org.freedesktop.systemd1' requested by ':1.4' (uid=1000 pid=3639571 comm="/usr/bin/dbus-broker-launch --config-file=/usr/sha")
dbus-daemon[3639328]: [session uid=1000 pid=3639328 pidfd=4] Activated service 'org.freedesktop.systemd1' failed: Process org.freedesktop.systemd1 exited with status 1
dbus-daemon[3639328]: [session uid=1000 pid=3639328 pidfd=4] Activating service name='org.freedesktop.systemd1' requested by ':1.4' (uid=1000 pid=3639571 comm="/usr/bin/dbus-broker-launch --config-file=/usr/sha")
dbus-daemon[3639328]: [session uid=1000 pid=3639328 pidfd=4] Activated service 'org.freedesktop.systemd1' failed: Process org.freedesktop.systemd1 exited with status 1
dbus-daemon[3639328]: [session uid=1000 pid=3639328 pidfd=4] Activating service name='org.freedesktop.systemd1' requested by ':1.4' (uid=1000 pid=3639571 comm="/usr/bin/dbus-broker-launch --config-file=/usr/sha")
dbus-daemon[3639328]: [session uid=1000 pid=3639328 pidfd=4] Activated service 'org.freedesktop.systemd1' failed: Process org.freedesktop.systemd1 exited with status 1
{"trial": "S1-045-modal-BASE-measured-r03", "mode": "step", "outcome": "verified", "oracle_exact_match": true, "completion_mutations": 1, "routes": ["provider", "provider"], "error": null, "la": "3.61", "prov": {"attempts": 0, "reached": 0}}
dbus-daemon[3639328]: [session uid=1000 pid=3639328 pidfd=4] Activating service name='org.freedesktop.systemd1' requested by ':1.4' (uid=1000 pid=3639571 comm="/usr/bin/dbus-broker-launch --config-file=/usr/sha")
dbus-daemon[3639328]: [session uid=1000 pid=3639328 pidfd=4] Activated service 'org.freedesktop.systemd1' failed: Process org.freedesktop.systemd1 exited with status 1
dbus-daemon[3639328]: [session uid=1000 pid=3639328 pidfd=4] Activating service name='org.freedesktop.systemd1' requested by ':1.4' (uid=1000 pid=3639571 comm="/usr/bin/dbus-broker-launch --config-file=/usr/sha")
dbus-daemon[3639328]: [session uid=1000 pid=3639328 pidfd=4] Activated service 'org.freedesktop.systemd1' failed: Process org.freedesktop.systemd1 exited with status 1
dbus-daemon[3639328]: [session uid=1000 pid=3639328 pidfd=4] Activating service name='org.freedesktop.systemd1' requested by ':1.4' (uid=1000 pid=3639571 comm="/usr/bin/dbus-broker-launch --config-file=/usr/sha")
dbus-daemon[3639328]: [session uid=1000 pid=3639328 pidfd=4] Activated service 'org.freedesktop.systemd1' failed: Process org.freedesktop.systemd1 exited with status 1
{"trial": "S1-046-modal-COMP_K-measured-r03", "mode": "step", "outcome": "verified", "oracle_exact_match": true, "completion_mutations": 1, "routes": ["provider", "provider"], "error": null, "la": "3.56", "prov": {"attempts": 0, "reached": 0}}
dbus-daemon[3639328]: [session uid=1000 pid=3639328 pidfd=4] Activating service name='org.freedesktop.systemd1' requested by ':1.4' (uid=1000 pid=3639571 comm="/usr/bin/dbus-broker-launch --config-file=/usr/sha")
dbus-daemon[3639328]: [session uid=1000 pid=3639328 pidfd=4] Activated service 'org.freedesktop.systemd1' failed: Process org.freedesktop.systemd1 exited with status 1
dbus-daemon[3639328]: [session uid=1000 pid=3639328 pidfd=4] Activating service name='org.freedesktop.systemd1' requested by ':1.4' (uid=1000 pid=3639571 comm="/usr/bin/dbus-broker-launch --config-file=/usr/sha")
dbus-daemon[3639328]: [session uid=1000 pid=3639328 pidfd=4] Activated service 'org.freedesktop.systemd1' failed: Process org.freedesktop.systemd1 exited with status 1
dbus-daemon[3639328]: [session uid=1000 pid=3639328 pidfd=4] Activating service name='org.freedesktop.systemd1' requested by ':1.4' (uid=1000 pid=3639571 comm="/usr/bin/dbus-broker-launch --config-file=/usr/sha")
dbus-daemon[3639328]: [session uid=1000 pid=3639328 pidfd=4] Activated service 'org.freedesktop.systemd1' failed: Process org.freedesktop.systemd1 exited with status 1
{"trial": "S1-047-modal-COMP-measured-r03", "mode": "step", "outcome": "verified", "oracle_exact_match": true, "completion_mutations": 1, "routes": ["provider", "provider"], "error": null, "la": "3.44", "prov": {"attempts": 0, "reached": 0}}
dbus-daemon[3639328]: [session uid=1000 pid=3639328 pidfd=4] Activating service name='org.freedesktop.systemd1' requested by ':1.4' (uid=1000 pid=3639571 comm="/usr/bin/dbus-broker-launch --config-file=/usr/sha")
dbus-daemon[3639328]: [session uid=1000 pid=3639328 pidfd=4] Activated service 'org.freedesktop.systemd1' failed: Process org.freedesktop.systemd1 exited with status 1
dbus-daemon[3639328]: [session uid=1000 pid=3639328 pidfd=4] Activating service name='org.freedesktop.systemd1' requested by ':1.4' (uid=1000 pid=3639571 comm="/usr/bin/dbus-broker-launch --config-file=/usr/sha")
dbus-daemon[3639328]: [session uid=1000 pid=3639328 pidfd=4] Activated service 'org.freedesktop.systemd1' failed: Process org.freedesktop.systemd1 exited with status 1
dbus-daemon[3639328]: [session uid=1000 pid=3639328 pidfd=4] Activating service name='org.freedesktop.systemd1' requested by ':1.4' (uid=1000 pid=3639571 comm="/usr/bin/dbus-broker-launch --config-file=/usr/sha")
dbus-daemon[3639328]: [session uid=1000 pid=3639328 pidfd=4] Activated service 'org.freedesktop.systemd1' failed: Process org.freedesktop.systemd1 exited with status 1
{"trial": "S1-048-toggle-BASE-measured-r04", "mode": "step", "outcome": "verified", "oracle_exact_match": true, "completion_mutations": 1, "routes": ["provider", "provider"], "error": null, "la": "3.44", "prov": {"attempts": 0, "reached": 0}}
dbus-daemon[3639328]: [session uid=1000 pid=3639328 pidfd=4] Activating service name='org.freedesktop.systemd1' requested by ':1.4' (uid=1000 pid=3639571 comm="/usr/bin/dbus-broker-launch --config-file=/usr/sha")
dbus-daemon[3639328]: [session uid=1000 pid=3639328 pidfd=4] Activated service 'org.freedesktop.systemd1' failed: Process org.freedesktop.systemd1 exited with status 1
dbus-daemon[3639328]: [session uid=1000 pid=3639328 pidfd=4] Activating service name='org.freedesktop.systemd1' requested by ':1.4' (uid=1000 pid=3639571 comm="/usr/bin/dbus-broker-launch --config-file=/usr/sha")
dbus-daemon[3639328]: [session uid=1000 pid=3639328 pidfd=4] Activated service 'org.freedesktop.systemd1' failed: Process org.freedesktop.systemd1 exited with status 1
dbus-daemon[3639328]: [session uid=1000 pid=3639328 pidfd=4] Activating service name='org.freedesktop.systemd1' requested by ':1.4' (uid=1000 pid=3639571 comm="/usr/bin/dbus-broker-launch --config-file=/usr/sha")
dbus-daemon[3639328]: [session uid=1000 pid=3639328 pidfd=4] Activated service 'org.freedesktop.systemd1' failed: Process org.freedesktop.systemd1 exited with status 1
{"trial": "S1-049-toggle-COMP-measured-r04", "mode": "step", "outcome": "verified", "oracle_exact_match": true, "completion_mutations": 1, "routes": ["provider", "provider"], "error": null, "la": "3.44", "prov": {"attempts": 0, "reached": 0}}
dbus-daemon[3639328]: [session uid=1000 pid=3639328 pidfd=4] Activating service name='org.freedesktop.systemd1' requested by ':1.4' (uid=1000 pid=3639571 comm="/usr/bin/dbus-broker-launch --config-file=/usr/sha")
dbus-daemon[3639328]: [session uid=1000 pid=3639328 pidfd=4] Activated service 'org.freedesktop.systemd1' failed: Process org.freedesktop.systemd1 exited with status 1
dbus-daemon[3639328]: [session uid=1000 pid=3639328 pidfd=4] Activating service name='org.freedesktop.systemd1' requested by ':1.4' (uid=1000 pid=3639571 comm="/usr/bin/dbus-broker-launch --config-file=/usr/sha")
dbus-daemon[3639328]: [session uid=1000 pid=3639328 pidfd=4] Activated service 'org.freedesktop.systemd1' failed: Process org.freedesktop.systemd1 exited with status 1
dbus-daemon[3639328]: [session uid=1000 pid=3639328 pidfd=4] Activating service name='org.freedesktop.systemd1' requested by ':1.4' (uid=1000 pid=3639571 comm="/usr/bin/dbus-broker-launch --config-file=/usr/sha")
dbus-daemon[3639328]: [session uid=1000 pid=3639328 pidfd=4] Activated service 'org.freedesktop.systemd1' failed: Process org.freedesktop.systemd1 exited with status 1
{"trial": "S1-050-toggle-COMP_E-measured-r04", "mode": "step", "outcome": "verified", "oracle_exact_match": true, "completion_mutations": 1, "routes": ["provider", "provider"], "error": null, "la": "3.88", "prov": {"attempts": 0, "reached": 0}}
dbus-daemon[3639328]: [session uid=1000 pid=3639328 pidfd=4] Activating service name='org.freedesktop.systemd1' requested by ':1.4' (uid=1000 pid=3639571 comm="/usr/bin/dbus-broker-launch --config-file=/usr/sha")
dbus-daemon[3639328]: [session uid=1000 pid=3639328 pidfd=4] Activated service 'org.freedesktop.systemd1' failed: Process org.freedesktop.systemd1 exited with status 1
dbus-daemon[3639328]: [session uid=1000 pid=3639328 pidfd=4] Activating service name='org.freedesktop.systemd1' requested by ':1.4' (uid=1000 pid=3639571 comm="/usr/bin/dbus-broker-launch --config-file=/usr/sha")
dbus-daemon[3639328]: [session uid=1000 pid=3639328 pidfd=4] Activated service 'org.freedesktop.systemd1' failed: Process org.freedesktop.systemd1 exited with status 1
dbus-daemon[3639328]: [session uid=1000 pid=3639328 pidfd=4] Activating service name='org.freedesktop.systemd1' requested by ':1.4' (uid=1000 pid=3639571 comm="/usr/bin/dbus-broker-launch --config-file=/usr/sha")
dbus-daemon[3639328]: [session uid=1000 pid=3639328 pidfd=4] Activated service 'org.freedesktop.systemd1' failed: Process org.freedesktop.systemd1 exited with status 1
{"trial": "S1-051-toggle-COMP_K-measured-r04", "mode": "step", "outcome": "verified", "oracle_exact_match": true, "completion_mutations": 1, "routes": ["provider", "provider"], "error": null, "la": "3.88", "prov": {"attempts": 0, "reached": 0}}
dbus-daemon[3639328]: [session uid=1000 pid=3639328 pidfd=4] Activating service name='org.freedesktop.systemd1' requested by ':1.4' (uid=1000 pid=3639571 comm="/usr/bin/dbus-broker-launch --config-file=/usr/sha")
dbus-daemon[3639328]: [session uid=1000 pid=3639328 pidfd=4] Activated service 'org.freedesktop.systemd1' failed: Process org.freedesktop.systemd1 exited with status 1
dbus-daemon[3639328]: [session uid=1000 pid=3639328 pidfd=4] Activating service name='org.freedesktop.systemd1' requested by ':1.4' (uid=1000 pid=3639571 comm="/usr/bin/dbus-broker-launch --config-file=/usr/sha")
dbus-daemon[3639328]: [session uid=1000 pid=3639328 pidfd=4] Activated service 'org.freedesktop.systemd1' failed: Process org.freedesktop.systemd1 exited with status 1
dbus-daemon[3639328]: [session uid=1000 pid=3639328 pidfd=4] Activating service name='org.freedesktop.systemd1' requested by ':1.4' (uid=1000 pid=3639571 comm="/usr/bin/dbus-broker-launch --config-file=/usr/sha")
dbus-daemon[3639328]: [session uid=1000 pid=3639328 pidfd=4] Activated service 'org.freedesktop.systemd1' failed: Process org.freedesktop.systemd1 exited with status 1
{"trial": "S1-052-modal-BASE-measured-r04", "mode": "step", "outcome": "verified", "oracle_exact_match": true, "completion_mutations": 1, "routes": ["provider", "provider"], "error": null, "la": "3.88", "prov": {"attempts": 0, "reached": 0}}
dbus-daemon[3639328]: [session uid=1000 pid=3639328 pidfd=4] Activating service name='org.freedesktop.systemd1' requested by ':1.4' (uid=1000 pid=3639571 comm="/usr/bin/dbus-broker-launch --config-file=/usr/sha")
dbus-daemon[3639328]: [session uid=1000 pid=3639328 pidfd=4] Activated service 'org.freedesktop.systemd1' failed: Process org.freedesktop.systemd1 exited with status 1
dbus-daemon[3639328]: [session uid=1000 pid=3639328 pidfd=4] Activating service name='org.freedesktop.systemd1' requested by ':1.4' (uid=1000 pid=3639571 comm="/usr/bin/dbus-broker-launch --config-file=/usr/sha")
dbus-daemon[3639328]: [session uid=1000 pid=3639328 pidfd=4] Activated service 'org.freedesktop.systemd1' failed: Process org.freedesktop.systemd1 exited with status 1
dbus-daemon[3639328]: [session uid=1000 pid=3639328 pidfd=4] Activating service name='org.freedesktop.systemd1' requested by ':1.4' (uid=1000 pid=3639571 comm="/usr/bin/dbus-broker-launch --config-file=/usr/sha")
dbus-daemon[3639328]: [session uid=1000 pid=3639328 pidfd=4] Activated service 'org.freedesktop.systemd1' failed: Process org.freedesktop.systemd1 exited with status 1
{"trial": "S1-053-modal-COMP-measured-r04", "mode": "step", "outcome": "verified", "oracle_exact_match": true, "completion_mutations": 1, "routes": ["provider", "provider"], "error": null, "la": "3.81", "prov": {"attempts": 0, "reached": 0}}
dbus-daemon[3639328]: [session uid=1000 pid=3639328 pidfd=4] Activating service name='org.freedesktop.systemd1' requested by ':1.4' (uid=1000 pid=3639571 comm="/usr/bin/dbus-broker-launch --config-file=/usr/sha")
dbus-daemon[3639328]: [session uid=1000 pid=3639328 pidfd=4] Activated service 'org.freedesktop.systemd1' failed: Process org.freedesktop.systemd1 exited with status 1
dbus-daemon[3639328]: [session uid=1000 pid=3639328 pidfd=4] Activating service name='org.freedesktop.systemd1' requested by ':1.4' (uid=1000 pid=3639571 comm="/usr/bin/dbus-broker-launch --config-file=/usr/sha")
dbus-daemon[3639328]: [session uid=1000 pid=3639328 pidfd=4] Activated service 'org.freedesktop.systemd1' failed: Process org.freedesktop.systemd1 exited with status 1
dbus-daemon[3639328]: [session uid=1000 pid=3639328 pidfd=4] Activating service name='org.freedesktop.systemd1' requested by ':1.4' (uid=1000 pid=3639571 comm="/usr/bin/dbus-broker-launch --config-file=/usr/sha")
dbus-daemon[3639328]: [session uid=1000 pid=3639328 pidfd=4] Activated service 'org.freedesktop.systemd1' failed: Process org.freedesktop.systemd1 exited with status 1
{"trial": "S1-054-modal-COMP_E-measured-r04", "mode": "step", "outcome": "verified", "oracle_exact_match": true, "completion_mutations": 1, "routes": ["provider", "provider"], "error": null, "la": "3.81", "prov": {"attempts": 0, "reached": 0}}
dbus-daemon[3639328]: [session uid=1000 pid=3639328 pidfd=4] Activating service name='org.freedesktop.systemd1' requested by ':1.4' (uid=1000 pid=3639571 comm="/usr/bin/dbus-broker-launch --config-file=/usr/sha")
dbus-daemon[3639328]: [session uid=1000 pid=3639328 pidfd=4] Activated service 'org.freedesktop.systemd1' failed: Process org.freedesktop.systemd1 exited with status 1
dbus-daemon[3639328]: [session uid=1000 pid=3639328 pidfd=4] Activating service name='org.freedesktop.systemd1' requested by ':1.4' (uid=1000 pid=3639571 comm="/usr/bin/dbus-broker-launch --config-file=/usr/sha")
dbus-daemon[3639328]: [session uid=1000 pid=3639328 pidfd=4] Activated service 'org.freedesktop.systemd1' failed: Process org.freedesktop.systemd1 exited with status 1
dbus-daemon[3639328]: [session uid=1000 pid=3639328 pidfd=4] Activating service name='org.freedesktop.systemd1' requested by ':1.4' (uid=1000 pid=3639571 comm="/usr/bin/dbus-broker-launch --config-file=/usr/sha")
dbus-daemon[3639328]: [session uid=1000 pid=3639328 pidfd=4] Activated service 'org.freedesktop.systemd1' failed: Process org.freedesktop.systemd1 exited with status 1
{"trial": "S1-055-modal-COMP_K-measured-r04", "mode": "step", "outcome": "verified", "oracle_exact_match": true, "completion_mutations": 1, "routes": ["provider", "provider"], "error": null, "la": "3.67", "prov": {"attempts": 0, "reached": 0}}
dbus-daemon[3639328]: [session uid=1000 pid=3639328 pidfd=4] Activating service name='org.freedesktop.systemd1' requested by ':1.4' (uid=1000 pid=3639571 comm="/usr/bin/dbus-broker-launch --config-file=/usr/sha")
dbus-daemon[3639328]: [session uid=1000 pid=3639328 pidfd=4] Activated service 'org.freedesktop.systemd1' failed: Process org.freedesktop.systemd1 exited with status 1
dbus-daemon[3639328]: [session uid=1000 pid=3639328 pidfd=4] Activating service name='org.freedesktop.systemd1' requested by ':1.4' (uid=1000 pid=3639571 comm="/usr/bin/dbus-broker-launch --config-file=/usr/sha")
dbus-daemon[3639328]: [session uid=1000 pid=3639328 pidfd=4] Activated service 'org.freedesktop.systemd1' failed: Process org.freedesktop.systemd1 exited with status 1
dbus-daemon[3639328]: [session uid=1000 pid=3639328 pidfd=4] Activating service name='org.freedesktop.systemd1' requested by ':1.4' (uid=1000 pid=3639571 comm="/usr/bin/dbus-broker-launch --config-file=/usr/sha")
dbus-daemon[3639328]: [session uid=1000 pid=3639328 pidfd=4] Activated service 'org.freedesktop.systemd1' failed: Process org.freedesktop.systemd1 exited with status 1
{"trial": "S1-056-fill-BASE-measured-r04", "mode": "step", "outcome": "verified", "oracle_exact_match": true, "completion_mutations": 1, "routes": ["provider", "provider"], "error": null, "la": "3.67", "prov": {"attempts": 0, "reached": 0}}
dbus-daemon[3639328]: [session uid=1000 pid=3639328 pidfd=4] Activating service name='org.freedesktop.systemd1' requested by ':1.4' (uid=1000 pid=3639571 comm="/usr/bin/dbus-broker-launch --config-file=/usr/sha")
dbus-daemon[3639328]: [session uid=1000 pid=3639328 pidfd=4] Activated service 'org.freedesktop.systemd1' failed: Process org.freedesktop.systemd1 exited with status 1
dbus-daemon[3639328]: [session uid=1000 pid=3639328 pidfd=4] Activating service name='org.freedesktop.systemd1' requested by ':1.4' (uid=1000 pid=3639571 comm="/usr/bin/dbus-broker-launch --config-file=/usr/sha")
dbus-daemon[3639328]: [session uid=1000 pid=3639328 pidfd=4] Activated service 'org.freedesktop.systemd1' failed: Process org.freedesktop.systemd1 exited with status 1
dbus-daemon[3639328]: [session uid=1000 pid=3639328 pidfd=4] Activating service name='org.freedesktop.systemd1' requested by ':1.4' (uid=1000 pid=3639571 comm="/usr/bin/dbus-broker-launch --config-file=/usr/sha")
dbus-daemon[3639328]: [session uid=1000 pid=3639328 pidfd=4] Activated service 'org.freedesktop.systemd1' failed: Process org.freedesktop.systemd1 exited with status 1
{"trial": "S1-057-fill-COMP-measured-r04", "mode": "replay", "outcome": "verified", "oracle_exact_match": true, "completion_mutations": 1, "routes": ["compiled"], "error": null, "la": "3.53", "prov": {"attempts": 0, "reached": 0}}
dbus-daemon[3639328]: [session uid=1000 pid=3639328 pidfd=4] Activating service name='org.freedesktop.systemd1' requested by ':1.4' (uid=1000 pid=3639571 comm="/usr/bin/dbus-broker-launch --config-file=/usr/sha")
dbus-daemon[3639328]: [session uid=1000 pid=3639328 pidfd=4] Activated service 'org.freedesktop.systemd1' failed: Process org.freedesktop.systemd1 exited with status 1
dbus-daemon[3639328]: [session uid=1000 pid=3639328 pidfd=4] Activating service name='org.freedesktop.systemd1' requested by ':1.4' (uid=1000 pid=3639571 comm="/usr/bin/dbus-broker-launch --config-file=/usr/sha")
dbus-daemon[3639328]: [session uid=1000 pid=3639328 pidfd=4] Activated service 'org.freedesktop.systemd1' failed: Process org.freedesktop.systemd1 exited with status 1
dbus-daemon[3639328]: [session uid=1000 pid=3639328 pidfd=4] Activating service name='org.freedesktop.systemd1' requested by ':1.4' (uid=1000 pid=3639571 comm="/usr/bin/dbus-broker-launch --config-file=/usr/sha")
dbus-daemon[3639328]: [session uid=1000 pid=3639328 pidfd=4] Activated service 'org.freedesktop.systemd1' failed: Process org.freedesktop.systemd1 exited with status 1
{"trial": "S1-058-fill-COMP_E-measured-r04", "mode": "replay", "outcome": "verified", "oracle_exact_match": true, "completion_mutations": 1, "routes": ["compiled"], "error": null, "la": "3.53", "prov": {"attempts": 0, "reached": 0}}
dbus-daemon[3639328]: [session uid=1000 pid=3639328 pidfd=4] Activating service name='org.freedesktop.systemd1' requested by ':1.4' (uid=1000 pid=3639571 comm="/usr/bin/dbus-broker-launch --config-file=/usr/sha")
dbus-daemon[3639328]: [session uid=1000 pid=3639328 pidfd=4] Activated service 'org.freedesktop.systemd1' failed: Process org.freedesktop.systemd1 exited with status 1
dbus-daemon[3639328]: [session uid=1000 pid=3639328 pidfd=4] Activating service name='org.freedesktop.systemd1' requested by ':1.4' (uid=1000 pid=3639571 comm="/usr/bin/dbus-broker-launch --config-file=/usr/sha")
dbus-daemon[3639328]: [session uid=1000 pid=3639328 pidfd=4] Activated service 'org.freedesktop.systemd1' failed: Process org.freedesktop.systemd1 exited with status 1
dbus-daemon[3639328]: [session uid=1000 pid=3639328 pidfd=4] Activating service name='org.freedesktop.systemd1' requested by ':1.4' (uid=1000 pid=3639571 comm="/usr/bin/dbus-broker-launch --config-file=/usr/sha")
dbus-daemon[3639328]: [session uid=1000 pid=3639328 pidfd=4] Activated service 'org.freedesktop.systemd1' failed: Process org.freedesktop.systemd1 exited with status 1
{"trial": "S1-059-fill-COMP_K-measured-r04", "mode": "replay", "outcome": "verified", "oracle_exact_match": true, "completion_mutations": 1, "routes": ["compiled"], "error": null, "la": "3.57", "prov": {"attempts": 0, "reached": 0}}
dbus-daemon[3639328]: [session uid=1000 pid=3639328 pidfd=4] Activating service name='org.freedesktop.systemd1' requested by ':1.4' (uid=1000 pid=3639571 comm="/usr/bin/dbus-broker-launch --config-file=/usr/sha")
dbus-daemon[3639328]: [session uid=1000 pid=3639328 pidfd=4] Activated service 'org.freedesktop.systemd1' failed: Process org.freedesktop.systemd1 exited with status 1
dbus-daemon[3639328]: [session uid=1000 pid=3639328 pidfd=4] Activating service name='org.freedesktop.systemd1' requested by ':1.4' (uid=1000 pid=3639571 comm="/usr/bin/dbus-broker-launch --config-file=/usr/sha")
dbus-daemon[3639328]: [session uid=1000 pid=3639328 pidfd=4] Activated service 'org.freedesktop.systemd1' failed: Process org.freedesktop.systemd1 exited with status 1
dbus-daemon[3639328]: [session uid=1000 pid=3639328 pidfd=4] Activating service name='org.freedesktop.systemd1' requested by ':1.4' (uid=1000 pid=3639571 comm="/usr/bin/dbus-broker-launch --config-file=/usr/sha")
dbus-daemon[3639328]: [session uid=1000 pid=3639328 pidfd=4] Activated service 'org.freedesktop.systemd1' failed: Process org.freedesktop.systemd1 exited with status 1
{"trial": "S1-060-modal-COMP-measured-r05", "mode": "step", "outcome": "verified", "oracle_exact_match": true, "completion_mutations": 1, "routes": ["provider", "provider"], "error": null, "la": "3.57", "prov": {"attempts": 0, "reached": 0}}
dbus-daemon[3639328]: [session uid=1000 pid=3639328 pidfd=4] Activating service name='org.freedesktop.systemd1' requested by ':1.4' (uid=1000 pid=3639571 comm="/usr/bin/dbus-broker-launch --config-file=/usr/sha")
dbus-daemon[3639328]: [session uid=1000 pid=3639328 pidfd=4] Activated service 'org.freedesktop.systemd1' failed: Process org.freedesktop.systemd1 exited with status 1
dbus-daemon[3639328]: [session uid=1000 pid=3639328 pidfd=4] Activating service name='org.freedesktop.systemd1' requested by ':1.4' (uid=1000 pid=3639571 comm="/usr/bin/dbus-broker-launch --config-file=/usr/sha")
dbus-daemon[3639328]: [session uid=1000 pid=3639328 pidfd=4] Activated service 'org.freedesktop.systemd1' failed: Process org.freedesktop.systemd1 exited with status 1
dbus-daemon[3639328]: [session uid=1000 pid=3639328 pidfd=4] Activating service name='org.freedesktop.systemd1' requested by ':1.4' (uid=1000 pid=3639571 comm="/usr/bin/dbus-broker-launch --config-file=/usr/sha")
dbus-daemon[3639328]: [session uid=1000 pid=3639328 pidfd=4] Activated service 'org.freedesktop.systemd1' failed: Process org.freedesktop.systemd1 exited with status 1
{"trial": "S1-061-modal-COMP_K-measured-r05", "mode": "step", "outcome": "verified", "oracle_exact_match": true, "completion_mutations": 1, "routes": ["provider", "provider"], "error": null, "la": "3.68", "prov": {"attempts": 0, "reached": 0}}
dbus-daemon[3639328]: [session uid=1000 pid=3639328 pidfd=4] Activating service name='org.freedesktop.systemd1' requested by ':1.4' (uid=1000 pid=3639571 comm="/usr/bin/dbus-broker-launch --config-file=/usr/sha")
dbus-daemon[3639328]: [session uid=1000 pid=3639328 pidfd=4] Activated service 'org.freedesktop.systemd1' failed: Process org.freedesktop.systemd1 exited with status 1
dbus-daemon[3639328]: [session uid=1000 pid=3639328 pidfd=4] Activating service name='org.freedesktop.systemd1' requested by ':1.4' (uid=1000 pid=3639571 comm="/usr/bin/dbus-broker-launch --config-file=/usr/sha")
dbus-daemon[3639328]: [session uid=1000 pid=3639328 pidfd=4] Activated service 'org.freedesktop.systemd1' failed: Process org.freedesktop.systemd1 exited with status 1
dbus-daemon[3639328]: [session uid=1000 pid=3639328 pidfd=4] Activating service name='org.freedesktop.systemd1' requested by ':1.4' (uid=1000 pid=3639571 comm="/usr/bin/dbus-broker-launch --config-file=/usr/sha")
dbus-daemon[3639328]: [session uid=1000 pid=3639328 pidfd=4] Activated service 'org.freedesktop.systemd1' failed: Process org.freedesktop.systemd1 exited with status 1
{"trial": "S1-062-modal-BASE-measured-r05", "mode": "step", "outcome": "verified", "oracle_exact_match": true, "completion_mutations": 1, "routes": ["provider", "provider"], "error": null, "la": "3.68", "prov": {"attempts": 0, "reached": 0}}
dbus-daemon[3639328]: [session uid=1000 pid=3639328 pidfd=4] Activating service name='org.freedesktop.systemd1' requested by ':1.4' (uid=1000 pid=3639571 comm="/usr/bin/dbus-broker-launch --config-file=/usr/sha")
dbus-daemon[3639328]: [session uid=1000 pid=3639328 pidfd=4] Activated service 'org.freedesktop.systemd1' failed: Process org.freedesktop.systemd1 exited with status 1
dbus-daemon[3639328]: [session uid=1000 pid=3639328 pidfd=4] Activating service name='org.freedesktop.systemd1' requested by ':1.4' (uid=1000 pid=3639571 comm="/usr/bin/dbus-broker-launch --config-file=/usr/sha")
dbus-daemon[3639328]: [session uid=1000 pid=3639328 pidfd=4] Activated service 'org.freedesktop.systemd1' failed: Process org.freedesktop.systemd1 exited with status 1
dbus-daemon[3639328]: [session uid=1000 pid=3639328 pidfd=4] Activating service name='org.freedesktop.systemd1' requested by ':1.4' (uid=1000 pid=3639571 comm="/usr/bin/dbus-broker-launch --config-file=/usr/sha")
dbus-daemon[3639328]: [session uid=1000 pid=3639328 pidfd=4] Activated service 'org.freedesktop.systemd1' failed: Process org.freedesktop.systemd1 exited with status 1
{"trial": "S1-063-modal-COMP_E-measured-r05", "mode": "step", "outcome": "verified", "oracle_exact_match": true, "completion_mutations": 1, "routes": ["provider", "provider"], "error": null, "la": "3.55", "prov": {"attempts": 0, "reached": 0}}
dbus-daemon[3639328]: [session uid=1000 pid=3639328 pidfd=4] Activating service name='org.freedesktop.systemd1' requested by ':1.4' (uid=1000 pid=3639571 comm="/usr/bin/dbus-broker-launch --config-file=/usr/sha")
dbus-daemon[3639328]: [session uid=1000 pid=3639328 pidfd=4] Activated service 'org.freedesktop.systemd1' failed: Process org.freedesktop.systemd1 exited with status 1
dbus-daemon[3639328]: [session uid=1000 pid=3639328 pidfd=4] Activating service name='org.freedesktop.systemd1' requested by ':1.4' (uid=1000 pid=3639571 comm="/usr/bin/dbus-broker-launch --config-file=/usr/sha")
dbus-daemon[3639328]: [session uid=1000 pid=3639328 pidfd=4] Activated service 'org.freedesktop.systemd1' failed: Process org.freedesktop.systemd1 exited with status 1
dbus-daemon[3639328]: [session uid=1000 pid=3639328 pidfd=4] Activating service name='org.freedesktop.systemd1' requested by ':1.4' (uid=1000 pid=3639571 comm="/usr/bin/dbus-broker-launch --config-file=/usr/sha")
dbus-daemon[3639328]: [session uid=1000 pid=3639328 pidfd=4] Activated service 'org.freedesktop.systemd1' failed: Process org.freedesktop.systemd1 exited with status 1
{"trial": "S1-064-fill-COMP-measured-r05", "mode": "replay", "outcome": "verified", "oracle_exact_match": true, "completion_mutations": 1, "routes": ["compiled"], "error": null, "la": "3.55", "prov": {"attempts": 0, "reached": 0}}
dbus-daemon[3639328]: [session uid=1000 pid=3639328 pidfd=4] Activating service name='org.freedesktop.systemd1' requested by ':1.4' (uid=1000 pid=3639571 comm="/usr/bin/dbus-broker-launch --config-file=/usr/sha")
dbus-daemon[3639328]: [session uid=1000 pid=3639328 pidfd=4] Activated service 'org.freedesktop.systemd1' failed: Process org.freedesktop.systemd1 exited with status 1
dbus-daemon[3639328]: [session uid=1000 pid=3639328 pidfd=4] Activating service name='org.freedesktop.systemd1' requested by ':1.4' (uid=1000 pid=3639571 comm="/usr/bin/dbus-broker-launch --config-file=/usr/sha")
dbus-daemon[3639328]: [session uid=1000 pid=3639328 pidfd=4] Activated service 'org.freedesktop.systemd1' failed: Process org.freedesktop.systemd1 exited with status 1
dbus-daemon[3639328]: [session uid=1000 pid=3639328 pidfd=4] Activating service name='org.freedesktop.systemd1' requested by ':1.4' (uid=1000 pid=3639571 comm="/usr/bin/dbus-broker-launch --config-file=/usr/sha")
dbus-daemon[3639328]: [session uid=1000 pid=3639328 pidfd=4] Activated service 'org.freedesktop.systemd1' failed: Process org.freedesktop.systemd1 exited with status 1
{"trial": "S1-065-fill-COMP_K-measured-r05", "mode": "replay", "outcome": "verified", "oracle_exact_match": true, "completion_mutations": 1, "routes": ["compiled"], "error": null, "la": "3.55", "prov": {"attempts": 0, "reached": 0}}
dbus-daemon[3639328]: [session uid=1000 pid=3639328 pidfd=4] Activating service name='org.freedesktop.systemd1' requested by ':1.4' (uid=1000 pid=3639571 comm="/usr/bin/dbus-broker-launch --config-file=/usr/sha")
dbus-daemon[3639328]: [session uid=1000 pid=3639328 pidfd=4] Activated service 'org.freedesktop.systemd1' failed: Process org.freedesktop.systemd1 exited with status 1
dbus-daemon[3639328]: [session uid=1000 pid=3639328 pidfd=4] Activating service name='org.freedesktop.systemd1' requested by ':1.4' (uid=1000 pid=3639571 comm="/usr/bin/dbus-broker-launch --config-file=/usr/sha")
dbus-daemon[3639328]: [session uid=1000 pid=3639328 pidfd=4] Activated service 'org.freedesktop.systemd1' failed: Process org.freedesktop.systemd1 exited with status 1
dbus-daemon[3639328]: [session uid=1000 pid=3639328 pidfd=4] Activating service name='org.freedesktop.systemd1' requested by ':1.4' (uid=1000 pid=3639571 comm="/usr/bin/dbus-broker-launch --config-file=/usr/sha")
dbus-daemon[3639328]: [session uid=1000 pid=3639328 pidfd=4] Activated service 'org.freedesktop.systemd1' failed: Process org.freedesktop.systemd1 exited with status 1
{"trial": "S1-066-fill-BASE-measured-r05", "mode": "step", "outcome": "verified", "oracle_exact_match": true, "completion_mutations": 1, "routes": ["provider", "provider"], "error": null, "la": "3.42", "prov": {"attempts": 0, "reached": 0}}
dbus-daemon[3639328]: [session uid=1000 pid=3639328 pidfd=4] Activating service name='org.freedesktop.systemd1' requested by ':1.4' (uid=1000 pid=3639571 comm="/usr/bin/dbus-broker-launch --config-file=/usr/sha")
dbus-daemon[3639328]: [session uid=1000 pid=3639328 pidfd=4] Activated service 'org.freedesktop.systemd1' failed: Process org.freedesktop.systemd1 exited with status 1
dbus-daemon[3639328]: [session uid=1000 pid=3639328 pidfd=4] Activating service name='org.freedesktop.systemd1' requested by ':1.4' (uid=1000 pid=3639571 comm="/usr/bin/dbus-broker-launch --config-file=/usr/sha")
dbus-daemon[3639328]: [session uid=1000 pid=3639328 pidfd=4] Activated service 'org.freedesktop.systemd1' failed: Process org.freedesktop.systemd1 exited with status 1
dbus-daemon[3639328]: [session uid=1000 pid=3639328 pidfd=4] Activating service name='org.freedesktop.systemd1' requested by ':1.4' (uid=1000 pid=3639571 comm="/usr/bin/dbus-broker-launch --config-file=/usr/sha")
dbus-daemon[3639328]: [session uid=1000 pid=3639328 pidfd=4] Activated service 'org.freedesktop.systemd1' failed: Process org.freedesktop.systemd1 exited with status 1
{"trial": "S1-067-fill-COMP_E-measured-r05", "mode": "replay", "outcome": "verified", "oracle_exact_match": true, "completion_mutations": 1, "routes": ["compiled"], "error": null, "la": "3.79", "prov": {"attempts": 0, "reached": 0}}
dbus-daemon[3639328]: [session uid=1000 pid=3639328 pidfd=4] Activating service name='org.freedesktop.systemd1' requested by ':1.4' (uid=1000 pid=3639571 comm="/usr/bin/dbus-broker-launch --config-file=/usr/sha")
dbus-daemon[3639328]: [session uid=1000 pid=3639328 pidfd=4] Activated service 'org.freedesktop.systemd1' failed: Process org.freedesktop.systemd1 exited with status 1
dbus-daemon[3639328]: [session uid=1000 pid=3639328 pidfd=4] Activating service name='org.freedesktop.systemd1' requested by ':1.4' (uid=1000 pid=3639571 comm="/usr/bin/dbus-broker-launch --config-file=/usr/sha")
dbus-daemon[3639328]: [session uid=1000 pid=3639328 pidfd=4] Activated service 'org.freedesktop.systemd1' failed: Process org.freedesktop.systemd1 exited with status 1
dbus-daemon[3639328]: [session uid=1000 pid=3639328 pidfd=4] Activating service name='org.freedesktop.systemd1' requested by ':1.4' (uid=1000 pid=3639571 comm="/usr/bin/dbus-broker-launch --config-file=/usr/sha")
dbus-daemon[3639328]: [session uid=1000 pid=3639328 pidfd=4] Activated service 'org.freedesktop.systemd1' failed: Process org.freedesktop.systemd1 exited with status 1
{"trial": "S1-068-toggle-COMP-measured-r05", "mode": "step", "outcome": "verified", "oracle_exact_match": true, "completion_mutations": 1, "routes": ["provider", "provider"], "error": null, "la": "3.79", "prov": {"attempts": 0, "reached": 0}}
dbus-daemon[3639328]: [session uid=1000 pid=3639328 pidfd=4] Activating service name='org.freedesktop.systemd1' requested by ':1.4' (uid=1000 pid=3639571 comm="/usr/bin/dbus-broker-launch --config-file=/usr/sha")
dbus-daemon[3639328]: [session uid=1000 pid=3639328 pidfd=4] Activated service 'org.freedesktop.systemd1' failed: Process org.freedesktop.systemd1 exited with status 1
dbus-daemon[3639328]: [session uid=1000 pid=3639328 pidfd=4] Activating service name='org.freedesktop.systemd1' requested by ':1.4' (uid=1000 pid=3639571 comm="/usr/bin/dbus-broker-launch --config-file=/usr/sha")
dbus-daemon[3639328]: [session uid=1000 pid=3639328 pidfd=4] Activated service 'org.freedesktop.systemd1' failed: Process org.freedesktop.systemd1 exited with status 1
dbus-daemon[3639328]: [session uid=1000 pid=3639328 pidfd=4] Activating service name='org.freedesktop.systemd1' requested by ':1.4' (uid=1000 pid=3639571 comm="/usr/bin/dbus-broker-launch --config-file=/usr/sha")
dbus-daemon[3639328]: [session uid=1000 pid=3639328 pidfd=4] Activated service 'org.freedesktop.systemd1' failed: Process org.freedesktop.systemd1 exited with status 1
{"trial": "S1-069-toggle-COMP_K-measured-r05", "mode": "step", "outcome": "verified", "oracle_exact_match": true, "completion_mutations": 1, "routes": ["provider", "provider"], "error": null, "la": "3.79", "prov": {"attempts": 0, "reached": 0}}
dbus-daemon[3639328]: [session uid=1000 pid=3639328 pidfd=4] Activating service name='org.freedesktop.systemd1' requested by ':1.4' (uid=1000 pid=3639571 comm="/usr/bin/dbus-broker-launch --config-file=/usr/sha")
dbus-daemon[3639328]: [session uid=1000 pid=3639328 pidfd=4] Activated service 'org.freedesktop.systemd1' failed: Process org.freedesktop.systemd1 exited with status 1
dbus-daemon[3639328]: [session uid=1000 pid=3639328 pidfd=4] Activating service name='org.freedesktop.systemd1' requested by ':1.4' (uid=1000 pid=3639571 comm="/usr/bin/dbus-broker-launch --config-file=/usr/sha")
dbus-daemon[3639328]: [session uid=1000 pid=3639328 pidfd=4] Activated service 'org.freedesktop.systemd1' failed: Process org.freedesktop.systemd1 exited with status 1
dbus-daemon[3639328]: [session uid=1000 pid=3639328 pidfd=4] Activating service name='org.freedesktop.systemd1' requested by ':1.4' (uid=1000 pid=3639571 comm="/usr/bin/dbus-broker-launch --config-file=/usr/sha")
dbus-daemon[3639328]: [session uid=1000 pid=3639328 pidfd=4] Activated service 'org.freedesktop.systemd1' failed: Process org.freedesktop.systemd1 exited with status 1
{"trial": "S1-070-toggle-BASE-measured-r05", "mode": "step", "outcome": "verified", "oracle_exact_match": true, "completion_mutations": 1, "routes": ["provider", "provider"], "error": null, "la": "4.69", "prov": {"attempts": 0, "reached": 0}}
dbus-daemon[3639328]: [session uid=1000 pid=3639328 pidfd=4] Activating service name='org.freedesktop.systemd1' requested by ':1.4' (uid=1000 pid=3639571 comm="/usr/bin/dbus-broker-launch --config-file=/usr/sha")
dbus-daemon[3639328]: [session uid=1000 pid=3639328 pidfd=4] Activated service 'org.freedesktop.systemd1' failed: Process org.freedesktop.systemd1 exited with status 1
dbus-daemon[3639328]: [session uid=1000 pid=3639328 pidfd=4] Activating service name='org.freedesktop.systemd1' requested by ':1.4' (uid=1000 pid=3639571 comm="/usr/bin/dbus-broker-launch --config-file=/usr/sha")
dbus-daemon[3639328]: [session uid=1000 pid=3639328 pidfd=4] Activated service 'org.freedesktop.systemd1' failed: Process org.freedesktop.systemd1 exited with status 1
dbus-daemon[3639328]: [session uid=1000 pid=3639328 pidfd=4] Activating service name='org.freedesktop.systemd1' requested by ':1.4' (uid=1000 pid=3639571 comm="/usr/bin/dbus-broker-launch --config-file=/usr/sha")
dbus-daemon[3639328]: [session uid=1000 pid=3639328 pidfd=4] Activated service 'org.freedesktop.systemd1' failed: Process org.freedesktop.systemd1 exited with status 1
{"trial": "S1-071-toggle-COMP_E-measured-r05", "mode": "step", "outcome": "verified", "oracle_exact_match": true, "completion_mutations": 1, "routes": ["provider", "provider"], "error": null, "la": "4.63", "prov": {"attempts": 0, "reached": 0}}
dbus-daemon[3639328]: [session uid=1000 pid=3639328 pidfd=4] Activating service name='org.freedesktop.systemd1' requested by ':1.4' (uid=1000 pid=3639571 comm="/usr/bin/dbus-broker-launch --config-file=/usr/sha")
dbus-daemon[3639328]: [session uid=1000 pid=3639328 pidfd=4] Activated service 'org.freedesktop.systemd1' failed: Process org.freedesktop.systemd1 exited with status 1
dbus-daemon[3639328]: [session uid=1000 pid=3639328 pidfd=4] Activating service name='org.freedesktop.systemd1' requested by ':1.4' (uid=1000 pid=3639571 comm="/usr/bin/dbus-broker-launch --config-file=/usr/sha")
dbus-daemon[3639328]: [session uid=1000 pid=3639328 pidfd=4] Activated service 'org.freedesktop.systemd1' failed: Process org.freedesktop.systemd1 exited with status 1
dbus-daemon[3639328]: [session uid=1000 pid=3639328 pidfd=4] Activating service name='org.freedesktop.systemd1' requested by ':1.4' (uid=1000 pid=3639571 comm="/usr/bin/dbus-broker-launch --config-file=/usr/sha")
dbus-daemon[3639328]: [session uid=1000 pid=3639328 pidfd=4] Activated service 'org.freedesktop.systemd1' failed: Process org.freedesktop.systemd1 exited with status 1
{"trial": "S1-072-fill-COMP_K-measured-r06", "mode": "replay", "outcome": "verified", "oracle_exact_match": true, "completion_mutations": 1, "routes": ["compiled"], "error": null, "la": "4.63", "prov": {"attempts": 0, "reached": 0}}
dbus-daemon[3639328]: [session uid=1000 pid=3639328 pidfd=4] Activating service name='org.freedesktop.systemd1' requested by ':1.4' (uid=1000 pid=3639571 comm="/usr/bin/dbus-broker-launch --config-file=/usr/sha")
dbus-daemon[3639328]: [session uid=1000 pid=3639328 pidfd=4] Activated service 'org.freedesktop.systemd1' failed: Process org.freedesktop.systemd1 exited with status 1
dbus-daemon[3639328]: [session uid=1000 pid=3639328 pidfd=4] Activating service name='org.freedesktop.systemd1' requested by ':1.4' (uid=1000 pid=3639571 comm="/usr/bin/dbus-broker-launch --config-file=/usr/sha")
dbus-daemon[3639328]: [session uid=1000 pid=3639328 pidfd=4] Activated service 'org.freedesktop.systemd1' failed: Process org.freedesktop.systemd1 exited with status 1
dbus-daemon[3639328]: [session uid=1000 pid=3639328 pidfd=4] Activating service name='org.freedesktop.systemd1' requested by ':1.4' (uid=1000 pid=3639571 comm="/usr/bin/dbus-broker-launch --config-file=/usr/sha")
dbus-daemon[3639328]: [session uid=1000 pid=3639328 pidfd=4] Activated service 'org.freedesktop.systemd1' failed: Process org.freedesktop.systemd1 exited with status 1
{"trial": "S1-073-fill-COMP_E-measured-r06", "mode": "replay", "outcome": "verified", "oracle_exact_match": true, "completion_mutations": 1, "routes": ["compiled"], "error": null, "la": "4.66", "prov": {"attempts": 0, "reached": 0}}
dbus-daemon[3639328]: [session uid=1000 pid=3639328 pidfd=4] Activating service name='org.freedesktop.systemd1' requested by ':1.4' (uid=1000 pid=3639571 comm="/usr/bin/dbus-broker-launch --config-file=/usr/sha")
dbus-daemon[3639328]: [session uid=1000 pid=3639328 pidfd=4] Activated service 'org.freedesktop.systemd1' failed: Process org.freedesktop.systemd1 exited with status 1
dbus-daemon[3639328]: [session uid=1000 pid=3639328 pidfd=4] Activating service name='org.freedesktop.systemd1' requested by ':1.4' (uid=1000 pid=3639571 comm="/usr/bin/dbus-broker-launch --config-file=/usr/sha")
dbus-daemon[3639328]: [session uid=1000 pid=3639328 pidfd=4] Activated service 'org.freedesktop.systemd1' failed: Process org.freedesktop.systemd1 exited with status 1
dbus-daemon[3639328]: [session uid=1000 pid=3639328 pidfd=4] Activating service name='org.freedesktop.systemd1' requested by ':1.4' (uid=1000 pid=3639571 comm="/usr/bin/dbus-broker-launch --config-file=/usr/sha")
dbus-daemon[3639328]: [session uid=1000 pid=3639328 pidfd=4] Activated service 'org.freedesktop.systemd1' failed: Process org.freedesktop.systemd1 exited with status 1
{"trial": "S1-074-fill-COMP-measured-r06", "mode": "replay", "outcome": "verified", "oracle_exact_match": true, "completion_mutations": 1, "routes": ["compiled"], "error": null, "la": "4.66", "prov": {"attempts": 0, "reached": 0}}
dbus-daemon[3639328]: [session uid=1000 pid=3639328 pidfd=4] Activating service name='org.freedesktop.systemd1' requested by ':1.4' (uid=1000 pid=3639571 comm="/usr/bin/dbus-broker-launch --config-file=/usr/sha")
dbus-daemon[3639328]: [session uid=1000 pid=3639328 pidfd=4] Activated service 'org.freedesktop.systemd1' failed: Process org.freedesktop.systemd1 exited with status 1
dbus-daemon[3639328]: [session uid=1000 pid=3639328 pidfd=4] Activating service name='org.freedesktop.systemd1' requested by ':1.4' (uid=1000 pid=3639571 comm="/usr/bin/dbus-broker-launch --config-file=/usr/sha")
dbus-daemon[3639328]: [session uid=1000 pid=3639328 pidfd=4] Activated service 'org.freedesktop.systemd1' failed: Process org.freedesktop.systemd1 exited with status 1
dbus-daemon[3639328]: [session uid=1000 pid=3639328 pidfd=4] Activating service name='org.freedesktop.systemd1' requested by ':1.4' (uid=1000 pid=3639571 comm="/usr/bin/dbus-broker-launch --config-file=/usr/sha")
dbus-daemon[3639328]: [session uid=1000 pid=3639328 pidfd=4] Activated service 'org.freedesktop.systemd1' failed: Process org.freedesktop.systemd1 exited with status 1
{"trial": "S1-075-fill-BASE-measured-r06", "mode": "step", "outcome": "verified", "oracle_exact_match": true, "completion_mutations": 1, "routes": ["provider", "provider"], "error": null, "la": "4.66", "prov": {"attempts": 0, "reached": 0}}
dbus-daemon[3639328]: [session uid=1000 pid=3639328 pidfd=4] Activating service name='org.freedesktop.systemd1' requested by ':1.4' (uid=1000 pid=3639571 comm="/usr/bin/dbus-broker-launch --config-file=/usr/sha")
dbus-daemon[3639328]: [session uid=1000 pid=3639328 pidfd=4] Activated service 'org.freedesktop.systemd1' failed: Process org.freedesktop.systemd1 exited with status 1
dbus-daemon[3639328]: [session uid=1000 pid=3639328 pidfd=4] Activating service name='org.freedesktop.systemd1' requested by ':1.4' (uid=1000 pid=3639571 comm="/usr/bin/dbus-broker-launch --config-file=/usr/sha")
dbus-daemon[3639328]: [session uid=1000 pid=3639328 pidfd=4] Activated service 'org.freedesktop.systemd1' failed: Process org.freedesktop.systemd1 exited with status 1
dbus-daemon[3639328]: [session uid=1000 pid=3639328 pidfd=4] Activating service name='org.freedesktop.systemd1' requested by ':1.4' (uid=1000 pid=3639571 comm="/usr/bin/dbus-broker-launch --config-file=/usr/sha")
dbus-daemon[3639328]: [session uid=1000 pid=3639328 pidfd=4] Activated service 'org.freedesktop.systemd1' failed: Process org.freedesktop.systemd1 exited with status 1
{"trial": "S1-076-toggle-COMP_K-measured-r06", "mode": "step", "outcome": "verified", "oracle_exact_match": true, "completion_mutations": 1, "routes": ["provider", "provider"], "error": null, "la": "4.45", "prov": {"attempts": 0, "reached": 0}}
dbus-daemon[3639328]: [session uid=1000 pid=3639328 pidfd=4] Activating service name='org.freedesktop.systemd1' requested by ':1.4' (uid=1000 pid=3639571 comm="/usr/bin/dbus-broker-launch --config-file=/usr/sha")
dbus-daemon[3639328]: [session uid=1000 pid=3639328 pidfd=4] Activated service 'org.freedesktop.systemd1' failed: Process org.freedesktop.systemd1 exited with status 1
dbus-daemon[3639328]: [session uid=1000 pid=3639328 pidfd=4] Activating service name='org.freedesktop.systemd1' requested by ':1.4' (uid=1000 pid=3639571 comm="/usr/bin/dbus-broker-launch --config-file=/usr/sha")
dbus-daemon[3639328]: [session uid=1000 pid=3639328 pidfd=4] Activated service 'org.freedesktop.systemd1' failed: Process org.freedesktop.systemd1 exited with status 1
dbus-daemon[3639328]: [session uid=1000 pid=3639328 pidfd=4] Activating service name='org.freedesktop.systemd1' requested by ':1.4' (uid=1000 pid=3639571 comm="/usr/bin/dbus-broker-launch --config-file=/usr/sha")
dbus-daemon[3639328]: [session uid=1000 pid=3639328 pidfd=4] Activated service 'org.freedesktop.systemd1' failed: Process org.freedesktop.systemd1 exited with status 1
{"trial": "S1-077-toggle-COMP_E-measured-r06", "mode": "step", "outcome": "verified", "oracle_exact_match": true, "completion_mutations": 1, "routes": ["provider", "provider"], "error": null, "la": "4.25", "prov": {"attempts": 0, "reached": 0}}
dbus-daemon[3639328]: [session uid=1000 pid=3639328 pidfd=4] Activating service name='org.freedesktop.systemd1' requested by ':1.4' (uid=1000 pid=3639571 comm="/usr/bin/dbus-broker-launch --config-file=/usr/sha")
dbus-daemon[3639328]: [session uid=1000 pid=3639328 pidfd=4] Activated service 'org.freedesktop.systemd1' failed: Process org.freedesktop.systemd1 exited with status 1
dbus-daemon[3639328]: [session uid=1000 pid=3639328 pidfd=4] Activating service name='org.freedesktop.systemd1' requested by ':1.4' (uid=1000 pid=3639571 comm="/usr/bin/dbus-broker-launch --config-file=/usr/sha")
dbus-daemon[3639328]: [session uid=1000 pid=3639328 pidfd=4] Activated service 'org.freedesktop.systemd1' failed: Process org.freedesktop.systemd1 exited with status 1
dbus-daemon[3639328]: [session uid=1000 pid=3639328 pidfd=4] Activating service name='org.freedesktop.systemd1' requested by ':1.4' (uid=1000 pid=3639571 comm="/usr/bin/dbus-broker-launch --config-file=/usr/sha")
dbus-daemon[3639328]: [session uid=1000 pid=3639328 pidfd=4] Activated service 'org.freedesktop.systemd1' failed: Process org.freedesktop.systemd1 exited with status 1
{"trial": "S1-078-toggle-COMP-measured-r06", "mode": "step", "outcome": "verified", "oracle_exact_match": true, "completion_mutations": 1, "routes": ["provider", "provider"], "error": null, "la": "4.25", "prov": {"attempts": 0, "reached": 0}}
dbus-daemon[3639328]: [session uid=1000 pid=3639328 pidfd=4] Activating service name='org.freedesktop.systemd1' requested by ':1.4' (uid=1000 pid=3639571 comm="/usr/bin/dbus-broker-launch --config-file=/usr/sha")
dbus-daemon[3639328]: [session uid=1000 pid=3639328 pidfd=4] Activated service 'org.freedesktop.systemd1' failed: Process org.freedesktop.systemd1 exited with status 1
dbus-daemon[3639328]: [session uid=1000 pid=3639328 pidfd=4] Activating service name='org.freedesktop.systemd1' requested by ':1.4' (uid=1000 pid=3639571 comm="/usr/bin/dbus-broker-launch --config-file=/usr/sha")
dbus-daemon[3639328]: [session uid=1000 pid=3639328 pidfd=4] Activated service 'org.freedesktop.systemd1' failed: Process org.freedesktop.systemd1 exited with status 1
dbus-daemon[3639328]: [session uid=1000 pid=3639328 pidfd=4] Activating service name='org.freedesktop.systemd1' requested by ':1.4' (uid=1000 pid=3639571 comm="/usr/bin/dbus-broker-launch --config-file=/usr/sha")
dbus-daemon[3639328]: [session uid=1000 pid=3639328 pidfd=4] Activated service 'org.freedesktop.systemd1' failed: Process org.freedesktop.systemd1 exited with status 1
{"trial": "S1-079-toggle-BASE-measured-r06", "mode": "step", "outcome": "verified", "oracle_exact_match": true, "completion_mutations": 1, "routes": ["provider", "provider"], "error": null, "la": "4.25", "prov": {"attempts": 0, "reached": 0}}
dbus-daemon[3639328]: [session uid=1000 pid=3639328 pidfd=4] Activating service name='org.freedesktop.systemd1' requested by ':1.4' (uid=1000 pid=3639571 comm="/usr/bin/dbus-broker-launch --config-file=/usr/sha")
dbus-daemon[3639328]: [session uid=1000 pid=3639328 pidfd=4] Activated service 'org.freedesktop.systemd1' failed: Process org.freedesktop.systemd1 exited with status 1
dbus-daemon[3639328]: [session uid=1000 pid=3639328 pidfd=4] Activating service name='org.freedesktop.systemd1' requested by ':1.4' (uid=1000 pid=3639571 comm="/usr/bin/dbus-broker-launch --config-file=/usr/sha")
dbus-daemon[3639328]: [session uid=1000 pid=3639328 pidfd=4] Activated service 'org.freedesktop.systemd1' failed: Process org.freedesktop.systemd1 exited with status 1
dbus-daemon[3639328]: [session uid=1000 pid=3639328 pidfd=4] Activating service name='org.freedesktop.systemd1' requested by ':1.4' (uid=1000 pid=3639571 comm="/usr/bin/dbus-broker-launch --config-file=/usr/sha")
dbus-daemon[3639328]: [session uid=1000 pid=3639328 pidfd=4] Activated service 'org.freedesktop.systemd1' failed: Process org.freedesktop.systemd1 exited with status 1
{"trial": "S1-080-modal-COMP_K-measured-r06", "mode": "step", "outcome": "verified", "oracle_exact_match": true, "completion_mutations": 1, "routes": ["provider", "provider"], "error": null, "la": "4.07", "prov": {"attempts": 0, "reached": 0}}
dbus-daemon[3639328]: [session uid=1000 pid=3639328 pidfd=4] Activating service name='org.freedesktop.systemd1' requested by ':1.4' (uid=1000 pid=3639571 comm="/usr/bin/dbus-broker-launch --config-file=/usr/sha")
dbus-daemon[3639328]: [session uid=1000 pid=3639328 pidfd=4] Activated service 'org.freedesktop.systemd1' failed: Process org.freedesktop.systemd1 exited with status 1
dbus-daemon[3639328]: [session uid=1000 pid=3639328 pidfd=4] Activating service name='org.freedesktop.systemd1' requested by ':1.4' (uid=1000 pid=3639571 comm="/usr/bin/dbus-broker-launch --config-file=/usr/sha")
dbus-daemon[3639328]: [session uid=1000 pid=3639328 pidfd=4] Activated service 'org.freedesktop.systemd1' failed: Process org.freedesktop.systemd1 exited with status 1
dbus-daemon[3639328]: [session uid=1000 pid=3639328 pidfd=4] Activating service name='org.freedesktop.systemd1' requested by ':1.4' (uid=1000 pid=3639571 comm="/usr/bin/dbus-broker-launch --config-file=/usr/sha")
dbus-daemon[3639328]: [session uid=1000 pid=3639328 pidfd=4] Activated service 'org.freedesktop.systemd1' failed: Process org.freedesktop.systemd1 exited with status 1
{"trial": "S1-081-modal-COMP_E-measured-r06", "mode": "step", "outcome": "verified", "oracle_exact_match": true, "completion_mutations": 1, "routes": ["provider", "provider"], "error": null, "la": "4.07", "prov": {"attempts": 0, "reached": 0}}
dbus-daemon[3639328]: [session uid=1000 pid=3639328 pidfd=4] Activating service name='org.freedesktop.systemd1' requested by ':1.4' (uid=1000 pid=3639571 comm="/usr/bin/dbus-broker-launch --config-file=/usr/sha")
dbus-daemon[3639328]: [session uid=1000 pid=3639328 pidfd=4] Activated service 'org.freedesktop.systemd1' failed: Process org.freedesktop.systemd1 exited with status 1
dbus-daemon[3639328]: [session uid=1000 pid=3639328 pidfd=4] Activating service name='org.freedesktop.systemd1' requested by ':1.4' (uid=1000 pid=3639571 comm="/usr/bin/dbus-broker-launch --config-file=/usr/sha")
dbus-daemon[3639328]: [session uid=1000 pid=3639328 pidfd=4] Activated service 'org.freedesktop.systemd1' failed: Process org.freedesktop.systemd1 exited with status 1
dbus-daemon[3639328]: [session uid=1000 pid=3639328 pidfd=4] Activating service name='org.freedesktop.systemd1' requested by ':1.4' (uid=1000 pid=3639571 comm="/usr/bin/dbus-broker-launch --config-file=/usr/sha")
dbus-daemon[3639328]: [session uid=1000 pid=3639328 pidfd=4] Activated service 'org.freedesktop.systemd1' failed: Process org.freedesktop.systemd1 exited with status 1
{"trial": "S1-082-modal-COMP-measured-r06", "mode": "step", "outcome": "verified", "oracle_exact_match": true, "completion_mutations": 1, "routes": ["provider", "provider"], "error": null, "la": "3.91", "prov": {"attempts": 0, "reached": 0}}
dbus-daemon[3639328]: [session uid=1000 pid=3639328 pidfd=4] Activating service name='org.freedesktop.systemd1' requested by ':1.4' (uid=1000 pid=3639571 comm="/usr/bin/dbus-broker-launch --config-file=/usr/sha")
dbus-daemon[3639328]: [session uid=1000 pid=3639328 pidfd=4] Activated service 'org.freedesktop.systemd1' failed: Process org.freedesktop.systemd1 exited with status 1
dbus-daemon[3639328]: [session uid=1000 pid=3639328 pidfd=4] Activating service name='org.freedesktop.systemd1' requested by ':1.4' (uid=1000 pid=3639571 comm="/usr/bin/dbus-broker-launch --config-file=/usr/sha")
dbus-daemon[3639328]: [session uid=1000 pid=3639328 pidfd=4] Activated service 'org.freedesktop.systemd1' failed: Process org.freedesktop.systemd1 exited with status 1
dbus-daemon[3639328]: [session uid=1000 pid=3639328 pidfd=4] Activating service name='org.freedesktop.systemd1' requested by ':1.4' (uid=1000 pid=3639571 comm="/usr/bin/dbus-broker-launch --config-file=/usr/sha")
dbus-daemon[3639328]: [session uid=1000 pid=3639328 pidfd=4] Activated service 'org.freedesktop.systemd1' failed: Process org.freedesktop.systemd1 exited with status 1
{"trial": "S1-083-modal-BASE-measured-r06", "mode": "step", "outcome": "verified", "oracle_exact_match": true, "completion_mutations": 1, "routes": ["provider", "provider"], "error": null, "la": "3.91", "prov": {"attempts": 0, "reached": 0}}
dbus-daemon[3639328]: [session uid=1000 pid=3639328 pidfd=4] Activating service name='org.freedesktop.systemd1' requested by ':1.4' (uid=1000 pid=3639571 comm="/usr/bin/dbus-broker-launch --config-file=/usr/sha")
dbus-daemon[3639328]: [session uid=1000 pid=3639328 pidfd=4] Activated service 'org.freedesktop.systemd1' failed: Process org.freedesktop.systemd1 exited with status 1
dbus-daemon[3639328]: [session uid=1000 pid=3639328 pidfd=4] Activating service name='org.freedesktop.systemd1' requested by ':1.4' (uid=1000 pid=3639571 comm="/usr/bin/dbus-broker-launch --config-file=/usr/sha")
dbus-daemon[3639328]: [session uid=1000 pid=3639328 pidfd=4] Activated service 'org.freedesktop.systemd1' failed: Process org.freedesktop.systemd1 exited with status 1
dbus-daemon[3639328]: [session uid=1000 pid=3639328 pidfd=4] Activating service name='org.freedesktop.systemd1' requested by ':1.4' (uid=1000 pid=3639571 comm="/usr/bin/dbus-broker-launch --config-file=/usr/sha")
dbus-daemon[3639328]: [session uid=1000 pid=3639328 pidfd=4] Activated service 'org.freedesktop.systemd1' failed: Process org.freedesktop.systemd1 exited with status 1
{"trial": "S1-084-toggle-COMP_E-measured-r07", "mode": "step", "outcome": "verified", "oracle_exact_match": true, "completion_mutations": 1, "routes": ["provider", "provider"], "error": null, "la": "3.67", "prov": {"attempts": 0, "reached": 0}}
dbus-daemon[3639328]: [session uid=1000 pid=3639328 pidfd=4] Activating service name='org.freedesktop.systemd1' requested by ':1.4' (uid=1000 pid=3639571 comm="/usr/bin/dbus-broker-launch --config-file=/usr/sha")
dbus-daemon[3639328]: [session uid=1000 pid=3639328 pidfd=4] Activated service 'org.freedesktop.systemd1' failed: Process org.freedesktop.systemd1 exited with status 1
dbus-daemon[3639328]: [session uid=1000 pid=3639328 pidfd=4] Activating service name='org.freedesktop.systemd1' requested by ':1.4' (uid=1000 pid=3639571 comm="/usr/bin/dbus-broker-launch --config-file=/usr/sha")
dbus-daemon[3639328]: [session uid=1000 pid=3639328 pidfd=4] Activated service 'org.freedesktop.systemd1' failed: Process org.freedesktop.systemd1 exited with status 1
dbus-daemon[3639328]: [session uid=1000 pid=3639328 pidfd=4] Activating service name='org.freedesktop.systemd1' requested by ':1.4' (uid=1000 pid=3639571 comm="/usr/bin/dbus-broker-launch --config-file=/usr/sha")
dbus-daemon[3639328]: [session uid=1000 pid=3639328 pidfd=4] Activated service 'org.freedesktop.systemd1' failed: Process org.freedesktop.systemd1 exited with status 1
{"trial": "S1-085-toggle-BASE-measured-r07", "mode": "step", "outcome": "verified", "oracle_exact_match": true, "completion_mutations": 1, "routes": ["provider", "provider"], "error": null, "la": "3.67", "prov": {"attempts": 0, "reached": 0}}
dbus-daemon[3639328]: [session uid=1000 pid=3639328 pidfd=4] Activating service name='org.freedesktop.systemd1' requested by ':1.4' (uid=1000 pid=3639571 comm="/usr/bin/dbus-broker-launch --config-file=/usr/sha")
dbus-daemon[3639328]: [session uid=1000 pid=3639328 pidfd=4] Activated service 'org.freedesktop.systemd1' failed: Process org.freedesktop.systemd1 exited with status 1
dbus-daemon[3639328]: [session uid=1000 pid=3639328 pidfd=4] Activating service name='org.freedesktop.systemd1' requested by ':1.4' (uid=1000 pid=3639571 comm="/usr/bin/dbus-broker-launch --config-file=/usr/sha")
dbus-daemon[3639328]: [session uid=1000 pid=3639328 pidfd=4] Activated service 'org.freedesktop.systemd1' failed: Process org.freedesktop.systemd1 exited with status 1
dbus-daemon[3639328]: [session uid=1000 pid=3639328 pidfd=4] Activating service name='org.freedesktop.systemd1' requested by ':1.4' (uid=1000 pid=3639571 comm="/usr/bin/dbus-broker-launch --config-file=/usr/sha")
dbus-daemon[3639328]: [session uid=1000 pid=3639328 pidfd=4] Activated service 'org.freedesktop.systemd1' failed: Process org.freedesktop.systemd1 exited with status 1
{"trial": "S1-086-toggle-COMP_K-measured-r07", "mode": "step", "outcome": "verified", "oracle_exact_match": true, "completion_mutations": 1, "routes": ["provider", "provider"], "error": null, "la": "3.67", "prov": {"attempts": 0, "reached": 0}}
dbus-daemon[3639328]: [session uid=1000 pid=3639328 pidfd=4] Activating service name='org.freedesktop.systemd1' requested by ':1.4' (uid=1000 pid=3639571 comm="/usr/bin/dbus-broker-launch --config-file=/usr/sha")
dbus-daemon[3639328]: [session uid=1000 pid=3639328 pidfd=4] Activated service 'org.freedesktop.systemd1' failed: Process org.freedesktop.systemd1 exited with status 1
dbus-daemon[3639328]: [session uid=1000 pid=3639328 pidfd=4] Activating service name='org.freedesktop.systemd1' requested by ':1.4' (uid=1000 pid=3639571 comm="/usr/bin/dbus-broker-launch --config-file=/usr/sha")
dbus-daemon[3639328]: [session uid=1000 pid=3639328 pidfd=4] Activated service 'org.freedesktop.systemd1' failed: Process org.freedesktop.systemd1 exited with status 1
dbus-daemon[3639328]: [session uid=1000 pid=3639328 pidfd=4] Activating service name='org.freedesktop.systemd1' requested by ':1.4' (uid=1000 pid=3639571 comm="/usr/bin/dbus-broker-launch --config-file=/usr/sha")
dbus-daemon[3639328]: [session uid=1000 pid=3639328 pidfd=4] Activated service 'org.freedesktop.systemd1' failed: Process org.freedesktop.systemd1 exited with status 1
{"trial": "S1-087-toggle-COMP-measured-r07", "mode": "step", "outcome": "verified", "oracle_exact_match": true, "completion_mutations": 1, "routes": ["provider", "provider"], "error": null, "la": "4.34", "prov": {"attempts": 0, "reached": 0}}
dbus-daemon[3639328]: [session uid=1000 pid=3639328 pidfd=4] Activating service name='org.freedesktop.systemd1' requested by ':1.4' (uid=1000 pid=3639571 comm="/usr/bin/dbus-broker-launch --config-file=/usr/sha")
dbus-daemon[3639328]: [session uid=1000 pid=3639328 pidfd=4] Activated service 'org.freedesktop.systemd1' failed: Process org.freedesktop.systemd1 exited with status 1
dbus-daemon[3639328]: [session uid=1000 pid=3639328 pidfd=4] Activating service name='org.freedesktop.systemd1' requested by ':1.4' (uid=1000 pid=3639571 comm="/usr/bin/dbus-broker-launch --config-file=/usr/sha")
dbus-daemon[3639328]: [session uid=1000 pid=3639328 pidfd=4] Activated service 'org.freedesktop.systemd1' failed: Process org.freedesktop.systemd1 exited with status 1
dbus-daemon[3639328]: [session uid=1000 pid=3639328 pidfd=4] Activating service name='org.freedesktop.systemd1' requested by ':1.4' (uid=1000 pid=3639571 comm="/usr/bin/dbus-broker-launch --config-file=/usr/sha")
dbus-daemon[3639328]: [session uid=1000 pid=3639328 pidfd=4] Activated service 'org.freedesktop.systemd1' failed: Process org.freedesktop.systemd1 exited with status 1
{"trial": "S1-088-modal-COMP_E-measured-r07", "mode": "step", "outcome": "verified", "oracle_exact_match": true, "completion_mutations": 1, "routes": ["provider", "provider"], "error": null, "la": "4.34", "prov": {"attempts": 0, "reached": 0}}
dbus-daemon[3639328]: [session uid=1000 pid=3639328 pidfd=4] Activating service name='org.freedesktop.systemd1' requested by ':1.4' (uid=1000 pid=3639571 comm="/usr/bin/dbus-broker-launch --config-file=/usr/sha")
dbus-daemon[3639328]: [session uid=1000 pid=3639328 pidfd=4] Activated service 'org.freedesktop.systemd1' failed: Process org.freedesktop.systemd1 exited with status 1
dbus-daemon[3639328]: [session uid=1000 pid=3639328 pidfd=4] Activating service name='org.freedesktop.systemd1' requested by ':1.4' (uid=1000 pid=3639571 comm="/usr/bin/dbus-broker-launch --config-file=/usr/sha")
dbus-daemon[3639328]: [session uid=1000 pid=3639328 pidfd=4] Activated service 'org.freedesktop.systemd1' failed: Process org.freedesktop.systemd1 exited with status 1
dbus-daemon[3639328]: [session uid=1000 pid=3639328 pidfd=4] Activating service name='org.freedesktop.systemd1' requested by ':1.4' (uid=1000 pid=3639571 comm="/usr/bin/dbus-broker-launch --config-file=/usr/sha")
dbus-daemon[3639328]: [session uid=1000 pid=3639328 pidfd=4] Activated service 'org.freedesktop.systemd1' failed: Process org.freedesktop.systemd1 exited with status 1
{"trial": "S1-089-modal-BASE-measured-r07", "mode": "step", "outcome": "verified", "oracle_exact_match": true, "completion_mutations": 1, "routes": ["provider", "provider"], "error": null, "la": "4.34", "prov": {"attempts": 0, "reached": 0}}
dbus-daemon[3639328]: [session uid=1000 pid=3639328 pidfd=4] Activating service name='org.freedesktop.systemd1' requested by ':1.4' (uid=1000 pid=3639571 comm="/usr/bin/dbus-broker-launch --config-file=/usr/sha")
dbus-daemon[3639328]: [session uid=1000 pid=3639328 pidfd=4] Activated service 'org.freedesktop.systemd1' failed: Process org.freedesktop.systemd1 exited with status 1
dbus-daemon[3639328]: [session uid=1000 pid=3639328 pidfd=4] Activating service name='org.freedesktop.systemd1' requested by ':1.4' (uid=1000 pid=3639571 comm="/usr/bin/dbus-broker-launch --config-file=/usr/sha")
dbus-daemon[3639328]: [session uid=1000 pid=3639328 pidfd=4] Activated service 'org.freedesktop.systemd1' failed: Process org.freedesktop.systemd1 exited with status 1
dbus-daemon[3639328]: [session uid=1000 pid=3639328 pidfd=4] Activating service name='org.freedesktop.systemd1' requested by ':1.4' (uid=1000 pid=3639571 comm="/usr/bin/dbus-broker-launch --config-file=/usr/sha")
dbus-daemon[3639328]: [session uid=1000 pid=3639328 pidfd=4] Activated service 'org.freedesktop.systemd1' failed: Process org.freedesktop.systemd1 exited with status 1
{"trial": "S1-090-modal-COMP_K-measured-r07", "mode": "step", "outcome": "verified", "oracle_exact_match": true, "completion_mutations": 1, "routes": ["provider", "provider"], "error": null, "la": "4.95", "prov": {"attempts": 0, "reached": 0}}
dbus-daemon[3639328]: [session uid=1000 pid=3639328 pidfd=4] Activating service name='org.freedesktop.systemd1' requested by ':1.4' (uid=1000 pid=3639571 comm="/usr/bin/dbus-broker-launch --config-file=/usr/sha")
dbus-daemon[3639328]: [session uid=1000 pid=3639328 pidfd=4] Activated service 'org.freedesktop.systemd1' failed: Process org.freedesktop.systemd1 exited with status 1
dbus-daemon[3639328]: [session uid=1000 pid=3639328 pidfd=4] Activating service name='org.freedesktop.systemd1' requested by ':1.4' (uid=1000 pid=3639571 comm="/usr/bin/dbus-broker-launch --config-file=/usr/sha")
dbus-daemon[3639328]: [session uid=1000 pid=3639328 pidfd=4] Activated service 'org.freedesktop.systemd1' failed: Process org.freedesktop.systemd1 exited with status 1
dbus-daemon[3639328]: [session uid=1000 pid=3639328 pidfd=4] Activating service name='org.freedesktop.systemd1' requested by ':1.4' (uid=1000 pid=3639571 comm="/usr/bin/dbus-broker-launch --config-file=/usr/sha")
dbus-daemon[3639328]: [session uid=1000 pid=3639328 pidfd=4] Activated service 'org.freedesktop.systemd1' failed: Process org.freedesktop.systemd1 exited with status 1
{"trial": "S1-091-modal-COMP-measured-r07", "mode": "step", "outcome": "verified", "oracle_exact_match": true, "completion_mutations": 1, "routes": ["provider", "provider"], "error": null, "la": "4.72", "prov": {"attempts": 0, "reached": 0}}
dbus-daemon[3639328]: [session uid=1000 pid=3639328 pidfd=4] Activating service name='org.freedesktop.systemd1' requested by ':1.4' (uid=1000 pid=3639571 comm="/usr/bin/dbus-broker-launch --config-file=/usr/sha")
dbus-daemon[3639328]: [session uid=1000 pid=3639328 pidfd=4] Activated service 'org.freedesktop.systemd1' failed: Process org.freedesktop.systemd1 exited with status 1
dbus-daemon[3639328]: [session uid=1000 pid=3639328 pidfd=4] Activating service name='org.freedesktop.systemd1' requested by ':1.4' (uid=1000 pid=3639571 comm="/usr/bin/dbus-broker-launch --config-file=/usr/sha")
dbus-daemon[3639328]: [session uid=1000 pid=3639328 pidfd=4] Activated service 'org.freedesktop.systemd1' failed: Process org.freedesktop.systemd1 exited with status 1
dbus-daemon[3639328]: [session uid=1000 pid=3639328 pidfd=4] Activating service name='org.freedesktop.systemd1' requested by ':1.4' (uid=1000 pid=3639571 comm="/usr/bin/dbus-broker-launch --config-file=/usr/sha")
dbus-daemon[3639328]: [session uid=1000 pid=3639328 pidfd=4] Activated service 'org.freedesktop.systemd1' failed: Process org.freedesktop.systemd1 exited with status 1
{"trial": "S1-092-fill-COMP_E-measured-r07", "mode": "replay", "outcome": "verified", "oracle_exact_match": true, "completion_mutations": 1, "routes": ["compiled"], "error": null, "la": "4.72", "prov": {"attempts": 0, "reached": 0}}
dbus-daemon[3639328]: [session uid=1000 pid=3639328 pidfd=4] Activating service name='org.freedesktop.systemd1' requested by ':1.4' (uid=1000 pid=3639571 comm="/usr/bin/dbus-broker-launch --config-file=/usr/sha")
dbus-daemon[3639328]: [session uid=1000 pid=3639328 pidfd=4] Activated service 'org.freedesktop.systemd1' failed: Process org.freedesktop.systemd1 exited with status 1
dbus-daemon[3639328]: [session uid=1000 pid=3639328 pidfd=4] Activating service name='org.freedesktop.systemd1' requested by ':1.4' (uid=1000 pid=3639571 comm="/usr/bin/dbus-broker-launch --config-file=/usr/sha")
dbus-daemon[3639328]: [session uid=1000 pid=3639328 pidfd=4] Activated service 'org.freedesktop.systemd1' failed: Process org.freedesktop.systemd1 exited with status 1
dbus-daemon[3639328]: [session uid=1000 pid=3639328 pidfd=4] Activating service name='org.freedesktop.systemd1' requested by ':1.4' (uid=1000 pid=3639571 comm="/usr/bin/dbus-broker-launch --config-file=/usr/sha")
dbus-daemon[3639328]: [session uid=1000 pid=3639328 pidfd=4] Activated service 'org.freedesktop.systemd1' failed: Process org.freedesktop.systemd1 exited with status 1
{"trial": "S1-093-fill-BASE-measured-r07", "mode": "step", "outcome": "verified", "oracle_exact_match": true, "completion_mutations": 1, "routes": ["provider", "provider"], "error": null, "la": "4.72", "prov": {"attempts": 0, "reached": 0}}
dbus-daemon[3639328]: [session uid=1000 pid=3639328 pidfd=4] Activating service name='org.freedesktop.systemd1' requested by ':1.4' (uid=1000 pid=3639571 comm="/usr/bin/dbus-broker-launch --config-file=/usr/sha")
dbus-daemon[3639328]: [session uid=1000 pid=3639328 pidfd=4] Activated service 'org.freedesktop.systemd1' failed: Process org.freedesktop.systemd1 exited with status 1
dbus-daemon[3639328]: [session uid=1000 pid=3639328 pidfd=4] Activating service name='org.freedesktop.systemd1' requested by ':1.4' (uid=1000 pid=3639571 comm="/usr/bin/dbus-broker-launch --config-file=/usr/sha")
dbus-daemon[3639328]: [session uid=1000 pid=3639328 pidfd=4] Activated service 'org.freedesktop.systemd1' failed: Process org.freedesktop.systemd1 exited with status 1
dbus-daemon[3639328]: [session uid=1000 pid=3639328 pidfd=4] Activating service name='org.freedesktop.systemd1' requested by ':1.4' (uid=1000 pid=3639571 comm="/usr/bin/dbus-broker-launch --config-file=/usr/sha")
dbus-daemon[3639328]: [session uid=1000 pid=3639328 pidfd=4] Activated service 'org.freedesktop.systemd1' failed: Process org.freedesktop.systemd1 exited with status 1
{"trial": "S1-094-fill-COMP_K-measured-r07", "mode": "replay", "outcome": "verified", "oracle_exact_match": true, "completion_mutations": 1, "routes": ["compiled"], "error": null, "la": "4.50", "prov": {"attempts": 0, "reached": 0}}
dbus-daemon[3639328]: [session uid=1000 pid=3639328 pidfd=4] Activating service name='org.freedesktop.systemd1' requested by ':1.4' (uid=1000 pid=3639571 comm="/usr/bin/dbus-broker-launch --config-file=/usr/sha")
dbus-daemon[3639328]: [session uid=1000 pid=3639328 pidfd=4] Activated service 'org.freedesktop.systemd1' failed: Process org.freedesktop.systemd1 exited with status 1
dbus-daemon[3639328]: [session uid=1000 pid=3639328 pidfd=4] Activating service name='org.freedesktop.systemd1' requested by ':1.4' (uid=1000 pid=3639571 comm="/usr/bin/dbus-broker-launch --config-file=/usr/sha")
dbus-daemon[3639328]: [session uid=1000 pid=3639328 pidfd=4] Activated service 'org.freedesktop.systemd1' failed: Process org.freedesktop.systemd1 exited with status 1
dbus-daemon[3639328]: [session uid=1000 pid=3639328 pidfd=4] Activating service name='org.freedesktop.systemd1' requested by ':1.4' (uid=1000 pid=3639571 comm="/usr/bin/dbus-broker-launch --config-file=/usr/sha")
dbus-daemon[3639328]: [session uid=1000 pid=3639328 pidfd=4] Activated service 'org.freedesktop.systemd1' failed: Process org.freedesktop.systemd1 exited with status 1
{"trial": "S1-095-fill-COMP-measured-r07", "mode": "replay", "outcome": "verified", "oracle_exact_match": true, "completion_mutations": 1, "routes": ["compiled"], "error": null, "la": "4.38", "prov": {"attempts": 0, "reached": 0}}
dbus-daemon[3639328]: [session uid=1000 pid=3639328 pidfd=4] Activating service name='org.freedesktop.systemd1' requested by ':1.4' (uid=1000 pid=3639571 comm="/usr/bin/dbus-broker-launch --config-file=/usr/sha")
dbus-daemon[3639328]: [session uid=1000 pid=3639328 pidfd=4] Activated service 'org.freedesktop.systemd1' failed: Process org.freedesktop.systemd1 exited with status 1
dbus-daemon[3639328]: [session uid=1000 pid=3639328 pidfd=4] Activating service name='org.freedesktop.systemd1' requested by ':1.4' (uid=1000 pid=3639571 comm="/usr/bin/dbus-broker-launch --config-file=/usr/sha")
dbus-daemon[3639328]: [session uid=1000 pid=3639328 pidfd=4] Activated service 'org.freedesktop.systemd1' failed: Process org.freedesktop.systemd1 exited with status 1
dbus-daemon[3639328]: [session uid=1000 pid=3639328 pidfd=4] Activating service name='org.freedesktop.systemd1' requested by ':1.4' (uid=1000 pid=3639571 comm="/usr/bin/dbus-broker-launch --config-file=/usr/sha")
dbus-daemon[3639328]: [session uid=1000 pid=3639328 pidfd=4] Activated service 'org.freedesktop.systemd1' failed: Process org.freedesktop.systemd1 exited with status 1
{"trial": "S1-096-modal-BASE-measured-r08", "mode": "step", "outcome": "verified", "oracle_exact_match": true, "completion_mutations": 1, "routes": ["provider", "provider"], "error": null, "la": "4.38", "prov": {"attempts": 0, "reached": 0}}
dbus-daemon[3639328]: [session uid=1000 pid=3639328 pidfd=4] Activating service name='org.freedesktop.systemd1' requested by ':1.4' (uid=1000 pid=3639571 comm="/usr/bin/dbus-broker-launch --config-file=/usr/sha")
dbus-daemon[3639328]: [session uid=1000 pid=3639328 pidfd=4] Activated service 'org.freedesktop.systemd1' failed: Process org.freedesktop.systemd1 exited with status 1
dbus-daemon[3639328]: [session uid=1000 pid=3639328 pidfd=4] Activating service name='org.freedesktop.systemd1' requested by ':1.4' (uid=1000 pid=3639571 comm="/usr/bin/dbus-broker-launch --config-file=/usr/sha")
dbus-daemon[3639328]: [session uid=1000 pid=3639328 pidfd=4] Activated service 'org.freedesktop.systemd1' failed: Process org.freedesktop.systemd1 exited with status 1
dbus-daemon[3639328]: [session uid=1000 pid=3639328 pidfd=4] Activating service name='org.freedesktop.systemd1' requested by ':1.4' (uid=1000 pid=3639571 comm="/usr/bin/dbus-broker-launch --config-file=/usr/sha")
dbus-daemon[3639328]: [session uid=1000 pid=3639328 pidfd=4] Activated service 'org.freedesktop.systemd1' failed: Process org.freedesktop.systemd1 exited with status 1
{"trial": "S1-097-modal-COMP-measured-r08", "mode": "step", "outcome": "verified", "oracle_exact_match": true, "completion_mutations": 1, "routes": ["provider", "provider"], "error": null, "la": "4.35", "prov": {"attempts": 0, "reached": 0}}
dbus-daemon[3639328]: [session uid=1000 pid=3639328 pidfd=4] Activating service name='org.freedesktop.systemd1' requested by ':1.4' (uid=1000 pid=3639571 comm="/usr/bin/dbus-broker-launch --config-file=/usr/sha")
dbus-daemon[3639328]: [session uid=1000 pid=3639328 pidfd=4] Activated service 'org.freedesktop.systemd1' failed: Process org.freedesktop.systemd1 exited with status 1
dbus-daemon[3639328]: [session uid=1000 pid=3639328 pidfd=4] Activating service name='org.freedesktop.systemd1' requested by ':1.4' (uid=1000 pid=3639571 comm="/usr/bin/dbus-broker-launch --config-file=/usr/sha")
dbus-daemon[3639328]: [session uid=1000 pid=3639328 pidfd=4] Activated service 'org.freedesktop.systemd1' failed: Process org.freedesktop.systemd1 exited with status 1
dbus-daemon[3639328]: [session uid=1000 pid=3639328 pidfd=4] Activating service name='org.freedesktop.systemd1' requested by ':1.4' (uid=1000 pid=3639571 comm="/usr/bin/dbus-broker-launch --config-file=/usr/sha")
dbus-daemon[3639328]: [session uid=1000 pid=3639328 pidfd=4] Activated service 'org.freedesktop.systemd1' failed: Process org.freedesktop.systemd1 exited with status 1
{"trial": "S1-098-modal-COMP_E-measured-r08", "mode": "step", "outcome": "verified", "oracle_exact_match": true, "completion_mutations": 1, "routes": ["provider", "provider"], "error": null, "la": "4.35", "prov": {"attempts": 0, "reached": 0}}
dbus-daemon[3639328]: [session uid=1000 pid=3639328 pidfd=4] Activating service name='org.freedesktop.systemd1' requested by ':1.4' (uid=1000 pid=3639571 comm="/usr/bin/dbus-broker-launch --config-file=/usr/sha")
dbus-daemon[3639328]: [session uid=1000 pid=3639328 pidfd=4] Activated service 'org.freedesktop.systemd1' failed: Process org.freedesktop.systemd1 exited with status 1
dbus-daemon[3639328]: [session uid=1000 pid=3639328 pidfd=4] Activating service name='org.freedesktop.systemd1' requested by ':1.4' (uid=1000 pid=3639571 comm="/usr/bin/dbus-broker-launch --config-file=/usr/sha")
dbus-daemon[3639328]: [session uid=1000 pid=3639328 pidfd=4] Activated service 'org.freedesktop.systemd1' failed: Process org.freedesktop.systemd1 exited with status 1
dbus-daemon[3639328]: [session uid=1000 pid=3639328 pidfd=4] Activating service name='org.freedesktop.systemd1' requested by ':1.4' (uid=1000 pid=3639571 comm="/usr/bin/dbus-broker-launch --config-file=/usr/sha")
dbus-daemon[3639328]: [session uid=1000 pid=3639328 pidfd=4] Activated service 'org.freedesktop.systemd1' failed: Process org.freedesktop.systemd1 exited with status 1
{"trial": "S1-099-modal-COMP_K-measured-r08", "mode": "step", "outcome": "verified", "oracle_exact_match": true, "completion_mutations": 1, "routes": ["provider", "provider"], "error": null, "la": "4.35", "prov": {"attempts": 0, "reached": 0}}
dbus-daemon[3639328]: [session uid=1000 pid=3639328 pidfd=4] Activating service name='org.freedesktop.systemd1' requested by ':1.4' (uid=1000 pid=3639571 comm="/usr/bin/dbus-broker-launch --config-file=/usr/sha")
dbus-daemon[3639328]: [session uid=1000 pid=3639328 pidfd=4] Activated service 'org.freedesktop.systemd1' failed: Process org.freedesktop.systemd1 exited with status 1
dbus-daemon[3639328]: [session uid=1000 pid=3639328 pidfd=4] Activating service name='org.freedesktop.systemd1' requested by ':1.4' (uid=1000 pid=3639571 comm="/usr/bin/dbus-broker-launch --config-file=/usr/sha")
dbus-daemon[3639328]: [session uid=1000 pid=3639328 pidfd=4] Activated service 'org.freedesktop.systemd1' failed: Process org.freedesktop.systemd1 exited with status 1
dbus-daemon[3639328]: [session uid=1000 pid=3639328 pidfd=4] Activating service name='org.freedesktop.systemd1' requested by ':1.4' (uid=1000 pid=3639571 comm="/usr/bin/dbus-broker-launch --config-file=/usr/sha")
dbus-daemon[3639328]: [session uid=1000 pid=3639328 pidfd=4] Activated service 'org.freedesktop.systemd1' failed: Process org.freedesktop.systemd1 exited with status 1
{"trial": "S1-100-fill-BASE-measured-r08", "mode": "step", "outcome": "verified", "oracle_exact_match": true, "completion_mutations": 1, "routes": ["provider", "provider"], "error": null, "la": "4.16", "prov": {"attempts": 0, "reached": 0}}
dbus-daemon[3639328]: [session uid=1000 pid=3639328 pidfd=4] Activating service name='org.freedesktop.systemd1' requested by ':1.4' (uid=1000 pid=3639571 comm="/usr/bin/dbus-broker-launch --config-file=/usr/sha")
dbus-daemon[3639328]: [session uid=1000 pid=3639328 pidfd=4] Activated service 'org.freedesktop.systemd1' failed: Process org.freedesktop.systemd1 exited with status 1
dbus-daemon[3639328]: [session uid=1000 pid=3639328 pidfd=4] Activating service name='org.freedesktop.systemd1' requested by ':1.4' (uid=1000 pid=3639571 comm="/usr/bin/dbus-broker-launch --config-file=/usr/sha")
dbus-daemon[3639328]: [session uid=1000 pid=3639328 pidfd=4] Activated service 'org.freedesktop.systemd1' failed: Process org.freedesktop.systemd1 exited with status 1
dbus-daemon[3639328]: [session uid=1000 pid=3639328 pidfd=4] Activating service name='org.freedesktop.systemd1' requested by ':1.4' (uid=1000 pid=3639571 comm="/usr/bin/dbus-broker-launch --config-file=/usr/sha")
dbus-daemon[3639328]: [session uid=1000 pid=3639328 pidfd=4] Activated service 'org.freedesktop.systemd1' failed: Process org.freedesktop.systemd1 exited with status 1
{"trial": "S1-101-fill-COMP-measured-r08", "mode": "replay", "outcome": "verified", "oracle_exact_match": true, "completion_mutations": 1, "routes": ["compiled"], "error": null, "la": "3.99", "prov": {"attempts": 0, "reached": 0}}
dbus-daemon[3639328]: [session uid=1000 pid=3639328 pidfd=4] Activating service name='org.freedesktop.systemd1' requested by ':1.4' (uid=1000 pid=3639571 comm="/usr/bin/dbus-broker-launch --config-file=/usr/sha")
dbus-daemon[3639328]: [session uid=1000 pid=3639328 pidfd=4] Activated service 'org.freedesktop.systemd1' failed: Process org.freedesktop.systemd1 exited with status 1
dbus-daemon[3639328]: [session uid=1000 pid=3639328 pidfd=4] Activating service name='org.freedesktop.systemd1' requested by ':1.4' (uid=1000 pid=3639571 comm="/usr/bin/dbus-broker-launch --config-file=/usr/sha")
dbus-daemon[3639328]: [session uid=1000 pid=3639328 pidfd=4] Activated service 'org.freedesktop.systemd1' failed: Process org.freedesktop.systemd1 exited with status 1
dbus-daemon[3639328]: [session uid=1000 pid=3639328 pidfd=4] Activating service name='org.freedesktop.systemd1' requested by ':1.4' (uid=1000 pid=3639571 comm="/usr/bin/dbus-broker-launch --config-file=/usr/sha")
dbus-daemon[3639328]: [session uid=1000 pid=3639328 pidfd=4] Activated service 'org.freedesktop.systemd1' failed: Process org.freedesktop.systemd1 exited with status 1
{"trial": "S1-102-fill-COMP_E-measured-r08", "mode": "replay", "outcome": "verified", "oracle_exact_match": true, "completion_mutations": 1, "routes": ["compiled"], "error": null, "la": "3.99", "prov": {"attempts": 0, "reached": 0}}
dbus-daemon[3639328]: [session uid=1000 pid=3639328 pidfd=4] Activating service name='org.freedesktop.systemd1' requested by ':1.4' (uid=1000 pid=3639571 comm="/usr/bin/dbus-broker-launch --config-file=/usr/sha")
dbus-daemon[3639328]: [session uid=1000 pid=3639328 pidfd=4] Activated service 'org.freedesktop.systemd1' failed: Process org.freedesktop.systemd1 exited with status 1
dbus-daemon[3639328]: [session uid=1000 pid=3639328 pidfd=4] Activating service name='org.freedesktop.systemd1' requested by ':1.4' (uid=1000 pid=3639571 comm="/usr/bin/dbus-broker-launch --config-file=/usr/sha")
dbus-daemon[3639328]: [session uid=1000 pid=3639328 pidfd=4] Activated service 'org.freedesktop.systemd1' failed: Process org.freedesktop.systemd1 exited with status 1
dbus-daemon[3639328]: [session uid=1000 pid=3639328 pidfd=4] Activating service name='org.freedesktop.systemd1' requested by ':1.4' (uid=1000 pid=3639571 comm="/usr/bin/dbus-broker-launch --config-file=/usr/sha")
dbus-daemon[3639328]: [session uid=1000 pid=3639328 pidfd=4] Activated service 'org.freedesktop.systemd1' failed: Process org.freedesktop.systemd1 exited with status 1
{"trial": "S1-103-fill-COMP_K-measured-r08", "mode": "replay", "outcome": "verified", "oracle_exact_match": true, "completion_mutations": 1, "routes": ["compiled"], "error": null, "la": "3.99", "prov": {"attempts": 0, "reached": 0}}
dbus-daemon[3639328]: [session uid=1000 pid=3639328 pidfd=4] Activating service name='org.freedesktop.systemd1' requested by ':1.4' (uid=1000 pid=3639571 comm="/usr/bin/dbus-broker-launch --config-file=/usr/sha")
dbus-daemon[3639328]: [session uid=1000 pid=3639328 pidfd=4] Activated service 'org.freedesktop.systemd1' failed: Process org.freedesktop.systemd1 exited with status 1
dbus-daemon[3639328]: [session uid=1000 pid=3639328 pidfd=4] Activating service name='org.freedesktop.systemd1' requested by ':1.4' (uid=1000 pid=3639571 comm="/usr/bin/dbus-broker-launch --config-file=/usr/sha")
dbus-daemon[3639328]: [session uid=1000 pid=3639328 pidfd=4] Activated service 'org.freedesktop.systemd1' failed: Process org.freedesktop.systemd1 exited with status 1
dbus-daemon[3639328]: [session uid=1000 pid=3639328 pidfd=4] Activating service name='org.freedesktop.systemd1' requested by ':1.4' (uid=1000 pid=3639571 comm="/usr/bin/dbus-broker-launch --config-file=/usr/sha")
dbus-daemon[3639328]: [session uid=1000 pid=3639328 pidfd=4] Activated service 'org.freedesktop.systemd1' failed: Process org.freedesktop.systemd1 exited with status 1
{"trial": "S1-104-toggle-BASE-measured-r08", "mode": "step", "outcome": "verified", "oracle_exact_match": true, "completion_mutations": 1, "routes": ["provider", "provider"], "error": null, "la": "3.91", "prov": {"attempts": 0, "reached": 0}}
dbus-daemon[3639328]: [session uid=1000 pid=3639328 pidfd=4] Activating service name='org.freedesktop.systemd1' requested by ':1.4' (uid=1000 pid=3639571 comm="/usr/bin/dbus-broker-launch --config-file=/usr/sha")
dbus-daemon[3639328]: [session uid=1000 pid=3639328 pidfd=4] Activated service 'org.freedesktop.systemd1' failed: Process org.freedesktop.systemd1 exited with status 1
dbus-daemon[3639328]: [session uid=1000 pid=3639328 pidfd=4] Activating service name='org.freedesktop.systemd1' requested by ':1.4' (uid=1000 pid=3639571 comm="/usr/bin/dbus-broker-launch --config-file=/usr/sha")
dbus-daemon[3639328]: [session uid=1000 pid=3639328 pidfd=4] Activated service 'org.freedesktop.systemd1' failed: Process org.freedesktop.systemd1 exited with status 1
dbus-daemon[3639328]: [session uid=1000 pid=3639328 pidfd=4] Activating service name='org.freedesktop.systemd1' requested by ':1.4' (uid=1000 pid=3639571 comm="/usr/bin/dbus-broker-launch --config-file=/usr/sha")
dbus-daemon[3639328]: [session uid=1000 pid=3639328 pidfd=4] Activated service 'org.freedesktop.systemd1' failed: Process org.freedesktop.systemd1 exited with status 1
{"trial": "S1-105-toggle-COMP-measured-r08", "mode": "step", "outcome": "verified", "oracle_exact_match": true, "completion_mutations": 1, "routes": ["provider", "provider"], "error": null, "la": "3.68", "prov": {"attempts": 0, "reached": 0}}
dbus-daemon[3639328]: [session uid=1000 pid=3639328 pidfd=4] Activating service name='org.freedesktop.systemd1' requested by ':1.4' (uid=1000 pid=3639571 comm="/usr/bin/dbus-broker-launch --config-file=/usr/sha")
dbus-daemon[3639328]: [session uid=1000 pid=3639328 pidfd=4] Activated service 'org.freedesktop.systemd1' failed: Process org.freedesktop.systemd1 exited with status 1
dbus-daemon[3639328]: [session uid=1000 pid=3639328 pidfd=4] Activating service name='org.freedesktop.systemd1' requested by ':1.4' (uid=1000 pid=3639571 comm="/usr/bin/dbus-broker-launch --config-file=/usr/sha")
dbus-daemon[3639328]: [session uid=1000 pid=3639328 pidfd=4] Activated service 'org.freedesktop.systemd1' failed: Process org.freedesktop.systemd1 exited with status 1
dbus-daemon[3639328]: [session uid=1000 pid=3639328 pidfd=4] Activating service name='org.freedesktop.systemd1' requested by ':1.4' (uid=1000 pid=3639571 comm="/usr/bin/dbus-broker-launch --config-file=/usr/sha")
dbus-daemon[3639328]: [session uid=1000 pid=3639328 pidfd=4] Activated service 'org.freedesktop.systemd1' failed: Process org.freedesktop.systemd1 exited with status 1
{"trial": "S1-106-toggle-COMP_E-measured-r08", "mode": "step", "outcome": "verified", "oracle_exact_match": true, "completion_mutations": 1, "routes": ["provider", "provider"], "error": null, "la": "3.68", "prov": {"attempts": 0, "reached": 0}}
dbus-daemon[3639328]: [session uid=1000 pid=3639328 pidfd=4] Activating service name='org.freedesktop.systemd1' requested by ':1.4' (uid=1000 pid=3639571 comm="/usr/bin/dbus-broker-launch --config-file=/usr/sha")
dbus-daemon[3639328]: [session uid=1000 pid=3639328 pidfd=4] Activated service 'org.freedesktop.systemd1' failed: Process org.freedesktop.systemd1 exited with status 1
dbus-daemon[3639328]: [session uid=1000 pid=3639328 pidfd=4] Activating service name='org.freedesktop.systemd1' requested by ':1.4' (uid=1000 pid=3639571 comm="/usr/bin/dbus-broker-launch --config-file=/usr/sha")
dbus-daemon[3639328]: [session uid=1000 pid=3639328 pidfd=4] Activated service 'org.freedesktop.systemd1' failed: Process org.freedesktop.systemd1 exited with status 1
dbus-daemon[3639328]: [session uid=1000 pid=3639328 pidfd=4] Activating service name='org.freedesktop.systemd1' requested by ':1.4' (uid=1000 pid=3639571 comm="/usr/bin/dbus-broker-launch --config-file=/usr/sha")
dbus-daemon[3639328]: [session uid=1000 pid=3639328 pidfd=4] Activated service 'org.freedesktop.systemd1' failed: Process org.freedesktop.systemd1 exited with status 1
{"trial": "S1-107-toggle-COMP_K-measured-r08", "mode": "step", "outcome": "verified", "oracle_exact_match": true, "completion_mutations": 1, "routes": ["provider", "provider"], "error": null, "la": "3.68", "prov": {"attempts": 0, "reached": 0}}
dbus-daemon[3639328]: [session uid=1000 pid=3639328 pidfd=4] Activating service name='org.freedesktop.systemd1' requested by ':1.4' (uid=1000 pid=3639571 comm="/usr/bin/dbus-broker-launch --config-file=/usr/sha")
dbus-daemon[3639328]: [session uid=1000 pid=3639328 pidfd=4] Activated service 'org.freedesktop.systemd1' failed: Process org.freedesktop.systemd1 exited with status 1
dbus-daemon[3639328]: [session uid=1000 pid=3639328 pidfd=4] Activating service name='org.freedesktop.systemd1' requested by ':1.4' (uid=1000 pid=3639571 comm="/usr/bin/dbus-broker-launch --config-file=/usr/sha")
dbus-daemon[3639328]: [session uid=1000 pid=3639328 pidfd=4] Activated service 'org.freedesktop.systemd1' failed: Process org.freedesktop.systemd1 exited with status 1
dbus-daemon[3639328]: [session uid=1000 pid=3639328 pidfd=4] Activating service name='org.freedesktop.systemd1' requested by ':1.4' (uid=1000 pid=3639571 comm="/usr/bin/dbus-broker-launch --config-file=/usr/sha")
dbus-daemon[3639328]: [session uid=1000 pid=3639328 pidfd=4] Activated service 'org.freedesktop.systemd1' failed: Process org.freedesktop.systemd1 exited with status 1
{"trial": "S1-108-fill-COMP-measured-r09", "mode": "replay", "outcome": "verified", "oracle_exact_match": true, "completion_mutations": 1, "routes": ["compiled"], "error": null, "la": "3.62", "prov": {"attempts": 0, "reached": 0}}
dbus-daemon[3639328]: [session uid=1000 pid=3639328 pidfd=4] Activating service name='org.freedesktop.systemd1' requested by ':1.4' (uid=1000 pid=3639571 comm="/usr/bin/dbus-broker-launch --config-file=/usr/sha")
dbus-daemon[3639328]: [session uid=1000 pid=3639328 pidfd=4] Activated service 'org.freedesktop.systemd1' failed: Process org.freedesktop.systemd1 exited with status 1
dbus-daemon[3639328]: [session uid=1000 pid=3639328 pidfd=4] Activating service name='org.freedesktop.systemd1' requested by ':1.4' (uid=1000 pid=3639571 comm="/usr/bin/dbus-broker-launch --config-file=/usr/sha")
dbus-daemon[3639328]: [session uid=1000 pid=3639328 pidfd=4] Activated service 'org.freedesktop.systemd1' failed: Process org.freedesktop.systemd1 exited with status 1
dbus-daemon[3639328]: [session uid=1000 pid=3639328 pidfd=4] Activating service name='org.freedesktop.systemd1' requested by ':1.4' (uid=1000 pid=3639571 comm="/usr/bin/dbus-broker-launch --config-file=/usr/sha")
dbus-daemon[3639328]: [session uid=1000 pid=3639328 pidfd=4] Activated service 'org.freedesktop.systemd1' failed: Process org.freedesktop.systemd1 exited with status 1
{"trial": "S1-109-fill-COMP_K-measured-r09", "mode": "replay", "outcome": "verified", "oracle_exact_match": true, "completion_mutations": 1, "routes": ["compiled"], "error": null, "la": "3.62", "prov": {"attempts": 0, "reached": 0}}
dbus-daemon[3639328]: [session uid=1000 pid=3639328 pidfd=4] Activating service name='org.freedesktop.systemd1' requested by ':1.4' (uid=1000 pid=3639571 comm="/usr/bin/dbus-broker-launch --config-file=/usr/sha")
dbus-daemon[3639328]: [session uid=1000 pid=3639328 pidfd=4] Activated service 'org.freedesktop.systemd1' failed: Process org.freedesktop.systemd1 exited with status 1
dbus-daemon[3639328]: [session uid=1000 pid=3639328 pidfd=4] Activating service name='org.freedesktop.systemd1' requested by ':1.4' (uid=1000 pid=3639571 comm="/usr/bin/dbus-broker-launch --config-file=/usr/sha")
dbus-daemon[3639328]: [session uid=1000 pid=3639328 pidfd=4] Activated service 'org.freedesktop.systemd1' failed: Process org.freedesktop.systemd1 exited with status 1
dbus-daemon[3639328]: [session uid=1000 pid=3639328 pidfd=4] Activating service name='org.freedesktop.systemd1' requested by ':1.4' (uid=1000 pid=3639571 comm="/usr/bin/dbus-broker-launch --config-file=/usr/sha")
dbus-daemon[3639328]: [session uid=1000 pid=3639328 pidfd=4] Activated service 'org.freedesktop.systemd1' failed: Process org.freedesktop.systemd1 exited with status 1
{"trial": "S1-110-fill-BASE-measured-r09", "mode": "step", "outcome": "verified", "oracle_exact_match": true, "completion_mutations": 1, "routes": ["provider", "provider"], "error": null, "la": "3.57", "prov": {"attempts": 0, "reached": 0}}
dbus-daemon[3639328]: [session uid=1000 pid=3639328 pidfd=4] Activating service name='org.freedesktop.systemd1' requested by ':1.4' (uid=1000 pid=3639571 comm="/usr/bin/dbus-broker-launch --config-file=/usr/sha")
dbus-daemon[3639328]: [session uid=1000 pid=3639328 pidfd=4] Activated service 'org.freedesktop.systemd1' failed: Process org.freedesktop.systemd1 exited with status 1
dbus-daemon[3639328]: [session uid=1000 pid=3639328 pidfd=4] Activating service name='org.freedesktop.systemd1' requested by ':1.4' (uid=1000 pid=3639571 comm="/usr/bin/dbus-broker-launch --config-file=/usr/sha")
dbus-daemon[3639328]: [session uid=1000 pid=3639328 pidfd=4] Activated service 'org.freedesktop.systemd1' failed: Process org.freedesktop.systemd1 exited with status 1
dbus-daemon[3639328]: [session uid=1000 pid=3639328 pidfd=4] Activating service name='org.freedesktop.systemd1' requested by ':1.4' (uid=1000 pid=3639571 comm="/usr/bin/dbus-broker-launch --config-file=/usr/sha")
dbus-daemon[3639328]: [session uid=1000 pid=3639328 pidfd=4] Activated service 'org.freedesktop.systemd1' failed: Process org.freedesktop.systemd1 exited with status 1
{"trial": "S1-111-fill-COMP_E-measured-r09", "mode": "replay", "outcome": "verified", "oracle_exact_match": true, "completion_mutations": 1, "routes": ["compiled"], "error": null, "la": "3.45", "prov": {"attempts": 0, "reached": 0}}
dbus-daemon[3639328]: [session uid=1000 pid=3639328 pidfd=4] Activating service name='org.freedesktop.systemd1' requested by ':1.4' (uid=1000 pid=3639571 comm="/usr/bin/dbus-broker-launch --config-file=/usr/sha")
dbus-daemon[3639328]: [session uid=1000 pid=3639328 pidfd=4] Activated service 'org.freedesktop.systemd1' failed: Process org.freedesktop.systemd1 exited with status 1
dbus-daemon[3639328]: [session uid=1000 pid=3639328 pidfd=4] Activating service name='org.freedesktop.systemd1' requested by ':1.4' (uid=1000 pid=3639571 comm="/usr/bin/dbus-broker-launch --config-file=/usr/sha")
dbus-daemon[3639328]: [session uid=1000 pid=3639328 pidfd=4] Activated service 'org.freedesktop.systemd1' failed: Process org.freedesktop.systemd1 exited with status 1
dbus-daemon[3639328]: [session uid=1000 pid=3639328 pidfd=4] Activating service name='org.freedesktop.systemd1' requested by ':1.4' (uid=1000 pid=3639571 comm="/usr/bin/dbus-broker-launch --config-file=/usr/sha")
dbus-daemon[3639328]: [session uid=1000 pid=3639328 pidfd=4] Activated service 'org.freedesktop.systemd1' failed: Process org.freedesktop.systemd1 exited with status 1
{"trial": "S1-112-toggle-COMP-measured-r09", "mode": "step", "outcome": "verified", "oracle_exact_match": true, "completion_mutations": 1, "routes": ["provider", "provider"], "error": null, "la": "3.45", "prov": {"attempts": 0, "reached": 0}}
dbus-daemon[3639328]: [session uid=1000 pid=3639328 pidfd=4] Activating service name='org.freedesktop.systemd1' requested by ':1.4' (uid=1000 pid=3639571 comm="/usr/bin/dbus-broker-launch --config-file=/usr/sha")
dbus-daemon[3639328]: [session uid=1000 pid=3639328 pidfd=4] Activated service 'org.freedesktop.systemd1' failed: Process org.freedesktop.systemd1 exited with status 1
dbus-daemon[3639328]: [session uid=1000 pid=3639328 pidfd=4] Activating service name='org.freedesktop.systemd1' requested by ':1.4' (uid=1000 pid=3639571 comm="/usr/bin/dbus-broker-launch --config-file=/usr/sha")
dbus-daemon[3639328]: [session uid=1000 pid=3639328 pidfd=4] Activated service 'org.freedesktop.systemd1' failed: Process org.freedesktop.systemd1 exited with status 1
dbus-daemon[3639328]: [session uid=1000 pid=3639328 pidfd=4] Activating service name='org.freedesktop.systemd1' requested by ':1.4' (uid=1000 pid=3639571 comm="/usr/bin/dbus-broker-launch --config-file=/usr/sha")
dbus-daemon[3639328]: [session uid=1000 pid=3639328 pidfd=4] Activated service 'org.freedesktop.systemd1' failed: Process org.freedesktop.systemd1 exited with status 1
{"trial": "S1-113-toggle-COMP_K-measured-r09", "mode": "step", "outcome": "verified", "oracle_exact_match": true, "completion_mutations": 1, "routes": ["provider", "provider"], "error": null, "la": "3.45", "prov": {"attempts": 0, "reached": 0}}
dbus-daemon[3639328]: [session uid=1000 pid=3639328 pidfd=4] Activating service name='org.freedesktop.systemd1' requested by ':1.4' (uid=1000 pid=3639571 comm="/usr/bin/dbus-broker-launch --config-file=/usr/sha")
dbus-daemon[3639328]: [session uid=1000 pid=3639328 pidfd=4] Activated service 'org.freedesktop.systemd1' failed: Process org.freedesktop.systemd1 exited with status 1
dbus-daemon[3639328]: [session uid=1000 pid=3639328 pidfd=4] Activating service name='org.freedesktop.systemd1' requested by ':1.4' (uid=1000 pid=3639571 comm="/usr/bin/dbus-broker-launch --config-file=/usr/sha")
dbus-daemon[3639328]: [session uid=1000 pid=3639328 pidfd=4] Activated service 'org.freedesktop.systemd1' failed: Process org.freedesktop.systemd1 exited with status 1
dbus-daemon[3639328]: [session uid=1000 pid=3639328 pidfd=4] Activating service name='org.freedesktop.systemd1' requested by ':1.4' (uid=1000 pid=3639571 comm="/usr/bin/dbus-broker-launch --config-file=/usr/sha")
dbus-daemon[3639328]: [session uid=1000 pid=3639328 pidfd=4] Activated service 'org.freedesktop.systemd1' failed: Process org.freedesktop.systemd1 exited with status 1
{"trial": "S1-114-toggle-BASE-measured-r09", "mode": "step", "outcome": "verified", "oracle_exact_match": true, "completion_mutations": 1, "routes": ["provider", "provider"], "error": null, "la": "3.57", "prov": {"attempts": 0, "reached": 0}}
dbus-daemon[3639328]: [session uid=1000 pid=3639328 pidfd=4] Activating service name='org.freedesktop.systemd1' requested by ':1.4' (uid=1000 pid=3639571 comm="/usr/bin/dbus-broker-launch --config-file=/usr/sha")
dbus-daemon[3639328]: [session uid=1000 pid=3639328 pidfd=4] Activated service 'org.freedesktop.systemd1' failed: Process org.freedesktop.systemd1 exited with status 1
dbus-daemon[3639328]: [session uid=1000 pid=3639328 pidfd=4] Activating service name='org.freedesktop.systemd1' requested by ':1.4' (uid=1000 pid=3639571 comm="/usr/bin/dbus-broker-launch --config-file=/usr/sha")
dbus-daemon[3639328]: [session uid=1000 pid=3639328 pidfd=4] Activated service 'org.freedesktop.systemd1' failed: Process org.freedesktop.systemd1 exited with status 1
dbus-daemon[3639328]: [session uid=1000 pid=3639328 pidfd=4] Activating service name='org.freedesktop.systemd1' requested by ':1.4' (uid=1000 pid=3639571 comm="/usr/bin/dbus-broker-launch --config-file=/usr/sha")
dbus-daemon[3639328]: [session uid=1000 pid=3639328 pidfd=4] Activated service 'org.freedesktop.systemd1' failed: Process org.freedesktop.systemd1 exited with status 1
{"trial": "S1-115-toggle-COMP_E-measured-r09", "mode": "step", "outcome": "verified", "oracle_exact_match": true, "completion_mutations": 1, "routes": ["provider", "provider"], "error": null, "la": "3.57", "prov": {"attempts": 0, "reached": 0}}
dbus-daemon[3639328]: [session uid=1000 pid=3639328 pidfd=4] Activating service name='org.freedesktop.systemd1' requested by ':1.4' (uid=1000 pid=3639571 comm="/usr/bin/dbus-broker-launch --config-file=/usr/sha")
dbus-daemon[3639328]: [session uid=1000 pid=3639328 pidfd=4] Activated service 'org.freedesktop.systemd1' failed: Process org.freedesktop.systemd1 exited with status 1
dbus-daemon[3639328]: [session uid=1000 pid=3639328 pidfd=4] Activating service name='org.freedesktop.systemd1' requested by ':1.4' (uid=1000 pid=3639571 comm="/usr/bin/dbus-broker-launch --config-file=/usr/sha")
dbus-daemon[3639328]: [session uid=1000 pid=3639328 pidfd=4] Activated service 'org.freedesktop.systemd1' failed: Process org.freedesktop.systemd1 exited with status 1
dbus-daemon[3639328]: [session uid=1000 pid=3639328 pidfd=4] Activating service name='org.freedesktop.systemd1' requested by ':1.4' (uid=1000 pid=3639571 comm="/usr/bin/dbus-broker-launch --config-file=/usr/sha")
dbus-daemon[3639328]: [session uid=1000 pid=3639328 pidfd=4] Activated service 'org.freedesktop.systemd1' failed: Process org.freedesktop.systemd1 exited with status 1
{"trial": "S1-116-modal-COMP-measured-r09", "mode": "step", "outcome": "verified", "oracle_exact_match": true, "completion_mutations": 1, "routes": ["provider", "provider"], "error": null, "la": "3.60", "prov": {"attempts": 0, "reached": 0}}
dbus-daemon[3639328]: [session uid=1000 pid=3639328 pidfd=4] Activating service name='org.freedesktop.systemd1' requested by ':1.4' (uid=1000 pid=3639571 comm="/usr/bin/dbus-broker-launch --config-file=/usr/sha")
dbus-daemon[3639328]: [session uid=1000 pid=3639328 pidfd=4] Activated service 'org.freedesktop.systemd1' failed: Process org.freedesktop.systemd1 exited with status 1
dbus-daemon[3639328]: [session uid=1000 pid=3639328 pidfd=4] Activating service name='org.freedesktop.systemd1' requested by ':1.4' (uid=1000 pid=3639571 comm="/usr/bin/dbus-broker-launch --config-file=/usr/sha")
dbus-daemon[3639328]: [session uid=1000 pid=3639328 pidfd=4] Activated service 'org.freedesktop.systemd1' failed: Process org.freedesktop.systemd1 exited with status 1
dbus-daemon[3639328]: [session uid=1000 pid=3639328 pidfd=4] Activating service name='org.freedesktop.systemd1' requested by ':1.4' (uid=1000 pid=3639571 comm="/usr/bin/dbus-broker-launch --config-file=/usr/sha")
dbus-daemon[3639328]: [session uid=1000 pid=3639328 pidfd=4] Activated service 'org.freedesktop.systemd1' failed: Process org.freedesktop.systemd1 exited with status 1
{"trial": "S1-117-modal-COMP_K-measured-r09", "mode": "step", "outcome": "verified", "oracle_exact_match": true, "completion_mutations": 1, "routes": ["provider", "provider"], "error": null, "la": "3.60", "prov": {"attempts": 0, "reached": 0}}
dbus-daemon[3639328]: [session uid=1000 pid=3639328 pidfd=4] Activating service name='org.freedesktop.systemd1' requested by ':1.4' (uid=1000 pid=3639571 comm="/usr/bin/dbus-broker-launch --config-file=/usr/sha")
dbus-daemon[3639328]: [session uid=1000 pid=3639328 pidfd=4] Activated service 'org.freedesktop.systemd1' failed: Process org.freedesktop.systemd1 exited with status 1
dbus-daemon[3639328]: [session uid=1000 pid=3639328 pidfd=4] Activating service name='org.freedesktop.systemd1' requested by ':1.4' (uid=1000 pid=3639571 comm="/usr/bin/dbus-broker-launch --config-file=/usr/sha")
dbus-daemon[3639328]: [session uid=1000 pid=3639328 pidfd=4] Activated service 'org.freedesktop.systemd1' failed: Process org.freedesktop.systemd1 exited with status 1
dbus-daemon[3639328]: [session uid=1000 pid=3639328 pidfd=4] Activating service name='org.freedesktop.systemd1' requested by ':1.4' (uid=1000 pid=3639571 comm="/usr/bin/dbus-broker-launch --config-file=/usr/sha")
dbus-daemon[3639328]: [session uid=1000 pid=3639328 pidfd=4] Activated service 'org.freedesktop.systemd1' failed: Process org.freedesktop.systemd1 exited with status 1
{"trial": "S1-118-modal-BASE-measured-r09", "mode": "step", "outcome": "verified", "oracle_exact_match": true, "completion_mutations": 1, "routes": ["provider", "provider"], "error": null, "la": "3.60", "prov": {"attempts": 0, "reached": 0}}
dbus-daemon[3639328]: [session uid=1000 pid=3639328 pidfd=4] Activating service name='org.freedesktop.systemd1' requested by ':1.4' (uid=1000 pid=3639571 comm="/usr/bin/dbus-broker-launch --config-file=/usr/sha")
dbus-daemon[3639328]: [session uid=1000 pid=3639328 pidfd=4] Activated service 'org.freedesktop.systemd1' failed: Process org.freedesktop.systemd1 exited with status 1
dbus-daemon[3639328]: [session uid=1000 pid=3639328 pidfd=4] Activating service name='org.freedesktop.systemd1' requested by ':1.4' (uid=1000 pid=3639571 comm="/usr/bin/dbus-broker-launch --config-file=/usr/sha")
dbus-daemon[3639328]: [session uid=1000 pid=3639328 pidfd=4] Activated service 'org.freedesktop.systemd1' failed: Process org.freedesktop.systemd1 exited with status 1
dbus-daemon[3639328]: [session uid=1000 pid=3639328 pidfd=4] Activating service name='org.freedesktop.systemd1' requested by ':1.4' (uid=1000 pid=3639571 comm="/usr/bin/dbus-broker-launch --config-file=/usr/sha")
dbus-daemon[3639328]: [session uid=1000 pid=3639328 pidfd=4] Activated service 'org.freedesktop.systemd1' failed: Process org.freedesktop.systemd1 exited with status 1
{"trial": "S1-119-modal-COMP_E-measured-r09", "mode": "step", "outcome": "verified", "oracle_exact_match": true, "completion_mutations": 1, "routes": ["provider", "provider"], "error": null, "la": "4.12", "prov": {"attempts": 0, "reached": 0}}
dbus-daemon[3639328]: [session uid=1000 pid=3639328 pidfd=4] Activating service name='org.freedesktop.systemd1' requested by ':1.4' (uid=1000 pid=3639571 comm="/usr/bin/dbus-broker-launch --config-file=/usr/sha")
dbus-daemon[3639328]: [session uid=1000 pid=3639328 pidfd=4] Activated service 'org.freedesktop.systemd1' failed: Process org.freedesktop.systemd1 exited with status 1
dbus-daemon[3639328]: [session uid=1000 pid=3639328 pidfd=4] Activating service name='org.freedesktop.systemd1' requested by ':1.4' (uid=1000 pid=3639571 comm="/usr/bin/dbus-broker-launch --config-file=/usr/sha")
dbus-daemon[3639328]: [session uid=1000 pid=3639328 pidfd=4] Activated service 'org.freedesktop.systemd1' failed: Process org.freedesktop.systemd1 exited with status 1
dbus-daemon[3639328]: [session uid=1000 pid=3639328 pidfd=4] Activating service name='org.freedesktop.systemd1' requested by ':1.4' (uid=1000 pid=3639571 comm="/usr/bin/dbus-broker-launch --config-file=/usr/sha")
dbus-daemon[3639328]: [session uid=1000 pid=3639328 pidfd=4] Activated service 'org.freedesktop.systemd1' failed: Process org.freedesktop.systemd1 exited with status 1
{"trial": "S1-120-toggle-COMP_K-measured-r10", "mode": "step", "outcome": "verified", "oracle_exact_match": true, "completion_mutations": 1, "routes": ["provider", "provider"], "error": null, "la": "4.12", "prov": {"attempts": 0, "reached": 0}}
dbus-daemon[3639328]: [session uid=1000 pid=3639328 pidfd=4] Activating service name='org.freedesktop.systemd1' requested by ':1.4' (uid=1000 pid=3639571 comm="/usr/bin/dbus-broker-launch --config-file=/usr/sha")
dbus-daemon[3639328]: [session uid=1000 pid=3639328 pidfd=4] Activated service 'org.freedesktop.systemd1' failed: Process org.freedesktop.systemd1 exited with status 1
dbus-daemon[3639328]: [session uid=1000 pid=3639328 pidfd=4] Activating service name='org.freedesktop.systemd1' requested by ':1.4' (uid=1000 pid=3639571 comm="/usr/bin/dbus-broker-launch --config-file=/usr/sha")
dbus-daemon[3639328]: [session uid=1000 pid=3639328 pidfd=4] Activated service 'org.freedesktop.systemd1' failed: Process org.freedesktop.systemd1 exited with status 1
dbus-daemon[3639328]: [session uid=1000 pid=3639328 pidfd=4] Activating service name='org.freedesktop.systemd1' requested by ':1.4' (uid=1000 pid=3639571 comm="/usr/bin/dbus-broker-launch --config-file=/usr/sha")
dbus-daemon[3639328]: [session uid=1000 pid=3639328 pidfd=4] Activated service 'org.freedesktop.systemd1' failed: Process org.freedesktop.systemd1 exited with status 1
{"trial": "S1-121-toggle-COMP_E-measured-r10", "mode": "step", "outcome": "verified", "oracle_exact_match": true, "completion_mutations": 1, "routes": ["provider", "provider"], "error": null, "la": "3.95", "prov": {"attempts": 0, "reached": 0}}
dbus-daemon[3639328]: [session uid=1000 pid=3639328 pidfd=4] Activating service name='org.freedesktop.systemd1' requested by ':1.4' (uid=1000 pid=3639571 comm="/usr/bin/dbus-broker-launch --config-file=/usr/sha")
dbus-daemon[3639328]: [session uid=1000 pid=3639328 pidfd=4] Activated service 'org.freedesktop.systemd1' failed: Process org.freedesktop.systemd1 exited with status 1
dbus-daemon[3639328]: [session uid=1000 pid=3639328 pidfd=4] Activating service name='org.freedesktop.systemd1' requested by ':1.4' (uid=1000 pid=3639571 comm="/usr/bin/dbus-broker-launch --config-file=/usr/sha")
dbus-daemon[3639328]: [session uid=1000 pid=3639328 pidfd=4] Activated service 'org.freedesktop.systemd1' failed: Process org.freedesktop.systemd1 exited with status 1
dbus-daemon[3639328]: [session uid=1000 pid=3639328 pidfd=4] Activating service name='org.freedesktop.systemd1' requested by ':1.4' (uid=1000 pid=3639571 comm="/usr/bin/dbus-broker-launch --config-file=/usr/sha")
dbus-daemon[3639328]: [session uid=1000 pid=3639328 pidfd=4] Activated service 'org.freedesktop.systemd1' failed: Process org.freedesktop.systemd1 exited with status 1
{"trial": "S1-122-toggle-COMP-measured-r10", "mode": "step", "outcome": "verified", "oracle_exact_match": true, "completion_mutations": 1, "routes": ["provider", "provider"], "error": null, "la": "3.95", "prov": {"attempts": 0, "reached": 0}}
dbus-daemon[3639328]: [session uid=1000 pid=3639328 pidfd=4] Activating service name='org.freedesktop.systemd1' requested by ':1.4' (uid=1000 pid=3639571 comm="/usr/bin/dbus-broker-launch --config-file=/usr/sha")
dbus-daemon[3639328]: [session uid=1000 pid=3639328 pidfd=4] Activated service 'org.freedesktop.systemd1' failed: Process org.freedesktop.systemd1 exited with status 1
dbus-daemon[3639328]: [session uid=1000 pid=3639328 pidfd=4] Activating service name='org.freedesktop.systemd1' requested by ':1.4' (uid=1000 pid=3639571 comm="/usr/bin/dbus-broker-launch --config-file=/usr/sha")
dbus-daemon[3639328]: [session uid=1000 pid=3639328 pidfd=4] Activated service 'org.freedesktop.systemd1' failed: Process org.freedesktop.systemd1 exited with status 1
dbus-daemon[3639328]: [session uid=1000 pid=3639328 pidfd=4] Activating service name='org.freedesktop.systemd1' requested by ':1.4' (uid=1000 pid=3639571 comm="/usr/bin/dbus-broker-launch --config-file=/usr/sha")
dbus-daemon[3639328]: [session uid=1000 pid=3639328 pidfd=4] Activated service 'org.freedesktop.systemd1' failed: Process org.freedesktop.systemd1 exited with status 1
{"trial": "S1-123-toggle-BASE-measured-r10", "mode": "step", "outcome": "verified", "oracle_exact_match": true, "completion_mutations": 1, "routes": ["provider", "provider"], "error": null, "la": "3.95", "prov": {"attempts": 0, "reached": 0}}
dbus-daemon[3639328]: [session uid=1000 pid=3639328 pidfd=4] Activating service name='org.freedesktop.systemd1' requested by ':1.4' (uid=1000 pid=3639571 comm="/usr/bin/dbus-broker-launch --config-file=/usr/sha")
dbus-daemon[3639328]: [session uid=1000 pid=3639328 pidfd=4] Activated service 'org.freedesktop.systemd1' failed: Process org.freedesktop.systemd1 exited with status 1
dbus-daemon[3639328]: [session uid=1000 pid=3639328 pidfd=4] Activating service name='org.freedesktop.systemd1' requested by ':1.4' (uid=1000 pid=3639571 comm="/usr/bin/dbus-broker-launch --config-file=/usr/sha")
dbus-daemon[3639328]: [session uid=1000 pid=3639328 pidfd=4] Activated service 'org.freedesktop.systemd1' failed: Process org.freedesktop.systemd1 exited with status 1
dbus-daemon[3639328]: [session uid=1000 pid=3639328 pidfd=4] Activating service name='org.freedesktop.systemd1' requested by ':1.4' (uid=1000 pid=3639571 comm="/usr/bin/dbus-broker-launch --config-file=/usr/sha")
dbus-daemon[3639328]: [session uid=1000 pid=3639328 pidfd=4] Activated service 'org.freedesktop.systemd1' failed: Process org.freedesktop.systemd1 exited with status 1
{"trial": "S1-124-modal-COMP_K-measured-r10", "mode": "step", "outcome": "verified", "oracle_exact_match": true, "completion_mutations": 1, "routes": ["provider", "provider"], "error": null, "la": "3.87", "prov": {"attempts": 0, "reached": 0}}
dbus-daemon[3639328]: [session uid=1000 pid=3639328 pidfd=4] Activating service name='org.freedesktop.systemd1' requested by ':1.4' (uid=1000 pid=3639571 comm="/usr/bin/dbus-broker-launch --config-file=/usr/sha")
dbus-daemon[3639328]: [session uid=1000 pid=3639328 pidfd=4] Activated service 'org.freedesktop.systemd1' failed: Process org.freedesktop.systemd1 exited with status 1
dbus-daemon[3639328]: [session uid=1000 pid=3639328 pidfd=4] Activating service name='org.freedesktop.systemd1' requested by ':1.4' (uid=1000 pid=3639571 comm="/usr/bin/dbus-broker-launch --config-file=/usr/sha")
dbus-daemon[3639328]: [session uid=1000 pid=3639328 pidfd=4] Activated service 'org.freedesktop.systemd1' failed: Process org.freedesktop.systemd1 exited with status 1
dbus-daemon[3639328]: [session uid=1000 pid=3639328 pidfd=4] Activating service name='org.freedesktop.systemd1' requested by ':1.4' (uid=1000 pid=3639571 comm="/usr/bin/dbus-broker-launch --config-file=/usr/sha")
dbus-daemon[3639328]: [session uid=1000 pid=3639328 pidfd=4] Activated service 'org.freedesktop.systemd1' failed: Process org.freedesktop.systemd1 exited with status 1
{"trial": "S1-125-modal-COMP_E-measured-r10", "mode": "step", "outcome": "verified", "oracle_exact_match": true, "completion_mutations": 1, "routes": ["provider", "provider"], "error": null, "la": "3.72", "prov": {"attempts": 0, "reached": 0}}
dbus-daemon[3639328]: [session uid=1000 pid=3639328 pidfd=4] Activating service name='org.freedesktop.systemd1' requested by ':1.4' (uid=1000 pid=3639571 comm="/usr/bin/dbus-broker-launch --config-file=/usr/sha")
dbus-daemon[3639328]: [session uid=1000 pid=3639328 pidfd=4] Activated service 'org.freedesktop.systemd1' failed: Process org.freedesktop.systemd1 exited with status 1
dbus-daemon[3639328]: [session uid=1000 pid=3639328 pidfd=4] Activating service name='org.freedesktop.systemd1' requested by ':1.4' (uid=1000 pid=3639571 comm="/usr/bin/dbus-broker-launch --config-file=/usr/sha")
dbus-daemon[3639328]: [session uid=1000 pid=3639328 pidfd=4] Activated service 'org.freedesktop.systemd1' failed: Process org.freedesktop.systemd1 exited with status 1
dbus-daemon[3639328]: [session uid=1000 pid=3639328 pidfd=4] Activating service name='org.freedesktop.systemd1' requested by ':1.4' (uid=1000 pid=3639571 comm="/usr/bin/dbus-broker-launch --config-file=/usr/sha")
dbus-daemon[3639328]: [session uid=1000 pid=3639328 pidfd=4] Activated service 'org.freedesktop.systemd1' failed: Process org.freedesktop.systemd1 exited with status 1
{"trial": "S1-126-modal-COMP-measured-r10", "mode": "step", "outcome": "verified", "oracle_exact_match": true, "completion_mutations": 1, "routes": ["provider", "provider"], "error": null, "la": "3.72", "prov": {"attempts": 0, "reached": 0}}
dbus-daemon[3639328]: [session uid=1000 pid=3639328 pidfd=4] Activating service name='org.freedesktop.systemd1' requested by ':1.4' (uid=1000 pid=3639571 comm="/usr/bin/dbus-broker-launch --config-file=/usr/sha")
dbus-daemon[3639328]: [session uid=1000 pid=3639328 pidfd=4] Activated service 'org.freedesktop.systemd1' failed: Process org.freedesktop.systemd1 exited with status 1
dbus-daemon[3639328]: [session uid=1000 pid=3639328 pidfd=4] Activating service name='org.freedesktop.systemd1' requested by ':1.4' (uid=1000 pid=3639571 comm="/usr/bin/dbus-broker-launch --config-file=/usr/sha")
dbus-daemon[3639328]: [session uid=1000 pid=3639328 pidfd=4] Activated service 'org.freedesktop.systemd1' failed: Process org.freedesktop.systemd1 exited with status 1
dbus-daemon[3639328]: [session uid=1000 pid=3639328 pidfd=4] Activating service name='org.freedesktop.systemd1' requested by ':1.4' (uid=1000 pid=3639571 comm="/usr/bin/dbus-broker-launch --config-file=/usr/sha")
dbus-daemon[3639328]: [session uid=1000 pid=3639328 pidfd=4] Activated service 'org.freedesktop.systemd1' failed: Process org.freedesktop.systemd1 exited with status 1
{"trial": "S1-127-modal-BASE-measured-r10", "mode": "step", "outcome": "verified", "oracle_exact_match": true, "completion_mutations": 1, "routes": ["provider", "provider"], "error": null, "la": "3.72", "prov": {"attempts": 0, "reached": 0}}
dbus-daemon[3639328]: [session uid=1000 pid=3639328 pidfd=4] Activating service name='org.freedesktop.systemd1' requested by ':1.4' (uid=1000 pid=3639571 comm="/usr/bin/dbus-broker-launch --config-file=/usr/sha")
dbus-daemon[3639328]: [session uid=1000 pid=3639328 pidfd=4] Activated service 'org.freedesktop.systemd1' failed: Process org.freedesktop.systemd1 exited with status 1
dbus-daemon[3639328]: [session uid=1000 pid=3639328 pidfd=4] Activating service name='org.freedesktop.systemd1' requested by ':1.4' (uid=1000 pid=3639571 comm="/usr/bin/dbus-broker-launch --config-file=/usr/sha")
dbus-daemon[3639328]: [session uid=1000 pid=3639328 pidfd=4] Activated service 'org.freedesktop.systemd1' failed: Process org.freedesktop.systemd1 exited with status 1
dbus-daemon[3639328]: [session uid=1000 pid=3639328 pidfd=4] Activating service name='org.freedesktop.systemd1' requested by ':1.4' (uid=1000 pid=3639571 comm="/usr/bin/dbus-broker-launch --config-file=/usr/sha")
dbus-daemon[3639328]: [session uid=1000 pid=3639328 pidfd=4] Activated service 'org.freedesktop.systemd1' failed: Process org.freedesktop.systemd1 exited with status 1
{"trial": "S1-128-fill-COMP_K-measured-r10", "mode": "replay", "outcome": "verified", "oracle_exact_match": true, "completion_mutations": 1, "routes": ["compiled"], "error": null, "la": "3.74", "prov": {"attempts": 0, "reached": 0}}
dbus-daemon[3639328]: [session uid=1000 pid=3639328 pidfd=4] Activating service name='org.freedesktop.systemd1' requested by ':1.4' (uid=1000 pid=3639571 comm="/usr/bin/dbus-broker-launch --config-file=/usr/sha")
dbus-daemon[3639328]: [session uid=1000 pid=3639328 pidfd=4] Activated service 'org.freedesktop.systemd1' failed: Process org.freedesktop.systemd1 exited with status 1
dbus-daemon[3639328]: [session uid=1000 pid=3639328 pidfd=4] Activating service name='org.freedesktop.systemd1' requested by ':1.4' (uid=1000 pid=3639571 comm="/usr/bin/dbus-broker-launch --config-file=/usr/sha")
dbus-daemon[3639328]: [session uid=1000 pid=3639328 pidfd=4] Activated service 'org.freedesktop.systemd1' failed: Process org.freedesktop.systemd1 exited with status 1
dbus-daemon[3639328]: [session uid=1000 pid=3639328 pidfd=4] Activating service name='org.freedesktop.systemd1' requested by ':1.4' (uid=1000 pid=3639571 comm="/usr/bin/dbus-broker-launch --config-file=/usr/sha")
dbus-daemon[3639328]: [session uid=1000 pid=3639328 pidfd=4] Activated service 'org.freedesktop.systemd1' failed: Process org.freedesktop.systemd1 exited with status 1
{"trial": "S1-129-fill-COMP_E-measured-r10", "mode": "replay", "outcome": "verified", "oracle_exact_match": true, "completion_mutations": 1, "routes": ["compiled"], "error": null, "la": "3.68", "prov": {"attempts": 0, "reached": 0}}
dbus-daemon[3639328]: [session uid=1000 pid=3639328 pidfd=4] Activating service name='org.freedesktop.systemd1' requested by ':1.4' (uid=1000 pid=3639571 comm="/usr/bin/dbus-broker-launch --config-file=/usr/sha")
dbus-daemon[3639328]: [session uid=1000 pid=3639328 pidfd=4] Activated service 'org.freedesktop.systemd1' failed: Process org.freedesktop.systemd1 exited with status 1
dbus-daemon[3639328]: [session uid=1000 pid=3639328 pidfd=4] Activating service name='org.freedesktop.systemd1' requested by ':1.4' (uid=1000 pid=3639571 comm="/usr/bin/dbus-broker-launch --config-file=/usr/sha")
dbus-daemon[3639328]: [session uid=1000 pid=3639328 pidfd=4] Activated service 'org.freedesktop.systemd1' failed: Process org.freedesktop.systemd1 exited with status 1
dbus-daemon[3639328]: [session uid=1000 pid=3639328 pidfd=4] Activating service name='org.freedesktop.systemd1' requested by ':1.4' (uid=1000 pid=3639571 comm="/usr/bin/dbus-broker-launch --config-file=/usr/sha")
dbus-daemon[3639328]: [session uid=1000 pid=3639328 pidfd=4] Activated service 'org.freedesktop.systemd1' failed: Process org.freedesktop.systemd1 exited with status 1
{"trial": "S1-130-fill-COMP-measured-r10", "mode": "replay", "outcome": "verified", "oracle_exact_match": true, "completion_mutations": 1, "routes": ["compiled"], "error": null, "la": "3.68", "prov": {"attempts": 0, "reached": 0}}
dbus-daemon[3639328]: [session uid=1000 pid=3639328 pidfd=4] Activating service name='org.freedesktop.systemd1' requested by ':1.4' (uid=1000 pid=3639571 comm="/usr/bin/dbus-broker-launch --config-file=/usr/sha")
dbus-daemon[3639328]: [session uid=1000 pid=3639328 pidfd=4] Activated service 'org.freedesktop.systemd1' failed: Process org.freedesktop.systemd1 exited with status 1
dbus-daemon[3639328]: [session uid=1000 pid=3639328 pidfd=4] Activating service name='org.freedesktop.systemd1' requested by ':1.4' (uid=1000 pid=3639571 comm="/usr/bin/dbus-broker-launch --config-file=/usr/sha")
dbus-daemon[3639328]: [session uid=1000 pid=3639328 pidfd=4] Activated service 'org.freedesktop.systemd1' failed: Process org.freedesktop.systemd1 exited with status 1
dbus-daemon[3639328]: [session uid=1000 pid=3639328 pidfd=4] Activating service name='org.freedesktop.systemd1' requested by ':1.4' (uid=1000 pid=3639571 comm="/usr/bin/dbus-broker-launch --config-file=/usr/sha")
dbus-daemon[3639328]: [session uid=1000 pid=3639328 pidfd=4] Activated service 'org.freedesktop.systemd1' failed: Process org.freedesktop.systemd1 exited with status 1
{"trial": "S1-131-fill-BASE-measured-r10", "mode": "step", "outcome": "verified", "oracle_exact_match": true, "completion_mutations": 1, "routes": ["provider", "provider"], "error": null, "la": "3.68", "prov": {"attempts": 0, "reached": 0}}
dbus-daemon[3639328]: [session uid=1000 pid=3639328 pidfd=4] Activating service name='org.freedesktop.systemd1' requested by ':1.4' (uid=1000 pid=3639571 comm="/usr/bin/dbus-broker-launch --config-file=/usr/sha")
dbus-daemon[3639328]: [session uid=1000 pid=3639328 pidfd=4] Activated service 'org.freedesktop.systemd1' failed: Process org.freedesktop.systemd1 exited with status 1
dbus-daemon[3639328]: [session uid=1000 pid=3639328 pidfd=4] Activating service name='org.freedesktop.systemd1' requested by ':1.4' (uid=1000 pid=3639571 comm="/usr/bin/dbus-broker-launch --config-file=/usr/sha")
dbus-daemon[3639328]: [session uid=1000 pid=3639328 pidfd=4] Activated service 'org.freedesktop.systemd1' failed: Process org.freedesktop.systemd1 exited with status 1
dbus-daemon[3639328]: [session uid=1000 pid=3639328 pidfd=4] Activating service name='org.freedesktop.systemd1' requested by ':1.4' (uid=1000 pid=3639571 comm="/usr/bin/dbus-broker-launch --config-file=/usr/sha")
dbus-daemon[3639328]: [session uid=1000 pid=3639328 pidfd=4] Activated service 'org.freedesktop.systemd1' failed: Process org.freedesktop.systemd1 exited with status 1
{"trial": "S1-132-modal-COMP_E-measured-r11", "mode": "step", "outcome": "verified", "oracle_exact_match": true, "completion_mutations": 1, "routes": ["provider", "provider"], "error": null, "la": "3.55", "prov": {"attempts": 0, "reached": 0}}
dbus-daemon[3639328]: [session uid=1000 pid=3639328 pidfd=4] Activating service name='org.freedesktop.systemd1' requested by ':1.4' (uid=1000 pid=3639571 comm="/usr/bin/dbus-broker-launch --config-file=/usr/sha")
dbus-daemon[3639328]: [session uid=1000 pid=3639328 pidfd=4] Activated service 'org.freedesktop.systemd1' failed: Process org.freedesktop.systemd1 exited with status 1
dbus-daemon[3639328]: [session uid=1000 pid=3639328 pidfd=4] Activating service name='org.freedesktop.systemd1' requested by ':1.4' (uid=1000 pid=3639571 comm="/usr/bin/dbus-broker-launch --config-file=/usr/sha")
dbus-daemon[3639328]: [session uid=1000 pid=3639328 pidfd=4] Activated service 'org.freedesktop.systemd1' failed: Process org.freedesktop.systemd1 exited with status 1
dbus-daemon[3639328]: [session uid=1000 pid=3639328 pidfd=4] Activating service name='org.freedesktop.systemd1' requested by ':1.4' (uid=1000 pid=3639571 comm="/usr/bin/dbus-broker-launch --config-file=/usr/sha")
dbus-daemon[3639328]: [session uid=1000 pid=3639328 pidfd=4] Activated service 'org.freedesktop.systemd1' failed: Process org.freedesktop.systemd1 exited with status 1
{"trial": "S1-133-modal-BASE-measured-r11", "mode": "step", "outcome": "verified", "oracle_exact_match": true, "completion_mutations": 1, "routes": ["provider", "provider"], "error": null, "la": "3.55", "prov": {"attempts": 0, "reached": 0}}
dbus-daemon[3639328]: [session uid=1000 pid=3639328 pidfd=4] Activating service name='org.freedesktop.systemd1' requested by ':1.4' (uid=1000 pid=3639571 comm="/usr/bin/dbus-broker-launch --config-file=/usr/sha")
dbus-daemon[3639328]: [session uid=1000 pid=3639328 pidfd=4] Activated service 'org.freedesktop.systemd1' failed: Process org.freedesktop.systemd1 exited with status 1
dbus-daemon[3639328]: [session uid=1000 pid=3639328 pidfd=4] Activating service name='org.freedesktop.systemd1' requested by ':1.4' (uid=1000 pid=3639571 comm="/usr/bin/dbus-broker-launch --config-file=/usr/sha")
dbus-daemon[3639328]: [session uid=1000 pid=3639328 pidfd=4] Activated service 'org.freedesktop.systemd1' failed: Process org.freedesktop.systemd1 exited with status 1
dbus-daemon[3639328]: [session uid=1000 pid=3639328 pidfd=4] Activating service name='org.freedesktop.systemd1' requested by ':1.4' (uid=1000 pid=3639571 comm="/usr/bin/dbus-broker-launch --config-file=/usr/sha")
dbus-daemon[3639328]: [session uid=1000 pid=3639328 pidfd=4] Activated service 'org.freedesktop.systemd1' failed: Process org.freedesktop.systemd1 exited with status 1
{"trial": "S1-134-modal-COMP_K-measured-r11", "mode": "step", "outcome": "verified", "oracle_exact_match": true, "completion_mutations": 1, "routes": ["provider", "provider"], "error": null, "la": "3.42", "prov": {"attempts": 0, "reached": 0}}
dbus-daemon[3639328]: [session uid=1000 pid=3639328 pidfd=4] Activating service name='org.freedesktop.systemd1' requested by ':1.4' (uid=1000 pid=3639571 comm="/usr/bin/dbus-broker-launch --config-file=/usr/sha")
dbus-daemon[3639328]: [session uid=1000 pid=3639328 pidfd=4] Activated service 'org.freedesktop.systemd1' failed: Process org.freedesktop.systemd1 exited with status 1
dbus-daemon[3639328]: [session uid=1000 pid=3639328 pidfd=4] Activating service name='org.freedesktop.systemd1' requested by ':1.4' (uid=1000 pid=3639571 comm="/usr/bin/dbus-broker-launch --config-file=/usr/sha")
dbus-daemon[3639328]: [session uid=1000 pid=3639328 pidfd=4] Activated service 'org.freedesktop.systemd1' failed: Process org.freedesktop.systemd1 exited with status 1
dbus-daemon[3639328]: [session uid=1000 pid=3639328 pidfd=4] Activating service name='org.freedesktop.systemd1' requested by ':1.4' (uid=1000 pid=3639571 comm="/usr/bin/dbus-broker-launch --config-file=/usr/sha")
dbus-daemon[3639328]: [session uid=1000 pid=3639328 pidfd=4] Activated service 'org.freedesktop.systemd1' failed: Process org.freedesktop.systemd1 exited with status 1
{"trial": "S1-135-modal-COMP-measured-r11", "mode": "step", "outcome": "verified", "oracle_exact_match": true, "completion_mutations": 1, "routes": ["provider", "provider"], "error": null, "la": "3.42", "prov": {"attempts": 0, "reached": 0}}
dbus-daemon[3639328]: [session uid=1000 pid=3639328 pidfd=4] Activating service name='org.freedesktop.systemd1' requested by ':1.4' (uid=1000 pid=3639571 comm="/usr/bin/dbus-broker-launch --config-file=/usr/sha")
dbus-daemon[3639328]: [session uid=1000 pid=3639328 pidfd=4] Activated service 'org.freedesktop.systemd1' failed: Process org.freedesktop.systemd1 exited with status 1
dbus-daemon[3639328]: [session uid=1000 pid=3639328 pidfd=4] Activating service name='org.freedesktop.systemd1' requested by ':1.4' (uid=1000 pid=3639571 comm="/usr/bin/dbus-broker-launch --config-file=/usr/sha")
dbus-daemon[3639328]: [session uid=1000 pid=3639328 pidfd=4] Activated service 'org.freedesktop.systemd1' failed: Process org.freedesktop.systemd1 exited with status 1
dbus-daemon[3639328]: [session uid=1000 pid=3639328 pidfd=4] Activating service name='org.freedesktop.systemd1' requested by ':1.4' (uid=1000 pid=3639571 comm="/usr/bin/dbus-broker-launch --config-file=/usr/sha")
dbus-daemon[3639328]: [session uid=1000 pid=3639328 pidfd=4] Activated service 'org.freedesktop.systemd1' failed: Process org.freedesktop.systemd1 exited with status 1
{"trial": "S1-136-fill-COMP_E-measured-r11", "mode": "replay", "outcome": "verified", "oracle_exact_match": true, "completion_mutations": 1, "routes": ["compiled"], "error": null, "la": "3.87", "prov": {"attempts": 0, "reached": 0}}
dbus-daemon[3639328]: [session uid=1000 pid=3639328 pidfd=4] Activating service name='org.freedesktop.systemd1' requested by ':1.4' (uid=1000 pid=3639571 comm="/usr/bin/dbus-broker-launch --config-file=/usr/sha")
dbus-daemon[3639328]: [session uid=1000 pid=3639328 pidfd=4] Activated service 'org.freedesktop.systemd1' failed: Process org.freedesktop.systemd1 exited with status 1
dbus-daemon[3639328]: [session uid=1000 pid=3639328 pidfd=4] Activating service name='org.freedesktop.systemd1' requested by ':1.4' (uid=1000 pid=3639571 comm="/usr/bin/dbus-broker-launch --config-file=/usr/sha")
dbus-daemon[3639328]: [session uid=1000 pid=3639328 pidfd=4] Activated service 'org.freedesktop.systemd1' failed: Process org.freedesktop.systemd1 exited with status 1
dbus-daemon[3639328]: [session uid=1000 pid=3639328 pidfd=4] Activating service name='org.freedesktop.systemd1' requested by ':1.4' (uid=1000 pid=3639571 comm="/usr/bin/dbus-broker-launch --config-file=/usr/sha")
dbus-daemon[3639328]: [session uid=1000 pid=3639328 pidfd=4] Activated service 'org.freedesktop.systemd1' failed: Process org.freedesktop.systemd1 exited with status 1
{"trial": "S1-137-fill-BASE-measured-r11", "mode": "step", "outcome": "verified", "oracle_exact_match": true, "completion_mutations": 1, "routes": ["provider", "provider"], "error": null, "la": "3.87", "prov": {"attempts": 0, "reached": 0}}
dbus-daemon[3639328]: [session uid=1000 pid=3639328 pidfd=4] Activating service name='org.freedesktop.systemd1' requested by ':1.4' (uid=1000 pid=3639571 comm="/usr/bin/dbus-broker-launch --config-file=/usr/sha")
dbus-daemon[3639328]: [session uid=1000 pid=3639328 pidfd=4] Activated service 'org.freedesktop.systemd1' failed: Process org.freedesktop.systemd1 exited with status 1
dbus-daemon[3639328]: [session uid=1000 pid=3639328 pidfd=4] Activating service name='org.freedesktop.systemd1' requested by ':1.4' (uid=1000 pid=3639571 comm="/usr/bin/dbus-broker-launch --config-file=/usr/sha")
dbus-daemon[3639328]: [session uid=1000 pid=3639328 pidfd=4] Activated service 'org.freedesktop.systemd1' failed: Process org.freedesktop.systemd1 exited with status 1
dbus-daemon[3639328]: [session uid=1000 pid=3639328 pidfd=4] Activating service name='org.freedesktop.systemd1' requested by ':1.4' (uid=1000 pid=3639571 comm="/usr/bin/dbus-broker-launch --config-file=/usr/sha")
dbus-daemon[3639328]: [session uid=1000 pid=3639328 pidfd=4] Activated service 'org.freedesktop.systemd1' failed: Process org.freedesktop.systemd1 exited with status 1
{"trial": "S1-138-fill-COMP_K-measured-r11", "mode": "replay", "outcome": "verified", "oracle_exact_match": true, "completion_mutations": 1, "routes": ["compiled"], "error": null, "la": "4.36", "prov": {"attempts": 0, "reached": 0}}
dbus-daemon[3639328]: [session uid=1000 pid=3639328 pidfd=4] Activating service name='org.freedesktop.systemd1' requested by ':1.4' (uid=1000 pid=3639571 comm="/usr/bin/dbus-broker-launch --config-file=/usr/sha")
dbus-daemon[3639328]: [session uid=1000 pid=3639328 pidfd=4] Activated service 'org.freedesktop.systemd1' failed: Process org.freedesktop.systemd1 exited with status 1
dbus-daemon[3639328]: [session uid=1000 pid=3639328 pidfd=4] Activating service name='org.freedesktop.systemd1' requested by ':1.4' (uid=1000 pid=3639571 comm="/usr/bin/dbus-broker-launch --config-file=/usr/sha")
dbus-daemon[3639328]: [session uid=1000 pid=3639328 pidfd=4] Activated service 'org.freedesktop.systemd1' failed: Process org.freedesktop.systemd1 exited with status 1
dbus-daemon[3639328]: [session uid=1000 pid=3639328 pidfd=4] Activating service name='org.freedesktop.systemd1' requested by ':1.4' (uid=1000 pid=3639571 comm="/usr/bin/dbus-broker-launch --config-file=/usr/sha")
dbus-daemon[3639328]: [session uid=1000 pid=3639328 pidfd=4] Activated service 'org.freedesktop.systemd1' failed: Process org.freedesktop.systemd1 exited with status 1
{"trial": "S1-139-fill-COMP-measured-r11", "mode": "replay", "outcome": "verified", "oracle_exact_match": true, "completion_mutations": 1, "routes": ["compiled"], "error": null, "la": "4.36", "prov": {"attempts": 0, "reached": 0}}
dbus-daemon[3639328]: [session uid=1000 pid=3639328 pidfd=4] Activating service name='org.freedesktop.systemd1' requested by ':1.4' (uid=1000 pid=3639571 comm="/usr/bin/dbus-broker-launch --config-file=/usr/sha")
dbus-daemon[3639328]: [session uid=1000 pid=3639328 pidfd=4] Activated service 'org.freedesktop.systemd1' failed: Process org.freedesktop.systemd1 exited with status 1
dbus-daemon[3639328]: [session uid=1000 pid=3639328 pidfd=4] Activating service name='org.freedesktop.systemd1' requested by ':1.4' (uid=1000 pid=3639571 comm="/usr/bin/dbus-broker-launch --config-file=/usr/sha")
dbus-daemon[3639328]: [session uid=1000 pid=3639328 pidfd=4] Activated service 'org.freedesktop.systemd1' failed: Process org.freedesktop.systemd1 exited with status 1
dbus-daemon[3639328]: [session uid=1000 pid=3639328 pidfd=4] Activating service name='org.freedesktop.systemd1' requested by ':1.4' (uid=1000 pid=3639571 comm="/usr/bin/dbus-broker-launch --config-file=/usr/sha")
dbus-daemon[3639328]: [session uid=1000 pid=3639328 pidfd=4] Activated service 'org.freedesktop.systemd1' failed: Process org.freedesktop.systemd1 exited with status 1
{"trial": "S1-140-toggle-COMP_E-measured-r11", "mode": "step", "outcome": "verified", "oracle_exact_match": true, "completion_mutations": 1, "routes": ["provider", "provider"], "error": null, "la": "4.33", "prov": {"attempts": 0, "reached": 0}}
dbus-daemon[3639328]: [session uid=1000 pid=3639328 pidfd=4] Activating service name='org.freedesktop.systemd1' requested by ':1.4' (uid=1000 pid=3639571 comm="/usr/bin/dbus-broker-launch --config-file=/usr/sha")
dbus-daemon[3639328]: [session uid=1000 pid=3639328 pidfd=4] Activated service 'org.freedesktop.systemd1' failed: Process org.freedesktop.systemd1 exited with status 1
dbus-daemon[3639328]: [session uid=1000 pid=3639328 pidfd=4] Activating service name='org.freedesktop.systemd1' requested by ':1.4' (uid=1000 pid=3639571 comm="/usr/bin/dbus-broker-launch --config-file=/usr/sha")
dbus-daemon[3639328]: [session uid=1000 pid=3639328 pidfd=4] Activated service 'org.freedesktop.systemd1' failed: Process org.freedesktop.systemd1 exited with status 1
dbus-daemon[3639328]: [session uid=1000 pid=3639328 pidfd=4] Activating service name='org.freedesktop.systemd1' requested by ':1.4' (uid=1000 pid=3639571 comm="/usr/bin/dbus-broker-launch --config-file=/usr/sha")
dbus-daemon[3639328]: [session uid=1000 pid=3639328 pidfd=4] Activated service 'org.freedesktop.systemd1' failed: Process org.freedesktop.systemd1 exited with status 1
{"trial": "S1-141-toggle-BASE-measured-r11", "mode": "step", "outcome": "verified", "oracle_exact_match": true, "completion_mutations": 1, "routes": ["provider", "provider"], "error": null, "la": "4.33", "prov": {"attempts": 0, "reached": 0}}
dbus-daemon[3639328]: [session uid=1000 pid=3639328 pidfd=4] Activating service name='org.freedesktop.systemd1' requested by ':1.4' (uid=1000 pid=3639571 comm="/usr/bin/dbus-broker-launch --config-file=/usr/sha")
dbus-daemon[3639328]: [session uid=1000 pid=3639328 pidfd=4] Activated service 'org.freedesktop.systemd1' failed: Process org.freedesktop.systemd1 exited with status 1
dbus-daemon[3639328]: [session uid=1000 pid=3639328 pidfd=4] Activating service name='org.freedesktop.systemd1' requested by ':1.4' (uid=1000 pid=3639571 comm="/usr/bin/dbus-broker-launch --config-file=/usr/sha")
dbus-daemon[3639328]: [session uid=1000 pid=3639328 pidfd=4] Activated service 'org.freedesktop.systemd1' failed: Process org.freedesktop.systemd1 exited with status 1
dbus-daemon[3639328]: [session uid=1000 pid=3639328 pidfd=4] Activating service name='org.freedesktop.systemd1' requested by ':1.4' (uid=1000 pid=3639571 comm="/usr/bin/dbus-broker-launch --config-file=/usr/sha")
dbus-daemon[3639328]: [session uid=1000 pid=3639328 pidfd=4] Activated service 'org.freedesktop.systemd1' failed: Process org.freedesktop.systemd1 exited with status 1
{"trial": "S1-142-toggle-COMP_K-measured-r11", "mode": "step", "outcome": "verified", "oracle_exact_match": true, "completion_mutations": 1, "routes": ["provider", "provider"], "error": null, "la": "4.15", "prov": {"attempts": 0, "reached": 0}}
dbus-daemon[3639328]: [session uid=1000 pid=3639328 pidfd=4] Activating service name='org.freedesktop.systemd1' requested by ':1.4' (uid=1000 pid=3639571 comm="/usr/bin/dbus-broker-launch --config-file=/usr/sha")
dbus-daemon[3639328]: [session uid=1000 pid=3639328 pidfd=4] Activated service 'org.freedesktop.systemd1' failed: Process org.freedesktop.systemd1 exited with status 1
dbus-daemon[3639328]: [session uid=1000 pid=3639328 pidfd=4] Activating service name='org.freedesktop.systemd1' requested by ':1.4' (uid=1000 pid=3639571 comm="/usr/bin/dbus-broker-launch --config-file=/usr/sha")
dbus-daemon[3639328]: [session uid=1000 pid=3639328 pidfd=4] Activated service 'org.freedesktop.systemd1' failed: Process org.freedesktop.systemd1 exited with status 1
dbus-daemon[3639328]: [session uid=1000 pid=3639328 pidfd=4] Activating service name='org.freedesktop.systemd1' requested by ':1.4' (uid=1000 pid=3639571 comm="/usr/bin/dbus-broker-launch --config-file=/usr/sha")
dbus-daemon[3639328]: [session uid=1000 pid=3639328 pidfd=4] Activated service 'org.freedesktop.systemd1' failed: Process org.freedesktop.systemd1 exited with status 1
{"trial": "S1-143-toggle-COMP-measured-r11", "mode": "step", "outcome": "verified", "oracle_exact_match": true, "completion_mutations": 1, "routes": ["provider", "provider"], "error": null, "la": "4.15", "prov": {"attempts": 0, "reached": 0}}
dbus-daemon[3639328]: [session uid=1000 pid=3639328 pidfd=4] Activating service name='org.freedesktop.systemd1' requested by ':1.4' (uid=1000 pid=3639571 comm="/usr/bin/dbus-broker-launch --config-file=/usr/sha")
dbus-daemon[3639328]: [session uid=1000 pid=3639328 pidfd=4] Activated service 'org.freedesktop.systemd1' failed: Process org.freedesktop.systemd1 exited with status 1
dbus-daemon[3639328]: [session uid=1000 pid=3639328 pidfd=4] Activating service name='org.freedesktop.systemd1' requested by ':1.4' (uid=1000 pid=3639571 comm="/usr/bin/dbus-broker-launch --config-file=/usr/sha")
dbus-daemon[3639328]: [session uid=1000 pid=3639328 pidfd=4] Activated service 'org.freedesktop.systemd1' failed: Process org.freedesktop.systemd1 exited with status 1
dbus-daemon[3639328]: [session uid=1000 pid=3639328 pidfd=4] Activating service name='org.freedesktop.systemd1' requested by ':1.4' (uid=1000 pid=3639571 comm="/usr/bin/dbus-broker-launch --config-file=/usr/sha")
dbus-daemon[3639328]: [session uid=1000 pid=3639328 pidfd=4] Activated service 'org.freedesktop.systemd1' failed: Process org.freedesktop.systemd1 exited with status 1
{"trial": "S1-144-fill-BASE-measured-r12", "mode": "step", "outcome": "verified", "oracle_exact_match": true, "completion_mutations": 1, "routes": ["provider", "provider"], "error": null, "la": "4.15", "prov": {"attempts": 0, "reached": 0}}
dbus-daemon[3639328]: [session uid=1000 pid=3639328 pidfd=4] Activating service name='org.freedesktop.systemd1' requested by ':1.4' (uid=1000 pid=3639571 comm="/usr/bin/dbus-broker-launch --config-file=/usr/sha")
dbus-daemon[3639328]: [session uid=1000 pid=3639328 pidfd=4] Activated service 'org.freedesktop.systemd1' failed: Process org.freedesktop.systemd1 exited with status 1
dbus-daemon[3639328]: [session uid=1000 pid=3639328 pidfd=4] Activating service name='org.freedesktop.systemd1' requested by ':1.4' (uid=1000 pid=3639571 comm="/usr/bin/dbus-broker-launch --config-file=/usr/sha")
dbus-daemon[3639328]: [session uid=1000 pid=3639328 pidfd=4] Activated service 'org.freedesktop.systemd1' failed: Process org.freedesktop.systemd1 exited with status 1
dbus-daemon[3639328]: [session uid=1000 pid=3639328 pidfd=4] Activating service name='org.freedesktop.systemd1' requested by ':1.4' (uid=1000 pid=3639571 comm="/usr/bin/dbus-broker-launch --config-file=/usr/sha")
dbus-daemon[3639328]: [session uid=1000 pid=3639328 pidfd=4] Activated service 'org.freedesktop.systemd1' failed: Process org.freedesktop.systemd1 exited with status 1
{"trial": "S1-145-fill-COMP-measured-r12", "mode": "replay", "outcome": "verified", "oracle_exact_match": true, "completion_mutations": 1, "routes": ["compiled"], "error": null, "la": "4.86", "prov": {"attempts": 0, "reached": 0}}
dbus-daemon[3639328]: [session uid=1000 pid=3639328 pidfd=4] Activating service name='org.freedesktop.systemd1' requested by ':1.4' (uid=1000 pid=3639571 comm="/usr/bin/dbus-broker-launch --config-file=/usr/sha")
dbus-daemon[3639328]: [session uid=1000 pid=3639328 pidfd=4] Activated service 'org.freedesktop.systemd1' failed: Process org.freedesktop.systemd1 exited with status 1
dbus-daemon[3639328]: [session uid=1000 pid=3639328 pidfd=4] Activating service name='org.freedesktop.systemd1' requested by ':1.4' (uid=1000 pid=3639571 comm="/usr/bin/dbus-broker-launch --config-file=/usr/sha")
dbus-daemon[3639328]: [session uid=1000 pid=3639328 pidfd=4] Activated service 'org.freedesktop.systemd1' failed: Process org.freedesktop.systemd1 exited with status 1
dbus-daemon[3639328]: [session uid=1000 pid=3639328 pidfd=4] Activating service name='org.freedesktop.systemd1' requested by ':1.4' (uid=1000 pid=3639571 comm="/usr/bin/dbus-broker-launch --config-file=/usr/sha")
dbus-daemon[3639328]: [session uid=1000 pid=3639328 pidfd=4] Activated service 'org.freedesktop.systemd1' failed: Process org.freedesktop.systemd1 exited with status 1
{"trial": "S1-146-fill-COMP_E-measured-r12", "mode": "replay", "outcome": "verified", "oracle_exact_match": true, "completion_mutations": 1, "routes": ["compiled"], "error": null, "la": "4.86", "prov": {"attempts": 0, "reached": 0}}
dbus-daemon[3639328]: [session uid=1000 pid=3639328 pidfd=4] Activating service name='org.freedesktop.systemd1' requested by ':1.4' (uid=1000 pid=3639571 comm="/usr/bin/dbus-broker-launch --config-file=/usr/sha")
dbus-daemon[3639328]: [session uid=1000 pid=3639328 pidfd=4] Activated service 'org.freedesktop.systemd1' failed: Process org.freedesktop.systemd1 exited with status 1
dbus-daemon[3639328]: [session uid=1000 pid=3639328 pidfd=4] Activating service name='org.freedesktop.systemd1' requested by ':1.4' (uid=1000 pid=3639571 comm="/usr/bin/dbus-broker-launch --config-file=/usr/sha")
dbus-daemon[3639328]: [session uid=1000 pid=3639328 pidfd=4] Activated service 'org.freedesktop.systemd1' failed: Process org.freedesktop.systemd1 exited with status 1
dbus-daemon[3639328]: [session uid=1000 pid=3639328 pidfd=4] Activating service name='org.freedesktop.systemd1' requested by ':1.4' (uid=1000 pid=3639571 comm="/usr/bin/dbus-broker-launch --config-file=/usr/sha")
dbus-daemon[3639328]: [session uid=1000 pid=3639328 pidfd=4] Activated service 'org.freedesktop.systemd1' failed: Process org.freedesktop.systemd1 exited with status 1
{"trial": "S1-147-fill-COMP_K-measured-r12", "mode": "replay", "outcome": "verified", "oracle_exact_match": true, "completion_mutations": 1, "routes": ["compiled"], "error": null, "la": "4.71", "prov": {"attempts": 0, "reached": 0}}
dbus-daemon[3639328]: [session uid=1000 pid=3639328 pidfd=4] Activating service name='org.freedesktop.systemd1' requested by ':1.4' (uid=1000 pid=3639571 comm="/usr/bin/dbus-broker-launch --config-file=/usr/sha")
dbus-daemon[3639328]: [session uid=1000 pid=3639328 pidfd=4] Activated service 'org.freedesktop.systemd1' failed: Process org.freedesktop.systemd1 exited with status 1
dbus-daemon[3639328]: [session uid=1000 pid=3639328 pidfd=4] Activating service name='org.freedesktop.systemd1' requested by ':1.4' (uid=1000 pid=3639571 comm="/usr/bin/dbus-broker-launch --config-file=/usr/sha")
dbus-daemon[3639328]: [session uid=1000 pid=3639328 pidfd=4] Activated service 'org.freedesktop.systemd1' failed: Process org.freedesktop.systemd1 exited with status 1
dbus-daemon[3639328]: [session uid=1000 pid=3639328 pidfd=4] Activating service name='org.freedesktop.systemd1' requested by ':1.4' (uid=1000 pid=3639571 comm="/usr/bin/dbus-broker-launch --config-file=/usr/sha")
dbus-daemon[3639328]: [session uid=1000 pid=3639328 pidfd=4] Activated service 'org.freedesktop.systemd1' failed: Process org.freedesktop.systemd1 exited with status 1
{"trial": "S1-148-toggle-BASE-measured-r12", "mode": "step", "outcome": "verified", "oracle_exact_match": true, "completion_mutations": 1, "routes": ["provider", "provider"], "error": null, "la": "4.71", "prov": {"attempts": 0, "reached": 0}}
dbus-daemon[3639328]: [session uid=1000 pid=3639328 pidfd=4] Activating service name='org.freedesktop.systemd1' requested by ':1.4' (uid=1000 pid=3639571 comm="/usr/bin/dbus-broker-launch --config-file=/usr/sha")
dbus-daemon[3639328]: [session uid=1000 pid=3639328 pidfd=4] Activated service 'org.freedesktop.systemd1' failed: Process org.freedesktop.systemd1 exited with status 1
dbus-daemon[3639328]: [session uid=1000 pid=3639328 pidfd=4] Activating service name='org.freedesktop.systemd1' requested by ':1.4' (uid=1000 pid=3639571 comm="/usr/bin/dbus-broker-launch --config-file=/usr/sha")
dbus-daemon[3639328]: [session uid=1000 pid=3639328 pidfd=4] Activated service 'org.freedesktop.systemd1' failed: Process org.freedesktop.systemd1 exited with status 1
dbus-daemon[3639328]: [session uid=1000 pid=3639328 pidfd=4] Activating service name='org.freedesktop.systemd1' requested by ':1.4' (uid=1000 pid=3639571 comm="/usr/bin/dbus-broker-launch --config-file=/usr/sha")
dbus-daemon[3639328]: [session uid=1000 pid=3639328 pidfd=4] Activated service 'org.freedesktop.systemd1' failed: Process org.freedesktop.systemd1 exited with status 1
{"trial": "S1-149-toggle-COMP-measured-r12", "mode": "step", "outcome": "verified", "oracle_exact_match": true, "completion_mutations": 1, "routes": ["provider", "provider"], "error": null, "la": "4.73", "prov": {"attempts": 0, "reached": 0}}
dbus-daemon[3639328]: [session uid=1000 pid=3639328 pidfd=4] Activating service name='org.freedesktop.systemd1' requested by ':1.4' (uid=1000 pid=3639571 comm="/usr/bin/dbus-broker-launch --config-file=/usr/sha")
dbus-daemon[3639328]: [session uid=1000 pid=3639328 pidfd=4] Activated service 'org.freedesktop.systemd1' failed: Process org.freedesktop.systemd1 exited with status 1
dbus-daemon[3639328]: [session uid=1000 pid=3639328 pidfd=4] Activating service name='org.freedesktop.systemd1' requested by ':1.4' (uid=1000 pid=3639571 comm="/usr/bin/dbus-broker-launch --config-file=/usr/sha")
dbus-daemon[3639328]: [session uid=1000 pid=3639328 pidfd=4] Activated service 'org.freedesktop.systemd1' failed: Process org.freedesktop.systemd1 exited with status 1
dbus-daemon[3639328]: [session uid=1000 pid=3639328 pidfd=4] Activating service name='org.freedesktop.systemd1' requested by ':1.4' (uid=1000 pid=3639571 comm="/usr/bin/dbus-broker-launch --config-file=/usr/sha")
dbus-daemon[3639328]: [session uid=1000 pid=3639328 pidfd=4] Activated service 'org.freedesktop.systemd1' failed: Process org.freedesktop.systemd1 exited with status 1
{"trial": "S1-150-toggle-COMP_E-measured-r12", "mode": "step", "outcome": "verified", "oracle_exact_match": true, "completion_mutations": 1, "routes": ["provider", "provider"], "error": null, "la": "4.73", "prov": {"attempts": 0, "reached": 0}}
dbus-daemon[3639328]: [session uid=1000 pid=3639328 pidfd=4] Activating service name='org.freedesktop.systemd1' requested by ':1.4' (uid=1000 pid=3639571 comm="/usr/bin/dbus-broker-launch --config-file=/usr/sha")
dbus-daemon[3639328]: [session uid=1000 pid=3639328 pidfd=4] Activated service 'org.freedesktop.systemd1' failed: Process org.freedesktop.systemd1 exited with status 1
dbus-daemon[3639328]: [session uid=1000 pid=3639328 pidfd=4] Activating service name='org.freedesktop.systemd1' requested by ':1.4' (uid=1000 pid=3639571 comm="/usr/bin/dbus-broker-launch --config-file=/usr/sha")
dbus-daemon[3639328]: [session uid=1000 pid=3639328 pidfd=4] Activated service 'org.freedesktop.systemd1' failed: Process org.freedesktop.systemd1 exited with status 1
dbus-daemon[3639328]: [session uid=1000 pid=3639328 pidfd=4] Activating service name='org.freedesktop.systemd1' requested by ':1.4' (uid=1000 pid=3639571 comm="/usr/bin/dbus-broker-launch --config-file=/usr/sha")
dbus-daemon[3639328]: [session uid=1000 pid=3639328 pidfd=4] Activated service 'org.freedesktop.systemd1' failed: Process org.freedesktop.systemd1 exited with status 1
{"trial": "S1-151-toggle-COMP_K-measured-r12", "mode": "step", "outcome": "verified", "oracle_exact_match": true, "completion_mutations": 1, "routes": ["provider", "provider"], "error": null, "la": "4.51", "prov": {"attempts": 0, "reached": 0}}
dbus-daemon[3639328]: [session uid=1000 pid=3639328 pidfd=4] Activating service name='org.freedesktop.systemd1' requested by ':1.4' (uid=1000 pid=3639571 comm="/usr/bin/dbus-broker-launch --config-file=/usr/sha")
dbus-daemon[3639328]: [session uid=1000 pid=3639328 pidfd=4] Activated service 'org.freedesktop.systemd1' failed: Process org.freedesktop.systemd1 exited with status 1
dbus-daemon[3639328]: [session uid=1000 pid=3639328 pidfd=4] Activating service name='org.freedesktop.systemd1' requested by ':1.4' (uid=1000 pid=3639571 comm="/usr/bin/dbus-broker-launch --config-file=/usr/sha")
dbus-daemon[3639328]: [session uid=1000 pid=3639328 pidfd=4] Activated service 'org.freedesktop.systemd1' failed: Process org.freedesktop.systemd1 exited with status 1
dbus-daemon[3639328]: [session uid=1000 pid=3639328 pidfd=4] Activating service name='org.freedesktop.systemd1' requested by ':1.4' (uid=1000 pid=3639571 comm="/usr/bin/dbus-broker-launch --config-file=/usr/sha")
dbus-daemon[3639328]: [session uid=1000 pid=3639328 pidfd=4] Activated service 'org.freedesktop.systemd1' failed: Process org.freedesktop.systemd1 exited with status 1
{"trial": "S1-152-modal-BASE-measured-r12", "mode": "step", "outcome": "verified", "oracle_exact_match": true, "completion_mutations": 1, "routes": ["provider", "provider"], "error": null, "la": "4.51", "prov": {"attempts": 0, "reached": 0}}
dbus-daemon[3639328]: [session uid=1000 pid=3639328 pidfd=4] Activating service name='org.freedesktop.systemd1' requested by ':1.4' (uid=1000 pid=3639571 comm="/usr/bin/dbus-broker-launch --config-file=/usr/sha")
dbus-daemon[3639328]: [session uid=1000 pid=3639328 pidfd=4] Activated service 'org.freedesktop.systemd1' failed: Process org.freedesktop.systemd1 exited with status 1
dbus-daemon[3639328]: [session uid=1000 pid=3639328 pidfd=4] Activating service name='org.freedesktop.systemd1' requested by ':1.4' (uid=1000 pid=3639571 comm="/usr/bin/dbus-broker-launch --config-file=/usr/sha")
dbus-daemon[3639328]: [session uid=1000 pid=3639328 pidfd=4] Activated service 'org.freedesktop.systemd1' failed: Process org.freedesktop.systemd1 exited with status 1
dbus-daemon[3639328]: [session uid=1000 pid=3639328 pidfd=4] Activating service name='org.freedesktop.systemd1' requested by ':1.4' (uid=1000 pid=3639571 comm="/usr/bin/dbus-broker-launch --config-file=/usr/sha")
dbus-daemon[3639328]: [session uid=1000 pid=3639328 pidfd=4] Activated service 'org.freedesktop.systemd1' failed: Process org.freedesktop.systemd1 exited with status 1
{"trial": "S1-153-modal-COMP-measured-r12", "mode": "step", "outcome": "verified", "oracle_exact_match": true, "completion_mutations": 1, "routes": ["provider", "provider"], "error": null, "la": "4.23", "prov": {"attempts": 0, "reached": 0}}
dbus-daemon[3639328]: [session uid=1000 pid=3639328 pidfd=4] Activating service name='org.freedesktop.systemd1' requested by ':1.4' (uid=1000 pid=3639571 comm="/usr/bin/dbus-broker-launch --config-file=/usr/sha")
dbus-daemon[3639328]: [session uid=1000 pid=3639328 pidfd=4] Activated service 'org.freedesktop.systemd1' failed: Process org.freedesktop.systemd1 exited with status 1
dbus-daemon[3639328]: [session uid=1000 pid=3639328 pidfd=4] Activating service name='org.freedesktop.systemd1' requested by ':1.4' (uid=1000 pid=3639571 comm="/usr/bin/dbus-broker-launch --config-file=/usr/sha")
dbus-daemon[3639328]: [session uid=1000 pid=3639328 pidfd=4] Activated service 'org.freedesktop.systemd1' failed: Process org.freedesktop.systemd1 exited with status 1
dbus-daemon[3639328]: [session uid=1000 pid=3639328 pidfd=4] Activating service name='org.freedesktop.systemd1' requested by ':1.4' (uid=1000 pid=3639571 comm="/usr/bin/dbus-broker-launch --config-file=/usr/sha")
dbus-daemon[3639328]: [session uid=1000 pid=3639328 pidfd=4] Activated service 'org.freedesktop.systemd1' failed: Process org.freedesktop.systemd1 exited with status 1
{"trial": "S1-154-modal-COMP_E-measured-r12", "mode": "step", "outcome": "verified", "oracle_exact_match": true, "completion_mutations": 1, "routes": ["provider", "provider"], "error": null, "la": "4.23", "prov": {"attempts": 0, "reached": 0}}
dbus-daemon[3639328]: [session uid=1000 pid=3639328 pidfd=4] Activating service name='org.freedesktop.systemd1' requested by ':1.4' (uid=1000 pid=3639571 comm="/usr/bin/dbus-broker-launch --config-file=/usr/sha")
dbus-daemon[3639328]: [session uid=1000 pid=3639328 pidfd=4] Activated service 'org.freedesktop.systemd1' failed: Process org.freedesktop.systemd1 exited with status 1
dbus-daemon[3639328]: [session uid=1000 pid=3639328 pidfd=4] Activating service name='org.freedesktop.systemd1' requested by ':1.4' (uid=1000 pid=3639571 comm="/usr/bin/dbus-broker-launch --config-file=/usr/sha")
dbus-daemon[3639328]: [session uid=1000 pid=3639328 pidfd=4] Activated service 'org.freedesktop.systemd1' failed: Process org.freedesktop.systemd1 exited with status 1
dbus-daemon[3639328]: [session uid=1000 pid=3639328 pidfd=4] Activating service name='org.freedesktop.systemd1' requested by ':1.4' (uid=1000 pid=3639571 comm="/usr/bin/dbus-broker-launch --config-file=/usr/sha")
dbus-daemon[3639328]: [session uid=1000 pid=3639328 pidfd=4] Activated service 'org.freedesktop.systemd1' failed: Process org.freedesktop.systemd1 exited with status 1
{"trial": "S1-155-modal-COMP_K-measured-r12", "mode": "step", "outcome": "verified", "oracle_exact_match": true, "completion_mutations": 1, "routes": ["provider", "provider"], "error": null, "la": "4.23", "prov": {"attempts": 0, "reached": 0}}
dbus-daemon[3639328]: [session uid=1000 pid=3639328 pidfd=4] Activating service name='org.freedesktop.systemd1' requested by ':1.4' (uid=1000 pid=3639571 comm="/usr/bin/dbus-broker-launch --config-file=/usr/sha")
dbus-daemon[3639328]: [session uid=1000 pid=3639328 pidfd=4] Activated service 'org.freedesktop.systemd1' failed: Process org.freedesktop.systemd1 exited with status 1
dbus-daemon[3639328]: [session uid=1000 pid=3639328 pidfd=4] Activating service name='org.freedesktop.systemd1' requested by ':1.4' (uid=1000 pid=3639571 comm="/usr/bin/dbus-broker-launch --config-file=/usr/sha")
dbus-daemon[3639328]: [session uid=1000 pid=3639328 pidfd=4] Activated service 'org.freedesktop.systemd1' failed: Process org.freedesktop.systemd1 exited with status 1
dbus-daemon[3639328]: [session uid=1000 pid=3639328 pidfd=4] Activating service name='org.freedesktop.systemd1' requested by ':1.4' (uid=1000 pid=3639571 comm="/usr/bin/dbus-broker-launch --config-file=/usr/sha")
dbus-daemon[3639328]: [session uid=1000 pid=3639328 pidfd=4] Activated service 'org.freedesktop.systemd1' failed: Process org.freedesktop.systemd1 exited with status 1
{"trial": "S1-156-toggle-COMP-measured-r13", "mode": "step", "outcome": "verified", "oracle_exact_match": true, "completion_mutations": 1, "routes": ["provider", "provider"], "error": null, "la": "3.97", "prov": {"attempts": 0, "reached": 0}}
dbus-daemon[3639328]: [session uid=1000 pid=3639328 pidfd=4] Activating service name='org.freedesktop.systemd1' requested by ':1.4' (uid=1000 pid=3639571 comm="/usr/bin/dbus-broker-launch --config-file=/usr/sha")
dbus-daemon[3639328]: [session uid=1000 pid=3639328 pidfd=4] Activated service 'org.freedesktop.systemd1' failed: Process org.freedesktop.systemd1 exited with status 1
dbus-daemon[3639328]: [session uid=1000 pid=3639328 pidfd=4] Activating service name='org.freedesktop.systemd1' requested by ':1.4' (uid=1000 pid=3639571 comm="/usr/bin/dbus-broker-launch --config-file=/usr/sha")
dbus-daemon[3639328]: [session uid=1000 pid=3639328 pidfd=4] Activated service 'org.freedesktop.systemd1' failed: Process org.freedesktop.systemd1 exited with status 1
dbus-daemon[3639328]: [session uid=1000 pid=3639328 pidfd=4] Activating service name='org.freedesktop.systemd1' requested by ':1.4' (uid=1000 pid=3639571 comm="/usr/bin/dbus-broker-launch --config-file=/usr/sha")
dbus-daemon[3639328]: [session uid=1000 pid=3639328 pidfd=4] Activated service 'org.freedesktop.systemd1' failed: Process org.freedesktop.systemd1 exited with status 1
{"trial": "S1-157-toggle-COMP_K-measured-r13", "mode": "step", "outcome": "verified", "oracle_exact_match": true, "completion_mutations": 1, "routes": ["provider", "provider"], "error": null, "la": "3.97", "prov": {"attempts": 0, "reached": 0}}
dbus-daemon[3639328]: [session uid=1000 pid=3639328 pidfd=4] Activating service name='org.freedesktop.systemd1' requested by ':1.4' (uid=1000 pid=3639571 comm="/usr/bin/dbus-broker-launch --config-file=/usr/sha")
dbus-daemon[3639328]: [session uid=1000 pid=3639328 pidfd=4] Activated service 'org.freedesktop.systemd1' failed: Process org.freedesktop.systemd1 exited with status 1
dbus-daemon[3639328]: [session uid=1000 pid=3639328 pidfd=4] Activating service name='org.freedesktop.systemd1' requested by ':1.4' (uid=1000 pid=3639571 comm="/usr/bin/dbus-broker-launch --config-file=/usr/sha")
dbus-daemon[3639328]: [session uid=1000 pid=3639328 pidfd=4] Activated service 'org.freedesktop.systemd1' failed: Process org.freedesktop.systemd1 exited with status 1
dbus-daemon[3639328]: [session uid=1000 pid=3639328 pidfd=4] Activating service name='org.freedesktop.systemd1' requested by ':1.4' (uid=1000 pid=3639571 comm="/usr/bin/dbus-broker-launch --config-file=/usr/sha")
dbus-daemon[3639328]: [session uid=1000 pid=3639328 pidfd=4] Activated service 'org.freedesktop.systemd1' failed: Process org.freedesktop.systemd1 exited with status 1
{"trial": "S1-158-toggle-BASE-measured-r13", "mode": "step", "outcome": "verified", "oracle_exact_match": true, "completion_mutations": 1, "routes": ["provider", "provider"], "error": null, "la": "4.13", "prov": {"attempts": 0, "reached": 0}}
dbus-daemon[3639328]: [session uid=1000 pid=3639328 pidfd=4] Activating service name='org.freedesktop.systemd1' requested by ':1.4' (uid=1000 pid=3639571 comm="/usr/bin/dbus-broker-launch --config-file=/usr/sha")
dbus-daemon[3639328]: [session uid=1000 pid=3639328 pidfd=4] Activated service 'org.freedesktop.systemd1' failed: Process org.freedesktop.systemd1 exited with status 1
dbus-daemon[3639328]: [session uid=1000 pid=3639328 pidfd=4] Activating service name='org.freedesktop.systemd1' requested by ':1.4' (uid=1000 pid=3639571 comm="/usr/bin/dbus-broker-launch --config-file=/usr/sha")
dbus-daemon[3639328]: [session uid=1000 pid=3639328 pidfd=4] Activated service 'org.freedesktop.systemd1' failed: Process org.freedesktop.systemd1 exited with status 1
dbus-daemon[3639328]: [session uid=1000 pid=3639328 pidfd=4] Activating service name='org.freedesktop.systemd1' requested by ':1.4' (uid=1000 pid=3639571 comm="/usr/bin/dbus-broker-launch --config-file=/usr/sha")
dbus-daemon[3639328]: [session uid=1000 pid=3639328 pidfd=4] Activated service 'org.freedesktop.systemd1' failed: Process org.freedesktop.systemd1 exited with status 1
{"trial": "S1-159-toggle-COMP_E-measured-r13", "mode": "step", "outcome": "verified", "oracle_exact_match": true, "completion_mutations": 1, "routes": ["provider", "provider"], "error": null, "la": "3.96", "prov": {"attempts": 0, "reached": 0}}
dbus-daemon[3639328]: [session uid=1000 pid=3639328 pidfd=4] Activating service name='org.freedesktop.systemd1' requested by ':1.4' (uid=1000 pid=3639571 comm="/usr/bin/dbus-broker-launch --config-file=/usr/sha")
dbus-daemon[3639328]: [session uid=1000 pid=3639328 pidfd=4] Activated service 'org.freedesktop.systemd1' failed: Process org.freedesktop.systemd1 exited with status 1
dbus-daemon[3639328]: [session uid=1000 pid=3639328 pidfd=4] Activating service name='org.freedesktop.systemd1' requested by ':1.4' (uid=1000 pid=3639571 comm="/usr/bin/dbus-broker-launch --config-file=/usr/sha")
dbus-daemon[3639328]: [session uid=1000 pid=3639328 pidfd=4] Activated service 'org.freedesktop.systemd1' failed: Process org.freedesktop.systemd1 exited with status 1
dbus-daemon[3639328]: [session uid=1000 pid=3639328 pidfd=4] Activating service name='org.freedesktop.systemd1' requested by ':1.4' (uid=1000 pid=3639571 comm="/usr/bin/dbus-broker-launch --config-file=/usr/sha")
dbus-daemon[3639328]: [session uid=1000 pid=3639328 pidfd=4] Activated service 'org.freedesktop.systemd1' failed: Process org.freedesktop.systemd1 exited with status 1
{"trial": "S1-160-modal-COMP-measured-r13", "mode": "step", "outcome": "verified", "oracle_exact_match": true, "completion_mutations": 1, "routes": ["provider", "provider"], "error": null, "la": "3.96", "prov": {"attempts": 0, "reached": 0}}
dbus-daemon[3639328]: [session uid=1000 pid=3639328 pidfd=4] Activating service name='org.freedesktop.systemd1' requested by ':1.4' (uid=1000 pid=3639571 comm="/usr/bin/dbus-broker-launch --config-file=/usr/sha")
dbus-daemon[3639328]: [session uid=1000 pid=3639328 pidfd=4] Activated service 'org.freedesktop.systemd1' failed: Process org.freedesktop.systemd1 exited with status 1
dbus-daemon[3639328]: [session uid=1000 pid=3639328 pidfd=4] Activating service name='org.freedesktop.systemd1' requested by ':1.4' (uid=1000 pid=3639571 comm="/usr/bin/dbus-broker-launch --config-file=/usr/sha")
dbus-daemon[3639328]: [session uid=1000 pid=3639328 pidfd=4] Activated service 'org.freedesktop.systemd1' failed: Process org.freedesktop.systemd1 exited with status 1
dbus-daemon[3639328]: [session uid=1000 pid=3639328 pidfd=4] Activating service name='org.freedesktop.systemd1' requested by ':1.4' (uid=1000 pid=3639571 comm="/usr/bin/dbus-broker-launch --config-file=/usr/sha")
dbus-daemon[3639328]: [session uid=1000 pid=3639328 pidfd=4] Activated service 'org.freedesktop.systemd1' failed: Process org.freedesktop.systemd1 exited with status 1
{"trial": "S1-161-modal-COMP_K-measured-r13", "mode": "step", "outcome": "verified", "oracle_exact_match": true, "completion_mutations": 1, "routes": ["provider", "provider"], "error": null, "la": "3.96", "prov": {"attempts": 0, "reached": 0}}
dbus-daemon[3639328]: [session uid=1000 pid=3639328 pidfd=4] Activating service name='org.freedesktop.systemd1' requested by ':1.4' (uid=1000 pid=3639571 comm="/usr/bin/dbus-broker-launch --config-file=/usr/sha")
dbus-daemon[3639328]: [session uid=1000 pid=3639328 pidfd=4] Activated service 'org.freedesktop.systemd1' failed: Process org.freedesktop.systemd1 exited with status 1
dbus-daemon[3639328]: [session uid=1000 pid=3639328 pidfd=4] Activating service name='org.freedesktop.systemd1' requested by ':1.4' (uid=1000 pid=3639571 comm="/usr/bin/dbus-broker-launch --config-file=/usr/sha")
dbus-daemon[3639328]: [session uid=1000 pid=3639328 pidfd=4] Activated service 'org.freedesktop.systemd1' failed: Process org.freedesktop.systemd1 exited with status 1
dbus-daemon[3639328]: [session uid=1000 pid=3639328 pidfd=4] Activating service name='org.freedesktop.systemd1' requested by ':1.4' (uid=1000 pid=3639571 comm="/usr/bin/dbus-broker-launch --config-file=/usr/sha")
dbus-daemon[3639328]: [session uid=1000 pid=3639328 pidfd=4] Activated service 'org.freedesktop.systemd1' failed: Process org.freedesktop.systemd1 exited with status 1
{"trial": "S1-162-modal-BASE-measured-r13", "mode": "step", "outcome": "verified", "oracle_exact_match": true, "completion_mutations": 1, "routes": ["provider", "provider"], "error": null, "la": "3.65", "prov": {"attempts": 0, "reached": 0}}
dbus-daemon[3639328]: [session uid=1000 pid=3639328 pidfd=4] Activating service name='org.freedesktop.systemd1' requested by ':1.4' (uid=1000 pid=3639571 comm="/usr/bin/dbus-broker-launch --config-file=/usr/sha")
dbus-daemon[3639328]: [session uid=1000 pid=3639328 pidfd=4] Activated service 'org.freedesktop.systemd1' failed: Process org.freedesktop.systemd1 exited with status 1
dbus-daemon[3639328]: [session uid=1000 pid=3639328 pidfd=4] Activating service name='org.freedesktop.systemd1' requested by ':1.4' (uid=1000 pid=3639571 comm="/usr/bin/dbus-broker-launch --config-file=/usr/sha")
dbus-daemon[3639328]: [session uid=1000 pid=3639328 pidfd=4] Activated service 'org.freedesktop.systemd1' failed: Process org.freedesktop.systemd1 exited with status 1
dbus-daemon[3639328]: [session uid=1000 pid=3639328 pidfd=4] Activating service name='org.freedesktop.systemd1' requested by ':1.4' (uid=1000 pid=3639571 comm="/usr/bin/dbus-broker-launch --config-file=/usr/sha")
dbus-daemon[3639328]: [session uid=1000 pid=3639328 pidfd=4] Activated service 'org.freedesktop.systemd1' failed: Process org.freedesktop.systemd1 exited with status 1
{"trial": "S1-163-modal-COMP_E-measured-r13", "mode": "step", "outcome": "verified", "oracle_exact_match": true, "completion_mutations": 1, "routes": ["provider", "provider"], "error": null, "la": "3.65", "prov": {"attempts": 0, "reached": 0}}
dbus-daemon[3639328]: [session uid=1000 pid=3639328 pidfd=4] Activating service name='org.freedesktop.systemd1' requested by ':1.4' (uid=1000 pid=3639571 comm="/usr/bin/dbus-broker-launch --config-file=/usr/sha")
dbus-daemon[3639328]: [session uid=1000 pid=3639328 pidfd=4] Activated service 'org.freedesktop.systemd1' failed: Process org.freedesktop.systemd1 exited with status 1
dbus-daemon[3639328]: [session uid=1000 pid=3639328 pidfd=4] Activating service name='org.freedesktop.systemd1' requested by ':1.4' (uid=1000 pid=3639571 comm="/usr/bin/dbus-broker-launch --config-file=/usr/sha")
dbus-daemon[3639328]: [session uid=1000 pid=3639328 pidfd=4] Activated service 'org.freedesktop.systemd1' failed: Process org.freedesktop.systemd1 exited with status 1
dbus-daemon[3639328]: [session uid=1000 pid=3639328 pidfd=4] Activating service name='org.freedesktop.systemd1' requested by ':1.4' (uid=1000 pid=3639571 comm="/usr/bin/dbus-broker-launch --config-file=/usr/sha")
dbus-daemon[3639328]: [session uid=1000 pid=3639328 pidfd=4] Activated service 'org.freedesktop.systemd1' failed: Process org.freedesktop.systemd1 exited with status 1
{"trial": "S1-164-fill-COMP-measured-r13", "mode": "replay", "outcome": "verified", "oracle_exact_match": true, "completion_mutations": 1, "routes": ["compiled"], "error": null, "la": "3.65", "prov": {"attempts": 0, "reached": 0}}
dbus-daemon[3639328]: [session uid=1000 pid=3639328 pidfd=4] Activating service name='org.freedesktop.systemd1' requested by ':1.4' (uid=1000 pid=3639571 comm="/usr/bin/dbus-broker-launch --config-file=/usr/sha")
dbus-daemon[3639328]: [session uid=1000 pid=3639328 pidfd=4] Activated service 'org.freedesktop.systemd1' failed: Process org.freedesktop.systemd1 exited with status 1
dbus-daemon[3639328]: [session uid=1000 pid=3639328 pidfd=4] Activating service name='org.freedesktop.systemd1' requested by ':1.4' (uid=1000 pid=3639571 comm="/usr/bin/dbus-broker-launch --config-file=/usr/sha")
dbus-daemon[3639328]: [session uid=1000 pid=3639328 pidfd=4] Activated service 'org.freedesktop.systemd1' failed: Process org.freedesktop.systemd1 exited with status 1
dbus-daemon[3639328]: [session uid=1000 pid=3639328 pidfd=4] Activating service name='org.freedesktop.systemd1' requested by ':1.4' (uid=1000 pid=3639571 comm="/usr/bin/dbus-broker-launch --config-file=/usr/sha")
dbus-daemon[3639328]: [session uid=1000 pid=3639328 pidfd=4] Activated service 'org.freedesktop.systemd1' failed: Process org.freedesktop.systemd1 exited with status 1
{"trial": "S1-165-fill-COMP_K-measured-r13", "mode": "replay", "outcome": "verified", "oracle_exact_match": true, "completion_mutations": 1, "routes": ["compiled"], "error": null, "la": "3.75", "prov": {"attempts": 0, "reached": 0}}
dbus-daemon[3639328]: [session uid=1000 pid=3639328 pidfd=4] Activating service name='org.freedesktop.systemd1' requested by ':1.4' (uid=1000 pid=3639571 comm="/usr/bin/dbus-broker-launch --config-file=/usr/sha")
dbus-daemon[3639328]: [session uid=1000 pid=3639328 pidfd=4] Activated service 'org.freedesktop.systemd1' failed: Process org.freedesktop.systemd1 exited with status 1
dbus-daemon[3639328]: [session uid=1000 pid=3639328 pidfd=4] Activating service name='org.freedesktop.systemd1' requested by ':1.4' (uid=1000 pid=3639571 comm="/usr/bin/dbus-broker-launch --config-file=/usr/sha")
dbus-daemon[3639328]: [session uid=1000 pid=3639328 pidfd=4] Activated service 'org.freedesktop.systemd1' failed: Process org.freedesktop.systemd1 exited with status 1
dbus-daemon[3639328]: [session uid=1000 pid=3639328 pidfd=4] Activating service name='org.freedesktop.systemd1' requested by ':1.4' (uid=1000 pid=3639571 comm="/usr/bin/dbus-broker-launch --config-file=/usr/sha")
dbus-daemon[3639328]: [session uid=1000 pid=3639328 pidfd=4] Activated service 'org.freedesktop.systemd1' failed: Process org.freedesktop.systemd1 exited with status 1
{"trial": "S1-166-fill-BASE-measured-r13", "mode": "step", "outcome": "verified", "oracle_exact_match": true, "completion_mutations": 1, "routes": ["provider", "provider"], "error": null, "la": "3.61", "prov": {"attempts": 0, "reached": 0}}
dbus-daemon[3639328]: [session uid=1000 pid=3639328 pidfd=4] Activating service name='org.freedesktop.systemd1' requested by ':1.4' (uid=1000 pid=3639571 comm="/usr/bin/dbus-broker-launch --config-file=/usr/sha")
dbus-daemon[3639328]: [session uid=1000 pid=3639328 pidfd=4] Activated service 'org.freedesktop.systemd1' failed: Process org.freedesktop.systemd1 exited with status 1
dbus-daemon[3639328]: [session uid=1000 pid=3639328 pidfd=4] Activating service name='org.freedesktop.systemd1' requested by ':1.4' (uid=1000 pid=3639571 comm="/usr/bin/dbus-broker-launch --config-file=/usr/sha")
dbus-daemon[3639328]: [session uid=1000 pid=3639328 pidfd=4] Activated service 'org.freedesktop.systemd1' failed: Process org.freedesktop.systemd1 exited with status 1
dbus-daemon[3639328]: [session uid=1000 pid=3639328 pidfd=4] Activating service name='org.freedesktop.systemd1' requested by ':1.4' (uid=1000 pid=3639571 comm="/usr/bin/dbus-broker-launch --config-file=/usr/sha")
dbus-daemon[3639328]: [session uid=1000 pid=3639328 pidfd=4] Activated service 'org.freedesktop.systemd1' failed: Process org.freedesktop.systemd1 exited with status 1
{"trial": "S1-167-fill-COMP_E-measured-r13", "mode": "replay", "outcome": "verified", "oracle_exact_match": true, "completion_mutations": 1, "routes": ["compiled"], "error": null, "la": "3.61", "prov": {"attempts": 0, "reached": 0}}
dbus-daemon[3639328]: [session uid=1000 pid=3639328 pidfd=4] Activating service name='org.freedesktop.systemd1' requested by ':1.4' (uid=1000 pid=3639571 comm="/usr/bin/dbus-broker-launch --config-file=/usr/sha")
dbus-daemon[3639328]: [session uid=1000 pid=3639328 pidfd=4] Activated service 'org.freedesktop.systemd1' failed: Process org.freedesktop.systemd1 exited with status 1
dbus-daemon[3639328]: [session uid=1000 pid=3639328 pidfd=4] Activating service name='org.freedesktop.systemd1' requested by ':1.4' (uid=1000 pid=3639571 comm="/usr/bin/dbus-broker-launch --config-file=/usr/sha")
dbus-daemon[3639328]: [session uid=1000 pid=3639328 pidfd=4] Activated service 'org.freedesktop.systemd1' failed: Process org.freedesktop.systemd1 exited with status 1
dbus-daemon[3639328]: [session uid=1000 pid=3639328 pidfd=4] Activating service name='org.freedesktop.systemd1' requested by ':1.4' (uid=1000 pid=3639571 comm="/usr/bin/dbus-broker-launch --config-file=/usr/sha")
dbus-daemon[3639328]: [session uid=1000 pid=3639328 pidfd=4] Activated service 'org.freedesktop.systemd1' failed: Process org.freedesktop.systemd1 exited with status 1
{"trial": "S1-168-modal-COMP_K-measured-r14", "mode": "step", "outcome": "verified", "oracle_exact_match": true, "completion_mutations": 1, "routes": ["provider", "provider"], "error": null, "la": "3.40", "prov": {"attempts": 0, "reached": 0}}
dbus-daemon[3639328]: [session uid=1000 pid=3639328 pidfd=4] Activating service name='org.freedesktop.systemd1' requested by ':1.4' (uid=1000 pid=3639571 comm="/usr/bin/dbus-broker-launch --config-file=/usr/sha")
dbus-daemon[3639328]: [session uid=1000 pid=3639328 pidfd=4] Activated service 'org.freedesktop.systemd1' failed: Process org.freedesktop.systemd1 exited with status 1
dbus-daemon[3639328]: [session uid=1000 pid=3639328 pidfd=4] Activating service name='org.freedesktop.systemd1' requested by ':1.4' (uid=1000 pid=3639571 comm="/usr/bin/dbus-broker-launch --config-file=/usr/sha")
dbus-daemon[3639328]: [session uid=1000 pid=3639328 pidfd=4] Activated service 'org.freedesktop.systemd1' failed: Process org.freedesktop.systemd1 exited with status 1
dbus-daemon[3639328]: [session uid=1000 pid=3639328 pidfd=4] Activating service name='org.freedesktop.systemd1' requested by ':1.4' (uid=1000 pid=3639571 comm="/usr/bin/dbus-broker-launch --config-file=/usr/sha")
dbus-daemon[3639328]: [session uid=1000 pid=3639328 pidfd=4] Activated service 'org.freedesktop.systemd1' failed: Process org.freedesktop.systemd1 exited with status 1
{"trial": "S1-169-modal-COMP_E-measured-r14", "mode": "step", "outcome": "verified", "oracle_exact_match": true, "completion_mutations": 1, "routes": ["provider", "provider"], "error": null, "la": "3.40", "prov": {"attempts": 0, "reached": 0}}
dbus-daemon[3639328]: [session uid=1000 pid=3639328 pidfd=4] Activating service name='org.freedesktop.systemd1' requested by ':1.4' (uid=1000 pid=3639571 comm="/usr/bin/dbus-broker-launch --config-file=/usr/sha")
dbus-daemon[3639328]: [session uid=1000 pid=3639328 pidfd=4] Activated service 'org.freedesktop.systemd1' failed: Process org.freedesktop.systemd1 exited with status 1
dbus-daemon[3639328]: [session uid=1000 pid=3639328 pidfd=4] Activating service name='org.freedesktop.systemd1' requested by ':1.4' (uid=1000 pid=3639571 comm="/usr/bin/dbus-broker-launch --config-file=/usr/sha")
dbus-daemon[3639328]: [session uid=1000 pid=3639328 pidfd=4] Activated service 'org.freedesktop.systemd1' failed: Process org.freedesktop.systemd1 exited with status 1
dbus-daemon[3639328]: [session uid=1000 pid=3639328 pidfd=4] Activating service name='org.freedesktop.systemd1' requested by ':1.4' (uid=1000 pid=3639571 comm="/usr/bin/dbus-broker-launch --config-file=/usr/sha")
dbus-daemon[3639328]: [session uid=1000 pid=3639328 pidfd=4] Activated service 'org.freedesktop.systemd1' failed: Process org.freedesktop.systemd1 exited with status 1
{"trial": "S1-170-modal-COMP-measured-r14", "mode": "step", "outcome": "verified", "oracle_exact_match": true, "completion_mutations": 1, "routes": ["provider", "provider"], "error": null, "la": "3.40", "prov": {"attempts": 0, "reached": 0}}
dbus-daemon[3639328]: [session uid=1000 pid=3639328 pidfd=4] Activating service name='org.freedesktop.systemd1' requested by ':1.4' (uid=1000 pid=3639571 comm="/usr/bin/dbus-broker-launch --config-file=/usr/sha")
dbus-daemon[3639328]: [session uid=1000 pid=3639328 pidfd=4] Activated service 'org.freedesktop.systemd1' failed: Process org.freedesktop.systemd1 exited with status 1
dbus-daemon[3639328]: [session uid=1000 pid=3639328 pidfd=4] Activating service name='org.freedesktop.systemd1' requested by ':1.4' (uid=1000 pid=3639571 comm="/usr/bin/dbus-broker-launch --config-file=/usr/sha")
dbus-daemon[3639328]: [session uid=1000 pid=3639328 pidfd=4] Activated service 'org.freedesktop.systemd1' failed: Process org.freedesktop.systemd1 exited with status 1
dbus-daemon[3639328]: [session uid=1000 pid=3639328 pidfd=4] Activating service name='org.freedesktop.systemd1' requested by ':1.4' (uid=1000 pid=3639571 comm="/usr/bin/dbus-broker-launch --config-file=/usr/sha")
dbus-daemon[3639328]: [session uid=1000 pid=3639328 pidfd=4] Activated service 'org.freedesktop.systemd1' failed: Process org.freedesktop.systemd1 exited with status 1
{"trial": "S1-171-modal-BASE-measured-r14", "mode": "step", "outcome": "verified", "oracle_exact_match": true, "completion_mutations": 1, "routes": ["provider", "provider"], "error": null, "la": "4.01", "prov": {"attempts": 0, "reached": 0}}
dbus-daemon[3639328]: [session uid=1000 pid=3639328 pidfd=4] Activating service name='org.freedesktop.systemd1' requested by ':1.4' (uid=1000 pid=3639571 comm="/usr/bin/dbus-broker-launch --config-file=/usr/sha")
dbus-daemon[3639328]: [session uid=1000 pid=3639328 pidfd=4] Activated service 'org.freedesktop.systemd1' failed: Process org.freedesktop.systemd1 exited with status 1
dbus-daemon[3639328]: [session uid=1000 pid=3639328 pidfd=4] Activating service name='org.freedesktop.systemd1' requested by ':1.4' (uid=1000 pid=3639571 comm="/usr/bin/dbus-broker-launch --config-file=/usr/sha")
dbus-daemon[3639328]: [session uid=1000 pid=3639328 pidfd=4] Activated service 'org.freedesktop.systemd1' failed: Process org.freedesktop.systemd1 exited with status 1
dbus-daemon[3639328]: [session uid=1000 pid=3639328 pidfd=4] Activating service name='org.freedesktop.systemd1' requested by ':1.4' (uid=1000 pid=3639571 comm="/usr/bin/dbus-broker-launch --config-file=/usr/sha")
dbus-daemon[3639328]: [session uid=1000 pid=3639328 pidfd=4] Activated service 'org.freedesktop.systemd1' failed: Process org.freedesktop.systemd1 exited with status 1
{"trial": "S1-172-fill-COMP_K-measured-r14", "mode": "replay", "outcome": "verified", "oracle_exact_match": true, "completion_mutations": 1, "routes": ["compiled"], "error": null, "la": "4.01", "prov": {"attempts": 0, "reached": 0}}
dbus-daemon[3639328]: [session uid=1000 pid=3639328 pidfd=4] Activating service name='org.freedesktop.systemd1' requested by ':1.4' (uid=1000 pid=3639571 comm="/usr/bin/dbus-broker-launch --config-file=/usr/sha")
dbus-daemon[3639328]: [session uid=1000 pid=3639328 pidfd=4] Activated service 'org.freedesktop.systemd1' failed: Process org.freedesktop.systemd1 exited with status 1
dbus-daemon[3639328]: [session uid=1000 pid=3639328 pidfd=4] Activating service name='org.freedesktop.systemd1' requested by ':1.4' (uid=1000 pid=3639571 comm="/usr/bin/dbus-broker-launch --config-file=/usr/sha")
dbus-daemon[3639328]: [session uid=1000 pid=3639328 pidfd=4] Activated service 'org.freedesktop.systemd1' failed: Process org.freedesktop.systemd1 exited with status 1
dbus-daemon[3639328]: [session uid=1000 pid=3639328 pidfd=4] Activating service name='org.freedesktop.systemd1' requested by ':1.4' (uid=1000 pid=3639571 comm="/usr/bin/dbus-broker-launch --config-file=/usr/sha")
dbus-daemon[3639328]: [session uid=1000 pid=3639328 pidfd=4] Activated service 'org.freedesktop.systemd1' failed: Process org.freedesktop.systemd1 exited with status 1
{"trial": "S1-173-fill-COMP_E-measured-r14", "mode": "replay", "outcome": "verified", "oracle_exact_match": true, "completion_mutations": 1, "routes": ["compiled"], "error": null, "la": "3.85", "prov": {"attempts": 0, "reached": 0}}
dbus-daemon[3639328]: [session uid=1000 pid=3639328 pidfd=4] Activating service name='org.freedesktop.systemd1' requested by ':1.4' (uid=1000 pid=3639571 comm="/usr/bin/dbus-broker-launch --config-file=/usr/sha")
dbus-daemon[3639328]: [session uid=1000 pid=3639328 pidfd=4] Activated service 'org.freedesktop.systemd1' failed: Process org.freedesktop.systemd1 exited with status 1
dbus-daemon[3639328]: [session uid=1000 pid=3639328 pidfd=4] Activating service name='org.freedesktop.systemd1' requested by ':1.4' (uid=1000 pid=3639571 comm="/usr/bin/dbus-broker-launch --config-file=/usr/sha")
dbus-daemon[3639328]: [session uid=1000 pid=3639328 pidfd=4] Activated service 'org.freedesktop.systemd1' failed: Process org.freedesktop.systemd1 exited with status 1
dbus-daemon[3639328]: [session uid=1000 pid=3639328 pidfd=4] Activating service name='org.freedesktop.systemd1' requested by ':1.4' (uid=1000 pid=3639571 comm="/usr/bin/dbus-broker-launch --config-file=/usr/sha")
dbus-daemon[3639328]: [session uid=1000 pid=3639328 pidfd=4] Activated service 'org.freedesktop.systemd1' failed: Process org.freedesktop.systemd1 exited with status 1
{"trial": "S1-174-fill-COMP-measured-r14", "mode": "replay", "outcome": "verified", "oracle_exact_match": true, "completion_mutations": 1, "routes": ["compiled"], "error": null, "la": "3.85", "prov": {"attempts": 0, "reached": 0}}
dbus-daemon[3639328]: [session uid=1000 pid=3639328 pidfd=4] Activating service name='org.freedesktop.systemd1' requested by ':1.4' (uid=1000 pid=3639571 comm="/usr/bin/dbus-broker-launch --config-file=/usr/sha")
dbus-daemon[3639328]: [session uid=1000 pid=3639328 pidfd=4] Activated service 'org.freedesktop.systemd1' failed: Process org.freedesktop.systemd1 exited with status 1
dbus-daemon[3639328]: [session uid=1000 pid=3639328 pidfd=4] Activating service name='org.freedesktop.systemd1' requested by ':1.4' (uid=1000 pid=3639571 comm="/usr/bin/dbus-broker-launch --config-file=/usr/sha")
dbus-daemon[3639328]: [session uid=1000 pid=3639328 pidfd=4] Activated service 'org.freedesktop.systemd1' failed: Process org.freedesktop.systemd1 exited with status 1
dbus-daemon[3639328]: [session uid=1000 pid=3639328 pidfd=4] Activating service name='org.freedesktop.systemd1' requested by ':1.4' (uid=1000 pid=3639571 comm="/usr/bin/dbus-broker-launch --config-file=/usr/sha")
dbus-daemon[3639328]: [session uid=1000 pid=3639328 pidfd=4] Activated service 'org.freedesktop.systemd1' failed: Process org.freedesktop.systemd1 exited with status 1
{"trial": "S1-175-fill-BASE-measured-r14", "mode": "step", "outcome": "verified", "oracle_exact_match": true, "completion_mutations": 1, "routes": ["provider", "provider"], "error": null, "la": "3.62", "prov": {"attempts": 0, "reached": 0}}
dbus-daemon[3639328]: [session uid=1000 pid=3639328 pidfd=4] Activating service name='org.freedesktop.systemd1' requested by ':1.4' (uid=1000 pid=3639571 comm="/usr/bin/dbus-broker-launch --config-file=/usr/sha")
dbus-daemon[3639328]: [session uid=1000 pid=3639328 pidfd=4] Activated service 'org.freedesktop.systemd1' failed: Process org.freedesktop.systemd1 exited with status 1
dbus-daemon[3639328]: [session uid=1000 pid=3639328 pidfd=4] Activating service name='org.freedesktop.systemd1' requested by ':1.4' (uid=1000 pid=3639571 comm="/usr/bin/dbus-broker-launch --config-file=/usr/sha")
dbus-daemon[3639328]: [session uid=1000 pid=3639328 pidfd=4] Activated service 'org.freedesktop.systemd1' failed: Process org.freedesktop.systemd1 exited with status 1
dbus-daemon[3639328]: [session uid=1000 pid=3639328 pidfd=4] Activating service name='org.freedesktop.systemd1' requested by ':1.4' (uid=1000 pid=3639571 comm="/usr/bin/dbus-broker-launch --config-file=/usr/sha")
dbus-daemon[3639328]: [session uid=1000 pid=3639328 pidfd=4] Activated service 'org.freedesktop.systemd1' failed: Process org.freedesktop.systemd1 exited with status 1
{"trial": "S1-176-toggle-COMP_K-measured-r14", "mode": "step", "outcome": "verified", "oracle_exact_match": true, "completion_mutations": 1, "routes": ["provider", "provider"], "error": null, "la": "3.62", "prov": {"attempts": 0, "reached": 0}}
dbus-daemon[3639328]: [session uid=1000 pid=3639328 pidfd=4] Activating service name='org.freedesktop.systemd1' requested by ':1.4' (uid=1000 pid=3639571 comm="/usr/bin/dbus-broker-launch --config-file=/usr/sha")
dbus-daemon[3639328]: [session uid=1000 pid=3639328 pidfd=4] Activated service 'org.freedesktop.systemd1' failed: Process org.freedesktop.systemd1 exited with status 1
dbus-daemon[3639328]: [session uid=1000 pid=3639328 pidfd=4] Activating service name='org.freedesktop.systemd1' requested by ':1.4' (uid=1000 pid=3639571 comm="/usr/bin/dbus-broker-launch --config-file=/usr/sha")
dbus-daemon[3639328]: [session uid=1000 pid=3639328 pidfd=4] Activated service 'org.freedesktop.systemd1' failed: Process org.freedesktop.systemd1 exited with status 1
dbus-daemon[3639328]: [session uid=1000 pid=3639328 pidfd=4] Activating service name='org.freedesktop.systemd1' requested by ':1.4' (uid=1000 pid=3639571 comm="/usr/bin/dbus-broker-launch --config-file=/usr/sha")
dbus-daemon[3639328]: [session uid=1000 pid=3639328 pidfd=4] Activated service 'org.freedesktop.systemd1' failed: Process org.freedesktop.systemd1 exited with status 1
{"trial": "S1-177-toggle-COMP_E-measured-r14", "mode": "step", "outcome": "verified", "oracle_exact_match": true, "completion_mutations": 1, "routes": ["provider", "provider"], "error": null, "la": "4.21", "prov": {"attempts": 0, "reached": 0}}
dbus-daemon[3639328]: [session uid=1000 pid=3639328 pidfd=4] Activating service name='org.freedesktop.systemd1' requested by ':1.4' (uid=1000 pid=3639571 comm="/usr/bin/dbus-broker-launch --config-file=/usr/sha")
dbus-daemon[3639328]: [session uid=1000 pid=3639328 pidfd=4] Activated service 'org.freedesktop.systemd1' failed: Process org.freedesktop.systemd1 exited with status 1
dbus-daemon[3639328]: [session uid=1000 pid=3639328 pidfd=4] Activating service name='org.freedesktop.systemd1' requested by ':1.4' (uid=1000 pid=3639571 comm="/usr/bin/dbus-broker-launch --config-file=/usr/sha")
dbus-daemon[3639328]: [session uid=1000 pid=3639328 pidfd=4] Activated service 'org.freedesktop.systemd1' failed: Process org.freedesktop.systemd1 exited with status 1
dbus-daemon[3639328]: [session uid=1000 pid=3639328 pidfd=4] Activating service name='org.freedesktop.systemd1' requested by ':1.4' (uid=1000 pid=3639571 comm="/usr/bin/dbus-broker-launch --config-file=/usr/sha")
dbus-daemon[3639328]: [session uid=1000 pid=3639328 pidfd=4] Activated service 'org.freedesktop.systemd1' failed: Process org.freedesktop.systemd1 exited with status 1
{"trial": "S1-178-toggle-COMP-measured-r14", "mode": "step", "outcome": "verified", "oracle_exact_match": true, "completion_mutations": 1, "routes": ["provider", "provider"], "error": null, "la": "4.21", "prov": {"attempts": 0, "reached": 0}}
dbus-daemon[3639328]: [session uid=1000 pid=3639328 pidfd=4] Activating service name='org.freedesktop.systemd1' requested by ':1.4' (uid=1000 pid=3639571 comm="/usr/bin/dbus-broker-launch --config-file=/usr/sha")
dbus-daemon[3639328]: [session uid=1000 pid=3639328 pidfd=4] Activated service 'org.freedesktop.systemd1' failed: Process org.freedesktop.systemd1 exited with status 1
dbus-daemon[3639328]: [session uid=1000 pid=3639328 pidfd=4] Activating service name='org.freedesktop.systemd1' requested by ':1.4' (uid=1000 pid=3639571 comm="/usr/bin/dbus-broker-launch --config-file=/usr/sha")
dbus-daemon[3639328]: [session uid=1000 pid=3639328 pidfd=4] Activated service 'org.freedesktop.systemd1' failed: Process org.freedesktop.systemd1 exited with status 1
dbus-daemon[3639328]: [session uid=1000 pid=3639328 pidfd=4] Activating service name='org.freedesktop.systemd1' requested by ':1.4' (uid=1000 pid=3639571 comm="/usr/bin/dbus-broker-launch --config-file=/usr/sha")
dbus-daemon[3639328]: [session uid=1000 pid=3639328 pidfd=4] Activated service 'org.freedesktop.systemd1' failed: Process org.freedesktop.systemd1 exited with status 1
{"trial": "S1-179-toggle-BASE-measured-r14", "mode": "step", "outcome": "verified", "oracle_exact_match": true, "completion_mutations": 1, "routes": ["provider", "provider"], "error": null, "la": "4.21", "prov": {"attempts": 0, "reached": 0}}
dbus-daemon[3639328]: [session uid=1000 pid=3639328 pidfd=4] Activating service name='org.freedesktop.systemd1' requested by ':1.4' (uid=1000 pid=3639571 comm="/usr/bin/dbus-broker-launch --config-file=/usr/sha")
dbus-daemon[3639328]: [session uid=1000 pid=3639328 pidfd=4] Activated service 'org.freedesktop.systemd1' failed: Process org.freedesktop.systemd1 exited with status 1
dbus-daemon[3639328]: [session uid=1000 pid=3639328 pidfd=4] Activating service name='org.freedesktop.systemd1' requested by ':1.4' (uid=1000 pid=3639571 comm="/usr/bin/dbus-broker-launch --config-file=/usr/sha")
dbus-daemon[3639328]: [session uid=1000 pid=3639328 pidfd=4] Activated service 'org.freedesktop.systemd1' failed: Process org.freedesktop.systemd1 exited with status 1
dbus-daemon[3639328]: [session uid=1000 pid=3639328 pidfd=4] Activating service name='org.freedesktop.systemd1' requested by ':1.4' (uid=1000 pid=3639571 comm="/usr/bin/dbus-broker-launch --config-file=/usr/sha")
dbus-daemon[3639328]: [session uid=1000 pid=3639328 pidfd=4] Activated service 'org.freedesktop.systemd1' failed: Process org.freedesktop.systemd1 exited with status 1
{"trial": "S1-180-fill-COMP_E-measured-r15", "mode": "replay", "outcome": "verified", "oracle_exact_match": true, "completion_mutations": 1, "routes": ["compiled"], "error": null, "la": "4.36", "prov": {"attempts": 0, "reached": 0}}
dbus-daemon[3639328]: [session uid=1000 pid=3639328 pidfd=4] Activating service name='org.freedesktop.systemd1' requested by ':1.4' (uid=1000 pid=3639571 comm="/usr/bin/dbus-broker-launch --config-file=/usr/sha")
dbus-daemon[3639328]: [session uid=1000 pid=3639328 pidfd=4] Activated service 'org.freedesktop.systemd1' failed: Process org.freedesktop.systemd1 exited with status 1
dbus-daemon[3639328]: [session uid=1000 pid=3639328 pidfd=4] Activating service name='org.freedesktop.systemd1' requested by ':1.4' (uid=1000 pid=3639571 comm="/usr/bin/dbus-broker-launch --config-file=/usr/sha")
dbus-daemon[3639328]: [session uid=1000 pid=3639328 pidfd=4] Activated service 'org.freedesktop.systemd1' failed: Process org.freedesktop.systemd1 exited with status 1
dbus-daemon[3639328]: [session uid=1000 pid=3639328 pidfd=4] Activating service name='org.freedesktop.systemd1' requested by ':1.4' (uid=1000 pid=3639571 comm="/usr/bin/dbus-broker-launch --config-file=/usr/sha")
dbus-daemon[3639328]: [session uid=1000 pid=3639328 pidfd=4] Activated service 'org.freedesktop.systemd1' failed: Process org.freedesktop.systemd1 exited with status 1
{"trial": "S1-181-fill-BASE-measured-r15", "mode": "step", "outcome": "verified", "oracle_exact_match": true, "completion_mutations": 1, "routes": ["provider", "provider"], "error": null, "la": "4.36", "prov": {"attempts": 0, "reached": 0}}
dbus-daemon[3639328]: [session uid=1000 pid=3639328 pidfd=4] Activating service name='org.freedesktop.systemd1' requested by ':1.4' (uid=1000 pid=3639571 comm="/usr/bin/dbus-broker-launch --config-file=/usr/sha")
dbus-daemon[3639328]: [session uid=1000 pid=3639328 pidfd=4] Activated service 'org.freedesktop.systemd1' failed: Process org.freedesktop.systemd1 exited with status 1
dbus-daemon[3639328]: [session uid=1000 pid=3639328 pidfd=4] Activating service name='org.freedesktop.systemd1' requested by ':1.4' (uid=1000 pid=3639571 comm="/usr/bin/dbus-broker-launch --config-file=/usr/sha")
dbus-daemon[3639328]: [session uid=1000 pid=3639328 pidfd=4] Activated service 'org.freedesktop.systemd1' failed: Process org.freedesktop.systemd1 exited with status 1
dbus-daemon[3639328]: [session uid=1000 pid=3639328 pidfd=4] Activating service name='org.freedesktop.systemd1' requested by ':1.4' (uid=1000 pid=3639571 comm="/usr/bin/dbus-broker-launch --config-file=/usr/sha")
dbus-daemon[3639328]: [session uid=1000 pid=3639328 pidfd=4] Activated service 'org.freedesktop.systemd1' failed: Process org.freedesktop.systemd1 exited with status 1
{"trial": "S1-182-fill-COMP_K-measured-r15", "mode": "replay", "outcome": "verified", "oracle_exact_match": true, "completion_mutations": 1, "routes": ["compiled"], "error": null, "la": "4.01", "prov": {"attempts": 0, "reached": 0}}
dbus-daemon[3639328]: [session uid=1000 pid=3639328 pidfd=4] Activating service name='org.freedesktop.systemd1' requested by ':1.4' (uid=1000 pid=3639571 comm="/usr/bin/dbus-broker-launch --config-file=/usr/sha")
dbus-daemon[3639328]: [session uid=1000 pid=3639328 pidfd=4] Activated service 'org.freedesktop.systemd1' failed: Process org.freedesktop.systemd1 exited with status 1
dbus-daemon[3639328]: [session uid=1000 pid=3639328 pidfd=4] Activating service name='org.freedesktop.systemd1' requested by ':1.4' (uid=1000 pid=3639571 comm="/usr/bin/dbus-broker-launch --config-file=/usr/sha")
dbus-daemon[3639328]: [session uid=1000 pid=3639328 pidfd=4] Activated service 'org.freedesktop.systemd1' failed: Process org.freedesktop.systemd1 exited with status 1
dbus-daemon[3639328]: [session uid=1000 pid=3639328 pidfd=4] Activating service name='org.freedesktop.systemd1' requested by ':1.4' (uid=1000 pid=3639571 comm="/usr/bin/dbus-broker-launch --config-file=/usr/sha")
dbus-daemon[3639328]: [session uid=1000 pid=3639328 pidfd=4] Activated service 'org.freedesktop.systemd1' failed: Process org.freedesktop.systemd1 exited with status 1
{"trial": "S1-183-fill-COMP-measured-r15", "mode": "replay", "outcome": "verified", "oracle_exact_match": true, "completion_mutations": 1, "routes": ["compiled"], "error": null, "la": "3.85", "prov": {"attempts": 0, "reached": 0}}
dbus-daemon[3639328]: [session uid=1000 pid=3639328 pidfd=4] Activating service name='org.freedesktop.systemd1' requested by ':1.4' (uid=1000 pid=3639571 comm="/usr/bin/dbus-broker-launch --config-file=/usr/sha")
dbus-daemon[3639328]: [session uid=1000 pid=3639328 pidfd=4] Activated service 'org.freedesktop.systemd1' failed: Process org.freedesktop.systemd1 exited with status 1
dbus-daemon[3639328]: [session uid=1000 pid=3639328 pidfd=4] Activating service name='org.freedesktop.systemd1' requested by ':1.4' (uid=1000 pid=3639571 comm="/usr/bin/dbus-broker-launch --config-file=/usr/sha")
dbus-daemon[3639328]: [session uid=1000 pid=3639328 pidfd=4] Activated service 'org.freedesktop.systemd1' failed: Process org.freedesktop.systemd1 exited with status 1
dbus-daemon[3639328]: [session uid=1000 pid=3639328 pidfd=4] Activating service name='org.freedesktop.systemd1' requested by ':1.4' (uid=1000 pid=3639571 comm="/usr/bin/dbus-broker-launch --config-file=/usr/sha")
dbus-daemon[3639328]: [session uid=1000 pid=3639328 pidfd=4] Activated service 'org.freedesktop.systemd1' failed: Process org.freedesktop.systemd1 exited with status 1
{"trial": "S1-184-toggle-COMP_E-measured-r15", "mode": "step", "outcome": "verified", "oracle_exact_match": true, "completion_mutations": 1, "routes": ["provider", "provider"], "error": null, "la": "3.85", "prov": {"attempts": 0, "reached": 0}}
dbus-daemon[3639328]: [session uid=1000 pid=3639328 pidfd=4] Activating service name='org.freedesktop.systemd1' requested by ':1.4' (uid=1000 pid=3639571 comm="/usr/bin/dbus-broker-launch --config-file=/usr/sha")
dbus-daemon[3639328]: [session uid=1000 pid=3639328 pidfd=4] Activated service 'org.freedesktop.systemd1' failed: Process org.freedesktop.systemd1 exited with status 1
dbus-daemon[3639328]: [session uid=1000 pid=3639328 pidfd=4] Activating service name='org.freedesktop.systemd1' requested by ':1.4' (uid=1000 pid=3639571 comm="/usr/bin/dbus-broker-launch --config-file=/usr/sha")
dbus-daemon[3639328]: [session uid=1000 pid=3639328 pidfd=4] Activated service 'org.freedesktop.systemd1' failed: Process org.freedesktop.systemd1 exited with status 1
dbus-daemon[3639328]: [session uid=1000 pid=3639328 pidfd=4] Activating service name='org.freedesktop.systemd1' requested by ':1.4' (uid=1000 pid=3639571 comm="/usr/bin/dbus-broker-launch --config-file=/usr/sha")
dbus-daemon[3639328]: [session uid=1000 pid=3639328 pidfd=4] Activated service 'org.freedesktop.systemd1' failed: Process org.freedesktop.systemd1 exited with status 1
{"trial": "S1-185-toggle-BASE-measured-r15", "mode": "step", "outcome": "verified", "oracle_exact_match": true, "completion_mutations": 1, "routes": ["provider", "provider"], "error": null, "la": "3.85", "prov": {"attempts": 0, "reached": 0}}
dbus-daemon[3639328]: [session uid=1000 pid=3639328 pidfd=4] Activating service name='org.freedesktop.systemd1' requested by ':1.4' (uid=1000 pid=3639571 comm="/usr/bin/dbus-broker-launch --config-file=/usr/sha")
dbus-daemon[3639328]: [session uid=1000 pid=3639328 pidfd=4] Activated service 'org.freedesktop.systemd1' failed: Process org.freedesktop.systemd1 exited with status 1
dbus-daemon[3639328]: [session uid=1000 pid=3639328 pidfd=4] Activating service name='org.freedesktop.systemd1' requested by ':1.4' (uid=1000 pid=3639571 comm="/usr/bin/dbus-broker-launch --config-file=/usr/sha")
dbus-daemon[3639328]: [session uid=1000 pid=3639328 pidfd=4] Activated service 'org.freedesktop.systemd1' failed: Process org.freedesktop.systemd1 exited with status 1
dbus-daemon[3639328]: [session uid=1000 pid=3639328 pidfd=4] Activating service name='org.freedesktop.systemd1' requested by ':1.4' (uid=1000 pid=3639571 comm="/usr/bin/dbus-broker-launch --config-file=/usr/sha")
dbus-daemon[3639328]: [session uid=1000 pid=3639328 pidfd=4] Activated service 'org.freedesktop.systemd1' failed: Process org.freedesktop.systemd1 exited with status 1
{"trial": "S1-186-toggle-COMP_K-measured-r15", "mode": "step", "outcome": "verified", "oracle_exact_match": true, "completion_mutations": 1, "routes": ["provider", "provider"], "error": null, "la": "3.86", "prov": {"attempts": 0, "reached": 0}}
dbus-daemon[3639328]: [session uid=1000 pid=3639328 pidfd=4] Activating service name='org.freedesktop.systemd1' requested by ':1.4' (uid=1000 pid=3639571 comm="/usr/bin/dbus-broker-launch --config-file=/usr/sha")
dbus-daemon[3639328]: [session uid=1000 pid=3639328 pidfd=4] Activated service 'org.freedesktop.systemd1' failed: Process org.freedesktop.systemd1 exited with status 1
dbus-daemon[3639328]: [session uid=1000 pid=3639328 pidfd=4] Activating service name='org.freedesktop.systemd1' requested by ':1.4' (uid=1000 pid=3639571 comm="/usr/bin/dbus-broker-launch --config-file=/usr/sha")
dbus-daemon[3639328]: [session uid=1000 pid=3639328 pidfd=4] Activated service 'org.freedesktop.systemd1' failed: Process org.freedesktop.systemd1 exited with status 1
dbus-daemon[3639328]: [session uid=1000 pid=3639328 pidfd=4] Activating service name='org.freedesktop.systemd1' requested by ':1.4' (uid=1000 pid=3639571 comm="/usr/bin/dbus-broker-launch --config-file=/usr/sha")
dbus-daemon[3639328]: [session uid=1000 pid=3639328 pidfd=4] Activated service 'org.freedesktop.systemd1' failed: Process org.freedesktop.systemd1 exited with status 1
{"trial": "S1-187-toggle-COMP-measured-r15", "mode": "step", "outcome": "verified", "oracle_exact_match": true, "completion_mutations": 1, "routes": ["provider", "provider"], "error": null, "la": "3.71", "prov": {"attempts": 0, "reached": 0}}
dbus-daemon[3639328]: [session uid=1000 pid=3639328 pidfd=4] Activating service name='org.freedesktop.systemd1' requested by ':1.4' (uid=1000 pid=3639571 comm="/usr/bin/dbus-broker-launch --config-file=/usr/sha")
dbus-daemon[3639328]: [session uid=1000 pid=3639328 pidfd=4] Activated service 'org.freedesktop.systemd1' failed: Process org.freedesktop.systemd1 exited with status 1
dbus-daemon[3639328]: [session uid=1000 pid=3639328 pidfd=4] Activating service name='org.freedesktop.systemd1' requested by ':1.4' (uid=1000 pid=3639571 comm="/usr/bin/dbus-broker-launch --config-file=/usr/sha")
dbus-daemon[3639328]: [session uid=1000 pid=3639328 pidfd=4] Activated service 'org.freedesktop.systemd1' failed: Process org.freedesktop.systemd1 exited with status 1
dbus-daemon[3639328]: [session uid=1000 pid=3639328 pidfd=4] Activating service name='org.freedesktop.systemd1' requested by ':1.4' (uid=1000 pid=3639571 comm="/usr/bin/dbus-broker-launch --config-file=/usr/sha")
dbus-daemon[3639328]: [session uid=1000 pid=3639328 pidfd=4] Activated service 'org.freedesktop.systemd1' failed: Process org.freedesktop.systemd1 exited with status 1
{"trial": "S1-188-modal-COMP_E-measured-r15", "mode": "step", "outcome": "verified", "oracle_exact_match": true, "completion_mutations": 1, "routes": ["provider", "provider"], "error": null, "la": "3.71", "prov": {"attempts": 0, "reached": 0}}
dbus-daemon[3639328]: [session uid=1000 pid=3639328 pidfd=4] Activating service name='org.freedesktop.systemd1' requested by ':1.4' (uid=1000 pid=3639571 comm="/usr/bin/dbus-broker-launch --config-file=/usr/sha")
dbus-daemon[3639328]: [session uid=1000 pid=3639328 pidfd=4] Activated service 'org.freedesktop.systemd1' failed: Process org.freedesktop.systemd1 exited with status 1
dbus-daemon[3639328]: [session uid=1000 pid=3639328 pidfd=4] Activating service name='org.freedesktop.systemd1' requested by ':1.4' (uid=1000 pid=3639571 comm="/usr/bin/dbus-broker-launch --config-file=/usr/sha")
dbus-daemon[3639328]: [session uid=1000 pid=3639328 pidfd=4] Activated service 'org.freedesktop.systemd1' failed: Process org.freedesktop.systemd1 exited with status 1
dbus-daemon[3639328]: [session uid=1000 pid=3639328 pidfd=4] Activating service name='org.freedesktop.systemd1' requested by ':1.4' (uid=1000 pid=3639571 comm="/usr/bin/dbus-broker-launch --config-file=/usr/sha")
dbus-daemon[3639328]: [session uid=1000 pid=3639328 pidfd=4] Activated service 'org.freedesktop.systemd1' failed: Process org.freedesktop.systemd1 exited with status 1
{"trial": "S1-189-modal-BASE-measured-r15", "mode": "step", "outcome": "verified", "oracle_exact_match": true, "completion_mutations": 1, "routes": ["provider", "provider"], "error": null, "la": "3.71", "prov": {"attempts": 0, "reached": 0}}
dbus-daemon[3639328]: [session uid=1000 pid=3639328 pidfd=4] Activating service name='org.freedesktop.systemd1' requested by ':1.4' (uid=1000 pid=3639571 comm="/usr/bin/dbus-broker-launch --config-file=/usr/sha")
dbus-daemon[3639328]: [session uid=1000 pid=3639328 pidfd=4] Activated service 'org.freedesktop.systemd1' failed: Process org.freedesktop.systemd1 exited with status 1
dbus-daemon[3639328]: [session uid=1000 pid=3639328 pidfd=4] Activating service name='org.freedesktop.systemd1' requested by ':1.4' (uid=1000 pid=3639571 comm="/usr/bin/dbus-broker-launch --config-file=/usr/sha")
dbus-daemon[3639328]: [session uid=1000 pid=3639328 pidfd=4] Activated service 'org.freedesktop.systemd1' failed: Process org.freedesktop.systemd1 exited with status 1
dbus-daemon[3639328]: [session uid=1000 pid=3639328 pidfd=4] Activating service name='org.freedesktop.systemd1' requested by ':1.4' (uid=1000 pid=3639571 comm="/usr/bin/dbus-broker-launch --config-file=/usr/sha")
dbus-daemon[3639328]: [session uid=1000 pid=3639328 pidfd=4] Activated service 'org.freedesktop.systemd1' failed: Process org.freedesktop.systemd1 exited with status 1
{"trial": "S1-190-modal-COMP_K-measured-r15", "mode": "step", "outcome": "verified", "oracle_exact_match": true, "completion_mutations": 1, "routes": ["provider", "provider"], "error": null, "la": "3.49", "prov": {"attempts": 0, "reached": 0}}
dbus-daemon[3639328]: [session uid=1000 pid=3639328 pidfd=4] Activating service name='org.freedesktop.systemd1' requested by ':1.4' (uid=1000 pid=3639571 comm="/usr/bin/dbus-broker-launch --config-file=/usr/sha")
dbus-daemon[3639328]: [session uid=1000 pid=3639328 pidfd=4] Activated service 'org.freedesktop.systemd1' failed: Process org.freedesktop.systemd1 exited with status 1
dbus-daemon[3639328]: [session uid=1000 pid=3639328 pidfd=4] Activating service name='org.freedesktop.systemd1' requested by ':1.4' (uid=1000 pid=3639571 comm="/usr/bin/dbus-broker-launch --config-file=/usr/sha")
dbus-daemon[3639328]: [session uid=1000 pid=3639328 pidfd=4] Activated service 'org.freedesktop.systemd1' failed: Process org.freedesktop.systemd1 exited with status 1
dbus-daemon[3639328]: [session uid=1000 pid=3639328 pidfd=4] Activating service name='org.freedesktop.systemd1' requested by ':1.4' (uid=1000 pid=3639571 comm="/usr/bin/dbus-broker-launch --config-file=/usr/sha")
dbus-daemon[3639328]: [session uid=1000 pid=3639328 pidfd=4] Activated service 'org.freedesktop.systemd1' failed: Process org.freedesktop.systemd1 exited with status 1
{"trial": "S1-191-modal-COMP-measured-r15", "mode": "step", "outcome": "verified", "oracle_exact_match": true, "completion_mutations": 1, "routes": ["provider", "provider"], "error": null, "la": "3.49", "prov": {"attempts": 0, "reached": 0}}
A connection to the bus can't be made
XIO:  fatal IO error 11 (Resource temporarily unavailable) on X server ":100"
      after 4 requests (4 known processed) with 0 events remaining.
CRITICAL: [dbus_cb_name_lost:1438] Cannot connect to DBus.
[session] exit rc=0 run_dir=<tmp-root>/x11-session.j3CWdr
[2026-10-03T04:17:18.362Z] chunk r2-10r-a2-S1 rc=0 loadavg=3.37 5.41 10.17
