[2026-10-03T05:10:38.854Z] chunk r2-10r-a2-S2r mode=exclusive atspi=0 live=0 loadavg=8.43 10.85 9.65
[session] DISPLAY=:100 openbox=403669 picom=403670 dbus=unix:path=<session-bus>,guid=978aa40c461d88b25a67c0b66ac09309
[r2-10] display=:100 xdg_runtime_private=yes key=absent loadavg=27.35 16.17 12.24 atspi=0
dbus-daemon[403667]: [session uid=1000 pid=403667 pidfd=4] Activating service name='org.a11y.Bus' requested by ':1.0' (uid=1000 pid=403753 comm="<lanes>/bin/cua-driver-r2")
dbus-daemon[403667]: [session uid=1000 pid=403667 pidfd=4] Successfully activated service 'org.a11y.Bus'
dbus-daemon[403667]: [session uid=1000 pid=403667 pidfd=4] Activating service name='ca.desrt.dconf' requested by ':1.1' (uid=1000 pid=403778 comm="/usr/lib/at-spi-bus-launcher")
dbus-daemon[403667]: [session uid=1000 pid=403667 pidfd=4] Successfully activated service 'ca.desrt.dconf'
dbus-daemon[403667]: [session uid=1000 pid=403667 pidfd=4] Activating service name='org.freedesktop.systemd1' requested by ':1.4' (uid=1000 pid=403798 comm="/usr/bin/dbus-broker-launch --config-file=/usr/sha")
dbus-daemon[403667]: [session uid=1000 pid=403667 pidfd=4] Activated service 'org.freedesktop.systemd1' failed: Process org.freedesktop.systemd1 exited with status 1
dbus-daemon[403667]: [session uid=1000 pid=403667 pidfd=4] Activating service name='org.gtk.vfs.Daemon' requested by ':1.5' (uid=1000 pid=403896 comm="/opt/google/chrome/chrome --remote-debugging-port=")
dbus-daemon[403667]: [session uid=1000 pid=403667 pidfd=4] Successfully activated service 'org.gtk.vfs.Daemon'
fusermount3: mount failed: Operation not permitted
dbus-daemon[403667]: [session uid=1000 pid=403667 pidfd=4] Activating service name='org.freedesktop.systemd1' requested by ':1.4' (uid=1000 pid=403798 comm="/usr/bin/dbus-broker-launch --config-file=/usr/sha")
dbus-daemon[403667]: [session uid=1000 pid=403667 pidfd=4] Activated service 'org.freedesktop.systemd1' failed: Process org.freedesktop.systemd1 exited with status 1
dbus-daemon[403667]: [session uid=1000 pid=403667 pidfd=4] Activating service name='org.freedesktop.systemd1' requested by ':1.4' (uid=1000 pid=403798 comm="/usr/bin/dbus-broker-launch --config-file=/usr/sha")
dbus-daemon[403667]: [session uid=1000 pid=403667 pidfd=4] Activated service 'org.freedesktop.systemd1' failed: Process org.freedesktop.systemd1 exited with status 1
dbus-daemon[403667]: [session uid=1000 pid=403667 pidfd=4] Activating service name='org.freedesktop.Notifications' requested by ':1.7' (uid=1000 pid=403896 comm="/opt/google/chrome/chrome --remote-debugging-port=")
dbus-daemon[403667]: [session uid=1000 pid=403667 pidfd=4] Activating service name='org.freedesktop.portal.Desktop' requested by ':1.7' (uid=1000 pid=403896 comm="/opt/google/chrome/chrome --remote-debugging-port=")
dbus-daemon[403667]: [session uid=1000 pid=403667 pidfd=4] Successfully activated service 'org.freedesktop.Notifications'
dbus-daemon[403667]: [session uid=1000 pid=403667 pidfd=4] Activating service name='org.freedesktop.impl.portal.PermissionStore' requested by ':1.9' (uid=1000 pid=404073 comm="/usr/lib/xdg-desktop-portal")
dbus-daemon[403667]: [session uid=1000 pid=403667 pidfd=4] Successfully activated service 'org.freedesktop.impl.portal.PermissionStore'
dbus-daemon[403667]: [session uid=1000 pid=403667 pidfd=4] Activating service name='org.freedesktop.portal.Documents' requested by ':1.9' (uid=1000 pid=404073 comm="/usr/lib/xdg-desktop-portal")
dbus-daemon[403667]: [session uid=1000 pid=403667 pidfd=4] Successfully activated service 'org.freedesktop.portal.Documents'
fusermount3: mount failed: Operation not permitted
error: fuse init failed: Can't mount path <tmp-root>/x11-session.snMWJt/xdg-runtime/doc


dbus-daemon[403667]: [session uid=1000 pid=403667 pidfd=4] Activating service name='org.freedesktop.impl.portal.desktop.gtk' requested by ':1.9' (uid=1000 pid=404073 comm="/usr/lib/xdg-desktop-portal")
dbus-daemon[403667]: [session uid=1000 pid=403667 pidfd=4] Activating service name='org.freedesktop.systemd1' requested by ':1.4' (uid=1000 pid=403798 comm="/usr/bin/dbus-broker-launch --config-file=/usr/sha")
dbus-daemon[403667]: [session uid=1000 pid=403667 pidfd=4] Activated service 'org.freedesktop.systemd1' failed: Process org.freedesktop.systemd1 exited with status 1
dbus-daemon[403667]: [session uid=1000 pid=403667 pidfd=4] Successfully activated service 'org.freedesktop.impl.portal.desktop.gtk'


dbus-daemon[403667]: [session uid=1000 pid=403667 pidfd=4] Activating service name='org.freedesktop.systemd1' requested by ':1.4' (uid=1000 pid=403798 comm="/usr/bin/dbus-broker-launch --config-file=/usr/sha")

dbus-daemon[403667]: [session uid=1000 pid=403667 pidfd=4] Activated service 'org.freedesktop.systemd1' failed: Process org.freedesktop.systemd1 exited with status 1












dbus-daemon[403667]: [session uid=1000 pid=403667 pidfd=4] Successfully activated service 'org.freedesktop.portal.Desktop'
{"trial": "S2r-000-toggle-BASE-measured-r16", "mode": "step", "outcome": "verified", "oracle_exact_match": true, "completion_mutations": 1, "routes": ["provider", "provider"], "error": null, "la": "27.35", "prov": {"attempts": 0, "reached": 0}}
dbus-daemon[403667]: [session uid=1000 pid=403667 pidfd=4] Activating service name='org.freedesktop.systemd1' requested by ':1.4' (uid=1000 pid=403798 comm="/usr/bin/dbus-broker-launch --config-file=/usr/sha")
dbus-daemon[403667]: [session uid=1000 pid=403667 pidfd=4] Activated service 'org.freedesktop.systemd1' failed: Process org.freedesktop.systemd1 exited with status 1
dbus-daemon[403667]: [session uid=1000 pid=403667 pidfd=4] Activating service name='org.freedesktop.systemd1' requested by ':1.4' (uid=1000 pid=403798 comm="/usr/bin/dbus-broker-launch --config-file=/usr/sha")
dbus-daemon[403667]: [session uid=1000 pid=403667 pidfd=4] Activated service 'org.freedesktop.systemd1' failed: Process org.freedesktop.systemd1 exited with status 1
dbus-daemon[403667]: [session uid=1000 pid=403667 pidfd=4] Activating service name='org.freedesktop.systemd1' requested by ':1.4' (uid=1000 pid=403798 comm="/usr/bin/dbus-broker-launch --config-file=/usr/sha")
dbus-daemon[403667]: [session uid=1000 pid=403667 pidfd=4] Activated service 'org.freedesktop.systemd1' failed: Process org.freedesktop.systemd1 exited with status 1
{"trial": "S2r-001-toggle-COMP-measured-r16", "mode": "step", "outcome": "verified", "oracle_exact_match": true, "completion_mutations": 1, "routes": ["provider", "provider"], "error": null, "la": "25.48", "prov": {"attempts": 0, "reached": 0}}
dbus-daemon[403667]: [session uid=1000 pid=403667 pidfd=4] Activating service name='org.freedesktop.systemd1' requested by ':1.4' (uid=1000 pid=403798 comm="/usr/bin/dbus-broker-launch --config-file=/usr/sha")
dbus-daemon[403667]: [session uid=1000 pid=403667 pidfd=4] Activated service 'org.freedesktop.systemd1' failed: Process org.freedesktop.systemd1 exited with status 1
dbus-daemon[403667]: [session uid=1000 pid=403667 pidfd=4] Activating service name='org.freedesktop.systemd1' requested by ':1.4' (uid=1000 pid=403798 comm="/usr/bin/dbus-broker-launch --config-file=/usr/sha")
dbus-daemon[403667]: [session uid=1000 pid=403667 pidfd=4] Activated service 'org.freedesktop.systemd1' failed: Process org.freedesktop.systemd1 exited with status 1
dbus-daemon[403667]: [session uid=1000 pid=403667 pidfd=4] Activating service name='org.freedesktop.systemd1' requested by ':1.4' (uid=1000 pid=403798 comm="/usr/bin/dbus-broker-launch --config-file=/usr/sha")
dbus-daemon[403667]: [session uid=1000 pid=403667 pidfd=4] Activated service 'org.freedesktop.systemd1' failed: Process org.freedesktop.systemd1 exited with status 1
{"trial": "S2r-002-toggle-COMP_E-measured-r16", "mode": "step", "outcome": "verified", "oracle_exact_match": true, "completion_mutations": 1, "routes": ["provider", "provider"], "error": null, "la": "25.48", "prov": {"attempts": 0, "reached": 0}}
dbus-daemon[403667]: [session uid=1000 pid=403667 pidfd=4] Activating service name='org.freedesktop.systemd1' requested by ':1.4' (uid=1000 pid=403798 comm="/usr/bin/dbus-broker-launch --config-file=/usr/sha")
dbus-daemon[403667]: [session uid=1000 pid=403667 pidfd=4] Activated service 'org.freedesktop.systemd1' failed: Process org.freedesktop.systemd1 exited with status 1
dbus-daemon[403667]: [session uid=1000 pid=403667 pidfd=4] Activating service name='org.freedesktop.systemd1' requested by ':1.4' (uid=1000 pid=403798 comm="/usr/bin/dbus-broker-launch --config-file=/usr/sha")
dbus-daemon[403667]: [session uid=1000 pid=403667 pidfd=4] Activated service 'org.freedesktop.systemd1' failed: Process org.freedesktop.systemd1 exited with status 1
dbus-daemon[403667]: [session uid=1000 pid=403667 pidfd=4] Activating service name='org.freedesktop.systemd1' requested by ':1.4' (uid=1000 pid=403798 comm="/usr/bin/dbus-broker-launch --config-file=/usr/sha")
dbus-daemon[403667]: [session uid=1000 pid=403667 pidfd=4] Activated service 'org.freedesktop.systemd1' failed: Process org.freedesktop.systemd1 exited with status 1
{"trial": "S2r-003-toggle-COMP_K-measured-r16", "mode": "step", "outcome": "verified", "oracle_exact_match": true, "completion_mutations": 1, "routes": ["provider", "provider"], "error": null, "la": "25.48", "prov": {"attempts": 0, "reached": 0}}
dbus-daemon[403667]: [session uid=1000 pid=403667 pidfd=4] Activating service name='org.freedesktop.systemd1' requested by ':1.4' (uid=1000 pid=403798 comm="/usr/bin/dbus-broker-launch --config-file=/usr/sha")
dbus-daemon[403667]: [session uid=1000 pid=403667 pidfd=4] Activated service 'org.freedesktop.systemd1' failed: Process org.freedesktop.systemd1 exited with status 1
dbus-daemon[403667]: [session uid=1000 pid=403667 pidfd=4] Activating service name='org.freedesktop.systemd1' requested by ':1.4' (uid=1000 pid=403798 comm="/usr/bin/dbus-broker-launch --config-file=/usr/sha")
dbus-daemon[403667]: [session uid=1000 pid=403667 pidfd=4] Activated service 'org.freedesktop.systemd1' failed: Process org.freedesktop.systemd1 exited with status 1
dbus-daemon[403667]: [session uid=1000 pid=403667 pidfd=4] Activating service name='org.freedesktop.systemd1' requested by ':1.4' (uid=1000 pid=403798 comm="/usr/bin/dbus-broker-launch --config-file=/usr/sha")
dbus-daemon[403667]: [session uid=1000 pid=403667 pidfd=4] Activated service 'org.freedesktop.systemd1' failed: Process org.freedesktop.systemd1 exited with status 1
{"trial": "S2r-004-modal-BASE-measured-r16", "mode": "step", "outcome": "verified", "oracle_exact_match": true, "completion_mutations": 1, "routes": ["provider", "provider"], "error": null, "la": "23.84", "prov": {"attempts": 0, "reached": 0}}
dbus-daemon[403667]: [session uid=1000 pid=403667 pidfd=4] Activating service name='org.freedesktop.systemd1' requested by ':1.4' (uid=1000 pid=403798 comm="/usr/bin/dbus-broker-launch --config-file=/usr/sha")
dbus-daemon[403667]: [session uid=1000 pid=403667 pidfd=4] Activated service 'org.freedesktop.systemd1' failed: Process org.freedesktop.systemd1 exited with status 1
dbus-daemon[403667]: [session uid=1000 pid=403667 pidfd=4] Activating service name='org.freedesktop.systemd1' requested by ':1.4' (uid=1000 pid=403798 comm="/usr/bin/dbus-broker-launch --config-file=/usr/sha")
dbus-daemon[403667]: [session uid=1000 pid=403667 pidfd=4] Activated service 'org.freedesktop.systemd1' failed: Process org.freedesktop.systemd1 exited with status 1
dbus-daemon[403667]: [session uid=1000 pid=403667 pidfd=4] Activating service name='org.freedesktop.systemd1' requested by ':1.4' (uid=1000 pid=403798 comm="/usr/bin/dbus-broker-launch --config-file=/usr/sha")
dbus-daemon[403667]: [session uid=1000 pid=403667 pidfd=4] Activated service 'org.freedesktop.systemd1' failed: Process org.freedesktop.systemd1 exited with status 1
{"trial": "S2r-005-modal-COMP-measured-r16", "mode": "step", "outcome": "verified", "oracle_exact_match": true, "completion_mutations": 1, "routes": ["provider", "provider"], "error": null, "la": "22.01", "prov": {"attempts": 0, "reached": 0}}
dbus-daemon[403667]: [session uid=1000 pid=403667 pidfd=4] Activating service name='org.freedesktop.systemd1' requested by ':1.4' (uid=1000 pid=403798 comm="/usr/bin/dbus-broker-launch --config-file=/usr/sha")
dbus-daemon[403667]: [session uid=1000 pid=403667 pidfd=4] Activated service 'org.freedesktop.systemd1' failed: Process org.freedesktop.systemd1 exited with status 1
dbus-daemon[403667]: [session uid=1000 pid=403667 pidfd=4] Activating service name='org.freedesktop.systemd1' requested by ':1.4' (uid=1000 pid=403798 comm="/usr/bin/dbus-broker-launch --config-file=/usr/sha")
dbus-daemon[403667]: [session uid=1000 pid=403667 pidfd=4] Activated service 'org.freedesktop.systemd1' failed: Process org.freedesktop.systemd1 exited with status 1
dbus-daemon[403667]: [session uid=1000 pid=403667 pidfd=4] Activating service name='org.freedesktop.systemd1' requested by ':1.4' (uid=1000 pid=403798 comm="/usr/bin/dbus-broker-launch --config-file=/usr/sha")
dbus-daemon[403667]: [session uid=1000 pid=403667 pidfd=4] Activated service 'org.freedesktop.systemd1' failed: Process org.freedesktop.systemd1 exited with status 1
{"trial": "S2r-006-modal-COMP_E-measured-r16", "mode": "step", "outcome": "verified", "oracle_exact_match": true, "completion_mutations": 1, "routes": ["provider", "provider"], "error": null, "la": "22.01", "prov": {"attempts": 0, "reached": 0}}
dbus-daemon[403667]: [session uid=1000 pid=403667 pidfd=4] Activating service name='org.freedesktop.systemd1' requested by ':1.4' (uid=1000 pid=403798 comm="/usr/bin/dbus-broker-launch --config-file=/usr/sha")
dbus-daemon[403667]: [session uid=1000 pid=403667 pidfd=4] Activated service 'org.freedesktop.systemd1' failed: Process org.freedesktop.systemd1 exited with status 1
dbus-daemon[403667]: [session uid=1000 pid=403667 pidfd=4] Activating service name='org.freedesktop.systemd1' requested by ':1.4' (uid=1000 pid=403798 comm="/usr/bin/dbus-broker-launch --config-file=/usr/sha")
dbus-daemon[403667]: [session uid=1000 pid=403667 pidfd=4] Activated service 'org.freedesktop.systemd1' failed: Process org.freedesktop.systemd1 exited with status 1
dbus-daemon[403667]: [session uid=1000 pid=403667 pidfd=4] Activating service name='org.freedesktop.systemd1' requested by ':1.4' (uid=1000 pid=403798 comm="/usr/bin/dbus-broker-launch --config-file=/usr/sha")
dbus-daemon[403667]: [session uid=1000 pid=403667 pidfd=4] Activated service 'org.freedesktop.systemd1' failed: Process org.freedesktop.systemd1 exited with status 1
{"trial": "S2r-007-modal-COMP_K-measured-r16", "mode": "step", "outcome": "verified", "oracle_exact_match": true, "completion_mutations": 1, "routes": ["provider", "provider"], "error": null, "la": "22.01", "prov": {"attempts": 0, "reached": 0}}
dbus-daemon[403667]: [session uid=1000 pid=403667 pidfd=4] Activating service name='org.freedesktop.systemd1' requested by ':1.4' (uid=1000 pid=403798 comm="/usr/bin/dbus-broker-launch --config-file=/usr/sha")
dbus-daemon[403667]: [session uid=1000 pid=403667 pidfd=4] Activated service 'org.freedesktop.systemd1' failed: Process org.freedesktop.systemd1 exited with status 1
dbus-daemon[403667]: [session uid=1000 pid=403667 pidfd=4] Activating service name='org.freedesktop.systemd1' requested by ':1.4' (uid=1000 pid=403798 comm="/usr/bin/dbus-broker-launch --config-file=/usr/sha")
dbus-daemon[403667]: [session uid=1000 pid=403667 pidfd=4] Activated service 'org.freedesktop.systemd1' failed: Process org.freedesktop.systemd1 exited with status 1
dbus-daemon[403667]: [session uid=1000 pid=403667 pidfd=4] Activating service name='org.freedesktop.systemd1' requested by ':1.4' (uid=1000 pid=403798 comm="/usr/bin/dbus-broker-launch --config-file=/usr/sha")
dbus-daemon[403667]: [session uid=1000 pid=403667 pidfd=4] Activated service 'org.freedesktop.systemd1' failed: Process org.freedesktop.systemd1 exited with status 1
{"trial": "S2r-008-fill-BASE-measured-r16", "mode": "step", "outcome": "verified", "oracle_exact_match": true, "completion_mutations": 1, "routes": ["provider", "provider"], "error": null, "la": "20.41", "prov": {"attempts": 0, "reached": 0}}
dbus-daemon[403667]: [session uid=1000 pid=403667 pidfd=4] Activating service name='org.freedesktop.systemd1' requested by ':1.4' (uid=1000 pid=403798 comm="/usr/bin/dbus-broker-launch --config-file=/usr/sha")
dbus-daemon[403667]: [session uid=1000 pid=403667 pidfd=4] Activated service 'org.freedesktop.systemd1' failed: Process org.freedesktop.systemd1 exited with status 1
dbus-daemon[403667]: [session uid=1000 pid=403667 pidfd=4] Activating service name='org.freedesktop.systemd1' requested by ':1.4' (uid=1000 pid=403798 comm="/usr/bin/dbus-broker-launch --config-file=/usr/sha")
dbus-daemon[403667]: [session uid=1000 pid=403667 pidfd=4] Activated service 'org.freedesktop.systemd1' failed: Process org.freedesktop.systemd1 exited with status 1
dbus-daemon[403667]: [session uid=1000 pid=403667 pidfd=4] Activating service name='org.freedesktop.systemd1' requested by ':1.4' (uid=1000 pid=403798 comm="/usr/bin/dbus-broker-launch --config-file=/usr/sha")
dbus-daemon[403667]: [session uid=1000 pid=403667 pidfd=4] Activated service 'org.freedesktop.systemd1' failed: Process org.freedesktop.systemd1 exited with status 1
{"trial": "S2r-009-fill-COMP-measured-r16", "mode": "replay", "outcome": "verified", "oracle_exact_match": true, "completion_mutations": 1, "routes": ["compiled"], "error": null, "la": "18.93", "prov": {"attempts": 0, "reached": 0}}
dbus-daemon[403667]: [session uid=1000 pid=403667 pidfd=4] Activating service name='org.freedesktop.systemd1' requested by ':1.4' (uid=1000 pid=403798 comm="/usr/bin/dbus-broker-launch --config-file=/usr/sha")
dbus-daemon[403667]: [session uid=1000 pid=403667 pidfd=4] Activated service 'org.freedesktop.systemd1' failed: Process org.freedesktop.systemd1 exited with status 1
dbus-daemon[403667]: [session uid=1000 pid=403667 pidfd=4] Activating service name='org.freedesktop.systemd1' requested by ':1.4' (uid=1000 pid=403798 comm="/usr/bin/dbus-broker-launch --config-file=/usr/sha")
dbus-daemon[403667]: [session uid=1000 pid=403667 pidfd=4] Activated service 'org.freedesktop.systemd1' failed: Process org.freedesktop.systemd1 exited with status 1
dbus-daemon[403667]: [session uid=1000 pid=403667 pidfd=4] Activating service name='org.freedesktop.systemd1' requested by ':1.4' (uid=1000 pid=403798 comm="/usr/bin/dbus-broker-launch --config-file=/usr/sha")
dbus-daemon[403667]: [session uid=1000 pid=403667 pidfd=4] Activated service 'org.freedesktop.systemd1' failed: Process org.freedesktop.systemd1 exited with status 1
{"trial": "S2r-010-fill-COMP_E-measured-r16", "mode": "replay", "outcome": "verified", "oracle_exact_match": true, "completion_mutations": 1, "routes": ["compiled"], "error": null, "la": "18.93", "prov": {"attempts": 0, "reached": 0}}
dbus-daemon[403667]: [session uid=1000 pid=403667 pidfd=4] Activating service name='org.freedesktop.systemd1' requested by ':1.4' (uid=1000 pid=403798 comm="/usr/bin/dbus-broker-launch --config-file=/usr/sha")
dbus-daemon[403667]: [session uid=1000 pid=403667 pidfd=4] Activated service 'org.freedesktop.systemd1' failed: Process org.freedesktop.systemd1 exited with status 1
dbus-daemon[403667]: [session uid=1000 pid=403667 pidfd=4] Activating service name='org.freedesktop.systemd1' requested by ':1.4' (uid=1000 pid=403798 comm="/usr/bin/dbus-broker-launch --config-file=/usr/sha")
dbus-daemon[403667]: [session uid=1000 pid=403667 pidfd=4] Activated service 'org.freedesktop.systemd1' failed: Process org.freedesktop.systemd1 exited with status 1
dbus-daemon[403667]: [session uid=1000 pid=403667 pidfd=4] Activating service name='org.freedesktop.systemd1' requested by ':1.4' (uid=1000 pid=403798 comm="/usr/bin/dbus-broker-launch --config-file=/usr/sha")
dbus-daemon[403667]: [session uid=1000 pid=403667 pidfd=4] Activated service 'org.freedesktop.systemd1' failed: Process org.freedesktop.systemd1 exited with status 1
{"trial": "S2r-011-fill-COMP_K-measured-r16", "mode": "replay", "outcome": "verified", "oracle_exact_match": true, "completion_mutations": 1, "routes": ["compiled"], "error": null, "la": "18.93", "prov": {"attempts": 0, "reached": 0}}
dbus-daemon[403667]: [session uid=1000 pid=403667 pidfd=4] Activating service name='org.freedesktop.systemd1' requested by ':1.4' (uid=1000 pid=403798 comm="/usr/bin/dbus-broker-launch --config-file=/usr/sha")
dbus-daemon[403667]: [session uid=1000 pid=403667 pidfd=4] Activated service 'org.freedesktop.systemd1' failed: Process org.freedesktop.systemd1 exited with status 1
dbus-daemon[403667]: [session uid=1000 pid=403667 pidfd=4] Activating service name='org.freedesktop.systemd1' requested by ':1.4' (uid=1000 pid=403798 comm="/usr/bin/dbus-broker-launch --config-file=/usr/sha")
dbus-daemon[403667]: [session uid=1000 pid=403667 pidfd=4] Activated service 'org.freedesktop.systemd1' failed: Process org.freedesktop.systemd1 exited with status 1
dbus-daemon[403667]: [session uid=1000 pid=403667 pidfd=4] Activating service name='org.freedesktop.systemd1' requested by ':1.4' (uid=1000 pid=403798 comm="/usr/bin/dbus-broker-launch --config-file=/usr/sha")
dbus-daemon[403667]: [session uid=1000 pid=403667 pidfd=4] Activated service 'org.freedesktop.systemd1' failed: Process org.freedesktop.systemd1 exited with status 1
{"trial": "S2r-012-modal-COMP-measured-r17", "mode": "step", "outcome": "verified", "oracle_exact_match": true, "completion_mutations": 1, "routes": ["provider", "provider"], "error": null, "la": "17.50", "prov": {"attempts": 0, "reached": 0}}
dbus-daemon[403667]: [session uid=1000 pid=403667 pidfd=4] Activating service name='org.freedesktop.systemd1' requested by ':1.4' (uid=1000 pid=403798 comm="/usr/bin/dbus-broker-launch --config-file=/usr/sha")
dbus-daemon[403667]: [session uid=1000 pid=403667 pidfd=4] Activated service 'org.freedesktop.systemd1' failed: Process org.freedesktop.systemd1 exited with status 1
dbus-daemon[403667]: [session uid=1000 pid=403667 pidfd=4] Activating service name='org.freedesktop.systemd1' requested by ':1.4' (uid=1000 pid=403798 comm="/usr/bin/dbus-broker-launch --config-file=/usr/sha")
dbus-daemon[403667]: [session uid=1000 pid=403667 pidfd=4] Activated service 'org.freedesktop.systemd1' failed: Process org.freedesktop.systemd1 exited with status 1
dbus-daemon[403667]: [session uid=1000 pid=403667 pidfd=4] Activating service name='org.freedesktop.systemd1' requested by ':1.4' (uid=1000 pid=403798 comm="/usr/bin/dbus-broker-launch --config-file=/usr/sha")
dbus-daemon[403667]: [session uid=1000 pid=403667 pidfd=4] Activated service 'org.freedesktop.systemd1' failed: Process org.freedesktop.systemd1 exited with status 1
{"trial": "S2r-013-modal-COMP_K-measured-r17", "mode": "step", "outcome": "verified", "oracle_exact_match": true, "completion_mutations": 1, "routes": ["provider", "provider"], "error": null, "la": "17.50", "prov": {"attempts": 0, "reached": 0}}
dbus-daemon[403667]: [session uid=1000 pid=403667 pidfd=4] Activating service name='org.freedesktop.systemd1' requested by ':1.4' (uid=1000 pid=403798 comm="/usr/bin/dbus-broker-launch --config-file=/usr/sha")
dbus-daemon[403667]: [session uid=1000 pid=403667 pidfd=4] Activated service 'org.freedesktop.systemd1' failed: Process org.freedesktop.systemd1 exited with status 1
dbus-daemon[403667]: [session uid=1000 pid=403667 pidfd=4] Activating service name='org.freedesktop.systemd1' requested by ':1.4' (uid=1000 pid=403798 comm="/usr/bin/dbus-broker-launch --config-file=/usr/sha")
dbus-daemon[403667]: [session uid=1000 pid=403667 pidfd=4] Activated service 'org.freedesktop.systemd1' failed: Process org.freedesktop.systemd1 exited with status 1
dbus-daemon[403667]: [session uid=1000 pid=403667 pidfd=4] Activating service name='org.freedesktop.systemd1' requested by ':1.4' (uid=1000 pid=403798 comm="/usr/bin/dbus-broker-launch --config-file=/usr/sha")
dbus-daemon[403667]: [session uid=1000 pid=403667 pidfd=4] Activated service 'org.freedesktop.systemd1' failed: Process org.freedesktop.systemd1 exited with status 1
{"trial": "S2r-014-modal-BASE-measured-r17", "mode": "step", "outcome": "verified", "oracle_exact_match": true, "completion_mutations": 1, "routes": ["provider", "provider"], "error": null, "la": "16.26", "prov": {"attempts": 0, "reached": 0}}
dbus-daemon[403667]: [session uid=1000 pid=403667 pidfd=4] Activating service name='org.freedesktop.systemd1' requested by ':1.4' (uid=1000 pid=403798 comm="/usr/bin/dbus-broker-launch --config-file=/usr/sha")
dbus-daemon[403667]: [session uid=1000 pid=403667 pidfd=4] Activated service 'org.freedesktop.systemd1' failed: Process org.freedesktop.systemd1 exited with status 1
dbus-daemon[403667]: [session uid=1000 pid=403667 pidfd=4] Activating service name='org.freedesktop.systemd1' requested by ':1.4' (uid=1000 pid=403798 comm="/usr/bin/dbus-broker-launch --config-file=/usr/sha")
dbus-daemon[403667]: [session uid=1000 pid=403667 pidfd=4] Activated service 'org.freedesktop.systemd1' failed: Process org.freedesktop.systemd1 exited with status 1
dbus-daemon[403667]: [session uid=1000 pid=403667 pidfd=4] Activating service name='org.freedesktop.systemd1' requested by ':1.4' (uid=1000 pid=403798 comm="/usr/bin/dbus-broker-launch --config-file=/usr/sha")
dbus-daemon[403667]: [session uid=1000 pid=403667 pidfd=4] Activated service 'org.freedesktop.systemd1' failed: Process org.freedesktop.systemd1 exited with status 1
{"trial": "S2r-015-modal-COMP_E-measured-r17", "mode": "step", "outcome": "verified", "oracle_exact_match": true, "completion_mutations": 1, "routes": ["provider", "provider"], "error": null, "la": "16.26", "prov": {"attempts": 0, "reached": 0}}
dbus-daemon[403667]: [session uid=1000 pid=403667 pidfd=4] Activating service name='org.freedesktop.systemd1' requested by ':1.4' (uid=1000 pid=403798 comm="/usr/bin/dbus-broker-launch --config-file=/usr/sha")
dbus-daemon[403667]: [session uid=1000 pid=403667 pidfd=4] Activated service 'org.freedesktop.systemd1' failed: Process org.freedesktop.systemd1 exited with status 1
dbus-daemon[403667]: [session uid=1000 pid=403667 pidfd=4] Activating service name='org.freedesktop.systemd1' requested by ':1.4' (uid=1000 pid=403798 comm="/usr/bin/dbus-broker-launch --config-file=/usr/sha")
dbus-daemon[403667]: [session uid=1000 pid=403667 pidfd=4] Activated service 'org.freedesktop.systemd1' failed: Process org.freedesktop.systemd1 exited with status 1
dbus-daemon[403667]: [session uid=1000 pid=403667 pidfd=4] Activating service name='org.freedesktop.systemd1' requested by ':1.4' (uid=1000 pid=403798 comm="/usr/bin/dbus-broker-launch --config-file=/usr/sha")
dbus-daemon[403667]: [session uid=1000 pid=403667 pidfd=4] Activated service 'org.freedesktop.systemd1' failed: Process org.freedesktop.systemd1 exited with status 1
{"trial": "S2r-016-fill-COMP-measured-r17", "mode": "replay", "outcome": "verified", "oracle_exact_match": true, "completion_mutations": 1, "routes": ["compiled"], "error": null, "la": "15.19", "prov": {"attempts": 0, "reached": 0}}
dbus-daemon[403667]: [session uid=1000 pid=403667 pidfd=4] Activating service name='org.freedesktop.systemd1' requested by ':1.4' (uid=1000 pid=403798 comm="/usr/bin/dbus-broker-launch --config-file=/usr/sha")
dbus-daemon[403667]: [session uid=1000 pid=403667 pidfd=4] Activated service 'org.freedesktop.systemd1' failed: Process org.freedesktop.systemd1 exited with status 1
dbus-daemon[403667]: [session uid=1000 pid=403667 pidfd=4] Activating service name='org.freedesktop.systemd1' requested by ':1.4' (uid=1000 pid=403798 comm="/usr/bin/dbus-broker-launch --config-file=/usr/sha")
dbus-daemon[403667]: [session uid=1000 pid=403667 pidfd=4] Activated service 'org.freedesktop.systemd1' failed: Process org.freedesktop.systemd1 exited with status 1
dbus-daemon[403667]: [session uid=1000 pid=403667 pidfd=4] Activating service name='org.freedesktop.systemd1' requested by ':1.4' (uid=1000 pid=403798 comm="/usr/bin/dbus-broker-launch --config-file=/usr/sha")
dbus-daemon[403667]: [session uid=1000 pid=403667 pidfd=4] Activated service 'org.freedesktop.systemd1' failed: Process org.freedesktop.systemd1 exited with status 1
{"trial": "S2r-017-fill-COMP_K-measured-r17", "mode": "replay", "outcome": "verified", "oracle_exact_match": true, "completion_mutations": 1, "routes": ["compiled"], "error": null, "la": "15.19", "prov": {"attempts": 0, "reached": 0}}
dbus-daemon[403667]: [session uid=1000 pid=403667 pidfd=4] Activating service name='org.freedesktop.systemd1' requested by ':1.4' (uid=1000 pid=403798 comm="/usr/bin/dbus-broker-launch --config-file=/usr/sha")
dbus-daemon[403667]: [session uid=1000 pid=403667 pidfd=4] Activated service 'org.freedesktop.systemd1' failed: Process org.freedesktop.systemd1 exited with status 1
dbus-daemon[403667]: [session uid=1000 pid=403667 pidfd=4] Activating service name='org.freedesktop.systemd1' requested by ':1.4' (uid=1000 pid=403798 comm="/usr/bin/dbus-broker-launch --config-file=/usr/sha")
dbus-daemon[403667]: [session uid=1000 pid=403667 pidfd=4] Activated service 'org.freedesktop.systemd1' failed: Process org.freedesktop.systemd1 exited with status 1
dbus-daemon[403667]: [session uid=1000 pid=403667 pidfd=4] Activating service name='org.freedesktop.systemd1' requested by ':1.4' (uid=1000 pid=403798 comm="/usr/bin/dbus-broker-launch --config-file=/usr/sha")
dbus-daemon[403667]: [session uid=1000 pid=403667 pidfd=4] Activated service 'org.freedesktop.systemd1' failed: Process org.freedesktop.systemd1 exited with status 1
{"trial": "S2r-018-fill-BASE-measured-r17", "mode": "step", "outcome": "verified", "oracle_exact_match": true, "completion_mutations": 1, "routes": ["provider", "provider"], "error": null, "la": "14.14", "prov": {"attempts": 0, "reached": 0}}
dbus-daemon[403667]: [session uid=1000 pid=403667 pidfd=4] Activating service name='org.freedesktop.systemd1' requested by ':1.4' (uid=1000 pid=403798 comm="/usr/bin/dbus-broker-launch --config-file=/usr/sha")
dbus-daemon[403667]: [session uid=1000 pid=403667 pidfd=4] Activated service 'org.freedesktop.systemd1' failed: Process org.freedesktop.systemd1 exited with status 1
dbus-daemon[403667]: [session uid=1000 pid=403667 pidfd=4] Activating service name='org.freedesktop.systemd1' requested by ':1.4' (uid=1000 pid=403798 comm="/usr/bin/dbus-broker-launch --config-file=/usr/sha")
dbus-daemon[403667]: [session uid=1000 pid=403667 pidfd=4] Activated service 'org.freedesktop.systemd1' failed: Process org.freedesktop.systemd1 exited with status 1
dbus-daemon[403667]: [session uid=1000 pid=403667 pidfd=4] Activating service name='org.freedesktop.systemd1' requested by ':1.4' (uid=1000 pid=403798 comm="/usr/bin/dbus-broker-launch --config-file=/usr/sha")
dbus-daemon[403667]: [session uid=1000 pid=403667 pidfd=4] Activated service 'org.freedesktop.systemd1' failed: Process org.freedesktop.systemd1 exited with status 1
{"trial": "S2r-019-fill-COMP_E-measured-r17", "mode": "replay", "outcome": "verified", "oracle_exact_match": true, "completion_mutations": 1, "routes": ["compiled"], "error": null, "la": "14.14", "prov": {"attempts": 0, "reached": 0}}
dbus-daemon[403667]: [session uid=1000 pid=403667 pidfd=4] Activating service name='org.freedesktop.systemd1' requested by ':1.4' (uid=1000 pid=403798 comm="/usr/bin/dbus-broker-launch --config-file=/usr/sha")
dbus-daemon[403667]: [session uid=1000 pid=403667 pidfd=4] Activated service 'org.freedesktop.systemd1' failed: Process org.freedesktop.systemd1 exited with status 1
dbus-daemon[403667]: [session uid=1000 pid=403667 pidfd=4] Activating service name='org.freedesktop.systemd1' requested by ':1.4' (uid=1000 pid=403798 comm="/usr/bin/dbus-broker-launch --config-file=/usr/sha")
dbus-daemon[403667]: [session uid=1000 pid=403667 pidfd=4] Activated service 'org.freedesktop.systemd1' failed: Process org.freedesktop.systemd1 exited with status 1
dbus-daemon[403667]: [session uid=1000 pid=403667 pidfd=4] Activating service name='org.freedesktop.systemd1' requested by ':1.4' (uid=1000 pid=403798 comm="/usr/bin/dbus-broker-launch --config-file=/usr/sha")
dbus-daemon[403667]: [session uid=1000 pid=403667 pidfd=4] Activated service 'org.freedesktop.systemd1' failed: Process org.freedesktop.systemd1 exited with status 1
{"trial": "S2r-020-toggle-COMP-measured-r17", "mode": "step", "outcome": "verified", "oracle_exact_match": true, "completion_mutations": 1, "routes": ["provider", "provider"], "error": null, "la": "13.65", "prov": {"attempts": 0, "reached": 0}}
dbus-daemon[403667]: [session uid=1000 pid=403667 pidfd=4] Activating service name='org.freedesktop.systemd1' requested by ':1.4' (uid=1000 pid=403798 comm="/usr/bin/dbus-broker-launch --config-file=/usr/sha")
dbus-daemon[403667]: [session uid=1000 pid=403667 pidfd=4] Activated service 'org.freedesktop.systemd1' failed: Process org.freedesktop.systemd1 exited with status 1
dbus-daemon[403667]: [session uid=1000 pid=403667 pidfd=4] Activating service name='org.freedesktop.systemd1' requested by ':1.4' (uid=1000 pid=403798 comm="/usr/bin/dbus-broker-launch --config-file=/usr/sha")
dbus-daemon[403667]: [session uid=1000 pid=403667 pidfd=4] Activated service 'org.freedesktop.systemd1' failed: Process org.freedesktop.systemd1 exited with status 1
dbus-daemon[403667]: [session uid=1000 pid=403667 pidfd=4] Activating service name='org.freedesktop.systemd1' requested by ':1.4' (uid=1000 pid=403798 comm="/usr/bin/dbus-broker-launch --config-file=/usr/sha")
dbus-daemon[403667]: [session uid=1000 pid=403667 pidfd=4] Activated service 'org.freedesktop.systemd1' failed: Process org.freedesktop.systemd1 exited with status 1
{"trial": "S2r-021-toggle-COMP_K-measured-r17", "mode": "step", "outcome": "verified", "oracle_exact_match": true, "completion_mutations": 1, "routes": ["provider", "provider"], "error": null, "la": "13.65", "prov": {"attempts": 0, "reached": 0}}
dbus-daemon[403667]: [session uid=1000 pid=403667 pidfd=4] Activating service name='org.freedesktop.systemd1' requested by ':1.4' (uid=1000 pid=403798 comm="/usr/bin/dbus-broker-launch --config-file=/usr/sha")
dbus-daemon[403667]: [session uid=1000 pid=403667 pidfd=4] Activated service 'org.freedesktop.systemd1' failed: Process org.freedesktop.systemd1 exited with status 1
dbus-daemon[403667]: [session uid=1000 pid=403667 pidfd=4] Activating service name='org.freedesktop.systemd1' requested by ':1.4' (uid=1000 pid=403798 comm="/usr/bin/dbus-broker-launch --config-file=/usr/sha")
dbus-daemon[403667]: [session uid=1000 pid=403667 pidfd=4] Activated service 'org.freedesktop.systemd1' failed: Process org.freedesktop.systemd1 exited with status 1
dbus-daemon[403667]: [session uid=1000 pid=403667 pidfd=4] Activating service name='org.freedesktop.systemd1' requested by ':1.4' (uid=1000 pid=403798 comm="/usr/bin/dbus-broker-launch --config-file=/usr/sha")
dbus-daemon[403667]: [session uid=1000 pid=403667 pidfd=4] Activated service 'org.freedesktop.systemd1' failed: Process org.freedesktop.systemd1 exited with status 1
{"trial": "S2r-022-toggle-BASE-measured-r17", "mode": "step", "outcome": "verified", "oracle_exact_match": true, "completion_mutations": 1, "routes": ["provider", "provider"], "error": null, "la": "13.19", "prov": {"attempts": 0, "reached": 0}}
dbus-daemon[403667]: [session uid=1000 pid=403667 pidfd=4] Activating service name='org.freedesktop.systemd1' requested by ':1.4' (uid=1000 pid=403798 comm="/usr/bin/dbus-broker-launch --config-file=/usr/sha")
dbus-daemon[403667]: [session uid=1000 pid=403667 pidfd=4] Activated service 'org.freedesktop.systemd1' failed: Process org.freedesktop.systemd1 exited with status 1
dbus-daemon[403667]: [session uid=1000 pid=403667 pidfd=4] Activating service name='org.freedesktop.systemd1' requested by ':1.4' (uid=1000 pid=403798 comm="/usr/bin/dbus-broker-launch --config-file=/usr/sha")
dbus-daemon[403667]: [session uid=1000 pid=403667 pidfd=4] Activated service 'org.freedesktop.systemd1' failed: Process org.freedesktop.systemd1 exited with status 1
dbus-daemon[403667]: [session uid=1000 pid=403667 pidfd=4] Activating service name='org.freedesktop.systemd1' requested by ':1.4' (uid=1000 pid=403798 comm="/usr/bin/dbus-broker-launch --config-file=/usr/sha")
dbus-daemon[403667]: [session uid=1000 pid=403667 pidfd=4] Activated service 'org.freedesktop.systemd1' failed: Process org.freedesktop.systemd1 exited with status 1
{"trial": "S2r-023-toggle-COMP_E-measured-r17", "mode": "step", "outcome": "verified", "oracle_exact_match": true, "completion_mutations": 1, "routes": ["provider", "provider"], "error": null, "la": "13.19", "prov": {"attempts": 0, "reached": 0}}
dbus-daemon[403667]: [session uid=1000 pid=403667 pidfd=4] Activating service name='org.freedesktop.systemd1' requested by ':1.4' (uid=1000 pid=403798 comm="/usr/bin/dbus-broker-launch --config-file=/usr/sha")
dbus-daemon[403667]: [session uid=1000 pid=403667 pidfd=4] Activated service 'org.freedesktop.systemd1' failed: Process org.freedesktop.systemd1 exited with status 1
dbus-daemon[403667]: [session uid=1000 pid=403667 pidfd=4] Activating service name='org.freedesktop.systemd1' requested by ':1.4' (uid=1000 pid=403798 comm="/usr/bin/dbus-broker-launch --config-file=/usr/sha")
dbus-daemon[403667]: [session uid=1000 pid=403667 pidfd=4] Activated service 'org.freedesktop.systemd1' failed: Process org.freedesktop.systemd1 exited with status 1
dbus-daemon[403667]: [session uid=1000 pid=403667 pidfd=4] Activating service name='org.freedesktop.systemd1' requested by ':1.4' (uid=1000 pid=403798 comm="/usr/bin/dbus-broker-launch --config-file=/usr/sha")
dbus-daemon[403667]: [session uid=1000 pid=403667 pidfd=4] Activated service 'org.freedesktop.systemd1' failed: Process org.freedesktop.systemd1 exited with status 1
{"trial": "S2r-024-fill-COMP_K-measured-r18", "mode": "replay", "outcome": "verified", "oracle_exact_match": true, "completion_mutations": 1, "routes": ["compiled"], "error": null, "la": "13.19", "prov": {"attempts": 0, "reached": 0}}
dbus-daemon[403667]: [session uid=1000 pid=403667 pidfd=4] Activating service name='org.freedesktop.systemd1' requested by ':1.4' (uid=1000 pid=403798 comm="/usr/bin/dbus-broker-launch --config-file=/usr/sha")
dbus-daemon[403667]: [session uid=1000 pid=403667 pidfd=4] Activated service 'org.freedesktop.systemd1' failed: Process org.freedesktop.systemd1 exited with status 1
dbus-daemon[403667]: [session uid=1000 pid=403667 pidfd=4] Activating service name='org.freedesktop.systemd1' requested by ':1.4' (uid=1000 pid=403798 comm="/usr/bin/dbus-broker-launch --config-file=/usr/sha")
dbus-daemon[403667]: [session uid=1000 pid=403667 pidfd=4] Activated service 'org.freedesktop.systemd1' failed: Process org.freedesktop.systemd1 exited with status 1
dbus-daemon[403667]: [session uid=1000 pid=403667 pidfd=4] Activating service name='org.freedesktop.systemd1' requested by ':1.4' (uid=1000 pid=403798 comm="/usr/bin/dbus-broker-launch --config-file=/usr/sha")
dbus-daemon[403667]: [session uid=1000 pid=403667 pidfd=4] Activated service 'org.freedesktop.systemd1' failed: Process org.freedesktop.systemd1 exited with status 1
{"trial": "S2r-025-fill-COMP_E-measured-r18", "mode": "replay", "outcome": "verified", "oracle_exact_match": true, "completion_mutations": 1, "routes": ["compiled"], "error": null, "la": "12.54", "prov": {"attempts": 0, "reached": 0}}
dbus-daemon[403667]: [session uid=1000 pid=403667 pidfd=4] Activating service name='org.freedesktop.systemd1' requested by ':1.4' (uid=1000 pid=403798 comm="/usr/bin/dbus-broker-launch --config-file=/usr/sha")
dbus-daemon[403667]: [session uid=1000 pid=403667 pidfd=4] Activated service 'org.freedesktop.systemd1' failed: Process org.freedesktop.systemd1 exited with status 1
dbus-daemon[403667]: [session uid=1000 pid=403667 pidfd=4] Activating service name='org.freedesktop.systemd1' requested by ':1.4' (uid=1000 pid=403798 comm="/usr/bin/dbus-broker-launch --config-file=/usr/sha")
dbus-daemon[403667]: [session uid=1000 pid=403667 pidfd=4] Activated service 'org.freedesktop.systemd1' failed: Process org.freedesktop.systemd1 exited with status 1
dbus-daemon[403667]: [session uid=1000 pid=403667 pidfd=4] Activating service name='org.freedesktop.systemd1' requested by ':1.4' (uid=1000 pid=403798 comm="/usr/bin/dbus-broker-launch --config-file=/usr/sha")
dbus-daemon[403667]: [session uid=1000 pid=403667 pidfd=4] Activated service 'org.freedesktop.systemd1' failed: Process org.freedesktop.systemd1 exited with status 1
{"trial": "S2r-026-fill-COMP-measured-r18", "mode": "replay", "outcome": "verified", "oracle_exact_match": true, "completion_mutations": 1, "routes": ["compiled"], "error": null, "la": "11.69", "prov": {"attempts": 0, "reached": 0}}
dbus-daemon[403667]: [session uid=1000 pid=403667 pidfd=4] Activating service name='org.freedesktop.systemd1' requested by ':1.4' (uid=1000 pid=403798 comm="/usr/bin/dbus-broker-launch --config-file=/usr/sha")
dbus-daemon[403667]: [session uid=1000 pid=403667 pidfd=4] Activated service 'org.freedesktop.systemd1' failed: Process org.freedesktop.systemd1 exited with status 1
dbus-daemon[403667]: [session uid=1000 pid=403667 pidfd=4] Activating service name='org.freedesktop.systemd1' requested by ':1.4' (uid=1000 pid=403798 comm="/usr/bin/dbus-broker-launch --config-file=/usr/sha")
dbus-daemon[403667]: [session uid=1000 pid=403667 pidfd=4] Activated service 'org.freedesktop.systemd1' failed: Process org.freedesktop.systemd1 exited with status 1
dbus-daemon[403667]: [session uid=1000 pid=403667 pidfd=4] Activating service name='org.freedesktop.systemd1' requested by ':1.4' (uid=1000 pid=403798 comm="/usr/bin/dbus-broker-launch --config-file=/usr/sha")
dbus-daemon[403667]: [session uid=1000 pid=403667 pidfd=4] Activated service 'org.freedesktop.systemd1' failed: Process org.freedesktop.systemd1 exited with status 1
{"trial": "S2r-027-fill-BASE-measured-r18", "mode": "step", "outcome": "verified", "oracle_exact_match": true, "completion_mutations": 1, "routes": ["provider", "provider"], "error": null, "la": "11.69", "prov": {"attempts": 0, "reached": 0}}
dbus-daemon[403667]: [session uid=1000 pid=403667 pidfd=4] Activating service name='org.freedesktop.systemd1' requested by ':1.4' (uid=1000 pid=403798 comm="/usr/bin/dbus-broker-launch --config-file=/usr/sha")
dbus-daemon[403667]: [session uid=1000 pid=403667 pidfd=4] Activated service 'org.freedesktop.systemd1' failed: Process org.freedesktop.systemd1 exited with status 1
dbus-daemon[403667]: [session uid=1000 pid=403667 pidfd=4] Activating service name='org.freedesktop.systemd1' requested by ':1.4' (uid=1000 pid=403798 comm="/usr/bin/dbus-broker-launch --config-file=/usr/sha")
dbus-daemon[403667]: [session uid=1000 pid=403667 pidfd=4] Activated service 'org.freedesktop.systemd1' failed: Process org.freedesktop.systemd1 exited with status 1
dbus-daemon[403667]: [session uid=1000 pid=403667 pidfd=4] Activating service name='org.freedesktop.systemd1' requested by ':1.4' (uid=1000 pid=403798 comm="/usr/bin/dbus-broker-launch --config-file=/usr/sha")
dbus-daemon[403667]: [session uid=1000 pid=403667 pidfd=4] Activated service 'org.freedesktop.systemd1' failed: Process org.freedesktop.systemd1 exited with status 1
{"trial": "S2r-028-toggle-COMP_K-measured-r18", "mode": "step", "outcome": "verified", "oracle_exact_match": true, "completion_mutations": 1, "routes": ["provider", "provider"], "error": null, "la": "11.00", "prov": {"attempts": 0, "reached": 0}}
dbus-daemon[403667]: [session uid=1000 pid=403667 pidfd=4] Activating service name='org.freedesktop.systemd1' requested by ':1.4' (uid=1000 pid=403798 comm="/usr/bin/dbus-broker-launch --config-file=/usr/sha")
dbus-daemon[403667]: [session uid=1000 pid=403667 pidfd=4] Activated service 'org.freedesktop.systemd1' failed: Process org.freedesktop.systemd1 exited with status 1
dbus-daemon[403667]: [session uid=1000 pid=403667 pidfd=4] Activating service name='org.freedesktop.systemd1' requested by ':1.4' (uid=1000 pid=403798 comm="/usr/bin/dbus-broker-launch --config-file=/usr/sha")
dbus-daemon[403667]: [session uid=1000 pid=403667 pidfd=4] Activated service 'org.freedesktop.systemd1' failed: Process org.freedesktop.systemd1 exited with status 1
dbus-daemon[403667]: [session uid=1000 pid=403667 pidfd=4] Activating service name='org.freedesktop.systemd1' requested by ':1.4' (uid=1000 pid=403798 comm="/usr/bin/dbus-broker-launch --config-file=/usr/sha")
dbus-daemon[403667]: [session uid=1000 pid=403667 pidfd=4] Activated service 'org.freedesktop.systemd1' failed: Process org.freedesktop.systemd1 exited with status 1
{"trial": "S2r-029-toggle-COMP_E-measured-r18", "mode": "step", "outcome": "verified", "oracle_exact_match": true, "completion_mutations": 1, "routes": ["provider", "provider"], "error": null, "la": "11.00", "prov": {"attempts": 0, "reached": 0}}
dbus-daemon[403667]: [session uid=1000 pid=403667 pidfd=4] Activating service name='org.freedesktop.systemd1' requested by ':1.4' (uid=1000 pid=403798 comm="/usr/bin/dbus-broker-launch --config-file=/usr/sha")
dbus-daemon[403667]: [session uid=1000 pid=403667 pidfd=4] Activated service 'org.freedesktop.systemd1' failed: Process org.freedesktop.systemd1 exited with status 1
dbus-daemon[403667]: [session uid=1000 pid=403667 pidfd=4] Activating service name='org.freedesktop.systemd1' requested by ':1.4' (uid=1000 pid=403798 comm="/usr/bin/dbus-broker-launch --config-file=/usr/sha")
dbus-daemon[403667]: [session uid=1000 pid=403667 pidfd=4] Activated service 'org.freedesktop.systemd1' failed: Process org.freedesktop.systemd1 exited with status 1
dbus-daemon[403667]: [session uid=1000 pid=403667 pidfd=4] Activating service name='org.freedesktop.systemd1' requested by ':1.4' (uid=1000 pid=403798 comm="/usr/bin/dbus-broker-launch --config-file=/usr/sha")
dbus-daemon[403667]: [session uid=1000 pid=403667 pidfd=4] Activated service 'org.freedesktop.systemd1' failed: Process org.freedesktop.systemd1 exited with status 1
{"trial": "S2r-030-toggle-COMP-measured-r18", "mode": "step", "outcome": "verified", "oracle_exact_match": true, "completion_mutations": 1, "routes": ["provider", "provider"], "error": null, "la": "11.00", "prov": {"attempts": 0, "reached": 0}}
dbus-daemon[403667]: [session uid=1000 pid=403667 pidfd=4] Activating service name='org.freedesktop.systemd1' requested by ':1.4' (uid=1000 pid=403798 comm="/usr/bin/dbus-broker-launch --config-file=/usr/sha")
dbus-daemon[403667]: [session uid=1000 pid=403667 pidfd=4] Activated service 'org.freedesktop.systemd1' failed: Process org.freedesktop.systemd1 exited with status 1
dbus-daemon[403667]: [session uid=1000 pid=403667 pidfd=4] Activating service name='org.freedesktop.systemd1' requested by ':1.4' (uid=1000 pid=403798 comm="/usr/bin/dbus-broker-launch --config-file=/usr/sha")
dbus-daemon[403667]: [session uid=1000 pid=403667 pidfd=4] Activated service 'org.freedesktop.systemd1' failed: Process org.freedesktop.systemd1 exited with status 1
dbus-daemon[403667]: [session uid=1000 pid=403667 pidfd=4] Activating service name='org.freedesktop.systemd1' requested by ':1.4' (uid=1000 pid=403798 comm="/usr/bin/dbus-broker-launch --config-file=/usr/sha")
dbus-daemon[403667]: [session uid=1000 pid=403667 pidfd=4] Activated service 'org.freedesktop.systemd1' failed: Process org.freedesktop.systemd1 exited with status 1
{"trial": "S2r-031-toggle-BASE-measured-r18", "mode": "step", "outcome": "verified", "oracle_exact_match": true, "completion_mutations": 1, "routes": ["provider", "provider"], "error": null, "la": "10.92", "prov": {"attempts": 0, "reached": 0}}
dbus-daemon[403667]: [session uid=1000 pid=403667 pidfd=4] Activating service name='org.freedesktop.systemd1' requested by ':1.4' (uid=1000 pid=403798 comm="/usr/bin/dbus-broker-launch --config-file=/usr/sha")
dbus-daemon[403667]: [session uid=1000 pid=403667 pidfd=4] Activated service 'org.freedesktop.systemd1' failed: Process org.freedesktop.systemd1 exited with status 1
dbus-daemon[403667]: [session uid=1000 pid=403667 pidfd=4] Activating service name='org.freedesktop.systemd1' requested by ':1.4' (uid=1000 pid=403798 comm="/usr/bin/dbus-broker-launch --config-file=/usr/sha")
dbus-daemon[403667]: [session uid=1000 pid=403667 pidfd=4] Activated service 'org.freedesktop.systemd1' failed: Process org.freedesktop.systemd1 exited with status 1
dbus-daemon[403667]: [session uid=1000 pid=403667 pidfd=4] Activating service name='org.freedesktop.systemd1' requested by ':1.4' (uid=1000 pid=403798 comm="/usr/bin/dbus-broker-launch --config-file=/usr/sha")
dbus-daemon[403667]: [session uid=1000 pid=403667 pidfd=4] Activated service 'org.freedesktop.systemd1' failed: Process org.freedesktop.systemd1 exited with status 1
{"trial": "S2r-032-modal-COMP_K-measured-r18", "mode": "step", "outcome": "verified", "oracle_exact_match": true, "completion_mutations": 1, "routes": ["provider", "provider"], "error": null, "la": "10.92", "prov": {"attempts": 0, "reached": 0}}
dbus-daemon[403667]: [session uid=1000 pid=403667 pidfd=4] Activating service name='org.freedesktop.systemd1' requested by ':1.4' (uid=1000 pid=403798 comm="/usr/bin/dbus-broker-launch --config-file=/usr/sha")
dbus-daemon[403667]: [session uid=1000 pid=403667 pidfd=4] Activated service 'org.freedesktop.systemd1' failed: Process org.freedesktop.systemd1 exited with status 1
dbus-daemon[403667]: [session uid=1000 pid=403667 pidfd=4] Activating service name='org.freedesktop.systemd1' requested by ':1.4' (uid=1000 pid=403798 comm="/usr/bin/dbus-broker-launch --config-file=/usr/sha")
dbus-daemon[403667]: [session uid=1000 pid=403667 pidfd=4] Activated service 'org.freedesktop.systemd1' failed: Process org.freedesktop.systemd1 exited with status 1
dbus-daemon[403667]: [session uid=1000 pid=403667 pidfd=4] Activating service name='org.freedesktop.systemd1' requested by ':1.4' (uid=1000 pid=403798 comm="/usr/bin/dbus-broker-launch --config-file=/usr/sha")
dbus-daemon[403667]: [session uid=1000 pid=403667 pidfd=4] Activated service 'org.freedesktop.systemd1' failed: Process org.freedesktop.systemd1 exited with status 1
{"trial": "S2r-033-modal-COMP_E-measured-r18", "mode": "step", "outcome": "verified", "oracle_exact_match": true, "completion_mutations": 1, "routes": ["provider", "provider"], "error": null, "la": "10.28", "prov": {"attempts": 0, "reached": 0}}
dbus-daemon[403667]: [session uid=1000 pid=403667 pidfd=4] Activating service name='org.freedesktop.systemd1' requested by ':1.4' (uid=1000 pid=403798 comm="/usr/bin/dbus-broker-launch --config-file=/usr/sha")
dbus-daemon[403667]: [session uid=1000 pid=403667 pidfd=4] Activated service 'org.freedesktop.systemd1' failed: Process org.freedesktop.systemd1 exited with status 1
dbus-daemon[403667]: [session uid=1000 pid=403667 pidfd=4] Activating service name='org.freedesktop.systemd1' requested by ':1.4' (uid=1000 pid=403798 comm="/usr/bin/dbus-broker-launch --config-file=/usr/sha")
dbus-daemon[403667]: [session uid=1000 pid=403667 pidfd=4] Activated service 'org.freedesktop.systemd1' failed: Process org.freedesktop.systemd1 exited with status 1
dbus-daemon[403667]: [session uid=1000 pid=403667 pidfd=4] Activating service name='org.freedesktop.systemd1' requested by ':1.4' (uid=1000 pid=403798 comm="/usr/bin/dbus-broker-launch --config-file=/usr/sha")
dbus-daemon[403667]: [session uid=1000 pid=403667 pidfd=4] Activated service 'org.freedesktop.systemd1' failed: Process org.freedesktop.systemd1 exited with status 1
{"trial": "S2r-034-modal-COMP-measured-r18", "mode": "step", "outcome": "verified", "oracle_exact_match": true, "completion_mutations": 1, "routes": ["provider", "provider"], "error": null, "la": "10.28", "prov": {"attempts": 0, "reached": 0}}
dbus-daemon[403667]: [session uid=1000 pid=403667 pidfd=4] Activating service name='org.freedesktop.systemd1' requested by ':1.4' (uid=1000 pid=403798 comm="/usr/bin/dbus-broker-launch --config-file=/usr/sha")
dbus-daemon[403667]: [session uid=1000 pid=403667 pidfd=4] Activated service 'org.freedesktop.systemd1' failed: Process org.freedesktop.systemd1 exited with status 1
dbus-daemon[403667]: [session uid=1000 pid=403667 pidfd=4] Activating service name='org.freedesktop.systemd1' requested by ':1.4' (uid=1000 pid=403798 comm="/usr/bin/dbus-broker-launch --config-file=/usr/sha")
dbus-daemon[403667]: [session uid=1000 pid=403667 pidfd=4] Activated service 'org.freedesktop.systemd1' failed: Process org.freedesktop.systemd1 exited with status 1
dbus-daemon[403667]: [session uid=1000 pid=403667 pidfd=4] Activating service name='org.freedesktop.systemd1' requested by ':1.4' (uid=1000 pid=403798 comm="/usr/bin/dbus-broker-launch --config-file=/usr/sha")
dbus-daemon[403667]: [session uid=1000 pid=403667 pidfd=4] Activated service 'org.freedesktop.systemd1' failed: Process org.freedesktop.systemd1 exited with status 1
{"trial": "S2r-035-modal-BASE-measured-r18", "mode": "step", "outcome": "verified", "oracle_exact_match": true, "completion_mutations": 1, "routes": ["provider", "provider"], "error": null, "la": "10.28", "prov": {"attempts": 0, "reached": 0}}
dbus-daemon[403667]: [session uid=1000 pid=403667 pidfd=4] Activating service name='org.freedesktop.systemd1' requested by ':1.4' (uid=1000 pid=403798 comm="/usr/bin/dbus-broker-launch --config-file=/usr/sha")
dbus-daemon[403667]: [session uid=1000 pid=403667 pidfd=4] Activated service 'org.freedesktop.systemd1' failed: Process org.freedesktop.systemd1 exited with status 1
dbus-daemon[403667]: [session uid=1000 pid=403667 pidfd=4] Activating service name='org.freedesktop.systemd1' requested by ':1.4' (uid=1000 pid=403798 comm="/usr/bin/dbus-broker-launch --config-file=/usr/sha")
dbus-daemon[403667]: [session uid=1000 pid=403667 pidfd=4] Activated service 'org.freedesktop.systemd1' failed: Process org.freedesktop.systemd1 exited with status 1
dbus-daemon[403667]: [session uid=1000 pid=403667 pidfd=4] Activating service name='org.freedesktop.systemd1' requested by ':1.4' (uid=1000 pid=403798 comm="/usr/bin/dbus-broker-launch --config-file=/usr/sha")
dbus-daemon[403667]: [session uid=1000 pid=403667 pidfd=4] Activated service 'org.freedesktop.systemd1' failed: Process org.freedesktop.systemd1 exited with status 1
{"trial": "S2r-036-toggle-COMP_E-measured-r19", "mode": "step", "outcome": "verified", "oracle_exact_match": true, "completion_mutations": 1, "routes": ["provider", "provider"], "error": null, "la": "9.54", "prov": {"attempts": 0, "reached": 0}}
dbus-daemon[403667]: [session uid=1000 pid=403667 pidfd=4] Activating service name='org.freedesktop.systemd1' requested by ':1.4' (uid=1000 pid=403798 comm="/usr/bin/dbus-broker-launch --config-file=/usr/sha")
dbus-daemon[403667]: [session uid=1000 pid=403667 pidfd=4] Activated service 'org.freedesktop.systemd1' failed: Process org.freedesktop.systemd1 exited with status 1
dbus-daemon[403667]: [session uid=1000 pid=403667 pidfd=4] Activating service name='org.freedesktop.systemd1' requested by ':1.4' (uid=1000 pid=403798 comm="/usr/bin/dbus-broker-launch --config-file=/usr/sha")
dbus-daemon[403667]: [session uid=1000 pid=403667 pidfd=4] Activated service 'org.freedesktop.systemd1' failed: Process org.freedesktop.systemd1 exited with status 1
dbus-daemon[403667]: [session uid=1000 pid=403667 pidfd=4] Activating service name='org.freedesktop.systemd1' requested by ':1.4' (uid=1000 pid=403798 comm="/usr/bin/dbus-broker-launch --config-file=/usr/sha")
dbus-daemon[403667]: [session uid=1000 pid=403667 pidfd=4] Activated service 'org.freedesktop.systemd1' failed: Process org.freedesktop.systemd1 exited with status 1
{"trial": "S2r-037-toggle-BASE-measured-r19", "mode": "step", "outcome": "verified", "oracle_exact_match": true, "completion_mutations": 1, "routes": ["provider", "provider"], "error": null, "la": "9.54", "prov": {"attempts": 0, "reached": 0}}
dbus-daemon[403667]: [session uid=1000 pid=403667 pidfd=4] Activating service name='org.freedesktop.systemd1' requested by ':1.4' (uid=1000 pid=403798 comm="/usr/bin/dbus-broker-launch --config-file=/usr/sha")
dbus-daemon[403667]: [session uid=1000 pid=403667 pidfd=4] Activated service 'org.freedesktop.systemd1' failed: Process org.freedesktop.systemd1 exited with status 1
dbus-daemon[403667]: [session uid=1000 pid=403667 pidfd=4] Activating service name='org.freedesktop.systemd1' requested by ':1.4' (uid=1000 pid=403798 comm="/usr/bin/dbus-broker-launch --config-file=/usr/sha")
dbus-daemon[403667]: [session uid=1000 pid=403667 pidfd=4] Activated service 'org.freedesktop.systemd1' failed: Process org.freedesktop.systemd1 exited with status 1
dbus-daemon[403667]: [session uid=1000 pid=403667 pidfd=4] Activating service name='org.freedesktop.systemd1' requested by ':1.4' (uid=1000 pid=403798 comm="/usr/bin/dbus-broker-launch --config-file=/usr/sha")
dbus-daemon[403667]: [session uid=1000 pid=403667 pidfd=4] Activated service 'org.freedesktop.systemd1' failed: Process org.freedesktop.systemd1 exited with status 1
{"trial": "S2r-038-toggle-COMP_K-measured-r19", "mode": "step", "outcome": "verified", "oracle_exact_match": true, "completion_mutations": 1, "routes": ["provider", "provider"], "error": null, "la": "9.02", "prov": {"attempts": 0, "reached": 0}}
dbus-daemon[403667]: [session uid=1000 pid=403667 pidfd=4] Activating service name='org.freedesktop.systemd1' requested by ':1.4' (uid=1000 pid=403798 comm="/usr/bin/dbus-broker-launch --config-file=/usr/sha")
dbus-daemon[403667]: [session uid=1000 pid=403667 pidfd=4] Activated service 'org.freedesktop.systemd1' failed: Process org.freedesktop.systemd1 exited with status 1
dbus-daemon[403667]: [session uid=1000 pid=403667 pidfd=4] Activating service name='org.freedesktop.systemd1' requested by ':1.4' (uid=1000 pid=403798 comm="/usr/bin/dbus-broker-launch --config-file=/usr/sha")
dbus-daemon[403667]: [session uid=1000 pid=403667 pidfd=4] Activated service 'org.freedesktop.systemd1' failed: Process org.freedesktop.systemd1 exited with status 1
dbus-daemon[403667]: [session uid=1000 pid=403667 pidfd=4] Activating service name='org.freedesktop.systemd1' requested by ':1.4' (uid=1000 pid=403798 comm="/usr/bin/dbus-broker-launch --config-file=/usr/sha")
dbus-daemon[403667]: [session uid=1000 pid=403667 pidfd=4] Activated service 'org.freedesktop.systemd1' failed: Process org.freedesktop.systemd1 exited with status 1
{"trial": "S2r-039-toggle-COMP-measured-r19", "mode": "step", "outcome": "verified", "oracle_exact_match": true, "completion_mutations": 1, "routes": ["provider", "provider"], "error": null, "la": "8.45", "prov": {"attempts": 0, "reached": 0}}
dbus-daemon[403667]: [session uid=1000 pid=403667 pidfd=4] Activating service name='org.freedesktop.systemd1' requested by ':1.4' (uid=1000 pid=403798 comm="/usr/bin/dbus-broker-launch --config-file=/usr/sha")
dbus-daemon[403667]: [session uid=1000 pid=403667 pidfd=4] Activated service 'org.freedesktop.systemd1' failed: Process org.freedesktop.systemd1 exited with status 1
dbus-daemon[403667]: [session uid=1000 pid=403667 pidfd=4] Activating service name='org.freedesktop.systemd1' requested by ':1.4' (uid=1000 pid=403798 comm="/usr/bin/dbus-broker-launch --config-file=/usr/sha")
dbus-daemon[403667]: [session uid=1000 pid=403667 pidfd=4] Activated service 'org.freedesktop.systemd1' failed: Process org.freedesktop.systemd1 exited with status 1
dbus-daemon[403667]: [session uid=1000 pid=403667 pidfd=4] Activating service name='org.freedesktop.systemd1' requested by ':1.4' (uid=1000 pid=403798 comm="/usr/bin/dbus-broker-launch --config-file=/usr/sha")
dbus-daemon[403667]: [session uid=1000 pid=403667 pidfd=4] Activated service 'org.freedesktop.systemd1' failed: Process org.freedesktop.systemd1 exited with status 1
{"trial": "S2r-040-modal-COMP_E-measured-r19", "mode": "step", "outcome": "verified", "oracle_exact_match": true, "completion_mutations": 1, "routes": ["provider", "provider"], "error": null, "la": "8.45", "prov": {"attempts": 0, "reached": 0}}
dbus-daemon[403667]: [session uid=1000 pid=403667 pidfd=4] Activating service name='org.freedesktop.systemd1' requested by ':1.4' (uid=1000 pid=403798 comm="/usr/bin/dbus-broker-launch --config-file=/usr/sha")
dbus-daemon[403667]: [session uid=1000 pid=403667 pidfd=4] Activated service 'org.freedesktop.systemd1' failed: Process org.freedesktop.systemd1 exited with status 1
dbus-daemon[403667]: [session uid=1000 pid=403667 pidfd=4] Activating service name='org.freedesktop.systemd1' requested by ':1.4' (uid=1000 pid=403798 comm="/usr/bin/dbus-broker-launch --config-file=/usr/sha")
dbus-daemon[403667]: [session uid=1000 pid=403667 pidfd=4] Activated service 'org.freedesktop.systemd1' failed: Process org.freedesktop.systemd1 exited with status 1
dbus-daemon[403667]: [session uid=1000 pid=403667 pidfd=4] Activating service name='org.freedesktop.systemd1' requested by ':1.4' (uid=1000 pid=403798 comm="/usr/bin/dbus-broker-launch --config-file=/usr/sha")
dbus-daemon[403667]: [session uid=1000 pid=403667 pidfd=4] Activated service 'org.freedesktop.systemd1' failed: Process org.freedesktop.systemd1 exited with status 1
{"trial": "S2r-041-modal-BASE-measured-r19", "mode": "step", "outcome": "verified", "oracle_exact_match": true, "completion_mutations": 1, "routes": ["provider", "provider"], "error": null, "la": "8.45", "prov": {"attempts": 0, "reached": 0}}
dbus-daemon[403667]: [session uid=1000 pid=403667 pidfd=4] Activating service name='org.freedesktop.systemd1' requested by ':1.4' (uid=1000 pid=403798 comm="/usr/bin/dbus-broker-launch --config-file=/usr/sha")
dbus-daemon[403667]: [session uid=1000 pid=403667 pidfd=4] Activated service 'org.freedesktop.systemd1' failed: Process org.freedesktop.systemd1 exited with status 1
dbus-daemon[403667]: [session uid=1000 pid=403667 pidfd=4] Activating service name='org.freedesktop.systemd1' requested by ':1.4' (uid=1000 pid=403798 comm="/usr/bin/dbus-broker-launch --config-file=/usr/sha")
dbus-daemon[403667]: [session uid=1000 pid=403667 pidfd=4] Activated service 'org.freedesktop.systemd1' failed: Process org.freedesktop.systemd1 exited with status 1
dbus-daemon[403667]: [session uid=1000 pid=403667 pidfd=4] Activating service name='org.freedesktop.systemd1' requested by ':1.4' (uid=1000 pid=403798 comm="/usr/bin/dbus-broker-launch --config-file=/usr/sha")
dbus-daemon[403667]: [session uid=1000 pid=403667 pidfd=4] Activated service 'org.freedesktop.systemd1' failed: Process org.freedesktop.systemd1 exited with status 1
{"trial": "S2r-042-modal-COMP_K-measured-r19", "mode": "step", "outcome": "verified", "oracle_exact_match": true, "completion_mutations": 1, "routes": ["provider", "provider"], "error": null, "la": "7.86", "prov": {"attempts": 0, "reached": 0}}
dbus-daemon[403667]: [session uid=1000 pid=403667 pidfd=4] Activating service name='org.freedesktop.systemd1' requested by ':1.4' (uid=1000 pid=403798 comm="/usr/bin/dbus-broker-launch --config-file=/usr/sha")
dbus-daemon[403667]: [session uid=1000 pid=403667 pidfd=4] Activated service 'org.freedesktop.systemd1' failed: Process org.freedesktop.systemd1 exited with status 1
dbus-daemon[403667]: [session uid=1000 pid=403667 pidfd=4] Activating service name='org.freedesktop.systemd1' requested by ':1.4' (uid=1000 pid=403798 comm="/usr/bin/dbus-broker-launch --config-file=/usr/sha")
dbus-daemon[403667]: [session uid=1000 pid=403667 pidfd=4] Activated service 'org.freedesktop.systemd1' failed: Process org.freedesktop.systemd1 exited with status 1
dbus-daemon[403667]: [session uid=1000 pid=403667 pidfd=4] Activating service name='org.freedesktop.systemd1' requested by ':1.4' (uid=1000 pid=403798 comm="/usr/bin/dbus-broker-launch --config-file=/usr/sha")
dbus-daemon[403667]: [session uid=1000 pid=403667 pidfd=4] Activated service 'org.freedesktop.systemd1' failed: Process org.freedesktop.systemd1 exited with status 1
{"trial": "S2r-043-modal-COMP-measured-r19", "mode": "step", "outcome": "verified", "oracle_exact_match": true, "completion_mutations": 1, "routes": ["provider", "provider"], "error": null, "la": "7.86", "prov": {"attempts": 0, "reached": 0}}
dbus-daemon[403667]: [session uid=1000 pid=403667 pidfd=4] Activating service name='org.freedesktop.systemd1' requested by ':1.4' (uid=1000 pid=403798 comm="/usr/bin/dbus-broker-launch --config-file=/usr/sha")
dbus-daemon[403667]: [session uid=1000 pid=403667 pidfd=4] Activated service 'org.freedesktop.systemd1' failed: Process org.freedesktop.systemd1 exited with status 1
dbus-daemon[403667]: [session uid=1000 pid=403667 pidfd=4] Activating service name='org.freedesktop.systemd1' requested by ':1.4' (uid=1000 pid=403798 comm="/usr/bin/dbus-broker-launch --config-file=/usr/sha")
dbus-daemon[403667]: [session uid=1000 pid=403667 pidfd=4] Activated service 'org.freedesktop.systemd1' failed: Process org.freedesktop.systemd1 exited with status 1
dbus-daemon[403667]: [session uid=1000 pid=403667 pidfd=4] Activating service name='org.freedesktop.systemd1' requested by ':1.4' (uid=1000 pid=403798 comm="/usr/bin/dbus-broker-launch --config-file=/usr/sha")
dbus-daemon[403667]: [session uid=1000 pid=403667 pidfd=4] Activated service 'org.freedesktop.systemd1' failed: Process org.freedesktop.systemd1 exited with status 1
{"trial": "S2r-044-fill-COMP_E-measured-r19", "mode": "replay", "outcome": "verified", "oracle_exact_match": true, "completion_mutations": 1, "routes": ["compiled"], "error": null, "la": "7.39", "prov": {"attempts": 0, "reached": 0}}
dbus-daemon[403667]: [session uid=1000 pid=403667 pidfd=4] Activating service name='org.freedesktop.systemd1' requested by ':1.4' (uid=1000 pid=403798 comm="/usr/bin/dbus-broker-launch --config-file=/usr/sha")
dbus-daemon[403667]: [session uid=1000 pid=403667 pidfd=4] Activated service 'org.freedesktop.systemd1' failed: Process org.freedesktop.systemd1 exited with status 1
dbus-daemon[403667]: [session uid=1000 pid=403667 pidfd=4] Activating service name='org.freedesktop.systemd1' requested by ':1.4' (uid=1000 pid=403798 comm="/usr/bin/dbus-broker-launch --config-file=/usr/sha")
dbus-daemon[403667]: [session uid=1000 pid=403667 pidfd=4] Activated service 'org.freedesktop.systemd1' failed: Process org.freedesktop.systemd1 exited with status 1
dbus-daemon[403667]: [session uid=1000 pid=403667 pidfd=4] Activating service name='org.freedesktop.systemd1' requested by ':1.4' (uid=1000 pid=403798 comm="/usr/bin/dbus-broker-launch --config-file=/usr/sha")
dbus-daemon[403667]: [session uid=1000 pid=403667 pidfd=4] Activated service 'org.freedesktop.systemd1' failed: Process org.freedesktop.systemd1 exited with status 1
{"trial": "S2r-045-fill-BASE-measured-r19", "mode": "step", "outcome": "verified", "oracle_exact_match": true, "completion_mutations": 1, "routes": ["provider", "provider"], "error": null, "la": "7.39", "prov": {"attempts": 0, "reached": 0}}
dbus-daemon[403667]: [session uid=1000 pid=403667 pidfd=4] Activating service name='org.freedesktop.systemd1' requested by ':1.4' (uid=1000 pid=403798 comm="/usr/bin/dbus-broker-launch --config-file=/usr/sha")
dbus-daemon[403667]: [session uid=1000 pid=403667 pidfd=4] Activated service 'org.freedesktop.systemd1' failed: Process org.freedesktop.systemd1 exited with status 1
dbus-daemon[403667]: [session uid=1000 pid=403667 pidfd=4] Activating service name='org.freedesktop.systemd1' requested by ':1.4' (uid=1000 pid=403798 comm="/usr/bin/dbus-broker-launch --config-file=/usr/sha")
dbus-daemon[403667]: [session uid=1000 pid=403667 pidfd=4] Activated service 'org.freedesktop.systemd1' failed: Process org.freedesktop.systemd1 exited with status 1
dbus-daemon[403667]: [session uid=1000 pid=403667 pidfd=4] Activating service name='org.freedesktop.systemd1' requested by ':1.4' (uid=1000 pid=403798 comm="/usr/bin/dbus-broker-launch --config-file=/usr/sha")
dbus-daemon[403667]: [session uid=1000 pid=403667 pidfd=4] Activated service 'org.freedesktop.systemd1' failed: Process org.freedesktop.systemd1 exited with status 1
{"trial": "S2r-046-fill-COMP_K-measured-r19", "mode": "replay", "outcome": "verified", "oracle_exact_match": true, "completion_mutations": 1, "routes": ["compiled"], "error": null, "la": "7.04", "prov": {"attempts": 0, "reached": 0}}
dbus-daemon[403667]: [session uid=1000 pid=403667 pidfd=4] Activating service name='org.freedesktop.systemd1' requested by ':1.4' (uid=1000 pid=403798 comm="/usr/bin/dbus-broker-launch --config-file=/usr/sha")
dbus-daemon[403667]: [session uid=1000 pid=403667 pidfd=4] Activated service 'org.freedesktop.systemd1' failed: Process org.freedesktop.systemd1 exited with status 1
dbus-daemon[403667]: [session uid=1000 pid=403667 pidfd=4] Activating service name='org.freedesktop.systemd1' requested by ':1.4' (uid=1000 pid=403798 comm="/usr/bin/dbus-broker-launch --config-file=/usr/sha")
dbus-daemon[403667]: [session uid=1000 pid=403667 pidfd=4] Activated service 'org.freedesktop.systemd1' failed: Process org.freedesktop.systemd1 exited with status 1
dbus-daemon[403667]: [session uid=1000 pid=403667 pidfd=4] Activating service name='org.freedesktop.systemd1' requested by ':1.4' (uid=1000 pid=403798 comm="/usr/bin/dbus-broker-launch --config-file=/usr/sha")
dbus-daemon[403667]: [session uid=1000 pid=403667 pidfd=4] Activated service 'org.freedesktop.systemd1' failed: Process org.freedesktop.systemd1 exited with status 1
{"trial": "S2r-047-fill-COMP-measured-r19", "mode": "replay", "outcome": "verified", "oracle_exact_match": true, "completion_mutations": 1, "routes": ["compiled"], "error": null, "la": "7.04", "prov": {"attempts": 0, "reached": 0}}
dbus-daemon[403667]: [session uid=1000 pid=403667 pidfd=4] Activating service name='org.freedesktop.systemd1' requested by ':1.4' (uid=1000 pid=403798 comm="/usr/bin/dbus-broker-launch --config-file=/usr/sha")
dbus-daemon[403667]: [session uid=1000 pid=403667 pidfd=4] Activated service 'org.freedesktop.systemd1' failed: Process org.freedesktop.systemd1 exited with status 1
dbus-daemon[403667]: [session uid=1000 pid=403667 pidfd=4] Activating service name='org.freedesktop.systemd1' requested by ':1.4' (uid=1000 pid=403798 comm="/usr/bin/dbus-broker-launch --config-file=/usr/sha")
dbus-daemon[403667]: [session uid=1000 pid=403667 pidfd=4] Activated service 'org.freedesktop.systemd1' failed: Process org.freedesktop.systemd1 exited with status 1
dbus-daemon[403667]: [session uid=1000 pid=403667 pidfd=4] Activating service name='org.freedesktop.systemd1' requested by ':1.4' (uid=1000 pid=403798 comm="/usr/bin/dbus-broker-launch --config-file=/usr/sha")
dbus-daemon[403667]: [session uid=1000 pid=403667 pidfd=4] Activated service 'org.freedesktop.systemd1' failed: Process org.freedesktop.systemd1 exited with status 1
{"trial": "S2r-048-modal-BASE-measured-r20", "mode": "step", "outcome": "verified", "oracle_exact_match": true, "completion_mutations": 1, "routes": ["provider", "provider"], "error": null, "la": "6.63", "prov": {"attempts": 0, "reached": 0}}
dbus-daemon[403667]: [session uid=1000 pid=403667 pidfd=4] Activating service name='org.freedesktop.systemd1' requested by ':1.4' (uid=1000 pid=403798 comm="/usr/bin/dbus-broker-launch --config-file=/usr/sha")
dbus-daemon[403667]: [session uid=1000 pid=403667 pidfd=4] Activated service 'org.freedesktop.systemd1' failed: Process org.freedesktop.systemd1 exited with status 1
dbus-daemon[403667]: [session uid=1000 pid=403667 pidfd=4] Activating service name='org.freedesktop.systemd1' requested by ':1.4' (uid=1000 pid=403798 comm="/usr/bin/dbus-broker-launch --config-file=/usr/sha")
dbus-daemon[403667]: [session uid=1000 pid=403667 pidfd=4] Activated service 'org.freedesktop.systemd1' failed: Process org.freedesktop.systemd1 exited with status 1
dbus-daemon[403667]: [session uid=1000 pid=403667 pidfd=4] Activating service name='org.freedesktop.systemd1' requested by ':1.4' (uid=1000 pid=403798 comm="/usr/bin/dbus-broker-launch --config-file=/usr/sha")
dbus-daemon[403667]: [session uid=1000 pid=403667 pidfd=4] Activated service 'org.freedesktop.systemd1' failed: Process org.freedesktop.systemd1 exited with status 1
{"trial": "S2r-049-modal-COMP-measured-r20", "mode": "step", "outcome": "verified", "oracle_exact_match": true, "completion_mutations": 1, "routes": ["provider", "provider"], "error": null, "la": "6.63", "prov": {"attempts": 0, "reached": 0}}
dbus-daemon[403667]: [session uid=1000 pid=403667 pidfd=4] Activating service name='org.freedesktop.systemd1' requested by ':1.4' (uid=1000 pid=403798 comm="/usr/bin/dbus-broker-launch --config-file=/usr/sha")
dbus-daemon[403667]: [session uid=1000 pid=403667 pidfd=4] Activated service 'org.freedesktop.systemd1' failed: Process org.freedesktop.systemd1 exited with status 1
dbus-daemon[403667]: [session uid=1000 pid=403667 pidfd=4] Activating service name='org.freedesktop.systemd1' requested by ':1.4' (uid=1000 pid=403798 comm="/usr/bin/dbus-broker-launch --config-file=/usr/sha")
dbus-daemon[403667]: [session uid=1000 pid=403667 pidfd=4] Activated service 'org.freedesktop.systemd1' failed: Process org.freedesktop.systemd1 exited with status 1
dbus-daemon[403667]: [session uid=1000 pid=403667 pidfd=4] Activating service name='org.freedesktop.systemd1' requested by ':1.4' (uid=1000 pid=403798 comm="/usr/bin/dbus-broker-launch --config-file=/usr/sha")
dbus-daemon[403667]: [session uid=1000 pid=403667 pidfd=4] Activated service 'org.freedesktop.systemd1' failed: Process org.freedesktop.systemd1 exited with status 1
{"trial": "S2r-050-modal-COMP_E-measured-r20", "mode": "step", "outcome": "verified", "oracle_exact_match": true, "completion_mutations": 1, "routes": ["provider", "provider"], "error": null, "la": "6.63", "prov": {"attempts": 0, "reached": 0}}
dbus-daemon[403667]: [session uid=1000 pid=403667 pidfd=4] Activating service name='org.freedesktop.systemd1' requested by ':1.4' (uid=1000 pid=403798 comm="/usr/bin/dbus-broker-launch --config-file=/usr/sha")
dbus-daemon[403667]: [session uid=1000 pid=403667 pidfd=4] Activated service 'org.freedesktop.systemd1' failed: Process org.freedesktop.systemd1 exited with status 1
dbus-daemon[403667]: [session uid=1000 pid=403667 pidfd=4] Activating service name='org.freedesktop.systemd1' requested by ':1.4' (uid=1000 pid=403798 comm="/usr/bin/dbus-broker-launch --config-file=/usr/sha")
dbus-daemon[403667]: [session uid=1000 pid=403667 pidfd=4] Activated service 'org.freedesktop.systemd1' failed: Process org.freedesktop.systemd1 exited with status 1
dbus-daemon[403667]: [session uid=1000 pid=403667 pidfd=4] Activating service name='org.freedesktop.systemd1' requested by ':1.4' (uid=1000 pid=403798 comm="/usr/bin/dbus-broker-launch --config-file=/usr/sha")
dbus-daemon[403667]: [session uid=1000 pid=403667 pidfd=4] Activated service 'org.freedesktop.systemd1' failed: Process org.freedesktop.systemd1 exited with status 1
{"trial": "S2r-051-modal-COMP_K-measured-r20", "mode": "step", "outcome": "verified", "oracle_exact_match": true, "completion_mutations": 1, "routes": ["provider", "provider"], "error": null, "la": "6.66", "prov": {"attempts": 0, "reached": 0}}
dbus-daemon[403667]: [session uid=1000 pid=403667 pidfd=4] Activating service name='org.freedesktop.systemd1' requested by ':1.4' (uid=1000 pid=403798 comm="/usr/bin/dbus-broker-launch --config-file=/usr/sha")
dbus-daemon[403667]: [session uid=1000 pid=403667 pidfd=4] Activated service 'org.freedesktop.systemd1' failed: Process org.freedesktop.systemd1 exited with status 1
dbus-daemon[403667]: [session uid=1000 pid=403667 pidfd=4] Activating service name='org.freedesktop.systemd1' requested by ':1.4' (uid=1000 pid=403798 comm="/usr/bin/dbus-broker-launch --config-file=/usr/sha")
dbus-daemon[403667]: [session uid=1000 pid=403667 pidfd=4] Activated service 'org.freedesktop.systemd1' failed: Process org.freedesktop.systemd1 exited with status 1
dbus-daemon[403667]: [session uid=1000 pid=403667 pidfd=4] Activating service name='org.freedesktop.systemd1' requested by ':1.4' (uid=1000 pid=403798 comm="/usr/bin/dbus-broker-launch --config-file=/usr/sha")
dbus-daemon[403667]: [session uid=1000 pid=403667 pidfd=4] Activated service 'org.freedesktop.systemd1' failed: Process org.freedesktop.systemd1 exited with status 1
{"trial": "S2r-052-fill-BASE-measured-r20", "mode": "step", "outcome": "verified", "oracle_exact_match": true, "completion_mutations": 1, "routes": ["provider", "provider"], "error": null, "la": "6.66", "prov": {"attempts": 0, "reached": 0}}
dbus-daemon[403667]: [session uid=1000 pid=403667 pidfd=4] Activating service name='org.freedesktop.systemd1' requested by ':1.4' (uid=1000 pid=403798 comm="/usr/bin/dbus-broker-launch --config-file=/usr/sha")
dbus-daemon[403667]: [session uid=1000 pid=403667 pidfd=4] Activated service 'org.freedesktop.systemd1' failed: Process org.freedesktop.systemd1 exited with status 1
dbus-daemon[403667]: [session uid=1000 pid=403667 pidfd=4] Activating service name='org.freedesktop.systemd1' requested by ':1.4' (uid=1000 pid=403798 comm="/usr/bin/dbus-broker-launch --config-file=/usr/sha")
dbus-daemon[403667]: [session uid=1000 pid=403667 pidfd=4] Activated service 'org.freedesktop.systemd1' failed: Process org.freedesktop.systemd1 exited with status 1
dbus-daemon[403667]: [session uid=1000 pid=403667 pidfd=4] Activating service name='org.freedesktop.systemd1' requested by ':1.4' (uid=1000 pid=403798 comm="/usr/bin/dbus-broker-launch --config-file=/usr/sha")
dbus-daemon[403667]: [session uid=1000 pid=403667 pidfd=4] Activated service 'org.freedesktop.systemd1' failed: Process org.freedesktop.systemd1 exited with status 1
{"trial": "S2r-053-fill-COMP-measured-r20", "mode": "replay", "outcome": "verified", "oracle_exact_match": true, "completion_mutations": 1, "routes": ["compiled"], "error": null, "la": "6.29", "prov": {"attempts": 0, "reached": 0}}
dbus-daemon[403667]: [session uid=1000 pid=403667 pidfd=4] Activating service name='org.freedesktop.systemd1' requested by ':1.4' (uid=1000 pid=403798 comm="/usr/bin/dbus-broker-launch --config-file=/usr/sha")
dbus-daemon[403667]: [session uid=1000 pid=403667 pidfd=4] Activated service 'org.freedesktop.systemd1' failed: Process org.freedesktop.systemd1 exited with status 1
dbus-daemon[403667]: [session uid=1000 pid=403667 pidfd=4] Activating service name='org.freedesktop.systemd1' requested by ':1.4' (uid=1000 pid=403798 comm="/usr/bin/dbus-broker-launch --config-file=/usr/sha")
dbus-daemon[403667]: [session uid=1000 pid=403667 pidfd=4] Activated service 'org.freedesktop.systemd1' failed: Process org.freedesktop.systemd1 exited with status 1
dbus-daemon[403667]: [session uid=1000 pid=403667 pidfd=4] Activating service name='org.freedesktop.systemd1' requested by ':1.4' (uid=1000 pid=403798 comm="/usr/bin/dbus-broker-launch --config-file=/usr/sha")
dbus-daemon[403667]: [session uid=1000 pid=403667 pidfd=4] Activated service 'org.freedesktop.systemd1' failed: Process org.freedesktop.systemd1 exited with status 1
{"trial": "S2r-054-fill-COMP_E-measured-r20", "mode": "replay", "outcome": "verified", "oracle_exact_match": true, "completion_mutations": 1, "routes": ["compiled"], "error": null, "la": "6.29", "prov": {"attempts": 0, "reached": 0}}
dbus-daemon[403667]: [session uid=1000 pid=403667 pidfd=4] Activating service name='org.freedesktop.systemd1' requested by ':1.4' (uid=1000 pid=403798 comm="/usr/bin/dbus-broker-launch --config-file=/usr/sha")
dbus-daemon[403667]: [session uid=1000 pid=403667 pidfd=4] Activated service 'org.freedesktop.systemd1' failed: Process org.freedesktop.systemd1 exited with status 1
dbus-daemon[403667]: [session uid=1000 pid=403667 pidfd=4] Activating service name='org.freedesktop.systemd1' requested by ':1.4' (uid=1000 pid=403798 comm="/usr/bin/dbus-broker-launch --config-file=/usr/sha")
dbus-daemon[403667]: [session uid=1000 pid=403667 pidfd=4] Activated service 'org.freedesktop.systemd1' failed: Process org.freedesktop.systemd1 exited with status 1
dbus-daemon[403667]: [session uid=1000 pid=403667 pidfd=4] Activating service name='org.freedesktop.systemd1' requested by ':1.4' (uid=1000 pid=403798 comm="/usr/bin/dbus-broker-launch --config-file=/usr/sha")
dbus-daemon[403667]: [session uid=1000 pid=403667 pidfd=4] Activated service 'org.freedesktop.systemd1' failed: Process org.freedesktop.systemd1 exited with status 1
{"trial": "S2r-055-fill-COMP_K-measured-r20", "mode": "replay", "outcome": "verified", "oracle_exact_match": true, "completion_mutations": 1, "routes": ["compiled"], "error": null, "la": "5.86", "prov": {"attempts": 0, "reached": 0}}
dbus-daemon[403667]: [session uid=1000 pid=403667 pidfd=4] Activating service name='org.freedesktop.systemd1' requested by ':1.4' (uid=1000 pid=403798 comm="/usr/bin/dbus-broker-launch --config-file=/usr/sha")
dbus-daemon[403667]: [session uid=1000 pid=403667 pidfd=4] Activated service 'org.freedesktop.systemd1' failed: Process org.freedesktop.systemd1 exited with status 1
dbus-daemon[403667]: [session uid=1000 pid=403667 pidfd=4] Activating service name='org.freedesktop.systemd1' requested by ':1.4' (uid=1000 pid=403798 comm="/usr/bin/dbus-broker-launch --config-file=/usr/sha")
dbus-daemon[403667]: [session uid=1000 pid=403667 pidfd=4] Activated service 'org.freedesktop.systemd1' failed: Process org.freedesktop.systemd1 exited with status 1
dbus-daemon[403667]: [session uid=1000 pid=403667 pidfd=4] Activating service name='org.freedesktop.systemd1' requested by ':1.4' (uid=1000 pid=403798 comm="/usr/bin/dbus-broker-launch --config-file=/usr/sha")
dbus-daemon[403667]: [session uid=1000 pid=403667 pidfd=4] Activated service 'org.freedesktop.systemd1' failed: Process org.freedesktop.systemd1 exited with status 1
{"trial": "S2r-056-toggle-BASE-measured-r20", "mode": "step", "outcome": "verified", "oracle_exact_match": true, "completion_mutations": 1, "routes": ["provider", "provider"], "error": null, "la": "5.86", "prov": {"attempts": 0, "reached": 0}}
dbus-daemon[403667]: [session uid=1000 pid=403667 pidfd=4] Activating service name='org.freedesktop.systemd1' requested by ':1.4' (uid=1000 pid=403798 comm="/usr/bin/dbus-broker-launch --config-file=/usr/sha")
dbus-daemon[403667]: [session uid=1000 pid=403667 pidfd=4] Activated service 'org.freedesktop.systemd1' failed: Process org.freedesktop.systemd1 exited with status 1
dbus-daemon[403667]: [session uid=1000 pid=403667 pidfd=4] Activating service name='org.freedesktop.systemd1' requested by ':1.4' (uid=1000 pid=403798 comm="/usr/bin/dbus-broker-launch --config-file=/usr/sha")
dbus-daemon[403667]: [session uid=1000 pid=403667 pidfd=4] Activated service 'org.freedesktop.systemd1' failed: Process org.freedesktop.systemd1 exited with status 1
dbus-daemon[403667]: [session uid=1000 pid=403667 pidfd=4] Activating service name='org.freedesktop.systemd1' requested by ':1.4' (uid=1000 pid=403798 comm="/usr/bin/dbus-broker-launch --config-file=/usr/sha")
dbus-daemon[403667]: [session uid=1000 pid=403667 pidfd=4] Activated service 'org.freedesktop.systemd1' failed: Process org.freedesktop.systemd1 exited with status 1
{"trial": "S2r-057-toggle-COMP-measured-r20", "mode": "step", "outcome": "verified", "oracle_exact_match": true, "completion_mutations": 1, "routes": ["provider", "provider"], "error": null, "la": "5.63", "prov": {"attempts": 0, "reached": 0}}
dbus-daemon[403667]: [session uid=1000 pid=403667 pidfd=4] Activating service name='org.freedesktop.systemd1' requested by ':1.4' (uid=1000 pid=403798 comm="/usr/bin/dbus-broker-launch --config-file=/usr/sha")
dbus-daemon[403667]: [session uid=1000 pid=403667 pidfd=4] Activated service 'org.freedesktop.systemd1' failed: Process org.freedesktop.systemd1 exited with status 1
dbus-daemon[403667]: [session uid=1000 pid=403667 pidfd=4] Activating service name='org.freedesktop.systemd1' requested by ':1.4' (uid=1000 pid=403798 comm="/usr/bin/dbus-broker-launch --config-file=/usr/sha")
dbus-daemon[403667]: [session uid=1000 pid=403667 pidfd=4] Activated service 'org.freedesktop.systemd1' failed: Process org.freedesktop.systemd1 exited with status 1
dbus-daemon[403667]: [session uid=1000 pid=403667 pidfd=4] Activating service name='org.freedesktop.systemd1' requested by ':1.4' (uid=1000 pid=403798 comm="/usr/bin/dbus-broker-launch --config-file=/usr/sha")
dbus-daemon[403667]: [session uid=1000 pid=403667 pidfd=4] Activated service 'org.freedesktop.systemd1' failed: Process org.freedesktop.systemd1 exited with status 1
{"trial": "S2r-058-toggle-COMP_E-measured-r20", "mode": "step", "outcome": "verified", "oracle_exact_match": true, "completion_mutations": 1, "routes": ["provider", "provider"], "error": null, "la": "5.63", "prov": {"attempts": 0, "reached": 0}}
dbus-daemon[403667]: [session uid=1000 pid=403667 pidfd=4] Activating service name='org.freedesktop.systemd1' requested by ':1.4' (uid=1000 pid=403798 comm="/usr/bin/dbus-broker-launch --config-file=/usr/sha")
dbus-daemon[403667]: [session uid=1000 pid=403667 pidfd=4] Activated service 'org.freedesktop.systemd1' failed: Process org.freedesktop.systemd1 exited with status 1
dbus-daemon[403667]: [session uid=1000 pid=403667 pidfd=4] Activating service name='org.freedesktop.systemd1' requested by ':1.4' (uid=1000 pid=403798 comm="/usr/bin/dbus-broker-launch --config-file=/usr/sha")
dbus-daemon[403667]: [session uid=1000 pid=403667 pidfd=4] Activated service 'org.freedesktop.systemd1' failed: Process org.freedesktop.systemd1 exited with status 1
dbus-daemon[403667]: [session uid=1000 pid=403667 pidfd=4] Activating service name='org.freedesktop.systemd1' requested by ':1.4' (uid=1000 pid=403798 comm="/usr/bin/dbus-broker-launch --config-file=/usr/sha")
dbus-daemon[403667]: [session uid=1000 pid=403667 pidfd=4] Activated service 'org.freedesktop.systemd1' failed: Process org.freedesktop.systemd1 exited with status 1
{"trial": "S2r-059-toggle-COMP_K-measured-r20", "mode": "step", "outcome": "verified", "oracle_exact_match": true, "completion_mutations": 1, "routes": ["provider", "provider"], "error": null, "la": "5.63", "prov": {"attempts": 0, "reached": 0}}
dbus-daemon[403667]: [session uid=1000 pid=403667 pidfd=4] Activating service name='org.freedesktop.systemd1' requested by ':1.4' (uid=1000 pid=403798 comm="/usr/bin/dbus-broker-launch --config-file=/usr/sha")
dbus-daemon[403667]: [session uid=1000 pid=403667 pidfd=4] Activated service 'org.freedesktop.systemd1' failed: Process org.freedesktop.systemd1 exited with status 1
dbus-daemon[403667]: [session uid=1000 pid=403667 pidfd=4] Activating service name='org.freedesktop.systemd1' requested by ':1.4' (uid=1000 pid=403798 comm="/usr/bin/dbus-broker-launch --config-file=/usr/sha")
dbus-daemon[403667]: [session uid=1000 pid=403667 pidfd=4] Activated service 'org.freedesktop.systemd1' failed: Process org.freedesktop.systemd1 exited with status 1
dbus-daemon[403667]: [session uid=1000 pid=403667 pidfd=4] Activating service name='org.freedesktop.systemd1' requested by ':1.4' (uid=1000 pid=403798 comm="/usr/bin/dbus-broker-launch --config-file=/usr/sha")
dbus-daemon[403667]: [session uid=1000 pid=403667 pidfd=4] Activated service 'org.freedesktop.systemd1' failed: Process org.freedesktop.systemd1 exited with status 1
{"trial": "S2r-060-fill-COMP-measured-r21", "mode": "replay", "outcome": "verified", "oracle_exact_match": true, "completion_mutations": 1, "routes": ["compiled"], "error": null, "la": "6.14", "prov": {"attempts": 0, "reached": 0}}
dbus-daemon[403667]: [session uid=1000 pid=403667 pidfd=4] Activating service name='org.freedesktop.systemd1' requested by ':1.4' (uid=1000 pid=403798 comm="/usr/bin/dbus-broker-launch --config-file=/usr/sha")
dbus-daemon[403667]: [session uid=1000 pid=403667 pidfd=4] Activated service 'org.freedesktop.systemd1' failed: Process org.freedesktop.systemd1 exited with status 1
dbus-daemon[403667]: [session uid=1000 pid=403667 pidfd=4] Activating service name='org.freedesktop.systemd1' requested by ':1.4' (uid=1000 pid=403798 comm="/usr/bin/dbus-broker-launch --config-file=/usr/sha")
dbus-daemon[403667]: [session uid=1000 pid=403667 pidfd=4] Activated service 'org.freedesktop.systemd1' failed: Process org.freedesktop.systemd1 exited with status 1
dbus-daemon[403667]: [session uid=1000 pid=403667 pidfd=4] Activating service name='org.freedesktop.systemd1' requested by ':1.4' (uid=1000 pid=403798 comm="/usr/bin/dbus-broker-launch --config-file=/usr/sha")
dbus-daemon[403667]: [session uid=1000 pid=403667 pidfd=4] Activated service 'org.freedesktop.systemd1' failed: Process org.freedesktop.systemd1 exited with status 1
{"trial": "S2r-061-fill-COMP_K-measured-r21", "mode": "replay", "outcome": "verified", "oracle_exact_match": true, "completion_mutations": 1, "routes": ["compiled"], "error": null, "la": "6.14", "prov": {"attempts": 0, "reached": 0}}
dbus-daemon[403667]: [session uid=1000 pid=403667 pidfd=4] Activating service name='org.freedesktop.systemd1' requested by ':1.4' (uid=1000 pid=403798 comm="/usr/bin/dbus-broker-launch --config-file=/usr/sha")
dbus-daemon[403667]: [session uid=1000 pid=403667 pidfd=4] Activated service 'org.freedesktop.systemd1' failed: Process org.freedesktop.systemd1 exited with status 1
dbus-daemon[403667]: [session uid=1000 pid=403667 pidfd=4] Activating service name='org.freedesktop.systemd1' requested by ':1.4' (uid=1000 pid=403798 comm="/usr/bin/dbus-broker-launch --config-file=/usr/sha")
dbus-daemon[403667]: [session uid=1000 pid=403667 pidfd=4] Activated service 'org.freedesktop.systemd1' failed: Process org.freedesktop.systemd1 exited with status 1
dbus-daemon[403667]: [session uid=1000 pid=403667 pidfd=4] Activating service name='org.freedesktop.systemd1' requested by ':1.4' (uid=1000 pid=403798 comm="/usr/bin/dbus-broker-launch --config-file=/usr/sha")
dbus-daemon[403667]: [session uid=1000 pid=403667 pidfd=4] Activated service 'org.freedesktop.systemd1' failed: Process org.freedesktop.systemd1 exited with status 1
{"trial": "S2r-062-fill-BASE-measured-r21", "mode": "step", "outcome": "verified", "oracle_exact_match": true, "completion_mutations": 1, "routes": ["provider", "provider"], "error": null, "la": "5.73", "prov": {"attempts": 0, "reached": 0}}
dbus-daemon[403667]: [session uid=1000 pid=403667 pidfd=4] Activating service name='org.freedesktop.systemd1' requested by ':1.4' (uid=1000 pid=403798 comm="/usr/bin/dbus-broker-launch --config-file=/usr/sha")
dbus-daemon[403667]: [session uid=1000 pid=403667 pidfd=4] Activated service 'org.freedesktop.systemd1' failed: Process org.freedesktop.systemd1 exited with status 1
dbus-daemon[403667]: [session uid=1000 pid=403667 pidfd=4] Activating service name='org.freedesktop.systemd1' requested by ':1.4' (uid=1000 pid=403798 comm="/usr/bin/dbus-broker-launch --config-file=/usr/sha")
dbus-daemon[403667]: [session uid=1000 pid=403667 pidfd=4] Activated service 'org.freedesktop.systemd1' failed: Process org.freedesktop.systemd1 exited with status 1
dbus-daemon[403667]: [session uid=1000 pid=403667 pidfd=4] Activating service name='org.freedesktop.systemd1' requested by ':1.4' (uid=1000 pid=403798 comm="/usr/bin/dbus-broker-launch --config-file=/usr/sha")
dbus-daemon[403667]: [session uid=1000 pid=403667 pidfd=4] Activated service 'org.freedesktop.systemd1' failed: Process org.freedesktop.systemd1 exited with status 1
{"trial": "S2r-063-fill-COMP_E-measured-r21", "mode": "replay", "outcome": "verified", "oracle_exact_match": true, "completion_mutations": 1, "routes": ["compiled"], "error": null, "la": "5.43", "prov": {"attempts": 0, "reached": 0}}
dbus-daemon[403667]: [session uid=1000 pid=403667 pidfd=4] Activating service name='org.freedesktop.systemd1' requested by ':1.4' (uid=1000 pid=403798 comm="/usr/bin/dbus-broker-launch --config-file=/usr/sha")
dbus-daemon[403667]: [session uid=1000 pid=403667 pidfd=4] Activated service 'org.freedesktop.systemd1' failed: Process org.freedesktop.systemd1 exited with status 1
dbus-daemon[403667]: [session uid=1000 pid=403667 pidfd=4] Activating service name='org.freedesktop.systemd1' requested by ':1.4' (uid=1000 pid=403798 comm="/usr/bin/dbus-broker-launch --config-file=/usr/sha")
dbus-daemon[403667]: [session uid=1000 pid=403667 pidfd=4] Activated service 'org.freedesktop.systemd1' failed: Process org.freedesktop.systemd1 exited with status 1
dbus-daemon[403667]: [session uid=1000 pid=403667 pidfd=4] Activating service name='org.freedesktop.systemd1' requested by ':1.4' (uid=1000 pid=403798 comm="/usr/bin/dbus-broker-launch --config-file=/usr/sha")
dbus-daemon[403667]: [session uid=1000 pid=403667 pidfd=4] Activated service 'org.freedesktop.systemd1' failed: Process org.freedesktop.systemd1 exited with status 1
{"trial": "S2r-064-toggle-COMP-measured-r21", "mode": "step", "outcome": "verified", "oracle_exact_match": true, "completion_mutations": 1, "routes": ["provider", "provider"], "error": null, "la": "5.43", "prov": {"attempts": 0, "reached": 0}}
dbus-daemon[403667]: [session uid=1000 pid=403667 pidfd=4] Activating service name='org.freedesktop.systemd1' requested by ':1.4' (uid=1000 pid=403798 comm="/usr/bin/dbus-broker-launch --config-file=/usr/sha")
dbus-daemon[403667]: [session uid=1000 pid=403667 pidfd=4] Activated service 'org.freedesktop.systemd1' failed: Process org.freedesktop.systemd1 exited with status 1
dbus-daemon[403667]: [session uid=1000 pid=403667 pidfd=4] Activating service name='org.freedesktop.systemd1' requested by ':1.4' (uid=1000 pid=403798 comm="/usr/bin/dbus-broker-launch --config-file=/usr/sha")
dbus-daemon[403667]: [session uid=1000 pid=403667 pidfd=4] Activated service 'org.freedesktop.systemd1' failed: Process org.freedesktop.systemd1 exited with status 1
dbus-daemon[403667]: [session uid=1000 pid=403667 pidfd=4] Activating service name='org.freedesktop.systemd1' requested by ':1.4' (uid=1000 pid=403798 comm="/usr/bin/dbus-broker-launch --config-file=/usr/sha")
dbus-daemon[403667]: [session uid=1000 pid=403667 pidfd=4] Activated service 'org.freedesktop.systemd1' failed: Process org.freedesktop.systemd1 exited with status 1
{"trial": "S2r-065-toggle-COMP_K-measured-r21", "mode": "step", "outcome": "verified", "oracle_exact_match": true, "completion_mutations": 1, "routes": ["provider", "provider"], "error": null, "la": "5.43", "prov": {"attempts": 0, "reached": 0}}
dbus-daemon[403667]: [session uid=1000 pid=403667 pidfd=4] Activating service name='org.freedesktop.systemd1' requested by ':1.4' (uid=1000 pid=403798 comm="/usr/bin/dbus-broker-launch --config-file=/usr/sha")
dbus-daemon[403667]: [session uid=1000 pid=403667 pidfd=4] Activated service 'org.freedesktop.systemd1' failed: Process org.freedesktop.systemd1 exited with status 1
dbus-daemon[403667]: [session uid=1000 pid=403667 pidfd=4] Activating service name='org.freedesktop.systemd1' requested by ':1.4' (uid=1000 pid=403798 comm="/usr/bin/dbus-broker-launch --config-file=/usr/sha")
dbus-daemon[403667]: [session uid=1000 pid=403667 pidfd=4] Activated service 'org.freedesktop.systemd1' failed: Process org.freedesktop.systemd1 exited with status 1
dbus-daemon[403667]: [session uid=1000 pid=403667 pidfd=4] Activating service name='org.freedesktop.systemd1' requested by ':1.4' (uid=1000 pid=403798 comm="/usr/bin/dbus-broker-launch --config-file=/usr/sha")
dbus-daemon[403667]: [session uid=1000 pid=403667 pidfd=4] Activated service 'org.freedesktop.systemd1' failed: Process org.freedesktop.systemd1 exited with status 1
{"trial": "S2r-066-toggle-BASE-measured-r21", "mode": "step", "outcome": "verified", "oracle_exact_match": true, "completion_mutations": 1, "routes": ["provider", "provider"], "error": null, "la": "5.16", "prov": {"attempts": 0, "reached": 0}}
dbus-daemon[403667]: [session uid=1000 pid=403667 pidfd=4] Activating service name='org.freedesktop.systemd1' requested by ':1.4' (uid=1000 pid=403798 comm="/usr/bin/dbus-broker-launch --config-file=/usr/sha")
dbus-daemon[403667]: [session uid=1000 pid=403667 pidfd=4] Activated service 'org.freedesktop.systemd1' failed: Process org.freedesktop.systemd1 exited with status 1
dbus-daemon[403667]: [session uid=1000 pid=403667 pidfd=4] Activating service name='org.freedesktop.systemd1' requested by ':1.4' (uid=1000 pid=403798 comm="/usr/bin/dbus-broker-launch --config-file=/usr/sha")
dbus-daemon[403667]: [session uid=1000 pid=403667 pidfd=4] Activated service 'org.freedesktop.systemd1' failed: Process org.freedesktop.systemd1 exited with status 1
dbus-daemon[403667]: [session uid=1000 pid=403667 pidfd=4] Activating service name='org.freedesktop.systemd1' requested by ':1.4' (uid=1000 pid=403798 comm="/usr/bin/dbus-broker-launch --config-file=/usr/sha")
dbus-daemon[403667]: [session uid=1000 pid=403667 pidfd=4] Activated service 'org.freedesktop.systemd1' failed: Process org.freedesktop.systemd1 exited with status 1
{"trial": "S2r-067-toggle-COMP_E-measured-r21", "mode": "step", "outcome": "verified", "oracle_exact_match": true, "completion_mutations": 1, "routes": ["provider", "provider"], "error": null, "la": "4.82", "prov": {"attempts": 0, "reached": 0}}
dbus-daemon[403667]: [session uid=1000 pid=403667 pidfd=4] Activating service name='org.freedesktop.systemd1' requested by ':1.4' (uid=1000 pid=403798 comm="/usr/bin/dbus-broker-launch --config-file=/usr/sha")
dbus-daemon[403667]: [session uid=1000 pid=403667 pidfd=4] Activated service 'org.freedesktop.systemd1' failed: Process org.freedesktop.systemd1 exited with status 1
dbus-daemon[403667]: [session uid=1000 pid=403667 pidfd=4] Activating service name='org.freedesktop.systemd1' requested by ':1.4' (uid=1000 pid=403798 comm="/usr/bin/dbus-broker-launch --config-file=/usr/sha")
dbus-daemon[403667]: [session uid=1000 pid=403667 pidfd=4] Activated service 'org.freedesktop.systemd1' failed: Process org.freedesktop.systemd1 exited with status 1
dbus-daemon[403667]: [session uid=1000 pid=403667 pidfd=4] Activating service name='org.freedesktop.systemd1' requested by ':1.4' (uid=1000 pid=403798 comm="/usr/bin/dbus-broker-launch --config-file=/usr/sha")
dbus-daemon[403667]: [session uid=1000 pid=403667 pidfd=4] Activated service 'org.freedesktop.systemd1' failed: Process org.freedesktop.systemd1 exited with status 1
{"trial": "S2r-068-modal-COMP-measured-r21", "mode": "step", "outcome": "verified", "oracle_exact_match": true, "completion_mutations": 1, "routes": ["provider", "provider"], "error": null, "la": "4.82", "prov": {"attempts": 0, "reached": 0}}
dbus-daemon[403667]: [session uid=1000 pid=403667 pidfd=4] Activating service name='org.freedesktop.systemd1' requested by ':1.4' (uid=1000 pid=403798 comm="/usr/bin/dbus-broker-launch --config-file=/usr/sha")
dbus-daemon[403667]: [session uid=1000 pid=403667 pidfd=4] Activated service 'org.freedesktop.systemd1' failed: Process org.freedesktop.systemd1 exited with status 1
dbus-daemon[403667]: [session uid=1000 pid=403667 pidfd=4] Activating service name='org.freedesktop.systemd1' requested by ':1.4' (uid=1000 pid=403798 comm="/usr/bin/dbus-broker-launch --config-file=/usr/sha")
dbus-daemon[403667]: [session uid=1000 pid=403667 pidfd=4] Activated service 'org.freedesktop.systemd1' failed: Process org.freedesktop.systemd1 exited with status 1
dbus-daemon[403667]: [session uid=1000 pid=403667 pidfd=4] Activating service name='org.freedesktop.systemd1' requested by ':1.4' (uid=1000 pid=403798 comm="/usr/bin/dbus-broker-launch --config-file=/usr/sha")
dbus-daemon[403667]: [session uid=1000 pid=403667 pidfd=4] Activated service 'org.freedesktop.systemd1' failed: Process org.freedesktop.systemd1 exited with status 1
{"trial": "S2r-069-modal-COMP_K-measured-r21", "mode": "step", "outcome": "verified", "oracle_exact_match": true, "completion_mutations": 1, "routes": ["provider", "provider"], "error": null, "la": "4.82", "prov": {"attempts": 0, "reached": 0}}
dbus-daemon[403667]: [session uid=1000 pid=403667 pidfd=4] Activating service name='org.freedesktop.systemd1' requested by ':1.4' (uid=1000 pid=403798 comm="/usr/bin/dbus-broker-launch --config-file=/usr/sha")
dbus-daemon[403667]: [session uid=1000 pid=403667 pidfd=4] Activated service 'org.freedesktop.systemd1' failed: Process org.freedesktop.systemd1 exited with status 1
dbus-daemon[403667]: [session uid=1000 pid=403667 pidfd=4] Activating service name='org.freedesktop.systemd1' requested by ':1.4' (uid=1000 pid=403798 comm="/usr/bin/dbus-broker-launch --config-file=/usr/sha")
dbus-daemon[403667]: [session uid=1000 pid=403667 pidfd=4] Activated service 'org.freedesktop.systemd1' failed: Process org.freedesktop.systemd1 exited with status 1
dbus-daemon[403667]: [session uid=1000 pid=403667 pidfd=4] Activating service name='org.freedesktop.systemd1' requested by ':1.4' (uid=1000 pid=403798 comm="/usr/bin/dbus-broker-launch --config-file=/usr/sha")
dbus-daemon[403667]: [session uid=1000 pid=403667 pidfd=4] Activated service 'org.freedesktop.systemd1' failed: Process org.freedesktop.systemd1 exited with status 1
{"trial": "S2r-070-modal-BASE-measured-r21", "mode": "step", "outcome": "verified", "oracle_exact_match": true, "completion_mutations": 1, "routes": ["provider", "provider"], "error": null, "la": "4.60", "prov": {"attempts": 0, "reached": 0}}
dbus-daemon[403667]: [session uid=1000 pid=403667 pidfd=4] Activating service name='org.freedesktop.systemd1' requested by ':1.4' (uid=1000 pid=403798 comm="/usr/bin/dbus-broker-launch --config-file=/usr/sha")
dbus-daemon[403667]: [session uid=1000 pid=403667 pidfd=4] Activated service 'org.freedesktop.systemd1' failed: Process org.freedesktop.systemd1 exited with status 1
dbus-daemon[403667]: [session uid=1000 pid=403667 pidfd=4] Activating service name='org.freedesktop.systemd1' requested by ':1.4' (uid=1000 pid=403798 comm="/usr/bin/dbus-broker-launch --config-file=/usr/sha")
dbus-daemon[403667]: [session uid=1000 pid=403667 pidfd=4] Activated service 'org.freedesktop.systemd1' failed: Process org.freedesktop.systemd1 exited with status 1
dbus-daemon[403667]: [session uid=1000 pid=403667 pidfd=4] Activating service name='org.freedesktop.systemd1' requested by ':1.4' (uid=1000 pid=403798 comm="/usr/bin/dbus-broker-launch --config-file=/usr/sha")
dbus-daemon[403667]: [session uid=1000 pid=403667 pidfd=4] Activated service 'org.freedesktop.systemd1' failed: Process org.freedesktop.systemd1 exited with status 1
{"trial": "S2r-071-modal-COMP_E-measured-r21", "mode": "step", "outcome": "verified", "oracle_exact_match": true, "completion_mutations": 1, "routes": ["provider", "provider"], "error": null, "la": "4.60", "prov": {"attempts": 0, "reached": 0}}
dbus-daemon[403667]: [session uid=1000 pid=403667 pidfd=4] Activating service name='org.freedesktop.systemd1' requested by ':1.4' (uid=1000 pid=403798 comm="/usr/bin/dbus-broker-launch --config-file=/usr/sha")
dbus-daemon[403667]: [session uid=1000 pid=403667 pidfd=4] Activated service 'org.freedesktop.systemd1' failed: Process org.freedesktop.systemd1 exited with status 1
dbus-daemon[403667]: [session uid=1000 pid=403667 pidfd=4] Activating service name='org.freedesktop.systemd1' requested by ':1.4' (uid=1000 pid=403798 comm="/usr/bin/dbus-broker-launch --config-file=/usr/sha")
dbus-daemon[403667]: [session uid=1000 pid=403667 pidfd=4] Activated service 'org.freedesktop.systemd1' failed: Process org.freedesktop.systemd1 exited with status 1
dbus-daemon[403667]: [session uid=1000 pid=403667 pidfd=4] Activating service name='org.freedesktop.systemd1' requested by ':1.4' (uid=1000 pid=403798 comm="/usr/bin/dbus-broker-launch --config-file=/usr/sha")
dbus-daemon[403667]: [session uid=1000 pid=403667 pidfd=4] Activated service 'org.freedesktop.systemd1' failed: Process org.freedesktop.systemd1 exited with status 1
{"trial": "S2r-072-toggle-COMP_K-measured-r22", "mode": "step", "outcome": "verified", "oracle_exact_match": true, "completion_mutations": 1, "routes": ["provider", "provider"], "error": null, "la": "5.67", "prov": {"attempts": 0, "reached": 0}}
dbus-daemon[403667]: [session uid=1000 pid=403667 pidfd=4] Activating service name='org.freedesktop.systemd1' requested by ':1.4' (uid=1000 pid=403798 comm="/usr/bin/dbus-broker-launch --config-file=/usr/sha")
dbus-daemon[403667]: [session uid=1000 pid=403667 pidfd=4] Activated service 'org.freedesktop.systemd1' failed: Process org.freedesktop.systemd1 exited with status 1
dbus-daemon[403667]: [session uid=1000 pid=403667 pidfd=4] Activating service name='org.freedesktop.systemd1' requested by ':1.4' (uid=1000 pid=403798 comm="/usr/bin/dbus-broker-launch --config-file=/usr/sha")
dbus-daemon[403667]: [session uid=1000 pid=403667 pidfd=4] Activated service 'org.freedesktop.systemd1' failed: Process org.freedesktop.systemd1 exited with status 1
dbus-daemon[403667]: [session uid=1000 pid=403667 pidfd=4] Activating service name='org.freedesktop.systemd1' requested by ':1.4' (uid=1000 pid=403798 comm="/usr/bin/dbus-broker-launch --config-file=/usr/sha")
dbus-daemon[403667]: [session uid=1000 pid=403667 pidfd=4] Activated service 'org.freedesktop.systemd1' failed: Process org.freedesktop.systemd1 exited with status 1
{"trial": "S2r-073-toggle-COMP_E-measured-r22", "mode": "step", "outcome": "verified", "oracle_exact_match": true, "completion_mutations": 1, "routes": ["provider", "provider"], "error": null, "la": "5.67", "prov": {"attempts": 0, "reached": 0}}
dbus-daemon[403667]: [session uid=1000 pid=403667 pidfd=4] Activating service name='org.freedesktop.systemd1' requested by ':1.4' (uid=1000 pid=403798 comm="/usr/bin/dbus-broker-launch --config-file=/usr/sha")
dbus-daemon[403667]: [session uid=1000 pid=403667 pidfd=4] Activated service 'org.freedesktop.systemd1' failed: Process org.freedesktop.systemd1 exited with status 1
dbus-daemon[403667]: [session uid=1000 pid=403667 pidfd=4] Activating service name='org.freedesktop.systemd1' requested by ':1.4' (uid=1000 pid=403798 comm="/usr/bin/dbus-broker-launch --config-file=/usr/sha")
dbus-daemon[403667]: [session uid=1000 pid=403667 pidfd=4] Activated service 'org.freedesktop.systemd1' failed: Process org.freedesktop.systemd1 exited with status 1
dbus-daemon[403667]: [session uid=1000 pid=403667 pidfd=4] Activating service name='org.freedesktop.systemd1' requested by ':1.4' (uid=1000 pid=403798 comm="/usr/bin/dbus-broker-launch --config-file=/usr/sha")
dbus-daemon[403667]: [session uid=1000 pid=403667 pidfd=4] Activated service 'org.freedesktop.systemd1' failed: Process org.freedesktop.systemd1 exited with status 1
{"trial": "S2r-074-toggle-COMP-measured-r22", "mode": "step", "outcome": "verified", "oracle_exact_match": true, "completion_mutations": 1, "routes": ["provider", "provider"], "error": null, "la": "5.67", "prov": {"attempts": 0, "reached": 0}}
dbus-daemon[403667]: [session uid=1000 pid=403667 pidfd=4] Activating service name='org.freedesktop.systemd1' requested by ':1.4' (uid=1000 pid=403798 comm="/usr/bin/dbus-broker-launch --config-file=/usr/sha")
dbus-daemon[403667]: [session uid=1000 pid=403667 pidfd=4] Activated service 'org.freedesktop.systemd1' failed: Process org.freedesktop.systemd1 exited with status 1
dbus-daemon[403667]: [session uid=1000 pid=403667 pidfd=4] Activating service name='org.freedesktop.systemd1' requested by ':1.4' (uid=1000 pid=403798 comm="/usr/bin/dbus-broker-launch --config-file=/usr/sha")
dbus-daemon[403667]: [session uid=1000 pid=403667 pidfd=4] Activated service 'org.freedesktop.systemd1' failed: Process org.freedesktop.systemd1 exited with status 1
dbus-daemon[403667]: [session uid=1000 pid=403667 pidfd=4] Activating service name='org.freedesktop.systemd1' requested by ':1.4' (uid=1000 pid=403798 comm="/usr/bin/dbus-broker-launch --config-file=/usr/sha")
dbus-daemon[403667]: [session uid=1000 pid=403667 pidfd=4] Activated service 'org.freedesktop.systemd1' failed: Process org.freedesktop.systemd1 exited with status 1
{"trial": "S2r-075-toggle-BASE-measured-r22", "mode": "step", "outcome": "verified", "oracle_exact_match": true, "completion_mutations": 1, "routes": ["provider", "provider"], "error": null, "la": "5.38", "prov": {"attempts": 0, "reached": 0}}
dbus-daemon[403667]: [session uid=1000 pid=403667 pidfd=4] Activating service name='org.freedesktop.systemd1' requested by ':1.4' (uid=1000 pid=403798 comm="/usr/bin/dbus-broker-launch --config-file=/usr/sha")
dbus-daemon[403667]: [session uid=1000 pid=403667 pidfd=4] Activated service 'org.freedesktop.systemd1' failed: Process org.freedesktop.systemd1 exited with status 1
dbus-daemon[403667]: [session uid=1000 pid=403667 pidfd=4] Activating service name='org.freedesktop.systemd1' requested by ':1.4' (uid=1000 pid=403798 comm="/usr/bin/dbus-broker-launch --config-file=/usr/sha")
dbus-daemon[403667]: [session uid=1000 pid=403667 pidfd=4] Activated service 'org.freedesktop.systemd1' failed: Process org.freedesktop.systemd1 exited with status 1
dbus-daemon[403667]: [session uid=1000 pid=403667 pidfd=4] Activating service name='org.freedesktop.systemd1' requested by ':1.4' (uid=1000 pid=403798 comm="/usr/bin/dbus-broker-launch --config-file=/usr/sha")
dbus-daemon[403667]: [session uid=1000 pid=403667 pidfd=4] Activated service 'org.freedesktop.systemd1' failed: Process org.freedesktop.systemd1 exited with status 1
{"trial": "S2r-076-modal-COMP_K-measured-r22", "mode": "step", "outcome": "verified", "oracle_exact_match": true, "completion_mutations": 1, "routes": ["provider", "provider"], "error": null, "la": "5.38", "prov": {"attempts": 0, "reached": 0}}
dbus-daemon[403667]: [session uid=1000 pid=403667 pidfd=4] Activating service name='org.freedesktop.systemd1' requested by ':1.4' (uid=1000 pid=403798 comm="/usr/bin/dbus-broker-launch --config-file=/usr/sha")
dbus-daemon[403667]: [session uid=1000 pid=403667 pidfd=4] Activated service 'org.freedesktop.systemd1' failed: Process org.freedesktop.systemd1 exited with status 1
dbus-daemon[403667]: [session uid=1000 pid=403667 pidfd=4] Activating service name='org.freedesktop.systemd1' requested by ':1.4' (uid=1000 pid=403798 comm="/usr/bin/dbus-broker-launch --config-file=/usr/sha")
dbus-daemon[403667]: [session uid=1000 pid=403667 pidfd=4] Activated service 'org.freedesktop.systemd1' failed: Process org.freedesktop.systemd1 exited with status 1
dbus-daemon[403667]: [session uid=1000 pid=403667 pidfd=4] Activating service name='org.freedesktop.systemd1' requested by ':1.4' (uid=1000 pid=403798 comm="/usr/bin/dbus-broker-launch --config-file=/usr/sha")
dbus-daemon[403667]: [session uid=1000 pid=403667 pidfd=4] Activated service 'org.freedesktop.systemd1' failed: Process org.freedesktop.systemd1 exited with status 1
{"trial": "S2r-077-modal-COMP_E-measured-r22", "mode": "step", "outcome": "verified", "oracle_exact_match": true, "completion_mutations": 1, "routes": ["provider", "provider"], "error": null, "la": "5.19", "prov": {"attempts": 0, "reached": 0}}
dbus-daemon[403667]: [session uid=1000 pid=403667 pidfd=4] Activating service name='org.freedesktop.systemd1' requested by ':1.4' (uid=1000 pid=403798 comm="/usr/bin/dbus-broker-launch --config-file=/usr/sha")
dbus-daemon[403667]: [session uid=1000 pid=403667 pidfd=4] Activated service 'org.freedesktop.systemd1' failed: Process org.freedesktop.systemd1 exited with status 1
dbus-daemon[403667]: [session uid=1000 pid=403667 pidfd=4] Activating service name='org.freedesktop.systemd1' requested by ':1.4' (uid=1000 pid=403798 comm="/usr/bin/dbus-broker-launch --config-file=/usr/sha")
dbus-daemon[403667]: [session uid=1000 pid=403667 pidfd=4] Activated service 'org.freedesktop.systemd1' failed: Process org.freedesktop.systemd1 exited with status 1
dbus-daemon[403667]: [session uid=1000 pid=403667 pidfd=4] Activating service name='org.freedesktop.systemd1' requested by ':1.4' (uid=1000 pid=403798 comm="/usr/bin/dbus-broker-launch --config-file=/usr/sha")
dbus-daemon[403667]: [session uid=1000 pid=403667 pidfd=4] Activated service 'org.freedesktop.systemd1' failed: Process org.freedesktop.systemd1 exited with status 1
{"trial": "S2r-078-modal-COMP-measured-r22", "mode": "step", "outcome": "verified", "oracle_exact_match": true, "completion_mutations": 1, "routes": ["provider", "provider"], "error": null, "la": "5.19", "prov": {"attempts": 0, "reached": 0}}
dbus-daemon[403667]: [session uid=1000 pid=403667 pidfd=4] Activating service name='org.freedesktop.systemd1' requested by ':1.4' (uid=1000 pid=403798 comm="/usr/bin/dbus-broker-launch --config-file=/usr/sha")
dbus-daemon[403667]: [session uid=1000 pid=403667 pidfd=4] Activated service 'org.freedesktop.systemd1' failed: Process org.freedesktop.systemd1 exited with status 1
dbus-daemon[403667]: [session uid=1000 pid=403667 pidfd=4] Activating service name='org.freedesktop.systemd1' requested by ':1.4' (uid=1000 pid=403798 comm="/usr/bin/dbus-broker-launch --config-file=/usr/sha")
dbus-daemon[403667]: [session uid=1000 pid=403667 pidfd=4] Activated service 'org.freedesktop.systemd1' failed: Process org.freedesktop.systemd1 exited with status 1
dbus-daemon[403667]: [session uid=1000 pid=403667 pidfd=4] Activating service name='org.freedesktop.systemd1' requested by ':1.4' (uid=1000 pid=403798 comm="/usr/bin/dbus-broker-launch --config-file=/usr/sha")
dbus-daemon[403667]: [session uid=1000 pid=403667 pidfd=4] Activated service 'org.freedesktop.systemd1' failed: Process org.freedesktop.systemd1 exited with status 1
{"trial": "S2r-079-modal-BASE-measured-r22", "mode": "step", "outcome": "verified", "oracle_exact_match": true, "completion_mutations": 1, "routes": ["provider", "provider"], "error": null, "la": "5.19", "prov": {"attempts": 0, "reached": 0}}
dbus-daemon[403667]: [session uid=1000 pid=403667 pidfd=4] Activating service name='org.freedesktop.systemd1' requested by ':1.4' (uid=1000 pid=403798 comm="/usr/bin/dbus-broker-launch --config-file=/usr/sha")
dbus-daemon[403667]: [session uid=1000 pid=403667 pidfd=4] Activated service 'org.freedesktop.systemd1' failed: Process org.freedesktop.systemd1 exited with status 1
dbus-daemon[403667]: [session uid=1000 pid=403667 pidfd=4] Activating service name='org.freedesktop.systemd1' requested by ':1.4' (uid=1000 pid=403798 comm="/usr/bin/dbus-broker-launch --config-file=/usr/sha")
dbus-daemon[403667]: [session uid=1000 pid=403667 pidfd=4] Activated service 'org.freedesktop.systemd1' failed: Process org.freedesktop.systemd1 exited with status 1
dbus-daemon[403667]: [session uid=1000 pid=403667 pidfd=4] Activating service name='org.freedesktop.systemd1' requested by ':1.4' (uid=1000 pid=403798 comm="/usr/bin/dbus-broker-launch --config-file=/usr/sha")
dbus-daemon[403667]: [session uid=1000 pid=403667 pidfd=4] Activated service 'org.freedesktop.systemd1' failed: Process org.freedesktop.systemd1 exited with status 1
{"trial": "S2r-080-fill-COMP_K-measured-r22", "mode": "replay", "outcome": "verified", "oracle_exact_match": true, "completion_mutations": 1, "routes": ["compiled"], "error": null, "la": "5.17", "prov": {"attempts": 0, "reached": 0}}
dbus-daemon[403667]: [session uid=1000 pid=403667 pidfd=4] Activating service name='org.freedesktop.systemd1' requested by ':1.4' (uid=1000 pid=403798 comm="/usr/bin/dbus-broker-launch --config-file=/usr/sha")
dbus-daemon[403667]: [session uid=1000 pid=403667 pidfd=4] Activated service 'org.freedesktop.systemd1' failed: Process org.freedesktop.systemd1 exited with status 1
dbus-daemon[403667]: [session uid=1000 pid=403667 pidfd=4] Activating service name='org.freedesktop.systemd1' requested by ':1.4' (uid=1000 pid=403798 comm="/usr/bin/dbus-broker-launch --config-file=/usr/sha")
dbus-daemon[403667]: [session uid=1000 pid=403667 pidfd=4] Activated service 'org.freedesktop.systemd1' failed: Process org.freedesktop.systemd1 exited with status 1
dbus-daemon[403667]: [session uid=1000 pid=403667 pidfd=4] Activating service name='org.freedesktop.systemd1' requested by ':1.4' (uid=1000 pid=403798 comm="/usr/bin/dbus-broker-launch --config-file=/usr/sha")
dbus-daemon[403667]: [session uid=1000 pid=403667 pidfd=4] Activated service 'org.freedesktop.systemd1' failed: Process org.freedesktop.systemd1 exited with status 1
{"trial": "S2r-081-fill-COMP_E-measured-r22", "mode": "replay", "outcome": "verified", "oracle_exact_match": true, "completion_mutations": 1, "routes": ["compiled"], "error": null, "la": "4.76", "prov": {"attempts": 0, "reached": 0}}
dbus-daemon[403667]: [session uid=1000 pid=403667 pidfd=4] Activating service name='org.freedesktop.systemd1' requested by ':1.4' (uid=1000 pid=403798 comm="/usr/bin/dbus-broker-launch --config-file=/usr/sha")
dbus-daemon[403667]: [session uid=1000 pid=403667 pidfd=4] Activated service 'org.freedesktop.systemd1' failed: Process org.freedesktop.systemd1 exited with status 1
dbus-daemon[403667]: [session uid=1000 pid=403667 pidfd=4] Activating service name='org.freedesktop.systemd1' requested by ':1.4' (uid=1000 pid=403798 comm="/usr/bin/dbus-broker-launch --config-file=/usr/sha")
dbus-daemon[403667]: [session uid=1000 pid=403667 pidfd=4] Activated service 'org.freedesktop.systemd1' failed: Process org.freedesktop.systemd1 exited with status 1
dbus-daemon[403667]: [session uid=1000 pid=403667 pidfd=4] Activating service name='org.freedesktop.systemd1' requested by ':1.4' (uid=1000 pid=403798 comm="/usr/bin/dbus-broker-launch --config-file=/usr/sha")
dbus-daemon[403667]: [session uid=1000 pid=403667 pidfd=4] Activated service 'org.freedesktop.systemd1' failed: Process org.freedesktop.systemd1 exited with status 1
{"trial": "S2r-082-fill-COMP-measured-r22", "mode": "replay", "outcome": "verified", "oracle_exact_match": true, "completion_mutations": 1, "routes": ["compiled"], "error": null, "la": "4.76", "prov": {"attempts": 0, "reached": 0}}
dbus-daemon[403667]: [session uid=1000 pid=403667 pidfd=4] Activating service name='org.freedesktop.systemd1' requested by ':1.4' (uid=1000 pid=403798 comm="/usr/bin/dbus-broker-launch --config-file=/usr/sha")
dbus-daemon[403667]: [session uid=1000 pid=403667 pidfd=4] Activated service 'org.freedesktop.systemd1' failed: Process org.freedesktop.systemd1 exited with status 1
dbus-daemon[403667]: [session uid=1000 pid=403667 pidfd=4] Activating service name='org.freedesktop.systemd1' requested by ':1.4' (uid=1000 pid=403798 comm="/usr/bin/dbus-broker-launch --config-file=/usr/sha")
dbus-daemon[403667]: [session uid=1000 pid=403667 pidfd=4] Activated service 'org.freedesktop.systemd1' failed: Process org.freedesktop.systemd1 exited with status 1
dbus-daemon[403667]: [session uid=1000 pid=403667 pidfd=4] Activating service name='org.freedesktop.systemd1' requested by ':1.4' (uid=1000 pid=403798 comm="/usr/bin/dbus-broker-launch --config-file=/usr/sha")
dbus-daemon[403667]: [session uid=1000 pid=403667 pidfd=4] Activated service 'org.freedesktop.systemd1' failed: Process org.freedesktop.systemd1 exited with status 1
{"trial": "S2r-083-fill-BASE-measured-r22", "mode": "step", "outcome": "verified", "oracle_exact_match": true, "completion_mutations": 1, "routes": ["provider", "provider"], "error": null, "la": "4.76", "prov": {"attempts": 0, "reached": 0}}
dbus-daemon[403667]: [session uid=1000 pid=403667 pidfd=4] Activating service name='org.freedesktop.systemd1' requested by ':1.4' (uid=1000 pid=403798 comm="/usr/bin/dbus-broker-launch --config-file=/usr/sha")
dbus-daemon[403667]: [session uid=1000 pid=403667 pidfd=4] Activated service 'org.freedesktop.systemd1' failed: Process org.freedesktop.systemd1 exited with status 1
dbus-daemon[403667]: [session uid=1000 pid=403667 pidfd=4] Activating service name='org.freedesktop.systemd1' requested by ':1.4' (uid=1000 pid=403798 comm="/usr/bin/dbus-broker-launch --config-file=/usr/sha")
dbus-daemon[403667]: [session uid=1000 pid=403667 pidfd=4] Activated service 'org.freedesktop.systemd1' failed: Process org.freedesktop.systemd1 exited with status 1
dbus-daemon[403667]: [session uid=1000 pid=403667 pidfd=4] Activating service name='org.freedesktop.systemd1' requested by ':1.4' (uid=1000 pid=403798 comm="/usr/bin/dbus-broker-launch --config-file=/usr/sha")
dbus-daemon[403667]: [session uid=1000 pid=403667 pidfd=4] Activated service 'org.freedesktop.systemd1' failed: Process org.freedesktop.systemd1 exited with status 1
{"trial": "S2r-084-modal-COMP_E-measured-r23", "mode": "step", "outcome": "verified", "oracle_exact_match": true, "completion_mutations": 1, "routes": ["provider", "provider"], "error": null, "la": "4.54", "prov": {"attempts": 0, "reached": 0}}
dbus-daemon[403667]: [session uid=1000 pid=403667 pidfd=4] Activating service name='org.freedesktop.systemd1' requested by ':1.4' (uid=1000 pid=403798 comm="/usr/bin/dbus-broker-launch --config-file=/usr/sha")
dbus-daemon[403667]: [session uid=1000 pid=403667 pidfd=4] Activated service 'org.freedesktop.systemd1' failed: Process org.freedesktop.systemd1 exited with status 1
dbus-daemon[403667]: [session uid=1000 pid=403667 pidfd=4] Activating service name='org.freedesktop.systemd1' requested by ':1.4' (uid=1000 pid=403798 comm="/usr/bin/dbus-broker-launch --config-file=/usr/sha")
dbus-daemon[403667]: [session uid=1000 pid=403667 pidfd=4] Activated service 'org.freedesktop.systemd1' failed: Process org.freedesktop.systemd1 exited with status 1
dbus-daemon[403667]: [session uid=1000 pid=403667 pidfd=4] Activating service name='org.freedesktop.systemd1' requested by ':1.4' (uid=1000 pid=403798 comm="/usr/bin/dbus-broker-launch --config-file=/usr/sha")
dbus-daemon[403667]: [session uid=1000 pid=403667 pidfd=4] Activated service 'org.freedesktop.systemd1' failed: Process org.freedesktop.systemd1 exited with status 1
{"trial": "S2r-085-modal-BASE-measured-r23", "mode": "step", "outcome": "verified", "oracle_exact_match": true, "completion_mutations": 1, "routes": ["provider", "provider"], "error": null, "la": "4.54", "prov": {"attempts": 0, "reached": 0}}
dbus-daemon[403667]: [session uid=1000 pid=403667 pidfd=4] Activating service name='org.freedesktop.systemd1' requested by ':1.4' (uid=1000 pid=403798 comm="/usr/bin/dbus-broker-launch --config-file=/usr/sha")
dbus-daemon[403667]: [session uid=1000 pid=403667 pidfd=4] Activated service 'org.freedesktop.systemd1' failed: Process org.freedesktop.systemd1 exited with status 1
dbus-daemon[403667]: [session uid=1000 pid=403667 pidfd=4] Activating service name='org.freedesktop.systemd1' requested by ':1.4' (uid=1000 pid=403798 comm="/usr/bin/dbus-broker-launch --config-file=/usr/sha")
dbus-daemon[403667]: [session uid=1000 pid=403667 pidfd=4] Activated service 'org.freedesktop.systemd1' failed: Process org.freedesktop.systemd1 exited with status 1
dbus-daemon[403667]: [session uid=1000 pid=403667 pidfd=4] Activating service name='org.freedesktop.systemd1' requested by ':1.4' (uid=1000 pid=403798 comm="/usr/bin/dbus-broker-launch --config-file=/usr/sha")
dbus-daemon[403667]: [session uid=1000 pid=403667 pidfd=4] Activated service 'org.freedesktop.systemd1' failed: Process org.freedesktop.systemd1 exited with status 1
{"trial": "S2r-086-modal-COMP_K-measured-r23", "mode": "step", "outcome": "verified", "oracle_exact_match": true, "completion_mutations": 1, "routes": ["provider", "provider"], "error": null, "la": "4.33", "prov": {"attempts": 0, "reached": 0}}
dbus-daemon[403667]: [session uid=1000 pid=403667 pidfd=4] Activating service name='org.freedesktop.systemd1' requested by ':1.4' (uid=1000 pid=403798 comm="/usr/bin/dbus-broker-launch --config-file=/usr/sha")
dbus-daemon[403667]: [session uid=1000 pid=403667 pidfd=4] Activated service 'org.freedesktop.systemd1' failed: Process org.freedesktop.systemd1 exited with status 1
dbus-daemon[403667]: [session uid=1000 pid=403667 pidfd=4] Activating service name='org.freedesktop.systemd1' requested by ':1.4' (uid=1000 pid=403798 comm="/usr/bin/dbus-broker-launch --config-file=/usr/sha")
dbus-daemon[403667]: [session uid=1000 pid=403667 pidfd=4] Activated service 'org.freedesktop.systemd1' failed: Process org.freedesktop.systemd1 exited with status 1
dbus-daemon[403667]: [session uid=1000 pid=403667 pidfd=4] Activating service name='org.freedesktop.systemd1' requested by ':1.4' (uid=1000 pid=403798 comm="/usr/bin/dbus-broker-launch --config-file=/usr/sha")
dbus-daemon[403667]: [session uid=1000 pid=403667 pidfd=4] Activated service 'org.freedesktop.systemd1' failed: Process org.freedesktop.systemd1 exited with status 1
{"trial": "S2r-087-modal-COMP-measured-r23", "mode": "step", "outcome": "verified", "oracle_exact_match": true, "completion_mutations": 1, "routes": ["provider", "provider"], "error": null, "la": "5.03", "prov": {"attempts": 0, "reached": 0}}
dbus-daemon[403667]: [session uid=1000 pid=403667 pidfd=4] Activating service name='org.freedesktop.systemd1' requested by ':1.4' (uid=1000 pid=403798 comm="/usr/bin/dbus-broker-launch --config-file=/usr/sha")
dbus-daemon[403667]: [session uid=1000 pid=403667 pidfd=4] Activated service 'org.freedesktop.systemd1' failed: Process org.freedesktop.systemd1 exited with status 1
dbus-daemon[403667]: [session uid=1000 pid=403667 pidfd=4] Activating service name='org.freedesktop.systemd1' requested by ':1.4' (uid=1000 pid=403798 comm="/usr/bin/dbus-broker-launch --config-file=/usr/sha")
dbus-daemon[403667]: [session uid=1000 pid=403667 pidfd=4] Activated service 'org.freedesktop.systemd1' failed: Process org.freedesktop.systemd1 exited with status 1
dbus-daemon[403667]: [session uid=1000 pid=403667 pidfd=4] Activating service name='org.freedesktop.systemd1' requested by ':1.4' (uid=1000 pid=403798 comm="/usr/bin/dbus-broker-launch --config-file=/usr/sha")
dbus-daemon[403667]: [session uid=1000 pid=403667 pidfd=4] Activated service 'org.freedesktop.systemd1' failed: Process org.freedesktop.systemd1 exited with status 1
{"trial": "S2r-088-fill-COMP_E-measured-r23", "mode": "replay", "outcome": "verified", "oracle_exact_match": true, "completion_mutations": 1, "routes": ["compiled"], "error": null, "la": "5.03", "prov": {"attempts": 0, "reached": 0}}
dbus-daemon[403667]: [session uid=1000 pid=403667 pidfd=4] Activating service name='org.freedesktop.systemd1' requested by ':1.4' (uid=1000 pid=403798 comm="/usr/bin/dbus-broker-launch --config-file=/usr/sha")
dbus-daemon[403667]: [session uid=1000 pid=403667 pidfd=4] Activated service 'org.freedesktop.systemd1' failed: Process org.freedesktop.systemd1 exited with status 1
dbus-daemon[403667]: [session uid=1000 pid=403667 pidfd=4] Activating service name='org.freedesktop.systemd1' requested by ':1.4' (uid=1000 pid=403798 comm="/usr/bin/dbus-broker-launch --config-file=/usr/sha")
dbus-daemon[403667]: [session uid=1000 pid=403667 pidfd=4] Activated service 'org.freedesktop.systemd1' failed: Process org.freedesktop.systemd1 exited with status 1
dbus-daemon[403667]: [session uid=1000 pid=403667 pidfd=4] Activating service name='org.freedesktop.systemd1' requested by ':1.4' (uid=1000 pid=403798 comm="/usr/bin/dbus-broker-launch --config-file=/usr/sha")
dbus-daemon[403667]: [session uid=1000 pid=403667 pidfd=4] Activated service 'org.freedesktop.systemd1' failed: Process org.freedesktop.systemd1 exited with status 1
{"trial": "S2r-089-fill-BASE-measured-r23", "mode": "step", "outcome": "verified", "oracle_exact_match": true, "completion_mutations": 1, "routes": ["provider", "provider"], "error": null, "la": "5.03", "prov": {"attempts": 0, "reached": 0}}
dbus-daemon[403667]: [session uid=1000 pid=403667 pidfd=4] Activating service name='org.freedesktop.systemd1' requested by ':1.4' (uid=1000 pid=403798 comm="/usr/bin/dbus-broker-launch --config-file=/usr/sha")
dbus-daemon[403667]: [session uid=1000 pid=403667 pidfd=4] Activated service 'org.freedesktop.systemd1' failed: Process org.freedesktop.systemd1 exited with status 1
dbus-daemon[403667]: [session uid=1000 pid=403667 pidfd=4] Activating service name='org.freedesktop.systemd1' requested by ':1.4' (uid=1000 pid=403798 comm="/usr/bin/dbus-broker-launch --config-file=/usr/sha")
dbus-daemon[403667]: [session uid=1000 pid=403667 pidfd=4] Activated service 'org.freedesktop.systemd1' failed: Process org.freedesktop.systemd1 exited with status 1
dbus-daemon[403667]: [session uid=1000 pid=403667 pidfd=4] Activating service name='org.freedesktop.systemd1' requested by ':1.4' (uid=1000 pid=403798 comm="/usr/bin/dbus-broker-launch --config-file=/usr/sha")
dbus-daemon[403667]: [session uid=1000 pid=403667 pidfd=4] Activated service 'org.freedesktop.systemd1' failed: Process org.freedesktop.systemd1 exited with status 1
{"trial": "S2r-090-fill-COMP_K-measured-r23", "mode": "replay", "outcome": "verified", "oracle_exact_match": true, "completion_mutations": 1, "routes": ["compiled"], "error": null, "la": "5.75", "prov": {"attempts": 0, "reached": 0}}
dbus-daemon[403667]: [session uid=1000 pid=403667 pidfd=4] Activating service name='org.freedesktop.systemd1' requested by ':1.4' (uid=1000 pid=403798 comm="/usr/bin/dbus-broker-launch --config-file=/usr/sha")
dbus-daemon[403667]: [session uid=1000 pid=403667 pidfd=4] Activated service 'org.freedesktop.systemd1' failed: Process org.freedesktop.systemd1 exited with status 1
dbus-daemon[403667]: [session uid=1000 pid=403667 pidfd=4] Activating service name='org.freedesktop.systemd1' requested by ':1.4' (uid=1000 pid=403798 comm="/usr/bin/dbus-broker-launch --config-file=/usr/sha")
dbus-daemon[403667]: [session uid=1000 pid=403667 pidfd=4] Activated service 'org.freedesktop.systemd1' failed: Process org.freedesktop.systemd1 exited with status 1
dbus-daemon[403667]: [session uid=1000 pid=403667 pidfd=4] Activating service name='org.freedesktop.systemd1' requested by ':1.4' (uid=1000 pid=403798 comm="/usr/bin/dbus-broker-launch --config-file=/usr/sha")
dbus-daemon[403667]: [session uid=1000 pid=403667 pidfd=4] Activated service 'org.freedesktop.systemd1' failed: Process org.freedesktop.systemd1 exited with status 1
{"trial": "S2r-091-fill-COMP-measured-r23", "mode": "replay", "outcome": "verified", "oracle_exact_match": true, "completion_mutations": 1, "routes": ["compiled"], "error": null, "la": "5.45", "prov": {"attempts": 0, "reached": 0}}
dbus-daemon[403667]: [session uid=1000 pid=403667 pidfd=4] Activating service name='org.freedesktop.systemd1' requested by ':1.4' (uid=1000 pid=403798 comm="/usr/bin/dbus-broker-launch --config-file=/usr/sha")
dbus-daemon[403667]: [session uid=1000 pid=403667 pidfd=4] Activated service 'org.freedesktop.systemd1' failed: Process org.freedesktop.systemd1 exited with status 1
dbus-daemon[403667]: [session uid=1000 pid=403667 pidfd=4] Activating service name='org.freedesktop.systemd1' requested by ':1.4' (uid=1000 pid=403798 comm="/usr/bin/dbus-broker-launch --config-file=/usr/sha")
dbus-daemon[403667]: [session uid=1000 pid=403667 pidfd=4] Activated service 'org.freedesktop.systemd1' failed: Process org.freedesktop.systemd1 exited with status 1
dbus-daemon[403667]: [session uid=1000 pid=403667 pidfd=4] Activating service name='org.freedesktop.systemd1' requested by ':1.4' (uid=1000 pid=403798 comm="/usr/bin/dbus-broker-launch --config-file=/usr/sha")
dbus-daemon[403667]: [session uid=1000 pid=403667 pidfd=4] Activated service 'org.freedesktop.systemd1' failed: Process org.freedesktop.systemd1 exited with status 1
{"trial": "S2r-092-toggle-COMP_E-measured-r23", "mode": "step", "outcome": "verified", "oracle_exact_match": true, "completion_mutations": 1, "routes": ["provider", "provider"], "error": null, "la": "5.45", "prov": {"attempts": 0, "reached": 0}}
dbus-daemon[403667]: [session uid=1000 pid=403667 pidfd=4] Activating service name='org.freedesktop.systemd1' requested by ':1.4' (uid=1000 pid=403798 comm="/usr/bin/dbus-broker-launch --config-file=/usr/sha")
dbus-daemon[403667]: [session uid=1000 pid=403667 pidfd=4] Activated service 'org.freedesktop.systemd1' failed: Process org.freedesktop.systemd1 exited with status 1
dbus-daemon[403667]: [session uid=1000 pid=403667 pidfd=4] Activating service name='org.freedesktop.systemd1' requested by ':1.4' (uid=1000 pid=403798 comm="/usr/bin/dbus-broker-launch --config-file=/usr/sha")
dbus-daemon[403667]: [session uid=1000 pid=403667 pidfd=4] Activated service 'org.freedesktop.systemd1' failed: Process org.freedesktop.systemd1 exited with status 1
dbus-daemon[403667]: [session uid=1000 pid=403667 pidfd=4] Activating service name='org.freedesktop.systemd1' requested by ':1.4' (uid=1000 pid=403798 comm="/usr/bin/dbus-broker-launch --config-file=/usr/sha")
dbus-daemon[403667]: [session uid=1000 pid=403667 pidfd=4] Activated service 'org.freedesktop.systemd1' failed: Process org.freedesktop.systemd1 exited with status 1
{"trial": "S2r-093-toggle-BASE-measured-r23", "mode": "step", "outcome": "verified", "oracle_exact_match": true, "completion_mutations": 1, "routes": ["provider", "provider"], "error": null, "la": "5.45", "prov": {"attempts": 0, "reached": 0}}
dbus-daemon[403667]: [session uid=1000 pid=403667 pidfd=4] Activating service name='org.freedesktop.systemd1' requested by ':1.4' (uid=1000 pid=403798 comm="/usr/bin/dbus-broker-launch --config-file=/usr/sha")
dbus-daemon[403667]: [session uid=1000 pid=403667 pidfd=4] Activated service 'org.freedesktop.systemd1' failed: Process org.freedesktop.systemd1 exited with status 1
dbus-daemon[403667]: [session uid=1000 pid=403667 pidfd=4] Activating service name='org.freedesktop.systemd1' requested by ':1.4' (uid=1000 pid=403798 comm="/usr/bin/dbus-broker-launch --config-file=/usr/sha")
dbus-daemon[403667]: [session uid=1000 pid=403667 pidfd=4] Activated service 'org.freedesktop.systemd1' failed: Process org.freedesktop.systemd1 exited with status 1
dbus-daemon[403667]: [session uid=1000 pid=403667 pidfd=4] Activating service name='org.freedesktop.systemd1' requested by ':1.4' (uid=1000 pid=403798 comm="/usr/bin/dbus-broker-launch --config-file=/usr/sha")
dbus-daemon[403667]: [session uid=1000 pid=403667 pidfd=4] Activated service 'org.freedesktop.systemd1' failed: Process org.freedesktop.systemd1 exited with status 1
{"trial": "S2r-094-toggle-COMP_K-measured-r23", "mode": "step", "outcome": "verified", "oracle_exact_match": true, "completion_mutations": 1, "routes": ["provider", "provider"], "error": null, "la": "5.09", "prov": {"attempts": 0, "reached": 0}}
dbus-daemon[403667]: [session uid=1000 pid=403667 pidfd=4] Activating service name='org.freedesktop.systemd1' requested by ':1.4' (uid=1000 pid=403798 comm="/usr/bin/dbus-broker-launch --config-file=/usr/sha")
dbus-daemon[403667]: [session uid=1000 pid=403667 pidfd=4] Activated service 'org.freedesktop.systemd1' failed: Process org.freedesktop.systemd1 exited with status 1
dbus-daemon[403667]: [session uid=1000 pid=403667 pidfd=4] Activating service name='org.freedesktop.systemd1' requested by ':1.4' (uid=1000 pid=403798 comm="/usr/bin/dbus-broker-launch --config-file=/usr/sha")
dbus-daemon[403667]: [session uid=1000 pid=403667 pidfd=4] Activated service 'org.freedesktop.systemd1' failed: Process org.freedesktop.systemd1 exited with status 1
dbus-daemon[403667]: [session uid=1000 pid=403667 pidfd=4] Activating service name='org.freedesktop.systemd1' requested by ':1.4' (uid=1000 pid=403798 comm="/usr/bin/dbus-broker-launch --config-file=/usr/sha")
dbus-daemon[403667]: [session uid=1000 pid=403667 pidfd=4] Activated service 'org.freedesktop.systemd1' failed: Process org.freedesktop.systemd1 exited with status 1
{"trial": "S2r-095-toggle-COMP-measured-r23", "mode": "step", "outcome": "verified", "oracle_exact_match": true, "completion_mutations": 1, "routes": ["provider", "provider"], "error": null, "la": "5.09", "prov": {"attempts": 0, "reached": 0}}
dbus-daemon[403667]: [session uid=1000 pid=403667 pidfd=4] Activating service name='org.freedesktop.systemd1' requested by ':1.4' (uid=1000 pid=403798 comm="/usr/bin/dbus-broker-launch --config-file=/usr/sha")
dbus-daemon[403667]: [session uid=1000 pid=403667 pidfd=4] Activated service 'org.freedesktop.systemd1' failed: Process org.freedesktop.systemd1 exited with status 1
dbus-daemon[403667]: [session uid=1000 pid=403667 pidfd=4] Activating service name='org.freedesktop.systemd1' requested by ':1.4' (uid=1000 pid=403798 comm="/usr/bin/dbus-broker-launch --config-file=/usr/sha")
dbus-daemon[403667]: [session uid=1000 pid=403667 pidfd=4] Activated service 'org.freedesktop.systemd1' failed: Process org.freedesktop.systemd1 exited with status 1
dbus-daemon[403667]: [session uid=1000 pid=403667 pidfd=4] Activating service name='org.freedesktop.systemd1' requested by ':1.4' (uid=1000 pid=403798 comm="/usr/bin/dbus-broker-launch --config-file=/usr/sha")
dbus-daemon[403667]: [session uid=1000 pid=403667 pidfd=4] Activated service 'org.freedesktop.systemd1' failed: Process org.freedesktop.systemd1 exited with status 1
{"trial": "S2r-096-fill-BASE-measured-r24", "mode": "step", "outcome": "verified", "oracle_exact_match": true, "completion_mutations": 1, "routes": ["provider", "provider"], "error": null, "la": "5.00", "prov": {"attempts": 0, "reached": 0}}
dbus-daemon[403667]: [session uid=1000 pid=403667 pidfd=4] Activating service name='org.freedesktop.systemd1' requested by ':1.4' (uid=1000 pid=403798 comm="/usr/bin/dbus-broker-launch --config-file=/usr/sha")
dbus-daemon[403667]: [session uid=1000 pid=403667 pidfd=4] Activated service 'org.freedesktop.systemd1' failed: Process org.freedesktop.systemd1 exited with status 1
dbus-daemon[403667]: [session uid=1000 pid=403667 pidfd=4] Activating service name='org.freedesktop.systemd1' requested by ':1.4' (uid=1000 pid=403798 comm="/usr/bin/dbus-broker-launch --config-file=/usr/sha")
dbus-daemon[403667]: [session uid=1000 pid=403667 pidfd=4] Activated service 'org.freedesktop.systemd1' failed: Process org.freedesktop.systemd1 exited with status 1
dbus-daemon[403667]: [session uid=1000 pid=403667 pidfd=4] Activating service name='org.freedesktop.systemd1' requested by ':1.4' (uid=1000 pid=403798 comm="/usr/bin/dbus-broker-launch --config-file=/usr/sha")
dbus-daemon[403667]: [session uid=1000 pid=403667 pidfd=4] Activated service 'org.freedesktop.systemd1' failed: Process org.freedesktop.systemd1 exited with status 1
{"trial": "S2r-097-fill-COMP-measured-r24", "mode": "replay", "outcome": "verified", "oracle_exact_match": true, "completion_mutations": 1, "routes": ["compiled"], "error": null, "la": "5.00", "prov": {"attempts": 0, "reached": 0}}
dbus-daemon[403667]: [session uid=1000 pid=403667 pidfd=4] Activating service name='org.freedesktop.systemd1' requested by ':1.4' (uid=1000 pid=403798 comm="/usr/bin/dbus-broker-launch --config-file=/usr/sha")
dbus-daemon[403667]: [session uid=1000 pid=403667 pidfd=4] Activated service 'org.freedesktop.systemd1' failed: Process org.freedesktop.systemd1 exited with status 1
dbus-daemon[403667]: [session uid=1000 pid=403667 pidfd=4] Activating service name='org.freedesktop.systemd1' requested by ':1.4' (uid=1000 pid=403798 comm="/usr/bin/dbus-broker-launch --config-file=/usr/sha")
dbus-daemon[403667]: [session uid=1000 pid=403667 pidfd=4] Activated service 'org.freedesktop.systemd1' failed: Process org.freedesktop.systemd1 exited with status 1
dbus-daemon[403667]: [session uid=1000 pid=403667 pidfd=4] Activating service name='org.freedesktop.systemd1' requested by ':1.4' (uid=1000 pid=403798 comm="/usr/bin/dbus-broker-launch --config-file=/usr/sha")
dbus-daemon[403667]: [session uid=1000 pid=403667 pidfd=4] Activated service 'org.freedesktop.systemd1' failed: Process org.freedesktop.systemd1 exited with status 1
{"trial": "S2r-098-fill-COMP_E-measured-r24", "mode": "replay", "outcome": "verified", "oracle_exact_match": true, "completion_mutations": 1, "routes": ["compiled"], "error": null, "la": "4.92", "prov": {"attempts": 0, "reached": 0}}
dbus-daemon[403667]: [session uid=1000 pid=403667 pidfd=4] Activating service name='org.freedesktop.systemd1' requested by ':1.4' (uid=1000 pid=403798 comm="/usr/bin/dbus-broker-launch --config-file=/usr/sha")
dbus-daemon[403667]: [session uid=1000 pid=403667 pidfd=4] Activated service 'org.freedesktop.systemd1' failed: Process org.freedesktop.systemd1 exited with status 1
dbus-daemon[403667]: [session uid=1000 pid=403667 pidfd=4] Activating service name='org.freedesktop.systemd1' requested by ':1.4' (uid=1000 pid=403798 comm="/usr/bin/dbus-broker-launch --config-file=/usr/sha")
dbus-daemon[403667]: [session uid=1000 pid=403667 pidfd=4] Activated service 'org.freedesktop.systemd1' failed: Process org.freedesktop.systemd1 exited with status 1
dbus-daemon[403667]: [session uid=1000 pid=403667 pidfd=4] Activating service name='org.freedesktop.systemd1' requested by ':1.4' (uid=1000 pid=403798 comm="/usr/bin/dbus-broker-launch --config-file=/usr/sha")
dbus-daemon[403667]: [session uid=1000 pid=403667 pidfd=4] Activated service 'org.freedesktop.systemd1' failed: Process org.freedesktop.systemd1 exited with status 1
{"trial": "S2r-099-fill-COMP_K-measured-r24", "mode": "replay", "outcome": "verified", "oracle_exact_match": true, "completion_mutations": 1, "routes": ["compiled"], "error": null, "la": "4.92", "prov": {"attempts": 0, "reached": 0}}
dbus-daemon[403667]: [session uid=1000 pid=403667 pidfd=4] Activating service name='org.freedesktop.systemd1' requested by ':1.4' (uid=1000 pid=403798 comm="/usr/bin/dbus-broker-launch --config-file=/usr/sha")
dbus-daemon[403667]: [session uid=1000 pid=403667 pidfd=4] Activated service 'org.freedesktop.systemd1' failed: Process org.freedesktop.systemd1 exited with status 1
dbus-daemon[403667]: [session uid=1000 pid=403667 pidfd=4] Activating service name='org.freedesktop.systemd1' requested by ':1.4' (uid=1000 pid=403798 comm="/usr/bin/dbus-broker-launch --config-file=/usr/sha")
dbus-daemon[403667]: [session uid=1000 pid=403667 pidfd=4] Activated service 'org.freedesktop.systemd1' failed: Process org.freedesktop.systemd1 exited with status 1
dbus-daemon[403667]: [session uid=1000 pid=403667 pidfd=4] Activating service name='org.freedesktop.systemd1' requested by ':1.4' (uid=1000 pid=403798 comm="/usr/bin/dbus-broker-launch --config-file=/usr/sha")
dbus-daemon[403667]: [session uid=1000 pid=403667 pidfd=4] Activated service 'org.freedesktop.systemd1' failed: Process org.freedesktop.systemd1 exited with status 1
{"trial": "S2r-100-toggle-BASE-measured-r24", "mode": "step", "outcome": "verified", "oracle_exact_match": true, "completion_mutations": 1, "routes": ["provider", "provider"], "error": null, "la": "5.17", "prov": {"attempts": 0, "reached": 0}}
dbus-daemon[403667]: [session uid=1000 pid=403667 pidfd=4] Activating service name='org.freedesktop.systemd1' requested by ':1.4' (uid=1000 pid=403798 comm="/usr/bin/dbus-broker-launch --config-file=/usr/sha")
dbus-daemon[403667]: [session uid=1000 pid=403667 pidfd=4] Activated service 'org.freedesktop.systemd1' failed: Process org.freedesktop.systemd1 exited with status 1
dbus-daemon[403667]: [session uid=1000 pid=403667 pidfd=4] Activating service name='org.freedesktop.systemd1' requested by ':1.4' (uid=1000 pid=403798 comm="/usr/bin/dbus-broker-launch --config-file=/usr/sha")
dbus-daemon[403667]: [session uid=1000 pid=403667 pidfd=4] Activated service 'org.freedesktop.systemd1' failed: Process org.freedesktop.systemd1 exited with status 1
dbus-daemon[403667]: [session uid=1000 pid=403667 pidfd=4] Activating service name='org.freedesktop.systemd1' requested by ':1.4' (uid=1000 pid=403798 comm="/usr/bin/dbus-broker-launch --config-file=/usr/sha")
dbus-daemon[403667]: [session uid=1000 pid=403667 pidfd=4] Activated service 'org.freedesktop.systemd1' failed: Process org.freedesktop.systemd1 exited with status 1
{"trial": "S2r-101-toggle-COMP-measured-r24", "mode": "step", "outcome": "verified", "oracle_exact_match": true, "completion_mutations": 1, "routes": ["provider", "provider"], "error": null, "la": "5.17", "prov": {"attempts": 0, "reached": 0}}
dbus-daemon[403667]: [session uid=1000 pid=403667 pidfd=4] Activating service name='org.freedesktop.systemd1' requested by ':1.4' (uid=1000 pid=403798 comm="/usr/bin/dbus-broker-launch --config-file=/usr/sha")
dbus-daemon[403667]: [session uid=1000 pid=403667 pidfd=4] Activated service 'org.freedesktop.systemd1' failed: Process org.freedesktop.systemd1 exited with status 1
dbus-daemon[403667]: [session uid=1000 pid=403667 pidfd=4] Activating service name='org.freedesktop.systemd1' requested by ':1.4' (uid=1000 pid=403798 comm="/usr/bin/dbus-broker-launch --config-file=/usr/sha")
dbus-daemon[403667]: [session uid=1000 pid=403667 pidfd=4] Activated service 'org.freedesktop.systemd1' failed: Process org.freedesktop.systemd1 exited with status 1
dbus-daemon[403667]: [session uid=1000 pid=403667 pidfd=4] Activating service name='org.freedesktop.systemd1' requested by ':1.4' (uid=1000 pid=403798 comm="/usr/bin/dbus-broker-launch --config-file=/usr/sha")
dbus-daemon[403667]: [session uid=1000 pid=403667 pidfd=4] Activated service 'org.freedesktop.systemd1' failed: Process org.freedesktop.systemd1 exited with status 1
{"trial": "S2r-102-toggle-COMP_E-measured-r24", "mode": "step", "outcome": "verified", "oracle_exact_match": true, "completion_mutations": 1, "routes": ["provider", "provider"], "error": null, "la": "5.39", "prov": {"attempts": 0, "reached": 0}}
dbus-daemon[403667]: [session uid=1000 pid=403667 pidfd=4] Activating service name='org.freedesktop.systemd1' requested by ':1.4' (uid=1000 pid=403798 comm="/usr/bin/dbus-broker-launch --config-file=/usr/sha")
dbus-daemon[403667]: [session uid=1000 pid=403667 pidfd=4] Activated service 'org.freedesktop.systemd1' failed: Process org.freedesktop.systemd1 exited with status 1
dbus-daemon[403667]: [session uid=1000 pid=403667 pidfd=4] Activating service name='org.freedesktop.systemd1' requested by ':1.4' (uid=1000 pid=403798 comm="/usr/bin/dbus-broker-launch --config-file=/usr/sha")
dbus-daemon[403667]: [session uid=1000 pid=403667 pidfd=4] Activated service 'org.freedesktop.systemd1' failed: Process org.freedesktop.systemd1 exited with status 1
dbus-daemon[403667]: [session uid=1000 pid=403667 pidfd=4] Activating service name='org.freedesktop.systemd1' requested by ':1.4' (uid=1000 pid=403798 comm="/usr/bin/dbus-broker-launch --config-file=/usr/sha")
dbus-daemon[403667]: [session uid=1000 pid=403667 pidfd=4] Activated service 'org.freedesktop.systemd1' failed: Process org.freedesktop.systemd1 exited with status 1
{"trial": "S2r-103-toggle-COMP_K-measured-r24", "mode": "step", "outcome": "verified", "oracle_exact_match": true, "completion_mutations": 1, "routes": ["provider", "provider"], "error": null, "la": "5.39", "prov": {"attempts": 0, "reached": 0}}
dbus-daemon[403667]: [session uid=1000 pid=403667 pidfd=4] Activating service name='org.freedesktop.systemd1' requested by ':1.4' (uid=1000 pid=403798 comm="/usr/bin/dbus-broker-launch --config-file=/usr/sha")
dbus-daemon[403667]: [session uid=1000 pid=403667 pidfd=4] Activated service 'org.freedesktop.systemd1' failed: Process org.freedesktop.systemd1 exited with status 1
dbus-daemon[403667]: [session uid=1000 pid=403667 pidfd=4] Activating service name='org.freedesktop.systemd1' requested by ':1.4' (uid=1000 pid=403798 comm="/usr/bin/dbus-broker-launch --config-file=/usr/sha")
dbus-daemon[403667]: [session uid=1000 pid=403667 pidfd=4] Activated service 'org.freedesktop.systemd1' failed: Process org.freedesktop.systemd1 exited with status 1
dbus-daemon[403667]: [session uid=1000 pid=403667 pidfd=4] Activating service name='org.freedesktop.systemd1' requested by ':1.4' (uid=1000 pid=403798 comm="/usr/bin/dbus-broker-launch --config-file=/usr/sha")
dbus-daemon[403667]: [session uid=1000 pid=403667 pidfd=4] Activated service 'org.freedesktop.systemd1' failed: Process org.freedesktop.systemd1 exited with status 1
{"trial": "S2r-104-modal-BASE-measured-r24", "mode": "step", "outcome": "verified", "oracle_exact_match": true, "completion_mutations": 1, "routes": ["provider", "provider"], "error": null, "la": "5.39", "prov": {"attempts": 0, "reached": 0}}
dbus-daemon[403667]: [session uid=1000 pid=403667 pidfd=4] Activating service name='org.freedesktop.systemd1' requested by ':1.4' (uid=1000 pid=403798 comm="/usr/bin/dbus-broker-launch --config-file=/usr/sha")
dbus-daemon[403667]: [session uid=1000 pid=403667 pidfd=4] Activated service 'org.freedesktop.systemd1' failed: Process org.freedesktop.systemd1 exited with status 1
dbus-daemon[403667]: [session uid=1000 pid=403667 pidfd=4] Activating service name='org.freedesktop.systemd1' requested by ':1.4' (uid=1000 pid=403798 comm="/usr/bin/dbus-broker-launch --config-file=/usr/sha")
dbus-daemon[403667]: [session uid=1000 pid=403667 pidfd=4] Activated service 'org.freedesktop.systemd1' failed: Process org.freedesktop.systemd1 exited with status 1
dbus-daemon[403667]: [session uid=1000 pid=403667 pidfd=4] Activating service name='org.freedesktop.systemd1' requested by ':1.4' (uid=1000 pid=403798 comm="/usr/bin/dbus-broker-launch --config-file=/usr/sha")
dbus-daemon[403667]: [session uid=1000 pid=403667 pidfd=4] Activated service 'org.freedesktop.systemd1' failed: Process org.freedesktop.systemd1 exited with status 1
{"trial": "S2r-105-modal-COMP-measured-r24", "mode": "step", "outcome": "verified", "oracle_exact_match": true, "completion_mutations": 1, "routes": ["provider", "provider"], "error": null, "la": "5.20", "prov": {"attempts": 0, "reached": 0}}
dbus-daemon[403667]: [session uid=1000 pid=403667 pidfd=4] Activating service name='org.freedesktop.systemd1' requested by ':1.4' (uid=1000 pid=403798 comm="/usr/bin/dbus-broker-launch --config-file=/usr/sha")
dbus-daemon[403667]: [session uid=1000 pid=403667 pidfd=4] Activated service 'org.freedesktop.systemd1' failed: Process org.freedesktop.systemd1 exited with status 1
dbus-daemon[403667]: [session uid=1000 pid=403667 pidfd=4] Activating service name='org.freedesktop.systemd1' requested by ':1.4' (uid=1000 pid=403798 comm="/usr/bin/dbus-broker-launch --config-file=/usr/sha")
dbus-daemon[403667]: [session uid=1000 pid=403667 pidfd=4] Activated service 'org.freedesktop.systemd1' failed: Process org.freedesktop.systemd1 exited with status 1
dbus-daemon[403667]: [session uid=1000 pid=403667 pidfd=4] Activating service name='org.freedesktop.systemd1' requested by ':1.4' (uid=1000 pid=403798 comm="/usr/bin/dbus-broker-launch --config-file=/usr/sha")
dbus-daemon[403667]: [session uid=1000 pid=403667 pidfd=4] Activated service 'org.freedesktop.systemd1' failed: Process org.freedesktop.systemd1 exited with status 1
{"trial": "S2r-106-modal-COMP_E-measured-r24", "mode": "step", "outcome": "verified", "oracle_exact_match": true, "completion_mutations": 1, "routes": ["provider", "provider"], "error": null, "la": "5.20", "prov": {"attempts": 0, "reached": 0}}
dbus-daemon[403667]: [session uid=1000 pid=403667 pidfd=4] Activating service name='org.freedesktop.systemd1' requested by ':1.4' (uid=1000 pid=403798 comm="/usr/bin/dbus-broker-launch --config-file=/usr/sha")
dbus-daemon[403667]: [session uid=1000 pid=403667 pidfd=4] Activated service 'org.freedesktop.systemd1' failed: Process org.freedesktop.systemd1 exited with status 1
dbus-daemon[403667]: [session uid=1000 pid=403667 pidfd=4] Activating service name='org.freedesktop.systemd1' requested by ':1.4' (uid=1000 pid=403798 comm="/usr/bin/dbus-broker-launch --config-file=/usr/sha")
dbus-daemon[403667]: [session uid=1000 pid=403667 pidfd=4] Activated service 'org.freedesktop.systemd1' failed: Process org.freedesktop.systemd1 exited with status 1
dbus-daemon[403667]: [session uid=1000 pid=403667 pidfd=4] Activating service name='org.freedesktop.systemd1' requested by ':1.4' (uid=1000 pid=403798 comm="/usr/bin/dbus-broker-launch --config-file=/usr/sha")
dbus-daemon[403667]: [session uid=1000 pid=403667 pidfd=4] Activated service 'org.freedesktop.systemd1' failed: Process org.freedesktop.systemd1 exited with status 1
{"trial": "S2r-107-modal-COMP_K-measured-r24", "mode": "step", "outcome": "verified", "oracle_exact_match": true, "completion_mutations": 1, "routes": ["provider", "provider"], "error": null, "la": "4.87", "prov": {"attempts": 0, "reached": 0}}
dbus-daemon[403667]: [session uid=1000 pid=403667 pidfd=4] Activating service name='org.freedesktop.systemd1' requested by ':1.4' (uid=1000 pid=403798 comm="/usr/bin/dbus-broker-launch --config-file=/usr/sha")
dbus-daemon[403667]: [session uid=1000 pid=403667 pidfd=4] Activated service 'org.freedesktop.systemd1' failed: Process org.freedesktop.systemd1 exited with status 1
dbus-daemon[403667]: [session uid=1000 pid=403667 pidfd=4] Activating service name='org.freedesktop.systemd1' requested by ':1.4' (uid=1000 pid=403798 comm="/usr/bin/dbus-broker-launch --config-file=/usr/sha")
dbus-daemon[403667]: [session uid=1000 pid=403667 pidfd=4] Activated service 'org.freedesktop.systemd1' failed: Process org.freedesktop.systemd1 exited with status 1
dbus-daemon[403667]: [session uid=1000 pid=403667 pidfd=4] Activating service name='org.freedesktop.systemd1' requested by ':1.4' (uid=1000 pid=403798 comm="/usr/bin/dbus-broker-launch --config-file=/usr/sha")
dbus-daemon[403667]: [session uid=1000 pid=403667 pidfd=4] Activated service 'org.freedesktop.systemd1' failed: Process org.freedesktop.systemd1 exited with status 1
{"trial": "S2r-108-toggle-COMP-measured-r25", "mode": "step", "outcome": "verified", "oracle_exact_match": true, "completion_mutations": 1, "routes": ["provider", "provider"], "error": null, "la": "4.87", "prov": {"attempts": 0, "reached": 0}}
dbus-daemon[403667]: [session uid=1000 pid=403667 pidfd=4] Activating service name='org.freedesktop.systemd1' requested by ':1.4' (uid=1000 pid=403798 comm="/usr/bin/dbus-broker-launch --config-file=/usr/sha")
dbus-daemon[403667]: [session uid=1000 pid=403667 pidfd=4] Activated service 'org.freedesktop.systemd1' failed: Process org.freedesktop.systemd1 exited with status 1
dbus-daemon[403667]: [session uid=1000 pid=403667 pidfd=4] Activating service name='org.freedesktop.systemd1' requested by ':1.4' (uid=1000 pid=403798 comm="/usr/bin/dbus-broker-launch --config-file=/usr/sha")
dbus-daemon[403667]: [session uid=1000 pid=403667 pidfd=4] Activated service 'org.freedesktop.systemd1' failed: Process org.freedesktop.systemd1 exited with status 1
dbus-daemon[403667]: [session uid=1000 pid=403667 pidfd=4] Activating service name='org.freedesktop.systemd1' requested by ':1.4' (uid=1000 pid=403798 comm="/usr/bin/dbus-broker-launch --config-file=/usr/sha")
dbus-daemon[403667]: [session uid=1000 pid=403667 pidfd=4] Activated service 'org.freedesktop.systemd1' failed: Process org.freedesktop.systemd1 exited with status 1
{"trial": "S2r-109-toggle-COMP_K-measured-r25", "mode": "step", "outcome": "verified", "oracle_exact_match": true, "completion_mutations": 1, "routes": ["provider", "provider"], "error": null, "la": "4.87", "prov": {"attempts": 0, "reached": 0}}
dbus-daemon[403667]: [session uid=1000 pid=403667 pidfd=4] Activating service name='org.freedesktop.systemd1' requested by ':1.4' (uid=1000 pid=403798 comm="/usr/bin/dbus-broker-launch --config-file=/usr/sha")
dbus-daemon[403667]: [session uid=1000 pid=403667 pidfd=4] Activated service 'org.freedesktop.systemd1' failed: Process org.freedesktop.systemd1 exited with status 1
dbus-daemon[403667]: [session uid=1000 pid=403667 pidfd=4] Activating service name='org.freedesktop.systemd1' requested by ':1.4' (uid=1000 pid=403798 comm="/usr/bin/dbus-broker-launch --config-file=/usr/sha")
dbus-daemon[403667]: [session uid=1000 pid=403667 pidfd=4] Activated service 'org.freedesktop.systemd1' failed: Process org.freedesktop.systemd1 exited with status 1
dbus-daemon[403667]: [session uid=1000 pid=403667 pidfd=4] Activating service name='org.freedesktop.systemd1' requested by ':1.4' (uid=1000 pid=403798 comm="/usr/bin/dbus-broker-launch --config-file=/usr/sha")
dbus-daemon[403667]: [session uid=1000 pid=403667 pidfd=4] Activated service 'org.freedesktop.systemd1' failed: Process org.freedesktop.systemd1 exited with status 1
{"trial": "S2r-110-toggle-BASE-measured-r25", "mode": "step", "outcome": "verified", "oracle_exact_match": true, "completion_mutations": 1, "routes": ["provider", "provider"], "error": null, "la": "5.20", "prov": {"attempts": 0, "reached": 0}}
dbus-daemon[403667]: [session uid=1000 pid=403667 pidfd=4] Activating service name='org.freedesktop.systemd1' requested by ':1.4' (uid=1000 pid=403798 comm="/usr/bin/dbus-broker-launch --config-file=/usr/sha")
dbus-daemon[403667]: [session uid=1000 pid=403667 pidfd=4] Activated service 'org.freedesktop.systemd1' failed: Process org.freedesktop.systemd1 exited with status 1
dbus-daemon[403667]: [session uid=1000 pid=403667 pidfd=4] Activating service name='org.freedesktop.systemd1' requested by ':1.4' (uid=1000 pid=403798 comm="/usr/bin/dbus-broker-launch --config-file=/usr/sha")
dbus-daemon[403667]: [session uid=1000 pid=403667 pidfd=4] Activated service 'org.freedesktop.systemd1' failed: Process org.freedesktop.systemd1 exited with status 1
dbus-daemon[403667]: [session uid=1000 pid=403667 pidfd=4] Activating service name='org.freedesktop.systemd1' requested by ':1.4' (uid=1000 pid=403798 comm="/usr/bin/dbus-broker-launch --config-file=/usr/sha")
dbus-daemon[403667]: [session uid=1000 pid=403667 pidfd=4] Activated service 'org.freedesktop.systemd1' failed: Process org.freedesktop.systemd1 exited with status 1
{"trial": "S2r-111-toggle-COMP_E-measured-r25", "mode": "step", "outcome": "verified", "oracle_exact_match": true, "completion_mutations": 1, "routes": ["provider", "provider"], "error": null, "la": "4.94", "prov": {"attempts": 0, "reached": 0}}
dbus-daemon[403667]: [session uid=1000 pid=403667 pidfd=4] Activating service name='org.freedesktop.systemd1' requested by ':1.4' (uid=1000 pid=403798 comm="/usr/bin/dbus-broker-launch --config-file=/usr/sha")
dbus-daemon[403667]: [session uid=1000 pid=403667 pidfd=4] Activated service 'org.freedesktop.systemd1' failed: Process org.freedesktop.systemd1 exited with status 1
dbus-daemon[403667]: [session uid=1000 pid=403667 pidfd=4] Activating service name='org.freedesktop.systemd1' requested by ':1.4' (uid=1000 pid=403798 comm="/usr/bin/dbus-broker-launch --config-file=/usr/sha")
dbus-daemon[403667]: [session uid=1000 pid=403667 pidfd=4] Activated service 'org.freedesktop.systemd1' failed: Process org.freedesktop.systemd1 exited with status 1
dbus-daemon[403667]: [session uid=1000 pid=403667 pidfd=4] Activating service name='org.freedesktop.systemd1' requested by ':1.4' (uid=1000 pid=403798 comm="/usr/bin/dbus-broker-launch --config-file=/usr/sha")
dbus-daemon[403667]: [session uid=1000 pid=403667 pidfd=4] Activated service 'org.freedesktop.systemd1' failed: Process org.freedesktop.systemd1 exited with status 1
{"trial": "S2r-112-modal-COMP-measured-r25", "mode": "step", "outcome": "verified", "oracle_exact_match": true, "completion_mutations": 1, "routes": ["provider", "provider"], "error": null, "la": "4.94", "prov": {"attempts": 0, "reached": 0}}
dbus-daemon[403667]: [session uid=1000 pid=403667 pidfd=4] Activating service name='org.freedesktop.systemd1' requested by ':1.4' (uid=1000 pid=403798 comm="/usr/bin/dbus-broker-launch --config-file=/usr/sha")
dbus-daemon[403667]: [session uid=1000 pid=403667 pidfd=4] Activated service 'org.freedesktop.systemd1' failed: Process org.freedesktop.systemd1 exited with status 1
dbus-daemon[403667]: [session uid=1000 pid=403667 pidfd=4] Activating service name='org.freedesktop.systemd1' requested by ':1.4' (uid=1000 pid=403798 comm="/usr/bin/dbus-broker-launch --config-file=/usr/sha")
dbus-daemon[403667]: [session uid=1000 pid=403667 pidfd=4] Activated service 'org.freedesktop.systemd1' failed: Process org.freedesktop.systemd1 exited with status 1
dbus-daemon[403667]: [session uid=1000 pid=403667 pidfd=4] Activating service name='org.freedesktop.systemd1' requested by ':1.4' (uid=1000 pid=403798 comm="/usr/bin/dbus-broker-launch --config-file=/usr/sha")
dbus-daemon[403667]: [session uid=1000 pid=403667 pidfd=4] Activated service 'org.freedesktop.systemd1' failed: Process org.freedesktop.systemd1 exited with status 1
{"trial": "S2r-113-modal-COMP_K-measured-r25", "mode": "step", "outcome": "verified", "oracle_exact_match": true, "completion_mutations": 1, "routes": ["provider", "provider"], "error": null, "la": "4.94", "prov": {"attempts": 0, "reached": 0}}
dbus-daemon[403667]: [session uid=1000 pid=403667 pidfd=4] Activating service name='org.freedesktop.systemd1' requested by ':1.4' (uid=1000 pid=403798 comm="/usr/bin/dbus-broker-launch --config-file=/usr/sha")
dbus-daemon[403667]: [session uid=1000 pid=403667 pidfd=4] Activated service 'org.freedesktop.systemd1' failed: Process org.freedesktop.systemd1 exited with status 1
dbus-daemon[403667]: [session uid=1000 pid=403667 pidfd=4] Activating service name='org.freedesktop.systemd1' requested by ':1.4' (uid=1000 pid=403798 comm="/usr/bin/dbus-broker-launch --config-file=/usr/sha")
dbus-daemon[403667]: [session uid=1000 pid=403667 pidfd=4] Activated service 'org.freedesktop.systemd1' failed: Process org.freedesktop.systemd1 exited with status 1
dbus-daemon[403667]: [session uid=1000 pid=403667 pidfd=4] Activating service name='org.freedesktop.systemd1' requested by ':1.4' (uid=1000 pid=403798 comm="/usr/bin/dbus-broker-launch --config-file=/usr/sha")
dbus-daemon[403667]: [session uid=1000 pid=403667 pidfd=4] Activated service 'org.freedesktop.systemd1' failed: Process org.freedesktop.systemd1 exited with status 1
{"trial": "S2r-114-modal-BASE-measured-r25", "mode": "step", "outcome": "verified", "oracle_exact_match": true, "completion_mutations": 1, "routes": ["provider", "provider"], "error": null, "la": "5.03", "prov": {"attempts": 0, "reached": 0}}
dbus-daemon[403667]: [session uid=1000 pid=403667 pidfd=4] Activating service name='org.freedesktop.systemd1' requested by ':1.4' (uid=1000 pid=403798 comm="/usr/bin/dbus-broker-launch --config-file=/usr/sha")
dbus-daemon[403667]: [session uid=1000 pid=403667 pidfd=4] Activated service 'org.freedesktop.systemd1' failed: Process org.freedesktop.systemd1 exited with status 1
dbus-daemon[403667]: [session uid=1000 pid=403667 pidfd=4] Activating service name='org.freedesktop.systemd1' requested by ':1.4' (uid=1000 pid=403798 comm="/usr/bin/dbus-broker-launch --config-file=/usr/sha")
dbus-daemon[403667]: [session uid=1000 pid=403667 pidfd=4] Activated service 'org.freedesktop.systemd1' failed: Process org.freedesktop.systemd1 exited with status 1
dbus-daemon[403667]: [session uid=1000 pid=403667 pidfd=4] Activating service name='org.freedesktop.systemd1' requested by ':1.4' (uid=1000 pid=403798 comm="/usr/bin/dbus-broker-launch --config-file=/usr/sha")
dbus-daemon[403667]: [session uid=1000 pid=403667 pidfd=4] Activated service 'org.freedesktop.systemd1' failed: Process org.freedesktop.systemd1 exited with status 1
{"trial": "S2r-115-modal-COMP_E-measured-r25", "mode": "step", "outcome": "verified", "oracle_exact_match": true, "completion_mutations": 1, "routes": ["provider", "provider"], "error": null, "la": "4.86", "prov": {"attempts": 0, "reached": 0}}
dbus-daemon[403667]: [session uid=1000 pid=403667 pidfd=4] Activating service name='org.freedesktop.systemd1' requested by ':1.4' (uid=1000 pid=403798 comm="/usr/bin/dbus-broker-launch --config-file=/usr/sha")
dbus-daemon[403667]: [session uid=1000 pid=403667 pidfd=4] Activated service 'org.freedesktop.systemd1' failed: Process org.freedesktop.systemd1 exited with status 1
dbus-daemon[403667]: [session uid=1000 pid=403667 pidfd=4] Activating service name='org.freedesktop.systemd1' requested by ':1.4' (uid=1000 pid=403798 comm="/usr/bin/dbus-broker-launch --config-file=/usr/sha")
dbus-daemon[403667]: [session uid=1000 pid=403667 pidfd=4] Activated service 'org.freedesktop.systemd1' failed: Process org.freedesktop.systemd1 exited with status 1
dbus-daemon[403667]: [session uid=1000 pid=403667 pidfd=4] Activating service name='org.freedesktop.systemd1' requested by ':1.4' (uid=1000 pid=403798 comm="/usr/bin/dbus-broker-launch --config-file=/usr/sha")
dbus-daemon[403667]: [session uid=1000 pid=403667 pidfd=4] Activated service 'org.freedesktop.systemd1' failed: Process org.freedesktop.systemd1 exited with status 1
{"trial": "S2r-116-fill-COMP-measured-r25", "mode": "replay", "outcome": "verified", "oracle_exact_match": true, "completion_mutations": 1, "routes": ["compiled"], "error": null, "la": "4.86", "prov": {"attempts": 0, "reached": 0}}
dbus-daemon[403667]: [session uid=1000 pid=403667 pidfd=4] Activating service name='org.freedesktop.systemd1' requested by ':1.4' (uid=1000 pid=403798 comm="/usr/bin/dbus-broker-launch --config-file=/usr/sha")
dbus-daemon[403667]: [session uid=1000 pid=403667 pidfd=4] Activated service 'org.freedesktop.systemd1' failed: Process org.freedesktop.systemd1 exited with status 1
dbus-daemon[403667]: [session uid=1000 pid=403667 pidfd=4] Activating service name='org.freedesktop.systemd1' requested by ':1.4' (uid=1000 pid=403798 comm="/usr/bin/dbus-broker-launch --config-file=/usr/sha")
dbus-daemon[403667]: [session uid=1000 pid=403667 pidfd=4] Activated service 'org.freedesktop.systemd1' failed: Process org.freedesktop.systemd1 exited with status 1
dbus-daemon[403667]: [session uid=1000 pid=403667 pidfd=4] Activating service name='org.freedesktop.systemd1' requested by ':1.4' (uid=1000 pid=403798 comm="/usr/bin/dbus-broker-launch --config-file=/usr/sha")
dbus-daemon[403667]: [session uid=1000 pid=403667 pidfd=4] Activated service 'org.freedesktop.systemd1' failed: Process org.freedesktop.systemd1 exited with status 1
{"trial": "S2r-117-fill-COMP_K-measured-r25", "mode": "replay", "outcome": "verified", "oracle_exact_match": true, "completion_mutations": 1, "routes": ["compiled"], "error": null, "la": "4.86", "prov": {"attempts": 0, "reached": 0}}
dbus-daemon[403667]: [session uid=1000 pid=403667 pidfd=4] Activating service name='org.freedesktop.systemd1' requested by ':1.4' (uid=1000 pid=403798 comm="/usr/bin/dbus-broker-launch --config-file=/usr/sha")
dbus-daemon[403667]: [session uid=1000 pid=403667 pidfd=4] Activated service 'org.freedesktop.systemd1' failed: Process org.freedesktop.systemd1 exited with status 1
dbus-daemon[403667]: [session uid=1000 pid=403667 pidfd=4] Activating service name='org.freedesktop.systemd1' requested by ':1.4' (uid=1000 pid=403798 comm="/usr/bin/dbus-broker-launch --config-file=/usr/sha")
dbus-daemon[403667]: [session uid=1000 pid=403667 pidfd=4] Activated service 'org.freedesktop.systemd1' failed: Process org.freedesktop.systemd1 exited with status 1
dbus-daemon[403667]: [session uid=1000 pid=403667 pidfd=4] Activating service name='org.freedesktop.systemd1' requested by ':1.4' (uid=1000 pid=403798 comm="/usr/bin/dbus-broker-launch --config-file=/usr/sha")
dbus-daemon[403667]: [session uid=1000 pid=403667 pidfd=4] Activated service 'org.freedesktop.systemd1' failed: Process org.freedesktop.systemd1 exited with status 1
{"trial": "S2r-118-fill-BASE-measured-r25", "mode": "step", "outcome": "verified", "oracle_exact_match": true, "completion_mutations": 1, "routes": ["provider", "provider"], "error": null, "la": "4.55", "prov": {"attempts": 0, "reached": 0}}
dbus-daemon[403667]: [session uid=1000 pid=403667 pidfd=4] Activating service name='org.freedesktop.systemd1' requested by ':1.4' (uid=1000 pid=403798 comm="/usr/bin/dbus-broker-launch --config-file=/usr/sha")
dbus-daemon[403667]: [session uid=1000 pid=403667 pidfd=4] Activated service 'org.freedesktop.systemd1' failed: Process org.freedesktop.systemd1 exited with status 1
dbus-daemon[403667]: [session uid=1000 pid=403667 pidfd=4] Activating service name='org.freedesktop.systemd1' requested by ':1.4' (uid=1000 pid=403798 comm="/usr/bin/dbus-broker-launch --config-file=/usr/sha")
dbus-daemon[403667]: [session uid=1000 pid=403667 pidfd=4] Activated service 'org.freedesktop.systemd1' failed: Process org.freedesktop.systemd1 exited with status 1
dbus-daemon[403667]: [session uid=1000 pid=403667 pidfd=4] Activating service name='org.freedesktop.systemd1' requested by ':1.4' (uid=1000 pid=403798 comm="/usr/bin/dbus-broker-launch --config-file=/usr/sha")
dbus-daemon[403667]: [session uid=1000 pid=403667 pidfd=4] Activated service 'org.freedesktop.systemd1' failed: Process org.freedesktop.systemd1 exited with status 1
{"trial": "S2r-119-fill-COMP_E-measured-r25", "mode": "replay", "outcome": "verified", "oracle_exact_match": true, "completion_mutations": 1, "routes": ["compiled"], "error": null, "la": "4.43", "prov": {"attempts": 0, "reached": 0}}
dbus-daemon[403667]: [session uid=1000 pid=403667 pidfd=4] Activating service name='org.freedesktop.systemd1' requested by ':1.4' (uid=1000 pid=403798 comm="/usr/bin/dbus-broker-launch --config-file=/usr/sha")
dbus-daemon[403667]: [session uid=1000 pid=403667 pidfd=4] Activated service 'org.freedesktop.systemd1' failed: Process org.freedesktop.systemd1 exited with status 1
dbus-daemon[403667]: [session uid=1000 pid=403667 pidfd=4] Activating service name='org.freedesktop.systemd1' requested by ':1.4' (uid=1000 pid=403798 comm="/usr/bin/dbus-broker-launch --config-file=/usr/sha")
dbus-daemon[403667]: [session uid=1000 pid=403667 pidfd=4] Activated service 'org.freedesktop.systemd1' failed: Process org.freedesktop.systemd1 exited with status 1
dbus-daemon[403667]: [session uid=1000 pid=403667 pidfd=4] Activating service name='org.freedesktop.systemd1' requested by ':1.4' (uid=1000 pid=403798 comm="/usr/bin/dbus-broker-launch --config-file=/usr/sha")
dbus-daemon[403667]: [session uid=1000 pid=403667 pidfd=4] Activated service 'org.freedesktop.systemd1' failed: Process org.freedesktop.systemd1 exited with status 1
{"trial": "S2r-120-modal-COMP_K-measured-r26", "mode": "step", "outcome": "verified", "oracle_exact_match": true, "completion_mutations": 1, "routes": ["provider", "provider"], "error": null, "la": "4.43", "prov": {"attempts": 0, "reached": 0}}
dbus-daemon[403667]: [session uid=1000 pid=403667 pidfd=4] Activating service name='org.freedesktop.systemd1' requested by ':1.4' (uid=1000 pid=403798 comm="/usr/bin/dbus-broker-launch --config-file=/usr/sha")
dbus-daemon[403667]: [session uid=1000 pid=403667 pidfd=4] Activated service 'org.freedesktop.systemd1' failed: Process org.freedesktop.systemd1 exited with status 1
dbus-daemon[403667]: [session uid=1000 pid=403667 pidfd=4] Activating service name='org.freedesktop.systemd1' requested by ':1.4' (uid=1000 pid=403798 comm="/usr/bin/dbus-broker-launch --config-file=/usr/sha")
dbus-daemon[403667]: [session uid=1000 pid=403667 pidfd=4] Activated service 'org.freedesktop.systemd1' failed: Process org.freedesktop.systemd1 exited with status 1
dbus-daemon[403667]: [session uid=1000 pid=403667 pidfd=4] Activating service name='org.freedesktop.systemd1' requested by ':1.4' (uid=1000 pid=403798 comm="/usr/bin/dbus-broker-launch --config-file=/usr/sha")
dbus-daemon[403667]: [session uid=1000 pid=403667 pidfd=4] Activated service 'org.freedesktop.systemd1' failed: Process org.freedesktop.systemd1 exited with status 1
{"trial": "S2r-121-modal-COMP_E-measured-r26", "mode": "step", "outcome": "verified", "oracle_exact_match": true, "completion_mutations": 1, "routes": ["provider", "provider"], "error": null, "la": "4.23", "prov": {"attempts": 0, "reached": 0}}
dbus-daemon[403667]: [session uid=1000 pid=403667 pidfd=4] Activating service name='org.freedesktop.systemd1' requested by ':1.4' (uid=1000 pid=403798 comm="/usr/bin/dbus-broker-launch --config-file=/usr/sha")
dbus-daemon[403667]: [session uid=1000 pid=403667 pidfd=4] Activated service 'org.freedesktop.systemd1' failed: Process org.freedesktop.systemd1 exited with status 1
dbus-daemon[403667]: [session uid=1000 pid=403667 pidfd=4] Activating service name='org.freedesktop.systemd1' requested by ':1.4' (uid=1000 pid=403798 comm="/usr/bin/dbus-broker-launch --config-file=/usr/sha")
dbus-daemon[403667]: [session uid=1000 pid=403667 pidfd=4] Activated service 'org.freedesktop.systemd1' failed: Process org.freedesktop.systemd1 exited with status 1
dbus-daemon[403667]: [session uid=1000 pid=403667 pidfd=4] Activating service name='org.freedesktop.systemd1' requested by ':1.4' (uid=1000 pid=403798 comm="/usr/bin/dbus-broker-launch --config-file=/usr/sha")
dbus-daemon[403667]: [session uid=1000 pid=403667 pidfd=4] Activated service 'org.freedesktop.systemd1' failed: Process org.freedesktop.systemd1 exited with status 1
{"trial": "S2r-122-modal-COMP-measured-r26", "mode": "step", "outcome": "verified", "oracle_exact_match": true, "completion_mutations": 1, "routes": ["provider", "provider"], "error": null, "la": "4.23", "prov": {"attempts": 0, "reached": 0}}
dbus-daemon[403667]: [session uid=1000 pid=403667 pidfd=4] Activating service name='org.freedesktop.systemd1' requested by ':1.4' (uid=1000 pid=403798 comm="/usr/bin/dbus-broker-launch --config-file=/usr/sha")
dbus-daemon[403667]: [session uid=1000 pid=403667 pidfd=4] Activated service 'org.freedesktop.systemd1' failed: Process org.freedesktop.systemd1 exited with status 1
dbus-daemon[403667]: [session uid=1000 pid=403667 pidfd=4] Activating service name='org.freedesktop.systemd1' requested by ':1.4' (uid=1000 pid=403798 comm="/usr/bin/dbus-broker-launch --config-file=/usr/sha")
dbus-daemon[403667]: [session uid=1000 pid=403667 pidfd=4] Activated service 'org.freedesktop.systemd1' failed: Process org.freedesktop.systemd1 exited with status 1
dbus-daemon[403667]: [session uid=1000 pid=403667 pidfd=4] Activating service name='org.freedesktop.systemd1' requested by ':1.4' (uid=1000 pid=403798 comm="/usr/bin/dbus-broker-launch --config-file=/usr/sha")
dbus-daemon[403667]: [session uid=1000 pid=403667 pidfd=4] Activated service 'org.freedesktop.systemd1' failed: Process org.freedesktop.systemd1 exited with status 1
{"trial": "S2r-123-modal-BASE-measured-r26", "mode": "step", "outcome": "verified", "oracle_exact_match": true, "completion_mutations": 1, "routes": ["provider", "provider"], "error": null, "la": "4.23", "prov": {"attempts": 0, "reached": 0}}
dbus-daemon[403667]: [session uid=1000 pid=403667 pidfd=4] Activating service name='org.freedesktop.systemd1' requested by ':1.4' (uid=1000 pid=403798 comm="/usr/bin/dbus-broker-launch --config-file=/usr/sha")
dbus-daemon[403667]: [session uid=1000 pid=403667 pidfd=4] Activated service 'org.freedesktop.systemd1' failed: Process org.freedesktop.systemd1 exited with status 1
dbus-daemon[403667]: [session uid=1000 pid=403667 pidfd=4] Activating service name='org.freedesktop.systemd1' requested by ':1.4' (uid=1000 pid=403798 comm="/usr/bin/dbus-broker-launch --config-file=/usr/sha")
dbus-daemon[403667]: [session uid=1000 pid=403667 pidfd=4] Activated service 'org.freedesktop.systemd1' failed: Process org.freedesktop.systemd1 exited with status 1
dbus-daemon[403667]: [session uid=1000 pid=403667 pidfd=4] Activating service name='org.freedesktop.systemd1' requested by ':1.4' (uid=1000 pid=403798 comm="/usr/bin/dbus-broker-launch --config-file=/usr/sha")
dbus-daemon[403667]: [session uid=1000 pid=403667 pidfd=4] Activated service 'org.freedesktop.systemd1' failed: Process org.freedesktop.systemd1 exited with status 1
{"trial": "S2r-124-fill-COMP_K-measured-r26", "mode": "replay", "outcome": "verified", "oracle_exact_match": true, "completion_mutations": 1, "routes": ["compiled"], "error": null, "la": "3.97", "prov": {"attempts": 0, "reached": 0}}
dbus-daemon[403667]: [session uid=1000 pid=403667 pidfd=4] Activating service name='org.freedesktop.systemd1' requested by ':1.4' (uid=1000 pid=403798 comm="/usr/bin/dbus-broker-launch --config-file=/usr/sha")
dbus-daemon[403667]: [session uid=1000 pid=403667 pidfd=4] Activated service 'org.freedesktop.systemd1' failed: Process org.freedesktop.systemd1 exited with status 1
dbus-daemon[403667]: [session uid=1000 pid=403667 pidfd=4] Activating service name='org.freedesktop.systemd1' requested by ':1.4' (uid=1000 pid=403798 comm="/usr/bin/dbus-broker-launch --config-file=/usr/sha")
dbus-daemon[403667]: [session uid=1000 pid=403667 pidfd=4] Activated service 'org.freedesktop.systemd1' failed: Process org.freedesktop.systemd1 exited with status 1
dbus-daemon[403667]: [session uid=1000 pid=403667 pidfd=4] Activating service name='org.freedesktop.systemd1' requested by ':1.4' (uid=1000 pid=403798 comm="/usr/bin/dbus-broker-launch --config-file=/usr/sha")
dbus-daemon[403667]: [session uid=1000 pid=403667 pidfd=4] Activated service 'org.freedesktop.systemd1' failed: Process org.freedesktop.systemd1 exited with status 1
{"trial": "S2r-125-fill-COMP_E-measured-r26", "mode": "replay", "outcome": "verified", "oracle_exact_match": true, "completion_mutations": 1, "routes": ["compiled"], "error": null, "la": "3.97", "prov": {"attempts": 0, "reached": 0}}
dbus-daemon[403667]: [session uid=1000 pid=403667 pidfd=4] Activating service name='org.freedesktop.systemd1' requested by ':1.4' (uid=1000 pid=403798 comm="/usr/bin/dbus-broker-launch --config-file=/usr/sha")
dbus-daemon[403667]: [session uid=1000 pid=403667 pidfd=4] Activated service 'org.freedesktop.systemd1' failed: Process org.freedesktop.systemd1 exited with status 1
dbus-daemon[403667]: [session uid=1000 pid=403667 pidfd=4] Activating service name='org.freedesktop.systemd1' requested by ':1.4' (uid=1000 pid=403798 comm="/usr/bin/dbus-broker-launch --config-file=/usr/sha")
dbus-daemon[403667]: [session uid=1000 pid=403667 pidfd=4] Activated service 'org.freedesktop.systemd1' failed: Process org.freedesktop.systemd1 exited with status 1
dbus-daemon[403667]: [session uid=1000 pid=403667 pidfd=4] Activating service name='org.freedesktop.systemd1' requested by ':1.4' (uid=1000 pid=403798 comm="/usr/bin/dbus-broker-launch --config-file=/usr/sha")
dbus-daemon[403667]: [session uid=1000 pid=403667 pidfd=4] Activated service 'org.freedesktop.systemd1' failed: Process org.freedesktop.systemd1 exited with status 1
{"trial": "S2r-126-fill-COMP-measured-r26", "mode": "replay", "outcome": "verified", "oracle_exact_match": true, "completion_mutations": 1, "routes": ["compiled"], "error": null, "la": "3.90", "prov": {"attempts": 0, "reached": 0}}
dbus-daemon[403667]: [session uid=1000 pid=403667 pidfd=4] Activating service name='org.freedesktop.systemd1' requested by ':1.4' (uid=1000 pid=403798 comm="/usr/bin/dbus-broker-launch --config-file=/usr/sha")
dbus-daemon[403667]: [session uid=1000 pid=403667 pidfd=4] Activated service 'org.freedesktop.systemd1' failed: Process org.freedesktop.systemd1 exited with status 1
dbus-daemon[403667]: [session uid=1000 pid=403667 pidfd=4] Activating service name='org.freedesktop.systemd1' requested by ':1.4' (uid=1000 pid=403798 comm="/usr/bin/dbus-broker-launch --config-file=/usr/sha")
dbus-daemon[403667]: [session uid=1000 pid=403667 pidfd=4] Activated service 'org.freedesktop.systemd1' failed: Process org.freedesktop.systemd1 exited with status 1
dbus-daemon[403667]: [session uid=1000 pid=403667 pidfd=4] Activating service name='org.freedesktop.systemd1' requested by ':1.4' (uid=1000 pid=403798 comm="/usr/bin/dbus-broker-launch --config-file=/usr/sha")
dbus-daemon[403667]: [session uid=1000 pid=403667 pidfd=4] Activated service 'org.freedesktop.systemd1' failed: Process org.freedesktop.systemd1 exited with status 1
{"trial": "S2r-127-fill-BASE-measured-r26", "mode": "step", "outcome": "verified", "oracle_exact_match": true, "completion_mutations": 1, "routes": ["provider", "provider"], "error": null, "la": "3.90", "prov": {"attempts": 0, "reached": 0}}
dbus-daemon[403667]: [session uid=1000 pid=403667 pidfd=4] Activating service name='org.freedesktop.systemd1' requested by ':1.4' (uid=1000 pid=403798 comm="/usr/bin/dbus-broker-launch --config-file=/usr/sha")
dbus-daemon[403667]: [session uid=1000 pid=403667 pidfd=4] Activated service 'org.freedesktop.systemd1' failed: Process org.freedesktop.systemd1 exited with status 1
dbus-daemon[403667]: [session uid=1000 pid=403667 pidfd=4] Activating service name='org.freedesktop.systemd1' requested by ':1.4' (uid=1000 pid=403798 comm="/usr/bin/dbus-broker-launch --config-file=/usr/sha")
dbus-daemon[403667]: [session uid=1000 pid=403667 pidfd=4] Activated service 'org.freedesktop.systemd1' failed: Process org.freedesktop.systemd1 exited with status 1
dbus-daemon[403667]: [session uid=1000 pid=403667 pidfd=4] Activating service name='org.freedesktop.systemd1' requested by ':1.4' (uid=1000 pid=403798 comm="/usr/bin/dbus-broker-launch --config-file=/usr/sha")
dbus-daemon[403667]: [session uid=1000 pid=403667 pidfd=4] Activated service 'org.freedesktop.systemd1' failed: Process org.freedesktop.systemd1 exited with status 1
{"trial": "S2r-128-toggle-COMP_K-measured-r26", "mode": "step", "outcome": "verified", "oracle_exact_match": true, "completion_mutations": 1, "routes": ["provider", "provider"], "error": null, "la": "3.74", "prov": {"attempts": 0, "reached": 0}}
dbus-daemon[403667]: [session uid=1000 pid=403667 pidfd=4] Activating service name='org.freedesktop.systemd1' requested by ':1.4' (uid=1000 pid=403798 comm="/usr/bin/dbus-broker-launch --config-file=/usr/sha")
dbus-daemon[403667]: [session uid=1000 pid=403667 pidfd=4] Activated service 'org.freedesktop.systemd1' failed: Process org.freedesktop.systemd1 exited with status 1
dbus-daemon[403667]: [session uid=1000 pid=403667 pidfd=4] Activating service name='org.freedesktop.systemd1' requested by ':1.4' (uid=1000 pid=403798 comm="/usr/bin/dbus-broker-launch --config-file=/usr/sha")
dbus-daemon[403667]: [session uid=1000 pid=403667 pidfd=4] Activated service 'org.freedesktop.systemd1' failed: Process org.freedesktop.systemd1 exited with status 1
dbus-daemon[403667]: [session uid=1000 pid=403667 pidfd=4] Activating service name='org.freedesktop.systemd1' requested by ':1.4' (uid=1000 pid=403798 comm="/usr/bin/dbus-broker-launch --config-file=/usr/sha")
dbus-daemon[403667]: [session uid=1000 pid=403667 pidfd=4] Activated service 'org.freedesktop.systemd1' failed: Process org.freedesktop.systemd1 exited with status 1
{"trial": "S2r-129-toggle-COMP_E-measured-r26", "mode": "step", "outcome": "verified", "oracle_exact_match": true, "completion_mutations": 1, "routes": ["provider", "provider"], "error": null, "la": "3.74", "prov": {"attempts": 0, "reached": 0}}
dbus-daemon[403667]: [session uid=1000 pid=403667 pidfd=4] Activating service name='org.freedesktop.systemd1' requested by ':1.4' (uid=1000 pid=403798 comm="/usr/bin/dbus-broker-launch --config-file=/usr/sha")
dbus-daemon[403667]: [session uid=1000 pid=403667 pidfd=4] Activated service 'org.freedesktop.systemd1' failed: Process org.freedesktop.systemd1 exited with status 1
dbus-daemon[403667]: [session uid=1000 pid=403667 pidfd=4] Activating service name='org.freedesktop.systemd1' requested by ':1.4' (uid=1000 pid=403798 comm="/usr/bin/dbus-broker-launch --config-file=/usr/sha")
dbus-daemon[403667]: [session uid=1000 pid=403667 pidfd=4] Activated service 'org.freedesktop.systemd1' failed: Process org.freedesktop.systemd1 exited with status 1
dbus-daemon[403667]: [session uid=1000 pid=403667 pidfd=4] Activating service name='org.freedesktop.systemd1' requested by ':1.4' (uid=1000 pid=403798 comm="/usr/bin/dbus-broker-launch --config-file=/usr/sha")
dbus-daemon[403667]: [session uid=1000 pid=403667 pidfd=4] Activated service 'org.freedesktop.systemd1' failed: Process org.freedesktop.systemd1 exited with status 1
{"trial": "S2r-130-toggle-COMP-measured-r26", "mode": "step", "outcome": "verified", "oracle_exact_match": true, "completion_mutations": 1, "routes": ["provider", "provider"], "error": null, "la": "3.44", "prov": {"attempts": 0, "reached": 0}}
dbus-daemon[403667]: [session uid=1000 pid=403667 pidfd=4] Activating service name='org.freedesktop.systemd1' requested by ':1.4' (uid=1000 pid=403798 comm="/usr/bin/dbus-broker-launch --config-file=/usr/sha")
dbus-daemon[403667]: [session uid=1000 pid=403667 pidfd=4] Activated service 'org.freedesktop.systemd1' failed: Process org.freedesktop.systemd1 exited with status 1
dbus-daemon[403667]: [session uid=1000 pid=403667 pidfd=4] Activating service name='org.freedesktop.systemd1' requested by ':1.4' (uid=1000 pid=403798 comm="/usr/bin/dbus-broker-launch --config-file=/usr/sha")
dbus-daemon[403667]: [session uid=1000 pid=403667 pidfd=4] Activated service 'org.freedesktop.systemd1' failed: Process org.freedesktop.systemd1 exited with status 1
dbus-daemon[403667]: [session uid=1000 pid=403667 pidfd=4] Activating service name='org.freedesktop.systemd1' requested by ':1.4' (uid=1000 pid=403798 comm="/usr/bin/dbus-broker-launch --config-file=/usr/sha")
dbus-daemon[403667]: [session uid=1000 pid=403667 pidfd=4] Activated service 'org.freedesktop.systemd1' failed: Process org.freedesktop.systemd1 exited with status 1
{"trial": "S2r-131-toggle-BASE-measured-r26", "mode": "step", "outcome": "verified", "oracle_exact_match": true, "completion_mutations": 1, "routes": ["provider", "provider"], "error": null, "la": "3.44", "prov": {"attempts": 0, "reached": 0}}
dbus-daemon[403667]: [session uid=1000 pid=403667 pidfd=4] Activating service name='org.freedesktop.systemd1' requested by ':1.4' (uid=1000 pid=403798 comm="/usr/bin/dbus-broker-launch --config-file=/usr/sha")
dbus-daemon[403667]: [session uid=1000 pid=403667 pidfd=4] Activated service 'org.freedesktop.systemd1' failed: Process org.freedesktop.systemd1 exited with status 1
dbus-daemon[403667]: [session uid=1000 pid=403667 pidfd=4] Activating service name='org.freedesktop.systemd1' requested by ':1.4' (uid=1000 pid=403798 comm="/usr/bin/dbus-broker-launch --config-file=/usr/sha")
dbus-daemon[403667]: [session uid=1000 pid=403667 pidfd=4] Activated service 'org.freedesktop.systemd1' failed: Process org.freedesktop.systemd1 exited with status 1
dbus-daemon[403667]: [session uid=1000 pid=403667 pidfd=4] Activating service name='org.freedesktop.systemd1' requested by ':1.4' (uid=1000 pid=403798 comm="/usr/bin/dbus-broker-launch --config-file=/usr/sha")
dbus-daemon[403667]: [session uid=1000 pid=403667 pidfd=4] Activated service 'org.freedesktop.systemd1' failed: Process org.freedesktop.systemd1 exited with status 1
{"trial": "S2r-132-fill-COMP_E-measured-r27", "mode": "replay", "outcome": "verified", "oracle_exact_match": true, "completion_mutations": 1, "routes": ["compiled"], "error": null, "la": "3.44", "prov": {"attempts": 0, "reached": 0}}
dbus-daemon[403667]: [session uid=1000 pid=403667 pidfd=4] Activating service name='org.freedesktop.systemd1' requested by ':1.4' (uid=1000 pid=403798 comm="/usr/bin/dbus-broker-launch --config-file=/usr/sha")
dbus-daemon[403667]: [session uid=1000 pid=403667 pidfd=4] Activated service 'org.freedesktop.systemd1' failed: Process org.freedesktop.systemd1 exited with status 1
dbus-daemon[403667]: [session uid=1000 pid=403667 pidfd=4] Activating service name='org.freedesktop.systemd1' requested by ':1.4' (uid=1000 pid=403798 comm="/usr/bin/dbus-broker-launch --config-file=/usr/sha")
dbus-daemon[403667]: [session uid=1000 pid=403667 pidfd=4] Activated service 'org.freedesktop.systemd1' failed: Process org.freedesktop.systemd1 exited with status 1
dbus-daemon[403667]: [session uid=1000 pid=403667 pidfd=4] Activating service name='org.freedesktop.systemd1' requested by ':1.4' (uid=1000 pid=403798 comm="/usr/bin/dbus-broker-launch --config-file=/usr/sha")
dbus-daemon[403667]: [session uid=1000 pid=403667 pidfd=4] Activated service 'org.freedesktop.systemd1' failed: Process org.freedesktop.systemd1 exited with status 1
{"trial": "S2r-133-fill-BASE-measured-r27", "mode": "step", "outcome": "verified", "oracle_exact_match": true, "completion_mutations": 1, "routes": ["provider", "provider"], "error": null, "la": "3.41", "prov": {"attempts": 0, "reached": 0}}
dbus-daemon[403667]: [session uid=1000 pid=403667 pidfd=4] Activating service name='org.freedesktop.systemd1' requested by ':1.4' (uid=1000 pid=403798 comm="/usr/bin/dbus-broker-launch --config-file=/usr/sha")
dbus-daemon[403667]: [session uid=1000 pid=403667 pidfd=4] Activated service 'org.freedesktop.systemd1' failed: Process org.freedesktop.systemd1 exited with status 1
dbus-daemon[403667]: [session uid=1000 pid=403667 pidfd=4] Activating service name='org.freedesktop.systemd1' requested by ':1.4' (uid=1000 pid=403798 comm="/usr/bin/dbus-broker-launch --config-file=/usr/sha")
dbus-daemon[403667]: [session uid=1000 pid=403667 pidfd=4] Activated service 'org.freedesktop.systemd1' failed: Process org.freedesktop.systemd1 exited with status 1
dbus-daemon[403667]: [session uid=1000 pid=403667 pidfd=4] Activating service name='org.freedesktop.systemd1' requested by ':1.4' (uid=1000 pid=403798 comm="/usr/bin/dbus-broker-launch --config-file=/usr/sha")
dbus-daemon[403667]: [session uid=1000 pid=403667 pidfd=4] Activated service 'org.freedesktop.systemd1' failed: Process org.freedesktop.systemd1 exited with status 1
{"trial": "S2r-134-fill-COMP_K-measured-r27", "mode": "replay", "outcome": "verified", "oracle_exact_match": true, "completion_mutations": 1, "routes": ["compiled"], "error": null, "la": "3.41", "prov": {"attempts": 0, "reached": 0}}
dbus-daemon[403667]: [session uid=1000 pid=403667 pidfd=4] Activating service name='org.freedesktop.systemd1' requested by ':1.4' (uid=1000 pid=403798 comm="/usr/bin/dbus-broker-launch --config-file=/usr/sha")
dbus-daemon[403667]: [session uid=1000 pid=403667 pidfd=4] Activated service 'org.freedesktop.systemd1' failed: Process org.freedesktop.systemd1 exited with status 1
dbus-daemon[403667]: [session uid=1000 pid=403667 pidfd=4] Activating service name='org.freedesktop.systemd1' requested by ':1.4' (uid=1000 pid=403798 comm="/usr/bin/dbus-broker-launch --config-file=/usr/sha")
dbus-daemon[403667]: [session uid=1000 pid=403667 pidfd=4] Activated service 'org.freedesktop.systemd1' failed: Process org.freedesktop.systemd1 exited with status 1
dbus-daemon[403667]: [session uid=1000 pid=403667 pidfd=4] Activating service name='org.freedesktop.systemd1' requested by ':1.4' (uid=1000 pid=403798 comm="/usr/bin/dbus-broker-launch --config-file=/usr/sha")
dbus-daemon[403667]: [session uid=1000 pid=403667 pidfd=4] Activated service 'org.freedesktop.systemd1' failed: Process org.freedesktop.systemd1 exited with status 1
{"trial": "S2r-135-fill-COMP-measured-r27", "mode": "replay", "outcome": "verified", "oracle_exact_match": true, "completion_mutations": 1, "routes": ["compiled"], "error": null, "la": "3.10", "prov": {"attempts": 0, "reached": 0}}
dbus-daemon[403667]: [session uid=1000 pid=403667 pidfd=4] Activating service name='org.freedesktop.systemd1' requested by ':1.4' (uid=1000 pid=403798 comm="/usr/bin/dbus-broker-launch --config-file=/usr/sha")
dbus-daemon[403667]: [session uid=1000 pid=403667 pidfd=4] Activated service 'org.freedesktop.systemd1' failed: Process org.freedesktop.systemd1 exited with status 1
dbus-daemon[403667]: [session uid=1000 pid=403667 pidfd=4] Activating service name='org.freedesktop.systemd1' requested by ':1.4' (uid=1000 pid=403798 comm="/usr/bin/dbus-broker-launch --config-file=/usr/sha")
dbus-daemon[403667]: [session uid=1000 pid=403667 pidfd=4] Activated service 'org.freedesktop.systemd1' failed: Process org.freedesktop.systemd1 exited with status 1
dbus-daemon[403667]: [session uid=1000 pid=403667 pidfd=4] Activating service name='org.freedesktop.systemd1' requested by ':1.4' (uid=1000 pid=403798 comm="/usr/bin/dbus-broker-launch --config-file=/usr/sha")
dbus-daemon[403667]: [session uid=1000 pid=403667 pidfd=4] Activated service 'org.freedesktop.systemd1' failed: Process org.freedesktop.systemd1 exited with status 1
{"trial": "S2r-136-toggle-COMP_E-measured-r27", "mode": "step", "outcome": "verified", "oracle_exact_match": true, "completion_mutations": 1, "routes": ["provider", "provider"], "error": null, "la": "3.10", "prov": {"attempts": 0, "reached": 0}}
dbus-daemon[403667]: [session uid=1000 pid=403667 pidfd=4] Activating service name='org.freedesktop.systemd1' requested by ':1.4' (uid=1000 pid=403798 comm="/usr/bin/dbus-broker-launch --config-file=/usr/sha")
dbus-daemon[403667]: [session uid=1000 pid=403667 pidfd=4] Activated service 'org.freedesktop.systemd1' failed: Process org.freedesktop.systemd1 exited with status 1
dbus-daemon[403667]: [session uid=1000 pid=403667 pidfd=4] Activating service name='org.freedesktop.systemd1' requested by ':1.4' (uid=1000 pid=403798 comm="/usr/bin/dbus-broker-launch --config-file=/usr/sha")
dbus-daemon[403667]: [session uid=1000 pid=403667 pidfd=4] Activated service 'org.freedesktop.systemd1' failed: Process org.freedesktop.systemd1 exited with status 1
dbus-daemon[403667]: [session uid=1000 pid=403667 pidfd=4] Activating service name='org.freedesktop.systemd1' requested by ':1.4' (uid=1000 pid=403798 comm="/usr/bin/dbus-broker-launch --config-file=/usr/sha")
dbus-daemon[403667]: [session uid=1000 pid=403667 pidfd=4] Activated service 'org.freedesktop.systemd1' failed: Process org.freedesktop.systemd1 exited with status 1
{"trial": "S2r-137-toggle-BASE-measured-r27", "mode": "step", "outcome": "verified", "oracle_exact_match": true, "completion_mutations": 1, "routes": ["provider", "provider"], "error": null, "la": "3.10", "prov": {"attempts": 0, "reached": 0}}
dbus-daemon[403667]: [session uid=1000 pid=403667 pidfd=4] Activating service name='org.freedesktop.systemd1' requested by ':1.4' (uid=1000 pid=403798 comm="/usr/bin/dbus-broker-launch --config-file=/usr/sha")
dbus-daemon[403667]: [session uid=1000 pid=403667 pidfd=4] Activated service 'org.freedesktop.systemd1' failed: Process org.freedesktop.systemd1 exited with status 1
dbus-daemon[403667]: [session uid=1000 pid=403667 pidfd=4] Activating service name='org.freedesktop.systemd1' requested by ':1.4' (uid=1000 pid=403798 comm="/usr/bin/dbus-broker-launch --config-file=/usr/sha")
dbus-daemon[403667]: [session uid=1000 pid=403667 pidfd=4] Activated service 'org.freedesktop.systemd1' failed: Process org.freedesktop.systemd1 exited with status 1
dbus-daemon[403667]: [session uid=1000 pid=403667 pidfd=4] Activating service name='org.freedesktop.systemd1' requested by ':1.4' (uid=1000 pid=403798 comm="/usr/bin/dbus-broker-launch --config-file=/usr/sha")
dbus-daemon[403667]: [session uid=1000 pid=403667 pidfd=4] Activated service 'org.freedesktop.systemd1' failed: Process org.freedesktop.systemd1 exited with status 1
{"trial": "S2r-138-toggle-COMP_K-measured-r27", "mode": "step", "outcome": "verified", "oracle_exact_match": true, "completion_mutations": 1, "routes": ["provider", "provider"], "error": null, "la": "3.02", "prov": {"attempts": 0, "reached": 0}}
dbus-daemon[403667]: [session uid=1000 pid=403667 pidfd=4] Activating service name='org.freedesktop.systemd1' requested by ':1.4' (uid=1000 pid=403798 comm="/usr/bin/dbus-broker-launch --config-file=/usr/sha")
dbus-daemon[403667]: [session uid=1000 pid=403667 pidfd=4] Activated service 'org.freedesktop.systemd1' failed: Process org.freedesktop.systemd1 exited with status 1
dbus-daemon[403667]: [session uid=1000 pid=403667 pidfd=4] Activating service name='org.freedesktop.systemd1' requested by ':1.4' (uid=1000 pid=403798 comm="/usr/bin/dbus-broker-launch --config-file=/usr/sha")
dbus-daemon[403667]: [session uid=1000 pid=403667 pidfd=4] Activated service 'org.freedesktop.systemd1' failed: Process org.freedesktop.systemd1 exited with status 1
dbus-daemon[403667]: [session uid=1000 pid=403667 pidfd=4] Activating service name='org.freedesktop.systemd1' requested by ':1.4' (uid=1000 pid=403798 comm="/usr/bin/dbus-broker-launch --config-file=/usr/sha")
dbus-daemon[403667]: [session uid=1000 pid=403667 pidfd=4] Activated service 'org.freedesktop.systemd1' failed: Process org.freedesktop.systemd1 exited with status 1
{"trial": "S2r-139-toggle-COMP-measured-r27", "mode": "step", "outcome": "verified", "oracle_exact_match": true, "completion_mutations": 1, "routes": ["provider", "provider"], "error": null, "la": "3.02", "prov": {"attempts": 0, "reached": 0}}
dbus-daemon[403667]: [session uid=1000 pid=403667 pidfd=4] Activating service name='org.freedesktop.systemd1' requested by ':1.4' (uid=1000 pid=403798 comm="/usr/bin/dbus-broker-launch --config-file=/usr/sha")
dbus-daemon[403667]: [session uid=1000 pid=403667 pidfd=4] Activated service 'org.freedesktop.systemd1' failed: Process org.freedesktop.systemd1 exited with status 1
dbus-daemon[403667]: [session uid=1000 pid=403667 pidfd=4] Activating service name='org.freedesktop.systemd1' requested by ':1.4' (uid=1000 pid=403798 comm="/usr/bin/dbus-broker-launch --config-file=/usr/sha")
dbus-daemon[403667]: [session uid=1000 pid=403667 pidfd=4] Activated service 'org.freedesktop.systemd1' failed: Process org.freedesktop.systemd1 exited with status 1
dbus-daemon[403667]: [session uid=1000 pid=403667 pidfd=4] Activating service name='org.freedesktop.systemd1' requested by ':1.4' (uid=1000 pid=403798 comm="/usr/bin/dbus-broker-launch --config-file=/usr/sha")
dbus-daemon[403667]: [session uid=1000 pid=403667 pidfd=4] Activated service 'org.freedesktop.systemd1' failed: Process org.freedesktop.systemd1 exited with status 1
{"trial": "S2r-140-modal-COMP_E-measured-r27", "mode": "step", "outcome": "verified", "oracle_exact_match": true, "completion_mutations": 1, "routes": ["provider", "provider"], "error": null, "la": "3.02", "prov": {"attempts": 0, "reached": 0}}
dbus-daemon[403667]: [session uid=1000 pid=403667 pidfd=4] Activating service name='org.freedesktop.systemd1' requested by ':1.4' (uid=1000 pid=403798 comm="/usr/bin/dbus-broker-launch --config-file=/usr/sha")
dbus-daemon[403667]: [session uid=1000 pid=403667 pidfd=4] Activated service 'org.freedesktop.systemd1' failed: Process org.freedesktop.systemd1 exited with status 1
dbus-daemon[403667]: [session uid=1000 pid=403667 pidfd=4] Activating service name='org.freedesktop.systemd1' requested by ':1.4' (uid=1000 pid=403798 comm="/usr/bin/dbus-broker-launch --config-file=/usr/sha")
dbus-daemon[403667]: [session uid=1000 pid=403667 pidfd=4] Activated service 'org.freedesktop.systemd1' failed: Process org.freedesktop.systemd1 exited with status 1
dbus-daemon[403667]: [session uid=1000 pid=403667 pidfd=4] Activating service name='org.freedesktop.systemd1' requested by ':1.4' (uid=1000 pid=403798 comm="/usr/bin/dbus-broker-launch --config-file=/usr/sha")
dbus-daemon[403667]: [session uid=1000 pid=403667 pidfd=4] Activated service 'org.freedesktop.systemd1' failed: Process org.freedesktop.systemd1 exited with status 1
{"trial": "S2r-141-modal-BASE-measured-r27", "mode": "step", "outcome": "verified", "oracle_exact_match": true, "completion_mutations": 1, "routes": ["provider", "provider"], "error": null, "la": "2.93", "prov": {"attempts": 0, "reached": 0}}
dbus-daemon[403667]: [session uid=1000 pid=403667 pidfd=4] Activating service name='org.freedesktop.systemd1' requested by ':1.4' (uid=1000 pid=403798 comm="/usr/bin/dbus-broker-launch --config-file=/usr/sha")
dbus-daemon[403667]: [session uid=1000 pid=403667 pidfd=4] Activated service 'org.freedesktop.systemd1' failed: Process org.freedesktop.systemd1 exited with status 1
dbus-daemon[403667]: [session uid=1000 pid=403667 pidfd=4] Activating service name='org.freedesktop.systemd1' requested by ':1.4' (uid=1000 pid=403798 comm="/usr/bin/dbus-broker-launch --config-file=/usr/sha")
dbus-daemon[403667]: [session uid=1000 pid=403667 pidfd=4] Activated service 'org.freedesktop.systemd1' failed: Process org.freedesktop.systemd1 exited with status 1
dbus-daemon[403667]: [session uid=1000 pid=403667 pidfd=4] Activating service name='org.freedesktop.systemd1' requested by ':1.4' (uid=1000 pid=403798 comm="/usr/bin/dbus-broker-launch --config-file=/usr/sha")
dbus-daemon[403667]: [session uid=1000 pid=403667 pidfd=4] Activated service 'org.freedesktop.systemd1' failed: Process org.freedesktop.systemd1 exited with status 1
{"trial": "S2r-142-modal-COMP_K-measured-r27", "mode": "step", "outcome": "verified", "oracle_exact_match": true, "completion_mutations": 1, "routes": ["provider", "provider"], "error": null, "la": "2.93", "prov": {"attempts": 0, "reached": 0}}
dbus-daemon[403667]: [session uid=1000 pid=403667 pidfd=4] Activating service name='org.freedesktop.systemd1' requested by ':1.4' (uid=1000 pid=403798 comm="/usr/bin/dbus-broker-launch --config-file=/usr/sha")
dbus-daemon[403667]: [session uid=1000 pid=403667 pidfd=4] Activated service 'org.freedesktop.systemd1' failed: Process org.freedesktop.systemd1 exited with status 1
dbus-daemon[403667]: [session uid=1000 pid=403667 pidfd=4] Activating service name='org.freedesktop.systemd1' requested by ':1.4' (uid=1000 pid=403798 comm="/usr/bin/dbus-broker-launch --config-file=/usr/sha")
dbus-daemon[403667]: [session uid=1000 pid=403667 pidfd=4] Activated service 'org.freedesktop.systemd1' failed: Process org.freedesktop.systemd1 exited with status 1
dbus-daemon[403667]: [session uid=1000 pid=403667 pidfd=4] Activating service name='org.freedesktop.systemd1' requested by ':1.4' (uid=1000 pid=403798 comm="/usr/bin/dbus-broker-launch --config-file=/usr/sha")
dbus-daemon[403667]: [session uid=1000 pid=403667 pidfd=4] Activated service 'org.freedesktop.systemd1' failed: Process org.freedesktop.systemd1 exited with status 1
{"trial": "S2r-143-modal-COMP-measured-r27", "mode": "step", "outcome": "verified", "oracle_exact_match": true, "completion_mutations": 1, "routes": ["provider", "provider"], "error": null, "la": "2.70", "prov": {"attempts": 0, "reached": 0}}
dbus-daemon[403667]: [session uid=1000 pid=403667 pidfd=4] Activating service name='org.freedesktop.systemd1' requested by ':1.4' (uid=1000 pid=403798 comm="/usr/bin/dbus-broker-launch --config-file=/usr/sha")
dbus-daemon[403667]: [session uid=1000 pid=403667 pidfd=4] Activated service 'org.freedesktop.systemd1' failed: Process org.freedesktop.systemd1 exited with status 1
dbus-daemon[403667]: [session uid=1000 pid=403667 pidfd=4] Activating service name='org.freedesktop.systemd1' requested by ':1.4' (uid=1000 pid=403798 comm="/usr/bin/dbus-broker-launch --config-file=/usr/sha")
dbus-daemon[403667]: [session uid=1000 pid=403667 pidfd=4] Activated service 'org.freedesktop.systemd1' failed: Process org.freedesktop.systemd1 exited with status 1
dbus-daemon[403667]: [session uid=1000 pid=403667 pidfd=4] Activating service name='org.freedesktop.systemd1' requested by ':1.4' (uid=1000 pid=403798 comm="/usr/bin/dbus-broker-launch --config-file=/usr/sha")
dbus-daemon[403667]: [session uid=1000 pid=403667 pidfd=4] Activated service 'org.freedesktop.systemd1' failed: Process org.freedesktop.systemd1 exited with status 1
{"trial": "S2r-144-toggle-BASE-measured-r28", "mode": "step", "outcome": "verified", "oracle_exact_match": true, "completion_mutations": 1, "routes": ["provider", "provider"], "error": null, "la": "2.70", "prov": {"attempts": 0, "reached": 0}}
dbus-daemon[403667]: [session uid=1000 pid=403667 pidfd=4] Activating service name='org.freedesktop.systemd1' requested by ':1.4' (uid=1000 pid=403798 comm="/usr/bin/dbus-broker-launch --config-file=/usr/sha")
dbus-daemon[403667]: [session uid=1000 pid=403667 pidfd=4] Activated service 'org.freedesktop.systemd1' failed: Process org.freedesktop.systemd1 exited with status 1
dbus-daemon[403667]: [session uid=1000 pid=403667 pidfd=4] Activating service name='org.freedesktop.systemd1' requested by ':1.4' (uid=1000 pid=403798 comm="/usr/bin/dbus-broker-launch --config-file=/usr/sha")
dbus-daemon[403667]: [session uid=1000 pid=403667 pidfd=4] Activated service 'org.freedesktop.systemd1' failed: Process org.freedesktop.systemd1 exited with status 1
dbus-daemon[403667]: [session uid=1000 pid=403667 pidfd=4] Activating service name='org.freedesktop.systemd1' requested by ':1.4' (uid=1000 pid=403798 comm="/usr/bin/dbus-broker-launch --config-file=/usr/sha")
dbus-daemon[403667]: [session uid=1000 pid=403667 pidfd=4] Activated service 'org.freedesktop.systemd1' failed: Process org.freedesktop.systemd1 exited with status 1
{"trial": "S2r-145-toggle-COMP-measured-r28", "mode": "step", "outcome": "verified", "oracle_exact_match": true, "completion_mutations": 1, "routes": ["provider", "provider"], "error": null, "la": "2.64", "prov": {"attempts": 0, "reached": 0}}
dbus-daemon[403667]: [session uid=1000 pid=403667 pidfd=4] Activating service name='org.freedesktop.systemd1' requested by ':1.4' (uid=1000 pid=403798 comm="/usr/bin/dbus-broker-launch --config-file=/usr/sha")
dbus-daemon[403667]: [session uid=1000 pid=403667 pidfd=4] Activated service 'org.freedesktop.systemd1' failed: Process org.freedesktop.systemd1 exited with status 1
dbus-daemon[403667]: [session uid=1000 pid=403667 pidfd=4] Activating service name='org.freedesktop.systemd1' requested by ':1.4' (uid=1000 pid=403798 comm="/usr/bin/dbus-broker-launch --config-file=/usr/sha")
dbus-daemon[403667]: [session uid=1000 pid=403667 pidfd=4] Activated service 'org.freedesktop.systemd1' failed: Process org.freedesktop.systemd1 exited with status 1
dbus-daemon[403667]: [session uid=1000 pid=403667 pidfd=4] Activating service name='org.freedesktop.systemd1' requested by ':1.4' (uid=1000 pid=403798 comm="/usr/bin/dbus-broker-launch --config-file=/usr/sha")
dbus-daemon[403667]: [session uid=1000 pid=403667 pidfd=4] Activated service 'org.freedesktop.systemd1' failed: Process org.freedesktop.systemd1 exited with status 1
{"trial": "S2r-146-toggle-COMP_E-measured-r28", "mode": "step", "outcome": "verified", "oracle_exact_match": true, "completion_mutations": 1, "routes": ["provider", "provider"], "error": null, "la": "2.64", "prov": {"attempts": 0, "reached": 0}}
dbus-daemon[403667]: [session uid=1000 pid=403667 pidfd=4] Activating service name='org.freedesktop.systemd1' requested by ':1.4' (uid=1000 pid=403798 comm="/usr/bin/dbus-broker-launch --config-file=/usr/sha")
dbus-daemon[403667]: [session uid=1000 pid=403667 pidfd=4] Activated service 'org.freedesktop.systemd1' failed: Process org.freedesktop.systemd1 exited with status 1
dbus-daemon[403667]: [session uid=1000 pid=403667 pidfd=4] Activating service name='org.freedesktop.systemd1' requested by ':1.4' (uid=1000 pid=403798 comm="/usr/bin/dbus-broker-launch --config-file=/usr/sha")
dbus-daemon[403667]: [session uid=1000 pid=403667 pidfd=4] Activated service 'org.freedesktop.systemd1' failed: Process org.freedesktop.systemd1 exited with status 1
dbus-daemon[403667]: [session uid=1000 pid=403667 pidfd=4] Activating service name='org.freedesktop.systemd1' requested by ':1.4' (uid=1000 pid=403798 comm="/usr/bin/dbus-broker-launch --config-file=/usr/sha")
dbus-daemon[403667]: [session uid=1000 pid=403667 pidfd=4] Activated service 'org.freedesktop.systemd1' failed: Process org.freedesktop.systemd1 exited with status 1
{"trial": "S2r-147-toggle-COMP_K-measured-r28", "mode": "step", "outcome": "verified", "oracle_exact_match": true, "completion_mutations": 1, "routes": ["provider", "provider"], "error": null, "la": "2.64", "prov": {"attempts": 0, "reached": 0}}
dbus-daemon[403667]: [session uid=1000 pid=403667 pidfd=4] Activating service name='org.freedesktop.systemd1' requested by ':1.4' (uid=1000 pid=403798 comm="/usr/bin/dbus-broker-launch --config-file=/usr/sha")
dbus-daemon[403667]: [session uid=1000 pid=403667 pidfd=4] Activated service 'org.freedesktop.systemd1' failed: Process org.freedesktop.systemd1 exited with status 1
dbus-daemon[403667]: [session uid=1000 pid=403667 pidfd=4] Activating service name='org.freedesktop.systemd1' requested by ':1.4' (uid=1000 pid=403798 comm="/usr/bin/dbus-broker-launch --config-file=/usr/sha")
dbus-daemon[403667]: [session uid=1000 pid=403667 pidfd=4] Activated service 'org.freedesktop.systemd1' failed: Process org.freedesktop.systemd1 exited with status 1
dbus-daemon[403667]: [session uid=1000 pid=403667 pidfd=4] Activating service name='org.freedesktop.systemd1' requested by ':1.4' (uid=1000 pid=403798 comm="/usr/bin/dbus-broker-launch --config-file=/usr/sha")
dbus-daemon[403667]: [session uid=1000 pid=403667 pidfd=4] Activated service 'org.freedesktop.systemd1' failed: Process org.freedesktop.systemd1 exited with status 1
{"trial": "S2r-148-modal-BASE-measured-r28", "mode": "step", "outcome": "verified", "oracle_exact_match": true, "completion_mutations": 1, "routes": ["provider", "provider"], "error": null, "la": "2.59", "prov": {"attempts": 0, "reached": 0}}
dbus-daemon[403667]: [session uid=1000 pid=403667 pidfd=4] Activating service name='org.freedesktop.systemd1' requested by ':1.4' (uid=1000 pid=403798 comm="/usr/bin/dbus-broker-launch --config-file=/usr/sha")
dbus-daemon[403667]: [session uid=1000 pid=403667 pidfd=4] Activated service 'org.freedesktop.systemd1' failed: Process org.freedesktop.systemd1 exited with status 1
dbus-daemon[403667]: [session uid=1000 pid=403667 pidfd=4] Activating service name='org.freedesktop.systemd1' requested by ':1.4' (uid=1000 pid=403798 comm="/usr/bin/dbus-broker-launch --config-file=/usr/sha")
dbus-daemon[403667]: [session uid=1000 pid=403667 pidfd=4] Activated service 'org.freedesktop.systemd1' failed: Process org.freedesktop.systemd1 exited with status 1
dbus-daemon[403667]: [session uid=1000 pid=403667 pidfd=4] Activating service name='org.freedesktop.systemd1' requested by ':1.4' (uid=1000 pid=403798 comm="/usr/bin/dbus-broker-launch --config-file=/usr/sha")
dbus-daemon[403667]: [session uid=1000 pid=403667 pidfd=4] Activated service 'org.freedesktop.systemd1' failed: Process org.freedesktop.systemd1 exited with status 1
{"trial": "S2r-149-modal-COMP-measured-r28", "mode": "step", "outcome": "verified", "oracle_exact_match": true, "completion_mutations": 1, "routes": ["provider", "provider"], "error": null, "la": "2.46", "prov": {"attempts": 0, "reached": 0}}
dbus-daemon[403667]: [session uid=1000 pid=403667 pidfd=4] Activating service name='org.freedesktop.systemd1' requested by ':1.4' (uid=1000 pid=403798 comm="/usr/bin/dbus-broker-launch --config-file=/usr/sha")
dbus-daemon[403667]: [session uid=1000 pid=403667 pidfd=4] Activated service 'org.freedesktop.systemd1' failed: Process org.freedesktop.systemd1 exited with status 1
dbus-daemon[403667]: [session uid=1000 pid=403667 pidfd=4] Activating service name='org.freedesktop.systemd1' requested by ':1.4' (uid=1000 pid=403798 comm="/usr/bin/dbus-broker-launch --config-file=/usr/sha")
dbus-daemon[403667]: [session uid=1000 pid=403667 pidfd=4] Activated service 'org.freedesktop.systemd1' failed: Process org.freedesktop.systemd1 exited with status 1
dbus-daemon[403667]: [session uid=1000 pid=403667 pidfd=4] Activating service name='org.freedesktop.systemd1' requested by ':1.4' (uid=1000 pid=403798 comm="/usr/bin/dbus-broker-launch --config-file=/usr/sha")
dbus-daemon[403667]: [session uid=1000 pid=403667 pidfd=4] Activated service 'org.freedesktop.systemd1' failed: Process org.freedesktop.systemd1 exited with status 1
{"trial": "S2r-150-modal-COMP_E-measured-r28", "mode": "step", "outcome": "verified", "oracle_exact_match": true, "completion_mutations": 1, "routes": ["provider", "provider"], "error": null, "la": "2.46", "prov": {"attempts": 0, "reached": 0}}
dbus-daemon[403667]: [session uid=1000 pid=403667 pidfd=4] Activating service name='org.freedesktop.systemd1' requested by ':1.4' (uid=1000 pid=403798 comm="/usr/bin/dbus-broker-launch --config-file=/usr/sha")
dbus-daemon[403667]: [session uid=1000 pid=403667 pidfd=4] Activated service 'org.freedesktop.systemd1' failed: Process org.freedesktop.systemd1 exited with status 1
dbus-daemon[403667]: [session uid=1000 pid=403667 pidfd=4] Activating service name='org.freedesktop.systemd1' requested by ':1.4' (uid=1000 pid=403798 comm="/usr/bin/dbus-broker-launch --config-file=/usr/sha")
dbus-daemon[403667]: [session uid=1000 pid=403667 pidfd=4] Activated service 'org.freedesktop.systemd1' failed: Process org.freedesktop.systemd1 exited with status 1
dbus-daemon[403667]: [session uid=1000 pid=403667 pidfd=4] Activating service name='org.freedesktop.systemd1' requested by ':1.4' (uid=1000 pid=403798 comm="/usr/bin/dbus-broker-launch --config-file=/usr/sha")
dbus-daemon[403667]: [session uid=1000 pid=403667 pidfd=4] Activated service 'org.freedesktop.systemd1' failed: Process org.freedesktop.systemd1 exited with status 1
{"trial": "S2r-151-modal-COMP_K-measured-r28", "mode": "step", "outcome": "verified", "oracle_exact_match": true, "completion_mutations": 1, "routes": ["provider", "provider"], "error": null, "la": "2.46", "prov": {"attempts": 0, "reached": 0}}
dbus-daemon[403667]: [session uid=1000 pid=403667 pidfd=4] Activating service name='org.freedesktop.systemd1' requested by ':1.4' (uid=1000 pid=403798 comm="/usr/bin/dbus-broker-launch --config-file=/usr/sha")
dbus-daemon[403667]: [session uid=1000 pid=403667 pidfd=4] Activated service 'org.freedesktop.systemd1' failed: Process org.freedesktop.systemd1 exited with status 1
dbus-daemon[403667]: [session uid=1000 pid=403667 pidfd=4] Activating service name='org.freedesktop.systemd1' requested by ':1.4' (uid=1000 pid=403798 comm="/usr/bin/dbus-broker-launch --config-file=/usr/sha")
dbus-daemon[403667]: [session uid=1000 pid=403667 pidfd=4] Activated service 'org.freedesktop.systemd1' failed: Process org.freedesktop.systemd1 exited with status 1
dbus-daemon[403667]: [session uid=1000 pid=403667 pidfd=4] Activating service name='org.freedesktop.systemd1' requested by ':1.4' (uid=1000 pid=403798 comm="/usr/bin/dbus-broker-launch --config-file=/usr/sha")
dbus-daemon[403667]: [session uid=1000 pid=403667 pidfd=4] Activated service 'org.freedesktop.systemd1' failed: Process org.freedesktop.systemd1 exited with status 1
{"trial": "S2r-152-fill-BASE-measured-r28", "mode": "step", "outcome": "verified", "oracle_exact_match": true, "completion_mutations": 1, "routes": ["provider", "provider"], "error": null, "la": "2.35", "prov": {"attempts": 0, "reached": 0}}
dbus-daemon[403667]: [session uid=1000 pid=403667 pidfd=4] Activating service name='org.freedesktop.systemd1' requested by ':1.4' (uid=1000 pid=403798 comm="/usr/bin/dbus-broker-launch --config-file=/usr/sha")
dbus-daemon[403667]: [session uid=1000 pid=403667 pidfd=4] Activated service 'org.freedesktop.systemd1' failed: Process org.freedesktop.systemd1 exited with status 1
dbus-daemon[403667]: [session uid=1000 pid=403667 pidfd=4] Activating service name='org.freedesktop.systemd1' requested by ':1.4' (uid=1000 pid=403798 comm="/usr/bin/dbus-broker-launch --config-file=/usr/sha")
dbus-daemon[403667]: [session uid=1000 pid=403667 pidfd=4] Activated service 'org.freedesktop.systemd1' failed: Process org.freedesktop.systemd1 exited with status 1
dbus-daemon[403667]: [session uid=1000 pid=403667 pidfd=4] Activating service name='org.freedesktop.systemd1' requested by ':1.4' (uid=1000 pid=403798 comm="/usr/bin/dbus-broker-launch --config-file=/usr/sha")
dbus-daemon[403667]: [session uid=1000 pid=403667 pidfd=4] Activated service 'org.freedesktop.systemd1' failed: Process org.freedesktop.systemd1 exited with status 1
{"trial": "S2r-153-fill-COMP-measured-r28", "mode": "replay", "outcome": "verified", "oracle_exact_match": true, "completion_mutations": 1, "routes": ["compiled"], "error": null, "la": "2.32", "prov": {"attempts": 0, "reached": 0}}
dbus-daemon[403667]: [session uid=1000 pid=403667 pidfd=4] Activating service name='org.freedesktop.systemd1' requested by ':1.4' (uid=1000 pid=403798 comm="/usr/bin/dbus-broker-launch --config-file=/usr/sha")
dbus-daemon[403667]: [session uid=1000 pid=403667 pidfd=4] Activated service 'org.freedesktop.systemd1' failed: Process org.freedesktop.systemd1 exited with status 1
dbus-daemon[403667]: [session uid=1000 pid=403667 pidfd=4] Activating service name='org.freedesktop.systemd1' requested by ':1.4' (uid=1000 pid=403798 comm="/usr/bin/dbus-broker-launch --config-file=/usr/sha")
dbus-daemon[403667]: [session uid=1000 pid=403667 pidfd=4] Activated service 'org.freedesktop.systemd1' failed: Process org.freedesktop.systemd1 exited with status 1
dbus-daemon[403667]: [session uid=1000 pid=403667 pidfd=4] Activating service name='org.freedesktop.systemd1' requested by ':1.4' (uid=1000 pid=403798 comm="/usr/bin/dbus-broker-launch --config-file=/usr/sha")
dbus-daemon[403667]: [session uid=1000 pid=403667 pidfd=4] Activated service 'org.freedesktop.systemd1' failed: Process org.freedesktop.systemd1 exited with status 1
{"trial": "S2r-154-fill-COMP_E-measured-r28", "mode": "replay", "outcome": "verified", "oracle_exact_match": true, "completion_mutations": 1, "routes": ["compiled"], "error": null, "la": "2.32", "prov": {"attempts": 0, "reached": 0}}
dbus-daemon[403667]: [session uid=1000 pid=403667 pidfd=4] Activating service name='org.freedesktop.systemd1' requested by ':1.4' (uid=1000 pid=403798 comm="/usr/bin/dbus-broker-launch --config-file=/usr/sha")
dbus-daemon[403667]: [session uid=1000 pid=403667 pidfd=4] Activated service 'org.freedesktop.systemd1' failed: Process org.freedesktop.systemd1 exited with status 1
dbus-daemon[403667]: [session uid=1000 pid=403667 pidfd=4] Activating service name='org.freedesktop.systemd1' requested by ':1.4' (uid=1000 pid=403798 comm="/usr/bin/dbus-broker-launch --config-file=/usr/sha")
dbus-daemon[403667]: [session uid=1000 pid=403667 pidfd=4] Activated service 'org.freedesktop.systemd1' failed: Process org.freedesktop.systemd1 exited with status 1
dbus-daemon[403667]: [session uid=1000 pid=403667 pidfd=4] Activating service name='org.freedesktop.systemd1' requested by ':1.4' (uid=1000 pid=403798 comm="/usr/bin/dbus-broker-launch --config-file=/usr/sha")
dbus-daemon[403667]: [session uid=1000 pid=403667 pidfd=4] Activated service 'org.freedesktop.systemd1' failed: Process org.freedesktop.systemd1 exited with status 1
{"trial": "S2r-155-fill-COMP_K-measured-r28", "mode": "replay", "outcome": "verified", "oracle_exact_match": true, "completion_mutations": 1, "routes": ["compiled"], "error": null, "la": "2.32", "prov": {"attempts": 0, "reached": 0}}
dbus-daemon[403667]: [session uid=1000 pid=403667 pidfd=4] Activating service name='org.freedesktop.systemd1' requested by ':1.4' (uid=1000 pid=403798 comm="/usr/bin/dbus-broker-launch --config-file=/usr/sha")
dbus-daemon[403667]: [session uid=1000 pid=403667 pidfd=4] Activated service 'org.freedesktop.systemd1' failed: Process org.freedesktop.systemd1 exited with status 1
dbus-daemon[403667]: [session uid=1000 pid=403667 pidfd=4] Activating service name='org.freedesktop.systemd1' requested by ':1.4' (uid=1000 pid=403798 comm="/usr/bin/dbus-broker-launch --config-file=/usr/sha")
dbus-daemon[403667]: [session uid=1000 pid=403667 pidfd=4] Activated service 'org.freedesktop.systemd1' failed: Process org.freedesktop.systemd1 exited with status 1
dbus-daemon[403667]: [session uid=1000 pid=403667 pidfd=4] Activating service name='org.freedesktop.systemd1' requested by ':1.4' (uid=1000 pid=403798 comm="/usr/bin/dbus-broker-launch --config-file=/usr/sha")
dbus-daemon[403667]: [session uid=1000 pid=403667 pidfd=4] Activated service 'org.freedesktop.systemd1' failed: Process org.freedesktop.systemd1 exited with status 1
{"trial": "S2r-156-modal-COMP-measured-r29", "mode": "step", "outcome": "verified", "oracle_exact_match": true, "completion_mutations": 1, "routes": ["provider", "provider"], "error": null, "la": "2.13", "prov": {"attempts": 0, "reached": 0}}
dbus-daemon[403667]: [session uid=1000 pid=403667 pidfd=4] Activating service name='org.freedesktop.systemd1' requested by ':1.4' (uid=1000 pid=403798 comm="/usr/bin/dbus-broker-launch --config-file=/usr/sha")
dbus-daemon[403667]: [session uid=1000 pid=403667 pidfd=4] Activated service 'org.freedesktop.systemd1' failed: Process org.freedesktop.systemd1 exited with status 1
dbus-daemon[403667]: [session uid=1000 pid=403667 pidfd=4] Activating service name='org.freedesktop.systemd1' requested by ':1.4' (uid=1000 pid=403798 comm="/usr/bin/dbus-broker-launch --config-file=/usr/sha")
dbus-daemon[403667]: [session uid=1000 pid=403667 pidfd=4] Activated service 'org.freedesktop.systemd1' failed: Process org.freedesktop.systemd1 exited with status 1
dbus-daemon[403667]: [session uid=1000 pid=403667 pidfd=4] Activating service name='org.freedesktop.systemd1' requested by ':1.4' (uid=1000 pid=403798 comm="/usr/bin/dbus-broker-launch --config-file=/usr/sha")
dbus-daemon[403667]: [session uid=1000 pid=403667 pidfd=4] Activated service 'org.freedesktop.systemd1' failed: Process org.freedesktop.systemd1 exited with status 1
{"trial": "S2r-157-modal-COMP_K-measured-r29", "mode": "step", "outcome": "verified", "oracle_exact_match": true, "completion_mutations": 1, "routes": ["provider", "provider"], "error": null, "la": "2.13", "prov": {"attempts": 0, "reached": 0}}
dbus-daemon[403667]: [session uid=1000 pid=403667 pidfd=4] Activating service name='org.freedesktop.systemd1' requested by ':1.4' (uid=1000 pid=403798 comm="/usr/bin/dbus-broker-launch --config-file=/usr/sha")
dbus-daemon[403667]: [session uid=1000 pid=403667 pidfd=4] Activated service 'org.freedesktop.systemd1' failed: Process org.freedesktop.systemd1 exited with status 1
dbus-daemon[403667]: [session uid=1000 pid=403667 pidfd=4] Activating service name='org.freedesktop.systemd1' requested by ':1.4' (uid=1000 pid=403798 comm="/usr/bin/dbus-broker-launch --config-file=/usr/sha")
dbus-daemon[403667]: [session uid=1000 pid=403667 pidfd=4] Activated service 'org.freedesktop.systemd1' failed: Process org.freedesktop.systemd1 exited with status 1
dbus-daemon[403667]: [session uid=1000 pid=403667 pidfd=4] Activating service name='org.freedesktop.systemd1' requested by ':1.4' (uid=1000 pid=403798 comm="/usr/bin/dbus-broker-launch --config-file=/usr/sha")
dbus-daemon[403667]: [session uid=1000 pid=403667 pidfd=4] Activated service 'org.freedesktop.systemd1' failed: Process org.freedesktop.systemd1 exited with status 1
{"trial": "S2r-158-modal-BASE-measured-r29", "mode": "step", "outcome": "verified", "oracle_exact_match": true, "completion_mutations": 1, "routes": ["provider", "provider"], "error": null, "la": "2.04", "prov": {"attempts": 0, "reached": 0}}
dbus-daemon[403667]: [session uid=1000 pid=403667 pidfd=4] Activating service name='org.freedesktop.systemd1' requested by ':1.4' (uid=1000 pid=403798 comm="/usr/bin/dbus-broker-launch --config-file=/usr/sha")
dbus-daemon[403667]: [session uid=1000 pid=403667 pidfd=4] Activated service 'org.freedesktop.systemd1' failed: Process org.freedesktop.systemd1 exited with status 1
dbus-daemon[403667]: [session uid=1000 pid=403667 pidfd=4] Activating service name='org.freedesktop.systemd1' requested by ':1.4' (uid=1000 pid=403798 comm="/usr/bin/dbus-broker-launch --config-file=/usr/sha")
dbus-daemon[403667]: [session uid=1000 pid=403667 pidfd=4] Activated service 'org.freedesktop.systemd1' failed: Process org.freedesktop.systemd1 exited with status 1
dbus-daemon[403667]: [session uid=1000 pid=403667 pidfd=4] Activating service name='org.freedesktop.systemd1' requested by ':1.4' (uid=1000 pid=403798 comm="/usr/bin/dbus-broker-launch --config-file=/usr/sha")
dbus-daemon[403667]: [session uid=1000 pid=403667 pidfd=4] Activated service 'org.freedesktop.systemd1' failed: Process org.freedesktop.systemd1 exited with status 1
{"trial": "S2r-159-modal-COMP_E-measured-r29", "mode": "step", "outcome": "verified", "oracle_exact_match": true, "completion_mutations": 1, "routes": ["provider", "provider"], "error": null, "la": "2.04", "prov": {"attempts": 0, "reached": 0}}
dbus-daemon[403667]: [session uid=1000 pid=403667 pidfd=4] Activating service name='org.freedesktop.systemd1' requested by ':1.4' (uid=1000 pid=403798 comm="/usr/bin/dbus-broker-launch --config-file=/usr/sha")
dbus-daemon[403667]: [session uid=1000 pid=403667 pidfd=4] Activated service 'org.freedesktop.systemd1' failed: Process org.freedesktop.systemd1 exited with status 1
dbus-daemon[403667]: [session uid=1000 pid=403667 pidfd=4] Activating service name='org.freedesktop.systemd1' requested by ':1.4' (uid=1000 pid=403798 comm="/usr/bin/dbus-broker-launch --config-file=/usr/sha")
dbus-daemon[403667]: [session uid=1000 pid=403667 pidfd=4] Activated service 'org.freedesktop.systemd1' failed: Process org.freedesktop.systemd1 exited with status 1
dbus-daemon[403667]: [session uid=1000 pid=403667 pidfd=4] Activating service name='org.freedesktop.systemd1' requested by ':1.4' (uid=1000 pid=403798 comm="/usr/bin/dbus-broker-launch --config-file=/usr/sha")
dbus-daemon[403667]: [session uid=1000 pid=403667 pidfd=4] Activated service 'org.freedesktop.systemd1' failed: Process org.freedesktop.systemd1 exited with status 1
{"trial": "S2r-160-fill-COMP-measured-r29", "mode": "replay", "outcome": "verified", "oracle_exact_match": true, "completion_mutations": 1, "routes": ["compiled"], "error": null, "la": "2.04", "prov": {"attempts": 0, "reached": 0}}
dbus-daemon[403667]: [session uid=1000 pid=403667 pidfd=4] Activating service name='org.freedesktop.systemd1' requested by ':1.4' (uid=1000 pid=403798 comm="/usr/bin/dbus-broker-launch --config-file=/usr/sha")
dbus-daemon[403667]: [session uid=1000 pid=403667 pidfd=4] Activated service 'org.freedesktop.systemd1' failed: Process org.freedesktop.systemd1 exited with status 1
dbus-daemon[403667]: [session uid=1000 pid=403667 pidfd=4] Activating service name='org.freedesktop.systemd1' requested by ':1.4' (uid=1000 pid=403798 comm="/usr/bin/dbus-broker-launch --config-file=/usr/sha")
dbus-daemon[403667]: [session uid=1000 pid=403667 pidfd=4] Activated service 'org.freedesktop.systemd1' failed: Process org.freedesktop.systemd1 exited with status 1
dbus-daemon[403667]: [session uid=1000 pid=403667 pidfd=4] Activating service name='org.freedesktop.systemd1' requested by ':1.4' (uid=1000 pid=403798 comm="/usr/bin/dbus-broker-launch --config-file=/usr/sha")
dbus-daemon[403667]: [session uid=1000 pid=403667 pidfd=4] Activated service 'org.freedesktop.systemd1' failed: Process org.freedesktop.systemd1 exited with status 1
{"trial": "S2r-161-fill-COMP_K-measured-r29", "mode": "replay", "outcome": "verified", "oracle_exact_match": true, "completion_mutations": 1, "routes": ["compiled"], "error": null, "la": "2.12", "prov": {"attempts": 0, "reached": 0}}
dbus-daemon[403667]: [session uid=1000 pid=403667 pidfd=4] Activating service name='org.freedesktop.systemd1' requested by ':1.4' (uid=1000 pid=403798 comm="/usr/bin/dbus-broker-launch --config-file=/usr/sha")
dbus-daemon[403667]: [session uid=1000 pid=403667 pidfd=4] Activated service 'org.freedesktop.systemd1' failed: Process org.freedesktop.systemd1 exited with status 1
dbus-daemon[403667]: [session uid=1000 pid=403667 pidfd=4] Activating service name='org.freedesktop.systemd1' requested by ':1.4' (uid=1000 pid=403798 comm="/usr/bin/dbus-broker-launch --config-file=/usr/sha")
dbus-daemon[403667]: [session uid=1000 pid=403667 pidfd=4] Activated service 'org.freedesktop.systemd1' failed: Process org.freedesktop.systemd1 exited with status 1
dbus-daemon[403667]: [session uid=1000 pid=403667 pidfd=4] Activating service name='org.freedesktop.systemd1' requested by ':1.4' (uid=1000 pid=403798 comm="/usr/bin/dbus-broker-launch --config-file=/usr/sha")
dbus-daemon[403667]: [session uid=1000 pid=403667 pidfd=4] Activated service 'org.freedesktop.systemd1' failed: Process org.freedesktop.systemd1 exited with status 1
{"trial": "S2r-162-fill-BASE-measured-r29", "mode": "step", "outcome": "verified", "oracle_exact_match": true, "completion_mutations": 1, "routes": ["provider", "provider"], "error": null, "la": "2.03", "prov": {"attempts": 0, "reached": 0}}
dbus-daemon[403667]: [session uid=1000 pid=403667 pidfd=4] Activating service name='org.freedesktop.systemd1' requested by ':1.4' (uid=1000 pid=403798 comm="/usr/bin/dbus-broker-launch --config-file=/usr/sha")
dbus-daemon[403667]: [session uid=1000 pid=403667 pidfd=4] Activated service 'org.freedesktop.systemd1' failed: Process org.freedesktop.systemd1 exited with status 1
dbus-daemon[403667]: [session uid=1000 pid=403667 pidfd=4] Activating service name='org.freedesktop.systemd1' requested by ':1.4' (uid=1000 pid=403798 comm="/usr/bin/dbus-broker-launch --config-file=/usr/sha")
dbus-daemon[403667]: [session uid=1000 pid=403667 pidfd=4] Activated service 'org.freedesktop.systemd1' failed: Process org.freedesktop.systemd1 exited with status 1
dbus-daemon[403667]: [session uid=1000 pid=403667 pidfd=4] Activating service name='org.freedesktop.systemd1' requested by ':1.4' (uid=1000 pid=403798 comm="/usr/bin/dbus-broker-launch --config-file=/usr/sha")
dbus-daemon[403667]: [session uid=1000 pid=403667 pidfd=4] Activated service 'org.freedesktop.systemd1' failed: Process org.freedesktop.systemd1 exited with status 1
{"trial": "S2r-163-fill-COMP_E-measured-r29", "mode": "replay", "outcome": "verified", "oracle_exact_match": true, "completion_mutations": 1, "routes": ["compiled"], "error": null, "la": "2.03", "prov": {"attempts": 0, "reached": 0}}
dbus-daemon[403667]: [session uid=1000 pid=403667 pidfd=4] Activating service name='org.freedesktop.systemd1' requested by ':1.4' (uid=1000 pid=403798 comm="/usr/bin/dbus-broker-launch --config-file=/usr/sha")
dbus-daemon[403667]: [session uid=1000 pid=403667 pidfd=4] Activated service 'org.freedesktop.systemd1' failed: Process org.freedesktop.systemd1 exited with status 1
dbus-daemon[403667]: [session uid=1000 pid=403667 pidfd=4] Activating service name='org.freedesktop.systemd1' requested by ':1.4' (uid=1000 pid=403798 comm="/usr/bin/dbus-broker-launch --config-file=/usr/sha")
dbus-daemon[403667]: [session uid=1000 pid=403667 pidfd=4] Activated service 'org.freedesktop.systemd1' failed: Process org.freedesktop.systemd1 exited with status 1
dbus-daemon[403667]: [session uid=1000 pid=403667 pidfd=4] Activating service name='org.freedesktop.systemd1' requested by ':1.4' (uid=1000 pid=403798 comm="/usr/bin/dbus-broker-launch --config-file=/usr/sha")
dbus-daemon[403667]: [session uid=1000 pid=403667 pidfd=4] Activated service 'org.freedesktop.systemd1' failed: Process org.freedesktop.systemd1 exited with status 1
{"trial": "S2r-164-toggle-COMP-measured-r29", "mode": "step", "outcome": "verified", "oracle_exact_match": true, "completion_mutations": 1, "routes": ["provider", "provider"], "error": null, "la": "3.87", "prov": {"attempts": 0, "reached": 0}}
dbus-daemon[403667]: [session uid=1000 pid=403667 pidfd=4] Activating service name='org.freedesktop.systemd1' requested by ':1.4' (uid=1000 pid=403798 comm="/usr/bin/dbus-broker-launch --config-file=/usr/sha")
dbus-daemon[403667]: [session uid=1000 pid=403667 pidfd=4] Activated service 'org.freedesktop.systemd1' failed: Process org.freedesktop.systemd1 exited with status 1
dbus-daemon[403667]: [session uid=1000 pid=403667 pidfd=4] Activating service name='org.freedesktop.systemd1' requested by ':1.4' (uid=1000 pid=403798 comm="/usr/bin/dbus-broker-launch --config-file=/usr/sha")
dbus-daemon[403667]: [session uid=1000 pid=403667 pidfd=4] Activated service 'org.freedesktop.systemd1' failed: Process org.freedesktop.systemd1 exited with status 1
dbus-daemon[403667]: [session uid=1000 pid=403667 pidfd=4] Activating service name='org.freedesktop.systemd1' requested by ':1.4' (uid=1000 pid=403798 comm="/usr/bin/dbus-broker-launch --config-file=/usr/sha")
dbus-daemon[403667]: [session uid=1000 pid=403667 pidfd=4] Activated service 'org.freedesktop.systemd1' failed: Process org.freedesktop.systemd1 exited with status 1
{"trial": "S2r-165-toggle-COMP_K-measured-r29", "mode": "step", "outcome": "verified", "oracle_exact_match": true, "completion_mutations": 1, "routes": ["provider", "provider"], "error": null, "la": "3.87", "prov": {"attempts": 0, "reached": 0}}
dbus-daemon[403667]: [session uid=1000 pid=403667 pidfd=4] Activating service name='org.freedesktop.systemd1' requested by ':1.4' (uid=1000 pid=403798 comm="/usr/bin/dbus-broker-launch --config-file=/usr/sha")
dbus-daemon[403667]: [session uid=1000 pid=403667 pidfd=4] Activated service 'org.freedesktop.systemd1' failed: Process org.freedesktop.systemd1 exited with status 1
dbus-daemon[403667]: [session uid=1000 pid=403667 pidfd=4] Activating service name='org.freedesktop.systemd1' requested by ':1.4' (uid=1000 pid=403798 comm="/usr/bin/dbus-broker-launch --config-file=/usr/sha")
dbus-daemon[403667]: [session uid=1000 pid=403667 pidfd=4] Activated service 'org.freedesktop.systemd1' failed: Process org.freedesktop.systemd1 exited with status 1
dbus-daemon[403667]: [session uid=1000 pid=403667 pidfd=4] Activating service name='org.freedesktop.systemd1' requested by ':1.4' (uid=1000 pid=403798 comm="/usr/bin/dbus-broker-launch --config-file=/usr/sha")
dbus-daemon[403667]: [session uid=1000 pid=403667 pidfd=4] Activated service 'org.freedesktop.systemd1' failed: Process org.freedesktop.systemd1 exited with status 1
{"trial": "S2r-166-toggle-BASE-measured-r29", "mode": "step", "outcome": "verified", "oracle_exact_match": true, "completion_mutations": 1, "routes": ["provider", "provider"], "error": null, "la": "3.72", "prov": {"attempts": 0, "reached": 0}}
dbus-daemon[403667]: [session uid=1000 pid=403667 pidfd=4] Activating service name='org.freedesktop.systemd1' requested by ':1.4' (uid=1000 pid=403798 comm="/usr/bin/dbus-broker-launch --config-file=/usr/sha")
dbus-daemon[403667]: [session uid=1000 pid=403667 pidfd=4] Activated service 'org.freedesktop.systemd1' failed: Process org.freedesktop.systemd1 exited with status 1
dbus-daemon[403667]: [session uid=1000 pid=403667 pidfd=4] Activating service name='org.freedesktop.systemd1' requested by ':1.4' (uid=1000 pid=403798 comm="/usr/bin/dbus-broker-launch --config-file=/usr/sha")
dbus-daemon[403667]: [session uid=1000 pid=403667 pidfd=4] Activated service 'org.freedesktop.systemd1' failed: Process org.freedesktop.systemd1 exited with status 1
dbus-daemon[403667]: [session uid=1000 pid=403667 pidfd=4] Activating service name='org.freedesktop.systemd1' requested by ':1.4' (uid=1000 pid=403798 comm="/usr/bin/dbus-broker-launch --config-file=/usr/sha")
dbus-daemon[403667]: [session uid=1000 pid=403667 pidfd=4] Activated service 'org.freedesktop.systemd1' failed: Process org.freedesktop.systemd1 exited with status 1
{"trial": "S2r-167-toggle-COMP_E-measured-r29", "mode": "step", "outcome": "verified", "oracle_exact_match": true, "completion_mutations": 1, "routes": ["provider", "provider"], "error": null, "la": "3.72", "prov": {"attempts": 0, "reached": 0}}
dbus-daemon[403667]: [session uid=1000 pid=403667 pidfd=4] Activating service name='org.freedesktop.systemd1' requested by ':1.4' (uid=1000 pid=403798 comm="/usr/bin/dbus-broker-launch --config-file=/usr/sha")
dbus-daemon[403667]: [session uid=1000 pid=403667 pidfd=4] Activated service 'org.freedesktop.systemd1' failed: Process org.freedesktop.systemd1 exited with status 1
dbus-daemon[403667]: [session uid=1000 pid=403667 pidfd=4] Activating service name='org.freedesktop.systemd1' requested by ':1.4' (uid=1000 pid=403798 comm="/usr/bin/dbus-broker-launch --config-file=/usr/sha")
dbus-daemon[403667]: [session uid=1000 pid=403667 pidfd=4] Activated service 'org.freedesktop.systemd1' failed: Process org.freedesktop.systemd1 exited with status 1
dbus-daemon[403667]: [session uid=1000 pid=403667 pidfd=4] Activating service name='org.freedesktop.systemd1' requested by ':1.4' (uid=1000 pid=403798 comm="/usr/bin/dbus-broker-launch --config-file=/usr/sha")
dbus-daemon[403667]: [session uid=1000 pid=403667 pidfd=4] Activated service 'org.freedesktop.systemd1' failed: Process org.freedesktop.systemd1 exited with status 1
{"trial": "S2r-168-fill-COMP_K-measured-r30", "mode": "replay", "outcome": "verified", "oracle_exact_match": true, "completion_mutations": 1, "routes": ["compiled"], "error": null, "la": "3.72", "prov": {"attempts": 0, "reached": 0}}
dbus-daemon[403667]: [session uid=1000 pid=403667 pidfd=4] Activating service name='org.freedesktop.systemd1' requested by ':1.4' (uid=1000 pid=403798 comm="/usr/bin/dbus-broker-launch --config-file=/usr/sha")
dbus-daemon[403667]: [session uid=1000 pid=403667 pidfd=4] Activated service 'org.freedesktop.systemd1' failed: Process org.freedesktop.systemd1 exited with status 1
dbus-daemon[403667]: [session uid=1000 pid=403667 pidfd=4] Activating service name='org.freedesktop.systemd1' requested by ':1.4' (uid=1000 pid=403798 comm="/usr/bin/dbus-broker-launch --config-file=/usr/sha")
dbus-daemon[403667]: [session uid=1000 pid=403667 pidfd=4] Activated service 'org.freedesktop.systemd1' failed: Process org.freedesktop.systemd1 exited with status 1
dbus-daemon[403667]: [session uid=1000 pid=403667 pidfd=4] Activating service name='org.freedesktop.systemd1' requested by ':1.4' (uid=1000 pid=403798 comm="/usr/bin/dbus-broker-launch --config-file=/usr/sha")
dbus-daemon[403667]: [session uid=1000 pid=403667 pidfd=4] Activated service 'org.freedesktop.systemd1' failed: Process org.freedesktop.systemd1 exited with status 1
{"trial": "S2r-169-fill-COMP_E-measured-r30", "mode": "replay", "outcome": "verified", "oracle_exact_match": true, "completion_mutations": 1, "routes": ["compiled"], "error": null, "la": "3.90", "prov": {"attempts": 0, "reached": 0}}
dbus-daemon[403667]: [session uid=1000 pid=403667 pidfd=4] Activating service name='org.freedesktop.systemd1' requested by ':1.4' (uid=1000 pid=403798 comm="/usr/bin/dbus-broker-launch --config-file=/usr/sha")
dbus-daemon[403667]: [session uid=1000 pid=403667 pidfd=4] Activated service 'org.freedesktop.systemd1' failed: Process org.freedesktop.systemd1 exited with status 1
dbus-daemon[403667]: [session uid=1000 pid=403667 pidfd=4] Activating service name='org.freedesktop.systemd1' requested by ':1.4' (uid=1000 pid=403798 comm="/usr/bin/dbus-broker-launch --config-file=/usr/sha")
dbus-daemon[403667]: [session uid=1000 pid=403667 pidfd=4] Activated service 'org.freedesktop.systemd1' failed: Process org.freedesktop.systemd1 exited with status 1
dbus-daemon[403667]: [session uid=1000 pid=403667 pidfd=4] Activating service name='org.freedesktop.systemd1' requested by ':1.4' (uid=1000 pid=403798 comm="/usr/bin/dbus-broker-launch --config-file=/usr/sha")
dbus-daemon[403667]: [session uid=1000 pid=403667 pidfd=4] Activated service 'org.freedesktop.systemd1' failed: Process org.freedesktop.systemd1 exited with status 1
{"trial": "S2r-170-fill-COMP-measured-r30", "mode": "replay", "outcome": "verified", "oracle_exact_match": true, "completion_mutations": 1, "routes": ["compiled"], "error": null, "la": "3.90", "prov": {"attempts": 0, "reached": 0}}
dbus-daemon[403667]: [session uid=1000 pid=403667 pidfd=4] Activating service name='org.freedesktop.systemd1' requested by ':1.4' (uid=1000 pid=403798 comm="/usr/bin/dbus-broker-launch --config-file=/usr/sha")
dbus-daemon[403667]: [session uid=1000 pid=403667 pidfd=4] Activated service 'org.freedesktop.systemd1' failed: Process org.freedesktop.systemd1 exited with status 1
dbus-daemon[403667]: [session uid=1000 pid=403667 pidfd=4] Activating service name='org.freedesktop.systemd1' requested by ':1.4' (uid=1000 pid=403798 comm="/usr/bin/dbus-broker-launch --config-file=/usr/sha")
dbus-daemon[403667]: [session uid=1000 pid=403667 pidfd=4] Activated service 'org.freedesktop.systemd1' failed: Process org.freedesktop.systemd1 exited with status 1
dbus-daemon[403667]: [session uid=1000 pid=403667 pidfd=4] Activating service name='org.freedesktop.systemd1' requested by ':1.4' (uid=1000 pid=403798 comm="/usr/bin/dbus-broker-launch --config-file=/usr/sha")
dbus-daemon[403667]: [session uid=1000 pid=403667 pidfd=4] Activated service 'org.freedesktop.systemd1' failed: Process org.freedesktop.systemd1 exited with status 1
{"trial": "S2r-171-fill-BASE-measured-r30", "mode": "step", "outcome": "verified", "oracle_exact_match": true, "completion_mutations": 1, "routes": ["provider", "provider"], "error": null, "la": "4.71", "prov": {"attempts": 0, "reached": 0}}
dbus-daemon[403667]: [session uid=1000 pid=403667 pidfd=4] Activating service name='org.freedesktop.systemd1' requested by ':1.4' (uid=1000 pid=403798 comm="/usr/bin/dbus-broker-launch --config-file=/usr/sha")
dbus-daemon[403667]: [session uid=1000 pid=403667 pidfd=4] Activated service 'org.freedesktop.systemd1' failed: Process org.freedesktop.systemd1 exited with status 1
dbus-daemon[403667]: [session uid=1000 pid=403667 pidfd=4] Activating service name='org.freedesktop.systemd1' requested by ':1.4' (uid=1000 pid=403798 comm="/usr/bin/dbus-broker-launch --config-file=/usr/sha")
dbus-daemon[403667]: [session uid=1000 pid=403667 pidfd=4] Activated service 'org.freedesktop.systemd1' failed: Process org.freedesktop.systemd1 exited with status 1
dbus-daemon[403667]: [session uid=1000 pid=403667 pidfd=4] Activating service name='org.freedesktop.systemd1' requested by ':1.4' (uid=1000 pid=403798 comm="/usr/bin/dbus-broker-launch --config-file=/usr/sha")
dbus-daemon[403667]: [session uid=1000 pid=403667 pidfd=4] Activated service 'org.freedesktop.systemd1' failed: Process org.freedesktop.systemd1 exited with status 1
{"trial": "S2r-172-toggle-COMP_K-measured-r30", "mode": "step", "outcome": "verified", "oracle_exact_match": true, "completion_mutations": 1, "routes": ["provider", "provider"], "error": null, "la": "4.71", "prov": {"attempts": 0, "reached": 0}}
dbus-daemon[403667]: [session uid=1000 pid=403667 pidfd=4] Activating service name='org.freedesktop.systemd1' requested by ':1.4' (uid=1000 pid=403798 comm="/usr/bin/dbus-broker-launch --config-file=/usr/sha")
dbus-daemon[403667]: [session uid=1000 pid=403667 pidfd=4] Activated service 'org.freedesktop.systemd1' failed: Process org.freedesktop.systemd1 exited with status 1
dbus-daemon[403667]: [session uid=1000 pid=403667 pidfd=4] Activating service name='org.freedesktop.systemd1' requested by ':1.4' (uid=1000 pid=403798 comm="/usr/bin/dbus-broker-launch --config-file=/usr/sha")
dbus-daemon[403667]: [session uid=1000 pid=403667 pidfd=4] Activated service 'org.freedesktop.systemd1' failed: Process org.freedesktop.systemd1 exited with status 1
dbus-daemon[403667]: [session uid=1000 pid=403667 pidfd=4] Activating service name='org.freedesktop.systemd1' requested by ':1.4' (uid=1000 pid=403798 comm="/usr/bin/dbus-broker-launch --config-file=/usr/sha")
dbus-daemon[403667]: [session uid=1000 pid=403667 pidfd=4] Activated service 'org.freedesktop.systemd1' failed: Process org.freedesktop.systemd1 exited with status 1
{"trial": "S2r-173-toggle-COMP_E-measured-r30", "mode": "step", "outcome": "verified", "oracle_exact_match": true, "completion_mutations": 1, "routes": ["provider", "provider"], "error": null, "la": "4.65", "prov": {"attempts": 0, "reached": 0}}
dbus-daemon[403667]: [session uid=1000 pid=403667 pidfd=4] Activating service name='org.freedesktop.systemd1' requested by ':1.4' (uid=1000 pid=403798 comm="/usr/bin/dbus-broker-launch --config-file=/usr/sha")
dbus-daemon[403667]: [session uid=1000 pid=403667 pidfd=4] Activated service 'org.freedesktop.systemd1' failed: Process org.freedesktop.systemd1 exited with status 1
dbus-daemon[403667]: [session uid=1000 pid=403667 pidfd=4] Activating service name='org.freedesktop.systemd1' requested by ':1.4' (uid=1000 pid=403798 comm="/usr/bin/dbus-broker-launch --config-file=/usr/sha")
dbus-daemon[403667]: [session uid=1000 pid=403667 pidfd=4] Activated service 'org.freedesktop.systemd1' failed: Process org.freedesktop.systemd1 exited with status 1
dbus-daemon[403667]: [session uid=1000 pid=403667 pidfd=4] Activating service name='org.freedesktop.systemd1' requested by ':1.4' (uid=1000 pid=403798 comm="/usr/bin/dbus-broker-launch --config-file=/usr/sha")
dbus-daemon[403667]: [session uid=1000 pid=403667 pidfd=4] Activated service 'org.freedesktop.systemd1' failed: Process org.freedesktop.systemd1 exited with status 1
{"trial": "S2r-174-toggle-COMP-measured-r30", "mode": "step", "outcome": "verified", "oracle_exact_match": true, "completion_mutations": 1, "routes": ["provider", "provider"], "error": null, "la": "4.65", "prov": {"attempts": 0, "reached": 0}}
dbus-daemon[403667]: [session uid=1000 pid=403667 pidfd=4] Activating service name='org.freedesktop.systemd1' requested by ':1.4' (uid=1000 pid=403798 comm="/usr/bin/dbus-broker-launch --config-file=/usr/sha")
dbus-daemon[403667]: [session uid=1000 pid=403667 pidfd=4] Activated service 'org.freedesktop.systemd1' failed: Process org.freedesktop.systemd1 exited with status 1
dbus-daemon[403667]: [session uid=1000 pid=403667 pidfd=4] Activating service name='org.freedesktop.systemd1' requested by ':1.4' (uid=1000 pid=403798 comm="/usr/bin/dbus-broker-launch --config-file=/usr/sha")
dbus-daemon[403667]: [session uid=1000 pid=403667 pidfd=4] Activated service 'org.freedesktop.systemd1' failed: Process org.freedesktop.systemd1 exited with status 1
dbus-daemon[403667]: [session uid=1000 pid=403667 pidfd=4] Activating service name='org.freedesktop.systemd1' requested by ':1.4' (uid=1000 pid=403798 comm="/usr/bin/dbus-broker-launch --config-file=/usr/sha")
dbus-daemon[403667]: [session uid=1000 pid=403667 pidfd=4] Activated service 'org.freedesktop.systemd1' failed: Process org.freedesktop.systemd1 exited with status 1
{"trial": "S2r-175-toggle-BASE-measured-r30", "mode": "step", "outcome": "verified", "oracle_exact_match": true, "completion_mutations": 1, "routes": ["provider", "provider"], "error": null, "la": "4.52", "prov": {"attempts": 0, "reached": 0}}
dbus-daemon[403667]: [session uid=1000 pid=403667 pidfd=4] Activating service name='org.freedesktop.systemd1' requested by ':1.4' (uid=1000 pid=403798 comm="/usr/bin/dbus-broker-launch --config-file=/usr/sha")
dbus-daemon[403667]: [session uid=1000 pid=403667 pidfd=4] Activated service 'org.freedesktop.systemd1' failed: Process org.freedesktop.systemd1 exited with status 1
dbus-daemon[403667]: [session uid=1000 pid=403667 pidfd=4] Activating service name='org.freedesktop.systemd1' requested by ':1.4' (uid=1000 pid=403798 comm="/usr/bin/dbus-broker-launch --config-file=/usr/sha")
dbus-daemon[403667]: [session uid=1000 pid=403667 pidfd=4] Activated service 'org.freedesktop.systemd1' failed: Process org.freedesktop.systemd1 exited with status 1
dbus-daemon[403667]: [session uid=1000 pid=403667 pidfd=4] Activating service name='org.freedesktop.systemd1' requested by ':1.4' (uid=1000 pid=403798 comm="/usr/bin/dbus-broker-launch --config-file=/usr/sha")
dbus-daemon[403667]: [session uid=1000 pid=403667 pidfd=4] Activated service 'org.freedesktop.systemd1' failed: Process org.freedesktop.systemd1 exited with status 1
{"trial": "S2r-176-modal-COMP_K-measured-r30", "mode": "step", "outcome": "verified", "oracle_exact_match": true, "completion_mutations": 1, "routes": ["provider", "provider"], "error": null, "la": "4.52", "prov": {"attempts": 0, "reached": 0}}
dbus-daemon[403667]: [session uid=1000 pid=403667 pidfd=4] Activating service name='org.freedesktop.systemd1' requested by ':1.4' (uid=1000 pid=403798 comm="/usr/bin/dbus-broker-launch --config-file=/usr/sha")
dbus-daemon[403667]: [session uid=1000 pid=403667 pidfd=4] Activated service 'org.freedesktop.systemd1' failed: Process org.freedesktop.systemd1 exited with status 1
dbus-daemon[403667]: [session uid=1000 pid=403667 pidfd=4] Activating service name='org.freedesktop.systemd1' requested by ':1.4' (uid=1000 pid=403798 comm="/usr/bin/dbus-broker-launch --config-file=/usr/sha")
dbus-daemon[403667]: [session uid=1000 pid=403667 pidfd=4] Activated service 'org.freedesktop.systemd1' failed: Process org.freedesktop.systemd1 exited with status 1
dbus-daemon[403667]: [session uid=1000 pid=403667 pidfd=4] Activating service name='org.freedesktop.systemd1' requested by ':1.4' (uid=1000 pid=403798 comm="/usr/bin/dbus-broker-launch --config-file=/usr/sha")
dbus-daemon[403667]: [session uid=1000 pid=403667 pidfd=4] Activated service 'org.freedesktop.systemd1' failed: Process org.freedesktop.systemd1 exited with status 1
{"trial": "S2r-177-modal-COMP_E-measured-r30", "mode": "step", "outcome": "verified", "oracle_exact_match": true, "completion_mutations": 1, "routes": ["provider", "provider"], "error": null, "la": "4.48", "prov": {"attempts": 0, "reached": 0}}
dbus-daemon[403667]: [session uid=1000 pid=403667 pidfd=4] Activating service name='org.freedesktop.systemd1' requested by ':1.4' (uid=1000 pid=403798 comm="/usr/bin/dbus-broker-launch --config-file=/usr/sha")
dbus-daemon[403667]: [session uid=1000 pid=403667 pidfd=4] Activated service 'org.freedesktop.systemd1' failed: Process org.freedesktop.systemd1 exited with status 1
dbus-daemon[403667]: [session uid=1000 pid=403667 pidfd=4] Activating service name='org.freedesktop.systemd1' requested by ':1.4' (uid=1000 pid=403798 comm="/usr/bin/dbus-broker-launch --config-file=/usr/sha")
dbus-daemon[403667]: [session uid=1000 pid=403667 pidfd=4] Activated service 'org.freedesktop.systemd1' failed: Process org.freedesktop.systemd1 exited with status 1
dbus-daemon[403667]: [session uid=1000 pid=403667 pidfd=4] Activating service name='org.freedesktop.systemd1' requested by ':1.4' (uid=1000 pid=403798 comm="/usr/bin/dbus-broker-launch --config-file=/usr/sha")
dbus-daemon[403667]: [session uid=1000 pid=403667 pidfd=4] Activated service 'org.freedesktop.systemd1' failed: Process org.freedesktop.systemd1 exited with status 1
{"trial": "S2r-178-modal-COMP-measured-r30", "mode": "step", "outcome": "verified", "oracle_exact_match": true, "completion_mutations": 1, "routes": ["provider", "provider"], "error": null, "la": "4.48", "prov": {"attempts": 0, "reached": 0}}
dbus-daemon[403667]: [session uid=1000 pid=403667 pidfd=4] Activating service name='org.freedesktop.systemd1' requested by ':1.4' (uid=1000 pid=403798 comm="/usr/bin/dbus-broker-launch --config-file=/usr/sha")
dbus-daemon[403667]: [session uid=1000 pid=403667 pidfd=4] Activated service 'org.freedesktop.systemd1' failed: Process org.freedesktop.systemd1 exited with status 1
dbus-daemon[403667]: [session uid=1000 pid=403667 pidfd=4] Activating service name='org.freedesktop.systemd1' requested by ':1.4' (uid=1000 pid=403798 comm="/usr/bin/dbus-broker-launch --config-file=/usr/sha")
dbus-daemon[403667]: [session uid=1000 pid=403667 pidfd=4] Activated service 'org.freedesktop.systemd1' failed: Process org.freedesktop.systemd1 exited with status 1
dbus-daemon[403667]: [session uid=1000 pid=403667 pidfd=4] Activating service name='org.freedesktop.systemd1' requested by ':1.4' (uid=1000 pid=403798 comm="/usr/bin/dbus-broker-launch --config-file=/usr/sha")
dbus-daemon[403667]: [session uid=1000 pid=403667 pidfd=4] Activated service 'org.freedesktop.systemd1' failed: Process org.freedesktop.systemd1 exited with status 1
{"trial": "S2r-179-modal-BASE-measured-r30", "mode": "step", "outcome": "verified", "oracle_exact_match": true, "completion_mutations": 1, "routes": ["provider", "provider"], "error": null, "la": "4.48", "prov": {"attempts": 0, "reached": 0}}
dbus-daemon[403667]: [session uid=1000 pid=403667 pidfd=4] Activating service name='org.freedesktop.systemd1' requested by ':1.4' (uid=1000 pid=403798 comm="/usr/bin/dbus-broker-launch --config-file=/usr/sha")
dbus-daemon[403667]: [session uid=1000 pid=403667 pidfd=4] Activated service 'org.freedesktop.systemd1' failed: Process org.freedesktop.systemd1 exited with status 1
dbus-daemon[403667]: [session uid=1000 pid=403667 pidfd=4] Activating service name='org.freedesktop.systemd1' requested by ':1.4' (uid=1000 pid=403798 comm="/usr/bin/dbus-broker-launch --config-file=/usr/sha")
dbus-daemon[403667]: [session uid=1000 pid=403667 pidfd=4] Activated service 'org.freedesktop.systemd1' failed: Process org.freedesktop.systemd1 exited with status 1
dbus-daemon[403667]: [session uid=1000 pid=403667 pidfd=4] Activating service name='org.freedesktop.systemd1' requested by ':1.4' (uid=1000 pid=403798 comm="/usr/bin/dbus-broker-launch --config-file=/usr/sha")
dbus-daemon[403667]: [session uid=1000 pid=403667 pidfd=4] Activated service 'org.freedesktop.systemd1' failed: Process org.freedesktop.systemd1 exited with status 1
{"trial": "S2r-180-toggle-COMP_E-measured-r31", "mode": "step", "outcome": "verified", "oracle_exact_match": true, "completion_mutations": 1, "routes": ["provider", "provider"], "error": null, "la": "4.36", "prov": {"attempts": 0, "reached": 0}}
dbus-daemon[403667]: [session uid=1000 pid=403667 pidfd=4] Activating service name='org.freedesktop.systemd1' requested by ':1.4' (uid=1000 pid=403798 comm="/usr/bin/dbus-broker-launch --config-file=/usr/sha")
dbus-daemon[403667]: [session uid=1000 pid=403667 pidfd=4] Activated service 'org.freedesktop.systemd1' failed: Process org.freedesktop.systemd1 exited with status 1
dbus-daemon[403667]: [session uid=1000 pid=403667 pidfd=4] Activating service name='org.freedesktop.systemd1' requested by ':1.4' (uid=1000 pid=403798 comm="/usr/bin/dbus-broker-launch --config-file=/usr/sha")
dbus-daemon[403667]: [session uid=1000 pid=403667 pidfd=4] Activated service 'org.freedesktop.systemd1' failed: Process org.freedesktop.systemd1 exited with status 1
dbus-daemon[403667]: [session uid=1000 pid=403667 pidfd=4] Activating service name='org.freedesktop.systemd1' requested by ':1.4' (uid=1000 pid=403798 comm="/usr/bin/dbus-broker-launch --config-file=/usr/sha")
dbus-daemon[403667]: [session uid=1000 pid=403667 pidfd=4] Activated service 'org.freedesktop.systemd1' failed: Process org.freedesktop.systemd1 exited with status 1
{"trial": "S2r-181-toggle-BASE-measured-r31", "mode": "step", "outcome": "verified", "oracle_exact_match": true, "completion_mutations": 1, "routes": ["provider", "provider"], "error": null, "la": "4.36", "prov": {"attempts": 0, "reached": 0}}
dbus-daemon[403667]: [session uid=1000 pid=403667 pidfd=4] Activating service name='org.freedesktop.systemd1' requested by ':1.4' (uid=1000 pid=403798 comm="/usr/bin/dbus-broker-launch --config-file=/usr/sha")
dbus-daemon[403667]: [session uid=1000 pid=403667 pidfd=4] Activated service 'org.freedesktop.systemd1' failed: Process org.freedesktop.systemd1 exited with status 1
dbus-daemon[403667]: [session uid=1000 pid=403667 pidfd=4] Activating service name='org.freedesktop.systemd1' requested by ':1.4' (uid=1000 pid=403798 comm="/usr/bin/dbus-broker-launch --config-file=/usr/sha")
dbus-daemon[403667]: [session uid=1000 pid=403667 pidfd=4] Activated service 'org.freedesktop.systemd1' failed: Process org.freedesktop.systemd1 exited with status 1
dbus-daemon[403667]: [session uid=1000 pid=403667 pidfd=4] Activating service name='org.freedesktop.systemd1' requested by ':1.4' (uid=1000 pid=403798 comm="/usr/bin/dbus-broker-launch --config-file=/usr/sha")
dbus-daemon[403667]: [session uid=1000 pid=403667 pidfd=4] Activated service 'org.freedesktop.systemd1' failed: Process org.freedesktop.systemd1 exited with status 1
{"trial": "S2r-182-toggle-COMP_K-measured-r31", "mode": "step", "outcome": "verified", "oracle_exact_match": true, "completion_mutations": 1, "routes": ["provider", "provider"], "error": null, "la": "4.17", "prov": {"attempts": 0, "reached": 0}}
dbus-daemon[403667]: [session uid=1000 pid=403667 pidfd=4] Activating service name='org.freedesktop.systemd1' requested by ':1.4' (uid=1000 pid=403798 comm="/usr/bin/dbus-broker-launch --config-file=/usr/sha")
dbus-daemon[403667]: [session uid=1000 pid=403667 pidfd=4] Activated service 'org.freedesktop.systemd1' failed: Process org.freedesktop.systemd1 exited with status 1
dbus-daemon[403667]: [session uid=1000 pid=403667 pidfd=4] Activating service name='org.freedesktop.systemd1' requested by ':1.4' (uid=1000 pid=403798 comm="/usr/bin/dbus-broker-launch --config-file=/usr/sha")
dbus-daemon[403667]: [session uid=1000 pid=403667 pidfd=4] Activated service 'org.freedesktop.systemd1' failed: Process org.freedesktop.systemd1 exited with status 1
dbus-daemon[403667]: [session uid=1000 pid=403667 pidfd=4] Activating service name='org.freedesktop.systemd1' requested by ':1.4' (uid=1000 pid=403798 comm="/usr/bin/dbus-broker-launch --config-file=/usr/sha")
dbus-daemon[403667]: [session uid=1000 pid=403667 pidfd=4] Activated service 'org.freedesktop.systemd1' failed: Process org.freedesktop.systemd1 exited with status 1
{"trial": "S2r-183-toggle-COMP-measured-r31", "mode": "step", "outcome": "verified", "oracle_exact_match": true, "completion_mutations": 1, "routes": ["provider", "provider"], "error": null, "la": "4.00", "prov": {"attempts": 0, "reached": 0}}
dbus-daemon[403667]: [session uid=1000 pid=403667 pidfd=4] Activating service name='org.freedesktop.systemd1' requested by ':1.4' (uid=1000 pid=403798 comm="/usr/bin/dbus-broker-launch --config-file=/usr/sha")
dbus-daemon[403667]: [session uid=1000 pid=403667 pidfd=4] Activated service 'org.freedesktop.systemd1' failed: Process org.freedesktop.systemd1 exited with status 1
dbus-daemon[403667]: [session uid=1000 pid=403667 pidfd=4] Activating service name='org.freedesktop.systemd1' requested by ':1.4' (uid=1000 pid=403798 comm="/usr/bin/dbus-broker-launch --config-file=/usr/sha")
dbus-daemon[403667]: [session uid=1000 pid=403667 pidfd=4] Activated service 'org.freedesktop.systemd1' failed: Process org.freedesktop.systemd1 exited with status 1
dbus-daemon[403667]: [session uid=1000 pid=403667 pidfd=4] Activating service name='org.freedesktop.systemd1' requested by ':1.4' (uid=1000 pid=403798 comm="/usr/bin/dbus-broker-launch --config-file=/usr/sha")
dbus-daemon[403667]: [session uid=1000 pid=403667 pidfd=4] Activated service 'org.freedesktop.systemd1' failed: Process org.freedesktop.systemd1 exited with status 1
{"trial": "S2r-184-modal-COMP_E-measured-r31", "mode": "step", "outcome": "verified", "oracle_exact_match": true, "completion_mutations": 1, "routes": ["provider", "provider"], "error": null, "la": "4.00", "prov": {"attempts": 0, "reached": 0}}
dbus-daemon[403667]: [session uid=1000 pid=403667 pidfd=4] Activating service name='org.freedesktop.systemd1' requested by ':1.4' (uid=1000 pid=403798 comm="/usr/bin/dbus-broker-launch --config-file=/usr/sha")
dbus-daemon[403667]: [session uid=1000 pid=403667 pidfd=4] Activated service 'org.freedesktop.systemd1' failed: Process org.freedesktop.systemd1 exited with status 1
dbus-daemon[403667]: [session uid=1000 pid=403667 pidfd=4] Activating service name='org.freedesktop.systemd1' requested by ':1.4' (uid=1000 pid=403798 comm="/usr/bin/dbus-broker-launch --config-file=/usr/sha")
dbus-daemon[403667]: [session uid=1000 pid=403667 pidfd=4] Activated service 'org.freedesktop.systemd1' failed: Process org.freedesktop.systemd1 exited with status 1
dbus-daemon[403667]: [session uid=1000 pid=403667 pidfd=4] Activating service name='org.freedesktop.systemd1' requested by ':1.4' (uid=1000 pid=403798 comm="/usr/bin/dbus-broker-launch --config-file=/usr/sha")
dbus-daemon[403667]: [session uid=1000 pid=403667 pidfd=4] Activated service 'org.freedesktop.systemd1' failed: Process org.freedesktop.systemd1 exited with status 1
{"trial": "S2r-185-modal-BASE-measured-r31", "mode": "step", "outcome": "verified", "oracle_exact_match": true, "completion_mutations": 1, "routes": ["provider", "provider"], "error": null, "la": "4.00", "prov": {"attempts": 0, "reached": 0}}
dbus-daemon[403667]: [session uid=1000 pid=403667 pidfd=4] Activating service name='org.freedesktop.systemd1' requested by ':1.4' (uid=1000 pid=403798 comm="/usr/bin/dbus-broker-launch --config-file=/usr/sha")
dbus-daemon[403667]: [session uid=1000 pid=403667 pidfd=4] Activated service 'org.freedesktop.systemd1' failed: Process org.freedesktop.systemd1 exited with status 1
dbus-daemon[403667]: [session uid=1000 pid=403667 pidfd=4] Activating service name='org.freedesktop.systemd1' requested by ':1.4' (uid=1000 pid=403798 comm="/usr/bin/dbus-broker-launch --config-file=/usr/sha")
dbus-daemon[403667]: [session uid=1000 pid=403667 pidfd=4] Activated service 'org.freedesktop.systemd1' failed: Process org.freedesktop.systemd1 exited with status 1
dbus-daemon[403667]: [session uid=1000 pid=403667 pidfd=4] Activating service name='org.freedesktop.systemd1' requested by ':1.4' (uid=1000 pid=403798 comm="/usr/bin/dbus-broker-launch --config-file=/usr/sha")
dbus-daemon[403667]: [session uid=1000 pid=403667 pidfd=4] Activated service 'org.freedesktop.systemd1' failed: Process org.freedesktop.systemd1 exited with status 1
{"trial": "S2r-186-modal-COMP_K-measured-r31", "mode": "step", "outcome": "verified", "oracle_exact_match": true, "completion_mutations": 1, "routes": ["provider", "provider"], "error": null, "la": "4.08", "prov": {"attempts": 0, "reached": 0}}
dbus-daemon[403667]: [session uid=1000 pid=403667 pidfd=4] Activating service name='org.freedesktop.systemd1' requested by ':1.4' (uid=1000 pid=403798 comm="/usr/bin/dbus-broker-launch --config-file=/usr/sha")
dbus-daemon[403667]: [session uid=1000 pid=403667 pidfd=4] Activated service 'org.freedesktop.systemd1' failed: Process org.freedesktop.systemd1 exited with status 1
dbus-daemon[403667]: [session uid=1000 pid=403667 pidfd=4] Activating service name='org.freedesktop.systemd1' requested by ':1.4' (uid=1000 pid=403798 comm="/usr/bin/dbus-broker-launch --config-file=/usr/sha")
dbus-daemon[403667]: [session uid=1000 pid=403667 pidfd=4] Activated service 'org.freedesktop.systemd1' failed: Process org.freedesktop.systemd1 exited with status 1
dbus-daemon[403667]: [session uid=1000 pid=403667 pidfd=4] Activating service name='org.freedesktop.systemd1' requested by ':1.4' (uid=1000 pid=403798 comm="/usr/bin/dbus-broker-launch --config-file=/usr/sha")
dbus-daemon[403667]: [session uid=1000 pid=403667 pidfd=4] Activated service 'org.freedesktop.systemd1' failed: Process org.freedesktop.systemd1 exited with status 1
{"trial": "S2r-187-modal-COMP-measured-r31", "mode": "step", "outcome": "verified", "oracle_exact_match": true, "completion_mutations": 1, "routes": ["provider", "provider"], "error": null, "la": "4.08", "prov": {"attempts": 0, "reached": 0}}
dbus-daemon[403667]: [session uid=1000 pid=403667 pidfd=4] Activating service name='org.freedesktop.systemd1' requested by ':1.4' (uid=1000 pid=403798 comm="/usr/bin/dbus-broker-launch --config-file=/usr/sha")
dbus-daemon[403667]: [session uid=1000 pid=403667 pidfd=4] Activated service 'org.freedesktop.systemd1' failed: Process org.freedesktop.systemd1 exited with status 1
dbus-daemon[403667]: [session uid=1000 pid=403667 pidfd=4] Activating service name='org.freedesktop.systemd1' requested by ':1.4' (uid=1000 pid=403798 comm="/usr/bin/dbus-broker-launch --config-file=/usr/sha")
dbus-daemon[403667]: [session uid=1000 pid=403667 pidfd=4] Activated service 'org.freedesktop.systemd1' failed: Process org.freedesktop.systemd1 exited with status 1
dbus-daemon[403667]: [session uid=1000 pid=403667 pidfd=4] Activating service name='org.freedesktop.systemd1' requested by ':1.4' (uid=1000 pid=403798 comm="/usr/bin/dbus-broker-launch --config-file=/usr/sha")
dbus-daemon[403667]: [session uid=1000 pid=403667 pidfd=4] Activated service 'org.freedesktop.systemd1' failed: Process org.freedesktop.systemd1 exited with status 1
{"trial": "S2r-188-fill-COMP_E-measured-r31", "mode": "replay", "outcome": "verified", "oracle_exact_match": true, "completion_mutations": 1, "routes": ["compiled"], "error": null, "la": "4.08", "prov": {"attempts": 0, "reached": 0}}
dbus-daemon[403667]: [session uid=1000 pid=403667 pidfd=4] Activating service name='org.freedesktop.systemd1' requested by ':1.4' (uid=1000 pid=403798 comm="/usr/bin/dbus-broker-launch --config-file=/usr/sha")
dbus-daemon[403667]: [session uid=1000 pid=403667 pidfd=4] Activated service 'org.freedesktop.systemd1' failed: Process org.freedesktop.systemd1 exited with status 1
dbus-daemon[403667]: [session uid=1000 pid=403667 pidfd=4] Activating service name='org.freedesktop.systemd1' requested by ':1.4' (uid=1000 pid=403798 comm="/usr/bin/dbus-broker-launch --config-file=/usr/sha")
dbus-daemon[403667]: [session uid=1000 pid=403667 pidfd=4] Activated service 'org.freedesktop.systemd1' failed: Process org.freedesktop.systemd1 exited with status 1
dbus-daemon[403667]: [session uid=1000 pid=403667 pidfd=4] Activating service name='org.freedesktop.systemd1' requested by ':1.4' (uid=1000 pid=403798 comm="/usr/bin/dbus-broker-launch --config-file=/usr/sha")
dbus-daemon[403667]: [session uid=1000 pid=403667 pidfd=4] Activated service 'org.freedesktop.systemd1' failed: Process org.freedesktop.systemd1 exited with status 1
{"trial": "S2r-189-fill-BASE-measured-r31", "mode": "step", "outcome": "verified", "oracle_exact_match": true, "completion_mutations": 1, "routes": ["provider", "provider"], "error": null, "la": "3.99", "prov": {"attempts": 0, "reached": 0}}
dbus-daemon[403667]: [session uid=1000 pid=403667 pidfd=4] Activating service name='org.freedesktop.systemd1' requested by ':1.4' (uid=1000 pid=403798 comm="/usr/bin/dbus-broker-launch --config-file=/usr/sha")
dbus-daemon[403667]: [session uid=1000 pid=403667 pidfd=4] Activated service 'org.freedesktop.systemd1' failed: Process org.freedesktop.systemd1 exited with status 1
dbus-daemon[403667]: [session uid=1000 pid=403667 pidfd=4] Activating service name='org.freedesktop.systemd1' requested by ':1.4' (uid=1000 pid=403798 comm="/usr/bin/dbus-broker-launch --config-file=/usr/sha")
dbus-daemon[403667]: [session uid=1000 pid=403667 pidfd=4] Activated service 'org.freedesktop.systemd1' failed: Process org.freedesktop.systemd1 exited with status 1
dbus-daemon[403667]: [session uid=1000 pid=403667 pidfd=4] Activating service name='org.freedesktop.systemd1' requested by ':1.4' (uid=1000 pid=403798 comm="/usr/bin/dbus-broker-launch --config-file=/usr/sha")
dbus-daemon[403667]: [session uid=1000 pid=403667 pidfd=4] Activated service 'org.freedesktop.systemd1' failed: Process org.freedesktop.systemd1 exited with status 1
{"trial": "S2r-190-fill-COMP_K-measured-r31", "mode": "replay", "outcome": "verified", "oracle_exact_match": true, "completion_mutations": 1, "routes": ["compiled"], "error": null, "la": "3.99", "prov": {"attempts": 0, "reached": 0}}
dbus-daemon[403667]: [session uid=1000 pid=403667 pidfd=4] Activating service name='org.freedesktop.systemd1' requested by ':1.4' (uid=1000 pid=403798 comm="/usr/bin/dbus-broker-launch --config-file=/usr/sha")
dbus-daemon[403667]: [session uid=1000 pid=403667 pidfd=4] Activated service 'org.freedesktop.systemd1' failed: Process org.freedesktop.systemd1 exited with status 1
dbus-daemon[403667]: [session uid=1000 pid=403667 pidfd=4] Activating service name='org.freedesktop.systemd1' requested by ':1.4' (uid=1000 pid=403798 comm="/usr/bin/dbus-broker-launch --config-file=/usr/sha")
dbus-daemon[403667]: [session uid=1000 pid=403667 pidfd=4] Activated service 'org.freedesktop.systemd1' failed: Process org.freedesktop.systemd1 exited with status 1
dbus-daemon[403667]: [session uid=1000 pid=403667 pidfd=4] Activating service name='org.freedesktop.systemd1' requested by ':1.4' (uid=1000 pid=403798 comm="/usr/bin/dbus-broker-launch --config-file=/usr/sha")
dbus-daemon[403667]: [session uid=1000 pid=403667 pidfd=4] Activated service 'org.freedesktop.systemd1' failed: Process org.freedesktop.systemd1 exited with status 1
{"trial": "S2r-191-fill-COMP-measured-r31", "mode": "replay", "outcome": "verified", "oracle_exact_match": true, "completion_mutations": 1, "routes": ["compiled"], "error": null, "la": "3.99", "prov": {"attempts": 0, "reached": 0}}
A connection to the bus can't be made
CRITICAL: [dbus_cb_name_lost:1438] Cannot connect to DBus.
[session] exit rc=0 run_dir=<tmp-root>/x11-session.snMWJt
[2026-10-03T05:38:18.908Z] chunk r2-10r-a2-S2r rc=0 loadavg=3.67 6.43 8.93
