[2026-10-02T18:57:44.098Z] chunk r2-10-L1 mode=exclusive atspi=0 live=1 loadavg=8.46 12.46 12.33
[session] DISPLAY=:99 openbox=1028389 picom=1028390 dbus=unix:path=<tmp>/dbus-...,guid=fdffde9d5f21c72fe497dc886ac000e5
[r2-10] display=:99 xdg_runtime_private=yes key=present loadavg=7.25 8.54 10.37 atspi=0
dbus-daemon[1028386]: [session uid=1000 pid=1028386 pidfd=4] Activating service name='org.a11y.Bus' requested by ':1.0' (uid=1000 pid=1028754 comm="<lanes>/bin/cua-driver-r2")
dbus-daemon[1028386]: [session uid=1000 pid=1028386 pidfd=4] Successfully activated service 'org.a11y.Bus'
dbus-daemon[1028386]: [session uid=1000 pid=1028386 pidfd=4] Activating service name='ca.desrt.dconf' requested by ':1.1' (uid=1000 pid=1028764 comm="/usr/lib/at-spi-bus-launcher")
dbus-daemon[1028386]: [session uid=1000 pid=1028386 pidfd=4] Successfully activated service 'ca.desrt.dconf'
dbus-daemon[1028386]: [session uid=1000 pid=1028386 pidfd=4] Activating service name='org.freedesktop.systemd1' requested by ':1.4' (uid=1000 pid=1028778 comm="/usr/bin/dbus-broker-launch --config-file=/usr/sha")
dbus-daemon[1028386]: [session uid=1000 pid=1028386 pidfd=4] Activated service 'org.freedesktop.systemd1' failed: Process org.freedesktop.systemd1 exited with status 1
dbus-daemon[1028386]: [session uid=1000 pid=1028386 pidfd=4] Activating service name='org.gtk.vfs.Daemon' requested by ':1.5' (uid=1000 pid=1028835 comm="/opt/google/chrome/chrome --remote-debugging-port=")
dbus-daemon[1028386]: [session uid=1000 pid=1028386 pidfd=4] Successfully activated service 'org.gtk.vfs.Daemon'
fusermount3: mount failed: Operation not permitted
dbus-daemon[1028386]: [session uid=1000 pid=1028386 pidfd=4] Activating service name='org.freedesktop.systemd1' requested by ':1.4' (uid=1000 pid=1028778 comm="/usr/bin/dbus-broker-launch --config-file=/usr/sha")
dbus-daemon[1028386]: [session uid=1000 pid=1028386 pidfd=4] Activated service 'org.freedesktop.systemd1' failed: Process org.freedesktop.systemd1 exited with status 1
dbus-daemon[1028386]: [session uid=1000 pid=1028386 pidfd=4] Activating service name='org.freedesktop.systemd1' requested by ':1.4' (uid=1000 pid=1028778 comm="/usr/bin/dbus-broker-launch --config-file=/usr/sha")
dbus-daemon[1028386]: [session uid=1000 pid=1028386 pidfd=4] Activated service 'org.freedesktop.systemd1' failed: Process org.freedesktop.systemd1 exited with status 1
dbus-daemon[1028386]: [session uid=1000 pid=1028386 pidfd=4] Activating service name='org.freedesktop.Notifications' requested by ':1.7' (uid=1000 pid=1028835 comm="/opt/google/chrome/chrome --remote-debugging-port=")
dbus-daemon[1028386]: [session uid=1000 pid=1028386 pidfd=4] Activating service name='org.freedesktop.portal.Desktop' requested by ':1.7' (uid=1000 pid=1028835 comm="/opt/google/chrome/chrome --remote-debugging-port=")
dbus-daemon[1028386]: [session uid=1000 pid=1028386 pidfd=4] Activating service name='org.freedesktop.impl.portal.PermissionStore' requested by ':1.9' (uid=1000 pid=1029056 comm="/usr/lib/xdg-desktop-portal")
dbus-daemon[1028386]: [session uid=1000 pid=1028386 pidfd=4] Successfully activated service 'org.freedesktop.impl.portal.PermissionStore'
dbus-daemon[1028386]: [session uid=1000 pid=1028386 pidfd=4] Activating service name='org.freedesktop.portal.Documents' requested by ':1.9' (uid=1000 pid=1029056 comm="/usr/lib/xdg-desktop-portal")
dbus-daemon[1028386]: [session uid=1000 pid=1028386 pidfd=4] Successfully activated service 'org.freedesktop.Notifications'
dbus-daemon[1028386]: [session uid=1000 pid=1028386 pidfd=4] Successfully activated service 'org.freedesktop.portal.Documents'
fusermount3: mount failed: Operation not permitted
error: fuse init failed: Can't mount path <lane-tmp>/x11-session.tuSqh0/xdg-runtime/doc


dbus-daemon[1028386]: [session uid=1000 pid=1028386 pidfd=4] Activating service name='org.freedesktop.impl.portal.desktop.gtk' requested by ':1.9' (uid=1000 pid=1029056 comm="/usr/lib/xdg-desktop-portal")
dbus-daemon[1028386]: [session uid=1000 pid=1028386 pidfd=4] Activating service name='org.freedesktop.systemd1' requested by ':1.4' (uid=1000 pid=1028778 comm="/usr/bin/dbus-broker-launch --config-file=/usr/sha")
dbus-daemon[1028386]: [session uid=1000 pid=1028386 pidfd=4] Activated service 'org.freedesktop.systemd1' failed: Process org.freedesktop.systemd1 exited with status 1
dbus-daemon[1028386]: [session uid=1000 pid=1028386 pidfd=4] Successfully activated service 'org.freedesktop.impl.portal.desktop.gtk'


dbus-daemon[1028386]: [session uid=1000 pid=1028386 pidfd=4] Activating service name='org.freedesktop.systemd1' requested by ':1.4' (uid=1000 pid=1028778 comm="/usr/bin/dbus-broker-launch --config-file=/usr/sha")

dbus-daemon[1028386]: [session uid=1000 pid=1028386 pidfd=4] Activated service 'org.freedesktop.systemd1' failed: Process org.freedesktop.systemd1 exited with status 1












dbus-daemon[1028386]: [session uid=1000 pid=1028386 pidfd=4] Successfully activated service 'org.freedesktop.portal.Desktop'
{"trial": "L1-000-fill-BASE-measured-r00", "mode": "step", "outcome": "verified", "oracle_exact_match": true, "completion_mutations": 1, "routes": ["provider", "provider"], "error": null, "la": "8.35", "prov": {"attempts": 7, "reached": 7}}
dbus-daemon[1028386]: [session uid=1000 pid=1028386 pidfd=4] Activating service name='org.freedesktop.systemd1' requested by ':1.4' (uid=1000 pid=1028778 comm="/usr/bin/dbus-broker-launch --config-file=/usr/sha")
dbus-daemon[1028386]: [session uid=1000 pid=1028386 pidfd=4] Activated service 'org.freedesktop.systemd1' failed: Process org.freedesktop.systemd1 exited with status 1
dbus-daemon[1028386]: [session uid=1000 pid=1028386 pidfd=4] Activating service name='org.freedesktop.systemd1' requested by ':1.4' (uid=1000 pid=1028778 comm="/usr/bin/dbus-broker-launch --config-file=/usr/sha")
dbus-daemon[1028386]: [session uid=1000 pid=1028386 pidfd=4] Activated service 'org.freedesktop.systemd1' failed: Process org.freedesktop.systemd1 exited with status 1
dbus-daemon[1028386]: [session uid=1000 pid=1028386 pidfd=4] Activating service name='org.freedesktop.systemd1' requested by ':1.4' (uid=1000 pid=1028778 comm="/usr/bin/dbus-broker-launch --config-file=/usr/sha")
dbus-daemon[1028386]: [session uid=1000 pid=1028386 pidfd=4] Activated service 'org.freedesktop.systemd1' failed: Process org.freedesktop.systemd1 exited with status 1
dbus-daemon[1028386]: [session uid=1000 pid=1028386 pidfd=4] Activating service name='org.freedesktop.systemd1' requested by ':1.4' (uid=1000 pid=1028778 comm="/usr/bin/dbus-broker-launch --config-file=/usr/sha")
dbus-daemon[1028386]: [session uid=1000 pid=1028386 pidfd=4] Activated service 'org.freedesktop.systemd1' failed: Process org.freedesktop.systemd1 exited with status 1
dbus-daemon[1028386]: [session uid=1000 pid=1028386 pidfd=4] Activating service name='org.freedesktop.systemd1' requested by ':1.4' (uid=1000 pid=1028778 comm="/usr/bin/dbus-broker-launch --config-file=/usr/sha")
dbus-daemon[1028386]: [session uid=1000 pid=1028386 pidfd=4] Activated service 'org.freedesktop.systemd1' failed: Process org.freedesktop.systemd1 exited with status 1
dbus-daemon[1028386]: [session uid=1000 pid=1028386 pidfd=4] Activating service name='org.freedesktop.systemd1' requested by ':1.4' (uid=1000 pid=1028778 comm="/usr/bin/dbus-broker-launch --config-file=/usr/sha")
dbus-daemon[1028386]: [session uid=1000 pid=1028386 pidfd=4] Activated service 'org.freedesktop.systemd1' failed: Process org.freedesktop.systemd1 exited with status 1
{"trial": "L1-001-fill-COMP-measured-r00", "mode": "train", "outcome": "verified", "oracle_exact_match": true, "completion_mutations": 1, "routes": ["provider", "guarded-completion"], "error": null, "la": "7.84", "prov": {"attempts": 8, "reached": 8}}
dbus-daemon[1028386]: [session uid=1000 pid=1028386 pidfd=4] Activating service name='org.freedesktop.systemd1' requested by ':1.4' (uid=1000 pid=1028778 comm="/usr/bin/dbus-broker-launch --config-file=/usr/sha")
dbus-daemon[1028386]: [session uid=1000 pid=1028386 pidfd=4] Activated service 'org.freedesktop.systemd1' failed: Process org.freedesktop.systemd1 exited with status 1
dbus-daemon[1028386]: [session uid=1000 pid=1028386 pidfd=4] Activating service name='org.freedesktop.systemd1' requested by ':1.4' (uid=1000 pid=1028778 comm="/usr/bin/dbus-broker-launch --config-file=/usr/sha")
dbus-daemon[1028386]: [session uid=1000 pid=1028386 pidfd=4] Activated service 'org.freedesktop.systemd1' failed: Process org.freedesktop.systemd1 exited with status 1
dbus-daemon[1028386]: [session uid=1000 pid=1028386 pidfd=4] Activating service name='org.freedesktop.systemd1' requested by ':1.4' (uid=1000 pid=1028778 comm="/usr/bin/dbus-broker-launch --config-file=/usr/sha")
dbus-daemon[1028386]: [session uid=1000 pid=1028386 pidfd=4] Activated service 'org.freedesktop.systemd1' failed: Process org.freedesktop.systemd1 exited with status 1
{"trial": "L1-002-toggle-BASE-measured-r00", "mode": "step", "outcome": "verified", "oracle_exact_match": true, "completion_mutations": 1, "routes": ["provider", "provider"], "error": null, "la": "7.84", "prov": {"attempts": 10, "reached": 10}}
dbus-daemon[1028386]: [session uid=1000 pid=1028386 pidfd=4] Activating service name='org.freedesktop.systemd1' requested by ':1.4' (uid=1000 pid=1028778 comm="/usr/bin/dbus-broker-launch --config-file=/usr/sha")
dbus-daemon[1028386]: [session uid=1000 pid=1028386 pidfd=4] Activated service 'org.freedesktop.systemd1' failed: Process org.freedesktop.systemd1 exited with status 1
dbus-daemon[1028386]: [session uid=1000 pid=1028386 pidfd=4] Activating service name='org.freedesktop.systemd1' requested by ':1.4' (uid=1000 pid=1028778 comm="/usr/bin/dbus-broker-launch --config-file=/usr/sha")
dbus-daemon[1028386]: [session uid=1000 pid=1028386 pidfd=4] Activated service 'org.freedesktop.systemd1' failed: Process org.freedesktop.systemd1 exited with status 1
dbus-daemon[1028386]: [session uid=1000 pid=1028386 pidfd=4] Activating service name='org.freedesktop.systemd1' requested by ':1.4' (uid=1000 pid=1028778 comm="/usr/bin/dbus-broker-launch --config-file=/usr/sha")
dbus-daemon[1028386]: [session uid=1000 pid=1028386 pidfd=4] Activated service 'org.freedesktop.systemd1' failed: Process org.freedesktop.systemd1 exited with status 1
{"trial": "L1-003-toggle-COMP-measured-r00", "mode": "step", "outcome": "verified", "oracle_exact_match": true, "completion_mutations": 1, "routes": ["provider", "provider"], "error": null, "la": "8.02", "prov": {"attempts": 12, "reached": 12}}
dbus-daemon[1028386]: [session uid=1000 pid=1028386 pidfd=4] Activating service name='org.freedesktop.systemd1' requested by ':1.4' (uid=1000 pid=1028778 comm="/usr/bin/dbus-broker-launch --config-file=/usr/sha")
dbus-daemon[1028386]: [session uid=1000 pid=1028386 pidfd=4] Activated service 'org.freedesktop.systemd1' failed: Process org.freedesktop.systemd1 exited with status 1
dbus-daemon[1028386]: [session uid=1000 pid=1028386 pidfd=4] Activating service name='org.freedesktop.systemd1' requested by ':1.4' (uid=1000 pid=1028778 comm="/usr/bin/dbus-broker-launch --config-file=/usr/sha")
dbus-daemon[1028386]: [session uid=1000 pid=1028386 pidfd=4] Activated service 'org.freedesktop.systemd1' failed: Process org.freedesktop.systemd1 exited with status 1
dbus-daemon[1028386]: [session uid=1000 pid=1028386 pidfd=4] Activating service name='org.freedesktop.systemd1' requested by ':1.4' (uid=1000 pid=1028778 comm="/usr/bin/dbus-broker-launch --config-file=/usr/sha")
dbus-daemon[1028386]: [session uid=1000 pid=1028386 pidfd=4] Activated service 'org.freedesktop.systemd1' failed: Process org.freedesktop.systemd1 exited with status 1
{"trial": "L1-004-modal-BASE-measured-r00", "mode": "step", "outcome": "verified", "oracle_exact_match": true, "completion_mutations": 1, "routes": ["provider", "provider"], "error": null, "la": "7.69", "prov": {"attempts": 14, "reached": 14}}
dbus-daemon[1028386]: [session uid=1000 pid=1028386 pidfd=4] Activating service name='org.freedesktop.systemd1' requested by ':1.4' (uid=1000 pid=1028778 comm="/usr/bin/dbus-broker-launch --config-file=/usr/sha")
dbus-daemon[1028386]: [session uid=1000 pid=1028386 pidfd=4] Activated service 'org.freedesktop.systemd1' failed: Process org.freedesktop.systemd1 exited with status 1
dbus-daemon[1028386]: [session uid=1000 pid=1028386 pidfd=4] Activating service name='org.freedesktop.systemd1' requested by ':1.4' (uid=1000 pid=1028778 comm="/usr/bin/dbus-broker-launch --config-file=/usr/sha")
dbus-daemon[1028386]: [session uid=1000 pid=1028386 pidfd=4] Activated service 'org.freedesktop.systemd1' failed: Process org.freedesktop.systemd1 exited with status 1
dbus-daemon[1028386]: [session uid=1000 pid=1028386 pidfd=4] Activating service name='org.freedesktop.systemd1' requested by ':1.4' (uid=1000 pid=1028778 comm="/usr/bin/dbus-broker-launch --config-file=/usr/sha")
dbus-daemon[1028386]: [session uid=1000 pid=1028386 pidfd=4] Activated service 'org.freedesktop.systemd1' failed: Process org.freedesktop.systemd1 exited with status 1
{"trial": "L1-005-modal-COMP-measured-r00", "mode": "step", "outcome": "verified", "oracle_exact_match": true, "completion_mutations": 1, "routes": ["provider", "provider"], "error": null, "la": "7.64", "prov": {"attempts": 16, "reached": 16}}
dbus-daemon[1028386]: [session uid=1000 pid=1028386 pidfd=4] Activating service name='org.freedesktop.systemd1' requested by ':1.4' (uid=1000 pid=1028778 comm="/usr/bin/dbus-broker-launch --config-file=/usr/sha")
dbus-daemon[1028386]: [session uid=1000 pid=1028386 pidfd=4] Activated service 'org.freedesktop.systemd1' failed: Process org.freedesktop.systemd1 exited with status 1
dbus-daemon[1028386]: [session uid=1000 pid=1028386 pidfd=4] Activating service name='org.freedesktop.systemd1' requested by ':1.4' (uid=1000 pid=1028778 comm="/usr/bin/dbus-broker-launch --config-file=/usr/sha")
dbus-daemon[1028386]: [session uid=1000 pid=1028386 pidfd=4] Activated service 'org.freedesktop.systemd1' failed: Process org.freedesktop.systemd1 exited with status 1
dbus-daemon[1028386]: [session uid=1000 pid=1028386 pidfd=4] Activating service name='org.freedesktop.systemd1' requested by ':1.4' (uid=1000 pid=1028778 comm="/usr/bin/dbus-broker-launch --config-file=/usr/sha")
dbus-daemon[1028386]: [session uid=1000 pid=1028386 pidfd=4] Activated service 'org.freedesktop.systemd1' failed: Process org.freedesktop.systemd1 exited with status 1
{"trial": "L1-006-toggle-COMP-measured-r01", "mode": "step", "outcome": "verified", "oracle_exact_match": true, "completion_mutations": 1, "routes": ["provider", "provider"], "error": null, "la": "7.64", "prov": {"attempts": 18, "reached": 18}}
dbus-daemon[1028386]: [session uid=1000 pid=1028386 pidfd=4] Activating service name='org.freedesktop.systemd1' requested by ':1.4' (uid=1000 pid=1028778 comm="/usr/bin/dbus-broker-launch --config-file=/usr/sha")
dbus-daemon[1028386]: [session uid=1000 pid=1028386 pidfd=4] Activated service 'org.freedesktop.systemd1' failed: Process org.freedesktop.systemd1 exited with status 1
dbus-daemon[1028386]: [session uid=1000 pid=1028386 pidfd=4] Activating service name='org.freedesktop.systemd1' requested by ':1.4' (uid=1000 pid=1028778 comm="/usr/bin/dbus-broker-launch --config-file=/usr/sha")
dbus-daemon[1028386]: [session uid=1000 pid=1028386 pidfd=4] Activated service 'org.freedesktop.systemd1' failed: Process org.freedesktop.systemd1 exited with status 1
dbus-daemon[1028386]: [session uid=1000 pid=1028386 pidfd=4] Activating service name='org.freedesktop.systemd1' requested by ':1.4' (uid=1000 pid=1028778 comm="/usr/bin/dbus-broker-launch --config-file=/usr/sha")
dbus-daemon[1028386]: [session uid=1000 pid=1028386 pidfd=4] Activated service 'org.freedesktop.systemd1' failed: Process org.freedesktop.systemd1 exited with status 1
{"trial": "L1-007-toggle-BASE-measured-r01", "mode": "step", "outcome": "verified", "oracle_exact_match": true, "completion_mutations": 1, "routes": ["provider", "provider"], "error": null, "la": "7.35", "prov": {"attempts": 20, "reached": 20}}
dbus-daemon[1028386]: [session uid=1000 pid=1028386 pidfd=4] Activating service name='org.freedesktop.systemd1' requested by ':1.4' (uid=1000 pid=1028778 comm="/usr/bin/dbus-broker-launch --config-file=/usr/sha")
dbus-daemon[1028386]: [session uid=1000 pid=1028386 pidfd=4] Activated service 'org.freedesktop.systemd1' failed: Process org.freedesktop.systemd1 exited with status 1
dbus-daemon[1028386]: [session uid=1000 pid=1028386 pidfd=4] Activating service name='org.freedesktop.systemd1' requested by ':1.4' (uid=1000 pid=1028778 comm="/usr/bin/dbus-broker-launch --config-file=/usr/sha")
dbus-daemon[1028386]: [session uid=1000 pid=1028386 pidfd=4] Activated service 'org.freedesktop.systemd1' failed: Process org.freedesktop.systemd1 exited with status 1
dbus-daemon[1028386]: [session uid=1000 pid=1028386 pidfd=4] Activating service name='org.freedesktop.systemd1' requested by ':1.4' (uid=1000 pid=1028778 comm="/usr/bin/dbus-broker-launch --config-file=/usr/sha")
dbus-daemon[1028386]: [session uid=1000 pid=1028386 pidfd=4] Activated service 'org.freedesktop.systemd1' failed: Process org.freedesktop.systemd1 exited with status 1
{"trial": "L1-008-modal-COMP-measured-r01", "mode": "step", "outcome": "verified", "oracle_exact_match": true, "completion_mutations": 1, "routes": ["provider", "provider"], "error": null, "la": "7.35", "prov": {"attempts": 22, "reached": 22}}
dbus-daemon[1028386]: [session uid=1000 pid=1028386 pidfd=4] Activating service name='org.freedesktop.systemd1' requested by ':1.4' (uid=1000 pid=1028778 comm="/usr/bin/dbus-broker-launch --config-file=/usr/sha")
dbus-daemon[1028386]: [session uid=1000 pid=1028386 pidfd=4] Activated service 'org.freedesktop.systemd1' failed: Process org.freedesktop.systemd1 exited with status 1
dbus-daemon[1028386]: [session uid=1000 pid=1028386 pidfd=4] Activating service name='org.freedesktop.systemd1' requested by ':1.4' (uid=1000 pid=1028778 comm="/usr/bin/dbus-broker-launch --config-file=/usr/sha")
dbus-daemon[1028386]: [session uid=1000 pid=1028386 pidfd=4] Activated service 'org.freedesktop.systemd1' failed: Process org.freedesktop.systemd1 exited with status 1
dbus-daemon[1028386]: [session uid=1000 pid=1028386 pidfd=4] Activating service name='org.freedesktop.systemd1' requested by ':1.4' (uid=1000 pid=1028778 comm="/usr/bin/dbus-broker-launch --config-file=/usr/sha")
dbus-daemon[1028386]: [session uid=1000 pid=1028386 pidfd=4] Activated service 'org.freedesktop.systemd1' failed: Process org.freedesktop.systemd1 exited with status 1
{"trial": "L1-009-modal-BASE-measured-r01", "mode": "step", "outcome": "verified", "oracle_exact_match": true, "completion_mutations": 1, "routes": ["provider", "provider"], "error": null, "la": "6.92", "prov": {"attempts": 24, "reached": 24}}
dbus-daemon[1028386]: [session uid=1000 pid=1028386 pidfd=4] Activating service name='org.freedesktop.systemd1' requested by ':1.4' (uid=1000 pid=1028778 comm="/usr/bin/dbus-broker-launch --config-file=/usr/sha")
dbus-daemon[1028386]: [session uid=1000 pid=1028386 pidfd=4] Activated service 'org.freedesktop.systemd1' failed: Process org.freedesktop.systemd1 exited with status 1
dbus-daemon[1028386]: [session uid=1000 pid=1028386 pidfd=4] Activating service name='org.freedesktop.systemd1' requested by ':1.4' (uid=1000 pid=1028778 comm="/usr/bin/dbus-broker-launch --config-file=/usr/sha")
dbus-daemon[1028386]: [session uid=1000 pid=1028386 pidfd=4] Activated service 'org.freedesktop.systemd1' failed: Process org.freedesktop.systemd1 exited with status 1
dbus-daemon[1028386]: [session uid=1000 pid=1028386 pidfd=4] Activating service name='org.freedesktop.systemd1' requested by ':1.4' (uid=1000 pid=1028778 comm="/usr/bin/dbus-broker-launch --config-file=/usr/sha")
dbus-daemon[1028386]: [session uid=1000 pid=1028386 pidfd=4] Activated service 'org.freedesktop.systemd1' failed: Process org.freedesktop.systemd1 exited with status 1
{"trial": "L1-010-fill-COMP-measured-r01", "mode": "replay", "outcome": "verified", "oracle_exact_match": true, "completion_mutations": 1, "routes": ["compiled"], "error": null, "la": "6.92", "prov": {"attempts": 24, "reached": 24}}
dbus-daemon[1028386]: [session uid=1000 pid=1028386 pidfd=4] Activating service name='org.freedesktop.systemd1' requested by ':1.4' (uid=1000 pid=1028778 comm="/usr/bin/dbus-broker-launch --config-file=/usr/sha")
dbus-daemon[1028386]: [session uid=1000 pid=1028386 pidfd=4] Activated service 'org.freedesktop.systemd1' failed: Process org.freedesktop.systemd1 exited with status 1
dbus-daemon[1028386]: [session uid=1000 pid=1028386 pidfd=4] Activating service name='org.freedesktop.systemd1' requested by ':1.4' (uid=1000 pid=1028778 comm="/usr/bin/dbus-broker-launch --config-file=/usr/sha")
dbus-daemon[1028386]: [session uid=1000 pid=1028386 pidfd=4] Activated service 'org.freedesktop.systemd1' failed: Process org.freedesktop.systemd1 exited with status 1
dbus-daemon[1028386]: [session uid=1000 pid=1028386 pidfd=4] Activating service name='org.freedesktop.systemd1' requested by ':1.4' (uid=1000 pid=1028778 comm="/usr/bin/dbus-broker-launch --config-file=/usr/sha")
dbus-daemon[1028386]: [session uid=1000 pid=1028386 pidfd=4] Activated service 'org.freedesktop.systemd1' failed: Process org.freedesktop.systemd1 exited with status 1
{"trial": "L1-011-fill-BASE-measured-r01", "mode": "step", "outcome": "verified", "oracle_exact_match": true, "completion_mutations": 1, "routes": ["provider", "provider"], "error": null, "la": "6.44", "prov": {"attempts": 26, "reached": 26}}
dbus-daemon[1028386]: [session uid=1000 pid=1028386 pidfd=4] Activating service name='org.freedesktop.systemd1' requested by ':1.4' (uid=1000 pid=1028778 comm="/usr/bin/dbus-broker-launch --config-file=/usr/sha")
dbus-daemon[1028386]: [session uid=1000 pid=1028386 pidfd=4] Activated service 'org.freedesktop.systemd1' failed: Process org.freedesktop.systemd1 exited with status 1
dbus-daemon[1028386]: [session uid=1000 pid=1028386 pidfd=4] Activating service name='org.freedesktop.systemd1' requested by ':1.4' (uid=1000 pid=1028778 comm="/usr/bin/dbus-broker-launch --config-file=/usr/sha")
dbus-daemon[1028386]: [session uid=1000 pid=1028386 pidfd=4] Activated service 'org.freedesktop.systemd1' failed: Process org.freedesktop.systemd1 exited with status 1
dbus-daemon[1028386]: [session uid=1000 pid=1028386 pidfd=4] Activating service name='org.freedesktop.systemd1' requested by ':1.4' (uid=1000 pid=1028778 comm="/usr/bin/dbus-broker-launch --config-file=/usr/sha")
dbus-daemon[1028386]: [session uid=1000 pid=1028386 pidfd=4] Activated service 'org.freedesktop.systemd1' failed: Process org.freedesktop.systemd1 exited with status 1
{"trial": "L1-012-modal-BASE-measured-r02", "mode": "step", "outcome": "verified", "oracle_exact_match": true, "completion_mutations": 1, "routes": ["provider", "provider"], "error": null, "la": "6.44", "prov": {"attempts": 28, "reached": 28}}
dbus-daemon[1028386]: [session uid=1000 pid=1028386 pidfd=4] Activating service name='org.freedesktop.systemd1' requested by ':1.4' (uid=1000 pid=1028778 comm="/usr/bin/dbus-broker-launch --config-file=/usr/sha")
dbus-daemon[1028386]: [session uid=1000 pid=1028386 pidfd=4] Activated service 'org.freedesktop.systemd1' failed: Process org.freedesktop.systemd1 exited with status 1
dbus-daemon[1028386]: [session uid=1000 pid=1028386 pidfd=4] Activating service name='org.freedesktop.systemd1' requested by ':1.4' (uid=1000 pid=1028778 comm="/usr/bin/dbus-broker-launch --config-file=/usr/sha")
dbus-daemon[1028386]: [session uid=1000 pid=1028386 pidfd=4] Activated service 'org.freedesktop.systemd1' failed: Process org.freedesktop.systemd1 exited with status 1
dbus-daemon[1028386]: [session uid=1000 pid=1028386 pidfd=4] Activating service name='org.freedesktop.systemd1' requested by ':1.4' (uid=1000 pid=1028778 comm="/usr/bin/dbus-broker-launch --config-file=/usr/sha")
dbus-daemon[1028386]: [session uid=1000 pid=1028386 pidfd=4] Activated service 'org.freedesktop.systemd1' failed: Process org.freedesktop.systemd1 exited with status 1
{"trial": "L1-013-modal-COMP-measured-r02", "mode": "step", "outcome": "verified", "oracle_exact_match": true, "completion_mutations": 1, "routes": ["provider", "provider"], "error": null, "la": "6.33", "prov": {"attempts": 30, "reached": 30}}
dbus-daemon[1028386]: [session uid=1000 pid=1028386 pidfd=4] Activating service name='org.freedesktop.systemd1' requested by ':1.4' (uid=1000 pid=1028778 comm="/usr/bin/dbus-broker-launch --config-file=/usr/sha")
dbus-daemon[1028386]: [session uid=1000 pid=1028386 pidfd=4] Activated service 'org.freedesktop.systemd1' failed: Process org.freedesktop.systemd1 exited with status 1
dbus-daemon[1028386]: [session uid=1000 pid=1028386 pidfd=4] Activating service name='org.freedesktop.systemd1' requested by ':1.4' (uid=1000 pid=1028778 comm="/usr/bin/dbus-broker-launch --config-file=/usr/sha")
dbus-daemon[1028386]: [session uid=1000 pid=1028386 pidfd=4] Activated service 'org.freedesktop.systemd1' failed: Process org.freedesktop.systemd1 exited with status 1
dbus-daemon[1028386]: [session uid=1000 pid=1028386 pidfd=4] Activating service name='org.freedesktop.systemd1' requested by ':1.4' (uid=1000 pid=1028778 comm="/usr/bin/dbus-broker-launch --config-file=/usr/sha")
dbus-daemon[1028386]: [session uid=1000 pid=1028386 pidfd=4] Activated service 'org.freedesktop.systemd1' failed: Process org.freedesktop.systemd1 exited with status 1
{"trial": "L1-014-fill-BASE-measured-r02", "mode": "step", "outcome": "verified", "oracle_exact_match": true, "completion_mutations": 1, "routes": ["provider", "provider"], "error": null, "la": "5.98", "prov": {"attempts": 32, "reached": 32}}
dbus-daemon[1028386]: [session uid=1000 pid=1028386 pidfd=4] Activating service name='org.freedesktop.systemd1' requested by ':1.4' (uid=1000 pid=1028778 comm="/usr/bin/dbus-broker-launch --config-file=/usr/sha")
dbus-daemon[1028386]: [session uid=1000 pid=1028386 pidfd=4] Activated service 'org.freedesktop.systemd1' failed: Process org.freedesktop.systemd1 exited with status 1
dbus-daemon[1028386]: [session uid=1000 pid=1028386 pidfd=4] Activating service name='org.freedesktop.systemd1' requested by ':1.4' (uid=1000 pid=1028778 comm="/usr/bin/dbus-broker-launch --config-file=/usr/sha")
dbus-daemon[1028386]: [session uid=1000 pid=1028386 pidfd=4] Activated service 'org.freedesktop.systemd1' failed: Process org.freedesktop.systemd1 exited with status 1
dbus-daemon[1028386]: [session uid=1000 pid=1028386 pidfd=4] Activating service name='org.freedesktop.systemd1' requested by ':1.4' (uid=1000 pid=1028778 comm="/usr/bin/dbus-broker-launch --config-file=/usr/sha")
dbus-daemon[1028386]: [session uid=1000 pid=1028386 pidfd=4] Activated service 'org.freedesktop.systemd1' failed: Process org.freedesktop.systemd1 exited with status 1
{"trial": "L1-015-fill-COMP-measured-r02", "mode": "replay", "outcome": "verified", "oracle_exact_match": true, "completion_mutations": 1, "routes": ["compiled"], "error": null, "la": "5.98", "prov": {"attempts": 32, "reached": 32}}
dbus-daemon[1028386]: [session uid=1000 pid=1028386 pidfd=4] Activating service name='org.freedesktop.systemd1' requested by ':1.4' (uid=1000 pid=1028778 comm="/usr/bin/dbus-broker-launch --config-file=/usr/sha")
dbus-daemon[1028386]: [session uid=1000 pid=1028386 pidfd=4] Activated service 'org.freedesktop.systemd1' failed: Process org.freedesktop.systemd1 exited with status 1
dbus-daemon[1028386]: [session uid=1000 pid=1028386 pidfd=4] Activating service name='org.freedesktop.systemd1' requested by ':1.4' (uid=1000 pid=1028778 comm="/usr/bin/dbus-broker-launch --config-file=/usr/sha")
dbus-daemon[1028386]: [session uid=1000 pid=1028386 pidfd=4] Activated service 'org.freedesktop.systemd1' failed: Process org.freedesktop.systemd1 exited with status 1
dbus-daemon[1028386]: [session uid=1000 pid=1028386 pidfd=4] Activating service name='org.freedesktop.systemd1' requested by ':1.4' (uid=1000 pid=1028778 comm="/usr/bin/dbus-broker-launch --config-file=/usr/sha")
dbus-daemon[1028386]: [session uid=1000 pid=1028386 pidfd=4] Activated service 'org.freedesktop.systemd1' failed: Process org.freedesktop.systemd1 exited with status 1
{"trial": "L1-016-toggle-BASE-measured-r02", "mode": "step", "outcome": "verified", "oracle_exact_match": true, "completion_mutations": 1, "routes": ["provider", "provider"], "error": null, "la": "5.82", "prov": {"attempts": 34, "reached": 34}}
dbus-daemon[1028386]: [session uid=1000 pid=1028386 pidfd=4] Activating service name='org.freedesktop.systemd1' requested by ':1.4' (uid=1000 pid=1028778 comm="/usr/bin/dbus-broker-launch --config-file=/usr/sha")
dbus-daemon[1028386]: [session uid=1000 pid=1028386 pidfd=4] Activated service 'org.freedesktop.systemd1' failed: Process org.freedesktop.systemd1 exited with status 1
dbus-daemon[1028386]: [session uid=1000 pid=1028386 pidfd=4] Activating service name='org.freedesktop.systemd1' requested by ':1.4' (uid=1000 pid=1028778 comm="/usr/bin/dbus-broker-launch --config-file=/usr/sha")
dbus-daemon[1028386]: [session uid=1000 pid=1028386 pidfd=4] Activated service 'org.freedesktop.systemd1' failed: Process org.freedesktop.systemd1 exited with status 1
dbus-daemon[1028386]: [session uid=1000 pid=1028386 pidfd=4] Activating service name='org.freedesktop.systemd1' requested by ':1.4' (uid=1000 pid=1028778 comm="/usr/bin/dbus-broker-launch --config-file=/usr/sha")
dbus-daemon[1028386]: [session uid=1000 pid=1028386 pidfd=4] Activated service 'org.freedesktop.systemd1' failed: Process org.freedesktop.systemd1 exited with status 1
{"trial": "L1-017-toggle-COMP-measured-r02", "mode": "step", "outcome": "verified", "oracle_exact_match": true, "completion_mutations": 1, "routes": ["provider", "provider"], "error": null, "la": "5.82", "prov": {"attempts": 36, "reached": 36}}
dbus-daemon[1028386]: [session uid=1000 pid=1028386 pidfd=4] Activating service name='org.freedesktop.systemd1' requested by ':1.4' (uid=1000 pid=1028778 comm="/usr/bin/dbus-broker-launch --config-file=/usr/sha")
dbus-daemon[1028386]: [session uid=1000 pid=1028386 pidfd=4] Activated service 'org.freedesktop.systemd1' failed: Process org.freedesktop.systemd1 exited with status 1
dbus-daemon[1028386]: [session uid=1000 pid=1028386 pidfd=4] Activating service name='org.freedesktop.systemd1' requested by ':1.4' (uid=1000 pid=1028778 comm="/usr/bin/dbus-broker-launch --config-file=/usr/sha")
dbus-daemon[1028386]: [session uid=1000 pid=1028386 pidfd=4] Activated service 'org.freedesktop.systemd1' failed: Process org.freedesktop.systemd1 exited with status 1
dbus-daemon[1028386]: [session uid=1000 pid=1028386 pidfd=4] Activating service name='org.freedesktop.systemd1' requested by ':1.4' (uid=1000 pid=1028778 comm="/usr/bin/dbus-broker-launch --config-file=/usr/sha")
dbus-daemon[1028386]: [session uid=1000 pid=1028386 pidfd=4] Activated service 'org.freedesktop.systemd1' failed: Process org.freedesktop.systemd1 exited with status 1
{"trial": "L1-018-fill-COMP-measured-r03", "mode": "replay", "outcome": "verified", "oracle_exact_match": true, "completion_mutations": 1, "routes": ["compiled"], "error": null, "la": "6.48", "prov": {"attempts": 36, "reached": 36}}
dbus-daemon[1028386]: [session uid=1000 pid=1028386 pidfd=4] Activating service name='org.freedesktop.systemd1' requested by ':1.4' (uid=1000 pid=1028778 comm="/usr/bin/dbus-broker-launch --config-file=/usr/sha")
dbus-daemon[1028386]: [session uid=1000 pid=1028386 pidfd=4] Activated service 'org.freedesktop.systemd1' failed: Process org.freedesktop.systemd1 exited with status 1
dbus-daemon[1028386]: [session uid=1000 pid=1028386 pidfd=4] Activating service name='org.freedesktop.systemd1' requested by ':1.4' (uid=1000 pid=1028778 comm="/usr/bin/dbus-broker-launch --config-file=/usr/sha")
dbus-daemon[1028386]: [session uid=1000 pid=1028386 pidfd=4] Activated service 'org.freedesktop.systemd1' failed: Process org.freedesktop.systemd1 exited with status 1
dbus-daemon[1028386]: [session uid=1000 pid=1028386 pidfd=4] Activating service name='org.freedesktop.systemd1' requested by ':1.4' (uid=1000 pid=1028778 comm="/usr/bin/dbus-broker-launch --config-file=/usr/sha")
dbus-daemon[1028386]: [session uid=1000 pid=1028386 pidfd=4] Activated service 'org.freedesktop.systemd1' failed: Process org.freedesktop.systemd1 exited with status 1
{"trial": "L1-019-fill-BASE-measured-r03", "mode": "step", "outcome": "verified", "oracle_exact_match": true, "completion_mutations": 1, "routes": ["provider", "provider"], "error": null, "la": "6.48", "prov": {"attempts": 38, "reached": 38}}
dbus-daemon[1028386]: [session uid=1000 pid=1028386 pidfd=4] Activating service name='org.freedesktop.systemd1' requested by ':1.4' (uid=1000 pid=1028778 comm="/usr/bin/dbus-broker-launch --config-file=/usr/sha")
dbus-daemon[1028386]: [session uid=1000 pid=1028386 pidfd=4] Activated service 'org.freedesktop.systemd1' failed: Process org.freedesktop.systemd1 exited with status 1
dbus-daemon[1028386]: [session uid=1000 pid=1028386 pidfd=4] Activating service name='org.freedesktop.systemd1' requested by ':1.4' (uid=1000 pid=1028778 comm="/usr/bin/dbus-broker-launch --config-file=/usr/sha")
dbus-daemon[1028386]: [session uid=1000 pid=1028386 pidfd=4] Activated service 'org.freedesktop.systemd1' failed: Process org.freedesktop.systemd1 exited with status 1
dbus-daemon[1028386]: [session uid=1000 pid=1028386 pidfd=4] Activating service name='org.freedesktop.systemd1' requested by ':1.4' (uid=1000 pid=1028778 comm="/usr/bin/dbus-broker-launch --config-file=/usr/sha")
dbus-daemon[1028386]: [session uid=1000 pid=1028386 pidfd=4] Activated service 'org.freedesktop.systemd1' failed: Process org.freedesktop.systemd1 exited with status 1
{"trial": "L1-020-toggle-COMP-measured-r03", "mode": "step", "outcome": "verified", "oracle_exact_match": true, "completion_mutations": 1, "routes": ["provider", "provider"], "error": null, "la": "6.04", "prov": {"attempts": 40, "reached": 40}}
dbus-daemon[1028386]: [session uid=1000 pid=1028386 pidfd=4] Activating service name='org.freedesktop.systemd1' requested by ':1.4' (uid=1000 pid=1028778 comm="/usr/bin/dbus-broker-launch --config-file=/usr/sha")
dbus-daemon[1028386]: [session uid=1000 pid=1028386 pidfd=4] Activated service 'org.freedesktop.systemd1' failed: Process org.freedesktop.systemd1 exited with status 1
dbus-daemon[1028386]: [session uid=1000 pid=1028386 pidfd=4] Activating service name='org.freedesktop.systemd1' requested by ':1.4' (uid=1000 pid=1028778 comm="/usr/bin/dbus-broker-launch --config-file=/usr/sha")
dbus-daemon[1028386]: [session uid=1000 pid=1028386 pidfd=4] Activated service 'org.freedesktop.systemd1' failed: Process org.freedesktop.systemd1 exited with status 1
dbus-daemon[1028386]: [session uid=1000 pid=1028386 pidfd=4] Activating service name='org.freedesktop.systemd1' requested by ':1.4' (uid=1000 pid=1028778 comm="/usr/bin/dbus-broker-launch --config-file=/usr/sha")
dbus-daemon[1028386]: [session uid=1000 pid=1028386 pidfd=4] Activated service 'org.freedesktop.systemd1' failed: Process org.freedesktop.systemd1 exited with status 1
{"trial": "L1-021-toggle-BASE-measured-r03", "mode": "step", "outcome": "verified", "oracle_exact_match": true, "completion_mutations": 1, "routes": ["provider", "provider"], "error": null, "la": "6.04", "prov": {"attempts": 42, "reached": 42}}
dbus-daemon[1028386]: [session uid=1000 pid=1028386 pidfd=4] Activating service name='org.freedesktop.systemd1' requested by ':1.4' (uid=1000 pid=1028778 comm="/usr/bin/dbus-broker-launch --config-file=/usr/sha")
dbus-daemon[1028386]: [session uid=1000 pid=1028386 pidfd=4] Activated service 'org.freedesktop.systemd1' failed: Process org.freedesktop.systemd1 exited with status 1
dbus-daemon[1028386]: [session uid=1000 pid=1028386 pidfd=4] Activating service name='org.freedesktop.systemd1' requested by ':1.4' (uid=1000 pid=1028778 comm="/usr/bin/dbus-broker-launch --config-file=/usr/sha")
dbus-daemon[1028386]: [session uid=1000 pid=1028386 pidfd=4] Activated service 'org.freedesktop.systemd1' failed: Process org.freedesktop.systemd1 exited with status 1
dbus-daemon[1028386]: [session uid=1000 pid=1028386 pidfd=4] Activating service name='org.freedesktop.systemd1' requested by ':1.4' (uid=1000 pid=1028778 comm="/usr/bin/dbus-broker-launch --config-file=/usr/sha")
dbus-daemon[1028386]: [session uid=1000 pid=1028386 pidfd=4] Activated service 'org.freedesktop.systemd1' failed: Process org.freedesktop.systemd1 exited with status 1
{"trial": "L1-022-modal-COMP-measured-r03", "mode": "step", "outcome": "verified", "oracle_exact_match": true, "completion_mutations": 1, "routes": ["provider", "provider"], "error": null, "la": "5.56", "prov": {"attempts": 44, "reached": 44}}
dbus-daemon[1028386]: [session uid=1000 pid=1028386 pidfd=4] Activating service name='org.freedesktop.systemd1' requested by ':1.4' (uid=1000 pid=1028778 comm="/usr/bin/dbus-broker-launch --config-file=/usr/sha")
dbus-daemon[1028386]: [session uid=1000 pid=1028386 pidfd=4] Activated service 'org.freedesktop.systemd1' failed: Process org.freedesktop.systemd1 exited with status 1
dbus-daemon[1028386]: [session uid=1000 pid=1028386 pidfd=4] Activating service name='org.freedesktop.systemd1' requested by ':1.4' (uid=1000 pid=1028778 comm="/usr/bin/dbus-broker-launch --config-file=/usr/sha")
dbus-daemon[1028386]: [session uid=1000 pid=1028386 pidfd=4] Activated service 'org.freedesktop.systemd1' failed: Process org.freedesktop.systemd1 exited with status 1
dbus-daemon[1028386]: [session uid=1000 pid=1028386 pidfd=4] Activating service name='org.freedesktop.systemd1' requested by ':1.4' (uid=1000 pid=1028778 comm="/usr/bin/dbus-broker-launch --config-file=/usr/sha")
dbus-daemon[1028386]: [session uid=1000 pid=1028386 pidfd=4] Activated service 'org.freedesktop.systemd1' failed: Process org.freedesktop.systemd1 exited with status 1
{"trial": "L1-023-modal-BASE-measured-r03", "mode": "step", "outcome": "verified", "oracle_exact_match": true, "completion_mutations": 1, "routes": ["provider", "provider"], "error": null, "la": "5.56", "prov": {"attempts": 46, "reached": 46}}
dbus-daemon[1028386]: [session uid=1000 pid=1028386 pidfd=4] Activating service name='org.freedesktop.systemd1' requested by ':1.4' (uid=1000 pid=1028778 comm="/usr/bin/dbus-broker-launch --config-file=/usr/sha")
dbus-daemon[1028386]: [session uid=1000 pid=1028386 pidfd=4] Activated service 'org.freedesktop.systemd1' failed: Process org.freedesktop.systemd1 exited with status 1
dbus-daemon[1028386]: [session uid=1000 pid=1028386 pidfd=4] Activating service name='org.freedesktop.systemd1' requested by ':1.4' (uid=1000 pid=1028778 comm="/usr/bin/dbus-broker-launch --config-file=/usr/sha")
dbus-daemon[1028386]: [session uid=1000 pid=1028386 pidfd=4] Activated service 'org.freedesktop.systemd1' failed: Process org.freedesktop.systemd1 exited with status 1
dbus-daemon[1028386]: [session uid=1000 pid=1028386 pidfd=4] Activating service name='org.freedesktop.systemd1' requested by ':1.4' (uid=1000 pid=1028778 comm="/usr/bin/dbus-broker-launch --config-file=/usr/sha")
dbus-daemon[1028386]: [session uid=1000 pid=1028386 pidfd=4] Activated service 'org.freedesktop.systemd1' failed: Process org.freedesktop.systemd1 exited with status 1
{"trial": "L1-024-toggle-BASE-measured-r04", "mode": "step", "outcome": "verified", "oracle_exact_match": true, "completion_mutations": 1, "routes": ["provider", "provider"], "error": null, "la": "5.19", "prov": {"attempts": 48, "reached": 48}}
dbus-daemon[1028386]: [session uid=1000 pid=1028386 pidfd=4] Activating service name='org.freedesktop.systemd1' requested by ':1.4' (uid=1000 pid=1028778 comm="/usr/bin/dbus-broker-launch --config-file=/usr/sha")
dbus-daemon[1028386]: [session uid=1000 pid=1028386 pidfd=4] Activated service 'org.freedesktop.systemd1' failed: Process org.freedesktop.systemd1 exited with status 1
dbus-daemon[1028386]: [session uid=1000 pid=1028386 pidfd=4] Activating service name='org.freedesktop.systemd1' requested by ':1.4' (uid=1000 pid=1028778 comm="/usr/bin/dbus-broker-launch --config-file=/usr/sha")
dbus-daemon[1028386]: [session uid=1000 pid=1028386 pidfd=4] Activated service 'org.freedesktop.systemd1' failed: Process org.freedesktop.systemd1 exited with status 1
dbus-daemon[1028386]: [session uid=1000 pid=1028386 pidfd=4] Activating service name='org.freedesktop.systemd1' requested by ':1.4' (uid=1000 pid=1028778 comm="/usr/bin/dbus-broker-launch --config-file=/usr/sha")
dbus-daemon[1028386]: [session uid=1000 pid=1028386 pidfd=4] Activated service 'org.freedesktop.systemd1' failed: Process org.freedesktop.systemd1 exited with status 1
{"trial": "L1-025-toggle-COMP-measured-r04", "mode": "step", "outcome": "verified", "oracle_exact_match": true, "completion_mutations": 1, "routes": ["provider", "provider"], "error": null, "la": "5.33", "prov": {"attempts": 50, "reached": 50}}
dbus-daemon[1028386]: [session uid=1000 pid=1028386 pidfd=4] Activating service name='org.freedesktop.systemd1' requested by ':1.4' (uid=1000 pid=1028778 comm="/usr/bin/dbus-broker-launch --config-file=/usr/sha")
dbus-daemon[1028386]: [session uid=1000 pid=1028386 pidfd=4] Activated service 'org.freedesktop.systemd1' failed: Process org.freedesktop.systemd1 exited with status 1
dbus-daemon[1028386]: [session uid=1000 pid=1028386 pidfd=4] Activating service name='org.freedesktop.systemd1' requested by ':1.4' (uid=1000 pid=1028778 comm="/usr/bin/dbus-broker-launch --config-file=/usr/sha")
dbus-daemon[1028386]: [session uid=1000 pid=1028386 pidfd=4] Activated service 'org.freedesktop.systemd1' failed: Process org.freedesktop.systemd1 exited with status 1
dbus-daemon[1028386]: [session uid=1000 pid=1028386 pidfd=4] Activating service name='org.freedesktop.systemd1' requested by ':1.4' (uid=1000 pid=1028778 comm="/usr/bin/dbus-broker-launch --config-file=/usr/sha")
dbus-daemon[1028386]: [session uid=1000 pid=1028386 pidfd=4] Activated service 'org.freedesktop.systemd1' failed: Process org.freedesktop.systemd1 exited with status 1
{"trial": "L1-026-modal-BASE-measured-r04", "mode": "step", "outcome": "verified", "oracle_exact_match": true, "completion_mutations": 1, "routes": ["provider", "provider"], "error": null, "la": "5.33", "prov": {"attempts": 52, "reached": 52}}
dbus-daemon[1028386]: [session uid=1000 pid=1028386 pidfd=4] Activating service name='org.freedesktop.systemd1' requested by ':1.4' (uid=1000 pid=1028778 comm="/usr/bin/dbus-broker-launch --config-file=/usr/sha")
dbus-daemon[1028386]: [session uid=1000 pid=1028386 pidfd=4] Activated service 'org.freedesktop.systemd1' failed: Process org.freedesktop.systemd1 exited with status 1
dbus-daemon[1028386]: [session uid=1000 pid=1028386 pidfd=4] Activating service name='org.freedesktop.systemd1' requested by ':1.4' (uid=1000 pid=1028778 comm="/usr/bin/dbus-broker-launch --config-file=/usr/sha")
dbus-daemon[1028386]: [session uid=1000 pid=1028386 pidfd=4] Activated service 'org.freedesktop.systemd1' failed: Process org.freedesktop.systemd1 exited with status 1
dbus-daemon[1028386]: [session uid=1000 pid=1028386 pidfd=4] Activating service name='org.freedesktop.systemd1' requested by ':1.4' (uid=1000 pid=1028778 comm="/usr/bin/dbus-broker-launch --config-file=/usr/sha")
dbus-daemon[1028386]: [session uid=1000 pid=1028386 pidfd=4] Activated service 'org.freedesktop.systemd1' failed: Process org.freedesktop.systemd1 exited with status 1
{"trial": "L1-027-modal-COMP-measured-r04", "mode": "step", "outcome": "verified", "oracle_exact_match": true, "completion_mutations": 1, "routes": ["provider", "provider"], "error": null, "la": "5.07", "prov": {"attempts": 54, "reached": 54}}
dbus-daemon[1028386]: [session uid=1000 pid=1028386 pidfd=4] Activating service name='org.freedesktop.systemd1' requested by ':1.4' (uid=1000 pid=1028778 comm="/usr/bin/dbus-broker-launch --config-file=/usr/sha")
dbus-daemon[1028386]: [session uid=1000 pid=1028386 pidfd=4] Activated service 'org.freedesktop.systemd1' failed: Process org.freedesktop.systemd1 exited with status 1
dbus-daemon[1028386]: [session uid=1000 pid=1028386 pidfd=4] Activating service name='org.freedesktop.systemd1' requested by ':1.4' (uid=1000 pid=1028778 comm="/usr/bin/dbus-broker-launch --config-file=/usr/sha")
dbus-daemon[1028386]: [session uid=1000 pid=1028386 pidfd=4] Activated service 'org.freedesktop.systemd1' failed: Process org.freedesktop.systemd1 exited with status 1
dbus-daemon[1028386]: [session uid=1000 pid=1028386 pidfd=4] Activating service name='org.freedesktop.systemd1' requested by ':1.4' (uid=1000 pid=1028778 comm="/usr/bin/dbus-broker-launch --config-file=/usr/sha")
dbus-daemon[1028386]: [session uid=1000 pid=1028386 pidfd=4] Activated service 'org.freedesktop.systemd1' failed: Process org.freedesktop.systemd1 exited with status 1
{"trial": "L1-028-fill-BASE-measured-r04", "mode": "step", "outcome": "verified", "oracle_exact_match": true, "completion_mutations": 1, "routes": ["provider", "provider"], "error": null, "la": "5.07", "prov": {"attempts": 56, "reached": 56}}
dbus-daemon[1028386]: [session uid=1000 pid=1028386 pidfd=4] Activating service name='org.freedesktop.systemd1' requested by ':1.4' (uid=1000 pid=1028778 comm="/usr/bin/dbus-broker-launch --config-file=/usr/sha")
dbus-daemon[1028386]: [session uid=1000 pid=1028386 pidfd=4] Activated service 'org.freedesktop.systemd1' failed: Process org.freedesktop.systemd1 exited with status 1
dbus-daemon[1028386]: [session uid=1000 pid=1028386 pidfd=4] Activating service name='org.freedesktop.systemd1' requested by ':1.4' (uid=1000 pid=1028778 comm="/usr/bin/dbus-broker-launch --config-file=/usr/sha")
dbus-daemon[1028386]: [session uid=1000 pid=1028386 pidfd=4] Activated service 'org.freedesktop.systemd1' failed: Process org.freedesktop.systemd1 exited with status 1
dbus-daemon[1028386]: [session uid=1000 pid=1028386 pidfd=4] Activating service name='org.freedesktop.systemd1' requested by ':1.4' (uid=1000 pid=1028778 comm="/usr/bin/dbus-broker-launch --config-file=/usr/sha")
dbus-daemon[1028386]: [session uid=1000 pid=1028386 pidfd=4] Activated service 'org.freedesktop.systemd1' failed: Process org.freedesktop.systemd1 exited with status 1
{"trial": "L1-029-fill-COMP-measured-r04", "mode": "replay", "outcome": "verified", "oracle_exact_match": true, "completion_mutations": 1, "routes": ["compiled"], "error": null, "la": "4.98", "prov": {"attempts": 56, "reached": 56}}
dbus-daemon[1028386]: [session uid=1000 pid=1028386 pidfd=4] Activating service name='org.freedesktop.systemd1' requested by ':1.4' (uid=1000 pid=1028778 comm="/usr/bin/dbus-broker-launch --config-file=/usr/sha")
dbus-daemon[1028386]: [session uid=1000 pid=1028386 pidfd=4] Activated service 'org.freedesktop.systemd1' failed: Process org.freedesktop.systemd1 exited with status 1
dbus-daemon[1028386]: [session uid=1000 pid=1028386 pidfd=4] Activating service name='org.freedesktop.systemd1' requested by ':1.4' (uid=1000 pid=1028778 comm="/usr/bin/dbus-broker-launch --config-file=/usr/sha")
dbus-daemon[1028386]: [session uid=1000 pid=1028386 pidfd=4] Activated service 'org.freedesktop.systemd1' failed: Process org.freedesktop.systemd1 exited with status 1
dbus-daemon[1028386]: [session uid=1000 pid=1028386 pidfd=4] Activating service name='org.freedesktop.systemd1' requested by ':1.4' (uid=1000 pid=1028778 comm="/usr/bin/dbus-broker-launch --config-file=/usr/sha")
dbus-daemon[1028386]: [session uid=1000 pid=1028386 pidfd=4] Activated service 'org.freedesktop.systemd1' failed: Process org.freedesktop.systemd1 exited with status 1
{"trial": "L1-030-modal-COMP-measured-r05", "mode": "step", "outcome": "verified", "oracle_exact_match": true, "completion_mutations": 1, "routes": ["provider", "provider"], "error": null, "la": "4.98", "prov": {"attempts": 58, "reached": 58}}
dbus-daemon[1028386]: [session uid=1000 pid=1028386 pidfd=4] Activating service name='org.freedesktop.systemd1' requested by ':1.4' (uid=1000 pid=1028778 comm="/usr/bin/dbus-broker-launch --config-file=/usr/sha")
dbus-daemon[1028386]: [session uid=1000 pid=1028386 pidfd=4] Activated service 'org.freedesktop.systemd1' failed: Process org.freedesktop.systemd1 exited with status 1
dbus-daemon[1028386]: [session uid=1000 pid=1028386 pidfd=4] Activating service name='org.freedesktop.systemd1' requested by ':1.4' (uid=1000 pid=1028778 comm="/usr/bin/dbus-broker-launch --config-file=/usr/sha")
dbus-daemon[1028386]: [session uid=1000 pid=1028386 pidfd=4] Activated service 'org.freedesktop.systemd1' failed: Process org.freedesktop.systemd1 exited with status 1
dbus-daemon[1028386]: [session uid=1000 pid=1028386 pidfd=4] Activating service name='org.freedesktop.systemd1' requested by ':1.4' (uid=1000 pid=1028778 comm="/usr/bin/dbus-broker-launch --config-file=/usr/sha")
dbus-daemon[1028386]: [session uid=1000 pid=1028386 pidfd=4] Activated service 'org.freedesktop.systemd1' failed: Process org.freedesktop.systemd1 exited with status 1
{"trial": "L1-031-modal-BASE-measured-r05", "mode": "step", "outcome": "verified", "oracle_exact_match": true, "completion_mutations": 1, "routes": ["provider", "provider"], "error": null, "la": "4.98", "prov": {"attempts": 60, "reached": 60}}
dbus-daemon[1028386]: [session uid=1000 pid=1028386 pidfd=4] Activating service name='org.freedesktop.systemd1' requested by ':1.4' (uid=1000 pid=1028778 comm="/usr/bin/dbus-broker-launch --config-file=/usr/sha")
dbus-daemon[1028386]: [session uid=1000 pid=1028386 pidfd=4] Activated service 'org.freedesktop.systemd1' failed: Process org.freedesktop.systemd1 exited with status 1
dbus-daemon[1028386]: [session uid=1000 pid=1028386 pidfd=4] Activating service name='org.freedesktop.systemd1' requested by ':1.4' (uid=1000 pid=1028778 comm="/usr/bin/dbus-broker-launch --config-file=/usr/sha")
dbus-daemon[1028386]: [session uid=1000 pid=1028386 pidfd=4] Activated service 'org.freedesktop.systemd1' failed: Process org.freedesktop.systemd1 exited with status 1
dbus-daemon[1028386]: [session uid=1000 pid=1028386 pidfd=4] Activating service name='org.freedesktop.systemd1' requested by ':1.4' (uid=1000 pid=1028778 comm="/usr/bin/dbus-broker-launch --config-file=/usr/sha")
dbus-daemon[1028386]: [session uid=1000 pid=1028386 pidfd=4] Activated service 'org.freedesktop.systemd1' failed: Process org.freedesktop.systemd1 exited with status 1
{"trial": "L1-032-fill-COMP-measured-r05", "mode": "replay", "outcome": "verified", "oracle_exact_match": true, "completion_mutations": 1, "routes": ["compiled"], "error": null, "la": "4.58", "prov": {"attempts": 60, "reached": 60}}
dbus-daemon[1028386]: [session uid=1000 pid=1028386 pidfd=4] Activating service name='org.freedesktop.systemd1' requested by ':1.4' (uid=1000 pid=1028778 comm="/usr/bin/dbus-broker-launch --config-file=/usr/sha")
dbus-daemon[1028386]: [session uid=1000 pid=1028386 pidfd=4] Activated service 'org.freedesktop.systemd1' failed: Process org.freedesktop.systemd1 exited with status 1
dbus-daemon[1028386]: [session uid=1000 pid=1028386 pidfd=4] Activating service name='org.freedesktop.systemd1' requested by ':1.4' (uid=1000 pid=1028778 comm="/usr/bin/dbus-broker-launch --config-file=/usr/sha")
dbus-daemon[1028386]: [session uid=1000 pid=1028386 pidfd=4] Activated service 'org.freedesktop.systemd1' failed: Process org.freedesktop.systemd1 exited with status 1
dbus-daemon[1028386]: [session uid=1000 pid=1028386 pidfd=4] Activating service name='org.freedesktop.systemd1' requested by ':1.4' (uid=1000 pid=1028778 comm="/usr/bin/dbus-broker-launch --config-file=/usr/sha")
dbus-daemon[1028386]: [session uid=1000 pid=1028386 pidfd=4] Activated service 'org.freedesktop.systemd1' failed: Process org.freedesktop.systemd1 exited with status 1
{"trial": "L1-033-fill-BASE-measured-r05", "mode": "step", "outcome": "verified", "oracle_exact_match": true, "completion_mutations": 1, "routes": ["provider", "provider"], "error": null, "la": "4.58", "prov": {"attempts": 62, "reached": 62}}
dbus-daemon[1028386]: [session uid=1000 pid=1028386 pidfd=4] Activating service name='org.freedesktop.systemd1' requested by ':1.4' (uid=1000 pid=1028778 comm="/usr/bin/dbus-broker-launch --config-file=/usr/sha")
dbus-daemon[1028386]: [session uid=1000 pid=1028386 pidfd=4] Activated service 'org.freedesktop.systemd1' failed: Process org.freedesktop.systemd1 exited with status 1
dbus-daemon[1028386]: [session uid=1000 pid=1028386 pidfd=4] Activating service name='org.freedesktop.systemd1' requested by ':1.4' (uid=1000 pid=1028778 comm="/usr/bin/dbus-broker-launch --config-file=/usr/sha")
dbus-daemon[1028386]: [session uid=1000 pid=1028386 pidfd=4] Activated service 'org.freedesktop.systemd1' failed: Process org.freedesktop.systemd1 exited with status 1
dbus-daemon[1028386]: [session uid=1000 pid=1028386 pidfd=4] Activating service name='org.freedesktop.systemd1' requested by ':1.4' (uid=1000 pid=1028778 comm="/usr/bin/dbus-broker-launch --config-file=/usr/sha")
dbus-daemon[1028386]: [session uid=1000 pid=1028386 pidfd=4] Activated service 'org.freedesktop.systemd1' failed: Process org.freedesktop.systemd1 exited with status 1
{"trial": "L1-034-toggle-COMP-measured-r05", "mode": "step", "outcome": "verified", "oracle_exact_match": true, "completion_mutations": 1, "routes": ["provider", "provider"], "error": null, "la": "4.30", "prov": {"attempts": 64, "reached": 64}}
dbus-daemon[1028386]: [session uid=1000 pid=1028386 pidfd=4] Activating service name='org.freedesktop.systemd1' requested by ':1.4' (uid=1000 pid=1028778 comm="/usr/bin/dbus-broker-launch --config-file=/usr/sha")
dbus-daemon[1028386]: [session uid=1000 pid=1028386 pidfd=4] Activated service 'org.freedesktop.systemd1' failed: Process org.freedesktop.systemd1 exited with status 1
dbus-daemon[1028386]: [session uid=1000 pid=1028386 pidfd=4] Activating service name='org.freedesktop.systemd1' requested by ':1.4' (uid=1000 pid=1028778 comm="/usr/bin/dbus-broker-launch --config-file=/usr/sha")
dbus-daemon[1028386]: [session uid=1000 pid=1028386 pidfd=4] Activated service 'org.freedesktop.systemd1' failed: Process org.freedesktop.systemd1 exited with status 1
dbus-daemon[1028386]: [session uid=1000 pid=1028386 pidfd=4] Activating service name='org.freedesktop.systemd1' requested by ':1.4' (uid=1000 pid=1028778 comm="/usr/bin/dbus-broker-launch --config-file=/usr/sha")
dbus-daemon[1028386]: [session uid=1000 pid=1028386 pidfd=4] Activated service 'org.freedesktop.systemd1' failed: Process org.freedesktop.systemd1 exited with status 1
{"trial": "L1-035-toggle-BASE-measured-r05", "mode": "step", "outcome": "verified", "oracle_exact_match": true, "completion_mutations": 1, "routes": ["provider", "provider"], "error": null, "la": "4.30", "prov": {"attempts": 66, "reached": 66}}
dbus-daemon[1028386]: [session uid=1000 pid=1028386 pidfd=4] Activating service name='org.freedesktop.systemd1' requested by ':1.4' (uid=1000 pid=1028778 comm="/usr/bin/dbus-broker-launch --config-file=/usr/sha")
dbus-daemon[1028386]: [session uid=1000 pid=1028386 pidfd=4] Activated service 'org.freedesktop.systemd1' failed: Process org.freedesktop.systemd1 exited with status 1
dbus-daemon[1028386]: [session uid=1000 pid=1028386 pidfd=4] Activating service name='org.freedesktop.systemd1' requested by ':1.4' (uid=1000 pid=1028778 comm="/usr/bin/dbus-broker-launch --config-file=/usr/sha")
dbus-daemon[1028386]: [session uid=1000 pid=1028386 pidfd=4] Activated service 'org.freedesktop.systemd1' failed: Process org.freedesktop.systemd1 exited with status 1
dbus-daemon[1028386]: [session uid=1000 pid=1028386 pidfd=4] Activating service name='org.freedesktop.systemd1' requested by ':1.4' (uid=1000 pid=1028778 comm="/usr/bin/dbus-broker-launch --config-file=/usr/sha")
dbus-daemon[1028386]: [session uid=1000 pid=1028386 pidfd=4] Activated service 'org.freedesktop.systemd1' failed: Process org.freedesktop.systemd1 exited with status 1
{"trial": "L1-036-fill-BASE-measured-r06", "mode": "step", "outcome": "verified", "oracle_exact_match": true, "completion_mutations": 1, "routes": ["provider", "provider"], "error": null, "la": "4.99", "prov": {"attempts": 68, "reached": 68}}
dbus-daemon[1028386]: [session uid=1000 pid=1028386 pidfd=4] Activating service name='org.freedesktop.systemd1' requested by ':1.4' (uid=1000 pid=1028778 comm="/usr/bin/dbus-broker-launch --config-file=/usr/sha")
dbus-daemon[1028386]: [session uid=1000 pid=1028386 pidfd=4] Activated service 'org.freedesktop.systemd1' failed: Process org.freedesktop.systemd1 exited with status 1
dbus-daemon[1028386]: [session uid=1000 pid=1028386 pidfd=4] Activating service name='org.freedesktop.systemd1' requested by ':1.4' (uid=1000 pid=1028778 comm="/usr/bin/dbus-broker-launch --config-file=/usr/sha")
dbus-daemon[1028386]: [session uid=1000 pid=1028386 pidfd=4] Activated service 'org.freedesktop.systemd1' failed: Process org.freedesktop.systemd1 exited with status 1
dbus-daemon[1028386]: [session uid=1000 pid=1028386 pidfd=4] Activating service name='org.freedesktop.systemd1' requested by ':1.4' (uid=1000 pid=1028778 comm="/usr/bin/dbus-broker-launch --config-file=/usr/sha")
dbus-daemon[1028386]: [session uid=1000 pid=1028386 pidfd=4] Activated service 'org.freedesktop.systemd1' failed: Process org.freedesktop.systemd1 exited with status 1
{"trial": "L1-037-fill-COMP-measured-r06", "mode": "replay", "outcome": "verified", "oracle_exact_match": true, "completion_mutations": 1, "routes": ["compiled"], "error": null, "la": "4.59", "prov": {"attempts": 68, "reached": 68}}
dbus-daemon[1028386]: [session uid=1000 pid=1028386 pidfd=4] Activating service name='org.freedesktop.systemd1' requested by ':1.4' (uid=1000 pid=1028778 comm="/usr/bin/dbus-broker-launch --config-file=/usr/sha")
dbus-daemon[1028386]: [session uid=1000 pid=1028386 pidfd=4] Activated service 'org.freedesktop.systemd1' failed: Process org.freedesktop.systemd1 exited with status 1
dbus-daemon[1028386]: [session uid=1000 pid=1028386 pidfd=4] Activating service name='org.freedesktop.systemd1' requested by ':1.4' (uid=1000 pid=1028778 comm="/usr/bin/dbus-broker-launch --config-file=/usr/sha")
dbus-daemon[1028386]: [session uid=1000 pid=1028386 pidfd=4] Activated service 'org.freedesktop.systemd1' failed: Process org.freedesktop.systemd1 exited with status 1
dbus-daemon[1028386]: [session uid=1000 pid=1028386 pidfd=4] Activating service name='org.freedesktop.systemd1' requested by ':1.4' (uid=1000 pid=1028778 comm="/usr/bin/dbus-broker-launch --config-file=/usr/sha")
dbus-daemon[1028386]: [session uid=1000 pid=1028386 pidfd=4] Activated service 'org.freedesktop.systemd1' failed: Process org.freedesktop.systemd1 exited with status 1
{"trial": "L1-038-toggle-BASE-measured-r06", "mode": "step", "outcome": "verified", "oracle_exact_match": true, "completion_mutations": 1, "routes": ["provider", "provider"], "error": null, "la": "4.59", "prov": {"attempts": 70, "reached": 70}}
dbus-daemon[1028386]: [session uid=1000 pid=1028386 pidfd=4] Activating service name='org.freedesktop.systemd1' requested by ':1.4' (uid=1000 pid=1028778 comm="/usr/bin/dbus-broker-launch --config-file=/usr/sha")
dbus-daemon[1028386]: [session uid=1000 pid=1028386 pidfd=4] Activated service 'org.freedesktop.systemd1' failed: Process org.freedesktop.systemd1 exited with status 1
dbus-daemon[1028386]: [session uid=1000 pid=1028386 pidfd=4] Activating service name='org.freedesktop.systemd1' requested by ':1.4' (uid=1000 pid=1028778 comm="/usr/bin/dbus-broker-launch --config-file=/usr/sha")
dbus-daemon[1028386]: [session uid=1000 pid=1028386 pidfd=4] Activated service 'org.freedesktop.systemd1' failed: Process org.freedesktop.systemd1 exited with status 1
dbus-daemon[1028386]: [session uid=1000 pid=1028386 pidfd=4] Activating service name='org.freedesktop.systemd1' requested by ':1.4' (uid=1000 pid=1028778 comm="/usr/bin/dbus-broker-launch --config-file=/usr/sha")
dbus-daemon[1028386]: [session uid=1000 pid=1028386 pidfd=4] Activated service 'org.freedesktop.systemd1' failed: Process org.freedesktop.systemd1 exited with status 1
{"trial": "L1-039-toggle-COMP-measured-r06", "mode": "step", "outcome": "verified", "oracle_exact_match": true, "completion_mutations": 1, "routes": ["provider", "provider"], "error": null, "la": "4.30", "prov": {"attempts": 72, "reached": 72}}
dbus-daemon[1028386]: [session uid=1000 pid=1028386 pidfd=4] Activating service name='org.freedesktop.systemd1' requested by ':1.4' (uid=1000 pid=1028778 comm="/usr/bin/dbus-broker-launch --config-file=/usr/sha")
dbus-daemon[1028386]: [session uid=1000 pid=1028386 pidfd=4] Activated service 'org.freedesktop.systemd1' failed: Process org.freedesktop.systemd1 exited with status 1
dbus-daemon[1028386]: [session uid=1000 pid=1028386 pidfd=4] Activating service name='org.freedesktop.systemd1' requested by ':1.4' (uid=1000 pid=1028778 comm="/usr/bin/dbus-broker-launch --config-file=/usr/sha")
dbus-daemon[1028386]: [session uid=1000 pid=1028386 pidfd=4] Activated service 'org.freedesktop.systemd1' failed: Process org.freedesktop.systemd1 exited with status 1
dbus-daemon[1028386]: [session uid=1000 pid=1028386 pidfd=4] Activating service name='org.freedesktop.systemd1' requested by ':1.4' (uid=1000 pid=1028778 comm="/usr/bin/dbus-broker-launch --config-file=/usr/sha")
dbus-daemon[1028386]: [session uid=1000 pid=1028386 pidfd=4] Activated service 'org.freedesktop.systemd1' failed: Process org.freedesktop.systemd1 exited with status 1
{"trial": "L1-040-modal-BASE-measured-r06", "mode": "step", "outcome": "verified", "oracle_exact_match": true, "completion_mutations": 1, "routes": ["provider", "provider"], "error": null, "la": "4.30", "prov": {"attempts": 74, "reached": 74}}
dbus-daemon[1028386]: [session uid=1000 pid=1028386 pidfd=4] Activating service name='org.freedesktop.systemd1' requested by ':1.4' (uid=1000 pid=1028778 comm="/usr/bin/dbus-broker-launch --config-file=/usr/sha")
dbus-daemon[1028386]: [session uid=1000 pid=1028386 pidfd=4] Activated service 'org.freedesktop.systemd1' failed: Process org.freedesktop.systemd1 exited with status 1
dbus-daemon[1028386]: [session uid=1000 pid=1028386 pidfd=4] Activating service name='org.freedesktop.systemd1' requested by ':1.4' (uid=1000 pid=1028778 comm="/usr/bin/dbus-broker-launch --config-file=/usr/sha")
dbus-daemon[1028386]: [session uid=1000 pid=1028386 pidfd=4] Activated service 'org.freedesktop.systemd1' failed: Process org.freedesktop.systemd1 exited with status 1
dbus-daemon[1028386]: [session uid=1000 pid=1028386 pidfd=4] Activating service name='org.freedesktop.systemd1' requested by ':1.4' (uid=1000 pid=1028778 comm="/usr/bin/dbus-broker-launch --config-file=/usr/sha")
dbus-daemon[1028386]: [session uid=1000 pid=1028386 pidfd=4] Activated service 'org.freedesktop.systemd1' failed: Process org.freedesktop.systemd1 exited with status 1
{"trial": "L1-041-modal-COMP-measured-r06", "mode": "step", "outcome": "verified", "oracle_exact_match": true, "completion_mutations": 1, "routes": ["provider", "provider"], "error": null, "la": "4.12", "prov": {"attempts": 76, "reached": 76}}
dbus-daemon[1028386]: [session uid=1000 pid=1028386 pidfd=4] Activating service name='org.freedesktop.systemd1' requested by ':1.4' (uid=1000 pid=1028778 comm="/usr/bin/dbus-broker-launch --config-file=/usr/sha")
dbus-daemon[1028386]: [session uid=1000 pid=1028386 pidfd=4] Activated service 'org.freedesktop.systemd1' failed: Process org.freedesktop.systemd1 exited with status 1
dbus-daemon[1028386]: [session uid=1000 pid=1028386 pidfd=4] Activating service name='org.freedesktop.systemd1' requested by ':1.4' (uid=1000 pid=1028778 comm="/usr/bin/dbus-broker-launch --config-file=/usr/sha")
dbus-daemon[1028386]: [session uid=1000 pid=1028386 pidfd=4] Activated service 'org.freedesktop.systemd1' failed: Process org.freedesktop.systemd1 exited with status 1
dbus-daemon[1028386]: [session uid=1000 pid=1028386 pidfd=4] Activating service name='org.freedesktop.systemd1' requested by ':1.4' (uid=1000 pid=1028778 comm="/usr/bin/dbus-broker-launch --config-file=/usr/sha")
dbus-daemon[1028386]: [session uid=1000 pid=1028386 pidfd=4] Activated service 'org.freedesktop.systemd1' failed: Process org.freedesktop.systemd1 exited with status 1
{"trial": "L1-042-toggle-COMP-measured-r07", "mode": "step", "outcome": "verified", "oracle_exact_match": true, "completion_mutations": 1, "routes": ["provider", "provider"], "error": null, "la": "4.51", "prov": {"attempts": 78, "reached": 78}}
dbus-daemon[1028386]: [session uid=1000 pid=1028386 pidfd=4] Activating service name='org.freedesktop.systemd1' requested by ':1.4' (uid=1000 pid=1028778 comm="/usr/bin/dbus-broker-launch --config-file=/usr/sha")
dbus-daemon[1028386]: [session uid=1000 pid=1028386 pidfd=4] Activated service 'org.freedesktop.systemd1' failed: Process org.freedesktop.systemd1 exited with status 1
dbus-daemon[1028386]: [session uid=1000 pid=1028386 pidfd=4] Activating service name='org.freedesktop.systemd1' requested by ':1.4' (uid=1000 pid=1028778 comm="/usr/bin/dbus-broker-launch --config-file=/usr/sha")
dbus-daemon[1028386]: [session uid=1000 pid=1028386 pidfd=4] Activated service 'org.freedesktop.systemd1' failed: Process org.freedesktop.systemd1 exited with status 1
dbus-daemon[1028386]: [session uid=1000 pid=1028386 pidfd=4] Activating service name='org.freedesktop.systemd1' requested by ':1.4' (uid=1000 pid=1028778 comm="/usr/bin/dbus-broker-launch --config-file=/usr/sha")
dbus-daemon[1028386]: [session uid=1000 pid=1028386 pidfd=4] Activated service 'org.freedesktop.systemd1' failed: Process org.freedesktop.systemd1 exited with status 1
{"trial": "L1-043-toggle-BASE-measured-r07", "mode": "step", "outcome": "verified", "oracle_exact_match": true, "completion_mutations": 1, "routes": ["provider", "provider"], "error": null, "la": "4.51", "prov": {"attempts": 80, "reached": 80}}
dbus-daemon[1028386]: [session uid=1000 pid=1028386 pidfd=4] Activating service name='org.freedesktop.systemd1' requested by ':1.4' (uid=1000 pid=1028778 comm="/usr/bin/dbus-broker-launch --config-file=/usr/sha")
dbus-daemon[1028386]: [session uid=1000 pid=1028386 pidfd=4] Activated service 'org.freedesktop.systemd1' failed: Process org.freedesktop.systemd1 exited with status 1
dbus-daemon[1028386]: [session uid=1000 pid=1028386 pidfd=4] Activating service name='org.freedesktop.systemd1' requested by ':1.4' (uid=1000 pid=1028778 comm="/usr/bin/dbus-broker-launch --config-file=/usr/sha")
dbus-daemon[1028386]: [session uid=1000 pid=1028386 pidfd=4] Activated service 'org.freedesktop.systemd1' failed: Process org.freedesktop.systemd1 exited with status 1
dbus-daemon[1028386]: [session uid=1000 pid=1028386 pidfd=4] Activating service name='org.freedesktop.systemd1' requested by ':1.4' (uid=1000 pid=1028778 comm="/usr/bin/dbus-broker-launch --config-file=/usr/sha")
dbus-daemon[1028386]: [session uid=1000 pid=1028386 pidfd=4] Activated service 'org.freedesktop.systemd1' failed: Process org.freedesktop.systemd1 exited with status 1
{"trial": "L1-044-modal-COMP-measured-r07", "mode": "step", "outcome": "verified", "oracle_exact_match": true, "completion_mutations": 1, "routes": ["provider", "provider"], "error": null, "la": "4.15", "prov": {"attempts": 82, "reached": 82}}
dbus-daemon[1028386]: [session uid=1000 pid=1028386 pidfd=4] Activating service name='org.freedesktop.systemd1' requested by ':1.4' (uid=1000 pid=1028778 comm="/usr/bin/dbus-broker-launch --config-file=/usr/sha")
dbus-daemon[1028386]: [session uid=1000 pid=1028386 pidfd=4] Activated service 'org.freedesktop.systemd1' failed: Process org.freedesktop.systemd1 exited with status 1
dbus-daemon[1028386]: [session uid=1000 pid=1028386 pidfd=4] Activating service name='org.freedesktop.systemd1' requested by ':1.4' (uid=1000 pid=1028778 comm="/usr/bin/dbus-broker-launch --config-file=/usr/sha")
dbus-daemon[1028386]: [session uid=1000 pid=1028386 pidfd=4] Activated service 'org.freedesktop.systemd1' failed: Process org.freedesktop.systemd1 exited with status 1
dbus-daemon[1028386]: [session uid=1000 pid=1028386 pidfd=4] Activating service name='org.freedesktop.systemd1' requested by ':1.4' (uid=1000 pid=1028778 comm="/usr/bin/dbus-broker-launch --config-file=/usr/sha")
dbus-daemon[1028386]: [session uid=1000 pid=1028386 pidfd=4] Activated service 'org.freedesktop.systemd1' failed: Process org.freedesktop.systemd1 exited with status 1
{"trial": "L1-045-modal-BASE-measured-r07", "mode": "step", "outcome": "verified", "oracle_exact_match": true, "completion_mutations": 1, "routes": ["provider", "provider"], "error": null, "la": "4.15", "prov": {"attempts": 84, "reached": 84}}
dbus-daemon[1028386]: [session uid=1000 pid=1028386 pidfd=4] Activating service name='org.freedesktop.systemd1' requested by ':1.4' (uid=1000 pid=1028778 comm="/usr/bin/dbus-broker-launch --config-file=/usr/sha")
dbus-daemon[1028386]: [session uid=1000 pid=1028386 pidfd=4] Activated service 'org.freedesktop.systemd1' failed: Process org.freedesktop.systemd1 exited with status 1
dbus-daemon[1028386]: [session uid=1000 pid=1028386 pidfd=4] Activating service name='org.freedesktop.systemd1' requested by ':1.4' (uid=1000 pid=1028778 comm="/usr/bin/dbus-broker-launch --config-file=/usr/sha")
dbus-daemon[1028386]: [session uid=1000 pid=1028386 pidfd=4] Activated service 'org.freedesktop.systemd1' failed: Process org.freedesktop.systemd1 exited with status 1
dbus-daemon[1028386]: [session uid=1000 pid=1028386 pidfd=4] Activating service name='org.freedesktop.systemd1' requested by ':1.4' (uid=1000 pid=1028778 comm="/usr/bin/dbus-broker-launch --config-file=/usr/sha")
dbus-daemon[1028386]: [session uid=1000 pid=1028386 pidfd=4] Activated service 'org.freedesktop.systemd1' failed: Process org.freedesktop.systemd1 exited with status 1
{"trial": "L1-046-fill-COMP-measured-r07", "mode": "replay", "outcome": "verified", "oracle_exact_match": true, "completion_mutations": 1, "routes": ["compiled"], "error": null, "la": "4.22", "prov": {"attempts": 84, "reached": 84}}
dbus-daemon[1028386]: [session uid=1000 pid=1028386 pidfd=4] Activating service name='org.freedesktop.systemd1' requested by ':1.4' (uid=1000 pid=1028778 comm="/usr/bin/dbus-broker-launch --config-file=/usr/sha")
dbus-daemon[1028386]: [session uid=1000 pid=1028386 pidfd=4] Activated service 'org.freedesktop.systemd1' failed: Process org.freedesktop.systemd1 exited with status 1
dbus-daemon[1028386]: [session uid=1000 pid=1028386 pidfd=4] Activating service name='org.freedesktop.systemd1' requested by ':1.4' (uid=1000 pid=1028778 comm="/usr/bin/dbus-broker-launch --config-file=/usr/sha")
dbus-daemon[1028386]: [session uid=1000 pid=1028386 pidfd=4] Activated service 'org.freedesktop.systemd1' failed: Process org.freedesktop.systemd1 exited with status 1
dbus-daemon[1028386]: [session uid=1000 pid=1028386 pidfd=4] Activating service name='org.freedesktop.systemd1' requested by ':1.4' (uid=1000 pid=1028778 comm="/usr/bin/dbus-broker-launch --config-file=/usr/sha")
dbus-daemon[1028386]: [session uid=1000 pid=1028386 pidfd=4] Activated service 'org.freedesktop.systemd1' failed: Process org.freedesktop.systemd1 exited with status 1
{"trial": "L1-047-fill-BASE-measured-r07", "mode": "step", "outcome": "verified", "oracle_exact_match": true, "completion_mutations": 1, "routes": ["provider", "provider"], "error": null, "la": "4.22", "prov": {"attempts": 86, "reached": 86}}
dbus-daemon[1028386]: [session uid=1000 pid=1028386 pidfd=4] Activating service name='org.freedesktop.systemd1' requested by ':1.4' (uid=1000 pid=1028778 comm="/usr/bin/dbus-broker-launch --config-file=/usr/sha")
dbus-daemon[1028386]: [session uid=1000 pid=1028386 pidfd=4] Activated service 'org.freedesktop.systemd1' failed: Process org.freedesktop.systemd1 exited with status 1
dbus-daemon[1028386]: [session uid=1000 pid=1028386 pidfd=4] Activating service name='org.freedesktop.systemd1' requested by ':1.4' (uid=1000 pid=1028778 comm="/usr/bin/dbus-broker-launch --config-file=/usr/sha")
dbus-daemon[1028386]: [session uid=1000 pid=1028386 pidfd=4] Activated service 'org.freedesktop.systemd1' failed: Process org.freedesktop.systemd1 exited with status 1
dbus-daemon[1028386]: [session uid=1000 pid=1028386 pidfd=4] Activating service name='org.freedesktop.systemd1' requested by ':1.4' (uid=1000 pid=1028778 comm="/usr/bin/dbus-broker-launch --config-file=/usr/sha")
dbus-daemon[1028386]: [session uid=1000 pid=1028386 pidfd=4] Activated service 'org.freedesktop.systemd1' failed: Process org.freedesktop.systemd1 exited with status 1
{"trial": "L1-048-modal-BASE-measured-r08", "mode": "step", "outcome": "verified", "oracle_exact_match": true, "completion_mutations": 1, "routes": ["provider", "provider"], "error": null, "la": "4.20", "prov": {"attempts": 88, "reached": 88}}
dbus-daemon[1028386]: [session uid=1000 pid=1028386 pidfd=4] Activating service name='org.freedesktop.systemd1' requested by ':1.4' (uid=1000 pid=1028778 comm="/usr/bin/dbus-broker-launch --config-file=/usr/sha")
dbus-daemon[1028386]: [session uid=1000 pid=1028386 pidfd=4] Activated service 'org.freedesktop.systemd1' failed: Process org.freedesktop.systemd1 exited with status 1
dbus-daemon[1028386]: [session uid=1000 pid=1028386 pidfd=4] Activating service name='org.freedesktop.systemd1' requested by ':1.4' (uid=1000 pid=1028778 comm="/usr/bin/dbus-broker-launch --config-file=/usr/sha")
dbus-daemon[1028386]: [session uid=1000 pid=1028386 pidfd=4] Activated service 'org.freedesktop.systemd1' failed: Process org.freedesktop.systemd1 exited with status 1
dbus-daemon[1028386]: [session uid=1000 pid=1028386 pidfd=4] Activating service name='org.freedesktop.systemd1' requested by ':1.4' (uid=1000 pid=1028778 comm="/usr/bin/dbus-broker-launch --config-file=/usr/sha")
dbus-daemon[1028386]: [session uid=1000 pid=1028386 pidfd=4] Activated service 'org.freedesktop.systemd1' failed: Process org.freedesktop.systemd1 exited with status 1
{"trial": "L1-049-modal-COMP-measured-r08", "mode": "step", "outcome": "verified", "oracle_exact_match": true, "completion_mutations": 1, "routes": ["provider", "provider"], "error": null, "la": "4.02", "prov": {"attempts": 90, "reached": 90}}
dbus-daemon[1028386]: [session uid=1000 pid=1028386 pidfd=4] Activating service name='org.freedesktop.systemd1' requested by ':1.4' (uid=1000 pid=1028778 comm="/usr/bin/dbus-broker-launch --config-file=/usr/sha")
dbus-daemon[1028386]: [session uid=1000 pid=1028386 pidfd=4] Activated service 'org.freedesktop.systemd1' failed: Process org.freedesktop.systemd1 exited with status 1
dbus-daemon[1028386]: [session uid=1000 pid=1028386 pidfd=4] Activating service name='org.freedesktop.systemd1' requested by ':1.4' (uid=1000 pid=1028778 comm="/usr/bin/dbus-broker-launch --config-file=/usr/sha")
dbus-daemon[1028386]: [session uid=1000 pid=1028386 pidfd=4] Activated service 'org.freedesktop.systemd1' failed: Process org.freedesktop.systemd1 exited with status 1
dbus-daemon[1028386]: [session uid=1000 pid=1028386 pidfd=4] Activating service name='org.freedesktop.systemd1' requested by ':1.4' (uid=1000 pid=1028778 comm="/usr/bin/dbus-broker-launch --config-file=/usr/sha")
dbus-daemon[1028386]: [session uid=1000 pid=1028386 pidfd=4] Activated service 'org.freedesktop.systemd1' failed: Process org.freedesktop.systemd1 exited with status 1
{"trial": "L1-050-fill-BASE-measured-r08", "mode": "step", "outcome": "verified", "oracle_exact_match": true, "completion_mutations": 1, "routes": ["provider", "provider"], "error": null, "la": "4.02", "prov": {"attempts": 92, "reached": 92}}
dbus-daemon[1028386]: [session uid=1000 pid=1028386 pidfd=4] Activating service name='org.freedesktop.systemd1' requested by ':1.4' (uid=1000 pid=1028778 comm="/usr/bin/dbus-broker-launch --config-file=/usr/sha")
dbus-daemon[1028386]: [session uid=1000 pid=1028386 pidfd=4] Activated service 'org.freedesktop.systemd1' failed: Process org.freedesktop.systemd1 exited with status 1
dbus-daemon[1028386]: [session uid=1000 pid=1028386 pidfd=4] Activating service name='org.freedesktop.systemd1' requested by ':1.4' (uid=1000 pid=1028778 comm="/usr/bin/dbus-broker-launch --config-file=/usr/sha")
dbus-daemon[1028386]: [session uid=1000 pid=1028386 pidfd=4] Activated service 'org.freedesktop.systemd1' failed: Process org.freedesktop.systemd1 exited with status 1
dbus-daemon[1028386]: [session uid=1000 pid=1028386 pidfd=4] Activating service name='org.freedesktop.systemd1' requested by ':1.4' (uid=1000 pid=1028778 comm="/usr/bin/dbus-broker-launch --config-file=/usr/sha")
dbus-daemon[1028386]: [session uid=1000 pid=1028386 pidfd=4] Activated service 'org.freedesktop.systemd1' failed: Process org.freedesktop.systemd1 exited with status 1
{"trial": "L1-051-fill-COMP-measured-r08", "mode": "replay", "outcome": "verified", "oracle_exact_match": true, "completion_mutations": 1, "routes": ["compiled"], "error": null, "la": "3.86", "prov": {"attempts": 92, "reached": 92}}
dbus-daemon[1028386]: [session uid=1000 pid=1028386 pidfd=4] Activating service name='org.freedesktop.systemd1' requested by ':1.4' (uid=1000 pid=1028778 comm="/usr/bin/dbus-broker-launch --config-file=/usr/sha")
dbus-daemon[1028386]: [session uid=1000 pid=1028386 pidfd=4] Activated service 'org.freedesktop.systemd1' failed: Process org.freedesktop.systemd1 exited with status 1
dbus-daemon[1028386]: [session uid=1000 pid=1028386 pidfd=4] Activating service name='org.freedesktop.systemd1' requested by ':1.4' (uid=1000 pid=1028778 comm="/usr/bin/dbus-broker-launch --config-file=/usr/sha")
dbus-daemon[1028386]: [session uid=1000 pid=1028386 pidfd=4] Activated service 'org.freedesktop.systemd1' failed: Process org.freedesktop.systemd1 exited with status 1
dbus-daemon[1028386]: [session uid=1000 pid=1028386 pidfd=4] Activating service name='org.freedesktop.systemd1' requested by ':1.4' (uid=1000 pid=1028778 comm="/usr/bin/dbus-broker-launch --config-file=/usr/sha")
dbus-daemon[1028386]: [session uid=1000 pid=1028386 pidfd=4] Activated service 'org.freedesktop.systemd1' failed: Process org.freedesktop.systemd1 exited with status 1
{"trial": "L1-052-toggle-BASE-measured-r08", "mode": "step", "outcome": "verified", "oracle_exact_match": true, "completion_mutations": 1, "routes": ["provider", "provider"], "error": null, "la": "3.86", "prov": {"attempts": 94, "reached": 94}}
dbus-daemon[1028386]: [session uid=1000 pid=1028386 pidfd=4] Activating service name='org.freedesktop.systemd1' requested by ':1.4' (uid=1000 pid=1028778 comm="/usr/bin/dbus-broker-launch --config-file=/usr/sha")
dbus-daemon[1028386]: [session uid=1000 pid=1028386 pidfd=4] Activated service 'org.freedesktop.systemd1' failed: Process org.freedesktop.systemd1 exited with status 1
dbus-daemon[1028386]: [session uid=1000 pid=1028386 pidfd=4] Activating service name='org.freedesktop.systemd1' requested by ':1.4' (uid=1000 pid=1028778 comm="/usr/bin/dbus-broker-launch --config-file=/usr/sha")
dbus-daemon[1028386]: [session uid=1000 pid=1028386 pidfd=4] Activated service 'org.freedesktop.systemd1' failed: Process org.freedesktop.systemd1 exited with status 1
dbus-daemon[1028386]: [session uid=1000 pid=1028386 pidfd=4] Activating service name='org.freedesktop.systemd1' requested by ':1.4' (uid=1000 pid=1028778 comm="/usr/bin/dbus-broker-launch --config-file=/usr/sha")
dbus-daemon[1028386]: [session uid=1000 pid=1028386 pidfd=4] Activated service 'org.freedesktop.systemd1' failed: Process org.freedesktop.systemd1 exited with status 1
{"trial": "L1-053-toggle-COMP-measured-r08", "mode": "step", "outcome": "verified", "oracle_exact_match": true, "completion_mutations": 1, "routes": ["provider", "provider"], "error": null, "la": "4.43", "prov": {"attempts": 96, "reached": 96}}
dbus-daemon[1028386]: [session uid=1000 pid=1028386 pidfd=4] Activating service name='org.freedesktop.systemd1' requested by ':1.4' (uid=1000 pid=1028778 comm="/usr/bin/dbus-broker-launch --config-file=/usr/sha")
dbus-daemon[1028386]: [session uid=1000 pid=1028386 pidfd=4] Activated service 'org.freedesktop.systemd1' failed: Process org.freedesktop.systemd1 exited with status 1
dbus-daemon[1028386]: [session uid=1000 pid=1028386 pidfd=4] Activating service name='org.freedesktop.systemd1' requested by ':1.4' (uid=1000 pid=1028778 comm="/usr/bin/dbus-broker-launch --config-file=/usr/sha")
dbus-daemon[1028386]: [session uid=1000 pid=1028386 pidfd=4] Activated service 'org.freedesktop.systemd1' failed: Process org.freedesktop.systemd1 exited with status 1
dbus-daemon[1028386]: [session uid=1000 pid=1028386 pidfd=4] Activating service name='org.freedesktop.systemd1' requested by ':1.4' (uid=1000 pid=1028778 comm="/usr/bin/dbus-broker-launch --config-file=/usr/sha")
dbus-daemon[1028386]: [session uid=1000 pid=1028386 pidfd=4] Activated service 'org.freedesktop.systemd1' failed: Process org.freedesktop.systemd1 exited with status 1
{"trial": "L1-054-fill-COMP-measured-r09", "mode": "replay", "outcome": "verified", "oracle_exact_match": true, "completion_mutations": 1, "routes": ["compiled"], "error": null, "la": "4.43", "prov": {"attempts": 96, "reached": 96}}
dbus-daemon[1028386]: [session uid=1000 pid=1028386 pidfd=4] Activating service name='org.freedesktop.systemd1' requested by ':1.4' (uid=1000 pid=1028778 comm="/usr/bin/dbus-broker-launch --config-file=/usr/sha")
dbus-daemon[1028386]: [session uid=1000 pid=1028386 pidfd=4] Activated service 'org.freedesktop.systemd1' failed: Process org.freedesktop.systemd1 exited with status 1
dbus-daemon[1028386]: [session uid=1000 pid=1028386 pidfd=4] Activating service name='org.freedesktop.systemd1' requested by ':1.4' (uid=1000 pid=1028778 comm="/usr/bin/dbus-broker-launch --config-file=/usr/sha")
dbus-daemon[1028386]: [session uid=1000 pid=1028386 pidfd=4] Activated service 'org.freedesktop.systemd1' failed: Process org.freedesktop.systemd1 exited with status 1
dbus-daemon[1028386]: [session uid=1000 pid=1028386 pidfd=4] Activating service name='org.freedesktop.systemd1' requested by ':1.4' (uid=1000 pid=1028778 comm="/usr/bin/dbus-broker-launch --config-file=/usr/sha")
dbus-daemon[1028386]: [session uid=1000 pid=1028386 pidfd=4] Activated service 'org.freedesktop.systemd1' failed: Process org.freedesktop.systemd1 exited with status 1
{"trial": "L1-055-fill-BASE-measured-r09", "mode": "step", "outcome": "verified", "oracle_exact_match": true, "completion_mutations": 1, "routes": ["provider", "provider"], "error": null, "la": "4.43", "prov": {"attempts": 98, "reached": 98}}
dbus-daemon[1028386]: [session uid=1000 pid=1028386 pidfd=4] Activating service name='org.freedesktop.systemd1' requested by ':1.4' (uid=1000 pid=1028778 comm="/usr/bin/dbus-broker-launch --config-file=/usr/sha")
dbus-daemon[1028386]: [session uid=1000 pid=1028386 pidfd=4] Activated service 'org.freedesktop.systemd1' failed: Process org.freedesktop.systemd1 exited with status 1
dbus-daemon[1028386]: [session uid=1000 pid=1028386 pidfd=4] Activating service name='org.freedesktop.systemd1' requested by ':1.4' (uid=1000 pid=1028778 comm="/usr/bin/dbus-broker-launch --config-file=/usr/sha")
dbus-daemon[1028386]: [session uid=1000 pid=1028386 pidfd=4] Activated service 'org.freedesktop.systemd1' failed: Process org.freedesktop.systemd1 exited with status 1
dbus-daemon[1028386]: [session uid=1000 pid=1028386 pidfd=4] Activating service name='org.freedesktop.systemd1' requested by ':1.4' (uid=1000 pid=1028778 comm="/usr/bin/dbus-broker-launch --config-file=/usr/sha")
dbus-daemon[1028386]: [session uid=1000 pid=1028386 pidfd=4] Activated service 'org.freedesktop.systemd1' failed: Process org.freedesktop.systemd1 exited with status 1
{"trial": "L1-056-toggle-COMP-measured-r09", "mode": "step", "outcome": "verified", "oracle_exact_match": true, "completion_mutations": 1, "routes": ["provider", "provider"], "error": null, "la": "5.20", "prov": {"attempts": 100, "reached": 100}}
dbus-daemon[1028386]: [session uid=1000 pid=1028386 pidfd=4] Activating service name='org.freedesktop.systemd1' requested by ':1.4' (uid=1000 pid=1028778 comm="/usr/bin/dbus-broker-launch --config-file=/usr/sha")
dbus-daemon[1028386]: [session uid=1000 pid=1028386 pidfd=4] Activated service 'org.freedesktop.systemd1' failed: Process org.freedesktop.systemd1 exited with status 1
dbus-daemon[1028386]: [session uid=1000 pid=1028386 pidfd=4] Activating service name='org.freedesktop.systemd1' requested by ':1.4' (uid=1000 pid=1028778 comm="/usr/bin/dbus-broker-launch --config-file=/usr/sha")
dbus-daemon[1028386]: [session uid=1000 pid=1028386 pidfd=4] Activated service 'org.freedesktop.systemd1' failed: Process org.freedesktop.systemd1 exited with status 1
dbus-daemon[1028386]: [session uid=1000 pid=1028386 pidfd=4] Activating service name='org.freedesktop.systemd1' requested by ':1.4' (uid=1000 pid=1028778 comm="/usr/bin/dbus-broker-launch --config-file=/usr/sha")
dbus-daemon[1028386]: [session uid=1000 pid=1028386 pidfd=4] Activated service 'org.freedesktop.systemd1' failed: Process org.freedesktop.systemd1 exited with status 1
{"trial": "L1-057-toggle-BASE-measured-r09", "mode": "step", "outcome": "verified", "oracle_exact_match": true, "completion_mutations": 1, "routes": ["provider", "provider"], "error": null, "la": "4.86", "prov": {"attempts": 102, "reached": 102}}
dbus-daemon[1028386]: [session uid=1000 pid=1028386 pidfd=4] Activating service name='org.freedesktop.systemd1' requested by ':1.4' (uid=1000 pid=1028778 comm="/usr/bin/dbus-broker-launch --config-file=/usr/sha")
dbus-daemon[1028386]: [session uid=1000 pid=1028386 pidfd=4] Activated service 'org.freedesktop.systemd1' failed: Process org.freedesktop.systemd1 exited with status 1
dbus-daemon[1028386]: [session uid=1000 pid=1028386 pidfd=4] Activating service name='org.freedesktop.systemd1' requested by ':1.4' (uid=1000 pid=1028778 comm="/usr/bin/dbus-broker-launch --config-file=/usr/sha")
dbus-daemon[1028386]: [session uid=1000 pid=1028386 pidfd=4] Activated service 'org.freedesktop.systemd1' failed: Process org.freedesktop.systemd1 exited with status 1
dbus-daemon[1028386]: [session uid=1000 pid=1028386 pidfd=4] Activating service name='org.freedesktop.systemd1' requested by ':1.4' (uid=1000 pid=1028778 comm="/usr/bin/dbus-broker-launch --config-file=/usr/sha")
dbus-daemon[1028386]: [session uid=1000 pid=1028386 pidfd=4] Activated service 'org.freedesktop.systemd1' failed: Process org.freedesktop.systemd1 exited with status 1
{"trial": "L1-058-modal-COMP-measured-r09", "mode": "step", "outcome": "verified", "oracle_exact_match": true, "completion_mutations": 1, "routes": ["provider", "provider"], "error": null, "la": "4.86", "prov": {"attempts": 104, "reached": 104}}
dbus-daemon[1028386]: [session uid=1000 pid=1028386 pidfd=4] Activating service name='org.freedesktop.systemd1' requested by ':1.4' (uid=1000 pid=1028778 comm="/usr/bin/dbus-broker-launch --config-file=/usr/sha")
dbus-daemon[1028386]: [session uid=1000 pid=1028386 pidfd=4] Activated service 'org.freedesktop.systemd1' failed: Process org.freedesktop.systemd1 exited with status 1
dbus-daemon[1028386]: [session uid=1000 pid=1028386 pidfd=4] Activating service name='org.freedesktop.systemd1' requested by ':1.4' (uid=1000 pid=1028778 comm="/usr/bin/dbus-broker-launch --config-file=/usr/sha")
dbus-daemon[1028386]: [session uid=1000 pid=1028386 pidfd=4] Activated service 'org.freedesktop.systemd1' failed: Process org.freedesktop.systemd1 exited with status 1
dbus-daemon[1028386]: [session uid=1000 pid=1028386 pidfd=4] Activating service name='org.freedesktop.systemd1' requested by ':1.4' (uid=1000 pid=1028778 comm="/usr/bin/dbus-broker-launch --config-file=/usr/sha")
dbus-daemon[1028386]: [session uid=1000 pid=1028386 pidfd=4] Activated service 'org.freedesktop.systemd1' failed: Process org.freedesktop.systemd1 exited with status 1
{"trial": "L1-059-modal-BASE-measured-r09", "mode": "step", "outcome": "verified", "oracle_exact_match": true, "completion_mutations": 1, "routes": ["provider", "provider"], "error": null, "la": "4.47", "prov": {"attempts": 106, "reached": 106}}
dbus-daemon[1028386]: [session uid=1000 pid=1028386 pidfd=4] Activating service name='org.freedesktop.systemd1' requested by ':1.4' (uid=1000 pid=1028778 comm="/usr/bin/dbus-broker-launch --config-file=/usr/sha")
dbus-daemon[1028386]: [session uid=1000 pid=1028386 pidfd=4] Activated service 'org.freedesktop.systemd1' failed: Process org.freedesktop.systemd1 exited with status 1
dbus-daemon[1028386]: [session uid=1000 pid=1028386 pidfd=4] Activating service name='org.freedesktop.systemd1' requested by ':1.4' (uid=1000 pid=1028778 comm="/usr/bin/dbus-broker-launch --config-file=/usr/sha")
dbus-daemon[1028386]: [session uid=1000 pid=1028386 pidfd=4] Activated service 'org.freedesktop.systemd1' failed: Process org.freedesktop.systemd1 exited with status 1
dbus-daemon[1028386]: [session uid=1000 pid=1028386 pidfd=4] Activating service name='org.freedesktop.systemd1' requested by ':1.4' (uid=1000 pid=1028778 comm="/usr/bin/dbus-broker-launch --config-file=/usr/sha")
dbus-daemon[1028386]: [session uid=1000 pid=1028386 pidfd=4] Activated service 'org.freedesktop.systemd1' failed: Process org.freedesktop.systemd1 exited with status 1
{"trial": "L1-060-toggle-BASE-measured-r10", "mode": "step", "outcome": "verified", "oracle_exact_match": true, "completion_mutations": 1, "routes": ["provider", "provider"], "error": null, "la": "4.47", "prov": {"attempts": 108, "reached": 108}}
dbus-daemon[1028386]: [session uid=1000 pid=1028386 pidfd=4] Activating service name='org.freedesktop.systemd1' requested by ':1.4' (uid=1000 pid=1028778 comm="/usr/bin/dbus-broker-launch --config-file=/usr/sha")
dbus-daemon[1028386]: [session uid=1000 pid=1028386 pidfd=4] Activated service 'org.freedesktop.systemd1' failed: Process org.freedesktop.systemd1 exited with status 1
dbus-daemon[1028386]: [session uid=1000 pid=1028386 pidfd=4] Activating service name='org.freedesktop.systemd1' requested by ':1.4' (uid=1000 pid=1028778 comm="/usr/bin/dbus-broker-launch --config-file=/usr/sha")
dbus-daemon[1028386]: [session uid=1000 pid=1028386 pidfd=4] Activated service 'org.freedesktop.systemd1' failed: Process org.freedesktop.systemd1 exited with status 1
dbus-daemon[1028386]: [session uid=1000 pid=1028386 pidfd=4] Activating service name='org.freedesktop.systemd1' requested by ':1.4' (uid=1000 pid=1028778 comm="/usr/bin/dbus-broker-launch --config-file=/usr/sha")
dbus-daemon[1028386]: [session uid=1000 pid=1028386 pidfd=4] Activated service 'org.freedesktop.systemd1' failed: Process org.freedesktop.systemd1 exited with status 1
{"trial": "L1-061-toggle-COMP-measured-r10", "mode": "step", "outcome": "verified", "oracle_exact_match": true, "completion_mutations": 1, "routes": ["provider", "provider"], "error": null, "la": "4.12", "prov": {"attempts": 110, "reached": 110}}
dbus-daemon[1028386]: [session uid=1000 pid=1028386 pidfd=4] Activating service name='org.freedesktop.systemd1' requested by ':1.4' (uid=1000 pid=1028778 comm="/usr/bin/dbus-broker-launch --config-file=/usr/sha")
dbus-daemon[1028386]: [session uid=1000 pid=1028386 pidfd=4] Activated service 'org.freedesktop.systemd1' failed: Process org.freedesktop.systemd1 exited with status 1
dbus-daemon[1028386]: [session uid=1000 pid=1028386 pidfd=4] Activating service name='org.freedesktop.systemd1' requested by ':1.4' (uid=1000 pid=1028778 comm="/usr/bin/dbus-broker-launch --config-file=/usr/sha")
dbus-daemon[1028386]: [session uid=1000 pid=1028386 pidfd=4] Activated service 'org.freedesktop.systemd1' failed: Process org.freedesktop.systemd1 exited with status 1
dbus-daemon[1028386]: [session uid=1000 pid=1028386 pidfd=4] Activating service name='org.freedesktop.systemd1' requested by ':1.4' (uid=1000 pid=1028778 comm="/usr/bin/dbus-broker-launch --config-file=/usr/sha")
dbus-daemon[1028386]: [session uid=1000 pid=1028386 pidfd=4] Activated service 'org.freedesktop.systemd1' failed: Process org.freedesktop.systemd1 exited with status 1
{"trial": "L1-062-modal-BASE-measured-r10", "mode": "step", "outcome": "verified", "oracle_exact_match": true, "completion_mutations": 1, "routes": ["provider", "provider"], "error": null, "la": "4.12", "prov": {"attempts": 112, "reached": 112}}
dbus-daemon[1028386]: [session uid=1000 pid=1028386 pidfd=4] Activating service name='org.freedesktop.systemd1' requested by ':1.4' (uid=1000 pid=1028778 comm="/usr/bin/dbus-broker-launch --config-file=/usr/sha")
dbus-daemon[1028386]: [session uid=1000 pid=1028386 pidfd=4] Activated service 'org.freedesktop.systemd1' failed: Process org.freedesktop.systemd1 exited with status 1
dbus-daemon[1028386]: [session uid=1000 pid=1028386 pidfd=4] Activating service name='org.freedesktop.systemd1' requested by ':1.4' (uid=1000 pid=1028778 comm="/usr/bin/dbus-broker-launch --config-file=/usr/sha")
dbus-daemon[1028386]: [session uid=1000 pid=1028386 pidfd=4] Activated service 'org.freedesktop.systemd1' failed: Process org.freedesktop.systemd1 exited with status 1
dbus-daemon[1028386]: [session uid=1000 pid=1028386 pidfd=4] Activating service name='org.freedesktop.systemd1' requested by ':1.4' (uid=1000 pid=1028778 comm="/usr/bin/dbus-broker-launch --config-file=/usr/sha")
dbus-daemon[1028386]: [session uid=1000 pid=1028386 pidfd=4] Activated service 'org.freedesktop.systemd1' failed: Process org.freedesktop.systemd1 exited with status 1
{"trial": "L1-063-modal-COMP-measured-r10", "mode": "step", "outcome": "verified", "oracle_exact_match": true, "completion_mutations": 1, "routes": ["provider", "provider"], "error": null, "la": "4.19", "prov": {"attempts": 114, "reached": 114}}
dbus-daemon[1028386]: [session uid=1000 pid=1028386 pidfd=4] Activating service name='org.freedesktop.systemd1' requested by ':1.4' (uid=1000 pid=1028778 comm="/usr/bin/dbus-broker-launch --config-file=/usr/sha")
dbus-daemon[1028386]: [session uid=1000 pid=1028386 pidfd=4] Activated service 'org.freedesktop.systemd1' failed: Process org.freedesktop.systemd1 exited with status 1
dbus-daemon[1028386]: [session uid=1000 pid=1028386 pidfd=4] Activating service name='org.freedesktop.systemd1' requested by ':1.4' (uid=1000 pid=1028778 comm="/usr/bin/dbus-broker-launch --config-file=/usr/sha")
dbus-daemon[1028386]: [session uid=1000 pid=1028386 pidfd=4] Activated service 'org.freedesktop.systemd1' failed: Process org.freedesktop.systemd1 exited with status 1
dbus-daemon[1028386]: [session uid=1000 pid=1028386 pidfd=4] Activating service name='org.freedesktop.systemd1' requested by ':1.4' (uid=1000 pid=1028778 comm="/usr/bin/dbus-broker-launch --config-file=/usr/sha")
dbus-daemon[1028386]: [session uid=1000 pid=1028386 pidfd=4] Activated service 'org.freedesktop.systemd1' failed: Process org.freedesktop.systemd1 exited with status 1
{"trial": "L1-064-fill-BASE-measured-r10", "mode": "step", "outcome": "verified", "oracle_exact_match": true, "completion_mutations": 1, "routes": ["provider", "provider"], "error": null, "la": "3.85", "prov": {"attempts": 116, "reached": 116}}
dbus-daemon[1028386]: [session uid=1000 pid=1028386 pidfd=4] Activating service name='org.freedesktop.systemd1' requested by ':1.4' (uid=1000 pid=1028778 comm="/usr/bin/dbus-broker-launch --config-file=/usr/sha")
dbus-daemon[1028386]: [session uid=1000 pid=1028386 pidfd=4] Activated service 'org.freedesktop.systemd1' failed: Process org.freedesktop.systemd1 exited with status 1
dbus-daemon[1028386]: [session uid=1000 pid=1028386 pidfd=4] Activating service name='org.freedesktop.systemd1' requested by ':1.4' (uid=1000 pid=1028778 comm="/usr/bin/dbus-broker-launch --config-file=/usr/sha")
dbus-daemon[1028386]: [session uid=1000 pid=1028386 pidfd=4] Activated service 'org.freedesktop.systemd1' failed: Process org.freedesktop.systemd1 exited with status 1
dbus-daemon[1028386]: [session uid=1000 pid=1028386 pidfd=4] Activating service name='org.freedesktop.systemd1' requested by ':1.4' (uid=1000 pid=1028778 comm="/usr/bin/dbus-broker-launch --config-file=/usr/sha")
dbus-daemon[1028386]: [session uid=1000 pid=1028386 pidfd=4] Activated service 'org.freedesktop.systemd1' failed: Process org.freedesktop.systemd1 exited with status 1
{"trial": "L1-065-fill-COMP-measured-r10", "mode": "replay", "outcome": "verified", "oracle_exact_match": true, "completion_mutations": 1, "routes": ["compiled"], "error": null, "la": "3.85", "prov": {"attempts": 116, "reached": 116}}
dbus-daemon[1028386]: [session uid=1000 pid=1028386 pidfd=4] Activating service name='org.freedesktop.systemd1' requested by ':1.4' (uid=1000 pid=1028778 comm="/usr/bin/dbus-broker-launch --config-file=/usr/sha")
dbus-daemon[1028386]: [session uid=1000 pid=1028386 pidfd=4] Activated service 'org.freedesktop.systemd1' failed: Process org.freedesktop.systemd1 exited with status 1
dbus-daemon[1028386]: [session uid=1000 pid=1028386 pidfd=4] Activating service name='org.freedesktop.systemd1' requested by ':1.4' (uid=1000 pid=1028778 comm="/usr/bin/dbus-broker-launch --config-file=/usr/sha")
dbus-daemon[1028386]: [session uid=1000 pid=1028386 pidfd=4] Activated service 'org.freedesktop.systemd1' failed: Process org.freedesktop.systemd1 exited with status 1
dbus-daemon[1028386]: [session uid=1000 pid=1028386 pidfd=4] Activating service name='org.freedesktop.systemd1' requested by ':1.4' (uid=1000 pid=1028778 comm="/usr/bin/dbus-broker-launch --config-file=/usr/sha")
dbus-daemon[1028386]: [session uid=1000 pid=1028386 pidfd=4] Activated service 'org.freedesktop.systemd1' failed: Process org.freedesktop.systemd1 exited with status 1
{"trial": "L1-066-modal-COMP-measured-r11", "mode": "step", "outcome": "verified", "oracle_exact_match": true, "completion_mutations": 1, "routes": ["provider", "provider"], "error": null, "la": "3.86", "prov": {"attempts": 118, "reached": 118}}
dbus-daemon[1028386]: [session uid=1000 pid=1028386 pidfd=4] Activating service name='org.freedesktop.systemd1' requested by ':1.4' (uid=1000 pid=1028778 comm="/usr/bin/dbus-broker-launch --config-file=/usr/sha")
dbus-daemon[1028386]: [session uid=1000 pid=1028386 pidfd=4] Activated service 'org.freedesktop.systemd1' failed: Process org.freedesktop.systemd1 exited with status 1
dbus-daemon[1028386]: [session uid=1000 pid=1028386 pidfd=4] Activating service name='org.freedesktop.systemd1' requested by ':1.4' (uid=1000 pid=1028778 comm="/usr/bin/dbus-broker-launch --config-file=/usr/sha")
dbus-daemon[1028386]: [session uid=1000 pid=1028386 pidfd=4] Activated service 'org.freedesktop.systemd1' failed: Process org.freedesktop.systemd1 exited with status 1
dbus-daemon[1028386]: [session uid=1000 pid=1028386 pidfd=4] Activating service name='org.freedesktop.systemd1' requested by ':1.4' (uid=1000 pid=1028778 comm="/usr/bin/dbus-broker-launch --config-file=/usr/sha")
dbus-daemon[1028386]: [session uid=1000 pid=1028386 pidfd=4] Activated service 'org.freedesktop.systemd1' failed: Process org.freedesktop.systemd1 exited with status 1
{"trial": "L1-067-modal-BASE-measured-r11", "mode": "step", "outcome": "verified", "oracle_exact_match": true, "completion_mutations": 1, "routes": ["provider", "provider"], "error": null, "la": "3.86", "prov": {"attempts": 120, "reached": 120}}
dbus-daemon[1028386]: [session uid=1000 pid=1028386 pidfd=4] Activating service name='org.freedesktop.systemd1' requested by ':1.4' (uid=1000 pid=1028778 comm="/usr/bin/dbus-broker-launch --config-file=/usr/sha")
dbus-daemon[1028386]: [session uid=1000 pid=1028386 pidfd=4] Activated service 'org.freedesktop.systemd1' failed: Process org.freedesktop.systemd1 exited with status 1
dbus-daemon[1028386]: [session uid=1000 pid=1028386 pidfd=4] Activating service name='org.freedesktop.systemd1' requested by ':1.4' (uid=1000 pid=1028778 comm="/usr/bin/dbus-broker-launch --config-file=/usr/sha")
dbus-daemon[1028386]: [session uid=1000 pid=1028386 pidfd=4] Activated service 'org.freedesktop.systemd1' failed: Process org.freedesktop.systemd1 exited with status 1
dbus-daemon[1028386]: [session uid=1000 pid=1028386 pidfd=4] Activating service name='org.freedesktop.systemd1' requested by ':1.4' (uid=1000 pid=1028778 comm="/usr/bin/dbus-broker-launch --config-file=/usr/sha")
dbus-daemon[1028386]: [session uid=1000 pid=1028386 pidfd=4] Activated service 'org.freedesktop.systemd1' failed: Process org.freedesktop.systemd1 exited with status 1
{"trial": "L1-068-fill-COMP-measured-r11", "mode": "replay", "outcome": "verified", "oracle_exact_match": true, "completion_mutations": 1, "routes": ["compiled"], "error": null, "la": "3.63", "prov": {"attempts": 120, "reached": 120}}
dbus-daemon[1028386]: [session uid=1000 pid=1028386 pidfd=4] Activating service name='org.freedesktop.systemd1' requested by ':1.4' (uid=1000 pid=1028778 comm="/usr/bin/dbus-broker-launch --config-file=/usr/sha")
dbus-daemon[1028386]: [session uid=1000 pid=1028386 pidfd=4] Activated service 'org.freedesktop.systemd1' failed: Process org.freedesktop.systemd1 exited with status 1
dbus-daemon[1028386]: [session uid=1000 pid=1028386 pidfd=4] Activating service name='org.freedesktop.systemd1' requested by ':1.4' (uid=1000 pid=1028778 comm="/usr/bin/dbus-broker-launch --config-file=/usr/sha")
dbus-daemon[1028386]: [session uid=1000 pid=1028386 pidfd=4] Activated service 'org.freedesktop.systemd1' failed: Process org.freedesktop.systemd1 exited with status 1
dbus-daemon[1028386]: [session uid=1000 pid=1028386 pidfd=4] Activating service name='org.freedesktop.systemd1' requested by ':1.4' (uid=1000 pid=1028778 comm="/usr/bin/dbus-broker-launch --config-file=/usr/sha")
dbus-daemon[1028386]: [session uid=1000 pid=1028386 pidfd=4] Activated service 'org.freedesktop.systemd1' failed: Process org.freedesktop.systemd1 exited with status 1
{"trial": "L1-069-fill-BASE-measured-r11", "mode": "step", "outcome": "verified", "oracle_exact_match": true, "completion_mutations": 1, "routes": ["provider", "provider"], "error": null, "la": "3.63", "prov": {"attempts": 122, "reached": 122}}
dbus-daemon[1028386]: [session uid=1000 pid=1028386 pidfd=4] Activating service name='org.freedesktop.systemd1' requested by ':1.4' (uid=1000 pid=1028778 comm="/usr/bin/dbus-broker-launch --config-file=/usr/sha")
dbus-daemon[1028386]: [session uid=1000 pid=1028386 pidfd=4] Activated service 'org.freedesktop.systemd1' failed: Process org.freedesktop.systemd1 exited with status 1
dbus-daemon[1028386]: [session uid=1000 pid=1028386 pidfd=4] Activating service name='org.freedesktop.systemd1' requested by ':1.4' (uid=1000 pid=1028778 comm="/usr/bin/dbus-broker-launch --config-file=/usr/sha")
dbus-daemon[1028386]: [session uid=1000 pid=1028386 pidfd=4] Activated service 'org.freedesktop.systemd1' failed: Process org.freedesktop.systemd1 exited with status 1
dbus-daemon[1028386]: [session uid=1000 pid=1028386 pidfd=4] Activating service name='org.freedesktop.systemd1' requested by ':1.4' (uid=1000 pid=1028778 comm="/usr/bin/dbus-broker-launch --config-file=/usr/sha")
dbus-daemon[1028386]: [session uid=1000 pid=1028386 pidfd=4] Activated service 'org.freedesktop.systemd1' failed: Process org.freedesktop.systemd1 exited with status 1
{"trial": "L1-070-toggle-COMP-measured-r11", "mode": "step", "outcome": "verified", "oracle_exact_match": true, "completion_mutations": 1, "routes": ["provider", "provider"], "error": null, "la": "3.42", "prov": {"attempts": 124, "reached": 124}}
dbus-daemon[1028386]: [session uid=1000 pid=1028386 pidfd=4] Activating service name='org.freedesktop.systemd1' requested by ':1.4' (uid=1000 pid=1028778 comm="/usr/bin/dbus-broker-launch --config-file=/usr/sha")
dbus-daemon[1028386]: [session uid=1000 pid=1028386 pidfd=4] Activated service 'org.freedesktop.systemd1' failed: Process org.freedesktop.systemd1 exited with status 1
dbus-daemon[1028386]: [session uid=1000 pid=1028386 pidfd=4] Activating service name='org.freedesktop.systemd1' requested by ':1.4' (uid=1000 pid=1028778 comm="/usr/bin/dbus-broker-launch --config-file=/usr/sha")
dbus-daemon[1028386]: [session uid=1000 pid=1028386 pidfd=4] Activated service 'org.freedesktop.systemd1' failed: Process org.freedesktop.systemd1 exited with status 1
dbus-daemon[1028386]: [session uid=1000 pid=1028386 pidfd=4] Activating service name='org.freedesktop.systemd1' requested by ':1.4' (uid=1000 pid=1028778 comm="/usr/bin/dbus-broker-launch --config-file=/usr/sha")
dbus-daemon[1028386]: [session uid=1000 pid=1028386 pidfd=4] Activated service 'org.freedesktop.systemd1' failed: Process org.freedesktop.systemd1 exited with status 1
{"trial": "L1-071-toggle-BASE-measured-r11", "mode": "step", "outcome": "verified", "oracle_exact_match": true, "completion_mutations": 1, "routes": ["provider", "provider"], "error": null, "la": "3.42", "prov": {"attempts": 126, "reached": 126}}
dbus-daemon[1028386]: [session uid=1000 pid=1028386 pidfd=4] Activating service name='org.freedesktop.systemd1' requested by ':1.4' (uid=1000 pid=1028778 comm="/usr/bin/dbus-broker-launch --config-file=/usr/sha")
dbus-daemon[1028386]: [session uid=1000 pid=1028386 pidfd=4] Activated service 'org.freedesktop.systemd1' failed: Process org.freedesktop.systemd1 exited with status 1
dbus-daemon[1028386]: [session uid=1000 pid=1028386 pidfd=4] Activating service name='org.freedesktop.systemd1' requested by ':1.4' (uid=1000 pid=1028778 comm="/usr/bin/dbus-broker-launch --config-file=/usr/sha")
dbus-daemon[1028386]: [session uid=1000 pid=1028386 pidfd=4] Activated service 'org.freedesktop.systemd1' failed: Process org.freedesktop.systemd1 exited with status 1
dbus-daemon[1028386]: [session uid=1000 pid=1028386 pidfd=4] Activating service name='org.freedesktop.systemd1' requested by ':1.4' (uid=1000 pid=1028778 comm="/usr/bin/dbus-broker-launch --config-file=/usr/sha")
dbus-daemon[1028386]: [session uid=1000 pid=1028386 pidfd=4] Activated service 'org.freedesktop.systemd1' failed: Process org.freedesktop.systemd1 exited with status 1
{"trial": "L1-072-fill-BASE-measured-r12", "mode": "step", "outcome": "verified", "oracle_exact_match": true, "completion_mutations": 1, "routes": ["provider", "provider"], "error": null, "la": "3.15", "prov": {"attempts": 128, "reached": 128}}
dbus-daemon[1028386]: [session uid=1000 pid=1028386 pidfd=4] Activating service name='org.freedesktop.systemd1' requested by ':1.4' (uid=1000 pid=1028778 comm="/usr/bin/dbus-broker-launch --config-file=/usr/sha")
dbus-daemon[1028386]: [session uid=1000 pid=1028386 pidfd=4] Activated service 'org.freedesktop.systemd1' failed: Process org.freedesktop.systemd1 exited with status 1
dbus-daemon[1028386]: [session uid=1000 pid=1028386 pidfd=4] Activating service name='org.freedesktop.systemd1' requested by ':1.4' (uid=1000 pid=1028778 comm="/usr/bin/dbus-broker-launch --config-file=/usr/sha")
dbus-daemon[1028386]: [session uid=1000 pid=1028386 pidfd=4] Activated service 'org.freedesktop.systemd1' failed: Process org.freedesktop.systemd1 exited with status 1
dbus-daemon[1028386]: [session uid=1000 pid=1028386 pidfd=4] Activating service name='org.freedesktop.systemd1' requested by ':1.4' (uid=1000 pid=1028778 comm="/usr/bin/dbus-broker-launch --config-file=/usr/sha")
dbus-daemon[1028386]: [session uid=1000 pid=1028386 pidfd=4] Activated service 'org.freedesktop.systemd1' failed: Process org.freedesktop.systemd1 exited with status 1
{"trial": "L1-073-fill-COMP-measured-r12", "mode": "replay", "outcome": "verified", "oracle_exact_match": true, "completion_mutations": 1, "routes": ["compiled"], "error": null, "la": "3.54", "prov": {"attempts": 128, "reached": 128}}
dbus-daemon[1028386]: [session uid=1000 pid=1028386 pidfd=4] Activating service name='org.freedesktop.systemd1' requested by ':1.4' (uid=1000 pid=1028778 comm="/usr/bin/dbus-broker-launch --config-file=/usr/sha")
dbus-daemon[1028386]: [session uid=1000 pid=1028386 pidfd=4] Activated service 'org.freedesktop.systemd1' failed: Process org.freedesktop.systemd1 exited with status 1
dbus-daemon[1028386]: [session uid=1000 pid=1028386 pidfd=4] Activating service name='org.freedesktop.systemd1' requested by ':1.4' (uid=1000 pid=1028778 comm="/usr/bin/dbus-broker-launch --config-file=/usr/sha")
dbus-daemon[1028386]: [session uid=1000 pid=1028386 pidfd=4] Activated service 'org.freedesktop.systemd1' failed: Process org.freedesktop.systemd1 exited with status 1
dbus-daemon[1028386]: [session uid=1000 pid=1028386 pidfd=4] Activating service name='org.freedesktop.systemd1' requested by ':1.4' (uid=1000 pid=1028778 comm="/usr/bin/dbus-broker-launch --config-file=/usr/sha")
dbus-daemon[1028386]: [session uid=1000 pid=1028386 pidfd=4] Activated service 'org.freedesktop.systemd1' failed: Process org.freedesktop.systemd1 exited with status 1
{"trial": "L1-074-toggle-BASE-measured-r12", "mode": "step", "outcome": "verified", "oracle_exact_match": true, "completion_mutations": 1, "routes": ["provider", "provider"], "error": null, "la": "3.54", "prov": {"attempts": 130, "reached": 130}}
dbus-daemon[1028386]: [session uid=1000 pid=1028386 pidfd=4] Activating service name='org.freedesktop.systemd1' requested by ':1.4' (uid=1000 pid=1028778 comm="/usr/bin/dbus-broker-launch --config-file=/usr/sha")
dbus-daemon[1028386]: [session uid=1000 pid=1028386 pidfd=4] Activated service 'org.freedesktop.systemd1' failed: Process org.freedesktop.systemd1 exited with status 1
dbus-daemon[1028386]: [session uid=1000 pid=1028386 pidfd=4] Activating service name='org.freedesktop.systemd1' requested by ':1.4' (uid=1000 pid=1028778 comm="/usr/bin/dbus-broker-launch --config-file=/usr/sha")
dbus-daemon[1028386]: [session uid=1000 pid=1028386 pidfd=4] Activated service 'org.freedesktop.systemd1' failed: Process org.freedesktop.systemd1 exited with status 1
dbus-daemon[1028386]: [session uid=1000 pid=1028386 pidfd=4] Activating service name='org.freedesktop.systemd1' requested by ':1.4' (uid=1000 pid=1028778 comm="/usr/bin/dbus-broker-launch --config-file=/usr/sha")
dbus-daemon[1028386]: [session uid=1000 pid=1028386 pidfd=4] Activated service 'org.freedesktop.systemd1' failed: Process org.freedesktop.systemd1 exited with status 1
{"trial": "L1-075-toggle-COMP-measured-r12", "mode": "step", "outcome": "verified", "oracle_exact_match": true, "completion_mutations": 1, "routes": ["provider", "provider"], "error": null, "la": "3.49", "prov": {"attempts": 132, "reached": 132}}
dbus-daemon[1028386]: [session uid=1000 pid=1028386 pidfd=4] Activating service name='org.freedesktop.systemd1' requested by ':1.4' (uid=1000 pid=1028778 comm="/usr/bin/dbus-broker-launch --config-file=/usr/sha")
dbus-daemon[1028386]: [session uid=1000 pid=1028386 pidfd=4] Activated service 'org.freedesktop.systemd1' failed: Process org.freedesktop.systemd1 exited with status 1
dbus-daemon[1028386]: [session uid=1000 pid=1028386 pidfd=4] Activating service name='org.freedesktop.systemd1' requested by ':1.4' (uid=1000 pid=1028778 comm="/usr/bin/dbus-broker-launch --config-file=/usr/sha")
dbus-daemon[1028386]: [session uid=1000 pid=1028386 pidfd=4] Activated service 'org.freedesktop.systemd1' failed: Process org.freedesktop.systemd1 exited with status 1
dbus-daemon[1028386]: [session uid=1000 pid=1028386 pidfd=4] Activating service name='org.freedesktop.systemd1' requested by ':1.4' (uid=1000 pid=1028778 comm="/usr/bin/dbus-broker-launch --config-file=/usr/sha")
dbus-daemon[1028386]: [session uid=1000 pid=1028386 pidfd=4] Activated service 'org.freedesktop.systemd1' failed: Process org.freedesktop.systemd1 exited with status 1
{"trial": "L1-076-modal-BASE-measured-r12", "mode": "step", "outcome": "verified", "oracle_exact_match": true, "completion_mutations": 1, "routes": ["provider", "provider"], "error": null, "la": "3.49", "prov": {"attempts": 134, "reached": 134}}
dbus-daemon[1028386]: [session uid=1000 pid=1028386 pidfd=4] Activating service name='org.freedesktop.systemd1' requested by ':1.4' (uid=1000 pid=1028778 comm="/usr/bin/dbus-broker-launch --config-file=/usr/sha")
dbus-daemon[1028386]: [session uid=1000 pid=1028386 pidfd=4] Activated service 'org.freedesktop.systemd1' failed: Process org.freedesktop.systemd1 exited with status 1
dbus-daemon[1028386]: [session uid=1000 pid=1028386 pidfd=4] Activating service name='org.freedesktop.systemd1' requested by ':1.4' (uid=1000 pid=1028778 comm="/usr/bin/dbus-broker-launch --config-file=/usr/sha")
dbus-daemon[1028386]: [session uid=1000 pid=1028386 pidfd=4] Activated service 'org.freedesktop.systemd1' failed: Process org.freedesktop.systemd1 exited with status 1
dbus-daemon[1028386]: [session uid=1000 pid=1028386 pidfd=4] Activating service name='org.freedesktop.systemd1' requested by ':1.4' (uid=1000 pid=1028778 comm="/usr/bin/dbus-broker-launch --config-file=/usr/sha")
dbus-daemon[1028386]: [session uid=1000 pid=1028386 pidfd=4] Activated service 'org.freedesktop.systemd1' failed: Process org.freedesktop.systemd1 exited with status 1
{"trial": "L1-077-modal-COMP-measured-r12", "mode": "step", "outcome": "verified", "oracle_exact_match": true, "completion_mutations": 1, "routes": ["provider", "provider"], "error": null, "la": "3.53", "prov": {"attempts": 136, "reached": 136}}
dbus-daemon[1028386]: [session uid=1000 pid=1028386 pidfd=4] Activating service name='org.freedesktop.systemd1' requested by ':1.4' (uid=1000 pid=1028778 comm="/usr/bin/dbus-broker-launch --config-file=/usr/sha")
dbus-daemon[1028386]: [session uid=1000 pid=1028386 pidfd=4] Activated service 'org.freedesktop.systemd1' failed: Process org.freedesktop.systemd1 exited with status 1
dbus-daemon[1028386]: [session uid=1000 pid=1028386 pidfd=4] Activating service name='org.freedesktop.systemd1' requested by ':1.4' (uid=1000 pid=1028778 comm="/usr/bin/dbus-broker-launch --config-file=/usr/sha")
dbus-daemon[1028386]: [session uid=1000 pid=1028386 pidfd=4] Activated service 'org.freedesktop.systemd1' failed: Process org.freedesktop.systemd1 exited with status 1
dbus-daemon[1028386]: [session uid=1000 pid=1028386 pidfd=4] Activating service name='org.freedesktop.systemd1' requested by ':1.4' (uid=1000 pid=1028778 comm="/usr/bin/dbus-broker-launch --config-file=/usr/sha")
dbus-daemon[1028386]: [session uid=1000 pid=1028386 pidfd=4] Activated service 'org.freedesktop.systemd1' failed: Process org.freedesktop.systemd1 exited with status 1
{"trial": "L1-078-toggle-COMP-measured-r13", "mode": "step", "outcome": "verified", "oracle_exact_match": true, "completion_mutations": 1, "routes": ["provider", "provider"], "error": null, "la": "3.53", "prov": {"attempts": 138, "reached": 138}}
dbus-daemon[1028386]: [session uid=1000 pid=1028386 pidfd=4] Activating service name='org.freedesktop.systemd1' requested by ':1.4' (uid=1000 pid=1028778 comm="/usr/bin/dbus-broker-launch --config-file=/usr/sha")
dbus-daemon[1028386]: [session uid=1000 pid=1028386 pidfd=4] Activated service 'org.freedesktop.systemd1' failed: Process org.freedesktop.systemd1 exited with status 1
dbus-daemon[1028386]: [session uid=1000 pid=1028386 pidfd=4] Activating service name='org.freedesktop.systemd1' requested by ':1.4' (uid=1000 pid=1028778 comm="/usr/bin/dbus-broker-launch --config-file=/usr/sha")
dbus-daemon[1028386]: [session uid=1000 pid=1028386 pidfd=4] Activated service 'org.freedesktop.systemd1' failed: Process org.freedesktop.systemd1 exited with status 1
dbus-daemon[1028386]: [session uid=1000 pid=1028386 pidfd=4] Activating service name='org.freedesktop.systemd1' requested by ':1.4' (uid=1000 pid=1028778 comm="/usr/bin/dbus-broker-launch --config-file=/usr/sha")
dbus-daemon[1028386]: [session uid=1000 pid=1028386 pidfd=4] Activated service 'org.freedesktop.systemd1' failed: Process org.freedesktop.systemd1 exited with status 1
{"trial": "L1-079-toggle-BASE-measured-r13", "mode": "step", "outcome": "verified", "oracle_exact_match": true, "completion_mutations": 1, "routes": ["provider", "provider"], "error": null, "la": "3.53", "prov": {"attempts": 140, "reached": 140}}
dbus-daemon[1028386]: [session uid=1000 pid=1028386 pidfd=4] Activating service name='org.freedesktop.systemd1' requested by ':1.4' (uid=1000 pid=1028778 comm="/usr/bin/dbus-broker-launch --config-file=/usr/sha")
dbus-daemon[1028386]: [session uid=1000 pid=1028386 pidfd=4] Activated service 'org.freedesktop.systemd1' failed: Process org.freedesktop.systemd1 exited with status 1
dbus-daemon[1028386]: [session uid=1000 pid=1028386 pidfd=4] Activating service name='org.freedesktop.systemd1' requested by ':1.4' (uid=1000 pid=1028778 comm="/usr/bin/dbus-broker-launch --config-file=/usr/sha")
dbus-daemon[1028386]: [session uid=1000 pid=1028386 pidfd=4] Activated service 'org.freedesktop.systemd1' failed: Process org.freedesktop.systemd1 exited with status 1
dbus-daemon[1028386]: [session uid=1000 pid=1028386 pidfd=4] Activating service name='org.freedesktop.systemd1' requested by ':1.4' (uid=1000 pid=1028778 comm="/usr/bin/dbus-broker-launch --config-file=/usr/sha")
dbus-daemon[1028386]: [session uid=1000 pid=1028386 pidfd=4] Activated service 'org.freedesktop.systemd1' failed: Process org.freedesktop.systemd1 exited with status 1
{"trial": "L1-080-modal-COMP-measured-r13", "mode": "step", "outcome": "verified", "oracle_exact_match": true, "completion_mutations": 1, "routes": ["provider", "provider"], "error": null, "la": "3.89", "prov": {"attempts": 142, "reached": 142}}
dbus-daemon[1028386]: [session uid=1000 pid=1028386 pidfd=4] Activating service name='org.freedesktop.systemd1' requested by ':1.4' (uid=1000 pid=1028778 comm="/usr/bin/dbus-broker-launch --config-file=/usr/sha")
dbus-daemon[1028386]: [session uid=1000 pid=1028386 pidfd=4] Activated service 'org.freedesktop.systemd1' failed: Process org.freedesktop.systemd1 exited with status 1
dbus-daemon[1028386]: [session uid=1000 pid=1028386 pidfd=4] Activating service name='org.freedesktop.systemd1' requested by ':1.4' (uid=1000 pid=1028778 comm="/usr/bin/dbus-broker-launch --config-file=/usr/sha")
dbus-daemon[1028386]: [session uid=1000 pid=1028386 pidfd=4] Activated service 'org.freedesktop.systemd1' failed: Process org.freedesktop.systemd1 exited with status 1
dbus-daemon[1028386]: [session uid=1000 pid=1028386 pidfd=4] Activating service name='org.freedesktop.systemd1' requested by ':1.4' (uid=1000 pid=1028778 comm="/usr/bin/dbus-broker-launch --config-file=/usr/sha")
dbus-daemon[1028386]: [session uid=1000 pid=1028386 pidfd=4] Activated service 'org.freedesktop.systemd1' failed: Process org.freedesktop.systemd1 exited with status 1
{"trial": "L1-081-modal-BASE-measured-r13", "mode": "step", "outcome": "verified", "oracle_exact_match": true, "completion_mutations": 1, "routes": ["provider", "provider"], "error": null, "la": "3.82", "prov": {"attempts": 144, "reached": 144}}
dbus-daemon[1028386]: [session uid=1000 pid=1028386 pidfd=4] Activating service name='org.freedesktop.systemd1' requested by ':1.4' (uid=1000 pid=1028778 comm="/usr/bin/dbus-broker-launch --config-file=/usr/sha")
dbus-daemon[1028386]: [session uid=1000 pid=1028386 pidfd=4] Activated service 'org.freedesktop.systemd1' failed: Process org.freedesktop.systemd1 exited with status 1
dbus-daemon[1028386]: [session uid=1000 pid=1028386 pidfd=4] Activating service name='org.freedesktop.systemd1' requested by ':1.4' (uid=1000 pid=1028778 comm="/usr/bin/dbus-broker-launch --config-file=/usr/sha")
dbus-daemon[1028386]: [session uid=1000 pid=1028386 pidfd=4] Activated service 'org.freedesktop.systemd1' failed: Process org.freedesktop.systemd1 exited with status 1
dbus-daemon[1028386]: [session uid=1000 pid=1028386 pidfd=4] Activating service name='org.freedesktop.systemd1' requested by ':1.4' (uid=1000 pid=1028778 comm="/usr/bin/dbus-broker-launch --config-file=/usr/sha")
dbus-daemon[1028386]: [session uid=1000 pid=1028386 pidfd=4] Activated service 'org.freedesktop.systemd1' failed: Process org.freedesktop.systemd1 exited with status 1
{"trial": "L1-082-fill-COMP-measured-r13", "mode": "replay", "outcome": "verified", "oracle_exact_match": true, "completion_mutations": 1, "routes": ["compiled"], "error": null, "la": "3.82", "prov": {"attempts": 144, "reached": 144}}
dbus-daemon[1028386]: [session uid=1000 pid=1028386 pidfd=4] Activating service name='org.freedesktop.systemd1' requested by ':1.4' (uid=1000 pid=1028778 comm="/usr/bin/dbus-broker-launch --config-file=/usr/sha")
dbus-daemon[1028386]: [session uid=1000 pid=1028386 pidfd=4] Activated service 'org.freedesktop.systemd1' failed: Process org.freedesktop.systemd1 exited with status 1
dbus-daemon[1028386]: [session uid=1000 pid=1028386 pidfd=4] Activating service name='org.freedesktop.systemd1' requested by ':1.4' (uid=1000 pid=1028778 comm="/usr/bin/dbus-broker-launch --config-file=/usr/sha")
dbus-daemon[1028386]: [session uid=1000 pid=1028386 pidfd=4] Activated service 'org.freedesktop.systemd1' failed: Process org.freedesktop.systemd1 exited with status 1
dbus-daemon[1028386]: [session uid=1000 pid=1028386 pidfd=4] Activating service name='org.freedesktop.systemd1' requested by ':1.4' (uid=1000 pid=1028778 comm="/usr/bin/dbus-broker-launch --config-file=/usr/sha")
dbus-daemon[1028386]: [session uid=1000 pid=1028386 pidfd=4] Activated service 'org.freedesktop.systemd1' failed: Process org.freedesktop.systemd1 exited with status 1
{"trial": "L1-083-fill-BASE-measured-r13", "mode": "step", "outcome": "verified", "oracle_exact_match": true, "completion_mutations": 1, "routes": ["provider", "provider"], "error": null, "la": "3.67", "prov": {"attempts": 146, "reached": 146}}
dbus-daemon[1028386]: [session uid=1000 pid=1028386 pidfd=4] Activating service name='org.freedesktop.systemd1' requested by ':1.4' (uid=1000 pid=1028778 comm="/usr/bin/dbus-broker-launch --config-file=/usr/sha")
dbus-daemon[1028386]: [session uid=1000 pid=1028386 pidfd=4] Activated service 'org.freedesktop.systemd1' failed: Process org.freedesktop.systemd1 exited with status 1
dbus-daemon[1028386]: [session uid=1000 pid=1028386 pidfd=4] Activating service name='org.freedesktop.systemd1' requested by ':1.4' (uid=1000 pid=1028778 comm="/usr/bin/dbus-broker-launch --config-file=/usr/sha")
dbus-daemon[1028386]: [session uid=1000 pid=1028386 pidfd=4] Activated service 'org.freedesktop.systemd1' failed: Process org.freedesktop.systemd1 exited with status 1
dbus-daemon[1028386]: [session uid=1000 pid=1028386 pidfd=4] Activating service name='org.freedesktop.systemd1' requested by ':1.4' (uid=1000 pid=1028778 comm="/usr/bin/dbus-broker-launch --config-file=/usr/sha")
dbus-daemon[1028386]: [session uid=1000 pid=1028386 pidfd=4] Activated service 'org.freedesktop.systemd1' failed: Process org.freedesktop.systemd1 exited with status 1
{"trial": "L1-084-modal-BASE-measured-r14", "mode": "step", "outcome": "verified", "oracle_exact_match": true, "completion_mutations": 1, "routes": ["provider", "provider"], "error": null, "la": "3.67", "prov": {"attempts": 148, "reached": 148}}
dbus-daemon[1028386]: [session uid=1000 pid=1028386 pidfd=4] Activating service name='org.freedesktop.systemd1' requested by ':1.4' (uid=1000 pid=1028778 comm="/usr/bin/dbus-broker-launch --config-file=/usr/sha")
dbus-daemon[1028386]: [session uid=1000 pid=1028386 pidfd=4] Activated service 'org.freedesktop.systemd1' failed: Process org.freedesktop.systemd1 exited with status 1
dbus-daemon[1028386]: [session uid=1000 pid=1028386 pidfd=4] Activating service name='org.freedesktop.systemd1' requested by ':1.4' (uid=1000 pid=1028778 comm="/usr/bin/dbus-broker-launch --config-file=/usr/sha")
dbus-daemon[1028386]: [session uid=1000 pid=1028386 pidfd=4] Activated service 'org.freedesktop.systemd1' failed: Process org.freedesktop.systemd1 exited with status 1
dbus-daemon[1028386]: [session uid=1000 pid=1028386 pidfd=4] Activating service name='org.freedesktop.systemd1' requested by ':1.4' (uid=1000 pid=1028778 comm="/usr/bin/dbus-broker-launch --config-file=/usr/sha")
dbus-daemon[1028386]: [session uid=1000 pid=1028386 pidfd=4] Activated service 'org.freedesktop.systemd1' failed: Process org.freedesktop.systemd1 exited with status 1
{"trial": "L1-085-modal-COMP-measured-r14", "mode": "step", "outcome": "verified", "oracle_exact_match": true, "completion_mutations": 1, "routes": ["provider", "provider"], "error": null, "la": "4.26", "prov": {"attempts": 150, "reached": 150}}
dbus-daemon[1028386]: [session uid=1000 pid=1028386 pidfd=4] Activating service name='org.freedesktop.systemd1' requested by ':1.4' (uid=1000 pid=1028778 comm="/usr/bin/dbus-broker-launch --config-file=/usr/sha")
dbus-daemon[1028386]: [session uid=1000 pid=1028386 pidfd=4] Activated service 'org.freedesktop.systemd1' failed: Process org.freedesktop.systemd1 exited with status 1
dbus-daemon[1028386]: [session uid=1000 pid=1028386 pidfd=4] Activating service name='org.freedesktop.systemd1' requested by ':1.4' (uid=1000 pid=1028778 comm="/usr/bin/dbus-broker-launch --config-file=/usr/sha")
dbus-daemon[1028386]: [session uid=1000 pid=1028386 pidfd=4] Activated service 'org.freedesktop.systemd1' failed: Process org.freedesktop.systemd1 exited with status 1
dbus-daemon[1028386]: [session uid=1000 pid=1028386 pidfd=4] Activating service name='org.freedesktop.systemd1' requested by ':1.4' (uid=1000 pid=1028778 comm="/usr/bin/dbus-broker-launch --config-file=/usr/sha")
dbus-daemon[1028386]: [session uid=1000 pid=1028386 pidfd=4] Activated service 'org.freedesktop.systemd1' failed: Process org.freedesktop.systemd1 exited with status 1
{"trial": "L1-086-fill-BASE-measured-r14", "mode": "step", "outcome": "verified", "oracle_exact_match": true, "completion_mutations": 1, "routes": ["provider", "provider"], "error": null, "la": "4.26", "prov": {"attempts": 152, "reached": 152}}
dbus-daemon[1028386]: [session uid=1000 pid=1028386 pidfd=4] Activating service name='org.freedesktop.systemd1' requested by ':1.4' (uid=1000 pid=1028778 comm="/usr/bin/dbus-broker-launch --config-file=/usr/sha")
dbus-daemon[1028386]: [session uid=1000 pid=1028386 pidfd=4] Activated service 'org.freedesktop.systemd1' failed: Process org.freedesktop.systemd1 exited with status 1
dbus-daemon[1028386]: [session uid=1000 pid=1028386 pidfd=4] Activating service name='org.freedesktop.systemd1' requested by ':1.4' (uid=1000 pid=1028778 comm="/usr/bin/dbus-broker-launch --config-file=/usr/sha")
dbus-daemon[1028386]: [session uid=1000 pid=1028386 pidfd=4] Activated service 'org.freedesktop.systemd1' failed: Process org.freedesktop.systemd1 exited with status 1
dbus-daemon[1028386]: [session uid=1000 pid=1028386 pidfd=4] Activating service name='org.freedesktop.systemd1' requested by ':1.4' (uid=1000 pid=1028778 comm="/usr/bin/dbus-broker-launch --config-file=/usr/sha")
dbus-daemon[1028386]: [session uid=1000 pid=1028386 pidfd=4] Activated service 'org.freedesktop.systemd1' failed: Process org.freedesktop.systemd1 exited with status 1
{"trial": "L1-087-fill-COMP-measured-r14", "mode": "replay", "outcome": "verified", "oracle_exact_match": true, "completion_mutations": 1, "routes": ["compiled"], "error": null, "la": "4.24", "prov": {"attempts": 152, "reached": 152}}
dbus-daemon[1028386]: [session uid=1000 pid=1028386 pidfd=4] Activating service name='org.freedesktop.systemd1' requested by ':1.4' (uid=1000 pid=1028778 comm="/usr/bin/dbus-broker-launch --config-file=/usr/sha")
dbus-daemon[1028386]: [session uid=1000 pid=1028386 pidfd=4] Activated service 'org.freedesktop.systemd1' failed: Process org.freedesktop.systemd1 exited with status 1
dbus-daemon[1028386]: [session uid=1000 pid=1028386 pidfd=4] Activating service name='org.freedesktop.systemd1' requested by ':1.4' (uid=1000 pid=1028778 comm="/usr/bin/dbus-broker-launch --config-file=/usr/sha")
dbus-daemon[1028386]: [session uid=1000 pid=1028386 pidfd=4] Activated service 'org.freedesktop.systemd1' failed: Process org.freedesktop.systemd1 exited with status 1
dbus-daemon[1028386]: [session uid=1000 pid=1028386 pidfd=4] Activating service name='org.freedesktop.systemd1' requested by ':1.4' (uid=1000 pid=1028778 comm="/usr/bin/dbus-broker-launch --config-file=/usr/sha")
dbus-daemon[1028386]: [session uid=1000 pid=1028386 pidfd=4] Activated service 'org.freedesktop.systemd1' failed: Process org.freedesktop.systemd1 exited with status 1
{"trial": "L1-088-toggle-BASE-measured-r14", "mode": "step", "outcome": "verified", "oracle_exact_match": true, "completion_mutations": 1, "routes": ["provider", "provider"], "error": null, "la": "4.86", "prov": {"attempts": 154, "reached": 154}}
dbus-daemon[1028386]: [session uid=1000 pid=1028386 pidfd=4] Activating service name='org.freedesktop.systemd1' requested by ':1.4' (uid=1000 pid=1028778 comm="/usr/bin/dbus-broker-launch --config-file=/usr/sha")
dbus-daemon[1028386]: [session uid=1000 pid=1028386 pidfd=4] Activated service 'org.freedesktop.systemd1' failed: Process org.freedesktop.systemd1 exited with status 1
dbus-daemon[1028386]: [session uid=1000 pid=1028386 pidfd=4] Activating service name='org.freedesktop.systemd1' requested by ':1.4' (uid=1000 pid=1028778 comm="/usr/bin/dbus-broker-launch --config-file=/usr/sha")
dbus-daemon[1028386]: [session uid=1000 pid=1028386 pidfd=4] Activated service 'org.freedesktop.systemd1' failed: Process org.freedesktop.systemd1 exited with status 1
dbus-daemon[1028386]: [session uid=1000 pid=1028386 pidfd=4] Activating service name='org.freedesktop.systemd1' requested by ':1.4' (uid=1000 pid=1028778 comm="/usr/bin/dbus-broker-launch --config-file=/usr/sha")
dbus-daemon[1028386]: [session uid=1000 pid=1028386 pidfd=4] Activated service 'org.freedesktop.systemd1' failed: Process org.freedesktop.systemd1 exited with status 1
{"trial": "L1-089-toggle-COMP-measured-r14", "mode": "step", "outcome": "verified", "oracle_exact_match": true, "completion_mutations": 1, "routes": ["provider", "provider"], "error": null, "la": "4.86", "prov": {"attempts": 156, "reached": 156}}
dbus-daemon[1028386]: [session uid=1000 pid=1028386 pidfd=4] Activating service name='org.freedesktop.systemd1' requested by ':1.4' (uid=1000 pid=1028778 comm="/usr/bin/dbus-broker-launch --config-file=/usr/sha")
dbus-daemon[1028386]: [session uid=1000 pid=1028386 pidfd=4] Activated service 'org.freedesktop.systemd1' failed: Process org.freedesktop.systemd1 exited with status 1
dbus-daemon[1028386]: [session uid=1000 pid=1028386 pidfd=4] Activating service name='org.freedesktop.systemd1' requested by ':1.4' (uid=1000 pid=1028778 comm="/usr/bin/dbus-broker-launch --config-file=/usr/sha")
dbus-daemon[1028386]: [session uid=1000 pid=1028386 pidfd=4] Activated service 'org.freedesktop.systemd1' failed: Process org.freedesktop.systemd1 exited with status 1
dbus-daemon[1028386]: [session uid=1000 pid=1028386 pidfd=4] Activating service name='org.freedesktop.systemd1' requested by ':1.4' (uid=1000 pid=1028778 comm="/usr/bin/dbus-broker-launch --config-file=/usr/sha")
dbus-daemon[1028386]: [session uid=1000 pid=1028386 pidfd=4] Activated service 'org.freedesktop.systemd1' failed: Process org.freedesktop.systemd1 exited with status 1
{"trial": "L1-090-fill-COMP-measured-r15", "mode": "replay", "outcome": "verified", "oracle_exact_match": true, "completion_mutations": 1, "routes": ["compiled"], "error": null, "la": "5.11", "prov": {"attempts": 156, "reached": 156}}
dbus-daemon[1028386]: [session uid=1000 pid=1028386 pidfd=4] Activating service name='org.freedesktop.systemd1' requested by ':1.4' (uid=1000 pid=1028778 comm="/usr/bin/dbus-broker-launch --config-file=/usr/sha")
dbus-daemon[1028386]: [session uid=1000 pid=1028386 pidfd=4] Activated service 'org.freedesktop.systemd1' failed: Process org.freedesktop.systemd1 exited with status 1
dbus-daemon[1028386]: [session uid=1000 pid=1028386 pidfd=4] Activating service name='org.freedesktop.systemd1' requested by ':1.4' (uid=1000 pid=1028778 comm="/usr/bin/dbus-broker-launch --config-file=/usr/sha")
dbus-daemon[1028386]: [session uid=1000 pid=1028386 pidfd=4] Activated service 'org.freedesktop.systemd1' failed: Process org.freedesktop.systemd1 exited with status 1
dbus-daemon[1028386]: [session uid=1000 pid=1028386 pidfd=4] Activating service name='org.freedesktop.systemd1' requested by ':1.4' (uid=1000 pid=1028778 comm="/usr/bin/dbus-broker-launch --config-file=/usr/sha")
dbus-daemon[1028386]: [session uid=1000 pid=1028386 pidfd=4] Activated service 'org.freedesktop.systemd1' failed: Process org.freedesktop.systemd1 exited with status 1
{"trial": "L1-091-fill-BASE-measured-r15", "mode": "step", "outcome": "verified", "oracle_exact_match": true, "completion_mutations": 1, "routes": ["provider", "provider"], "error": null, "la": "5.11", "prov": {"attempts": 158, "reached": 158}}
dbus-daemon[1028386]: [session uid=1000 pid=1028386 pidfd=4] Activating service name='org.freedesktop.systemd1' requested by ':1.4' (uid=1000 pid=1028778 comm="/usr/bin/dbus-broker-launch --config-file=/usr/sha")
dbus-daemon[1028386]: [session uid=1000 pid=1028386 pidfd=4] Activated service 'org.freedesktop.systemd1' failed: Process org.freedesktop.systemd1 exited with status 1
dbus-daemon[1028386]: [session uid=1000 pid=1028386 pidfd=4] Activating service name='org.freedesktop.systemd1' requested by ':1.4' (uid=1000 pid=1028778 comm="/usr/bin/dbus-broker-launch --config-file=/usr/sha")
dbus-daemon[1028386]: [session uid=1000 pid=1028386 pidfd=4] Activated service 'org.freedesktop.systemd1' failed: Process org.freedesktop.systemd1 exited with status 1
dbus-daemon[1028386]: [session uid=1000 pid=1028386 pidfd=4] Activating service name='org.freedesktop.systemd1' requested by ':1.4' (uid=1000 pid=1028778 comm="/usr/bin/dbus-broker-launch --config-file=/usr/sha")
dbus-daemon[1028386]: [session uid=1000 pid=1028386 pidfd=4] Activated service 'org.freedesktop.systemd1' failed: Process org.freedesktop.systemd1 exited with status 1
{"trial": "L1-092-toggle-COMP-measured-r15", "mode": "step", "outcome": "verified", "oracle_exact_match": true, "completion_mutations": 1, "routes": ["provider", "provider"], "error": null, "la": "5.02", "prov": {"attempts": 160, "reached": 160}}
dbus-daemon[1028386]: [session uid=1000 pid=1028386 pidfd=4] Activating service name='org.freedesktop.systemd1' requested by ':1.4' (uid=1000 pid=1028778 comm="/usr/bin/dbus-broker-launch --config-file=/usr/sha")
dbus-daemon[1028386]: [session uid=1000 pid=1028386 pidfd=4] Activated service 'org.freedesktop.systemd1' failed: Process org.freedesktop.systemd1 exited with status 1
dbus-daemon[1028386]: [session uid=1000 pid=1028386 pidfd=4] Activating service name='org.freedesktop.systemd1' requested by ':1.4' (uid=1000 pid=1028778 comm="/usr/bin/dbus-broker-launch --config-file=/usr/sha")
dbus-daemon[1028386]: [session uid=1000 pid=1028386 pidfd=4] Activated service 'org.freedesktop.systemd1' failed: Process org.freedesktop.systemd1 exited with status 1
dbus-daemon[1028386]: [session uid=1000 pid=1028386 pidfd=4] Activating service name='org.freedesktop.systemd1' requested by ':1.4' (uid=1000 pid=1028778 comm="/usr/bin/dbus-broker-launch --config-file=/usr/sha")
dbus-daemon[1028386]: [session uid=1000 pid=1028386 pidfd=4] Activated service 'org.freedesktop.systemd1' failed: Process org.freedesktop.systemd1 exited with status 1
{"trial": "L1-093-toggle-BASE-measured-r15", "mode": "step", "outcome": "verified", "oracle_exact_match": true, "completion_mutations": 1, "routes": ["provider", "provider"], "error": null, "la": "5.02", "prov": {"attempts": 162, "reached": 162}}
dbus-daemon[1028386]: [session uid=1000 pid=1028386 pidfd=4] Activating service name='org.freedesktop.systemd1' requested by ':1.4' (uid=1000 pid=1028778 comm="/usr/bin/dbus-broker-launch --config-file=/usr/sha")
dbus-daemon[1028386]: [session uid=1000 pid=1028386 pidfd=4] Activated service 'org.freedesktop.systemd1' failed: Process org.freedesktop.systemd1 exited with status 1
dbus-daemon[1028386]: [session uid=1000 pid=1028386 pidfd=4] Activating service name='org.freedesktop.systemd1' requested by ':1.4' (uid=1000 pid=1028778 comm="/usr/bin/dbus-broker-launch --config-file=/usr/sha")
dbus-daemon[1028386]: [session uid=1000 pid=1028386 pidfd=4] Activated service 'org.freedesktop.systemd1' failed: Process org.freedesktop.systemd1 exited with status 1
dbus-daemon[1028386]: [session uid=1000 pid=1028386 pidfd=4] Activating service name='org.freedesktop.systemd1' requested by ':1.4' (uid=1000 pid=1028778 comm="/usr/bin/dbus-broker-launch --config-file=/usr/sha")
dbus-daemon[1028386]: [session uid=1000 pid=1028386 pidfd=4] Activated service 'org.freedesktop.systemd1' failed: Process org.freedesktop.systemd1 exited with status 1
{"trial": "L1-094-modal-COMP-measured-r15", "mode": "step", "outcome": "verified", "oracle_exact_match": true, "completion_mutations": 1, "routes": ["provider", "provider"], "error": null, "la": "4.70", "prov": {"attempts": 164, "reached": 164}}
dbus-daemon[1028386]: [session uid=1000 pid=1028386 pidfd=4] Activating service name='org.freedesktop.systemd1' requested by ':1.4' (uid=1000 pid=1028778 comm="/usr/bin/dbus-broker-launch --config-file=/usr/sha")
dbus-daemon[1028386]: [session uid=1000 pid=1028386 pidfd=4] Activated service 'org.freedesktop.systemd1' failed: Process org.freedesktop.systemd1 exited with status 1
dbus-daemon[1028386]: [session uid=1000 pid=1028386 pidfd=4] Activating service name='org.freedesktop.systemd1' requested by ':1.4' (uid=1000 pid=1028778 comm="/usr/bin/dbus-broker-launch --config-file=/usr/sha")
dbus-daemon[1028386]: [session uid=1000 pid=1028386 pidfd=4] Activated service 'org.freedesktop.systemd1' failed: Process org.freedesktop.systemd1 exited with status 1
dbus-daemon[1028386]: [session uid=1000 pid=1028386 pidfd=4] Activating service name='org.freedesktop.systemd1' requested by ':1.4' (uid=1000 pid=1028778 comm="/usr/bin/dbus-broker-launch --config-file=/usr/sha")
dbus-daemon[1028386]: [session uid=1000 pid=1028386 pidfd=4] Activated service 'org.freedesktop.systemd1' failed: Process org.freedesktop.systemd1 exited with status 1
{"trial": "L1-095-modal-BASE-measured-r15", "mode": "step", "outcome": "verified", "oracle_exact_match": true, "completion_mutations": 1, "routes": ["provider", "provider"], "error": null, "la": "4.70", "prov": {"attempts": 166, "reached": 166}}
dbus-daemon[1028386]: [session uid=1000 pid=1028386 pidfd=4] Activating service name='org.freedesktop.systemd1' requested by ':1.4' (uid=1000 pid=1028778 comm="/usr/bin/dbus-broker-launch --config-file=/usr/sha")
dbus-daemon[1028386]: [session uid=1000 pid=1028386 pidfd=4] Activated service 'org.freedesktop.systemd1' failed: Process org.freedesktop.systemd1 exited with status 1
dbus-daemon[1028386]: [session uid=1000 pid=1028386 pidfd=4] Activating service name='org.freedesktop.systemd1' requested by ':1.4' (uid=1000 pid=1028778 comm="/usr/bin/dbus-broker-launch --config-file=/usr/sha")
dbus-daemon[1028386]: [session uid=1000 pid=1028386 pidfd=4] Activated service 'org.freedesktop.systemd1' failed: Process org.freedesktop.systemd1 exited with status 1
dbus-daemon[1028386]: [session uid=1000 pid=1028386 pidfd=4] Activating service name='org.freedesktop.systemd1' requested by ':1.4' (uid=1000 pid=1028778 comm="/usr/bin/dbus-broker-launch --config-file=/usr/sha")
dbus-daemon[1028386]: [session uid=1000 pid=1028386 pidfd=4] Activated service 'org.freedesktop.systemd1' failed: Process org.freedesktop.systemd1 exited with status 1
{"trial": "L1-096-toggle-BASE-measured-r16", "mode": "step", "outcome": "verified", "oracle_exact_match": true, "completion_mutations": 1, "routes": ["provider", "provider"], "error": null, "la": "4.32", "prov": {"attempts": 168, "reached": 168}}
dbus-daemon[1028386]: [session uid=1000 pid=1028386 pidfd=4] Activating service name='org.freedesktop.systemd1' requested by ':1.4' (uid=1000 pid=1028778 comm="/usr/bin/dbus-broker-launch --config-file=/usr/sha")
dbus-daemon[1028386]: [session uid=1000 pid=1028386 pidfd=4] Activated service 'org.freedesktop.systemd1' failed: Process org.freedesktop.systemd1 exited with status 1
dbus-daemon[1028386]: [session uid=1000 pid=1028386 pidfd=4] Activating service name='org.freedesktop.systemd1' requested by ':1.4' (uid=1000 pid=1028778 comm="/usr/bin/dbus-broker-launch --config-file=/usr/sha")
dbus-daemon[1028386]: [session uid=1000 pid=1028386 pidfd=4] Activated service 'org.freedesktop.systemd1' failed: Process org.freedesktop.systemd1 exited with status 1
dbus-daemon[1028386]: [session uid=1000 pid=1028386 pidfd=4] Activating service name='org.freedesktop.systemd1' requested by ':1.4' (uid=1000 pid=1028778 comm="/usr/bin/dbus-broker-launch --config-file=/usr/sha")
dbus-daemon[1028386]: [session uid=1000 pid=1028386 pidfd=4] Activated service 'org.freedesktop.systemd1' failed: Process org.freedesktop.systemd1 exited with status 1
{"trial": "L1-097-toggle-COMP-measured-r16", "mode": "step", "outcome": "verified", "oracle_exact_match": true, "completion_mutations": 1, "routes": ["provider", "provider"], "error": null, "la": "4.38", "prov": {"attempts": 170, "reached": 170}}
dbus-daemon[1028386]: [session uid=1000 pid=1028386 pidfd=4] Activating service name='org.freedesktop.systemd1' requested by ':1.4' (uid=1000 pid=1028778 comm="/usr/bin/dbus-broker-launch --config-file=/usr/sha")
dbus-daemon[1028386]: [session uid=1000 pid=1028386 pidfd=4] Activated service 'org.freedesktop.systemd1' failed: Process org.freedesktop.systemd1 exited with status 1
dbus-daemon[1028386]: [session uid=1000 pid=1028386 pidfd=4] Activating service name='org.freedesktop.systemd1' requested by ':1.4' (uid=1000 pid=1028778 comm="/usr/bin/dbus-broker-launch --config-file=/usr/sha")
dbus-daemon[1028386]: [session uid=1000 pid=1028386 pidfd=4] Activated service 'org.freedesktop.systemd1' failed: Process org.freedesktop.systemd1 exited with status 1
dbus-daemon[1028386]: [session uid=1000 pid=1028386 pidfd=4] Activating service name='org.freedesktop.systemd1' requested by ':1.4' (uid=1000 pid=1028778 comm="/usr/bin/dbus-broker-launch --config-file=/usr/sha")
dbus-daemon[1028386]: [session uid=1000 pid=1028386 pidfd=4] Activated service 'org.freedesktop.systemd1' failed: Process org.freedesktop.systemd1 exited with status 1
{"trial": "L1-098-modal-BASE-measured-r16", "mode": "step", "outcome": "verified", "oracle_exact_match": true, "completion_mutations": 1, "routes": ["provider", "provider"], "error": null, "la": "4.38", "prov": {"attempts": 172, "reached": 172}}
dbus-daemon[1028386]: [session uid=1000 pid=1028386 pidfd=4] Activating service name='org.freedesktop.systemd1' requested by ':1.4' (uid=1000 pid=1028778 comm="/usr/bin/dbus-broker-launch --config-file=/usr/sha")
dbus-daemon[1028386]: [session uid=1000 pid=1028386 pidfd=4] Activated service 'org.freedesktop.systemd1' failed: Process org.freedesktop.systemd1 exited with status 1
dbus-daemon[1028386]: [session uid=1000 pid=1028386 pidfd=4] Activating service name='org.freedesktop.systemd1' requested by ':1.4' (uid=1000 pid=1028778 comm="/usr/bin/dbus-broker-launch --config-file=/usr/sha")
dbus-daemon[1028386]: [session uid=1000 pid=1028386 pidfd=4] Activated service 'org.freedesktop.systemd1' failed: Process org.freedesktop.systemd1 exited with status 1
dbus-daemon[1028386]: [session uid=1000 pid=1028386 pidfd=4] Activating service name='org.freedesktop.systemd1' requested by ':1.4' (uid=1000 pid=1028778 comm="/usr/bin/dbus-broker-launch --config-file=/usr/sha")
dbus-daemon[1028386]: [session uid=1000 pid=1028386 pidfd=4] Activated service 'org.freedesktop.systemd1' failed: Process org.freedesktop.systemd1 exited with status 1
{"trial": "L1-099-modal-COMP-measured-r16", "mode": "step", "outcome": "verified", "oracle_exact_match": true, "completion_mutations": 1, "routes": ["provider", "provider"], "error": null, "la": "4.35", "prov": {"attempts": 174, "reached": 174}}
dbus-daemon[1028386]: [session uid=1000 pid=1028386 pidfd=4] Activating service name='org.freedesktop.systemd1' requested by ':1.4' (uid=1000 pid=1028778 comm="/usr/bin/dbus-broker-launch --config-file=/usr/sha")
dbus-daemon[1028386]: [session uid=1000 pid=1028386 pidfd=4] Activated service 'org.freedesktop.systemd1' failed: Process org.freedesktop.systemd1 exited with status 1
dbus-daemon[1028386]: [session uid=1000 pid=1028386 pidfd=4] Activating service name='org.freedesktop.systemd1' requested by ':1.4' (uid=1000 pid=1028778 comm="/usr/bin/dbus-broker-launch --config-file=/usr/sha")
dbus-daemon[1028386]: [session uid=1000 pid=1028386 pidfd=4] Activated service 'org.freedesktop.systemd1' failed: Process org.freedesktop.systemd1 exited with status 1
dbus-daemon[1028386]: [session uid=1000 pid=1028386 pidfd=4] Activating service name='org.freedesktop.systemd1' requested by ':1.4' (uid=1000 pid=1028778 comm="/usr/bin/dbus-broker-launch --config-file=/usr/sha")
dbus-daemon[1028386]: [session uid=1000 pid=1028386 pidfd=4] Activated service 'org.freedesktop.systemd1' failed: Process org.freedesktop.systemd1 exited with status 1
{"trial": "L1-100-fill-BASE-measured-r16", "mode": "step", "outcome": "verified", "oracle_exact_match": true, "completion_mutations": 1, "routes": ["provider", "provider"], "error": null, "la": "4.35", "prov": {"attempts": 176, "reached": 176}}
dbus-daemon[1028386]: [session uid=1000 pid=1028386 pidfd=4] Activating service name='org.freedesktop.systemd1' requested by ':1.4' (uid=1000 pid=1028778 comm="/usr/bin/dbus-broker-launch --config-file=/usr/sha")
dbus-daemon[1028386]: [session uid=1000 pid=1028386 pidfd=4] Activated service 'org.freedesktop.systemd1' failed: Process org.freedesktop.systemd1 exited with status 1
dbus-daemon[1028386]: [session uid=1000 pid=1028386 pidfd=4] Activating service name='org.freedesktop.systemd1' requested by ':1.4' (uid=1000 pid=1028778 comm="/usr/bin/dbus-broker-launch --config-file=/usr/sha")
dbus-daemon[1028386]: [session uid=1000 pid=1028386 pidfd=4] Activated service 'org.freedesktop.systemd1' failed: Process org.freedesktop.systemd1 exited with status 1
dbus-daemon[1028386]: [session uid=1000 pid=1028386 pidfd=4] Activating service name='org.freedesktop.systemd1' requested by ':1.4' (uid=1000 pid=1028778 comm="/usr/bin/dbus-broker-launch --config-file=/usr/sha")
dbus-daemon[1028386]: [session uid=1000 pid=1028386 pidfd=4] Activated service 'org.freedesktop.systemd1' failed: Process org.freedesktop.systemd1 exited with status 1
{"trial": "L1-101-fill-COMP-measured-r16", "mode": "replay", "outcome": "verified", "oracle_exact_match": true, "completion_mutations": 1, "routes": ["compiled"], "error": null, "la": "4.08", "prov": {"attempts": 176, "reached": 176}}
dbus-daemon[1028386]: [session uid=1000 pid=1028386 pidfd=4] Activating service name='org.freedesktop.systemd1' requested by ':1.4' (uid=1000 pid=1028778 comm="/usr/bin/dbus-broker-launch --config-file=/usr/sha")
dbus-daemon[1028386]: [session uid=1000 pid=1028386 pidfd=4] Activated service 'org.freedesktop.systemd1' failed: Process org.freedesktop.systemd1 exited with status 1
dbus-daemon[1028386]: [session uid=1000 pid=1028386 pidfd=4] Activating service name='org.freedesktop.systemd1' requested by ':1.4' (uid=1000 pid=1028778 comm="/usr/bin/dbus-broker-launch --config-file=/usr/sha")
dbus-daemon[1028386]: [session uid=1000 pid=1028386 pidfd=4] Activated service 'org.freedesktop.systemd1' failed: Process org.freedesktop.systemd1 exited with status 1
dbus-daemon[1028386]: [session uid=1000 pid=1028386 pidfd=4] Activating service name='org.freedesktop.systemd1' requested by ':1.4' (uid=1000 pid=1028778 comm="/usr/bin/dbus-broker-launch --config-file=/usr/sha")
dbus-daemon[1028386]: [session uid=1000 pid=1028386 pidfd=4] Activated service 'org.freedesktop.systemd1' failed: Process org.freedesktop.systemd1 exited with status 1
{"trial": "L1-102-modal-COMP-measured-r17", "mode": "step", "outcome": "verified", "oracle_exact_match": true, "completion_mutations": 1, "routes": ["provider", "provider"], "error": null, "la": "4.08", "prov": {"attempts": 178, "reached": 178}}
dbus-daemon[1028386]: [session uid=1000 pid=1028386 pidfd=4] Activating service name='org.freedesktop.systemd1' requested by ':1.4' (uid=1000 pid=1028778 comm="/usr/bin/dbus-broker-launch --config-file=/usr/sha")
dbus-daemon[1028386]: [session uid=1000 pid=1028386 pidfd=4] Activated service 'org.freedesktop.systemd1' failed: Process org.freedesktop.systemd1 exited with status 1
dbus-daemon[1028386]: [session uid=1000 pid=1028386 pidfd=4] Activating service name='org.freedesktop.systemd1' requested by ':1.4' (uid=1000 pid=1028778 comm="/usr/bin/dbus-broker-launch --config-file=/usr/sha")
dbus-daemon[1028386]: [session uid=1000 pid=1028386 pidfd=4] Activated service 'org.freedesktop.systemd1' failed: Process org.freedesktop.systemd1 exited with status 1
dbus-daemon[1028386]: [session uid=1000 pid=1028386 pidfd=4] Activating service name='org.freedesktop.systemd1' requested by ':1.4' (uid=1000 pid=1028778 comm="/usr/bin/dbus-broker-launch --config-file=/usr/sha")
dbus-daemon[1028386]: [session uid=1000 pid=1028386 pidfd=4] Activated service 'org.freedesktop.systemd1' failed: Process org.freedesktop.systemd1 exited with status 1
{"trial": "L1-103-modal-BASE-measured-r17", "mode": "step", "outcome": "verified", "oracle_exact_match": true, "completion_mutations": 1, "routes": ["provider", "provider"], "error": null, "la": "4.08", "prov": {"attempts": 180, "reached": 180}}
dbus-daemon[1028386]: [session uid=1000 pid=1028386 pidfd=4] Activating service name='org.freedesktop.systemd1' requested by ':1.4' (uid=1000 pid=1028778 comm="/usr/bin/dbus-broker-launch --config-file=/usr/sha")
dbus-daemon[1028386]: [session uid=1000 pid=1028386 pidfd=4] Activated service 'org.freedesktop.systemd1' failed: Process org.freedesktop.systemd1 exited with status 1
dbus-daemon[1028386]: [session uid=1000 pid=1028386 pidfd=4] Activating service name='org.freedesktop.systemd1' requested by ':1.4' (uid=1000 pid=1028778 comm="/usr/bin/dbus-broker-launch --config-file=/usr/sha")
dbus-daemon[1028386]: [session uid=1000 pid=1028386 pidfd=4] Activated service 'org.freedesktop.systemd1' failed: Process org.freedesktop.systemd1 exited with status 1
dbus-daemon[1028386]: [session uid=1000 pid=1028386 pidfd=4] Activating service name='org.freedesktop.systemd1' requested by ':1.4' (uid=1000 pid=1028778 comm="/usr/bin/dbus-broker-launch --config-file=/usr/sha")
dbus-daemon[1028386]: [session uid=1000 pid=1028386 pidfd=4] Activated service 'org.freedesktop.systemd1' failed: Process org.freedesktop.systemd1 exited with status 1
{"trial": "L1-104-fill-COMP-measured-r17", "mode": "replay", "outcome": "verified", "oracle_exact_match": true, "completion_mutations": 1, "routes": ["compiled"], "error": null, "la": "4.07", "prov": {"attempts": 180, "reached": 180}}
dbus-daemon[1028386]: [session uid=1000 pid=1028386 pidfd=4] Activating service name='org.freedesktop.systemd1' requested by ':1.4' (uid=1000 pid=1028778 comm="/usr/bin/dbus-broker-launch --config-file=/usr/sha")
dbus-daemon[1028386]: [session uid=1000 pid=1028386 pidfd=4] Activated service 'org.freedesktop.systemd1' failed: Process org.freedesktop.systemd1 exited with status 1
dbus-daemon[1028386]: [session uid=1000 pid=1028386 pidfd=4] Activating service name='org.freedesktop.systemd1' requested by ':1.4' (uid=1000 pid=1028778 comm="/usr/bin/dbus-broker-launch --config-file=/usr/sha")
dbus-daemon[1028386]: [session uid=1000 pid=1028386 pidfd=4] Activated service 'org.freedesktop.systemd1' failed: Process org.freedesktop.systemd1 exited with status 1
dbus-daemon[1028386]: [session uid=1000 pid=1028386 pidfd=4] Activating service name='org.freedesktop.systemd1' requested by ':1.4' (uid=1000 pid=1028778 comm="/usr/bin/dbus-broker-launch --config-file=/usr/sha")
dbus-daemon[1028386]: [session uid=1000 pid=1028386 pidfd=4] Activated service 'org.freedesktop.systemd1' failed: Process org.freedesktop.systemd1 exited with status 1
{"trial": "L1-105-fill-BASE-measured-r17", "mode": "step", "outcome": "verified", "oracle_exact_match": true, "completion_mutations": 1, "routes": ["provider", "provider"], "error": null, "la": "4.07", "prov": {"attempts": 182, "reached": 182}}
dbus-daemon[1028386]: [session uid=1000 pid=1028386 pidfd=4] Activating service name='org.freedesktop.systemd1' requested by ':1.4' (uid=1000 pid=1028778 comm="/usr/bin/dbus-broker-launch --config-file=/usr/sha")
dbus-daemon[1028386]: [session uid=1000 pid=1028386 pidfd=4] Activated service 'org.freedesktop.systemd1' failed: Process org.freedesktop.systemd1 exited with status 1
dbus-daemon[1028386]: [session uid=1000 pid=1028386 pidfd=4] Activating service name='org.freedesktop.systemd1' requested by ':1.4' (uid=1000 pid=1028778 comm="/usr/bin/dbus-broker-launch --config-file=/usr/sha")
dbus-daemon[1028386]: [session uid=1000 pid=1028386 pidfd=4] Activated service 'org.freedesktop.systemd1' failed: Process org.freedesktop.systemd1 exited with status 1
dbus-daemon[1028386]: [session uid=1000 pid=1028386 pidfd=4] Activating service name='org.freedesktop.systemd1' requested by ':1.4' (uid=1000 pid=1028778 comm="/usr/bin/dbus-broker-launch --config-file=/usr/sha")
dbus-daemon[1028386]: [session uid=1000 pid=1028386 pidfd=4] Activated service 'org.freedesktop.systemd1' failed: Process org.freedesktop.systemd1 exited with status 1
{"trial": "L1-106-toggle-COMP-measured-r17", "mode": "step", "outcome": "verified", "oracle_exact_match": true, "completion_mutations": 1, "routes": ["provider", "provider"], "error": null, "la": "3.99", "prov": {"attempts": 184, "reached": 184}}
dbus-daemon[1028386]: [session uid=1000 pid=1028386 pidfd=4] Activating service name='org.freedesktop.systemd1' requested by ':1.4' (uid=1000 pid=1028778 comm="/usr/bin/dbus-broker-launch --config-file=/usr/sha")
dbus-daemon[1028386]: [session uid=1000 pid=1028386 pidfd=4] Activated service 'org.freedesktop.systemd1' failed: Process org.freedesktop.systemd1 exited with status 1
dbus-daemon[1028386]: [session uid=1000 pid=1028386 pidfd=4] Activating service name='org.freedesktop.systemd1' requested by ':1.4' (uid=1000 pid=1028778 comm="/usr/bin/dbus-broker-launch --config-file=/usr/sha")
dbus-daemon[1028386]: [session uid=1000 pid=1028386 pidfd=4] Activated service 'org.freedesktop.systemd1' failed: Process org.freedesktop.systemd1 exited with status 1
dbus-daemon[1028386]: [session uid=1000 pid=1028386 pidfd=4] Activating service name='org.freedesktop.systemd1' requested by ':1.4' (uid=1000 pid=1028778 comm="/usr/bin/dbus-broker-launch --config-file=/usr/sha")
dbus-daemon[1028386]: [session uid=1000 pid=1028386 pidfd=4] Activated service 'org.freedesktop.systemd1' failed: Process org.freedesktop.systemd1 exited with status 1
{"trial": "L1-107-toggle-BASE-measured-r17", "mode": "step", "outcome": "verified", "oracle_exact_match": true, "completion_mutations": 1, "routes": ["provider", "provider"], "error": null, "la": "3.75", "prov": {"attempts": 186, "reached": 186}}
dbus-daemon[1028386]: [session uid=1000 pid=1028386 pidfd=4] Activating service name='org.freedesktop.systemd1' requested by ':1.4' (uid=1000 pid=1028778 comm="/usr/bin/dbus-broker-launch --config-file=/usr/sha")
dbus-daemon[1028386]: [session uid=1000 pid=1028386 pidfd=4] Activated service 'org.freedesktop.systemd1' failed: Process org.freedesktop.systemd1 exited with status 1
dbus-daemon[1028386]: [session uid=1000 pid=1028386 pidfd=4] Activating service name='org.freedesktop.systemd1' requested by ':1.4' (uid=1000 pid=1028778 comm="/usr/bin/dbus-broker-launch --config-file=/usr/sha")
dbus-daemon[1028386]: [session uid=1000 pid=1028386 pidfd=4] Activated service 'org.freedesktop.systemd1' failed: Process org.freedesktop.systemd1 exited with status 1
dbus-daemon[1028386]: [session uid=1000 pid=1028386 pidfd=4] Activating service name='org.freedesktop.systemd1' requested by ':1.4' (uid=1000 pid=1028778 comm="/usr/bin/dbus-broker-launch --config-file=/usr/sha")
dbus-daemon[1028386]: [session uid=1000 pid=1028386 pidfd=4] Activated service 'org.freedesktop.systemd1' failed: Process org.freedesktop.systemd1 exited with status 1
{"trial": "L1-108-fill-BASE-measured-r18", "mode": "step", "outcome": "verified", "oracle_exact_match": true, "completion_mutations": 1, "routes": ["provider", "provider"], "error": null, "la": "3.75", "prov": {"attempts": 188, "reached": 188}}
dbus-daemon[1028386]: [session uid=1000 pid=1028386 pidfd=4] Activating service name='org.freedesktop.systemd1' requested by ':1.4' (uid=1000 pid=1028778 comm="/usr/bin/dbus-broker-launch --config-file=/usr/sha")
dbus-daemon[1028386]: [session uid=1000 pid=1028386 pidfd=4] Activated service 'org.freedesktop.systemd1' failed: Process org.freedesktop.systemd1 exited with status 1
dbus-daemon[1028386]: [session uid=1000 pid=1028386 pidfd=4] Activating service name='org.freedesktop.systemd1' requested by ':1.4' (uid=1000 pid=1028778 comm="/usr/bin/dbus-broker-launch --config-file=/usr/sha")
dbus-daemon[1028386]: [session uid=1000 pid=1028386 pidfd=4] Activated service 'org.freedesktop.systemd1' failed: Process org.freedesktop.systemd1 exited with status 1
dbus-daemon[1028386]: [session uid=1000 pid=1028386 pidfd=4] Activating service name='org.freedesktop.systemd1' requested by ':1.4' (uid=1000 pid=1028778 comm="/usr/bin/dbus-broker-launch --config-file=/usr/sha")
dbus-daemon[1028386]: [session uid=1000 pid=1028386 pidfd=4] Activated service 'org.freedesktop.systemd1' failed: Process org.freedesktop.systemd1 exited with status 1
{"trial": "L1-109-fill-COMP-measured-r18", "mode": "replay", "outcome": "verified", "oracle_exact_match": true, "completion_mutations": 1, "routes": ["compiled"], "error": null, "la": "3.61", "prov": {"attempts": 188, "reached": 188}}
dbus-daemon[1028386]: [session uid=1000 pid=1028386 pidfd=4] Activating service name='org.freedesktop.systemd1' requested by ':1.4' (uid=1000 pid=1028778 comm="/usr/bin/dbus-broker-launch --config-file=/usr/sha")
dbus-daemon[1028386]: [session uid=1000 pid=1028386 pidfd=4] Activated service 'org.freedesktop.systemd1' failed: Process org.freedesktop.systemd1 exited with status 1
dbus-daemon[1028386]: [session uid=1000 pid=1028386 pidfd=4] Activating service name='org.freedesktop.systemd1' requested by ':1.4' (uid=1000 pid=1028778 comm="/usr/bin/dbus-broker-launch --config-file=/usr/sha")
dbus-daemon[1028386]: [session uid=1000 pid=1028386 pidfd=4] Activated service 'org.freedesktop.systemd1' failed: Process org.freedesktop.systemd1 exited with status 1
dbus-daemon[1028386]: [session uid=1000 pid=1028386 pidfd=4] Activating service name='org.freedesktop.systemd1' requested by ':1.4' (uid=1000 pid=1028778 comm="/usr/bin/dbus-broker-launch --config-file=/usr/sha")
dbus-daemon[1028386]: [session uid=1000 pid=1028386 pidfd=4] Activated service 'org.freedesktop.systemd1' failed: Process org.freedesktop.systemd1 exited with status 1
{"trial": "L1-110-toggle-BASE-measured-r18", "mode": "step", "outcome": "verified", "oracle_exact_match": true, "completion_mutations": 1, "routes": ["provider", "provider"], "error": null, "la": "3.61", "prov": {"attempts": 190, "reached": 190}}
dbus-daemon[1028386]: [session uid=1000 pid=1028386 pidfd=4] Activating service name='org.freedesktop.systemd1' requested by ':1.4' (uid=1000 pid=1028778 comm="/usr/bin/dbus-broker-launch --config-file=/usr/sha")
dbus-daemon[1028386]: [session uid=1000 pid=1028386 pidfd=4] Activated service 'org.freedesktop.systemd1' failed: Process org.freedesktop.systemd1 exited with status 1
dbus-daemon[1028386]: [session uid=1000 pid=1028386 pidfd=4] Activating service name='org.freedesktop.systemd1' requested by ':1.4' (uid=1000 pid=1028778 comm="/usr/bin/dbus-broker-launch --config-file=/usr/sha")
dbus-daemon[1028386]: [session uid=1000 pid=1028386 pidfd=4] Activated service 'org.freedesktop.systemd1' failed: Process org.freedesktop.systemd1 exited with status 1
dbus-daemon[1028386]: [session uid=1000 pid=1028386 pidfd=4] Activating service name='org.freedesktop.systemd1' requested by ':1.4' (uid=1000 pid=1028778 comm="/usr/bin/dbus-broker-launch --config-file=/usr/sha")
dbus-daemon[1028386]: [session uid=1000 pid=1028386 pidfd=4] Activated service 'org.freedesktop.systemd1' failed: Process org.freedesktop.systemd1 exited with status 1
{"trial": "L1-111-toggle-COMP-measured-r18", "mode": "step", "outcome": "verified", "oracle_exact_match": true, "completion_mutations": 1, "routes": ["provider", "provider"], "error": null, "la": "3.88", "prov": {"attempts": 192, "reached": 192}}
dbus-daemon[1028386]: [session uid=1000 pid=1028386 pidfd=4] Activating service name='org.freedesktop.systemd1' requested by ':1.4' (uid=1000 pid=1028778 comm="/usr/bin/dbus-broker-launch --config-file=/usr/sha")
dbus-daemon[1028386]: [session uid=1000 pid=1028386 pidfd=4] Activated service 'org.freedesktop.systemd1' failed: Process org.freedesktop.systemd1 exited with status 1
dbus-daemon[1028386]: [session uid=1000 pid=1028386 pidfd=4] Activating service name='org.freedesktop.systemd1' requested by ':1.4' (uid=1000 pid=1028778 comm="/usr/bin/dbus-broker-launch --config-file=/usr/sha")
dbus-daemon[1028386]: [session uid=1000 pid=1028386 pidfd=4] Activated service 'org.freedesktop.systemd1' failed: Process org.freedesktop.systemd1 exited with status 1
dbus-daemon[1028386]: [session uid=1000 pid=1028386 pidfd=4] Activating service name='org.freedesktop.systemd1' requested by ':1.4' (uid=1000 pid=1028778 comm="/usr/bin/dbus-broker-launch --config-file=/usr/sha")
dbus-daemon[1028386]: [session uid=1000 pid=1028386 pidfd=4] Activated service 'org.freedesktop.systemd1' failed: Process org.freedesktop.systemd1 exited with status 1
{"trial": "L1-112-modal-BASE-measured-r18", "mode": "step", "outcome": "verified", "oracle_exact_match": true, "completion_mutations": 1, "routes": ["provider", "provider"], "error": null, "la": "3.65", "prov": {"attempts": 194, "reached": 194}}
dbus-daemon[1028386]: [session uid=1000 pid=1028386 pidfd=4] Activating service name='org.freedesktop.systemd1' requested by ':1.4' (uid=1000 pid=1028778 comm="/usr/bin/dbus-broker-launch --config-file=/usr/sha")
dbus-daemon[1028386]: [session uid=1000 pid=1028386 pidfd=4] Activated service 'org.freedesktop.systemd1' failed: Process org.freedesktop.systemd1 exited with status 1
dbus-daemon[1028386]: [session uid=1000 pid=1028386 pidfd=4] Activating service name='org.freedesktop.systemd1' requested by ':1.4' (uid=1000 pid=1028778 comm="/usr/bin/dbus-broker-launch --config-file=/usr/sha")
dbus-daemon[1028386]: [session uid=1000 pid=1028386 pidfd=4] Activated service 'org.freedesktop.systemd1' failed: Process org.freedesktop.systemd1 exited with status 1
dbus-daemon[1028386]: [session uid=1000 pid=1028386 pidfd=4] Activating service name='org.freedesktop.systemd1' requested by ':1.4' (uid=1000 pid=1028778 comm="/usr/bin/dbus-broker-launch --config-file=/usr/sha")
dbus-daemon[1028386]: [session uid=1000 pid=1028386 pidfd=4] Activated service 'org.freedesktop.systemd1' failed: Process org.freedesktop.systemd1 exited with status 1
{"trial": "L1-113-modal-COMP-measured-r18", "mode": "step", "outcome": "verified", "oracle_exact_match": true, "completion_mutations": 1, "routes": ["provider", "provider"], "error": null, "la": "3.65", "prov": {"attempts": 196, "reached": 196}}
dbus-daemon[1028386]: [session uid=1000 pid=1028386 pidfd=4] Activating service name='org.freedesktop.systemd1' requested by ':1.4' (uid=1000 pid=1028778 comm="/usr/bin/dbus-broker-launch --config-file=/usr/sha")
dbus-daemon[1028386]: [session uid=1000 pid=1028386 pidfd=4] Activated service 'org.freedesktop.systemd1' failed: Process org.freedesktop.systemd1 exited with status 1
dbus-daemon[1028386]: [session uid=1000 pid=1028386 pidfd=4] Activating service name='org.freedesktop.systemd1' requested by ':1.4' (uid=1000 pid=1028778 comm="/usr/bin/dbus-broker-launch --config-file=/usr/sha")
dbus-daemon[1028386]: [session uid=1000 pid=1028386 pidfd=4] Activated service 'org.freedesktop.systemd1' failed: Process org.freedesktop.systemd1 exited with status 1
dbus-daemon[1028386]: [session uid=1000 pid=1028386 pidfd=4] Activating service name='org.freedesktop.systemd1' requested by ':1.4' (uid=1000 pid=1028778 comm="/usr/bin/dbus-broker-launch --config-file=/usr/sha")
dbus-daemon[1028386]: [session uid=1000 pid=1028386 pidfd=4] Activated service 'org.freedesktop.systemd1' failed: Process org.freedesktop.systemd1 exited with status 1
{"trial": "L1-114-toggle-COMP-measured-r19", "mode": "step", "outcome": "verified", "oracle_exact_match": true, "completion_mutations": 1, "routes": ["provider", "provider"], "error": null, "la": "3.60", "prov": {"attempts": 198, "reached": 198}}
dbus-daemon[1028386]: [session uid=1000 pid=1028386 pidfd=4] Activating service name='org.freedesktop.systemd1' requested by ':1.4' (uid=1000 pid=1028778 comm="/usr/bin/dbus-broker-launch --config-file=/usr/sha")
dbus-daemon[1028386]: [session uid=1000 pid=1028386 pidfd=4] Activated service 'org.freedesktop.systemd1' failed: Process org.freedesktop.systemd1 exited with status 1
dbus-daemon[1028386]: [session uid=1000 pid=1028386 pidfd=4] Activating service name='org.freedesktop.systemd1' requested by ':1.4' (uid=1000 pid=1028778 comm="/usr/bin/dbus-broker-launch --config-file=/usr/sha")
dbus-daemon[1028386]: [session uid=1000 pid=1028386 pidfd=4] Activated service 'org.freedesktop.systemd1' failed: Process org.freedesktop.systemd1 exited with status 1
dbus-daemon[1028386]: [session uid=1000 pid=1028386 pidfd=4] Activating service name='org.freedesktop.systemd1' requested by ':1.4' (uid=1000 pid=1028778 comm="/usr/bin/dbus-broker-launch --config-file=/usr/sha")
dbus-daemon[1028386]: [session uid=1000 pid=1028386 pidfd=4] Activated service 'org.freedesktop.systemd1' failed: Process org.freedesktop.systemd1 exited with status 1
{"trial": "L1-115-toggle-BASE-measured-r19", "mode": "step", "outcome": "verified", "oracle_exact_match": true, "completion_mutations": 1, "routes": ["provider", "provider"], "error": null, "la": "3.60", "prov": {"attempts": 200, "reached": 200}}
dbus-daemon[1028386]: [session uid=1000 pid=1028386 pidfd=4] Activating service name='org.freedesktop.systemd1' requested by ':1.4' (uid=1000 pid=1028778 comm="/usr/bin/dbus-broker-launch --config-file=/usr/sha")
dbus-daemon[1028386]: [session uid=1000 pid=1028386 pidfd=4] Activated service 'org.freedesktop.systemd1' failed: Process org.freedesktop.systemd1 exited with status 1
dbus-daemon[1028386]: [session uid=1000 pid=1028386 pidfd=4] Activating service name='org.freedesktop.systemd1' requested by ':1.4' (uid=1000 pid=1028778 comm="/usr/bin/dbus-broker-launch --config-file=/usr/sha")
dbus-daemon[1028386]: [session uid=1000 pid=1028386 pidfd=4] Activated service 'org.freedesktop.systemd1' failed: Process org.freedesktop.systemd1 exited with status 1
dbus-daemon[1028386]: [session uid=1000 pid=1028386 pidfd=4] Activating service name='org.freedesktop.systemd1' requested by ':1.4' (uid=1000 pid=1028778 comm="/usr/bin/dbus-broker-launch --config-file=/usr/sha")
dbus-daemon[1028386]: [session uid=1000 pid=1028386 pidfd=4] Activated service 'org.freedesktop.systemd1' failed: Process org.freedesktop.systemd1 exited with status 1
{"trial": "L1-116-modal-COMP-measured-r19", "mode": "step", "outcome": "verified", "oracle_exact_match": true, "completion_mutations": 1, "routes": ["provider", "provider"], "error": null, "la": "3.47", "prov": {"attempts": 202, "reached": 202}}
dbus-daemon[1028386]: [session uid=1000 pid=1028386 pidfd=4] Activating service name='org.freedesktop.systemd1' requested by ':1.4' (uid=1000 pid=1028778 comm="/usr/bin/dbus-broker-launch --config-file=/usr/sha")
dbus-daemon[1028386]: [session uid=1000 pid=1028386 pidfd=4] Activated service 'org.freedesktop.systemd1' failed: Process org.freedesktop.systemd1 exited with status 1
dbus-daemon[1028386]: [session uid=1000 pid=1028386 pidfd=4] Activating service name='org.freedesktop.systemd1' requested by ':1.4' (uid=1000 pid=1028778 comm="/usr/bin/dbus-broker-launch --config-file=/usr/sha")
dbus-daemon[1028386]: [session uid=1000 pid=1028386 pidfd=4] Activated service 'org.freedesktop.systemd1' failed: Process org.freedesktop.systemd1 exited with status 1
dbus-daemon[1028386]: [session uid=1000 pid=1028386 pidfd=4] Activating service name='org.freedesktop.systemd1' requested by ':1.4' (uid=1000 pid=1028778 comm="/usr/bin/dbus-broker-launch --config-file=/usr/sha")
dbus-daemon[1028386]: [session uid=1000 pid=1028386 pidfd=4] Activated service 'org.freedesktop.systemd1' failed: Process org.freedesktop.systemd1 exited with status 1
{"trial": "L1-117-modal-BASE-measured-r19", "mode": "step", "outcome": "verified", "oracle_exact_match": true, "completion_mutations": 1, "routes": ["provider", "provider"], "error": null, "la": "3.47", "prov": {"attempts": 204, "reached": 204}}
dbus-daemon[1028386]: [session uid=1000 pid=1028386 pidfd=4] Activating service name='org.freedesktop.systemd1' requested by ':1.4' (uid=1000 pid=1028778 comm="/usr/bin/dbus-broker-launch --config-file=/usr/sha")
dbus-daemon[1028386]: [session uid=1000 pid=1028386 pidfd=4] Activated service 'org.freedesktop.systemd1' failed: Process org.freedesktop.systemd1 exited with status 1
dbus-daemon[1028386]: [session uid=1000 pid=1028386 pidfd=4] Activating service name='org.freedesktop.systemd1' requested by ':1.4' (uid=1000 pid=1028778 comm="/usr/bin/dbus-broker-launch --config-file=/usr/sha")
dbus-daemon[1028386]: [session uid=1000 pid=1028386 pidfd=4] Activated service 'org.freedesktop.systemd1' failed: Process org.freedesktop.systemd1 exited with status 1
dbus-daemon[1028386]: [session uid=1000 pid=1028386 pidfd=4] Activating service name='org.freedesktop.systemd1' requested by ':1.4' (uid=1000 pid=1028778 comm="/usr/bin/dbus-broker-launch --config-file=/usr/sha")
dbus-daemon[1028386]: [session uid=1000 pid=1028386 pidfd=4] Activated service 'org.freedesktop.systemd1' failed: Process org.freedesktop.systemd1 exited with status 1
{"trial": "L1-118-fill-COMP-measured-r19", "mode": "replay", "outcome": "verified", "oracle_exact_match": true, "completion_mutations": 1, "routes": ["compiled"], "error": null, "la": "3.35", "prov": {"attempts": 204, "reached": 204}}
dbus-daemon[1028386]: [session uid=1000 pid=1028386 pidfd=4] Activating service name='org.freedesktop.systemd1' requested by ':1.4' (uid=1000 pid=1028778 comm="/usr/bin/dbus-broker-launch --config-file=/usr/sha")
dbus-daemon[1028386]: [session uid=1000 pid=1028386 pidfd=4] Activated service 'org.freedesktop.systemd1' failed: Process org.freedesktop.systemd1 exited with status 1
dbus-daemon[1028386]: [session uid=1000 pid=1028386 pidfd=4] Activating service name='org.freedesktop.systemd1' requested by ':1.4' (uid=1000 pid=1028778 comm="/usr/bin/dbus-broker-launch --config-file=/usr/sha")
dbus-daemon[1028386]: [session uid=1000 pid=1028386 pidfd=4] Activated service 'org.freedesktop.systemd1' failed: Process org.freedesktop.systemd1 exited with status 1
dbus-daemon[1028386]: [session uid=1000 pid=1028386 pidfd=4] Activating service name='org.freedesktop.systemd1' requested by ':1.4' (uid=1000 pid=1028778 comm="/usr/bin/dbus-broker-launch --config-file=/usr/sha")
dbus-daemon[1028386]: [session uid=1000 pid=1028386 pidfd=4] Activated service 'org.freedesktop.systemd1' failed: Process org.freedesktop.systemd1 exited with status 1
{"trial": "L1-119-fill-BASE-measured-r19", "mode": "step", "outcome": "verified", "oracle_exact_match": true, "completion_mutations": 1, "routes": ["provider", "provider"], "error": null, "la": "3.35", "prov": {"attempts": 206, "reached": 206}}
dbus-daemon[1028386]: [session uid=1000 pid=1028386 pidfd=4] Activating service name='org.freedesktop.systemd1' requested by ':1.4' (uid=1000 pid=1028778 comm="/usr/bin/dbus-broker-launch --config-file=/usr/sha")
dbus-daemon[1028386]: [session uid=1000 pid=1028386 pidfd=4] Activated service 'org.freedesktop.systemd1' failed: Process org.freedesktop.systemd1 exited with status 1
dbus-daemon[1028386]: [session uid=1000 pid=1028386 pidfd=4] Activating service name='org.freedesktop.systemd1' requested by ':1.4' (uid=1000 pid=1028778 comm="/usr/bin/dbus-broker-launch --config-file=/usr/sha")
dbus-daemon[1028386]: [session uid=1000 pid=1028386 pidfd=4] Activated service 'org.freedesktop.systemd1' failed: Process org.freedesktop.systemd1 exited with status 1
dbus-daemon[1028386]: [session uid=1000 pid=1028386 pidfd=4] Activating service name='org.freedesktop.systemd1' requested by ':1.4' (uid=1000 pid=1028778 comm="/usr/bin/dbus-broker-launch --config-file=/usr/sha")
dbus-daemon[1028386]: [session uid=1000 pid=1028386 pidfd=4] Activated service 'org.freedesktop.systemd1' failed: Process org.freedesktop.systemd1 exited with status 1
{"trial": "L1-120-modal-BASE-measured-r20", "mode": "step", "outcome": "verified", "oracle_exact_match": true, "completion_mutations": 1, "routes": ["provider", "provider"], "error": null, "la": "3.64", "prov": {"attempts": 208, "reached": 208}}
dbus-daemon[1028386]: [session uid=1000 pid=1028386 pidfd=4] Activating service name='org.freedesktop.systemd1' requested by ':1.4' (uid=1000 pid=1028778 comm="/usr/bin/dbus-broker-launch --config-file=/usr/sha")
dbus-daemon[1028386]: [session uid=1000 pid=1028386 pidfd=4] Activated service 'org.freedesktop.systemd1' failed: Process org.freedesktop.systemd1 exited with status 1
dbus-daemon[1028386]: [session uid=1000 pid=1028386 pidfd=4] Activating service name='org.freedesktop.systemd1' requested by ':1.4' (uid=1000 pid=1028778 comm="/usr/bin/dbus-broker-launch --config-file=/usr/sha")
dbus-daemon[1028386]: [session uid=1000 pid=1028386 pidfd=4] Activated service 'org.freedesktop.systemd1' failed: Process org.freedesktop.systemd1 exited with status 1
dbus-daemon[1028386]: [session uid=1000 pid=1028386 pidfd=4] Activating service name='org.freedesktop.systemd1' requested by ':1.4' (uid=1000 pid=1028778 comm="/usr/bin/dbus-broker-launch --config-file=/usr/sha")
dbus-daemon[1028386]: [session uid=1000 pid=1028386 pidfd=4] Activated service 'org.freedesktop.systemd1' failed: Process org.freedesktop.systemd1 exited with status 1
{"trial": "L1-121-modal-COMP-measured-r20", "mode": "step", "outcome": "verified", "oracle_exact_match": true, "completion_mutations": 1, "routes": ["provider", "provider"], "error": null, "la": "3.43", "prov": {"attempts": 210, "reached": 210}}
dbus-daemon[1028386]: [session uid=1000 pid=1028386 pidfd=4] Activating service name='org.freedesktop.systemd1' requested by ':1.4' (uid=1000 pid=1028778 comm="/usr/bin/dbus-broker-launch --config-file=/usr/sha")
dbus-daemon[1028386]: [session uid=1000 pid=1028386 pidfd=4] Activated service 'org.freedesktop.systemd1' failed: Process org.freedesktop.systemd1 exited with status 1
dbus-daemon[1028386]: [session uid=1000 pid=1028386 pidfd=4] Activating service name='org.freedesktop.systemd1' requested by ':1.4' (uid=1000 pid=1028778 comm="/usr/bin/dbus-broker-launch --config-file=/usr/sha")
dbus-daemon[1028386]: [session uid=1000 pid=1028386 pidfd=4] Activated service 'org.freedesktop.systemd1' failed: Process org.freedesktop.systemd1 exited with status 1
dbus-daemon[1028386]: [session uid=1000 pid=1028386 pidfd=4] Activating service name='org.freedesktop.systemd1' requested by ':1.4' (uid=1000 pid=1028778 comm="/usr/bin/dbus-broker-launch --config-file=/usr/sha")
dbus-daemon[1028386]: [session uid=1000 pid=1028386 pidfd=4] Activated service 'org.freedesktop.systemd1' failed: Process org.freedesktop.systemd1 exited with status 1
{"trial": "L1-122-fill-BASE-measured-r20", "mode": "step", "outcome": "verified", "oracle_exact_match": true, "completion_mutations": 1, "routes": ["provider", "provider"], "error": null, "la": "3.43", "prov": {"attempts": 212, "reached": 212}}
dbus-daemon[1028386]: [session uid=1000 pid=1028386 pidfd=4] Activating service name='org.freedesktop.systemd1' requested by ':1.4' (uid=1000 pid=1028778 comm="/usr/bin/dbus-broker-launch --config-file=/usr/sha")
dbus-daemon[1028386]: [session uid=1000 pid=1028386 pidfd=4] Activated service 'org.freedesktop.systemd1' failed: Process org.freedesktop.systemd1 exited with status 1
dbus-daemon[1028386]: [session uid=1000 pid=1028386 pidfd=4] Activating service name='org.freedesktop.systemd1' requested by ':1.4' (uid=1000 pid=1028778 comm="/usr/bin/dbus-broker-launch --config-file=/usr/sha")
dbus-daemon[1028386]: [session uid=1000 pid=1028386 pidfd=4] Activated service 'org.freedesktop.systemd1' failed: Process org.freedesktop.systemd1 exited with status 1
dbus-daemon[1028386]: [session uid=1000 pid=1028386 pidfd=4] Activating service name='org.freedesktop.systemd1' requested by ':1.4' (uid=1000 pid=1028778 comm="/usr/bin/dbus-broker-launch --config-file=/usr/sha")
dbus-daemon[1028386]: [session uid=1000 pid=1028386 pidfd=4] Activated service 'org.freedesktop.systemd1' failed: Process org.freedesktop.systemd1 exited with status 1
{"trial": "L1-123-fill-COMP-measured-r20", "mode": "replay", "outcome": "verified", "oracle_exact_match": true, "completion_mutations": 1, "routes": ["compiled"], "error": null, "la": "3.48", "prov": {"attempts": 212, "reached": 212}}
dbus-daemon[1028386]: [session uid=1000 pid=1028386 pidfd=4] Activating service name='org.freedesktop.systemd1' requested by ':1.4' (uid=1000 pid=1028778 comm="/usr/bin/dbus-broker-launch --config-file=/usr/sha")
dbus-daemon[1028386]: [session uid=1000 pid=1028386 pidfd=4] Activated service 'org.freedesktop.systemd1' failed: Process org.freedesktop.systemd1 exited with status 1
dbus-daemon[1028386]: [session uid=1000 pid=1028386 pidfd=4] Activating service name='org.freedesktop.systemd1' requested by ':1.4' (uid=1000 pid=1028778 comm="/usr/bin/dbus-broker-launch --config-file=/usr/sha")
dbus-daemon[1028386]: [session uid=1000 pid=1028386 pidfd=4] Activated service 'org.freedesktop.systemd1' failed: Process org.freedesktop.systemd1 exited with status 1
dbus-daemon[1028386]: [session uid=1000 pid=1028386 pidfd=4] Activating service name='org.freedesktop.systemd1' requested by ':1.4' (uid=1000 pid=1028778 comm="/usr/bin/dbus-broker-launch --config-file=/usr/sha")
dbus-daemon[1028386]: [session uid=1000 pid=1028386 pidfd=4] Activated service 'org.freedesktop.systemd1' failed: Process org.freedesktop.systemd1 exited with status 1
{"trial": "L1-124-toggle-BASE-measured-r20", "mode": "step", "outcome": "verified", "oracle_exact_match": true, "completion_mutations": 1, "routes": ["provider", "provider"], "error": null, "la": "3.48", "prov": {"attempts": 214, "reached": 214}}
dbus-daemon[1028386]: [session uid=1000 pid=1028386 pidfd=4] Activating service name='org.freedesktop.systemd1' requested by ':1.4' (uid=1000 pid=1028778 comm="/usr/bin/dbus-broker-launch --config-file=/usr/sha")
dbus-daemon[1028386]: [session uid=1000 pid=1028386 pidfd=4] Activated service 'org.freedesktop.systemd1' failed: Process org.freedesktop.systemd1 exited with status 1
dbus-daemon[1028386]: [session uid=1000 pid=1028386 pidfd=4] Activating service name='org.freedesktop.systemd1' requested by ':1.4' (uid=1000 pid=1028778 comm="/usr/bin/dbus-broker-launch --config-file=/usr/sha")
dbus-daemon[1028386]: [session uid=1000 pid=1028386 pidfd=4] Activated service 'org.freedesktop.systemd1' failed: Process org.freedesktop.systemd1 exited with status 1
dbus-daemon[1028386]: [session uid=1000 pid=1028386 pidfd=4] Activating service name='org.freedesktop.systemd1' requested by ':1.4' (uid=1000 pid=1028778 comm="/usr/bin/dbus-broker-launch --config-file=/usr/sha")
dbus-daemon[1028386]: [session uid=1000 pid=1028386 pidfd=4] Activated service 'org.freedesktop.systemd1' failed: Process org.freedesktop.systemd1 exited with status 1
{"trial": "L1-125-toggle-COMP-measured-r20", "mode": "step", "outcome": "verified", "oracle_exact_match": true, "completion_mutations": 1, "routes": ["provider", "provider"], "error": null, "la": "3.36", "prov": {"attempts": 216, "reached": 216}}
dbus-daemon[1028386]: [session uid=1000 pid=1028386 pidfd=4] Activating service name='org.freedesktop.systemd1' requested by ':1.4' (uid=1000 pid=1028778 comm="/usr/bin/dbus-broker-launch --config-file=/usr/sha")
dbus-daemon[1028386]: [session uid=1000 pid=1028386 pidfd=4] Activated service 'org.freedesktop.systemd1' failed: Process org.freedesktop.systemd1 exited with status 1
dbus-daemon[1028386]: [session uid=1000 pid=1028386 pidfd=4] Activating service name='org.freedesktop.systemd1' requested by ':1.4' (uid=1000 pid=1028778 comm="/usr/bin/dbus-broker-launch --config-file=/usr/sha")
dbus-daemon[1028386]: [session uid=1000 pid=1028386 pidfd=4] Activated service 'org.freedesktop.systemd1' failed: Process org.freedesktop.systemd1 exited with status 1
dbus-daemon[1028386]: [session uid=1000 pid=1028386 pidfd=4] Activating service name='org.freedesktop.systemd1' requested by ':1.4' (uid=1000 pid=1028778 comm="/usr/bin/dbus-broker-launch --config-file=/usr/sha")
dbus-daemon[1028386]: [session uid=1000 pid=1028386 pidfd=4] Activated service 'org.freedesktop.systemd1' failed: Process org.freedesktop.systemd1 exited with status 1
{"trial": "L1-126-fill-COMP-measured-r21", "mode": "replay", "outcome": "verified", "oracle_exact_match": true, "completion_mutations": 1, "routes": ["compiled"], "error": null, "la": "3.36", "prov": {"attempts": 216, "reached": 216}}
dbus-daemon[1028386]: [session uid=1000 pid=1028386 pidfd=4] Activating service name='org.freedesktop.systemd1' requested by ':1.4' (uid=1000 pid=1028778 comm="/usr/bin/dbus-broker-launch --config-file=/usr/sha")
dbus-daemon[1028386]: [session uid=1000 pid=1028386 pidfd=4] Activated service 'org.freedesktop.systemd1' failed: Process org.freedesktop.systemd1 exited with status 1
dbus-daemon[1028386]: [session uid=1000 pid=1028386 pidfd=4] Activating service name='org.freedesktop.systemd1' requested by ':1.4' (uid=1000 pid=1028778 comm="/usr/bin/dbus-broker-launch --config-file=/usr/sha")
dbus-daemon[1028386]: [session uid=1000 pid=1028386 pidfd=4] Activated service 'org.freedesktop.systemd1' failed: Process org.freedesktop.systemd1 exited with status 1
dbus-daemon[1028386]: [session uid=1000 pid=1028386 pidfd=4] Activating service name='org.freedesktop.systemd1' requested by ':1.4' (uid=1000 pid=1028778 comm="/usr/bin/dbus-broker-launch --config-file=/usr/sha")
dbus-daemon[1028386]: [session uid=1000 pid=1028386 pidfd=4] Activated service 'org.freedesktop.systemd1' failed: Process org.freedesktop.systemd1 exited with status 1
{"trial": "L1-127-fill-BASE-measured-r21", "mode": "step", "outcome": "verified", "oracle_exact_match": true, "completion_mutations": 1, "routes": ["provider", "provider"], "error": null, "la": "3.36", "prov": {"attempts": 218, "reached": 218}}
dbus-daemon[1028386]: [session uid=1000 pid=1028386 pidfd=4] Activating service name='org.freedesktop.systemd1' requested by ':1.4' (uid=1000 pid=1028778 comm="/usr/bin/dbus-broker-launch --config-file=/usr/sha")
dbus-daemon[1028386]: [session uid=1000 pid=1028386 pidfd=4] Activated service 'org.freedesktop.systemd1' failed: Process org.freedesktop.systemd1 exited with status 1
dbus-daemon[1028386]: [session uid=1000 pid=1028386 pidfd=4] Activating service name='org.freedesktop.systemd1' requested by ':1.4' (uid=1000 pid=1028778 comm="/usr/bin/dbus-broker-launch --config-file=/usr/sha")
dbus-daemon[1028386]: [session uid=1000 pid=1028386 pidfd=4] Activated service 'org.freedesktop.systemd1' failed: Process org.freedesktop.systemd1 exited with status 1
dbus-daemon[1028386]: [session uid=1000 pid=1028386 pidfd=4] Activating service name='org.freedesktop.systemd1' requested by ':1.4' (uid=1000 pid=1028778 comm="/usr/bin/dbus-broker-launch --config-file=/usr/sha")
dbus-daemon[1028386]: [session uid=1000 pid=1028386 pidfd=4] Activated service 'org.freedesktop.systemd1' failed: Process org.freedesktop.systemd1 exited with status 1
{"trial": "L1-128-toggle-COMP-measured-r21", "mode": "step", "outcome": "verified", "oracle_exact_match": true, "completion_mutations": 1, "routes": ["provider", "provider"], "error": null, "la": "4.29", "prov": {"attempts": 220, "reached": 220}}
dbus-daemon[1028386]: [session uid=1000 pid=1028386 pidfd=4] Activating service name='org.freedesktop.systemd1' requested by ':1.4' (uid=1000 pid=1028778 comm="/usr/bin/dbus-broker-launch --config-file=/usr/sha")
dbus-daemon[1028386]: [session uid=1000 pid=1028386 pidfd=4] Activated service 'org.freedesktop.systemd1' failed: Process org.freedesktop.systemd1 exited with status 1
dbus-daemon[1028386]: [session uid=1000 pid=1028386 pidfd=4] Activating service name='org.freedesktop.systemd1' requested by ':1.4' (uid=1000 pid=1028778 comm="/usr/bin/dbus-broker-launch --config-file=/usr/sha")
dbus-daemon[1028386]: [session uid=1000 pid=1028386 pidfd=4] Activated service 'org.freedesktop.systemd1' failed: Process org.freedesktop.systemd1 exited with status 1
dbus-daemon[1028386]: [session uid=1000 pid=1028386 pidfd=4] Activating service name='org.freedesktop.systemd1' requested by ':1.4' (uid=1000 pid=1028778 comm="/usr/bin/dbus-broker-launch --config-file=/usr/sha")
dbus-daemon[1028386]: [session uid=1000 pid=1028386 pidfd=4] Activated service 'org.freedesktop.systemd1' failed: Process org.freedesktop.systemd1 exited with status 1
{"trial": "L1-129-toggle-BASE-measured-r21", "mode": "step", "outcome": "verified", "oracle_exact_match": true, "completion_mutations": 1, "routes": ["provider", "provider"], "error": null, "la": "4.83", "prov": {"attempts": 222, "reached": 222}}
dbus-daemon[1028386]: [session uid=1000 pid=1028386 pidfd=4] Activating service name='org.freedesktop.systemd1' requested by ':1.4' (uid=1000 pid=1028778 comm="/usr/bin/dbus-broker-launch --config-file=/usr/sha")
dbus-daemon[1028386]: [session uid=1000 pid=1028386 pidfd=4] Activated service 'org.freedesktop.systemd1' failed: Process org.freedesktop.systemd1 exited with status 1
dbus-daemon[1028386]: [session uid=1000 pid=1028386 pidfd=4] Activating service name='org.freedesktop.systemd1' requested by ':1.4' (uid=1000 pid=1028778 comm="/usr/bin/dbus-broker-launch --config-file=/usr/sha")
dbus-daemon[1028386]: [session uid=1000 pid=1028386 pidfd=4] Activated service 'org.freedesktop.systemd1' failed: Process org.freedesktop.systemd1 exited with status 1
dbus-daemon[1028386]: [session uid=1000 pid=1028386 pidfd=4] Activating service name='org.freedesktop.systemd1' requested by ':1.4' (uid=1000 pid=1028778 comm="/usr/bin/dbus-broker-launch --config-file=/usr/sha")
dbus-daemon[1028386]: [session uid=1000 pid=1028386 pidfd=4] Activated service 'org.freedesktop.systemd1' failed: Process org.freedesktop.systemd1 exited with status 1
{"trial": "L1-130-modal-COMP-measured-r21", "mode": "step", "outcome": "verified", "oracle_exact_match": true, "completion_mutations": 1, "routes": ["provider", "provider"], "error": null, "la": "4.83", "prov": {"attempts": 224, "reached": 224}}
dbus-daemon[1028386]: [session uid=1000 pid=1028386 pidfd=4] Activating service name='org.freedesktop.systemd1' requested by ':1.4' (uid=1000 pid=1028778 comm="/usr/bin/dbus-broker-launch --config-file=/usr/sha")
dbus-daemon[1028386]: [session uid=1000 pid=1028386 pidfd=4] Activated service 'org.freedesktop.systemd1' failed: Process org.freedesktop.systemd1 exited with status 1
dbus-daemon[1028386]: [session uid=1000 pid=1028386 pidfd=4] Activating service name='org.freedesktop.systemd1' requested by ':1.4' (uid=1000 pid=1028778 comm="/usr/bin/dbus-broker-launch --config-file=/usr/sha")
dbus-daemon[1028386]: [session uid=1000 pid=1028386 pidfd=4] Activated service 'org.freedesktop.systemd1' failed: Process org.freedesktop.systemd1 exited with status 1
dbus-daemon[1028386]: [session uid=1000 pid=1028386 pidfd=4] Activating service name='org.freedesktop.systemd1' requested by ':1.4' (uid=1000 pid=1028778 comm="/usr/bin/dbus-broker-launch --config-file=/usr/sha")
dbus-daemon[1028386]: [session uid=1000 pid=1028386 pidfd=4] Activated service 'org.freedesktop.systemd1' failed: Process org.freedesktop.systemd1 exited with status 1
{"trial": "L1-131-modal-BASE-measured-r21", "mode": "step", "outcome": "verified", "oracle_exact_match": true, "completion_mutations": 1, "routes": ["provider", "provider"], "error": null, "la": "4.60", "prov": {"attempts": 226, "reached": 226}}
dbus-daemon[1028386]: [session uid=1000 pid=1028386 pidfd=4] Activating service name='org.freedesktop.systemd1' requested by ':1.4' (uid=1000 pid=1028778 comm="/usr/bin/dbus-broker-launch --config-file=/usr/sha")
dbus-daemon[1028386]: [session uid=1000 pid=1028386 pidfd=4] Activated service 'org.freedesktop.systemd1' failed: Process org.freedesktop.systemd1 exited with status 1
dbus-daemon[1028386]: [session uid=1000 pid=1028386 pidfd=4] Activating service name='org.freedesktop.systemd1' requested by ':1.4' (uid=1000 pid=1028778 comm="/usr/bin/dbus-broker-launch --config-file=/usr/sha")
dbus-daemon[1028386]: [session uid=1000 pid=1028386 pidfd=4] Activated service 'org.freedesktop.systemd1' failed: Process org.freedesktop.systemd1 exited with status 1
dbus-daemon[1028386]: [session uid=1000 pid=1028386 pidfd=4] Activating service name='org.freedesktop.systemd1' requested by ':1.4' (uid=1000 pid=1028778 comm="/usr/bin/dbus-broker-launch --config-file=/usr/sha")
dbus-daemon[1028386]: [session uid=1000 pid=1028386 pidfd=4] Activated service 'org.freedesktop.systemd1' failed: Process org.freedesktop.systemd1 exited with status 1
{"trial": "L1-132-toggle-BASE-measured-r22", "mode": "step", "outcome": "verified", "oracle_exact_match": true, "completion_mutations": 1, "routes": ["provider", "provider"], "error": null, "la": "4.31", "prov": {"attempts": 228, "reached": 228}}
dbus-daemon[1028386]: [session uid=1000 pid=1028386 pidfd=4] Activating service name='org.freedesktop.systemd1' requested by ':1.4' (uid=1000 pid=1028778 comm="/usr/bin/dbus-broker-launch --config-file=/usr/sha")
dbus-daemon[1028386]: [session uid=1000 pid=1028386 pidfd=4] Activated service 'org.freedesktop.systemd1' failed: Process org.freedesktop.systemd1 exited with status 1
dbus-daemon[1028386]: [session uid=1000 pid=1028386 pidfd=4] Activating service name='org.freedesktop.systemd1' requested by ':1.4' (uid=1000 pid=1028778 comm="/usr/bin/dbus-broker-launch --config-file=/usr/sha")
dbus-daemon[1028386]: [session uid=1000 pid=1028386 pidfd=4] Activated service 'org.freedesktop.systemd1' failed: Process org.freedesktop.systemd1 exited with status 1
dbus-daemon[1028386]: [session uid=1000 pid=1028386 pidfd=4] Activating service name='org.freedesktop.systemd1' requested by ':1.4' (uid=1000 pid=1028778 comm="/usr/bin/dbus-broker-launch --config-file=/usr/sha")
dbus-daemon[1028386]: [session uid=1000 pid=1028386 pidfd=4] Activated service 'org.freedesktop.systemd1' failed: Process org.freedesktop.systemd1 exited with status 1
{"trial": "L1-133-toggle-COMP-measured-r22", "mode": "step", "outcome": "verified", "oracle_exact_match": true, "completion_mutations": 1, "routes": ["provider", "provider"], "error": null, "la": "4.31", "prov": {"attempts": 230, "reached": 230}}
dbus-daemon[1028386]: [session uid=1000 pid=1028386 pidfd=4] Activating service name='org.freedesktop.systemd1' requested by ':1.4' (uid=1000 pid=1028778 comm="/usr/bin/dbus-broker-launch --config-file=/usr/sha")
dbus-daemon[1028386]: [session uid=1000 pid=1028386 pidfd=4] Activated service 'org.freedesktop.systemd1' failed: Process org.freedesktop.systemd1 exited with status 1
dbus-daemon[1028386]: [session uid=1000 pid=1028386 pidfd=4] Activating service name='org.freedesktop.systemd1' requested by ':1.4' (uid=1000 pid=1028778 comm="/usr/bin/dbus-broker-launch --config-file=/usr/sha")
dbus-daemon[1028386]: [session uid=1000 pid=1028386 pidfd=4] Activated service 'org.freedesktop.systemd1' failed: Process org.freedesktop.systemd1 exited with status 1
dbus-daemon[1028386]: [session uid=1000 pid=1028386 pidfd=4] Activating service name='org.freedesktop.systemd1' requested by ':1.4' (uid=1000 pid=1028778 comm="/usr/bin/dbus-broker-launch --config-file=/usr/sha")
dbus-daemon[1028386]: [session uid=1000 pid=1028386 pidfd=4] Activated service 'org.freedesktop.systemd1' failed: Process org.freedesktop.systemd1 exited with status 1
{"trial": "L1-134-modal-BASE-measured-r22", "mode": "step", "outcome": "verified", "oracle_exact_match": true, "completion_mutations": 1, "routes": ["provider", "provider"], "error": null, "la": "4.05", "prov": {"attempts": 232, "reached": 232}}
dbus-daemon[1028386]: [session uid=1000 pid=1028386 pidfd=4] Activating service name='org.freedesktop.systemd1' requested by ':1.4' (uid=1000 pid=1028778 comm="/usr/bin/dbus-broker-launch --config-file=/usr/sha")
dbus-daemon[1028386]: [session uid=1000 pid=1028386 pidfd=4] Activated service 'org.freedesktop.systemd1' failed: Process org.freedesktop.systemd1 exited with status 1
dbus-daemon[1028386]: [session uid=1000 pid=1028386 pidfd=4] Activating service name='org.freedesktop.systemd1' requested by ':1.4' (uid=1000 pid=1028778 comm="/usr/bin/dbus-broker-launch --config-file=/usr/sha")
dbus-daemon[1028386]: [session uid=1000 pid=1028386 pidfd=4] Activated service 'org.freedesktop.systemd1' failed: Process org.freedesktop.systemd1 exited with status 1
dbus-daemon[1028386]: [session uid=1000 pid=1028386 pidfd=4] Activating service name='org.freedesktop.systemd1' requested by ':1.4' (uid=1000 pid=1028778 comm="/usr/bin/dbus-broker-launch --config-file=/usr/sha")
dbus-daemon[1028386]: [session uid=1000 pid=1028386 pidfd=4] Activated service 'org.freedesktop.systemd1' failed: Process org.freedesktop.systemd1 exited with status 1
{"trial": "L1-135-modal-COMP-measured-r22", "mode": "step", "outcome": "verified", "oracle_exact_match": true, "completion_mutations": 1, "routes": ["provider", "provider"], "error": null, "la": "4.05", "prov": {"attempts": 234, "reached": 234}}
dbus-daemon[1028386]: [session uid=1000 pid=1028386 pidfd=4] Activating service name='org.freedesktop.systemd1' requested by ':1.4' (uid=1000 pid=1028778 comm="/usr/bin/dbus-broker-launch --config-file=/usr/sha")
dbus-daemon[1028386]: [session uid=1000 pid=1028386 pidfd=4] Activated service 'org.freedesktop.systemd1' failed: Process org.freedesktop.systemd1 exited with status 1
dbus-daemon[1028386]: [session uid=1000 pid=1028386 pidfd=4] Activating service name='org.freedesktop.systemd1' requested by ':1.4' (uid=1000 pid=1028778 comm="/usr/bin/dbus-broker-launch --config-file=/usr/sha")
dbus-daemon[1028386]: [session uid=1000 pid=1028386 pidfd=4] Activated service 'org.freedesktop.systemd1' failed: Process org.freedesktop.systemd1 exited with status 1
dbus-daemon[1028386]: [session uid=1000 pid=1028386 pidfd=4] Activating service name='org.freedesktop.systemd1' requested by ':1.4' (uid=1000 pid=1028778 comm="/usr/bin/dbus-broker-launch --config-file=/usr/sha")
dbus-daemon[1028386]: [session uid=1000 pid=1028386 pidfd=4] Activated service 'org.freedesktop.systemd1' failed: Process org.freedesktop.systemd1 exited with status 1
{"trial": "L1-136-fill-BASE-measured-r22", "mode": "step", "outcome": "verified", "oracle_exact_match": true, "completion_mutations": 1, "routes": ["provider", "provider"], "error": null, "la": "4.04", "prov": {"attempts": 236, "reached": 236}}
dbus-daemon[1028386]: [session uid=1000 pid=1028386 pidfd=4] Activating service name='org.freedesktop.systemd1' requested by ':1.4' (uid=1000 pid=1028778 comm="/usr/bin/dbus-broker-launch --config-file=/usr/sha")
dbus-daemon[1028386]: [session uid=1000 pid=1028386 pidfd=4] Activated service 'org.freedesktop.systemd1' failed: Process org.freedesktop.systemd1 exited with status 1
dbus-daemon[1028386]: [session uid=1000 pid=1028386 pidfd=4] Activating service name='org.freedesktop.systemd1' requested by ':1.4' (uid=1000 pid=1028778 comm="/usr/bin/dbus-broker-launch --config-file=/usr/sha")
dbus-daemon[1028386]: [session uid=1000 pid=1028386 pidfd=4] Activated service 'org.freedesktop.systemd1' failed: Process org.freedesktop.systemd1 exited with status 1
dbus-daemon[1028386]: [session uid=1000 pid=1028386 pidfd=4] Activating service name='org.freedesktop.systemd1' requested by ':1.4' (uid=1000 pid=1028778 comm="/usr/bin/dbus-broker-launch --config-file=/usr/sha")
dbus-daemon[1028386]: [session uid=1000 pid=1028386 pidfd=4] Activated service 'org.freedesktop.systemd1' failed: Process org.freedesktop.systemd1 exited with status 1
{"trial": "L1-137-fill-COMP-measured-r22", "mode": "replay", "outcome": "verified", "oracle_exact_match": true, "completion_mutations": 1, "routes": ["compiled"], "error": null, "la": "3.80", "prov": {"attempts": 236, "reached": 236}}
dbus-daemon[1028386]: [session uid=1000 pid=1028386 pidfd=4] Activating service name='org.freedesktop.systemd1' requested by ':1.4' (uid=1000 pid=1028778 comm="/usr/bin/dbus-broker-launch --config-file=/usr/sha")
dbus-daemon[1028386]: [session uid=1000 pid=1028386 pidfd=4] Activated service 'org.freedesktop.systemd1' failed: Process org.freedesktop.systemd1 exited with status 1
dbus-daemon[1028386]: [session uid=1000 pid=1028386 pidfd=4] Activating service name='org.freedesktop.systemd1' requested by ':1.4' (uid=1000 pid=1028778 comm="/usr/bin/dbus-broker-launch --config-file=/usr/sha")
dbus-daemon[1028386]: [session uid=1000 pid=1028386 pidfd=4] Activated service 'org.freedesktop.systemd1' failed: Process org.freedesktop.systemd1 exited with status 1
dbus-daemon[1028386]: [session uid=1000 pid=1028386 pidfd=4] Activating service name='org.freedesktop.systemd1' requested by ':1.4' (uid=1000 pid=1028778 comm="/usr/bin/dbus-broker-launch --config-file=/usr/sha")
dbus-daemon[1028386]: [session uid=1000 pid=1028386 pidfd=4] Activated service 'org.freedesktop.systemd1' failed: Process org.freedesktop.systemd1 exited with status 1
{"trial": "L1-138-modal-COMP-measured-r23", "mode": "step", "outcome": "verified", "oracle_exact_match": true, "completion_mutations": 1, "routes": ["provider", "provider"], "error": null, "la": "3.80", "prov": {"attempts": 238, "reached": 238}}
dbus-daemon[1028386]: [session uid=1000 pid=1028386 pidfd=4] Activating service name='org.freedesktop.systemd1' requested by ':1.4' (uid=1000 pid=1028778 comm="/usr/bin/dbus-broker-launch --config-file=/usr/sha")
dbus-daemon[1028386]: [session uid=1000 pid=1028386 pidfd=4] Activated service 'org.freedesktop.systemd1' failed: Process org.freedesktop.systemd1 exited with status 1
dbus-daemon[1028386]: [session uid=1000 pid=1028386 pidfd=4] Activating service name='org.freedesktop.systemd1' requested by ':1.4' (uid=1000 pid=1028778 comm="/usr/bin/dbus-broker-launch --config-file=/usr/sha")
dbus-daemon[1028386]: [session uid=1000 pid=1028386 pidfd=4] Activated service 'org.freedesktop.systemd1' failed: Process org.freedesktop.systemd1 exited with status 1
dbus-daemon[1028386]: [session uid=1000 pid=1028386 pidfd=4] Activating service name='org.freedesktop.systemd1' requested by ':1.4' (uid=1000 pid=1028778 comm="/usr/bin/dbus-broker-launch --config-file=/usr/sha")
dbus-daemon[1028386]: [session uid=1000 pid=1028386 pidfd=4] Activated service 'org.freedesktop.systemd1' failed: Process org.freedesktop.systemd1 exited with status 1
{"trial": "L1-139-modal-BASE-measured-r23", "mode": "step", "outcome": "verified", "oracle_exact_match": true, "completion_mutations": 1, "routes": ["provider", "provider"], "error": null, "la": "3.80", "prov": {"attempts": 240, "reached": 240}}
dbus-daemon[1028386]: [session uid=1000 pid=1028386 pidfd=4] Activating service name='org.freedesktop.systemd1' requested by ':1.4' (uid=1000 pid=1028778 comm="/usr/bin/dbus-broker-launch --config-file=/usr/sha")
dbus-daemon[1028386]: [session uid=1000 pid=1028386 pidfd=4] Activated service 'org.freedesktop.systemd1' failed: Process org.freedesktop.systemd1 exited with status 1
dbus-daemon[1028386]: [session uid=1000 pid=1028386 pidfd=4] Activating service name='org.freedesktop.systemd1' requested by ':1.4' (uid=1000 pid=1028778 comm="/usr/bin/dbus-broker-launch --config-file=/usr/sha")
dbus-daemon[1028386]: [session uid=1000 pid=1028386 pidfd=4] Activated service 'org.freedesktop.systemd1' failed: Process org.freedesktop.systemd1 exited with status 1
dbus-daemon[1028386]: [session uid=1000 pid=1028386 pidfd=4] Activating service name='org.freedesktop.systemd1' requested by ':1.4' (uid=1000 pid=1028778 comm="/usr/bin/dbus-broker-launch --config-file=/usr/sha")
dbus-daemon[1028386]: [session uid=1000 pid=1028386 pidfd=4] Activated service 'org.freedesktop.systemd1' failed: Process org.freedesktop.systemd1 exited with status 1
{"trial": "L1-140-fill-COMP-measured-r23", "mode": "replay", "outcome": "verified", "oracle_exact_match": true, "completion_mutations": 1, "routes": ["compiled"], "error": null, "la": "3.82", "prov": {"attempts": 240, "reached": 240}}
dbus-daemon[1028386]: [session uid=1000 pid=1028386 pidfd=4] Activating service name='org.freedesktop.systemd1' requested by ':1.4' (uid=1000 pid=1028778 comm="/usr/bin/dbus-broker-launch --config-file=/usr/sha")
dbus-daemon[1028386]: [session uid=1000 pid=1028386 pidfd=4] Activated service 'org.freedesktop.systemd1' failed: Process org.freedesktop.systemd1 exited with status 1
dbus-daemon[1028386]: [session uid=1000 pid=1028386 pidfd=4] Activating service name='org.freedesktop.systemd1' requested by ':1.4' (uid=1000 pid=1028778 comm="/usr/bin/dbus-broker-launch --config-file=/usr/sha")
dbus-daemon[1028386]: [session uid=1000 pid=1028386 pidfd=4] Activated service 'org.freedesktop.systemd1' failed: Process org.freedesktop.systemd1 exited with status 1
dbus-daemon[1028386]: [session uid=1000 pid=1028386 pidfd=4] Activating service name='org.freedesktop.systemd1' requested by ':1.4' (uid=1000 pid=1028778 comm="/usr/bin/dbus-broker-launch --config-file=/usr/sha")
dbus-daemon[1028386]: [session uid=1000 pid=1028386 pidfd=4] Activated service 'org.freedesktop.systemd1' failed: Process org.freedesktop.systemd1 exited with status 1
{"trial": "L1-141-fill-BASE-measured-r23", "mode": "step", "outcome": "verified", "oracle_exact_match": true, "completion_mutations": 1, "routes": ["provider", "provider"], "error": null, "la": "3.82", "prov": {"attempts": 242, "reached": 242}}
dbus-daemon[1028386]: [session uid=1000 pid=1028386 pidfd=4] Activating service name='org.freedesktop.systemd1' requested by ':1.4' (uid=1000 pid=1028778 comm="/usr/bin/dbus-broker-launch --config-file=/usr/sha")
dbus-daemon[1028386]: [session uid=1000 pid=1028386 pidfd=4] Activated service 'org.freedesktop.systemd1' failed: Process org.freedesktop.systemd1 exited with status 1
dbus-daemon[1028386]: [session uid=1000 pid=1028386 pidfd=4] Activating service name='org.freedesktop.systemd1' requested by ':1.4' (uid=1000 pid=1028778 comm="/usr/bin/dbus-broker-launch --config-file=/usr/sha")
dbus-daemon[1028386]: [session uid=1000 pid=1028386 pidfd=4] Activated service 'org.freedesktop.systemd1' failed: Process org.freedesktop.systemd1 exited with status 1
dbus-daemon[1028386]: [session uid=1000 pid=1028386 pidfd=4] Activating service name='org.freedesktop.systemd1' requested by ':1.4' (uid=1000 pid=1028778 comm="/usr/bin/dbus-broker-launch --config-file=/usr/sha")
dbus-daemon[1028386]: [session uid=1000 pid=1028386 pidfd=4] Activated service 'org.freedesktop.systemd1' failed: Process org.freedesktop.systemd1 exited with status 1
{"trial": "L1-142-toggle-COMP-measured-r23", "mode": "step", "outcome": "verified", "oracle_exact_match": true, "completion_mutations": 1, "routes": ["provider", "provider"], "error": null, "la": "3.67", "prov": {"attempts": 244, "reached": 244}}
dbus-daemon[1028386]: [session uid=1000 pid=1028386 pidfd=4] Activating service name='org.freedesktop.systemd1' requested by ':1.4' (uid=1000 pid=1028778 comm="/usr/bin/dbus-broker-launch --config-file=/usr/sha")
dbus-daemon[1028386]: [session uid=1000 pid=1028386 pidfd=4] Activated service 'org.freedesktop.systemd1' failed: Process org.freedesktop.systemd1 exited with status 1
dbus-daemon[1028386]: [session uid=1000 pid=1028386 pidfd=4] Activating service name='org.freedesktop.systemd1' requested by ':1.4' (uid=1000 pid=1028778 comm="/usr/bin/dbus-broker-launch --config-file=/usr/sha")
dbus-daemon[1028386]: [session uid=1000 pid=1028386 pidfd=4] Activated service 'org.freedesktop.systemd1' failed: Process org.freedesktop.systemd1 exited with status 1
dbus-daemon[1028386]: [session uid=1000 pid=1028386 pidfd=4] Activating service name='org.freedesktop.systemd1' requested by ':1.4' (uid=1000 pid=1028778 comm="/usr/bin/dbus-broker-launch --config-file=/usr/sha")
dbus-daemon[1028386]: [session uid=1000 pid=1028386 pidfd=4] Activated service 'org.freedesktop.systemd1' failed: Process org.freedesktop.systemd1 exited with status 1
{"trial": "L1-143-toggle-BASE-measured-r23", "mode": "step", "outcome": "verified", "oracle_exact_match": true, "completion_mutations": 1, "routes": ["provider", "provider"], "error": null, "la": "3.67", "prov": {"attempts": 246, "reached": 246}}
dbus-daemon[1028386]: [session uid=1000 pid=1028386 pidfd=4] Activating service name='org.freedesktop.systemd1' requested by ':1.4' (uid=1000 pid=1028778 comm="/usr/bin/dbus-broker-launch --config-file=/usr/sha")
dbus-daemon[1028386]: [session uid=1000 pid=1028386 pidfd=4] Activated service 'org.freedesktop.systemd1' failed: Process org.freedesktop.systemd1 exited with status 1
dbus-daemon[1028386]: [session uid=1000 pid=1028386 pidfd=4] Activating service name='org.freedesktop.systemd1' requested by ':1.4' (uid=1000 pid=1028778 comm="/usr/bin/dbus-broker-launch --config-file=/usr/sha")
dbus-daemon[1028386]: [session uid=1000 pid=1028386 pidfd=4] Activated service 'org.freedesktop.systemd1' failed: Process org.freedesktop.systemd1 exited with status 1
dbus-daemon[1028386]: [session uid=1000 pid=1028386 pidfd=4] Activating service name='org.freedesktop.systemd1' requested by ':1.4' (uid=1000 pid=1028778 comm="/usr/bin/dbus-broker-launch --config-file=/usr/sha")
dbus-daemon[1028386]: [session uid=1000 pid=1028386 pidfd=4] Activated service 'org.freedesktop.systemd1' failed: Process org.freedesktop.systemd1 exited with status 1
{"trial": "L1-144-fill-BASE-measured-r24", "mode": "step", "outcome": "verified", "oracle_exact_match": true, "completion_mutations": 1, "routes": ["provider", "provider"], "error": null, "la": "3.46", "prov": {"attempts": 248, "reached": 248}}
dbus-daemon[1028386]: [session uid=1000 pid=1028386 pidfd=4] Activating service name='org.freedesktop.systemd1' requested by ':1.4' (uid=1000 pid=1028778 comm="/usr/bin/dbus-broker-launch --config-file=/usr/sha")
dbus-daemon[1028386]: [session uid=1000 pid=1028386 pidfd=4] Activated service 'org.freedesktop.systemd1' failed: Process org.freedesktop.systemd1 exited with status 1
dbus-daemon[1028386]: [session uid=1000 pid=1028386 pidfd=4] Activating service name='org.freedesktop.systemd1' requested by ':1.4' (uid=1000 pid=1028778 comm="/usr/bin/dbus-broker-launch --config-file=/usr/sha")
dbus-daemon[1028386]: [session uid=1000 pid=1028386 pidfd=4] Activated service 'org.freedesktop.systemd1' failed: Process org.freedesktop.systemd1 exited with status 1
dbus-daemon[1028386]: [session uid=1000 pid=1028386 pidfd=4] Activating service name='org.freedesktop.systemd1' requested by ':1.4' (uid=1000 pid=1028778 comm="/usr/bin/dbus-broker-launch --config-file=/usr/sha")
dbus-daemon[1028386]: [session uid=1000 pid=1028386 pidfd=4] Activated service 'org.freedesktop.systemd1' failed: Process org.freedesktop.systemd1 exited with status 1
{"trial": "L1-145-fill-COMP-measured-r24", "mode": "replay", "outcome": "verified", "oracle_exact_match": true, "completion_mutations": 1, "routes": ["compiled"], "error": null, "la": "3.74", "prov": {"attempts": 248, "reached": 248}}
dbus-daemon[1028386]: [session uid=1000 pid=1028386 pidfd=4] Activating service name='org.freedesktop.systemd1' requested by ':1.4' (uid=1000 pid=1028778 comm="/usr/bin/dbus-broker-launch --config-file=/usr/sha")
dbus-daemon[1028386]: [session uid=1000 pid=1028386 pidfd=4] Activated service 'org.freedesktop.systemd1' failed: Process org.freedesktop.systemd1 exited with status 1
dbus-daemon[1028386]: [session uid=1000 pid=1028386 pidfd=4] Activating service name='org.freedesktop.systemd1' requested by ':1.4' (uid=1000 pid=1028778 comm="/usr/bin/dbus-broker-launch --config-file=/usr/sha")
dbus-daemon[1028386]: [session uid=1000 pid=1028386 pidfd=4] Activated service 'org.freedesktop.systemd1' failed: Process org.freedesktop.systemd1 exited with status 1
dbus-daemon[1028386]: [session uid=1000 pid=1028386 pidfd=4] Activating service name='org.freedesktop.systemd1' requested by ':1.4' (uid=1000 pid=1028778 comm="/usr/bin/dbus-broker-launch --config-file=/usr/sha")
dbus-daemon[1028386]: [session uid=1000 pid=1028386 pidfd=4] Activated service 'org.freedesktop.systemd1' failed: Process org.freedesktop.systemd1 exited with status 1
{"trial": "L1-146-toggle-BASE-measured-r24", "mode": "step", "outcome": "verified", "oracle_exact_match": true, "completion_mutations": 1, "routes": ["provider", "provider"], "error": null, "la": "3.74", "prov": {"attempts": 250, "reached": 250}}
dbus-daemon[1028386]: [session uid=1000 pid=1028386 pidfd=4] Activating service name='org.freedesktop.systemd1' requested by ':1.4' (uid=1000 pid=1028778 comm="/usr/bin/dbus-broker-launch --config-file=/usr/sha")
dbus-daemon[1028386]: [session uid=1000 pid=1028386 pidfd=4] Activated service 'org.freedesktop.systemd1' failed: Process org.freedesktop.systemd1 exited with status 1
dbus-daemon[1028386]: [session uid=1000 pid=1028386 pidfd=4] Activating service name='org.freedesktop.systemd1' requested by ':1.4' (uid=1000 pid=1028778 comm="/usr/bin/dbus-broker-launch --config-file=/usr/sha")
dbus-daemon[1028386]: [session uid=1000 pid=1028386 pidfd=4] Activated service 'org.freedesktop.systemd1' failed: Process org.freedesktop.systemd1 exited with status 1
dbus-daemon[1028386]: [session uid=1000 pid=1028386 pidfd=4] Activating service name='org.freedesktop.systemd1' requested by ':1.4' (uid=1000 pid=1028778 comm="/usr/bin/dbus-broker-launch --config-file=/usr/sha")
dbus-daemon[1028386]: [session uid=1000 pid=1028386 pidfd=4] Activated service 'org.freedesktop.systemd1' failed: Process org.freedesktop.systemd1 exited with status 1
{"trial": "L1-147-toggle-COMP-measured-r24", "mode": "step", "outcome": "verified", "oracle_exact_match": true, "completion_mutations": 1, "routes": ["provider", "provider"], "error": null, "la": "3.44", "prov": {"attempts": 252, "reached": 252}}
dbus-daemon[1028386]: [session uid=1000 pid=1028386 pidfd=4] Activating service name='org.freedesktop.systemd1' requested by ':1.4' (uid=1000 pid=1028778 comm="/usr/bin/dbus-broker-launch --config-file=/usr/sha")
dbus-daemon[1028386]: [session uid=1000 pid=1028386 pidfd=4] Activated service 'org.freedesktop.systemd1' failed: Process org.freedesktop.systemd1 exited with status 1
dbus-daemon[1028386]: [session uid=1000 pid=1028386 pidfd=4] Activating service name='org.freedesktop.systemd1' requested by ':1.4' (uid=1000 pid=1028778 comm="/usr/bin/dbus-broker-launch --config-file=/usr/sha")
dbus-daemon[1028386]: [session uid=1000 pid=1028386 pidfd=4] Activated service 'org.freedesktop.systemd1' failed: Process org.freedesktop.systemd1 exited with status 1
dbus-daemon[1028386]: [session uid=1000 pid=1028386 pidfd=4] Activating service name='org.freedesktop.systemd1' requested by ':1.4' (uid=1000 pid=1028778 comm="/usr/bin/dbus-broker-launch --config-file=/usr/sha")
dbus-daemon[1028386]: [session uid=1000 pid=1028386 pidfd=4] Activated service 'org.freedesktop.systemd1' failed: Process org.freedesktop.systemd1 exited with status 1
{"trial": "L1-148-modal-BASE-measured-r24", "mode": "step", "outcome": "verified", "oracle_exact_match": true, "completion_mutations": 1, "routes": ["provider", "provider"], "error": null, "la": "3.44", "prov": {"attempts": 254, "reached": 254}}
dbus-daemon[1028386]: [session uid=1000 pid=1028386 pidfd=4] Activating service name='org.freedesktop.systemd1' requested by ':1.4' (uid=1000 pid=1028778 comm="/usr/bin/dbus-broker-launch --config-file=/usr/sha")
dbus-daemon[1028386]: [session uid=1000 pid=1028386 pidfd=4] Activated service 'org.freedesktop.systemd1' failed: Process org.freedesktop.systemd1 exited with status 1
dbus-daemon[1028386]: [session uid=1000 pid=1028386 pidfd=4] Activating service name='org.freedesktop.systemd1' requested by ':1.4' (uid=1000 pid=1028778 comm="/usr/bin/dbus-broker-launch --config-file=/usr/sha")
dbus-daemon[1028386]: [session uid=1000 pid=1028386 pidfd=4] Activated service 'org.freedesktop.systemd1' failed: Process org.freedesktop.systemd1 exited with status 1
dbus-daemon[1028386]: [session uid=1000 pid=1028386 pidfd=4] Activating service name='org.freedesktop.systemd1' requested by ':1.4' (uid=1000 pid=1028778 comm="/usr/bin/dbus-broker-launch --config-file=/usr/sha")
dbus-daemon[1028386]: [session uid=1000 pid=1028386 pidfd=4] Activated service 'org.freedesktop.systemd1' failed: Process org.freedesktop.systemd1 exited with status 1
{"trial": "L1-149-modal-COMP-measured-r24", "mode": "step", "outcome": "verified", "oracle_exact_match": true, "completion_mutations": 1, "routes": ["provider", "provider"], "error": null, "la": "3.25", "prov": {"attempts": 256, "reached": 256}}
dbus-daemon[1028386]: [session uid=1000 pid=1028386 pidfd=4] Activating service name='org.freedesktop.systemd1' requested by ':1.4' (uid=1000 pid=1028778 comm="/usr/bin/dbus-broker-launch --config-file=/usr/sha")
dbus-daemon[1028386]: [session uid=1000 pid=1028386 pidfd=4] Activated service 'org.freedesktop.systemd1' failed: Process org.freedesktop.systemd1 exited with status 1
dbus-daemon[1028386]: [session uid=1000 pid=1028386 pidfd=4] Activating service name='org.freedesktop.systemd1' requested by ':1.4' (uid=1000 pid=1028778 comm="/usr/bin/dbus-broker-launch --config-file=/usr/sha")
dbus-daemon[1028386]: [session uid=1000 pid=1028386 pidfd=4] Activated service 'org.freedesktop.systemd1' failed: Process org.freedesktop.systemd1 exited with status 1
dbus-daemon[1028386]: [session uid=1000 pid=1028386 pidfd=4] Activating service name='org.freedesktop.systemd1' requested by ':1.4' (uid=1000 pid=1028778 comm="/usr/bin/dbus-broker-launch --config-file=/usr/sha")
dbus-daemon[1028386]: [session uid=1000 pid=1028386 pidfd=4] Activated service 'org.freedesktop.systemd1' failed: Process org.freedesktop.systemd1 exited with status 1
{"trial": "L1-150-toggle-COMP-measured-r25", "mode": "step", "outcome": "verified", "oracle_exact_match": true, "completion_mutations": 1, "routes": ["provider", "provider"], "error": null, "la": "3.25", "prov": {"attempts": 258, "reached": 258}}
dbus-daemon[1028386]: [session uid=1000 pid=1028386 pidfd=4] Activating service name='org.freedesktop.systemd1' requested by ':1.4' (uid=1000 pid=1028778 comm="/usr/bin/dbus-broker-launch --config-file=/usr/sha")
dbus-daemon[1028386]: [session uid=1000 pid=1028386 pidfd=4] Activated service 'org.freedesktop.systemd1' failed: Process org.freedesktop.systemd1 exited with status 1
dbus-daemon[1028386]: [session uid=1000 pid=1028386 pidfd=4] Activating service name='org.freedesktop.systemd1' requested by ':1.4' (uid=1000 pid=1028778 comm="/usr/bin/dbus-broker-launch --config-file=/usr/sha")
dbus-daemon[1028386]: [session uid=1000 pid=1028386 pidfd=4] Activated service 'org.freedesktop.systemd1' failed: Process org.freedesktop.systemd1 exited with status 1
dbus-daemon[1028386]: [session uid=1000 pid=1028386 pidfd=4] Activating service name='org.freedesktop.systemd1' requested by ':1.4' (uid=1000 pid=1028778 comm="/usr/bin/dbus-broker-launch --config-file=/usr/sha")
dbus-daemon[1028386]: [session uid=1000 pid=1028386 pidfd=4] Activated service 'org.freedesktop.systemd1' failed: Process org.freedesktop.systemd1 exited with status 1
{"trial": "L1-151-toggle-BASE-measured-r25", "mode": "step", "outcome": "verified", "oracle_exact_match": true, "completion_mutations": 1, "routes": ["provider", "provider"], "error": null, "la": "3.06", "prov": {"attempts": 260, "reached": 260}}
dbus-daemon[1028386]: [session uid=1000 pid=1028386 pidfd=4] Activating service name='org.freedesktop.systemd1' requested by ':1.4' (uid=1000 pid=1028778 comm="/usr/bin/dbus-broker-launch --config-file=/usr/sha")
dbus-daemon[1028386]: [session uid=1000 pid=1028386 pidfd=4] Activated service 'org.freedesktop.systemd1' failed: Process org.freedesktop.systemd1 exited with status 1
dbus-daemon[1028386]: [session uid=1000 pid=1028386 pidfd=4] Activating service name='org.freedesktop.systemd1' requested by ':1.4' (uid=1000 pid=1028778 comm="/usr/bin/dbus-broker-launch --config-file=/usr/sha")
dbus-daemon[1028386]: [session uid=1000 pid=1028386 pidfd=4] Activated service 'org.freedesktop.systemd1' failed: Process org.freedesktop.systemd1 exited with status 1
dbus-daemon[1028386]: [session uid=1000 pid=1028386 pidfd=4] Activating service name='org.freedesktop.systemd1' requested by ':1.4' (uid=1000 pid=1028778 comm="/usr/bin/dbus-broker-launch --config-file=/usr/sha")
dbus-daemon[1028386]: [session uid=1000 pid=1028386 pidfd=4] Activated service 'org.freedesktop.systemd1' failed: Process org.freedesktop.systemd1 exited with status 1
{"trial": "L1-152-modal-COMP-measured-r25", "mode": "step", "outcome": "verified", "oracle_exact_match": true, "completion_mutations": 1, "routes": ["provider", "provider"], "error": null, "la": "3.06", "prov": {"attempts": 262, "reached": 262}}
dbus-daemon[1028386]: [session uid=1000 pid=1028386 pidfd=4] Activating service name='org.freedesktop.systemd1' requested by ':1.4' (uid=1000 pid=1028778 comm="/usr/bin/dbus-broker-launch --config-file=/usr/sha")
dbus-daemon[1028386]: [session uid=1000 pid=1028386 pidfd=4] Activated service 'org.freedesktop.systemd1' failed: Process org.freedesktop.systemd1 exited with status 1
dbus-daemon[1028386]: [session uid=1000 pid=1028386 pidfd=4] Activating service name='org.freedesktop.systemd1' requested by ':1.4' (uid=1000 pid=1028778 comm="/usr/bin/dbus-broker-launch --config-file=/usr/sha")
dbus-daemon[1028386]: [session uid=1000 pid=1028386 pidfd=4] Activated service 'org.freedesktop.systemd1' failed: Process org.freedesktop.systemd1 exited with status 1
dbus-daemon[1028386]: [session uid=1000 pid=1028386 pidfd=4] Activating service name='org.freedesktop.systemd1' requested by ':1.4' (uid=1000 pid=1028778 comm="/usr/bin/dbus-broker-launch --config-file=/usr/sha")
dbus-daemon[1028386]: [session uid=1000 pid=1028386 pidfd=4] Activated service 'org.freedesktop.systemd1' failed: Process org.freedesktop.systemd1 exited with status 1
{"trial": "L1-153-modal-BASE-measured-r25", "mode": "step", "outcome": "verified", "oracle_exact_match": true, "completion_mutations": 1, "routes": ["provider", "provider"], "error": null, "la": "3.94", "prov": {"attempts": 264, "reached": 264}}
dbus-daemon[1028386]: [session uid=1000 pid=1028386 pidfd=4] Activating service name='org.freedesktop.systemd1' requested by ':1.4' (uid=1000 pid=1028778 comm="/usr/bin/dbus-broker-launch --config-file=/usr/sha")
dbus-daemon[1028386]: [session uid=1000 pid=1028386 pidfd=4] Activated service 'org.freedesktop.systemd1' failed: Process org.freedesktop.systemd1 exited with status 1
dbus-daemon[1028386]: [session uid=1000 pid=1028386 pidfd=4] Activating service name='org.freedesktop.systemd1' requested by ':1.4' (uid=1000 pid=1028778 comm="/usr/bin/dbus-broker-launch --config-file=/usr/sha")
dbus-daemon[1028386]: [session uid=1000 pid=1028386 pidfd=4] Activated service 'org.freedesktop.systemd1' failed: Process org.freedesktop.systemd1 exited with status 1
dbus-daemon[1028386]: [session uid=1000 pid=1028386 pidfd=4] Activating service name='org.freedesktop.systemd1' requested by ':1.4' (uid=1000 pid=1028778 comm="/usr/bin/dbus-broker-launch --config-file=/usr/sha")
dbus-daemon[1028386]: [session uid=1000 pid=1028386 pidfd=4] Activated service 'org.freedesktop.systemd1' failed: Process org.freedesktop.systemd1 exited with status 1
{"trial": "L1-154-fill-COMP-measured-r25", "mode": "replay", "outcome": "verified", "oracle_exact_match": true, "completion_mutations": 1, "routes": ["compiled"], "error": null, "la": "3.94", "prov": {"attempts": 264, "reached": 264}}
dbus-daemon[1028386]: [session uid=1000 pid=1028386 pidfd=4] Activating service name='org.freedesktop.systemd1' requested by ':1.4' (uid=1000 pid=1028778 comm="/usr/bin/dbus-broker-launch --config-file=/usr/sha")
dbus-daemon[1028386]: [session uid=1000 pid=1028386 pidfd=4] Activated service 'org.freedesktop.systemd1' failed: Process org.freedesktop.systemd1 exited with status 1
dbus-daemon[1028386]: [session uid=1000 pid=1028386 pidfd=4] Activating service name='org.freedesktop.systemd1' requested by ':1.4' (uid=1000 pid=1028778 comm="/usr/bin/dbus-broker-launch --config-file=/usr/sha")
dbus-daemon[1028386]: [session uid=1000 pid=1028386 pidfd=4] Activated service 'org.freedesktop.systemd1' failed: Process org.freedesktop.systemd1 exited with status 1
dbus-daemon[1028386]: [session uid=1000 pid=1028386 pidfd=4] Activating service name='org.freedesktop.systemd1' requested by ':1.4' (uid=1000 pid=1028778 comm="/usr/bin/dbus-broker-launch --config-file=/usr/sha")
dbus-daemon[1028386]: [session uid=1000 pid=1028386 pidfd=4] Activated service 'org.freedesktop.systemd1' failed: Process org.freedesktop.systemd1 exited with status 1
{"trial": "L1-155-fill-BASE-measured-r25", "mode": "step", "outcome": "verified", "oracle_exact_match": true, "completion_mutations": 1, "routes": ["provider", "provider"], "error": null, "la": "3.95", "prov": {"attempts": 266, "reached": 266}}
dbus-daemon[1028386]: [session uid=1000 pid=1028386 pidfd=4] Activating service name='org.freedesktop.systemd1' requested by ':1.4' (uid=1000 pid=1028778 comm="/usr/bin/dbus-broker-launch --config-file=/usr/sha")
dbus-daemon[1028386]: [session uid=1000 pid=1028386 pidfd=4] Activated service 'org.freedesktop.systemd1' failed: Process org.freedesktop.systemd1 exited with status 1
dbus-daemon[1028386]: [session uid=1000 pid=1028386 pidfd=4] Activating service name='org.freedesktop.systemd1' requested by ':1.4' (uid=1000 pid=1028778 comm="/usr/bin/dbus-broker-launch --config-file=/usr/sha")
dbus-daemon[1028386]: [session uid=1000 pid=1028386 pidfd=4] Activated service 'org.freedesktop.systemd1' failed: Process org.freedesktop.systemd1 exited with status 1
dbus-daemon[1028386]: [session uid=1000 pid=1028386 pidfd=4] Activating service name='org.freedesktop.systemd1' requested by ':1.4' (uid=1000 pid=1028778 comm="/usr/bin/dbus-broker-launch --config-file=/usr/sha")
dbus-daemon[1028386]: [session uid=1000 pid=1028386 pidfd=4] Activated service 'org.freedesktop.systemd1' failed: Process org.freedesktop.systemd1 exited with status 1
{"trial": "L1-156-modal-BASE-measured-r26", "mode": "step", "outcome": "verified", "oracle_exact_match": true, "completion_mutations": 1, "routes": ["provider", "provider"], "error": null, "la": "3.87", "prov": {"attempts": 268, "reached": 268}}
dbus-daemon[1028386]: [session uid=1000 pid=1028386 pidfd=4] Activating service name='org.freedesktop.systemd1' requested by ':1.4' (uid=1000 pid=1028778 comm="/usr/bin/dbus-broker-launch --config-file=/usr/sha")
dbus-daemon[1028386]: [session uid=1000 pid=1028386 pidfd=4] Activated service 'org.freedesktop.systemd1' failed: Process org.freedesktop.systemd1 exited with status 1
dbus-daemon[1028386]: [session uid=1000 pid=1028386 pidfd=4] Activating service name='org.freedesktop.systemd1' requested by ':1.4' (uid=1000 pid=1028778 comm="/usr/bin/dbus-broker-launch --config-file=/usr/sha")
dbus-daemon[1028386]: [session uid=1000 pid=1028386 pidfd=4] Activated service 'org.freedesktop.systemd1' failed: Process org.freedesktop.systemd1 exited with status 1
dbus-daemon[1028386]: [session uid=1000 pid=1028386 pidfd=4] Activating service name='org.freedesktop.systemd1' requested by ':1.4' (uid=1000 pid=1028778 comm="/usr/bin/dbus-broker-launch --config-file=/usr/sha")
dbus-daemon[1028386]: [session uid=1000 pid=1028386 pidfd=4] Activated service 'org.freedesktop.systemd1' failed: Process org.freedesktop.systemd1 exited with status 1
{"trial": "L1-157-modal-COMP-measured-r26", "mode": "step", "outcome": "verified", "oracle_exact_match": true, "completion_mutations": 1, "routes": ["provider", "provider"], "error": null, "la": "3.87", "prov": {"attempts": 270, "reached": 270}}
dbus-daemon[1028386]: [session uid=1000 pid=1028386 pidfd=4] Activating service name='org.freedesktop.systemd1' requested by ':1.4' (uid=1000 pid=1028778 comm="/usr/bin/dbus-broker-launch --config-file=/usr/sha")
dbus-daemon[1028386]: [session uid=1000 pid=1028386 pidfd=4] Activated service 'org.freedesktop.systemd1' failed: Process org.freedesktop.systemd1 exited with status 1
dbus-daemon[1028386]: [session uid=1000 pid=1028386 pidfd=4] Activating service name='org.freedesktop.systemd1' requested by ':1.4' (uid=1000 pid=1028778 comm="/usr/bin/dbus-broker-launch --config-file=/usr/sha")
dbus-daemon[1028386]: [session uid=1000 pid=1028386 pidfd=4] Activated service 'org.freedesktop.systemd1' failed: Process org.freedesktop.systemd1 exited with status 1
dbus-daemon[1028386]: [session uid=1000 pid=1028386 pidfd=4] Activating service name='org.freedesktop.systemd1' requested by ':1.4' (uid=1000 pid=1028778 comm="/usr/bin/dbus-broker-launch --config-file=/usr/sha")
dbus-daemon[1028386]: [session uid=1000 pid=1028386 pidfd=4] Activated service 'org.freedesktop.systemd1' failed: Process org.freedesktop.systemd1 exited with status 1
{"trial": "L1-158-fill-BASE-measured-r26", "mode": "step", "outcome": "verified", "oracle_exact_match": true, "completion_mutations": 1, "routes": ["provider", "provider"], "error": null, "la": "4.20", "prov": {"attempts": 272, "reached": 272}}
dbus-daemon[1028386]: [session uid=1000 pid=1028386 pidfd=4] Activating service name='org.freedesktop.systemd1' requested by ':1.4' (uid=1000 pid=1028778 comm="/usr/bin/dbus-broker-launch --config-file=/usr/sha")
dbus-daemon[1028386]: [session uid=1000 pid=1028386 pidfd=4] Activated service 'org.freedesktop.systemd1' failed: Process org.freedesktop.systemd1 exited with status 1
dbus-daemon[1028386]: [session uid=1000 pid=1028386 pidfd=4] Activating service name='org.freedesktop.systemd1' requested by ':1.4' (uid=1000 pid=1028778 comm="/usr/bin/dbus-broker-launch --config-file=/usr/sha")
dbus-daemon[1028386]: [session uid=1000 pid=1028386 pidfd=4] Activated service 'org.freedesktop.systemd1' failed: Process org.freedesktop.systemd1 exited with status 1
dbus-daemon[1028386]: [session uid=1000 pid=1028386 pidfd=4] Activating service name='org.freedesktop.systemd1' requested by ':1.4' (uid=1000 pid=1028778 comm="/usr/bin/dbus-broker-launch --config-file=/usr/sha")
dbus-daemon[1028386]: [session uid=1000 pid=1028386 pidfd=4] Activated service 'org.freedesktop.systemd1' failed: Process org.freedesktop.systemd1 exited with status 1
{"trial": "L1-159-fill-COMP-measured-r26", "mode": "replay", "outcome": "verified", "oracle_exact_match": true, "completion_mutations": 1, "routes": ["compiled"], "error": null, "la": "3.94", "prov": {"attempts": 272, "reached": 272}}
dbus-daemon[1028386]: [session uid=1000 pid=1028386 pidfd=4] Activating service name='org.freedesktop.systemd1' requested by ':1.4' (uid=1000 pid=1028778 comm="/usr/bin/dbus-broker-launch --config-file=/usr/sha")
dbus-daemon[1028386]: [session uid=1000 pid=1028386 pidfd=4] Activated service 'org.freedesktop.systemd1' failed: Process org.freedesktop.systemd1 exited with status 1
dbus-daemon[1028386]: [session uid=1000 pid=1028386 pidfd=4] Activating service name='org.freedesktop.systemd1' requested by ':1.4' (uid=1000 pid=1028778 comm="/usr/bin/dbus-broker-launch --config-file=/usr/sha")
dbus-daemon[1028386]: [session uid=1000 pid=1028386 pidfd=4] Activated service 'org.freedesktop.systemd1' failed: Process org.freedesktop.systemd1 exited with status 1
dbus-daemon[1028386]: [session uid=1000 pid=1028386 pidfd=4] Activating service name='org.freedesktop.systemd1' requested by ':1.4' (uid=1000 pid=1028778 comm="/usr/bin/dbus-broker-launch --config-file=/usr/sha")
dbus-daemon[1028386]: [session uid=1000 pid=1028386 pidfd=4] Activated service 'org.freedesktop.systemd1' failed: Process org.freedesktop.systemd1 exited with status 1
{"trial": "L1-160-toggle-BASE-measured-r26", "mode": "step", "outcome": "verified", "oracle_exact_match": true, "completion_mutations": 1, "routes": ["provider", "provider"], "error": null, "la": "3.94", "prov": {"attempts": 274, "reached": 274}}
dbus-daemon[1028386]: [session uid=1000 pid=1028386 pidfd=4] Activating service name='org.freedesktop.systemd1' requested by ':1.4' (uid=1000 pid=1028778 comm="/usr/bin/dbus-broker-launch --config-file=/usr/sha")
dbus-daemon[1028386]: [session uid=1000 pid=1028386 pidfd=4] Activated service 'org.freedesktop.systemd1' failed: Process org.freedesktop.systemd1 exited with status 1
dbus-daemon[1028386]: [session uid=1000 pid=1028386 pidfd=4] Activating service name='org.freedesktop.systemd1' requested by ':1.4' (uid=1000 pid=1028778 comm="/usr/bin/dbus-broker-launch --config-file=/usr/sha")
dbus-daemon[1028386]: [session uid=1000 pid=1028386 pidfd=4] Activated service 'org.freedesktop.systemd1' failed: Process org.freedesktop.systemd1 exited with status 1
dbus-daemon[1028386]: [session uid=1000 pid=1028386 pidfd=4] Activating service name='org.freedesktop.systemd1' requested by ':1.4' (uid=1000 pid=1028778 comm="/usr/bin/dbus-broker-launch --config-file=/usr/sha")
dbus-daemon[1028386]: [session uid=1000 pid=1028386 pidfd=4] Activated service 'org.freedesktop.systemd1' failed: Process org.freedesktop.systemd1 exited with status 1
{"trial": "L1-161-toggle-COMP-measured-r26", "mode": "step", "outcome": "verified", "oracle_exact_match": true, "completion_mutations": 1, "routes": ["provider", "provider"], "error": null, "la": "3.87", "prov": {"attempts": 276, "reached": 276}}
dbus-daemon[1028386]: [session uid=1000 pid=1028386 pidfd=4] Activating service name='org.freedesktop.systemd1' requested by ':1.4' (uid=1000 pid=1028778 comm="/usr/bin/dbus-broker-launch --config-file=/usr/sha")
dbus-daemon[1028386]: [session uid=1000 pid=1028386 pidfd=4] Activated service 'org.freedesktop.systemd1' failed: Process org.freedesktop.systemd1 exited with status 1
dbus-daemon[1028386]: [session uid=1000 pid=1028386 pidfd=4] Activating service name='org.freedesktop.systemd1' requested by ':1.4' (uid=1000 pid=1028778 comm="/usr/bin/dbus-broker-launch --config-file=/usr/sha")
dbus-daemon[1028386]: [session uid=1000 pid=1028386 pidfd=4] Activated service 'org.freedesktop.systemd1' failed: Process org.freedesktop.systemd1 exited with status 1
dbus-daemon[1028386]: [session uid=1000 pid=1028386 pidfd=4] Activating service name='org.freedesktop.systemd1' requested by ':1.4' (uid=1000 pid=1028778 comm="/usr/bin/dbus-broker-launch --config-file=/usr/sha")
dbus-daemon[1028386]: [session uid=1000 pid=1028386 pidfd=4] Activated service 'org.freedesktop.systemd1' failed: Process org.freedesktop.systemd1 exited with status 1
{"trial": "L1-162-fill-COMP-measured-r27", "mode": "replay", "outcome": "verified", "oracle_exact_match": true, "completion_mutations": 1, "routes": ["compiled"], "error": null, "la": "3.87", "prov": {"attempts": 276, "reached": 276}}
dbus-daemon[1028386]: [session uid=1000 pid=1028386 pidfd=4] Activating service name='org.freedesktop.systemd1' requested by ':1.4' (uid=1000 pid=1028778 comm="/usr/bin/dbus-broker-launch --config-file=/usr/sha")
dbus-daemon[1028386]: [session uid=1000 pid=1028386 pidfd=4] Activated service 'org.freedesktop.systemd1' failed: Process org.freedesktop.systemd1 exited with status 1
dbus-daemon[1028386]: [session uid=1000 pid=1028386 pidfd=4] Activating service name='org.freedesktop.systemd1' requested by ':1.4' (uid=1000 pid=1028778 comm="/usr/bin/dbus-broker-launch --config-file=/usr/sha")
dbus-daemon[1028386]: [session uid=1000 pid=1028386 pidfd=4] Activated service 'org.freedesktop.systemd1' failed: Process org.freedesktop.systemd1 exited with status 1
dbus-daemon[1028386]: [session uid=1000 pid=1028386 pidfd=4] Activating service name='org.freedesktop.systemd1' requested by ':1.4' (uid=1000 pid=1028778 comm="/usr/bin/dbus-broker-launch --config-file=/usr/sha")
dbus-daemon[1028386]: [session uid=1000 pid=1028386 pidfd=4] Activated service 'org.freedesktop.systemd1' failed: Process org.freedesktop.systemd1 exited with status 1
{"trial": "L1-163-fill-BASE-measured-r27", "mode": "step", "outcome": "verified", "oracle_exact_match": true, "completion_mutations": 1, "routes": ["provider", "provider"], "error": null, "la": "3.87", "prov": {"attempts": 278, "reached": 278}}
dbus-daemon[1028386]: [session uid=1000 pid=1028386 pidfd=4] Activating service name='org.freedesktop.systemd1' requested by ':1.4' (uid=1000 pid=1028778 comm="/usr/bin/dbus-broker-launch --config-file=/usr/sha")
dbus-daemon[1028386]: [session uid=1000 pid=1028386 pidfd=4] Activated service 'org.freedesktop.systemd1' failed: Process org.freedesktop.systemd1 exited with status 1
dbus-daemon[1028386]: [session uid=1000 pid=1028386 pidfd=4] Activating service name='org.freedesktop.systemd1' requested by ':1.4' (uid=1000 pid=1028778 comm="/usr/bin/dbus-broker-launch --config-file=/usr/sha")
dbus-daemon[1028386]: [session uid=1000 pid=1028386 pidfd=4] Activated service 'org.freedesktop.systemd1' failed: Process org.freedesktop.systemd1 exited with status 1
dbus-daemon[1028386]: [session uid=1000 pid=1028386 pidfd=4] Activating service name='org.freedesktop.systemd1' requested by ':1.4' (uid=1000 pid=1028778 comm="/usr/bin/dbus-broker-launch --config-file=/usr/sha")
dbus-daemon[1028386]: [session uid=1000 pid=1028386 pidfd=4] Activated service 'org.freedesktop.systemd1' failed: Process org.freedesktop.systemd1 exited with status 1
{"trial": "L1-164-toggle-COMP-measured-r27", "mode": "step", "outcome": "verified", "oracle_exact_match": true, "completion_mutations": 1, "routes": ["provider", "provider"], "error": null, "la": "3.56", "prov": {"attempts": 280, "reached": 280}}
dbus-daemon[1028386]: [session uid=1000 pid=1028386 pidfd=4] Activating service name='org.freedesktop.systemd1' requested by ':1.4' (uid=1000 pid=1028778 comm="/usr/bin/dbus-broker-launch --config-file=/usr/sha")
dbus-daemon[1028386]: [session uid=1000 pid=1028386 pidfd=4] Activated service 'org.freedesktop.systemd1' failed: Process org.freedesktop.systemd1 exited with status 1
dbus-daemon[1028386]: [session uid=1000 pid=1028386 pidfd=4] Activating service name='org.freedesktop.systemd1' requested by ':1.4' (uid=1000 pid=1028778 comm="/usr/bin/dbus-broker-launch --config-file=/usr/sha")
dbus-daemon[1028386]: [session uid=1000 pid=1028386 pidfd=4] Activated service 'org.freedesktop.systemd1' failed: Process org.freedesktop.systemd1 exited with status 1
dbus-daemon[1028386]: [session uid=1000 pid=1028386 pidfd=4] Activating service name='org.freedesktop.systemd1' requested by ':1.4' (uid=1000 pid=1028778 comm="/usr/bin/dbus-broker-launch --config-file=/usr/sha")
dbus-daemon[1028386]: [session uid=1000 pid=1028386 pidfd=4] Activated service 'org.freedesktop.systemd1' failed: Process org.freedesktop.systemd1 exited with status 1
{"trial": "L1-165-toggle-BASE-measured-r27", "mode": "step", "outcome": "verified", "oracle_exact_match": true, "completion_mutations": 1, "routes": ["provider", "provider"], "error": null, "la": "3.56", "prov": {"attempts": 282, "reached": 282}}
dbus-daemon[1028386]: [session uid=1000 pid=1028386 pidfd=4] Activating service name='org.freedesktop.systemd1' requested by ':1.4' (uid=1000 pid=1028778 comm="/usr/bin/dbus-broker-launch --config-file=/usr/sha")
dbus-daemon[1028386]: [session uid=1000 pid=1028386 pidfd=4] Activated service 'org.freedesktop.systemd1' failed: Process org.freedesktop.systemd1 exited with status 1
dbus-daemon[1028386]: [session uid=1000 pid=1028386 pidfd=4] Activating service name='org.freedesktop.systemd1' requested by ':1.4' (uid=1000 pid=1028778 comm="/usr/bin/dbus-broker-launch --config-file=/usr/sha")
dbus-daemon[1028386]: [session uid=1000 pid=1028386 pidfd=4] Activated service 'org.freedesktop.systemd1' failed: Process org.freedesktop.systemd1 exited with status 1
dbus-daemon[1028386]: [session uid=1000 pid=1028386 pidfd=4] Activating service name='org.freedesktop.systemd1' requested by ':1.4' (uid=1000 pid=1028778 comm="/usr/bin/dbus-broker-launch --config-file=/usr/sha")
dbus-daemon[1028386]: [session uid=1000 pid=1028386 pidfd=4] Activated service 'org.freedesktop.systemd1' failed: Process org.freedesktop.systemd1 exited with status 1
{"trial": "L1-166-modal-COMP-measured-r27", "mode": "step", "outcome": "verified", "oracle_exact_match": true, "completion_mutations": 1, "routes": ["provider", "provider"], "error": null, "la": "3.67", "prov": {"attempts": 284, "reached": 284}}
dbus-daemon[1028386]: [session uid=1000 pid=1028386 pidfd=4] Activating service name='org.freedesktop.systemd1' requested by ':1.4' (uid=1000 pid=1028778 comm="/usr/bin/dbus-broker-launch --config-file=/usr/sha")
dbus-daemon[1028386]: [session uid=1000 pid=1028386 pidfd=4] Activated service 'org.freedesktop.systemd1' failed: Process org.freedesktop.systemd1 exited with status 1
dbus-daemon[1028386]: [session uid=1000 pid=1028386 pidfd=4] Activating service name='org.freedesktop.systemd1' requested by ':1.4' (uid=1000 pid=1028778 comm="/usr/bin/dbus-broker-launch --config-file=/usr/sha")
dbus-daemon[1028386]: [session uid=1000 pid=1028386 pidfd=4] Activated service 'org.freedesktop.systemd1' failed: Process org.freedesktop.systemd1 exited with status 1
dbus-daemon[1028386]: [session uid=1000 pid=1028386 pidfd=4] Activating service name='org.freedesktop.systemd1' requested by ':1.4' (uid=1000 pid=1028778 comm="/usr/bin/dbus-broker-launch --config-file=/usr/sha")
dbus-daemon[1028386]: [session uid=1000 pid=1028386 pidfd=4] Activated service 'org.freedesktop.systemd1' failed: Process org.freedesktop.systemd1 exited with status 1
{"trial": "L1-167-modal-BASE-measured-r27", "mode": "step", "outcome": "verified", "oracle_exact_match": true, "completion_mutations": 1, "routes": ["provider", "provider"], "error": null, "la": "3.67", "prov": {"attempts": 286, "reached": 286}}
dbus-daemon[1028386]: [session uid=1000 pid=1028386 pidfd=4] Activating service name='org.freedesktop.systemd1' requested by ':1.4' (uid=1000 pid=1028778 comm="/usr/bin/dbus-broker-launch --config-file=/usr/sha")
dbus-daemon[1028386]: [session uid=1000 pid=1028386 pidfd=4] Activated service 'org.freedesktop.systemd1' failed: Process org.freedesktop.systemd1 exited with status 1
dbus-daemon[1028386]: [session uid=1000 pid=1028386 pidfd=4] Activating service name='org.freedesktop.systemd1' requested by ':1.4' (uid=1000 pid=1028778 comm="/usr/bin/dbus-broker-launch --config-file=/usr/sha")
dbus-daemon[1028386]: [session uid=1000 pid=1028386 pidfd=4] Activated service 'org.freedesktop.systemd1' failed: Process org.freedesktop.systemd1 exited with status 1
dbus-daemon[1028386]: [session uid=1000 pid=1028386 pidfd=4] Activating service name='org.freedesktop.systemd1' requested by ':1.4' (uid=1000 pid=1028778 comm="/usr/bin/dbus-broker-launch --config-file=/usr/sha")
dbus-daemon[1028386]: [session uid=1000 pid=1028386 pidfd=4] Activated service 'org.freedesktop.systemd1' failed: Process org.freedesktop.systemd1 exited with status 1
{"trial": "L1-168-toggle-BASE-measured-r28", "mode": "step", "outcome": "verified", "oracle_exact_match": true, "completion_mutations": 1, "routes": ["provider", "provider"], "error": null, "la": "3.54", "prov": {"attempts": 288, "reached": 288}}
dbus-daemon[1028386]: [session uid=1000 pid=1028386 pidfd=4] Activating service name='org.freedesktop.systemd1' requested by ':1.4' (uid=1000 pid=1028778 comm="/usr/bin/dbus-broker-launch --config-file=/usr/sha")
dbus-daemon[1028386]: [session uid=1000 pid=1028386 pidfd=4] Activated service 'org.freedesktop.systemd1' failed: Process org.freedesktop.systemd1 exited with status 1
dbus-daemon[1028386]: [session uid=1000 pid=1028386 pidfd=4] Activating service name='org.freedesktop.systemd1' requested by ':1.4' (uid=1000 pid=1028778 comm="/usr/bin/dbus-broker-launch --config-file=/usr/sha")
dbus-daemon[1028386]: [session uid=1000 pid=1028386 pidfd=4] Activated service 'org.freedesktop.systemd1' failed: Process org.freedesktop.systemd1 exited with status 1
dbus-daemon[1028386]: [session uid=1000 pid=1028386 pidfd=4] Activating service name='org.freedesktop.systemd1' requested by ':1.4' (uid=1000 pid=1028778 comm="/usr/bin/dbus-broker-launch --config-file=/usr/sha")
dbus-daemon[1028386]: [session uid=1000 pid=1028386 pidfd=4] Activated service 'org.freedesktop.systemd1' failed: Process org.freedesktop.systemd1 exited with status 1
{"trial": "L1-169-toggle-COMP-measured-r28", "mode": "step", "outcome": "verified", "oracle_exact_match": true, "completion_mutations": 1, "routes": ["provider", "provider"], "error": null, "la": "3.66", "prov": {"attempts": 290, "reached": 290}}
dbus-daemon[1028386]: [session uid=1000 pid=1028386 pidfd=4] Activating service name='org.freedesktop.systemd1' requested by ':1.4' (uid=1000 pid=1028778 comm="/usr/bin/dbus-broker-launch --config-file=/usr/sha")
dbus-daemon[1028386]: [session uid=1000 pid=1028386 pidfd=4] Activated service 'org.freedesktop.systemd1' failed: Process org.freedesktop.systemd1 exited with status 1
dbus-daemon[1028386]: [session uid=1000 pid=1028386 pidfd=4] Activating service name='org.freedesktop.systemd1' requested by ':1.4' (uid=1000 pid=1028778 comm="/usr/bin/dbus-broker-launch --config-file=/usr/sha")
dbus-daemon[1028386]: [session uid=1000 pid=1028386 pidfd=4] Activated service 'org.freedesktop.systemd1' failed: Process org.freedesktop.systemd1 exited with status 1
dbus-daemon[1028386]: [session uid=1000 pid=1028386 pidfd=4] Activating service name='org.freedesktop.systemd1' requested by ':1.4' (uid=1000 pid=1028778 comm="/usr/bin/dbus-broker-launch --config-file=/usr/sha")
dbus-daemon[1028386]: [session uid=1000 pid=1028386 pidfd=4] Activated service 'org.freedesktop.systemd1' failed: Process org.freedesktop.systemd1 exited with status 1
{"trial": "L1-170-modal-BASE-measured-r28", "mode": "step", "outcome": "verified", "oracle_exact_match": true, "completion_mutations": 1, "routes": ["provider", "provider"], "error": null, "la": "3.66", "prov": {"attempts": 292, "reached": 292}}
dbus-daemon[1028386]: [session uid=1000 pid=1028386 pidfd=4] Activating service name='org.freedesktop.systemd1' requested by ':1.4' (uid=1000 pid=1028778 comm="/usr/bin/dbus-broker-launch --config-file=/usr/sha")
dbus-daemon[1028386]: [session uid=1000 pid=1028386 pidfd=4] Activated service 'org.freedesktop.systemd1' failed: Process org.freedesktop.systemd1 exited with status 1
dbus-daemon[1028386]: [session uid=1000 pid=1028386 pidfd=4] Activating service name='org.freedesktop.systemd1' requested by ':1.4' (uid=1000 pid=1028778 comm="/usr/bin/dbus-broker-launch --config-file=/usr/sha")
dbus-daemon[1028386]: [session uid=1000 pid=1028386 pidfd=4] Activated service 'org.freedesktop.systemd1' failed: Process org.freedesktop.systemd1 exited with status 1
dbus-daemon[1028386]: [session uid=1000 pid=1028386 pidfd=4] Activating service name='org.freedesktop.systemd1' requested by ':1.4' (uid=1000 pid=1028778 comm="/usr/bin/dbus-broker-launch --config-file=/usr/sha")
dbus-daemon[1028386]: [session uid=1000 pid=1028386 pidfd=4] Activated service 'org.freedesktop.systemd1' failed: Process org.freedesktop.systemd1 exited with status 1
{"trial": "L1-171-modal-COMP-measured-r28", "mode": "step", "outcome": "verified", "oracle_exact_match": true, "completion_mutations": 1, "routes": ["provider", "provider"], "error": null, "la": "3.52", "prov": {"attempts": 294, "reached": 294}}
dbus-daemon[1028386]: [session uid=1000 pid=1028386 pidfd=4] Activating service name='org.freedesktop.systemd1' requested by ':1.4' (uid=1000 pid=1028778 comm="/usr/bin/dbus-broker-launch --config-file=/usr/sha")
dbus-daemon[1028386]: [session uid=1000 pid=1028386 pidfd=4] Activated service 'org.freedesktop.systemd1' failed: Process org.freedesktop.systemd1 exited with status 1
dbus-daemon[1028386]: [session uid=1000 pid=1028386 pidfd=4] Activating service name='org.freedesktop.systemd1' requested by ':1.4' (uid=1000 pid=1028778 comm="/usr/bin/dbus-broker-launch --config-file=/usr/sha")
dbus-daemon[1028386]: [session uid=1000 pid=1028386 pidfd=4] Activated service 'org.freedesktop.systemd1' failed: Process org.freedesktop.systemd1 exited with status 1
dbus-daemon[1028386]: [session uid=1000 pid=1028386 pidfd=4] Activating service name='org.freedesktop.systemd1' requested by ':1.4' (uid=1000 pid=1028778 comm="/usr/bin/dbus-broker-launch --config-file=/usr/sha")
dbus-daemon[1028386]: [session uid=1000 pid=1028386 pidfd=4] Activated service 'org.freedesktop.systemd1' failed: Process org.freedesktop.systemd1 exited with status 1
{"trial": "L1-172-fill-BASE-measured-r28", "mode": "step", "outcome": "verified", "oracle_exact_match": true, "completion_mutations": 1, "routes": ["provider", "provider"], "error": null, "la": "3.52", "prov": {"attempts": 296, "reached": 296}}
dbus-daemon[1028386]: [session uid=1000 pid=1028386 pidfd=4] Activating service name='org.freedesktop.systemd1' requested by ':1.4' (uid=1000 pid=1028778 comm="/usr/bin/dbus-broker-launch --config-file=/usr/sha")
dbus-daemon[1028386]: [session uid=1000 pid=1028386 pidfd=4] Activated service 'org.freedesktop.systemd1' failed: Process org.freedesktop.systemd1 exited with status 1
dbus-daemon[1028386]: [session uid=1000 pid=1028386 pidfd=4] Activating service name='org.freedesktop.systemd1' requested by ':1.4' (uid=1000 pid=1028778 comm="/usr/bin/dbus-broker-launch --config-file=/usr/sha")
dbus-daemon[1028386]: [session uid=1000 pid=1028386 pidfd=4] Activated service 'org.freedesktop.systemd1' failed: Process org.freedesktop.systemd1 exited with status 1
dbus-daemon[1028386]: [session uid=1000 pid=1028386 pidfd=4] Activating service name='org.freedesktop.systemd1' requested by ':1.4' (uid=1000 pid=1028778 comm="/usr/bin/dbus-broker-launch --config-file=/usr/sha")
dbus-daemon[1028386]: [session uid=1000 pid=1028386 pidfd=4] Activated service 'org.freedesktop.systemd1' failed: Process org.freedesktop.systemd1 exited with status 1
{"trial": "L1-173-fill-COMP-measured-r28", "mode": "replay", "outcome": "verified", "oracle_exact_match": true, "completion_mutations": 1, "routes": ["compiled"], "error": null, "la": "3.40", "prov": {"attempts": 296, "reached": 296}}
dbus-daemon[1028386]: [session uid=1000 pid=1028386 pidfd=4] Activating service name='org.freedesktop.systemd1' requested by ':1.4' (uid=1000 pid=1028778 comm="/usr/bin/dbus-broker-launch --config-file=/usr/sha")
dbus-daemon[1028386]: [session uid=1000 pid=1028386 pidfd=4] Activated service 'org.freedesktop.systemd1' failed: Process org.freedesktop.systemd1 exited with status 1
dbus-daemon[1028386]: [session uid=1000 pid=1028386 pidfd=4] Activating service name='org.freedesktop.systemd1' requested by ':1.4' (uid=1000 pid=1028778 comm="/usr/bin/dbus-broker-launch --config-file=/usr/sha")
dbus-daemon[1028386]: [session uid=1000 pid=1028386 pidfd=4] Activated service 'org.freedesktop.systemd1' failed: Process org.freedesktop.systemd1 exited with status 1
dbus-daemon[1028386]: [session uid=1000 pid=1028386 pidfd=4] Activating service name='org.freedesktop.systemd1' requested by ':1.4' (uid=1000 pid=1028778 comm="/usr/bin/dbus-broker-launch --config-file=/usr/sha")
dbus-daemon[1028386]: [session uid=1000 pid=1028386 pidfd=4] Activated service 'org.freedesktop.systemd1' failed: Process org.freedesktop.systemd1 exited with status 1
{"trial": "L1-174-modal-COMP-measured-r29", "mode": "step", "outcome": "verified", "oracle_exact_match": true, "completion_mutations": 1, "routes": ["provider", "provider"], "error": null, "la": "3.40", "prov": {"attempts": 298, "reached": 298}}
dbus-daemon[1028386]: [session uid=1000 pid=1028386 pidfd=4] Activating service name='org.freedesktop.systemd1' requested by ':1.4' (uid=1000 pid=1028778 comm="/usr/bin/dbus-broker-launch --config-file=/usr/sha")
dbus-daemon[1028386]: [session uid=1000 pid=1028386 pidfd=4] Activated service 'org.freedesktop.systemd1' failed: Process org.freedesktop.systemd1 exited with status 1
dbus-daemon[1028386]: [session uid=1000 pid=1028386 pidfd=4] Activating service name='org.freedesktop.systemd1' requested by ':1.4' (uid=1000 pid=1028778 comm="/usr/bin/dbus-broker-launch --config-file=/usr/sha")
dbus-daemon[1028386]: [session uid=1000 pid=1028386 pidfd=4] Activated service 'org.freedesktop.systemd1' failed: Process org.freedesktop.systemd1 exited with status 1
dbus-daemon[1028386]: [session uid=1000 pid=1028386 pidfd=4] Activating service name='org.freedesktop.systemd1' requested by ':1.4' (uid=1000 pid=1028778 comm="/usr/bin/dbus-broker-launch --config-file=/usr/sha")
dbus-daemon[1028386]: [session uid=1000 pid=1028386 pidfd=4] Activated service 'org.freedesktop.systemd1' failed: Process org.freedesktop.systemd1 exited with status 1
{"trial": "L1-175-modal-BASE-measured-r29", "mode": "step", "outcome": "verified", "oracle_exact_match": true, "completion_mutations": 1, "routes": ["provider", "provider"], "error": null, "la": "3.37", "prov": {"attempts": 300, "reached": 300}}
dbus-daemon[1028386]: [session uid=1000 pid=1028386 pidfd=4] Activating service name='org.freedesktop.systemd1' requested by ':1.4' (uid=1000 pid=1028778 comm="/usr/bin/dbus-broker-launch --config-file=/usr/sha")
dbus-daemon[1028386]: [session uid=1000 pid=1028386 pidfd=4] Activated service 'org.freedesktop.systemd1' failed: Process org.freedesktop.systemd1 exited with status 1
dbus-daemon[1028386]: [session uid=1000 pid=1028386 pidfd=4] Activating service name='org.freedesktop.systemd1' requested by ':1.4' (uid=1000 pid=1028778 comm="/usr/bin/dbus-broker-launch --config-file=/usr/sha")
dbus-daemon[1028386]: [session uid=1000 pid=1028386 pidfd=4] Activated service 'org.freedesktop.systemd1' failed: Process org.freedesktop.systemd1 exited with status 1
dbus-daemon[1028386]: [session uid=1000 pid=1028386 pidfd=4] Activating service name='org.freedesktop.systemd1' requested by ':1.4' (uid=1000 pid=1028778 comm="/usr/bin/dbus-broker-launch --config-file=/usr/sha")
dbus-daemon[1028386]: [session uid=1000 pid=1028386 pidfd=4] Activated service 'org.freedesktop.systemd1' failed: Process org.freedesktop.systemd1 exited with status 1
{"trial": "L1-176-fill-COMP-measured-r29", "mode": "replay", "outcome": "verified", "oracle_exact_match": true, "completion_mutations": 1, "routes": ["compiled"], "error": null, "la": "3.42", "prov": {"attempts": 300, "reached": 300}}
dbus-daemon[1028386]: [session uid=1000 pid=1028386 pidfd=4] Activating service name='org.freedesktop.systemd1' requested by ':1.4' (uid=1000 pid=1028778 comm="/usr/bin/dbus-broker-launch --config-file=/usr/sha")
dbus-daemon[1028386]: [session uid=1000 pid=1028386 pidfd=4] Activated service 'org.freedesktop.systemd1' failed: Process org.freedesktop.systemd1 exited with status 1
dbus-daemon[1028386]: [session uid=1000 pid=1028386 pidfd=4] Activating service name='org.freedesktop.systemd1' requested by ':1.4' (uid=1000 pid=1028778 comm="/usr/bin/dbus-broker-launch --config-file=/usr/sha")
dbus-daemon[1028386]: [session uid=1000 pid=1028386 pidfd=4] Activated service 'org.freedesktop.systemd1' failed: Process org.freedesktop.systemd1 exited with status 1
dbus-daemon[1028386]: [session uid=1000 pid=1028386 pidfd=4] Activating service name='org.freedesktop.systemd1' requested by ':1.4' (uid=1000 pid=1028778 comm="/usr/bin/dbus-broker-launch --config-file=/usr/sha")
dbus-daemon[1028386]: [session uid=1000 pid=1028386 pidfd=4] Activated service 'org.freedesktop.systemd1' failed: Process org.freedesktop.systemd1 exited with status 1
{"trial": "L1-177-fill-BASE-measured-r29", "mode": "step", "outcome": "verified", "oracle_exact_match": true, "completion_mutations": 1, "routes": ["provider", "provider"], "error": null, "la": "3.42", "prov": {"attempts": 302, "reached": 302}}
dbus-daemon[1028386]: [session uid=1000 pid=1028386 pidfd=4] Activating service name='org.freedesktop.systemd1' requested by ':1.4' (uid=1000 pid=1028778 comm="/usr/bin/dbus-broker-launch --config-file=/usr/sha")
dbus-daemon[1028386]: [session uid=1000 pid=1028386 pidfd=4] Activated service 'org.freedesktop.systemd1' failed: Process org.freedesktop.systemd1 exited with status 1
dbus-daemon[1028386]: [session uid=1000 pid=1028386 pidfd=4] Activating service name='org.freedesktop.systemd1' requested by ':1.4' (uid=1000 pid=1028778 comm="/usr/bin/dbus-broker-launch --config-file=/usr/sha")
dbus-daemon[1028386]: [session uid=1000 pid=1028386 pidfd=4] Activated service 'org.freedesktop.systemd1' failed: Process org.freedesktop.systemd1 exited with status 1
dbus-daemon[1028386]: [session uid=1000 pid=1028386 pidfd=4] Activating service name='org.freedesktop.systemd1' requested by ':1.4' (uid=1000 pid=1028778 comm="/usr/bin/dbus-broker-launch --config-file=/usr/sha")
dbus-daemon[1028386]: [session uid=1000 pid=1028386 pidfd=4] Activated service 'org.freedesktop.systemd1' failed: Process org.freedesktop.systemd1 exited with status 1
{"trial": "L1-178-toggle-COMP-measured-r29", "mode": "step", "outcome": "verified", "oracle_exact_match": true, "completion_mutations": 1, "routes": ["provider", "provider"], "error": null, "la": "3.31", "prov": {"attempts": 304, "reached": 304}}
dbus-daemon[1028386]: [session uid=1000 pid=1028386 pidfd=4] Activating service name='org.freedesktop.systemd1' requested by ':1.4' (uid=1000 pid=1028778 comm="/usr/bin/dbus-broker-launch --config-file=/usr/sha")
dbus-daemon[1028386]: [session uid=1000 pid=1028386 pidfd=4] Activated service 'org.freedesktop.systemd1' failed: Process org.freedesktop.systemd1 exited with status 1
dbus-daemon[1028386]: [session uid=1000 pid=1028386 pidfd=4] Activating service name='org.freedesktop.systemd1' requested by ':1.4' (uid=1000 pid=1028778 comm="/usr/bin/dbus-broker-launch --config-file=/usr/sha")
dbus-daemon[1028386]: [session uid=1000 pid=1028386 pidfd=4] Activated service 'org.freedesktop.systemd1' failed: Process org.freedesktop.systemd1 exited with status 1
dbus-daemon[1028386]: [session uid=1000 pid=1028386 pidfd=4] Activating service name='org.freedesktop.systemd1' requested by ':1.4' (uid=1000 pid=1028778 comm="/usr/bin/dbus-broker-launch --config-file=/usr/sha")
dbus-daemon[1028386]: [session uid=1000 pid=1028386 pidfd=4] Activated service 'org.freedesktop.systemd1' failed: Process org.freedesktop.systemd1 exited with status 1
{"trial": "L1-179-toggle-BASE-measured-r29", "mode": "step", "outcome": "verified", "oracle_exact_match": true, "completion_mutations": 1, "routes": ["provider", "provider"], "error": null, "la": "3.31", "prov": {"attempts": 306, "reached": 306}}
A connection to the bus can't be made
CRITICAL: [dbus_cb_name_lost:1438] Cannot connect to DBus.
[session] exit rc=0 run_dir=<lane-tmp>/x11-session.tuSqh0
[2026-10-02T19:15:37.759Z] chunk r2-10-L1 rc=0 loadavg=3.60 4.70 7.67
