[2026-10-03T23:10:43.353Z] chunk b09r-main-a1-r12-23-k2 plan=main rounds=12,13,14,15,16,17,18,19,20,21,22,23 block=m attempt=1 loadavg=2.85 3.02 3.23 hostless=1
[b09] session_attempt=1 jitter_ms=524 utc=2026-10-03T23:57:26.251Z
[session] DISPLAY=:100 openbox=748142 picom=748143 dbus=unix:path=<redacted>u8oYwfUHc,guid=728b7415686d025c18f4ef1c6ac19669
[b09] display=:100 xdpyinfo=ok start_utc=2026-10-03T23:57:31.285Z loadavg=1.64 1.92 2.43 telemetry_env=false dnt=1 lock=exclusive wayland=unset hostless=1
dbus-daemon[748140]: [session uid=1000 pid=748140 pidfd=4] Activating service name='org.a11y.Bus' requested by ':1.0' (uid=1000 pid=748237 comm="<lanes>/bin/cua-driver-b0")
dbus-daemon[748140]: [session uid=1000 pid=748140 pidfd=4] Successfully activated service 'org.a11y.Bus'
dbus-daemon[748140]: [session uid=1000 pid=748140 pidfd=4] Activating service name='ca.desrt.dconf' requested by ':1.1' (uid=1000 pid=748244 comm="/usr/lib/at-spi-bus-launcher")
dbus-daemon[748140]: [session uid=1000 pid=748140 pidfd=4] Successfully activated service 'ca.desrt.dconf'
dbus-daemon[748140]: [session uid=1000 pid=748140 pidfd=4] Activating service name='org.freedesktop.systemd1' requested by ':1.4' (uid=1000 pid=748273 comm="/usr/bin/dbus-broker-launch --config-file=/usr/sha")
dbus-daemon[748140]: [session uid=1000 pid=748140 pidfd=4] Activated service 'org.freedesktop.systemd1' failed: Process org.freedesktop.systemd1 exited with status 1
[2m2026-10-03T23:57:32.386966Z[0m [33m WARN[0m [2mcua_driver_sdk::runtime[0m[2m:[0m could not activate the persistent AT-SPI listener: AT-SPI connect failed: ZBus Error: MethodError(OwnedErrorName("org.freedesktop.DBus.Error.NameHasNoOwner"), Some("Could not activate remote peer 'org.a11y.atspi.Registry': unit failed"), Msg { type: Error, serial: 4294967295, sender: UniqueName("org.freedesktop.DBus"), reply-serial: 10, body: Str, fds: [] })
[2m2026-10-03T23:57:32.395736Z[0m [33m WARN[0m [2mplatform_linux::overlay[0m[2m:[0m X11 overlay: root reads cannot see this window's own pixels; save-unders will be served without readback confirmation
dbus-daemon[748140]: [session uid=1000 pid=748140 pidfd=4] Activating service name='org.gtk.vfs.Daemon' requested by ':1.5' (uid=1000 pid=748340 comm="/opt/google/chrome/chrome --remote-debugging-port=")
dbus-daemon[748140]: [session uid=1000 pid=748140 pidfd=4] Successfully activated service 'org.gtk.vfs.Daemon'
fusermount3: mount failed: Operation not permitted
dbus-daemon[748140]: [session uid=1000 pid=748140 pidfd=4] Activating service name='org.freedesktop.systemd1' requested by ':1.4' (uid=1000 pid=748273 comm="/usr/bin/dbus-broker-launch --config-file=/usr/sha")
dbus-daemon[748140]: [session uid=1000 pid=748140 pidfd=4] Activated service 'org.freedesktop.systemd1' failed: Process org.freedesktop.systemd1 exited with status 1
dbus-daemon[748140]: [session uid=1000 pid=748140 pidfd=4] Activating service name='org.freedesktop.systemd1' requested by ':1.4' (uid=1000 pid=748273 comm="/usr/bin/dbus-broker-launch --config-file=/usr/sha")
dbus-daemon[748140]: [session uid=1000 pid=748140 pidfd=4] Activated service 'org.freedesktop.systemd1' failed: Process org.freedesktop.systemd1 exited with status 1
dbus-daemon[748140]: [session uid=1000 pid=748140 pidfd=4] Activating service name='org.freedesktop.Notifications' requested by ':1.7' (uid=1000 pid=748340 comm="/opt/google/chrome/chrome --remote-debugging-port=")
dbus-daemon[748140]: [session uid=1000 pid=748140 pidfd=4] Activating service name='org.freedesktop.portal.Desktop' requested by ':1.7' (uid=1000 pid=748340 comm="/opt/google/chrome/chrome --remote-debugging-port=")
dbus-daemon[748140]: [session uid=1000 pid=748140 pidfd=4] Successfully activated service 'org.freedesktop.Notifications'
dbus-daemon[748140]: [session uid=1000 pid=748140 pidfd=4] Activating service name='org.freedesktop.impl.portal.PermissionStore' requested by ':1.9' (uid=1000 pid=748548 comm="/usr/lib/xdg-desktop-portal")
dbus-daemon[748140]: [session uid=1000 pid=748140 pidfd=4] Successfully activated service 'org.freedesktop.impl.portal.PermissionStore'
dbus-daemon[748140]: [session uid=1000 pid=748140 pidfd=4] Activating service name='org.freedesktop.portal.Documents' requested by ':1.9' (uid=1000 pid=748548 comm="/usr/lib/xdg-desktop-portal")
dbus-daemon[748140]: [session uid=1000 pid=748140 pidfd=4] Successfully activated service 'org.freedesktop.portal.Documents'
fusermount3: mount failed: Operation not permitted
error: fuse init failed: Can't mount path <tmp>/x11-session.6yGuXG/xdg-runtime/doc

(/usr/lib/xdg-desktop-portal:748548): xdg-desktop-portal-WARNING **: 18:57:33.328: Document portal fuse mount point unknown: GDBus.Error:org.freedesktop.DBus.Error.ServiceUnknown: The name :1.11 was not provided by any .service files

(/usr/lib/xdg-desktop-portal:748548): xdg-desktop-portal-WARNING **: 18:57:33.328: Choosing gtk.portal for org.freedesktop.impl.portal.Lockdown as a last-resort fallback
dbus-daemon[748140]: [session uid=1000 pid=748140 pidfd=4] Activating service name='org.freedesktop.impl.portal.desktop.gtk' requested by ':1.9' (uid=1000 pid=748548 comm="/usr/lib/xdg-desktop-portal")
dbus-daemon[748140]: [session uid=1000 pid=748140 pidfd=4] Activating service name='org.freedesktop.systemd1' requested by ':1.4' (uid=1000 pid=748273 comm="/usr/bin/dbus-broker-launch --config-file=/usr/sha")
dbus-daemon[748140]: [session uid=1000 pid=748140 pidfd=4] Activated service 'org.freedesktop.systemd1' failed: Process org.freedesktop.systemd1 exited with status 1
dbus-daemon[748140]: [session uid=1000 pid=748140 pidfd=4] Successfully activated service 'org.freedesktop.impl.portal.desktop.gtk'

** (xdg-desktop-portal-gtk:748570): WARNING **: 18:57:33.354: AT-SPI: Could not obtain desktop path or name

dbus-daemon[748140]: [session uid=1000 pid=748140 pidfd=4] Activating service name='org.freedesktop.systemd1' requested by ':1.4' (uid=1000 pid=748273 comm="/usr/bin/dbus-broker-launch --config-file=/usr/sha")

(/usr/lib/xdg-desktop-portal:748548): xdg-desktop-portal-WARNING **: 18:57:33.355: Choosing gtk.portal for org.freedesktop.impl.portal.Access as a last-resort fallback
dbus-daemon[748140]: [session uid=1000 pid=748140 pidfd=4] Activated service 'org.freedesktop.systemd1' failed: Process org.freedesktop.systemd1 exited with status 1

** (xdg-desktop-portal-gtk:748570): WARNING **: 18:57:33.355: atk-bridge: GetRegisteredEvents returned message with unknown signature

** (xdg-desktop-portal-gtk:748570): WARNING **: 18:57:33.355: atk-bridge: get_device_events_reply: unknown signature

(/usr/lib/xdg-desktop-portal:748548): xdg-desktop-portal-WARNING **: 18:57:33.377: Choosing gtk.portal for org.freedesktop.impl.portal.Settings as a last-resort fallback

(/usr/lib/xdg-desktop-portal:748548): xdg-desktop-portal-WARNING **: 18:57:33.377: Choosing gtk.portal for org.freedesktop.impl.portal.FileChooser as a last-resort fallback

(/usr/lib/xdg-desktop-portal:748548): xdg-desktop-portal-WARNING **: 18:57:33.378: Choosing gtk.portal for org.freedesktop.impl.portal.AppChooser as a last-resort fallback

(/usr/lib/xdg-desktop-portal:748548): xdg-desktop-portal-WARNING **: 18:57:33.378: Choosing gtk.portal for org.freedesktop.impl.portal.Print as a last-resort fallback

(/usr/lib/xdg-desktop-portal:748548): xdg-desktop-portal-WARNING **: 18:57:33.378: Choosing gtk.portal for org.freedesktop.impl.portal.Notification as a last-resort fallback

(/usr/lib/xdg-desktop-portal:748548): xdg-desktop-portal-WARNING **: 18:57:33.379: Choosing gtk.portal for org.freedesktop.impl.portal.Inhibit as a last-resort fallback

(/usr/lib/xdg-desktop-portal:748548): xdg-desktop-portal-WARNING **: 18:57:33.380: Failed to connect to PipeWire: Couldn't connect to PipeWire

(/usr/lib/xdg-desktop-portal:748548): xdg-desktop-portal-WARNING **: 18:57:33.380: Choosing gtk.portal for org.freedesktop.impl.portal.Account as a last-resort fallback

(/usr/lib/xdg-desktop-portal:748548): xdg-desktop-portal-WARNING **: 18:57:33.381: Choosing gtk.portal for org.freedesktop.impl.portal.Email as a last-resort fallback

(/usr/lib/xdg-desktop-portal:748548): xdg-desktop-portal-WARNING **: 18:57:33.381: Choosing gtk.portal for org.freedesktop.impl.portal.DynamicLauncher as a last-resort fallback
dbus-daemon[748140]: [session uid=1000 pid=748140 pidfd=4] Successfully activated service 'org.freedesktop.portal.Desktop'

✨ cua-driver v0.33.1 is available (you have v0.32.0).
   Update with: cua-driver update
   Release notes: https://github.com/trycua/cua/releases/tag/cua-driver-rs-v0.33.1

{"trial": "m-a1-r12-fill-BASE", "outcome": "verified", "oracle_exact_match": true, "completion_mutations": 1, "routes": ["provider", "provider"], "loadavg_before": "1.99 1.99 2.45 1/2608 748235"}
dbus-daemon[748140]: [session uid=1000 pid=748140 pidfd=4] Activating service name='org.freedesktop.systemd1' requested by ':1.4' (uid=1000 pid=748273 comm="/usr/bin/dbus-broker-launch --config-file=/usr/sha")
dbus-daemon[748140]: [session uid=1000 pid=748140 pidfd=4] Activated service 'org.freedesktop.systemd1' failed: Process org.freedesktop.systemd1 exited with status 1
[2m2026-10-03T23:57:37.331498Z[0m [33m WARN[0m [2mcua_driver_sdk::runtime[0m[2m:[0m could not activate the persistent AT-SPI listener: AT-SPI connect failed: ZBus Error: MethodError(OwnedErrorName("org.freedesktop.DBus.Error.NameHasNoOwner"), Some("Could not activate remote peer 'org.a11y.atspi.Registry': unit failed"), Msg { type: Error, serial: 4294967295, sender: UniqueName("org.freedesktop.DBus"), reply-serial: 9, body: Str, fds: [] })
[2m2026-10-03T23:57:37.338995Z[0m [33m WARN[0m [2mplatform_linux::overlay[0m[2m:[0m X11 overlay: root reads cannot see this window's own pixels; save-unders will be served without readback confirmation

✨ cua-driver v0.33.1 is available (you have v0.32.0).
   Update with: cua-driver update
   Release notes: https://github.com/trycua/cua/releases/tag/cua-driver-rs-v0.33.1

dbus-daemon[748140]: [session uid=1000 pid=748140 pidfd=4] Activating service name='org.freedesktop.systemd1' requested by ':1.4' (uid=1000 pid=748273 comm="/usr/bin/dbus-broker-launch --config-file=/usr/sha")
dbus-daemon[748140]: [session uid=1000 pid=748140 pidfd=4] Activated service 'org.freedesktop.systemd1' failed: Process org.freedesktop.systemd1 exited with status 1
dbus-daemon[748140]: [session uid=1000 pid=748140 pidfd=4] Activating service name='org.freedesktop.systemd1' requested by ':1.4' (uid=1000 pid=748273 comm="/usr/bin/dbus-broker-launch --config-file=/usr/sha")
dbus-daemon[748140]: [session uid=1000 pid=748140 pidfd=4] Activated service 'org.freedesktop.systemd1' failed: Process org.freedesktop.systemd1 exited with status 1
{"trial": "m-a1-r12-fill-P10a", "outcome": "verified", "oracle_exact_match": true, "completion_mutations": 1, "routes": ["compiled"], "loadavg_before": "1.83 1.95 2.43 2/2658 748855"}
dbus-daemon[748140]: [session uid=1000 pid=748140 pidfd=4] Activating service name='org.freedesktop.systemd1' requested by ':1.4' (uid=1000 pid=748273 comm="/usr/bin/dbus-broker-launch --config-file=/usr/sha")
dbus-daemon[748140]: [session uid=1000 pid=748140 pidfd=4] Activated service 'org.freedesktop.systemd1' failed: Process org.freedesktop.systemd1 exited with status 1
[2m2026-10-03T23:57:38.832276Z[0m [33m WARN[0m [2mcua_driver_sdk::runtime[0m[2m:[0m could not activate the persistent AT-SPI listener: AT-SPI connect failed: ZBus Error: MethodError(OwnedErrorName("org.freedesktop.DBus.Error.NameHasNoOwner"), Some("Could not activate remote peer 'org.a11y.atspi.Registry': unit failed"), Msg { type: Error, serial: 4294967295, sender: UniqueName("org.freedesktop.DBus"), reply-serial: 9, body: Str, fds: [] })
[2m2026-10-03T23:57:38.839744Z[0m [33m WARN[0m [2mplatform_linux::overlay[0m[2m:[0m X11 overlay: root reads cannot see this window's own pixels; save-unders will be served without readback confirmation

✨ cua-driver v0.33.1 is available (you have v0.32.0).
   Update with: cua-driver update
   Release notes: https://github.com/trycua/cua/releases/tag/cua-driver-rs-v0.33.1

dbus-daemon[748140]: [session uid=1000 pid=748140 pidfd=4] Activating service name='org.freedesktop.systemd1' requested by ':1.4' (uid=1000 pid=748273 comm="/usr/bin/dbus-broker-launch --config-file=/usr/sha")
dbus-daemon[748140]: [session uid=1000 pid=748140 pidfd=4] Activated service 'org.freedesktop.systemd1' failed: Process org.freedesktop.systemd1 exited with status 1
dbus-daemon[748140]: [session uid=1000 pid=748140 pidfd=4] Activating service name='org.freedesktop.systemd1' requested by ':1.4' (uid=1000 pid=748273 comm="/usr/bin/dbus-broker-launch --config-file=/usr/sha")
dbus-daemon[748140]: [session uid=1000 pid=748140 pidfd=4] Activated service 'org.freedesktop.systemd1' failed: Process org.freedesktop.systemd1 exited with status 1
{"trial": "m-a1-r12-fill-PC", "outcome": "verified", "oracle_exact_match": true, "completion_mutations": 1, "routes": ["compiled"], "loadavg_before": "1.83 1.95 2.43 2/2658 749148"}
dbus-daemon[748140]: [session uid=1000 pid=748140 pidfd=4] Activating service name='org.freedesktop.systemd1' requested by ':1.4' (uid=1000 pid=748273 comm="/usr/bin/dbus-broker-launch --config-file=/usr/sha")
dbus-daemon[748140]: [session uid=1000 pid=748140 pidfd=4] Activated service 'org.freedesktop.systemd1' failed: Process org.freedesktop.systemd1 exited with status 1
[2m2026-10-03T23:57:40.332553Z[0m [33m WARN[0m [2mcua_driver_sdk::runtime[0m[2m:[0m could not activate the persistent AT-SPI listener: AT-SPI connect failed: ZBus Error: MethodError(OwnedErrorName("org.freedesktop.DBus.Error.NameHasNoOwner"), Some("Could not activate remote peer 'org.a11y.atspi.Registry': unit failed"), Msg { type: Error, serial: 4294967295, sender: UniqueName("org.freedesktop.DBus"), reply-serial: 9, body: Str, fds: [] })
[2m2026-10-03T23:57:40.339704Z[0m [33m WARN[0m [2mplatform_linux::overlay[0m[2m:[0m X11 overlay: root reads cannot see this window's own pixels; save-unders will be served without readback confirmation

✨ cua-driver v0.33.1 is available (you have v0.32.0).
   Update with: cua-driver update
   Release notes: https://github.com/trycua/cua/releases/tag/cua-driver-rs-v0.33.1

dbus-daemon[748140]: [session uid=1000 pid=748140 pidfd=4] Activating service name='org.freedesktop.systemd1' requested by ':1.4' (uid=1000 pid=748273 comm="/usr/bin/dbus-broker-launch --config-file=/usr/sha")
dbus-daemon[748140]: [session uid=1000 pid=748140 pidfd=4] Activated service 'org.freedesktop.systemd1' failed: Process org.freedesktop.systemd1 exited with status 1
dbus-daemon[748140]: [session uid=1000 pid=748140 pidfd=4] Activating service name='org.freedesktop.systemd1' requested by ':1.4' (uid=1000 pid=748273 comm="/usr/bin/dbus-broker-launch --config-file=/usr/sha")
dbus-daemon[748140]: [session uid=1000 pid=748140 pidfd=4] Activated service 'org.freedesktop.systemd1' failed: Process org.freedesktop.systemd1 exited with status 1
{"trial": "m-a1-r12-fill-P10b", "outcome": "verified", "oracle_exact_match": true, "completion_mutations": 1, "routes": ["compiled"], "loadavg_before": "1.83 1.95 2.43 2/2681 749515"}
dbus-daemon[748140]: [session uid=1000 pid=748140 pidfd=4] Activating service name='org.freedesktop.systemd1' requested by ':1.4' (uid=1000 pid=748273 comm="/usr/bin/dbus-broker-launch --config-file=/usr/sha")
dbus-daemon[748140]: [session uid=1000 pid=748140 pidfd=4] Activated service 'org.freedesktop.systemd1' failed: Process org.freedesktop.systemd1 exited with status 1
[2m2026-10-03T23:57:41.833845Z[0m [33m WARN[0m [2mcua_driver_sdk::runtime[0m[2m:[0m could not activate the persistent AT-SPI listener: AT-SPI connect failed: ZBus Error: MethodError(OwnedErrorName("org.freedesktop.DBus.Error.NameHasNoOwner"), Some("Could not activate remote peer 'org.a11y.atspi.Registry': unit failed"), Msg { type: Error, serial: 4294967295, sender: UniqueName("org.freedesktop.DBus"), reply-serial: 9, body: Str, fds: [] })
[2m2026-10-03T23:57:41.841225Z[0m [33m WARN[0m [2mplatform_linux::overlay[0m[2m:[0m X11 overlay: root reads cannot see this window's own pixels; save-unders will be served without readback confirmation

✨ cua-driver v0.33.1 is available (you have v0.32.0).
   Update with: cua-driver update
   Release notes: https://github.com/trycua/cua/releases/tag/cua-driver-rs-v0.33.1

dbus-daemon[748140]: [session uid=1000 pid=748140 pidfd=4] Activating service name='org.freedesktop.systemd1' requested by ':1.4' (uid=1000 pid=748273 comm="/usr/bin/dbus-broker-launch --config-file=/usr/sha")
dbus-daemon[748140]: [session uid=1000 pid=748140 pidfd=4] Activated service 'org.freedesktop.systemd1' failed: Process org.freedesktop.systemd1 exited with status 1
dbus-daemon[748140]: [session uid=1000 pid=748140 pidfd=4] Activating service name='org.freedesktop.systemd1' requested by ':1.4' (uid=1000 pid=748273 comm="/usr/bin/dbus-broker-launch --config-file=/usr/sha")
dbus-daemon[748140]: [session uid=1000 pid=748140 pidfd=4] Activated service 'org.freedesktop.systemd1' failed: Process org.freedesktop.systemd1 exited with status 1
{"trial": "m-a1-r12-fill-P0", "outcome": "verified", "oracle_exact_match": true, "completion_mutations": 1, "routes": ["compiled"], "loadavg_before": "1.76 1.94 2.42 2/2697 749822"}
dbus-daemon[748140]: [session uid=1000 pid=748140 pidfd=4] Activating service name='org.freedesktop.systemd1' requested by ':1.4' (uid=1000 pid=748273 comm="/usr/bin/dbus-broker-launch --config-file=/usr/sha")
dbus-daemon[748140]: [session uid=1000 pid=748140 pidfd=4] Activated service 'org.freedesktop.systemd1' failed: Process org.freedesktop.systemd1 exited with status 1
[2m2026-10-03T23:57:43.334269Z[0m [33m WARN[0m [2mcua_driver_sdk::runtime[0m[2m:[0m could not activate the persistent AT-SPI listener: AT-SPI connect failed: ZBus Error: MethodError(OwnedErrorName("org.freedesktop.DBus.Error.NameHasNoOwner"), Some("Could not activate remote peer 'org.a11y.atspi.Registry': unit failed"), Msg { type: Error, serial: 4294967295, sender: UniqueName("org.freedesktop.DBus"), reply-serial: 9, body: Str, fds: [] })
[2m2026-10-03T23:57:43.343125Z[0m [33m WARN[0m [2mplatform_linux::overlay[0m[2m:[0m X11 overlay: root reads cannot see this window's own pixels; save-unders will be served without readback confirmation

✨ cua-driver v0.33.1 is available (you have v0.32.0).
   Update with: cua-driver update
   Release notes: https://github.com/trycua/cua/releases/tag/cua-driver-rs-v0.33.1

dbus-daemon[748140]: [session uid=1000 pid=748140 pidfd=4] Activating service name='org.freedesktop.systemd1' requested by ':1.4' (uid=1000 pid=748273 comm="/usr/bin/dbus-broker-launch --config-file=/usr/sha")
dbus-daemon[748140]: [session uid=1000 pid=748140 pidfd=4] Activated service 'org.freedesktop.systemd1' failed: Process org.freedesktop.systemd1 exited with status 1
dbus-daemon[748140]: [session uid=1000 pid=748140 pidfd=4] Activating service name='org.freedesktop.systemd1' requested by ':1.4' (uid=1000 pid=748273 comm="/usr/bin/dbus-broker-launch --config-file=/usr/sha")
dbus-daemon[748140]: [session uid=1000 pid=748140 pidfd=4] Activated service 'org.freedesktop.systemd1' failed: Process org.freedesktop.systemd1 exited with status 1
{"trial": "m-a1-r12-fill-P1", "outcome": "verified", "oracle_exact_match": true, "completion_mutations": 1, "routes": ["compiled"], "loadavg_before": "1.76 1.94 2.42 2/2697 750106"}
dbus-daemon[748140]: [session uid=1000 pid=748140 pidfd=4] Activating service name='org.freedesktop.systemd1' requested by ':1.4' (uid=1000 pid=748273 comm="/usr/bin/dbus-broker-launch --config-file=/usr/sha")
dbus-daemon[748140]: [session uid=1000 pid=748140 pidfd=4] Activated service 'org.freedesktop.systemd1' failed: Process org.freedesktop.systemd1 exited with status 1
[2m2026-10-03T23:57:44.835499Z[0m [33m WARN[0m [2mcua_driver_sdk::runtime[0m[2m:[0m could not activate the persistent AT-SPI listener: AT-SPI connect failed: ZBus Error: MethodError(OwnedErrorName("org.freedesktop.DBus.Error.NameHasNoOwner"), Some("Could not activate remote peer 'org.a11y.atspi.Registry': unit failed"), Msg { type: Error, serial: 4294967295, sender: UniqueName("org.freedesktop.DBus"), reply-serial: 9, body: Str, fds: [] })
[2m2026-10-03T23:57:44.845590Z[0m [33m WARN[0m [2mplatform_linux::overlay[0m[2m:[0m X11 overlay: root reads cannot see this window's own pixels; save-unders will be served without readback confirmation

✨ cua-driver v0.33.1 is available (you have v0.32.0).
   Update with: cua-driver update
   Release notes: https://github.com/trycua/cua/releases/tag/cua-driver-rs-v0.33.1

dbus-daemon[748140]: [session uid=1000 pid=748140 pidfd=4] Activating service name='org.freedesktop.systemd1' requested by ':1.4' (uid=1000 pid=748273 comm="/usr/bin/dbus-broker-launch --config-file=/usr/sha")
dbus-daemon[748140]: [session uid=1000 pid=748140 pidfd=4] Activated service 'org.freedesktop.systemd1' failed: Process org.freedesktop.systemd1 exited with status 1
dbus-daemon[748140]: [session uid=1000 pid=748140 pidfd=4] Activating service name='org.freedesktop.systemd1' requested by ':1.4' (uid=1000 pid=748273 comm="/usr/bin/dbus-broker-launch --config-file=/usr/sha")
dbus-daemon[748140]: [session uid=1000 pid=748140 pidfd=4] Activated service 'org.freedesktop.systemd1' failed: Process org.freedesktop.systemd1 exited with status 1
{"trial": "m-a1-r13-fill-P10a", "outcome": "verified", "oracle_exact_match": true, "completion_mutations": 1, "routes": ["compiled"], "loadavg_before": "1.76 1.94 2.42 2/2688 750373"}
dbus-daemon[748140]: [session uid=1000 pid=748140 pidfd=4] Activating service name='org.freedesktop.systemd1' requested by ':1.4' (uid=1000 pid=748273 comm="/usr/bin/dbus-broker-launch --config-file=/usr/sha")
dbus-daemon[748140]: [session uid=1000 pid=748140 pidfd=4] Activated service 'org.freedesktop.systemd1' failed: Process org.freedesktop.systemd1 exited with status 1
[2m2026-10-03T23:57:46.336082Z[0m [33m WARN[0m [2mcua_driver_sdk::runtime[0m[2m:[0m could not activate the persistent AT-SPI listener: AT-SPI connect failed: ZBus Error: MethodError(OwnedErrorName("org.freedesktop.DBus.Error.NameHasNoOwner"), Some("Could not activate remote peer 'org.a11y.atspi.Registry': unit failed"), Msg { type: Error, serial: 4294967295, sender: UniqueName("org.freedesktop.DBus"), reply-serial: 9, body: Str, fds: [] })
[2m2026-10-03T23:57:46.343315Z[0m [33m WARN[0m [2mplatform_linux::overlay[0m[2m:[0m X11 overlay: root reads cannot see this window's own pixels; save-unders will be served without readback confirmation

✨ cua-driver v0.33.1 is available (you have v0.32.0).
   Update with: cua-driver update
   Release notes: https://github.com/trycua/cua/releases/tag/cua-driver-rs-v0.33.1

dbus-daemon[748140]: [session uid=1000 pid=748140 pidfd=4] Activating service name='org.freedesktop.systemd1' requested by ':1.4' (uid=1000 pid=748273 comm="/usr/bin/dbus-broker-launch --config-file=/usr/sha")
dbus-daemon[748140]: [session uid=1000 pid=748140 pidfd=4] Activated service 'org.freedesktop.systemd1' failed: Process org.freedesktop.systemd1 exited with status 1
dbus-daemon[748140]: [session uid=1000 pid=748140 pidfd=4] Activating service name='org.freedesktop.systemd1' requested by ':1.4' (uid=1000 pid=748273 comm="/usr/bin/dbus-broker-launch --config-file=/usr/sha")
dbus-daemon[748140]: [session uid=1000 pid=748140 pidfd=4] Activated service 'org.freedesktop.systemd1' failed: Process org.freedesktop.systemd1 exited with status 1
{"trial": "m-a1-r13-fill-P10b", "outcome": "verified", "oracle_exact_match": true, "completion_mutations": 1, "routes": ["compiled"], "loadavg_before": "1.76 1.94 2.42 2/2688 750675"}
dbus-daemon[748140]: [session uid=1000 pid=748140 pidfd=4] Activating service name='org.freedesktop.systemd1' requested by ':1.4' (uid=1000 pid=748273 comm="/usr/bin/dbus-broker-launch --config-file=/usr/sha")
dbus-daemon[748140]: [session uid=1000 pid=748140 pidfd=4] Activated service 'org.freedesktop.systemd1' failed: Process org.freedesktop.systemd1 exited with status 1
[2m2026-10-03T23:57:47.838369Z[0m [33m WARN[0m [2mcua_driver_sdk::runtime[0m[2m:[0m could not activate the persistent AT-SPI listener: AT-SPI connect failed: ZBus Error: MethodError(OwnedErrorName("org.freedesktop.DBus.Error.NameHasNoOwner"), Some("Could not activate remote peer 'org.a11y.atspi.Registry': unit failed"), Msg { type: Error, serial: 4294967295, sender: UniqueName("org.freedesktop.DBus"), reply-serial: 9, body: Str, fds: [] })
[2m2026-10-03T23:57:47.845612Z[0m [33m WARN[0m [2mplatform_linux::overlay[0m[2m:[0m X11 overlay: root reads cannot see this window's own pixels; save-unders will be served without readback confirmation

✨ cua-driver v0.33.1 is available (you have v0.32.0).
   Update with: cua-driver update
   Release notes: https://github.com/trycua/cua/releases/tag/cua-driver-rs-v0.33.1

dbus-daemon[748140]: [session uid=1000 pid=748140 pidfd=4] Activating service name='org.freedesktop.systemd1' requested by ':1.4' (uid=1000 pid=748273 comm="/usr/bin/dbus-broker-launch --config-file=/usr/sha")
dbus-daemon[748140]: [session uid=1000 pid=748140 pidfd=4] Activated service 'org.freedesktop.systemd1' failed: Process org.freedesktop.systemd1 exited with status 1
dbus-daemon[748140]: [session uid=1000 pid=748140 pidfd=4] Activating service name='org.freedesktop.systemd1' requested by ':1.4' (uid=1000 pid=748273 comm="/usr/bin/dbus-broker-launch --config-file=/usr/sha")
dbus-daemon[748140]: [session uid=1000 pid=748140 pidfd=4] Activated service 'org.freedesktop.systemd1' failed: Process org.freedesktop.systemd1 exited with status 1
{"trial": "m-a1-r13-fill-BASE", "outcome": "verified", "oracle_exact_match": true, "completion_mutations": 1, "routes": ["provider", "provider"], "loadavg_before": "1.94 1.97 2.43 2/2695 750964"}
dbus-daemon[748140]: [session uid=1000 pid=748140 pidfd=4] Activating service name='org.freedesktop.systemd1' requested by ':1.4' (uid=1000 pid=748273 comm="/usr/bin/dbus-broker-launch --config-file=/usr/sha")
dbus-daemon[748140]: [session uid=1000 pid=748140 pidfd=4] Activated service 'org.freedesktop.systemd1' failed: Process org.freedesktop.systemd1 exited with status 1
[2m2026-10-03T23:57:52.346191Z[0m [33m WARN[0m [2mcua_driver_sdk::runtime[0m[2m:[0m could not activate the persistent AT-SPI listener: AT-SPI connect failed: ZBus Error: MethodError(OwnedErrorName("org.freedesktop.DBus.Error.NameHasNoOwner"), Some("Could not activate remote peer 'org.a11y.atspi.Registry': unit failed"), Msg { type: Error, serial: 4294967295, sender: UniqueName("org.freedesktop.DBus"), reply-serial: 9, body: Str, fds: [] })
[2m2026-10-03T23:57:52.354093Z[0m [33m WARN[0m [2mplatform_linux::overlay[0m[2m:[0m X11 overlay: root reads cannot see this window's own pixels; save-unders will be served without readback confirmation

✨ cua-driver v0.33.1 is available (you have v0.32.0).
   Update with: cua-driver update
   Release notes: https://github.com/trycua/cua/releases/tag/cua-driver-rs-v0.33.1

dbus-daemon[748140]: [session uid=1000 pid=748140 pidfd=4] Activating service name='org.freedesktop.systemd1' requested by ':1.4' (uid=1000 pid=748273 comm="/usr/bin/dbus-broker-launch --config-file=/usr/sha")
dbus-daemon[748140]: [session uid=1000 pid=748140 pidfd=4] Activated service 'org.freedesktop.systemd1' failed: Process org.freedesktop.systemd1 exited with status 1
dbus-daemon[748140]: [session uid=1000 pid=748140 pidfd=4] Activating service name='org.freedesktop.systemd1' requested by ':1.4' (uid=1000 pid=748273 comm="/usr/bin/dbus-broker-launch --config-file=/usr/sha")
dbus-daemon[748140]: [session uid=1000 pid=748140 pidfd=4] Activated service 'org.freedesktop.systemd1' failed: Process org.freedesktop.systemd1 exited with status 1
{"trial": "m-a1-r13-fill-P1", "outcome": "verified", "oracle_exact_match": true, "completion_mutations": 1, "routes": ["compiled"], "loadavg_before": "1.87 1.96 2.43 1/2664 751428"}
dbus-daemon[748140]: [session uid=1000 pid=748140 pidfd=4] Activating service name='org.freedesktop.systemd1' requested by ':1.4' (uid=1000 pid=748273 comm="/usr/bin/dbus-broker-launch --config-file=/usr/sha")
dbus-daemon[748140]: [session uid=1000 pid=748140 pidfd=4] Activated service 'org.freedesktop.systemd1' failed: Process org.freedesktop.systemd1 exited with status 1
[2m2026-10-03T23:57:53.840045Z[0m [33m WARN[0m [2mcua_driver_sdk::runtime[0m[2m:[0m could not activate the persistent AT-SPI listener: AT-SPI connect failed: ZBus Error: MethodError(OwnedErrorName("org.freedesktop.DBus.Error.NameHasNoOwner"), Some("Could not activate remote peer 'org.a11y.atspi.Registry': unit failed"), Msg { type: Error, serial: 4294967295, sender: UniqueName("org.freedesktop.DBus"), reply-serial: 9, body: Str, fds: [] })
[2m2026-10-03T23:57:53.847766Z[0m [33m WARN[0m [2mplatform_linux::overlay[0m[2m:[0m X11 overlay: root reads cannot see this window's own pixels; save-unders will be served without readback confirmation

✨ cua-driver v0.33.1 is available (you have v0.32.0).
   Update with: cua-driver update
   Release notes: https://github.com/trycua/cua/releases/tag/cua-driver-rs-v0.33.1

dbus-daemon[748140]: [session uid=1000 pid=748140 pidfd=4] Activating service name='org.freedesktop.systemd1' requested by ':1.4' (uid=1000 pid=748273 comm="/usr/bin/dbus-broker-launch --config-file=/usr/sha")
dbus-daemon[748140]: [session uid=1000 pid=748140 pidfd=4] Activated service 'org.freedesktop.systemd1' failed: Process org.freedesktop.systemd1 exited with status 1
dbus-daemon[748140]: [session uid=1000 pid=748140 pidfd=4] Activating service name='org.freedesktop.systemd1' requested by ':1.4' (uid=1000 pid=748273 comm="/usr/bin/dbus-broker-launch --config-file=/usr/sha")
dbus-daemon[748140]: [session uid=1000 pid=748140 pidfd=4] Activated service 'org.freedesktop.systemd1' failed: Process org.freedesktop.systemd1 exited with status 1
{"trial": "m-a1-r13-fill-PC", "outcome": "verified", "oracle_exact_match": true, "completion_mutations": 1, "routes": ["compiled"], "loadavg_before": "1.87 1.96 2.43 2/2665 751754"}
dbus-daemon[748140]: [session uid=1000 pid=748140 pidfd=4] Activating service name='org.freedesktop.systemd1' requested by ':1.4' (uid=1000 pid=748273 comm="/usr/bin/dbus-broker-launch --config-file=/usr/sha")
dbus-daemon[748140]: [session uid=1000 pid=748140 pidfd=4] Activated service 'org.freedesktop.systemd1' failed: Process org.freedesktop.systemd1 exited with status 1
[2m2026-10-03T23:57:55.338862Z[0m [33m WARN[0m [2mcua_driver_sdk::runtime[0m[2m:[0m could not activate the persistent AT-SPI listener: AT-SPI connect failed: ZBus Error: MethodError(OwnedErrorName("org.freedesktop.DBus.Error.NameHasNoOwner"), Some("Could not activate remote peer 'org.a11y.atspi.Registry': unit failed"), Msg { type: Error, serial: 4294967295, sender: UniqueName("org.freedesktop.DBus"), reply-serial: 9, body: Str, fds: [] })
[2m2026-10-03T23:57:55.346510Z[0m [33m WARN[0m [2mplatform_linux::overlay[0m[2m:[0m X11 overlay: root reads cannot see this window's own pixels; save-unders will be served without readback confirmation

✨ cua-driver v0.33.1 is available (you have v0.32.0).
   Update with: cua-driver update
   Release notes: https://github.com/trycua/cua/releases/tag/cua-driver-rs-v0.33.1

dbus-daemon[748140]: [session uid=1000 pid=748140 pidfd=4] Activating service name='org.freedesktop.systemd1' requested by ':1.4' (uid=1000 pid=748273 comm="/usr/bin/dbus-broker-launch --config-file=/usr/sha")
dbus-daemon[748140]: [session uid=1000 pid=748140 pidfd=4] Activated service 'org.freedesktop.systemd1' failed: Process org.freedesktop.systemd1 exited with status 1
dbus-daemon[748140]: [session uid=1000 pid=748140 pidfd=4] Activating service name='org.freedesktop.systemd1' requested by ':1.4' (uid=1000 pid=748273 comm="/usr/bin/dbus-broker-launch --config-file=/usr/sha")
dbus-daemon[748140]: [session uid=1000 pid=748140 pidfd=4] Activated service 'org.freedesktop.systemd1' failed: Process org.freedesktop.systemd1 exited with status 1
{"trial": "m-a1-r13-fill-P0", "outcome": "verified", "oracle_exact_match": true, "completion_mutations": 1, "routes": ["compiled"], "loadavg_before": "1.87 1.96 2.43 3/2665 752061"}
dbus-daemon[748140]: [session uid=1000 pid=748140 pidfd=4] Activating service name='org.freedesktop.systemd1' requested by ':1.4' (uid=1000 pid=748273 comm="/usr/bin/dbus-broker-launch --config-file=/usr/sha")
dbus-daemon[748140]: [session uid=1000 pid=748140 pidfd=4] Activated service 'org.freedesktop.systemd1' failed: Process org.freedesktop.systemd1 exited with status 1
[2m2026-10-03T23:57:56.840182Z[0m [33m WARN[0m [2mcua_driver_sdk::runtime[0m[2m:[0m could not activate the persistent AT-SPI listener: AT-SPI connect failed: ZBus Error: MethodError(OwnedErrorName("org.freedesktop.DBus.Error.NameHasNoOwner"), Some("Could not activate remote peer 'org.a11y.atspi.Registry': unit failed"), Msg { type: Error, serial: 4294967295, sender: UniqueName("org.freedesktop.DBus"), reply-serial: 9, body: Str, fds: [] })
[2m2026-10-03T23:57:56.848061Z[0m [33m WARN[0m [2mplatform_linux::overlay[0m[2m:[0m X11 overlay: root reads cannot see this window's own pixels; save-unders will be served without readback confirmation

✨ cua-driver v0.33.1 is available (you have v0.32.0).
   Update with: cua-driver update
   Release notes: https://github.com/trycua/cua/releases/tag/cua-driver-rs-v0.33.1

dbus-daemon[748140]: [session uid=1000 pid=748140 pidfd=4] Activating service name='org.freedesktop.systemd1' requested by ':1.4' (uid=1000 pid=748273 comm="/usr/bin/dbus-broker-launch --config-file=/usr/sha")
dbus-daemon[748140]: [session uid=1000 pid=748140 pidfd=4] Activated service 'org.freedesktop.systemd1' failed: Process org.freedesktop.systemd1 exited with status 1
dbus-daemon[748140]: [session uid=1000 pid=748140 pidfd=4] Activating service name='org.freedesktop.systemd1' requested by ':1.4' (uid=1000 pid=748273 comm="/usr/bin/dbus-broker-launch --config-file=/usr/sha")
dbus-daemon[748140]: [session uid=1000 pid=748140 pidfd=4] Activated service 'org.freedesktop.systemd1' failed: Process org.freedesktop.systemd1 exited with status 1
{"trial": "m-a1-r14-fill-P10b", "outcome": "verified", "oracle_exact_match": true, "completion_mutations": 1, "routes": ["compiled"], "loadavg_before": "1.80 1.94 2.42 2/2665 752337"}
dbus-daemon[748140]: [session uid=1000 pid=748140 pidfd=4] Activating service name='org.freedesktop.systemd1' requested by ':1.4' (uid=1000 pid=748273 comm="/usr/bin/dbus-broker-launch --config-file=/usr/sha")
dbus-daemon[748140]: [session uid=1000 pid=748140 pidfd=4] Activated service 'org.freedesktop.systemd1' failed: Process org.freedesktop.systemd1 exited with status 1
[2m2026-10-03T23:57:58.340614Z[0m [33m WARN[0m [2mcua_driver_sdk::runtime[0m[2m:[0m could not activate the persistent AT-SPI listener: AT-SPI connect failed: ZBus Error: MethodError(OwnedErrorName("org.freedesktop.DBus.Error.NameHasNoOwner"), Some("Could not activate remote peer 'org.a11y.atspi.Registry': unit failed"), Msg { type: Error, serial: 4294967295, sender: UniqueName("org.freedesktop.DBus"), reply-serial: 9, body: Str, fds: [] })
[2m2026-10-03T23:57:58.348169Z[0m [33m WARN[0m [2mplatform_linux::overlay[0m[2m:[0m X11 overlay: root reads cannot see this window's own pixels; save-unders will be served without readback confirmation

✨ cua-driver v0.33.1 is available (you have v0.32.0).
   Update with: cua-driver update
   Release notes: https://github.com/trycua/cua/releases/tag/cua-driver-rs-v0.33.1

dbus-daemon[748140]: [session uid=1000 pid=748140 pidfd=4] Activating service name='org.freedesktop.systemd1' requested by ':1.4' (uid=1000 pid=748273 comm="/usr/bin/dbus-broker-launch --config-file=/usr/sha")
dbus-daemon[748140]: [session uid=1000 pid=748140 pidfd=4] Activated service 'org.freedesktop.systemd1' failed: Process org.freedesktop.systemd1 exited with status 1
dbus-daemon[748140]: [session uid=1000 pid=748140 pidfd=4] Activating service name='org.freedesktop.systemd1' requested by ':1.4' (uid=1000 pid=748273 comm="/usr/bin/dbus-broker-launch --config-file=/usr/sha")
dbus-daemon[748140]: [session uid=1000 pid=748140 pidfd=4] Activated service 'org.freedesktop.systemd1' failed: Process org.freedesktop.systemd1 exited with status 1
{"trial": "m-a1-r14-fill-P1", "outcome": "verified", "oracle_exact_match": true, "completion_mutations": 1, "routes": ["compiled"], "loadavg_before": "1.80 1.94 2.42 2/2658 752644"}
dbus-daemon[748140]: [session uid=1000 pid=748140 pidfd=4] Activating service name='org.freedesktop.systemd1' requested by ':1.4' (uid=1000 pid=748273 comm="/usr/bin/dbus-broker-launch --config-file=/usr/sha")
dbus-daemon[748140]: [session uid=1000 pid=748140 pidfd=4] Activated service 'org.freedesktop.systemd1' failed: Process org.freedesktop.systemd1 exited with status 1
[2m2026-10-03T23:57:59.841736Z[0m [33m WARN[0m [2mcua_driver_sdk::runtime[0m[2m:[0m could not activate the persistent AT-SPI listener: AT-SPI connect failed: ZBus Error: MethodError(OwnedErrorName("org.freedesktop.DBus.Error.NameHasNoOwner"), Some("Could not activate remote peer 'org.a11y.atspi.Registry': unit failed"), Msg { type: Error, serial: 4294967295, sender: UniqueName("org.freedesktop.DBus"), reply-serial: 9, body: Str, fds: [] })
[2m2026-10-03T23:57:59.848759Z[0m [33m WARN[0m [2mplatform_linux::overlay[0m[2m:[0m X11 overlay: root reads cannot see this window's own pixels; save-unders will be served without readback confirmation

✨ cua-driver v0.33.1 is available (you have v0.32.0).
   Update with: cua-driver update
   Release notes: https://github.com/trycua/cua/releases/tag/cua-driver-rs-v0.33.1

dbus-daemon[748140]: [session uid=1000 pid=748140 pidfd=4] Activating service name='org.freedesktop.systemd1' requested by ':1.4' (uid=1000 pid=748273 comm="/usr/bin/dbus-broker-launch --config-file=/usr/sha")
dbus-daemon[748140]: [session uid=1000 pid=748140 pidfd=4] Activated service 'org.freedesktop.systemd1' failed: Process org.freedesktop.systemd1 exited with status 1
dbus-daemon[748140]: [session uid=1000 pid=748140 pidfd=4] Activating service name='org.freedesktop.systemd1' requested by ':1.4' (uid=1000 pid=748273 comm="/usr/bin/dbus-broker-launch --config-file=/usr/sha")
dbus-daemon[748140]: [session uid=1000 pid=748140 pidfd=4] Activated service 'org.freedesktop.systemd1' failed: Process org.freedesktop.systemd1 exited with status 1
{"trial": "m-a1-r14-fill-P10a", "outcome": "verified", "oracle_exact_match": true, "completion_mutations": 1, "routes": ["compiled"], "loadavg_before": "1.80 1.94 2.42 1/2658 752939"}
dbus-daemon[748140]: [session uid=1000 pid=748140 pidfd=4] Activating service name='org.freedesktop.systemd1' requested by ':1.4' (uid=1000 pid=748273 comm="/usr/bin/dbus-broker-launch --config-file=/usr/sha")
dbus-daemon[748140]: [session uid=1000 pid=748140 pidfd=4] Activated service 'org.freedesktop.systemd1' failed: Process org.freedesktop.systemd1 exited with status 1
[2m2026-10-03T23:58:01.341674Z[0m [33m WARN[0m [2mcua_driver_sdk::runtime[0m[2m:[0m could not activate the persistent AT-SPI listener: AT-SPI connect failed: ZBus Error: MethodError(OwnedErrorName("org.freedesktop.DBus.Error.NameHasNoOwner"), Some("Could not activate remote peer 'org.a11y.atspi.Registry': unit failed"), Msg { type: Error, serial: 4294967295, sender: UniqueName("org.freedesktop.DBus"), reply-serial: 9, body: Str, fds: [] })
[2m2026-10-03T23:58:01.349273Z[0m [33m WARN[0m [2mplatform_linux::overlay[0m[2m:[0m X11 overlay: root reads cannot see this window's own pixels; save-unders will be served without readback confirmation

✨ cua-driver v0.33.1 is available (you have v0.32.0).
   Update with: cua-driver update
   Release notes: https://github.com/trycua/cua/releases/tag/cua-driver-rs-v0.33.1

dbus-daemon[748140]: [session uid=1000 pid=748140 pidfd=4] Activating service name='org.freedesktop.systemd1' requested by ':1.4' (uid=1000 pid=748273 comm="/usr/bin/dbus-broker-launch --config-file=/usr/sha")
dbus-daemon[748140]: [session uid=1000 pid=748140 pidfd=4] Activated service 'org.freedesktop.systemd1' failed: Process org.freedesktop.systemd1 exited with status 1
dbus-daemon[748140]: [session uid=1000 pid=748140 pidfd=4] Activating service name='org.freedesktop.systemd1' requested by ':1.4' (uid=1000 pid=748273 comm="/usr/bin/dbus-broker-launch --config-file=/usr/sha")
dbus-daemon[748140]: [session uid=1000 pid=748140 pidfd=4] Activated service 'org.freedesktop.systemd1' failed: Process org.freedesktop.systemd1 exited with status 1
{"trial": "m-a1-r14-fill-P0", "outcome": "verified", "oracle_exact_match": true, "completion_mutations": 1, "routes": ["compiled"], "loadavg_before": "1.80 1.94 2.42 2/2650 753225"}
dbus-daemon[748140]: [session uid=1000 pid=748140 pidfd=4] Activating service name='org.freedesktop.systemd1' requested by ':1.4' (uid=1000 pid=748273 comm="/usr/bin/dbus-broker-launch --config-file=/usr/sha")
dbus-daemon[748140]: [session uid=1000 pid=748140 pidfd=4] Activated service 'org.freedesktop.systemd1' failed: Process org.freedesktop.systemd1 exited with status 1
[2m2026-10-03T23:58:02.842421Z[0m [33m WARN[0m [2mcua_driver_sdk::runtime[0m[2m:[0m could not activate the persistent AT-SPI listener: AT-SPI connect failed: ZBus Error: MethodError(OwnedErrorName("org.freedesktop.DBus.Error.NameHasNoOwner"), Some("Could not activate remote peer 'org.a11y.atspi.Registry': unit failed"), Msg { type: Error, serial: 4294967295, sender: UniqueName("org.freedesktop.DBus"), reply-serial: 9, body: Str, fds: [] })
[2m2026-10-03T23:58:02.849768Z[0m [33m WARN[0m [2mplatform_linux::overlay[0m[2m:[0m X11 overlay: root reads cannot see this window's own pixels; save-unders will be served without readback confirmation

✨ cua-driver v0.33.1 is available (you have v0.32.0).
   Update with: cua-driver update
   Release notes: https://github.com/trycua/cua/releases/tag/cua-driver-rs-v0.33.1

dbus-daemon[748140]: [session uid=1000 pid=748140 pidfd=4] Activating service name='org.freedesktop.systemd1' requested by ':1.4' (uid=1000 pid=748273 comm="/usr/bin/dbus-broker-launch --config-file=/usr/sha")
dbus-daemon[748140]: [session uid=1000 pid=748140 pidfd=4] Activated service 'org.freedesktop.systemd1' failed: Process org.freedesktop.systemd1 exited with status 1
dbus-daemon[748140]: [session uid=1000 pid=748140 pidfd=4] Activating service name='org.freedesktop.systemd1' requested by ':1.4' (uid=1000 pid=748273 comm="/usr/bin/dbus-broker-launch --config-file=/usr/sha")
dbus-daemon[748140]: [session uid=1000 pid=748140 pidfd=4] Activated service 'org.freedesktop.systemd1' failed: Process org.freedesktop.systemd1 exited with status 1
{"trial": "m-a1-r14-fill-BASE", "outcome": "verified", "oracle_exact_match": true, "completion_mutations": 1, "routes": ["provider", "provider"], "loadavg_before": "1.97 1.97 2.43 3/2651 753527"}
dbus-daemon[748140]: [session uid=1000 pid=748140 pidfd=4] Activating service name='org.freedesktop.systemd1' requested by ':1.4' (uid=1000 pid=748273 comm="/usr/bin/dbus-broker-launch --config-file=/usr/sha")
dbus-daemon[748140]: [session uid=1000 pid=748140 pidfd=4] Activated service 'org.freedesktop.systemd1' failed: Process org.freedesktop.systemd1 exited with status 1
[2m2026-10-03T23:58:07.343126Z[0m [33m WARN[0m [2mcua_driver_sdk::runtime[0m[2m:[0m could not activate the persistent AT-SPI listener: AT-SPI connect failed: ZBus Error: MethodError(OwnedErrorName("org.freedesktop.DBus.Error.NameHasNoOwner"), Some("Could not activate remote peer 'org.a11y.atspi.Registry': unit failed"), Msg { type: Error, serial: 4294967295, sender: UniqueName("org.freedesktop.DBus"), reply-serial: 9, body: Str, fds: [] })
[2m2026-10-03T23:58:07.350357Z[0m [33m WARN[0m [2mplatform_linux::overlay[0m[2m:[0m X11 overlay: root reads cannot see this window's own pixels; save-unders will be served without readback confirmation

✨ cua-driver v0.33.1 is available (you have v0.32.0).
   Update with: cua-driver update
   Release notes: https://github.com/trycua/cua/releases/tag/cua-driver-rs-v0.33.1

dbus-daemon[748140]: [session uid=1000 pid=748140 pidfd=4] Activating service name='org.freedesktop.systemd1' requested by ':1.4' (uid=1000 pid=748273 comm="/usr/bin/dbus-broker-launch --config-file=/usr/sha")
dbus-daemon[748140]: [session uid=1000 pid=748140 pidfd=4] Activated service 'org.freedesktop.systemd1' failed: Process org.freedesktop.systemd1 exited with status 1
dbus-daemon[748140]: [session uid=1000 pid=748140 pidfd=4] Activating service name='org.freedesktop.systemd1' requested by ':1.4' (uid=1000 pid=748273 comm="/usr/bin/dbus-broker-launch --config-file=/usr/sha")
dbus-daemon[748140]: [session uid=1000 pid=748140 pidfd=4] Activated service 'org.freedesktop.systemd1' failed: Process org.freedesktop.systemd1 exited with status 1
{"trial": "m-a1-r14-fill-PC", "outcome": "verified", "oracle_exact_match": true, "completion_mutations": 1, "routes": ["compiled"], "loadavg_before": "2.06 1.99 2.43 2/2657 753926"}
dbus-daemon[748140]: [session uid=1000 pid=748140 pidfd=4] Activating service name='org.freedesktop.systemd1' requested by ':1.4' (uid=1000 pid=748273 comm="/usr/bin/dbus-broker-launch --config-file=/usr/sha")
dbus-daemon[748140]: [session uid=1000 pid=748140 pidfd=4] Activated service 'org.freedesktop.systemd1' failed: Process org.freedesktop.systemd1 exited with status 1
[2m2026-10-03T23:58:08.844051Z[0m [33m WARN[0m [2mcua_driver_sdk::runtime[0m[2m:[0m could not activate the persistent AT-SPI listener: AT-SPI connect failed: ZBus Error: MethodError(OwnedErrorName("org.freedesktop.DBus.Error.NameHasNoOwner"), Some("Could not activate remote peer 'org.a11y.atspi.Registry': unit failed"), Msg { type: Error, serial: 4294967295, sender: UniqueName("org.freedesktop.DBus"), reply-serial: 9, body: Str, fds: [] })
[2m2026-10-03T23:58:08.851709Z[0m [33m WARN[0m [2mplatform_linux::overlay[0m[2m:[0m X11 overlay: root reads cannot see this window's own pixels; save-unders will be served without readback confirmation

✨ cua-driver v0.33.1 is available (you have v0.32.0).
   Update with: cua-driver update
   Release notes: https://github.com/trycua/cua/releases/tag/cua-driver-rs-v0.33.1

dbus-daemon[748140]: [session uid=1000 pid=748140 pidfd=4] Activating service name='org.freedesktop.systemd1' requested by ':1.4' (uid=1000 pid=748273 comm="/usr/bin/dbus-broker-launch --config-file=/usr/sha")
dbus-daemon[748140]: [session uid=1000 pid=748140 pidfd=4] Activated service 'org.freedesktop.systemd1' failed: Process org.freedesktop.systemd1 exited with status 1
dbus-daemon[748140]: [session uid=1000 pid=748140 pidfd=4] Activating service name='org.freedesktop.systemd1' requested by ':1.4' (uid=1000 pid=748273 comm="/usr/bin/dbus-broker-launch --config-file=/usr/sha")
dbus-daemon[748140]: [session uid=1000 pid=748140 pidfd=4] Activated service 'org.freedesktop.systemd1' failed: Process org.freedesktop.systemd1 exited with status 1
{"trial": "m-a1-r15-fill-P1", "outcome": "verified", "oracle_exact_match": true, "completion_mutations": 1, "routes": ["compiled"], "loadavg_before": "2.06 1.99 2.43 2/2659 754203"}
dbus-daemon[748140]: [session uid=1000 pid=748140 pidfd=4] Activating service name='org.freedesktop.systemd1' requested by ':1.4' (uid=1000 pid=748273 comm="/usr/bin/dbus-broker-launch --config-file=/usr/sha")
dbus-daemon[748140]: [session uid=1000 pid=748140 pidfd=4] Activated service 'org.freedesktop.systemd1' failed: Process org.freedesktop.systemd1 exited with status 1
[2m2026-10-03T23:58:10.351040Z[0m [33m WARN[0m [2mcua_driver_sdk::runtime[0m[2m:[0m could not activate the persistent AT-SPI listener: AT-SPI connect failed: ZBus Error: MethodError(OwnedErrorName("org.freedesktop.DBus.Error.NameHasNoOwner"), Some("Could not activate remote peer 'org.a11y.atspi.Registry': unit failed"), Msg { type: Error, serial: 4294967295, sender: UniqueName("org.freedesktop.DBus"), reply-serial: 9, body: Str, fds: [] })
[2m2026-10-03T23:58:10.358484Z[0m [33m WARN[0m [2mplatform_linux::overlay[0m[2m:[0m X11 overlay: root reads cannot see this window's own pixels; save-unders will be served without readback confirmation

✨ cua-driver v0.33.1 is available (you have v0.32.0).
   Update with: cua-driver update
   Release notes: https://github.com/trycua/cua/releases/tag/cua-driver-rs-v0.33.1

dbus-daemon[748140]: [session uid=1000 pid=748140 pidfd=4] Activating service name='org.freedesktop.systemd1' requested by ':1.4' (uid=1000 pid=748273 comm="/usr/bin/dbus-broker-launch --config-file=/usr/sha")
dbus-daemon[748140]: [session uid=1000 pid=748140 pidfd=4] Activated service 'org.freedesktop.systemd1' failed: Process org.freedesktop.systemd1 exited with status 1
dbus-daemon[748140]: [session uid=1000 pid=748140 pidfd=4] Activating service name='org.freedesktop.systemd1' requested by ':1.4' (uid=1000 pid=748273 comm="/usr/bin/dbus-broker-launch --config-file=/usr/sha")
dbus-daemon[748140]: [session uid=1000 pid=748140 pidfd=4] Activated service 'org.freedesktop.systemd1' failed: Process org.freedesktop.systemd1 exited with status 1
{"trial": "m-a1-r15-fill-P0", "outcome": "verified", "oracle_exact_match": true, "completion_mutations": 1, "routes": ["compiled"], "loadavg_before": "2.06 1.99 2.43 3/2680 754534"}
dbus-daemon[748140]: [session uid=1000 pid=748140 pidfd=4] Activating service name='org.freedesktop.systemd1' requested by ':1.4' (uid=1000 pid=748273 comm="/usr/bin/dbus-broker-launch --config-file=/usr/sha")
dbus-daemon[748140]: [session uid=1000 pid=748140 pidfd=4] Activated service 'org.freedesktop.systemd1' failed: Process org.freedesktop.systemd1 exited with status 1
[2m2026-10-03T23:58:11.851193Z[0m [33m WARN[0m [2mcua_driver_sdk::runtime[0m[2m:[0m could not activate the persistent AT-SPI listener: AT-SPI connect failed: ZBus Error: MethodError(OwnedErrorName("org.freedesktop.DBus.Error.NameHasNoOwner"), Some("Could not activate remote peer 'org.a11y.atspi.Registry': unit failed"), Msg { type: Error, serial: 4294967295, sender: UniqueName("org.freedesktop.DBus"), reply-serial: 9, body: Str, fds: [] })
[2m2026-10-03T23:58:11.860382Z[0m [33m WARN[0m [2mplatform_linux::overlay[0m[2m:[0m X11 overlay: root reads cannot see this window's own pixels; save-unders will be served without readback confirmation

✨ cua-driver v0.33.1 is available (you have v0.32.0).
   Update with: cua-driver update
   Release notes: https://github.com/trycua/cua/releases/tag/cua-driver-rs-v0.33.1

dbus-daemon[748140]: [session uid=1000 pid=748140 pidfd=4] Activating service name='org.freedesktop.systemd1' requested by ':1.4' (uid=1000 pid=748273 comm="/usr/bin/dbus-broker-launch --config-file=/usr/sha")
dbus-daemon[748140]: [session uid=1000 pid=748140 pidfd=4] Activated service 'org.freedesktop.systemd1' failed: Process org.freedesktop.systemd1 exited with status 1
dbus-daemon[748140]: [session uid=1000 pid=748140 pidfd=4] Activating service name='org.freedesktop.systemd1' requested by ':1.4' (uid=1000 pid=748273 comm="/usr/bin/dbus-broker-launch --config-file=/usr/sha")
dbus-daemon[748140]: [session uid=1000 pid=748140 pidfd=4] Activated service 'org.freedesktop.systemd1' failed: Process org.freedesktop.systemd1 exited with status 1
{"trial": "m-a1-r15-fill-P10b", "outcome": "verified", "oracle_exact_match": true, "completion_mutations": 1, "routes": ["compiled"], "loadavg_before": "1.97 1.97 2.42 3/2708 754835"}
dbus-daemon[748140]: [session uid=1000 pid=748140 pidfd=4] Activating service name='org.freedesktop.systemd1' requested by ':1.4' (uid=1000 pid=748273 comm="/usr/bin/dbus-broker-launch --config-file=/usr/sha")
dbus-daemon[748140]: [session uid=1000 pid=748140 pidfd=4] Activated service 'org.freedesktop.systemd1' failed: Process org.freedesktop.systemd1 exited with status 1
[2m2026-10-03T23:58:13.352239Z[0m [33m WARN[0m [2mcua_driver_sdk::runtime[0m[2m:[0m could not activate the persistent AT-SPI listener: AT-SPI connect failed: ZBus Error: MethodError(OwnedErrorName("org.freedesktop.DBus.Error.NameHasNoOwner"), Some("Could not activate remote peer 'org.a11y.atspi.Registry': unit failed"), Msg { type: Error, serial: 4294967295, sender: UniqueName("org.freedesktop.DBus"), reply-serial: 9, body: Str, fds: [] })
[2m2026-10-03T23:58:13.360068Z[0m [33m WARN[0m [2mplatform_linux::overlay[0m[2m:[0m X11 overlay: root reads cannot see this window's own pixels; save-unders will be served without readback confirmation

✨ cua-driver v0.33.1 is available (you have v0.32.0).
   Update with: cua-driver update
   Release notes: https://github.com/trycua/cua/releases/tag/cua-driver-rs-v0.33.1

dbus-daemon[748140]: [session uid=1000 pid=748140 pidfd=4] Activating service name='org.freedesktop.systemd1' requested by ':1.4' (uid=1000 pid=748273 comm="/usr/bin/dbus-broker-launch --config-file=/usr/sha")
dbus-daemon[748140]: [session uid=1000 pid=748140 pidfd=4] Activated service 'org.freedesktop.systemd1' failed: Process org.freedesktop.systemd1 exited with status 1
dbus-daemon[748140]: [session uid=1000 pid=748140 pidfd=4] Activating service name='org.freedesktop.systemd1' requested by ':1.4' (uid=1000 pid=748273 comm="/usr/bin/dbus-broker-launch --config-file=/usr/sha")
dbus-daemon[748140]: [session uid=1000 pid=748140 pidfd=4] Activated service 'org.freedesktop.systemd1' failed: Process org.freedesktop.systemd1 exited with status 1
{"trial": "m-a1-r15-fill-PC", "outcome": "verified", "oracle_exact_match": true, "completion_mutations": 1, "routes": ["compiled"], "loadavg_before": "1.97 1.97 2.42 2/2693 755101"}
dbus-daemon[748140]: [session uid=1000 pid=748140 pidfd=4] Activating service name='org.freedesktop.systemd1' requested by ':1.4' (uid=1000 pid=748273 comm="/usr/bin/dbus-broker-launch --config-file=/usr/sha")
dbus-daemon[748140]: [session uid=1000 pid=748140 pidfd=4] Activated service 'org.freedesktop.systemd1' failed: Process org.freedesktop.systemd1 exited with status 1
[2m2026-10-03T23:58:14.853394Z[0m [33m WARN[0m [2mcua_driver_sdk::runtime[0m[2m:[0m could not activate the persistent AT-SPI listener: AT-SPI connect failed: ZBus Error: MethodError(OwnedErrorName("org.freedesktop.DBus.Error.NameHasNoOwner"), Some("Could not activate remote peer 'org.a11y.atspi.Registry': unit failed"), Msg { type: Error, serial: 4294967295, sender: UniqueName("org.freedesktop.DBus"), reply-serial: 9, body: Str, fds: [] })
[2m2026-10-03T23:58:14.862119Z[0m [33m WARN[0m [2mplatform_linux::overlay[0m[2m:[0m X11 overlay: root reads cannot see this window's own pixels; save-unders will be served without readback confirmation

✨ cua-driver v0.33.1 is available (you have v0.32.0).
   Update with: cua-driver update
   Release notes: https://github.com/trycua/cua/releases/tag/cua-driver-rs-v0.33.1

dbus-daemon[748140]: [session uid=1000 pid=748140 pidfd=4] Activating service name='org.freedesktop.systemd1' requested by ':1.4' (uid=1000 pid=748273 comm="/usr/bin/dbus-broker-launch --config-file=/usr/sha")
dbus-daemon[748140]: [session uid=1000 pid=748140 pidfd=4] Activated service 'org.freedesktop.systemd1' failed: Process org.freedesktop.systemd1 exited with status 1
dbus-daemon[748140]: [session uid=1000 pid=748140 pidfd=4] Activating service name='org.freedesktop.systemd1' requested by ':1.4' (uid=1000 pid=748273 comm="/usr/bin/dbus-broker-launch --config-file=/usr/sha")
dbus-daemon[748140]: [session uid=1000 pid=748140 pidfd=4] Activated service 'org.freedesktop.systemd1' failed: Process org.freedesktop.systemd1 exited with status 1
{"trial": "m-a1-r15-fill-P10a", "outcome": "verified", "oracle_exact_match": true, "completion_mutations": 1, "routes": ["compiled"], "loadavg_before": "1.97 1.97 2.42 2/2694 755398"}
dbus-daemon[748140]: [session uid=1000 pid=748140 pidfd=4] Activating service name='org.freedesktop.systemd1' requested by ':1.4' (uid=1000 pid=748273 comm="/usr/bin/dbus-broker-launch --config-file=/usr/sha")
dbus-daemon[748140]: [session uid=1000 pid=748140 pidfd=4] Activated service 'org.freedesktop.systemd1' failed: Process org.freedesktop.systemd1 exited with status 1
[2m2026-10-03T23:58:16.353431Z[0m [33m WARN[0m [2mcua_driver_sdk::runtime[0m[2m:[0m could not activate the persistent AT-SPI listener: AT-SPI connect failed: ZBus Error: MethodError(OwnedErrorName("org.freedesktop.DBus.Error.NameHasNoOwner"), Some("Could not activate remote peer 'org.a11y.atspi.Registry': unit failed"), Msg { type: Error, serial: 4294967295, sender: UniqueName("org.freedesktop.DBus"), reply-serial: 9, body: Str, fds: [] })
[2m2026-10-03T23:58:16.361097Z[0m [33m WARN[0m [2mplatform_linux::overlay[0m[2m:[0m X11 overlay: root reads cannot see this window's own pixels; save-unders will be served without readback confirmation

✨ cua-driver v0.33.1 is available (you have v0.32.0).
   Update with: cua-driver update
   Release notes: https://github.com/trycua/cua/releases/tag/cua-driver-rs-v0.33.1

dbus-daemon[748140]: [session uid=1000 pid=748140 pidfd=4] Activating service name='org.freedesktop.systemd1' requested by ':1.4' (uid=1000 pid=748273 comm="/usr/bin/dbus-broker-launch --config-file=/usr/sha")
dbus-daemon[748140]: [session uid=1000 pid=748140 pidfd=4] Activated service 'org.freedesktop.systemd1' failed: Process org.freedesktop.systemd1 exited with status 1
dbus-daemon[748140]: [session uid=1000 pid=748140 pidfd=4] Activating service name='org.freedesktop.systemd1' requested by ':1.4' (uid=1000 pid=748273 comm="/usr/bin/dbus-broker-launch --config-file=/usr/sha")
dbus-daemon[748140]: [session uid=1000 pid=748140 pidfd=4] Activated service 'org.freedesktop.systemd1' failed: Process org.freedesktop.systemd1 exited with status 1
{"trial": "m-a1-r15-fill-BASE", "outcome": "verified", "oracle_exact_match": true, "completion_mutations": 1, "routes": ["provider", "provider"], "loadavg_before": "1.97 1.97 2.42 2/2694 755707"}
dbus-daemon[748140]: [session uid=1000 pid=748140 pidfd=4] Activating service name='org.freedesktop.systemd1' requested by ':1.4' (uid=1000 pid=748273 comm="/usr/bin/dbus-broker-launch --config-file=/usr/sha")
dbus-daemon[748140]: [session uid=1000 pid=748140 pidfd=4] Activated service 'org.freedesktop.systemd1' failed: Process org.freedesktop.systemd1 exited with status 1
[2m2026-10-03T23:58:20.854763Z[0m [33m WARN[0m [2mcua_driver_sdk::runtime[0m[2m:[0m could not activate the persistent AT-SPI listener: AT-SPI connect failed: ZBus Error: MethodError(OwnedErrorName("org.freedesktop.DBus.Error.NameHasNoOwner"), Some("Could not activate remote peer 'org.a11y.atspi.Registry': unit failed"), Msg { type: Error, serial: 4294967295, sender: UniqueName("org.freedesktop.DBus"), reply-serial: 9, body: Str, fds: [] })
[2m2026-10-03T23:58:20.862019Z[0m [33m WARN[0m [2mplatform_linux::overlay[0m[2m:[0m X11 overlay: root reads cannot see this window's own pixels; save-unders will be served without readback confirmation

✨ cua-driver v0.33.1 is available (you have v0.32.0).
   Update with: cua-driver update
   Release notes: https://github.com/trycua/cua/releases/tag/cua-driver-rs-v0.33.1

dbus-daemon[748140]: [session uid=1000 pid=748140 pidfd=4] Activating service name='org.freedesktop.systemd1' requested by ':1.4' (uid=1000 pid=748273 comm="/usr/bin/dbus-broker-launch --config-file=/usr/sha")
dbus-daemon[748140]: [session uid=1000 pid=748140 pidfd=4] Activated service 'org.freedesktop.systemd1' failed: Process org.freedesktop.systemd1 exited with status 1
dbus-daemon[748140]: [session uid=1000 pid=748140 pidfd=4] Activating service name='org.freedesktop.systemd1' requested by ':1.4' (uid=1000 pid=748273 comm="/usr/bin/dbus-broker-launch --config-file=/usr/sha")
dbus-daemon[748140]: [session uid=1000 pid=748140 pidfd=4] Activated service 'org.freedesktop.systemd1' failed: Process org.freedesktop.systemd1 exited with status 1
{"trial": "m-a1-r16-fill-P0", "outcome": "verified", "oracle_exact_match": true, "completion_mutations": 1, "routes": ["compiled"], "loadavg_before": "2.21 2.03 2.44 3/2666 756070"}
dbus-daemon[748140]: [session uid=1000 pid=748140 pidfd=4] Activating service name='org.freedesktop.systemd1' requested by ':1.4' (uid=1000 pid=748273 comm="/usr/bin/dbus-broker-launch --config-file=/usr/sha")
dbus-daemon[748140]: [session uid=1000 pid=748140 pidfd=4] Activated service 'org.freedesktop.systemd1' failed: Process org.freedesktop.systemd1 exited with status 1
[2m2026-10-03T23:58:22.355486Z[0m [33m WARN[0m [2mcua_driver_sdk::runtime[0m[2m:[0m could not activate the persistent AT-SPI listener: AT-SPI connect failed: ZBus Error: MethodError(OwnedErrorName("org.freedesktop.DBus.Error.NameHasNoOwner"), Some("Could not activate remote peer 'org.a11y.atspi.Registry': unit failed"), Msg { type: Error, serial: 4294967295, sender: UniqueName("org.freedesktop.DBus"), reply-serial: 9, body: Str, fds: [] })
[2m2026-10-03T23:58:22.362547Z[0m [33m WARN[0m [2mplatform_linux::overlay[0m[2m:[0m X11 overlay: root reads cannot see this window's own pixels; save-unders will be served without readback confirmation

✨ cua-driver v0.33.1 is available (you have v0.32.0).
   Update with: cua-driver update
   Release notes: https://github.com/trycua/cua/releases/tag/cua-driver-rs-v0.33.1

dbus-daemon[748140]: [session uid=1000 pid=748140 pidfd=4] Activating service name='org.freedesktop.systemd1' requested by ':1.4' (uid=1000 pid=748273 comm="/usr/bin/dbus-broker-launch --config-file=/usr/sha")
dbus-daemon[748140]: [session uid=1000 pid=748140 pidfd=4] Activated service 'org.freedesktop.systemd1' failed: Process org.freedesktop.systemd1 exited with status 1
dbus-daemon[748140]: [session uid=1000 pid=748140 pidfd=4] Activating service name='org.freedesktop.systemd1' requested by ':1.4' (uid=1000 pid=748273 comm="/usr/bin/dbus-broker-launch --config-file=/usr/sha")
dbus-daemon[748140]: [session uid=1000 pid=748140 pidfd=4] Activated service 'org.freedesktop.systemd1' failed: Process org.freedesktop.systemd1 exited with status 1
{"trial": "m-a1-r16-fill-PC", "outcome": "verified", "oracle_exact_match": true, "completion_mutations": 1, "routes": ["compiled"], "loadavg_before": "3.16 2.22 2.50 2/2664 756394"}
dbus-daemon[748140]: [session uid=1000 pid=748140 pidfd=4] Activating service name='org.freedesktop.systemd1' requested by ':1.4' (uid=1000 pid=748273 comm="/usr/bin/dbus-broker-launch --config-file=/usr/sha")
dbus-daemon[748140]: [session uid=1000 pid=748140 pidfd=4] Activated service 'org.freedesktop.systemd1' failed: Process org.freedesktop.systemd1 exited with status 1
[2m2026-10-03T23:58:23.857016Z[0m [33m WARN[0m [2mcua_driver_sdk::runtime[0m[2m:[0m could not activate the persistent AT-SPI listener: AT-SPI connect failed: ZBus Error: MethodError(OwnedErrorName("org.freedesktop.DBus.Error.NameHasNoOwner"), Some("Could not activate remote peer 'org.a11y.atspi.Registry': unit failed"), Msg { type: Error, serial: 4294967295, sender: UniqueName("org.freedesktop.DBus"), reply-serial: 9, body: Str, fds: [] })
[2m2026-10-03T23:58:23.866139Z[0m [33m WARN[0m [2mplatform_linux::overlay[0m[2m:[0m X11 overlay: root reads cannot see this window's own pixels; save-unders will be served without readback confirmation

✨ cua-driver v0.33.1 is available (you have v0.32.0).
   Update with: cua-driver update
   Release notes: https://github.com/trycua/cua/releases/tag/cua-driver-rs-v0.33.1

dbus-daemon[748140]: [session uid=1000 pid=748140 pidfd=4] Activating service name='org.freedesktop.systemd1' requested by ':1.4' (uid=1000 pid=748273 comm="/usr/bin/dbus-broker-launch --config-file=/usr/sha")
dbus-daemon[748140]: [session uid=1000 pid=748140 pidfd=4] Activated service 'org.freedesktop.systemd1' failed: Process org.freedesktop.systemd1 exited with status 1
dbus-daemon[748140]: [session uid=1000 pid=748140 pidfd=4] Activating service name='org.freedesktop.systemd1' requested by ':1.4' (uid=1000 pid=748273 comm="/usr/bin/dbus-broker-launch --config-file=/usr/sha")
dbus-daemon[748140]: [session uid=1000 pid=748140 pidfd=4] Activated service 'org.freedesktop.systemd1' failed: Process org.freedesktop.systemd1 exited with status 1
{"trial": "m-a1-r16-fill-P1", "outcome": "verified", "oracle_exact_match": true, "completion_mutations": 1, "routes": ["compiled"], "loadavg_before": "3.16 2.22 2.50 3/2677 756672"}
dbus-daemon[748140]: [session uid=1000 pid=748140 pidfd=4] Activating service name='org.freedesktop.systemd1' requested by ':1.4' (uid=1000 pid=748273 comm="/usr/bin/dbus-broker-launch --config-file=/usr/sha")
dbus-daemon[748140]: [session uid=1000 pid=748140 pidfd=4] Activated service 'org.freedesktop.systemd1' failed: Process org.freedesktop.systemd1 exited with status 1
[2m2026-10-03T23:58:25.356935Z[0m [33m WARN[0m [2mcua_driver_sdk::runtime[0m[2m:[0m could not activate the persistent AT-SPI listener: AT-SPI connect failed: ZBus Error: MethodError(OwnedErrorName("org.freedesktop.DBus.Error.NameHasNoOwner"), Some("Could not activate remote peer 'org.a11y.atspi.Registry': unit failed"), Msg { type: Error, serial: 4294967295, sender: UniqueName("org.freedesktop.DBus"), reply-serial: 9, body: Str, fds: [] })
[2m2026-10-03T23:58:25.364836Z[0m [33m WARN[0m [2mplatform_linux::overlay[0m[2m:[0m X11 overlay: root reads cannot see this window's own pixels; save-unders will be served without readback confirmation

✨ cua-driver v0.33.1 is available (you have v0.32.0).
   Update with: cua-driver update
   Release notes: https://github.com/trycua/cua/releases/tag/cua-driver-rs-v0.33.1

dbus-daemon[748140]: [session uid=1000 pid=748140 pidfd=4] Activating service name='org.freedesktop.systemd1' requested by ':1.4' (uid=1000 pid=748273 comm="/usr/bin/dbus-broker-launch --config-file=/usr/sha")
dbus-daemon[748140]: [session uid=1000 pid=748140 pidfd=4] Activated service 'org.freedesktop.systemd1' failed: Process org.freedesktop.systemd1 exited with status 1
dbus-daemon[748140]: [session uid=1000 pid=748140 pidfd=4] Activating service name='org.freedesktop.systemd1' requested by ':1.4' (uid=1000 pid=748273 comm="/usr/bin/dbus-broker-launch --config-file=/usr/sha")
dbus-daemon[748140]: [session uid=1000 pid=748140 pidfd=4] Activated service 'org.freedesktop.systemd1' failed: Process org.freedesktop.systemd1 exited with status 1
{"trial": "m-a1-r16-fill-BASE", "outcome": "verified", "oracle_exact_match": true, "completion_mutations": 1, "routes": ["provider", "provider"], "loadavg_before": "3.16 2.22 2.50 2/2656 757025"}
dbus-daemon[748140]: [session uid=1000 pid=748140 pidfd=4] Activating service name='org.freedesktop.systemd1' requested by ':1.4' (uid=1000 pid=748273 comm="/usr/bin/dbus-broker-launch --config-file=/usr/sha")
dbus-daemon[748140]: [session uid=1000 pid=748140 pidfd=4] Activated service 'org.freedesktop.systemd1' failed: Process org.freedesktop.systemd1 exited with status 1
[2m2026-10-03T23:58:29.857591Z[0m [33m WARN[0m [2mcua_driver_sdk::runtime[0m[2m:[0m could not activate the persistent AT-SPI listener: AT-SPI connect failed: ZBus Error: MethodError(OwnedErrorName("org.freedesktop.DBus.Error.NameHasNoOwner"), Some("Could not activate remote peer 'org.a11y.atspi.Registry': unit failed"), Msg { type: Error, serial: 4294967295, sender: UniqueName("org.freedesktop.DBus"), reply-serial: 9, body: Str, fds: [] })
[2m2026-10-03T23:58:29.865900Z[0m [33m WARN[0m [2mplatform_linux::overlay[0m[2m:[0m X11 overlay: root reads cannot see this window's own pixels; save-unders will be served without readback confirmation

✨ cua-driver v0.33.1 is available (you have v0.32.0).
   Update with: cua-driver update
   Release notes: https://github.com/trycua/cua/releases/tag/cua-driver-rs-v0.33.1

dbus-daemon[748140]: [session uid=1000 pid=748140 pidfd=4] Activating service name='org.freedesktop.systemd1' requested by ':1.4' (uid=1000 pid=748273 comm="/usr/bin/dbus-broker-launch --config-file=/usr/sha")
dbus-daemon[748140]: [session uid=1000 pid=748140 pidfd=4] Activated service 'org.freedesktop.systemd1' failed: Process org.freedesktop.systemd1 exited with status 1
dbus-daemon[748140]: [session uid=1000 pid=748140 pidfd=4] Activating service name='org.freedesktop.systemd1' requested by ':1.4' (uid=1000 pid=748273 comm="/usr/bin/dbus-broker-launch --config-file=/usr/sha")
dbus-daemon[748140]: [session uid=1000 pid=748140 pidfd=4] Activated service 'org.freedesktop.systemd1' failed: Process org.freedesktop.systemd1 exited with status 1
{"trial": "m-a1-r16-fill-P10b", "outcome": "verified", "oracle_exact_match": true, "completion_mutations": 1, "routes": ["compiled"], "loadavg_before": "2.99 2.20 2.49 2/2656 757370"}
dbus-daemon[748140]: [session uid=1000 pid=748140 pidfd=4] Activating service name='org.freedesktop.systemd1' requested by ':1.4' (uid=1000 pid=748273 comm="/usr/bin/dbus-broker-launch --config-file=/usr/sha")
dbus-daemon[748140]: [session uid=1000 pid=748140 pidfd=4] Activated service 'org.freedesktop.systemd1' failed: Process org.freedesktop.systemd1 exited with status 1
[2m2026-10-03T23:58:31.357942Z[0m [33m WARN[0m [2mcua_driver_sdk::runtime[0m[2m:[0m could not activate the persistent AT-SPI listener: AT-SPI connect failed: ZBus Error: MethodError(OwnedErrorName("org.freedesktop.DBus.Error.NameHasNoOwner"), Some("Could not activate remote peer 'org.a11y.atspi.Registry': unit failed"), Msg { type: Error, serial: 4294967295, sender: UniqueName("org.freedesktop.DBus"), reply-serial: 9, body: Str, fds: [] })
[2m2026-10-03T23:58:31.366847Z[0m [33m WARN[0m [2mplatform_linux::overlay[0m[2m:[0m X11 overlay: root reads cannot see this window's own pixels; save-unders will be served without readback confirmation

✨ cua-driver v0.33.1 is available (you have v0.32.0).
   Update with: cua-driver update
   Release notes: https://github.com/trycua/cua/releases/tag/cua-driver-rs-v0.33.1

dbus-daemon[748140]: [session uid=1000 pid=748140 pidfd=4] Activating service name='org.freedesktop.systemd1' requested by ':1.4' (uid=1000 pid=748273 comm="/usr/bin/dbus-broker-launch --config-file=/usr/sha")
dbus-daemon[748140]: [session uid=1000 pid=748140 pidfd=4] Activated service 'org.freedesktop.systemd1' failed: Process org.freedesktop.systemd1 exited with status 1
dbus-daemon[748140]: [session uid=1000 pid=748140 pidfd=4] Activating service name='org.freedesktop.systemd1' requested by ':1.4' (uid=1000 pid=748273 comm="/usr/bin/dbus-broker-launch --config-file=/usr/sha")
dbus-daemon[748140]: [session uid=1000 pid=748140 pidfd=4] Activated service 'org.freedesktop.systemd1' failed: Process org.freedesktop.systemd1 exited with status 1
{"trial": "m-a1-r16-fill-P10a", "outcome": "verified", "oracle_exact_match": true, "completion_mutations": 1, "routes": ["compiled"], "loadavg_before": "2.99 2.20 2.49 4/2659 758152"}
dbus-daemon[748140]: [session uid=1000 pid=748140 pidfd=4] Activating service name='org.freedesktop.systemd1' requested by ':1.4' (uid=1000 pid=748273 comm="/usr/bin/dbus-broker-launch --config-file=/usr/sha")
dbus-daemon[748140]: [session uid=1000 pid=748140 pidfd=4] Activated service 'org.freedesktop.systemd1' failed: Process org.freedesktop.systemd1 exited with status 1
[2m2026-10-03T23:58:32.858911Z[0m [33m WARN[0m [2mcua_driver_sdk::runtime[0m[2m:[0m could not activate the persistent AT-SPI listener: AT-SPI connect failed: ZBus Error: MethodError(OwnedErrorName("org.freedesktop.DBus.Error.NameHasNoOwner"), Some("Could not activate remote peer 'org.a11y.atspi.Registry': unit failed"), Msg { type: Error, serial: 4294967295, sender: UniqueName("org.freedesktop.DBus"), reply-serial: 9, body: Str, fds: [] })
[2m2026-10-03T23:58:32.867557Z[0m [33m WARN[0m [2mplatform_linux::overlay[0m[2m:[0m X11 overlay: root reads cannot see this window's own pixels; save-unders will be served without readback confirmation

✨ cua-driver v0.33.1 is available (you have v0.32.0).
   Update with: cua-driver update
   Release notes: https://github.com/trycua/cua/releases/tag/cua-driver-rs-v0.33.1

dbus-daemon[748140]: [session uid=1000 pid=748140 pidfd=4] Activating service name='org.freedesktop.systemd1' requested by ':1.4' (uid=1000 pid=748273 comm="/usr/bin/dbus-broker-launch --config-file=/usr/sha")
dbus-daemon[748140]: [session uid=1000 pid=748140 pidfd=4] Activated service 'org.freedesktop.systemd1' failed: Process org.freedesktop.systemd1 exited with status 1
dbus-daemon[748140]: [session uid=1000 pid=748140 pidfd=4] Activating service name='org.freedesktop.systemd1' requested by ':1.4' (uid=1000 pid=748273 comm="/usr/bin/dbus-broker-launch --config-file=/usr/sha")
dbus-daemon[748140]: [session uid=1000 pid=748140 pidfd=4] Activated service 'org.freedesktop.systemd1' failed: Process org.freedesktop.systemd1 exited with status 1
{"trial": "m-a1-r17-fill-PC", "outcome": "verified", "oracle_exact_match": true, "completion_mutations": 1, "routes": ["compiled"], "loadavg_before": "3.15 2.25 2.50 3/2660 762880"}
dbus-daemon[748140]: [session uid=1000 pid=748140 pidfd=4] Activating service name='org.freedesktop.systemd1' requested by ':1.4' (uid=1000 pid=748273 comm="/usr/bin/dbus-broker-launch --config-file=/usr/sha")
dbus-daemon[748140]: [session uid=1000 pid=748140 pidfd=4] Activated service 'org.freedesktop.systemd1' failed: Process org.freedesktop.systemd1 exited with status 1
[2m2026-10-03T23:58:34.359285Z[0m [33m WARN[0m [2mcua_driver_sdk::runtime[0m[2m:[0m could not activate the persistent AT-SPI listener: AT-SPI connect failed: ZBus Error: MethodError(OwnedErrorName("org.freedesktop.DBus.Error.NameHasNoOwner"), Some("Could not activate remote peer 'org.a11y.atspi.Registry': unit failed"), Msg { type: Error, serial: 4294967295, sender: UniqueName("org.freedesktop.DBus"), reply-serial: 9, body: Str, fds: [] })
[2m2026-10-03T23:58:34.367725Z[0m [33m WARN[0m [2mplatform_linux::overlay[0m[2m:[0m X11 overlay: root reads cannot see this window's own pixels; save-unders will be served without readback confirmation

✨ cua-driver v0.33.1 is available (you have v0.32.0).
   Update with: cua-driver update
   Release notes: https://github.com/trycua/cua/releases/tag/cua-driver-rs-v0.33.1

dbus-daemon[748140]: [session uid=1000 pid=748140 pidfd=4] Activating service name='org.freedesktop.systemd1' requested by ':1.4' (uid=1000 pid=748273 comm="/usr/bin/dbus-broker-launch --config-file=/usr/sha")
dbus-daemon[748140]: [session uid=1000 pid=748140 pidfd=4] Activated service 'org.freedesktop.systemd1' failed: Process org.freedesktop.systemd1 exited with status 1
dbus-daemon[748140]: [session uid=1000 pid=748140 pidfd=4] Activating service name='org.freedesktop.systemd1' requested by ':1.4' (uid=1000 pid=748273 comm="/usr/bin/dbus-broker-launch --config-file=/usr/sha")
dbus-daemon[748140]: [session uid=1000 pid=748140 pidfd=4] Activated service 'org.freedesktop.systemd1' failed: Process org.freedesktop.systemd1 exited with status 1
{"trial": "m-a1-r17-fill-BASE", "outcome": "verified", "oracle_exact_match": true, "completion_mutations": 1, "routes": ["provider", "provider"], "loadavg_before": "3.15 2.25 2.50 3/2667 767528"}
dbus-daemon[748140]: [session uid=1000 pid=748140 pidfd=4] Activating service name='org.freedesktop.systemd1' requested by ':1.4' (uid=1000 pid=748273 comm="/usr/bin/dbus-broker-launch --config-file=/usr/sha")
dbus-daemon[748140]: [session uid=1000 pid=748140 pidfd=4] Activated service 'org.freedesktop.systemd1' failed: Process org.freedesktop.systemd1 exited with status 1
[2m2026-10-03T23:58:38.860294Z[0m [33m WARN[0m [2mcua_driver_sdk::runtime[0m[2m:[0m could not activate the persistent AT-SPI listener: AT-SPI connect failed: ZBus Error: MethodError(OwnedErrorName("org.freedesktop.DBus.Error.NameHasNoOwner"), Some("Could not activate remote peer 'org.a11y.atspi.Registry': unit failed"), Msg { type: Error, serial: 4294967295, sender: UniqueName("org.freedesktop.DBus"), reply-serial: 9, body: Str, fds: [] })
[2m2026-10-03T23:58:38.867236Z[0m [33m WARN[0m [2mplatform_linux::overlay[0m[2m:[0m X11 overlay: root reads cannot see this window's own pixels; save-unders will be served without readback confirmation

✨ cua-driver v0.33.1 is available (you have v0.32.0).
   Update with: cua-driver update
   Release notes: https://github.com/trycua/cua/releases/tag/cua-driver-rs-v0.33.1

dbus-daemon[748140]: [session uid=1000 pid=748140 pidfd=4] Activating service name='org.freedesktop.systemd1' requested by ':1.4' (uid=1000 pid=748273 comm="/usr/bin/dbus-broker-launch --config-file=/usr/sha")
dbus-daemon[748140]: [session uid=1000 pid=748140 pidfd=4] Activated service 'org.freedesktop.systemd1' failed: Process org.freedesktop.systemd1 exited with status 1
dbus-daemon[748140]: [session uid=1000 pid=748140 pidfd=4] Activating service name='org.freedesktop.systemd1' requested by ':1.4' (uid=1000 pid=748273 comm="/usr/bin/dbus-broker-launch --config-file=/usr/sha")
dbus-daemon[748140]: [session uid=1000 pid=748140 pidfd=4] Activated service 'org.freedesktop.systemd1' failed: Process org.freedesktop.systemd1 exited with status 1
{"trial": "m-a1-r17-fill-P0", "outcome": "verified", "oracle_exact_match": true, "completion_mutations": 1, "routes": ["compiled"], "loadavg_before": "2.97 2.23 2.50 2/2688 770351"}
dbus-daemon[748140]: [session uid=1000 pid=748140 pidfd=4] Activating service name='org.freedesktop.systemd1' requested by ':1.4' (uid=1000 pid=748273 comm="/usr/bin/dbus-broker-launch --config-file=/usr/sha")
dbus-daemon[748140]: [session uid=1000 pid=748140 pidfd=4] Activated service 'org.freedesktop.systemd1' failed: Process org.freedesktop.systemd1 exited with status 1
[2m2026-10-03T23:58:40.360803Z[0m [33m WARN[0m [2mcua_driver_sdk::runtime[0m[2m:[0m could not activate the persistent AT-SPI listener: AT-SPI connect failed: ZBus Error: MethodError(OwnedErrorName("org.freedesktop.DBus.Error.NameHasNoOwner"), Some("Could not activate remote peer 'org.a11y.atspi.Registry': unit failed"), Msg { type: Error, serial: 4294967295, sender: UniqueName("org.freedesktop.DBus"), reply-serial: 9, body: Str, fds: [] })
[2m2026-10-03T23:58:40.367843Z[0m [33m WARN[0m [2mplatform_linux::overlay[0m[2m:[0m X11 overlay: root reads cannot see this window's own pixels; save-unders will be served without readback confirmation

✨ cua-driver v0.33.1 is available (you have v0.32.0).
   Update with: cua-driver update
   Release notes: https://github.com/trycua/cua/releases/tag/cua-driver-rs-v0.33.1

dbus-daemon[748140]: [session uid=1000 pid=748140 pidfd=4] Activating service name='org.freedesktop.systemd1' requested by ':1.4' (uid=1000 pid=748273 comm="/usr/bin/dbus-broker-launch --config-file=/usr/sha")
dbus-daemon[748140]: [session uid=1000 pid=748140 pidfd=4] Activated service 'org.freedesktop.systemd1' failed: Process org.freedesktop.systemd1 exited with status 1
dbus-daemon[748140]: [session uid=1000 pid=748140 pidfd=4] Activating service name='org.freedesktop.systemd1' requested by ':1.4' (uid=1000 pid=748273 comm="/usr/bin/dbus-broker-launch --config-file=/usr/sha")
dbus-daemon[748140]: [session uid=1000 pid=748140 pidfd=4] Activated service 'org.freedesktop.systemd1' failed: Process org.freedesktop.systemd1 exited with status 1
{"trial": "m-a1-r17-fill-P10a", "outcome": "verified", "oracle_exact_match": true, "completion_mutations": 1, "routes": ["compiled"], "loadavg_before": "2.97 2.23 2.50 2/2689 770715"}
dbus-daemon[748140]: [session uid=1000 pid=748140 pidfd=4] Activating service name='org.freedesktop.systemd1' requested by ':1.4' (uid=1000 pid=748273 comm="/usr/bin/dbus-broker-launch --config-file=/usr/sha")
dbus-daemon[748140]: [session uid=1000 pid=748140 pidfd=4] Activated service 'org.freedesktop.systemd1' failed: Process org.freedesktop.systemd1 exited with status 1
[2m2026-10-03T23:58:41.861918Z[0m [33m WARN[0m [2mcua_driver_sdk::runtime[0m[2m:[0m could not activate the persistent AT-SPI listener: AT-SPI connect failed: ZBus Error: MethodError(OwnedErrorName("org.freedesktop.DBus.Error.NameHasNoOwner"), Some("Could not activate remote peer 'org.a11y.atspi.Registry': unit failed"), Msg { type: Error, serial: 4294967295, sender: UniqueName("org.freedesktop.DBus"), reply-serial: 9, body: Str, fds: [] })
[2m2026-10-03T23:58:41.869199Z[0m [33m WARN[0m [2mplatform_linux::overlay[0m[2m:[0m X11 overlay: root reads cannot see this window's own pixels; save-unders will be served without readback confirmation

✨ cua-driver v0.33.1 is available (you have v0.32.0).
   Update with: cua-driver update
   Release notes: https://github.com/trycua/cua/releases/tag/cua-driver-rs-v0.33.1

dbus-daemon[748140]: [session uid=1000 pid=748140 pidfd=4] Activating service name='org.freedesktop.systemd1' requested by ':1.4' (uid=1000 pid=748273 comm="/usr/bin/dbus-broker-launch --config-file=/usr/sha")
dbus-daemon[748140]: [session uid=1000 pid=748140 pidfd=4] Activated service 'org.freedesktop.systemd1' failed: Process org.freedesktop.systemd1 exited with status 1
dbus-daemon[748140]: [session uid=1000 pid=748140 pidfd=4] Activating service name='org.freedesktop.systemd1' requested by ':1.4' (uid=1000 pid=748273 comm="/usr/bin/dbus-broker-launch --config-file=/usr/sha")
dbus-daemon[748140]: [session uid=1000 pid=748140 pidfd=4] Activated service 'org.freedesktop.systemd1' failed: Process org.freedesktop.systemd1 exited with status 1
{"trial": "m-a1-r17-fill-P1", "outcome": "verified", "oracle_exact_match": true, "completion_mutations": 1, "routes": ["compiled"], "loadavg_before": "2.82 2.21 2.49 2/2703 771018"}
dbus-daemon[748140]: [session uid=1000 pid=748140 pidfd=4] Activating service name='org.freedesktop.systemd1' requested by ':1.4' (uid=1000 pid=748273 comm="/usr/bin/dbus-broker-launch --config-file=/usr/sha")
dbus-daemon[748140]: [session uid=1000 pid=748140 pidfd=4] Activated service 'org.freedesktop.systemd1' failed: Process org.freedesktop.systemd1 exited with status 1
[2m2026-10-03T23:58:43.362630Z[0m [33m WARN[0m [2mcua_driver_sdk::runtime[0m[2m:[0m could not activate the persistent AT-SPI listener: AT-SPI connect failed: ZBus Error: MethodError(OwnedErrorName("org.freedesktop.DBus.Error.NameHasNoOwner"), Some("Could not activate remote peer 'org.a11y.atspi.Registry': unit failed"), Msg { type: Error, serial: 4294967295, sender: UniqueName("org.freedesktop.DBus"), reply-serial: 9, body: Str, fds: [] })
[2m2026-10-03T23:58:43.369768Z[0m [33m WARN[0m [2mplatform_linux::overlay[0m[2m:[0m X11 overlay: root reads cannot see this window's own pixels; save-unders will be served without readback confirmation

✨ cua-driver v0.33.1 is available (you have v0.32.0).
   Update with: cua-driver update
   Release notes: https://github.com/trycua/cua/releases/tag/cua-driver-rs-v0.33.1

dbus-daemon[748140]: [session uid=1000 pid=748140 pidfd=4] Activating service name='org.freedesktop.systemd1' requested by ':1.4' (uid=1000 pid=748273 comm="/usr/bin/dbus-broker-launch --config-file=/usr/sha")
dbus-daemon[748140]: [session uid=1000 pid=748140 pidfd=4] Activated service 'org.freedesktop.systemd1' failed: Process org.freedesktop.systemd1 exited with status 1
dbus-daemon[748140]: [session uid=1000 pid=748140 pidfd=4] Activating service name='org.freedesktop.systemd1' requested by ':1.4' (uid=1000 pid=748273 comm="/usr/bin/dbus-broker-launch --config-file=/usr/sha")
dbus-daemon[748140]: [session uid=1000 pid=748140 pidfd=4] Activated service 'org.freedesktop.systemd1' failed: Process org.freedesktop.systemd1 exited with status 1
{"trial": "m-a1-r17-fill-P10b", "outcome": "verified", "oracle_exact_match": true, "completion_mutations": 1, "routes": ["compiled"], "loadavg_before": "2.82 2.21 2.49 2/2703 771295"}
dbus-daemon[748140]: [session uid=1000 pid=748140 pidfd=4] Activating service name='org.freedesktop.systemd1' requested by ':1.4' (uid=1000 pid=748273 comm="/usr/bin/dbus-broker-launch --config-file=/usr/sha")
dbus-daemon[748140]: [session uid=1000 pid=748140 pidfd=4] Activated service 'org.freedesktop.systemd1' failed: Process org.freedesktop.systemd1 exited with status 1
[2m2026-10-03T23:58:44.863273Z[0m [33m WARN[0m [2mcua_driver_sdk::runtime[0m[2m:[0m could not activate the persistent AT-SPI listener: AT-SPI connect failed: ZBus Error: MethodError(OwnedErrorName("org.freedesktop.DBus.Error.NameHasNoOwner"), Some("Could not activate remote peer 'org.a11y.atspi.Registry': unit failed"), Msg { type: Error, serial: 4294967295, sender: UniqueName("org.freedesktop.DBus"), reply-serial: 9, body: Str, fds: [] })
[2m2026-10-03T23:58:44.871155Z[0m [33m WARN[0m [2mplatform_linux::overlay[0m[2m:[0m X11 overlay: root reads cannot see this window's own pixels; save-unders will be served without readback confirmation

✨ cua-driver v0.33.1 is available (you have v0.32.0).
   Update with: cua-driver update
   Release notes: https://github.com/trycua/cua/releases/tag/cua-driver-rs-v0.33.1

dbus-daemon[748140]: [session uid=1000 pid=748140 pidfd=4] Activating service name='org.freedesktop.systemd1' requested by ':1.4' (uid=1000 pid=748273 comm="/usr/bin/dbus-broker-launch --config-file=/usr/sha")
dbus-daemon[748140]: [session uid=1000 pid=748140 pidfd=4] Activated service 'org.freedesktop.systemd1' failed: Process org.freedesktop.systemd1 exited with status 1
dbus-daemon[748140]: [session uid=1000 pid=748140 pidfd=4] Activating service name='org.freedesktop.systemd1' requested by ':1.4' (uid=1000 pid=748273 comm="/usr/bin/dbus-broker-launch --config-file=/usr/sha")
dbus-daemon[748140]: [session uid=1000 pid=748140 pidfd=4] Activated service 'org.freedesktop.systemd1' failed: Process org.freedesktop.systemd1 exited with status 1
{"trial": "m-a1-r18-fill-BASE", "outcome": "verified", "oracle_exact_match": true, "completion_mutations": 1, "routes": ["provider", "provider"], "loadavg_before": "2.82 2.21 2.49 2/2704 771577"}
dbus-daemon[748140]: [session uid=1000 pid=748140 pidfd=4] Activating service name='org.freedesktop.systemd1' requested by ':1.4' (uid=1000 pid=748273 comm="/usr/bin/dbus-broker-launch --config-file=/usr/sha")
dbus-daemon[748140]: [session uid=1000 pid=748140 pidfd=4] Activated service 'org.freedesktop.systemd1' failed: Process org.freedesktop.systemd1 exited with status 1
[2m2026-10-03T23:58:49.364504Z[0m [33m WARN[0m [2mcua_driver_sdk::runtime[0m[2m:[0m could not activate the persistent AT-SPI listener: AT-SPI connect failed: ZBus Error: MethodError(OwnedErrorName("org.freedesktop.DBus.Error.NameHasNoOwner"), Some("Could not activate remote peer 'org.a11y.atspi.Registry': unit failed"), Msg { type: Error, serial: 4294967295, sender: UniqueName("org.freedesktop.DBus"), reply-serial: 9, body: Str, fds: [] })
[2m2026-10-03T23:58:49.371847Z[0m [33m WARN[0m [2mplatform_linux::overlay[0m[2m:[0m X11 overlay: root reads cannot see this window's own pixels; save-unders will be served without readback confirmation

✨ cua-driver v0.33.1 is available (you have v0.32.0).
   Update with: cua-driver update
   Release notes: https://github.com/trycua/cua/releases/tag/cua-driver-rs-v0.33.1

dbus-daemon[748140]: [session uid=1000 pid=748140 pidfd=4] Activating service name='org.freedesktop.systemd1' requested by ':1.4' (uid=1000 pid=748273 comm="/usr/bin/dbus-broker-launch --config-file=/usr/sha")
dbus-daemon[748140]: [session uid=1000 pid=748140 pidfd=4] Activated service 'org.freedesktop.systemd1' failed: Process org.freedesktop.systemd1 exited with status 1
dbus-daemon[748140]: [session uid=1000 pid=748140 pidfd=4] Activating service name='org.freedesktop.systemd1' requested by ':1.4' (uid=1000 pid=748273 comm="/usr/bin/dbus-broker-launch --config-file=/usr/sha")
dbus-daemon[748140]: [session uid=1000 pid=748140 pidfd=4] Activated service 'org.freedesktop.systemd1' failed: Process org.freedesktop.systemd1 exited with status 1
{"trial": "m-a1-r18-fill-P10a", "outcome": "verified", "oracle_exact_match": true, "completion_mutations": 1, "routes": ["compiled"], "loadavg_before": "2.67 2.19 2.48 2/2708 771939"}
dbus-daemon[748140]: [session uid=1000 pid=748140 pidfd=4] Activating service name='org.freedesktop.systemd1' requested by ':1.4' (uid=1000 pid=748273 comm="/usr/bin/dbus-broker-launch --config-file=/usr/sha")
dbus-daemon[748140]: [session uid=1000 pid=748140 pidfd=4] Activated service 'org.freedesktop.systemd1' failed: Process org.freedesktop.systemd1 exited with status 1
[2m2026-10-03T23:58:50.865580Z[0m [33m WARN[0m [2mcua_driver_sdk::runtime[0m[2m:[0m could not activate the persistent AT-SPI listener: AT-SPI connect failed: ZBus Error: MethodError(OwnedErrorName("org.freedesktop.DBus.Error.NameHasNoOwner"), Some("Could not activate remote peer 'org.a11y.atspi.Registry': unit failed"), Msg { type: Error, serial: 4294967295, sender: UniqueName("org.freedesktop.DBus"), reply-serial: 9, body: Str, fds: [] })
[2m2026-10-03T23:58:50.874730Z[0m [33m WARN[0m [2mplatform_linux::overlay[0m[2m:[0m X11 overlay: root reads cannot see this window's own pixels; save-unders will be served without readback confirmation

✨ cua-driver v0.33.1 is available (you have v0.32.0).
   Update with: cua-driver update
   Release notes: https://github.com/trycua/cua/releases/tag/cua-driver-rs-v0.33.1

dbus-daemon[748140]: [session uid=1000 pid=748140 pidfd=4] Activating service name='org.freedesktop.systemd1' requested by ':1.4' (uid=1000 pid=748273 comm="/usr/bin/dbus-broker-launch --config-file=/usr/sha")
dbus-daemon[748140]: [session uid=1000 pid=748140 pidfd=4] Activated service 'org.freedesktop.systemd1' failed: Process org.freedesktop.systemd1 exited with status 1
dbus-daemon[748140]: [session uid=1000 pid=748140 pidfd=4] Activating service name='org.freedesktop.systemd1' requested by ':1.4' (uid=1000 pid=748273 comm="/usr/bin/dbus-broker-launch --config-file=/usr/sha")
dbus-daemon[748140]: [session uid=1000 pid=748140 pidfd=4] Activated service 'org.freedesktop.systemd1' failed: Process org.freedesktop.systemd1 exited with status 1
{"trial": "m-a1-r18-fill-PC", "outcome": "verified", "oracle_exact_match": true, "completion_mutations": 1, "routes": ["compiled"], "loadavg_before": "2.67 2.19 2.48 5/2695 772243"}
dbus-daemon[748140]: [session uid=1000 pid=748140 pidfd=4] Activating service name='org.freedesktop.systemd1' requested by ':1.4' (uid=1000 pid=748273 comm="/usr/bin/dbus-broker-launch --config-file=/usr/sha")
dbus-daemon[748140]: [session uid=1000 pid=748140 pidfd=4] Activated service 'org.freedesktop.systemd1' failed: Process org.freedesktop.systemd1 exited with status 1
[2m2026-10-03T23:58:52.366356Z[0m [33m WARN[0m [2mcua_driver_sdk::runtime[0m[2m:[0m could not activate the persistent AT-SPI listener: AT-SPI connect failed: ZBus Error: MethodError(OwnedErrorName("org.freedesktop.DBus.Error.NameHasNoOwner"), Some("Could not activate remote peer 'org.a11y.atspi.Registry': unit failed"), Msg { type: Error, serial: 4294967295, sender: UniqueName("org.freedesktop.DBus"), reply-serial: 9, body: Str, fds: [] })
[2m2026-10-03T23:58:52.375020Z[0m [33m WARN[0m [2mplatform_linux::overlay[0m[2m:[0m X11 overlay: root reads cannot see this window's own pixels; save-unders will be served without readback confirmation

✨ cua-driver v0.33.1 is available (you have v0.32.0).
   Update with: cua-driver update
   Release notes: https://github.com/trycua/cua/releases/tag/cua-driver-rs-v0.33.1

dbus-daemon[748140]: [session uid=1000 pid=748140 pidfd=4] Activating service name='org.freedesktop.systemd1' requested by ':1.4' (uid=1000 pid=748273 comm="/usr/bin/dbus-broker-launch --config-file=/usr/sha")
dbus-daemon[748140]: [session uid=1000 pid=748140 pidfd=4] Activated service 'org.freedesktop.systemd1' failed: Process org.freedesktop.systemd1 exited with status 1
dbus-daemon[748140]: [session uid=1000 pid=748140 pidfd=4] Activating service name='org.freedesktop.systemd1' requested by ':1.4' (uid=1000 pid=748273 comm="/usr/bin/dbus-broker-launch --config-file=/usr/sha")
dbus-daemon[748140]: [session uid=1000 pid=748140 pidfd=4] Activated service 'org.freedesktop.systemd1' failed: Process org.freedesktop.systemd1 exited with status 1
{"trial": "m-a1-r18-fill-P10b", "outcome": "verified", "oracle_exact_match": true, "completion_mutations": 1, "routes": ["compiled"], "loadavg_before": "2.94 2.25 2.50 3/2671 772552"}
dbus-daemon[748140]: [session uid=1000 pid=748140 pidfd=4] Activating service name='org.freedesktop.systemd1' requested by ':1.4' (uid=1000 pid=748273 comm="/usr/bin/dbus-broker-launch --config-file=/usr/sha")
dbus-daemon[748140]: [session uid=1000 pid=748140 pidfd=4] Activated service 'org.freedesktop.systemd1' failed: Process org.freedesktop.systemd1 exited with status 1
[2m2026-10-03T23:58:53.866402Z[0m [33m WARN[0m [2mcua_driver_sdk::runtime[0m[2m:[0m could not activate the persistent AT-SPI listener: AT-SPI connect failed: ZBus Error: MethodError(OwnedErrorName("org.freedesktop.DBus.Error.NameHasNoOwner"), Some("Could not activate remote peer 'org.a11y.atspi.Registry': unit failed"), Msg { type: Error, serial: 4294967295, sender: UniqueName("org.freedesktop.DBus"), reply-serial: 9, body: Str, fds: [] })
[2m2026-10-03T23:58:53.874302Z[0m [33m WARN[0m [2mplatform_linux::overlay[0m[2m:[0m X11 overlay: root reads cannot see this window's own pixels; save-unders will be served without readback confirmation

✨ cua-driver v0.33.1 is available (you have v0.32.0).
   Update with: cua-driver update
   Release notes: https://github.com/trycua/cua/releases/tag/cua-driver-rs-v0.33.1

dbus-daemon[748140]: [session uid=1000 pid=748140 pidfd=4] Activating service name='org.freedesktop.systemd1' requested by ':1.4' (uid=1000 pid=748273 comm="/usr/bin/dbus-broker-launch --config-file=/usr/sha")
dbus-daemon[748140]: [session uid=1000 pid=748140 pidfd=4] Activated service 'org.freedesktop.systemd1' failed: Process org.freedesktop.systemd1 exited with status 1
dbus-daemon[748140]: [session uid=1000 pid=748140 pidfd=4] Activating service name='org.freedesktop.systemd1' requested by ':1.4' (uid=1000 pid=748273 comm="/usr/bin/dbus-broker-launch --config-file=/usr/sha")
dbus-daemon[748140]: [session uid=1000 pid=748140 pidfd=4] Activated service 'org.freedesktop.systemd1' failed: Process org.freedesktop.systemd1 exited with status 1
{"trial": "m-a1-r18-fill-P0", "outcome": "verified", "oracle_exact_match": true, "completion_mutations": 1, "routes": ["compiled"], "loadavg_before": "2.94 2.25 2.50 2/2663 772834"}
dbus-daemon[748140]: [session uid=1000 pid=748140 pidfd=4] Activating service name='org.freedesktop.systemd1' requested by ':1.4' (uid=1000 pid=748273 comm="/usr/bin/dbus-broker-launch --config-file=/usr/sha")
dbus-daemon[748140]: [session uid=1000 pid=748140 pidfd=4] Activated service 'org.freedesktop.systemd1' failed: Process org.freedesktop.systemd1 exited with status 1
[2m2026-10-03T23:58:55.367040Z[0m [33m WARN[0m [2mcua_driver_sdk::runtime[0m[2m:[0m could not activate the persistent AT-SPI listener: AT-SPI connect failed: ZBus Error: MethodError(OwnedErrorName("org.freedesktop.DBus.Error.NameHasNoOwner"), Some("Could not activate remote peer 'org.a11y.atspi.Registry': unit failed"), Msg { type: Error, serial: 4294967295, sender: UniqueName("org.freedesktop.DBus"), reply-serial: 9, body: Str, fds: [] })
[2m2026-10-03T23:58:55.375541Z[0m [33m WARN[0m [2mplatform_linux::overlay[0m[2m:[0m X11 overlay: root reads cannot see this window's own pixels; save-unders will be served without readback confirmation

✨ cua-driver v0.33.1 is available (you have v0.32.0).
   Update with: cua-driver update
   Release notes: https://github.com/trycua/cua/releases/tag/cua-driver-rs-v0.33.1

dbus-daemon[748140]: [session uid=1000 pid=748140 pidfd=4] Activating service name='org.freedesktop.systemd1' requested by ':1.4' (uid=1000 pid=748273 comm="/usr/bin/dbus-broker-launch --config-file=/usr/sha")
dbus-daemon[748140]: [session uid=1000 pid=748140 pidfd=4] Activated service 'org.freedesktop.systemd1' failed: Process org.freedesktop.systemd1 exited with status 1
dbus-daemon[748140]: [session uid=1000 pid=748140 pidfd=4] Activating service name='org.freedesktop.systemd1' requested by ':1.4' (uid=1000 pid=748273 comm="/usr/bin/dbus-broker-launch --config-file=/usr/sha")
dbus-daemon[748140]: [session uid=1000 pid=748140 pidfd=4] Activated service 'org.freedesktop.systemd1' failed: Process org.freedesktop.systemd1 exited with status 1
{"trial": "m-a1-r18-fill-P1", "outcome": "verified", "oracle_exact_match": true, "completion_mutations": 1, "routes": ["compiled"], "loadavg_before": "2.94 2.25 2.50 2/2670 773319"}
dbus-daemon[748140]: [session uid=1000 pid=748140 pidfd=4] Activating service name='org.freedesktop.systemd1' requested by ':1.4' (uid=1000 pid=748273 comm="/usr/bin/dbus-broker-launch --config-file=/usr/sha")
dbus-daemon[748140]: [session uid=1000 pid=748140 pidfd=4] Activated service 'org.freedesktop.systemd1' failed: Process org.freedesktop.systemd1 exited with status 1
[2m2026-10-03T23:58:56.868386Z[0m [33m WARN[0m [2mcua_driver_sdk::runtime[0m[2m:[0m could not activate the persistent AT-SPI listener: AT-SPI connect failed: ZBus Error: MethodError(OwnedErrorName("org.freedesktop.DBus.Error.NameHasNoOwner"), Some("Could not activate remote peer 'org.a11y.atspi.Registry': unit failed"), Msg { type: Error, serial: 4294967295, sender: UniqueName("org.freedesktop.DBus"), reply-serial: 9, body: Str, fds: [] })
[2m2026-10-03T23:58:56.875162Z[0m [33m WARN[0m [2mplatform_linux::overlay[0m[2m:[0m X11 overlay: root reads cannot see this window's own pixels; save-unders will be served without readback confirmation

✨ cua-driver v0.33.1 is available (you have v0.32.0).
   Update with: cua-driver update
   Release notes: https://github.com/trycua/cua/releases/tag/cua-driver-rs-v0.33.1

dbus-daemon[748140]: [session uid=1000 pid=748140 pidfd=4] Activating service name='org.freedesktop.systemd1' requested by ':1.4' (uid=1000 pid=748273 comm="/usr/bin/dbus-broker-launch --config-file=/usr/sha")
dbus-daemon[748140]: [session uid=1000 pid=748140 pidfd=4] Activated service 'org.freedesktop.systemd1' failed: Process org.freedesktop.systemd1 exited with status 1
dbus-daemon[748140]: [session uid=1000 pid=748140 pidfd=4] Activating service name='org.freedesktop.systemd1' requested by ':1.4' (uid=1000 pid=748273 comm="/usr/bin/dbus-broker-launch --config-file=/usr/sha")
dbus-daemon[748140]: [session uid=1000 pid=748140 pidfd=4] Activated service 'org.freedesktop.systemd1' failed: Process org.freedesktop.systemd1 exited with status 1
{"trial": "m-a1-r19-fill-P10a", "outcome": "verified", "oracle_exact_match": true, "completion_mutations": 1, "routes": ["compiled"], "loadavg_before": "2.94 2.27 2.50 3/2662 773651"}
dbus-daemon[748140]: [session uid=1000 pid=748140 pidfd=4] Activating service name='org.freedesktop.systemd1' requested by ':1.4' (uid=1000 pid=748273 comm="/usr/bin/dbus-broker-launch --config-file=/usr/sha")
dbus-daemon[748140]: [session uid=1000 pid=748140 pidfd=4] Activated service 'org.freedesktop.systemd1' failed: Process org.freedesktop.systemd1 exited with status 1
[2m2026-10-03T23:58:58.372338Z[0m [33m WARN[0m [2mcua_driver_sdk::runtime[0m[2m:[0m could not activate the persistent AT-SPI listener: AT-SPI connect failed: ZBus Error: MethodError(OwnedErrorName("org.freedesktop.DBus.Error.NameHasNoOwner"), Some("Could not activate remote peer 'org.a11y.atspi.Registry': unit failed"), Msg { type: Error, serial: 4294967295, sender: UniqueName("org.freedesktop.DBus"), reply-serial: 9, body: Str, fds: [] })
[2m2026-10-03T23:58:58.380713Z[0m [33m WARN[0m [2mplatform_linux::overlay[0m[2m:[0m X11 overlay: root reads cannot see this window's own pixels; save-unders will be served without readback confirmation

✨ cua-driver v0.33.1 is available (you have v0.32.0).
   Update with: cua-driver update
   Release notes: https://github.com/trycua/cua/releases/tag/cua-driver-rs-v0.33.1

dbus-daemon[748140]: [session uid=1000 pid=748140 pidfd=4] Activating service name='org.freedesktop.systemd1' requested by ':1.4' (uid=1000 pid=748273 comm="/usr/bin/dbus-broker-launch --config-file=/usr/sha")
dbus-daemon[748140]: [session uid=1000 pid=748140 pidfd=4] Activated service 'org.freedesktop.systemd1' failed: Process org.freedesktop.systemd1 exited with status 1
dbus-daemon[748140]: [session uid=1000 pid=748140 pidfd=4] Activating service name='org.freedesktop.systemd1' requested by ':1.4' (uid=1000 pid=748273 comm="/usr/bin/dbus-broker-launch --config-file=/usr/sha")
dbus-daemon[748140]: [session uid=1000 pid=748140 pidfd=4] Activated service 'org.freedesktop.systemd1' failed: Process org.freedesktop.systemd1 exited with status 1
{"trial": "m-a1-r19-fill-P10b", "outcome": "verified", "oracle_exact_match": true, "completion_mutations": 1, "routes": ["compiled"], "loadavg_before": "2.94 2.27 2.50 2/2655 773960"}
dbus-daemon[748140]: [session uid=1000 pid=748140 pidfd=4] Activating service name='org.freedesktop.systemd1' requested by ':1.4' (uid=1000 pid=748273 comm="/usr/bin/dbus-broker-launch --config-file=/usr/sha")
dbus-daemon[748140]: [session uid=1000 pid=748140 pidfd=4] Activated service 'org.freedesktop.systemd1' failed: Process org.freedesktop.systemd1 exited with status 1
[2m2026-10-03T23:58:59.869815Z[0m [33m WARN[0m [2mcua_driver_sdk::runtime[0m[2m:[0m could not activate the persistent AT-SPI listener: AT-SPI connect failed: ZBus Error: MethodError(OwnedErrorName("org.freedesktop.DBus.Error.NameHasNoOwner"), Some("Could not activate remote peer 'org.a11y.atspi.Registry': unit failed"), Msg { type: Error, serial: 4294967295, sender: UniqueName("org.freedesktop.DBus"), reply-serial: 9, body: Str, fds: [] })
[2m2026-10-03T23:58:59.877514Z[0m [33m WARN[0m [2mplatform_linux::overlay[0m[2m:[0m X11 overlay: root reads cannot see this window's own pixels; save-unders will be served without readback confirmation

✨ cua-driver v0.33.1 is available (you have v0.32.0).
   Update with: cua-driver update
   Release notes: https://github.com/trycua/cua/releases/tag/cua-driver-rs-v0.33.1

dbus-daemon[748140]: [session uid=1000 pid=748140 pidfd=4] Activating service name='org.freedesktop.systemd1' requested by ':1.4' (uid=1000 pid=748273 comm="/usr/bin/dbus-broker-launch --config-file=/usr/sha")
dbus-daemon[748140]: [session uid=1000 pid=748140 pidfd=4] Activated service 'org.freedesktop.systemd1' failed: Process org.freedesktop.systemd1 exited with status 1
dbus-daemon[748140]: [session uid=1000 pid=748140 pidfd=4] Activating service name='org.freedesktop.systemd1' requested by ':1.4' (uid=1000 pid=748273 comm="/usr/bin/dbus-broker-launch --config-file=/usr/sha")
dbus-daemon[748140]: [session uid=1000 pid=748140 pidfd=4] Activated service 'org.freedesktop.systemd1' failed: Process org.freedesktop.systemd1 exited with status 1
{"trial": "m-a1-r19-fill-BASE", "outcome": "verified", "oracle_exact_match": true, "completion_mutations": 1, "routes": ["provider", "provider"], "loadavg_before": "2.94 2.27 2.50 2/2653 774242"}
dbus-daemon[748140]: [session uid=1000 pid=748140 pidfd=4] Activating service name='org.freedesktop.systemd1' requested by ':1.4' (uid=1000 pid=748273 comm="/usr/bin/dbus-broker-launch --config-file=/usr/sha")
dbus-daemon[748140]: [session uid=1000 pid=748140 pidfd=4] Activated service 'org.freedesktop.systemd1' failed: Process org.freedesktop.systemd1 exited with status 1
[2m2026-10-03T23:59:04.370796Z[0m [33m WARN[0m [2mcua_driver_sdk::runtime[0m[2m:[0m could not activate the persistent AT-SPI listener: AT-SPI connect failed: ZBus Error: MethodError(OwnedErrorName("org.freedesktop.DBus.Error.NameHasNoOwner"), Some("Could not activate remote peer 'org.a11y.atspi.Registry': unit failed"), Msg { type: Error, serial: 4294967295, sender: UniqueName("org.freedesktop.DBus"), reply-serial: 9, body: Str, fds: [] })
[2m2026-10-03T23:59:04.378851Z[0m [33m WARN[0m [2mplatform_linux::overlay[0m[2m:[0m X11 overlay: root reads cannot see this window's own pixels; save-unders will be served without readback confirmation

✨ cua-driver v0.33.1 is available (you have v0.32.0).
   Update with: cua-driver update
   Release notes: https://github.com/trycua/cua/releases/tag/cua-driver-rs-v0.33.1

dbus-daemon[748140]: [session uid=1000 pid=748140 pidfd=4] Activating service name='org.freedesktop.systemd1' requested by ':1.4' (uid=1000 pid=748273 comm="/usr/bin/dbus-broker-launch --config-file=/usr/sha")
dbus-daemon[748140]: [session uid=1000 pid=748140 pidfd=4] Activated service 'org.freedesktop.systemd1' failed: Process org.freedesktop.systemd1 exited with status 1
dbus-daemon[748140]: [session uid=1000 pid=748140 pidfd=4] Activating service name='org.freedesktop.systemd1' requested by ':1.4' (uid=1000 pid=748273 comm="/usr/bin/dbus-broker-launch --config-file=/usr/sha")
dbus-daemon[748140]: [session uid=1000 pid=748140 pidfd=4] Activated service 'org.freedesktop.systemd1' failed: Process org.freedesktop.systemd1 exited with status 1
{"trial": "m-a1-r19-fill-P1", "outcome": "verified", "oracle_exact_match": true, "completion_mutations": 1, "routes": ["compiled"], "loadavg_before": "2.87 2.26 2.50 2/2661 774632"}
dbus-daemon[748140]: [session uid=1000 pid=748140 pidfd=4] Activating service name='org.freedesktop.systemd1' requested by ':1.4' (uid=1000 pid=748273 comm="/usr/bin/dbus-broker-launch --config-file=/usr/sha")
dbus-daemon[748140]: [session uid=1000 pid=748140 pidfd=4] Activated service 'org.freedesktop.systemd1' failed: Process org.freedesktop.systemd1 exited with status 1
[2m2026-10-03T23:59:05.871146Z[0m [33m WARN[0m [2mcua_driver_sdk::runtime[0m[2m:[0m could not activate the persistent AT-SPI listener: AT-SPI connect failed: ZBus Error: MethodError(OwnedErrorName("org.freedesktop.DBus.Error.NameHasNoOwner"), Some("Could not activate remote peer 'org.a11y.atspi.Registry': unit failed"), Msg { type: Error, serial: 4294967295, sender: UniqueName("org.freedesktop.DBus"), reply-serial: 9, body: Str, fds: [] })
[2m2026-10-03T23:59:05.878980Z[0m [33m WARN[0m [2mplatform_linux::overlay[0m[2m:[0m X11 overlay: root reads cannot see this window's own pixels; save-unders will be served without readback confirmation

✨ cua-driver v0.33.1 is available (you have v0.32.0).
   Update with: cua-driver update
   Release notes: https://github.com/trycua/cua/releases/tag/cua-driver-rs-v0.33.1

dbus-daemon[748140]: [session uid=1000 pid=748140 pidfd=4] Activating service name='org.freedesktop.systemd1' requested by ':1.4' (uid=1000 pid=748273 comm="/usr/bin/dbus-broker-launch --config-file=/usr/sha")
dbus-daemon[748140]: [session uid=1000 pid=748140 pidfd=4] Activated service 'org.freedesktop.systemd1' failed: Process org.freedesktop.systemd1 exited with status 1
dbus-daemon[748140]: [session uid=1000 pid=748140 pidfd=4] Activating service name='org.freedesktop.systemd1' requested by ':1.4' (uid=1000 pid=748273 comm="/usr/bin/dbus-broker-launch --config-file=/usr/sha")
dbus-daemon[748140]: [session uid=1000 pid=748140 pidfd=4] Activated service 'org.freedesktop.systemd1' failed: Process org.freedesktop.systemd1 exited with status 1
{"trial": "m-a1-r19-fill-PC", "outcome": "verified", "oracle_exact_match": true, "completion_mutations": 1, "routes": ["compiled"], "loadavg_before": "2.87 2.26 2.50 2/2664 774983"}
dbus-daemon[748140]: [session uid=1000 pid=748140 pidfd=4] Activating service name='org.freedesktop.systemd1' requested by ':1.4' (uid=1000 pid=748273 comm="/usr/bin/dbus-broker-launch --config-file=/usr/sha")
dbus-daemon[748140]: [session uid=1000 pid=748140 pidfd=4] Activated service 'org.freedesktop.systemd1' failed: Process org.freedesktop.systemd1 exited with status 1
[2m2026-10-03T23:59:07.371921Z[0m [33m WARN[0m [2mcua_driver_sdk::runtime[0m[2m:[0m could not activate the persistent AT-SPI listener: AT-SPI connect failed: ZBus Error: MethodError(OwnedErrorName("org.freedesktop.DBus.Error.NameHasNoOwner"), Some("Could not activate remote peer 'org.a11y.atspi.Registry': unit failed"), Msg { type: Error, serial: 4294967295, sender: UniqueName("org.freedesktop.DBus"), reply-serial: 9, body: Str, fds: [] })
[2m2026-10-03T23:59:07.379847Z[0m [33m WARN[0m [2mplatform_linux::overlay[0m[2m:[0m X11 overlay: root reads cannot see this window's own pixels; save-unders will be served without readback confirmation

✨ cua-driver v0.33.1 is available (you have v0.32.0).
   Update with: cua-driver update
   Release notes: https://github.com/trycua/cua/releases/tag/cua-driver-rs-v0.33.1

dbus-daemon[748140]: [session uid=1000 pid=748140 pidfd=4] Activating service name='org.freedesktop.systemd1' requested by ':1.4' (uid=1000 pid=748273 comm="/usr/bin/dbus-broker-launch --config-file=/usr/sha")
dbus-daemon[748140]: [session uid=1000 pid=748140 pidfd=4] Activated service 'org.freedesktop.systemd1' failed: Process org.freedesktop.systemd1 exited with status 1
dbus-daemon[748140]: [session uid=1000 pid=748140 pidfd=4] Activating service name='org.freedesktop.systemd1' requested by ':1.4' (uid=1000 pid=748273 comm="/usr/bin/dbus-broker-launch --config-file=/usr/sha")
dbus-daemon[748140]: [session uid=1000 pid=748140 pidfd=4] Activated service 'org.freedesktop.systemd1' failed: Process org.freedesktop.systemd1 exited with status 1
{"trial": "m-a1-r19-fill-P0", "outcome": "verified", "oracle_exact_match": true, "completion_mutations": 1, "routes": ["compiled"], "loadavg_before": "3.60 2.42 2.55 4/2662 775257"}
dbus-daemon[748140]: [session uid=1000 pid=748140 pidfd=4] Activating service name='org.freedesktop.systemd1' requested by ':1.4' (uid=1000 pid=748273 comm="/usr/bin/dbus-broker-launch --config-file=/usr/sha")
dbus-daemon[748140]: [session uid=1000 pid=748140 pidfd=4] Activated service 'org.freedesktop.systemd1' failed: Process org.freedesktop.systemd1 exited with status 1
[2m2026-10-03T23:59:08.872480Z[0m [33m WARN[0m [2mcua_driver_sdk::runtime[0m[2m:[0m could not activate the persistent AT-SPI listener: AT-SPI connect failed: ZBus Error: MethodError(OwnedErrorName("org.freedesktop.DBus.Error.NameHasNoOwner"), Some("Could not activate remote peer 'org.a11y.atspi.Registry': unit failed"), Msg { type: Error, serial: 4294967295, sender: UniqueName("org.freedesktop.DBus"), reply-serial: 9, body: Str, fds: [] })
[2m2026-10-03T23:59:08.880096Z[0m [33m WARN[0m [2mplatform_linux::overlay[0m[2m:[0m X11 overlay: root reads cannot see this window's own pixels; save-unders will be served without readback confirmation

✨ cua-driver v0.33.1 is available (you have v0.32.0).
   Update with: cua-driver update
   Release notes: https://github.com/trycua/cua/releases/tag/cua-driver-rs-v0.33.1

dbus-daemon[748140]: [session uid=1000 pid=748140 pidfd=4] Activating service name='org.freedesktop.systemd1' requested by ':1.4' (uid=1000 pid=748273 comm="/usr/bin/dbus-broker-launch --config-file=/usr/sha")
dbus-daemon[748140]: [session uid=1000 pid=748140 pidfd=4] Activated service 'org.freedesktop.systemd1' failed: Process org.freedesktop.systemd1 exited with status 1
dbus-daemon[748140]: [session uid=1000 pid=748140 pidfd=4] Activating service name='org.freedesktop.systemd1' requested by ':1.4' (uid=1000 pid=748273 comm="/usr/bin/dbus-broker-launch --config-file=/usr/sha")
dbus-daemon[748140]: [session uid=1000 pid=748140 pidfd=4] Activated service 'org.freedesktop.systemd1' failed: Process org.freedesktop.systemd1 exited with status 1
{"trial": "m-a1-r20-fill-P10b", "outcome": "verified", "oracle_exact_match": true, "completion_mutations": 1, "routes": ["compiled"], "loadavg_before": "3.60 2.42 2.55 3/2663 775519"}
dbus-daemon[748140]: [session uid=1000 pid=748140 pidfd=4] Activating service name='org.freedesktop.systemd1' requested by ':1.4' (uid=1000 pid=748273 comm="/usr/bin/dbus-broker-launch --config-file=/usr/sha")
dbus-daemon[748140]: [session uid=1000 pid=748140 pidfd=4] Activated service 'org.freedesktop.systemd1' failed: Process org.freedesktop.systemd1 exited with status 1
[2m2026-10-03T23:59:10.373545Z[0m [33m WARN[0m [2mcua_driver_sdk::runtime[0m[2m:[0m could not activate the persistent AT-SPI listener: AT-SPI connect failed: ZBus Error: MethodError(OwnedErrorName("org.freedesktop.DBus.Error.NameHasNoOwner"), Some("Could not activate remote peer 'org.a11y.atspi.Registry': unit failed"), Msg { type: Error, serial: 4294967295, sender: UniqueName("org.freedesktop.DBus"), reply-serial: 9, body: Str, fds: [] })
[2m2026-10-03T23:59:10.380568Z[0m [33m WARN[0m [2mplatform_linux::overlay[0m[2m:[0m X11 overlay: root reads cannot see this window's own pixels; save-unders will be served without readback confirmation

✨ cua-driver v0.33.1 is available (you have v0.32.0).
   Update with: cua-driver update
   Release notes: https://github.com/trycua/cua/releases/tag/cua-driver-rs-v0.33.1

dbus-daemon[748140]: [session uid=1000 pid=748140 pidfd=4] Activating service name='org.freedesktop.systemd1' requested by ':1.4' (uid=1000 pid=748273 comm="/usr/bin/dbus-broker-launch --config-file=/usr/sha")
dbus-daemon[748140]: [session uid=1000 pid=748140 pidfd=4] Activated service 'org.freedesktop.systemd1' failed: Process org.freedesktop.systemd1 exited with status 1
dbus-daemon[748140]: [session uid=1000 pid=748140 pidfd=4] Activating service name='org.freedesktop.systemd1' requested by ':1.4' (uid=1000 pid=748273 comm="/usr/bin/dbus-broker-launch --config-file=/usr/sha")
dbus-daemon[748140]: [session uid=1000 pid=748140 pidfd=4] Activated service 'org.freedesktop.systemd1' failed: Process org.freedesktop.systemd1 exited with status 1
{"trial": "m-a1-r20-fill-P1", "outcome": "verified", "oracle_exact_match": true, "completion_mutations": 1, "routes": ["compiled"], "loadavg_before": "3.60 2.42 2.55 2/2684 775855"}
dbus-daemon[748140]: [session uid=1000 pid=748140 pidfd=4] Activating service name='org.freedesktop.systemd1' requested by ':1.4' (uid=1000 pid=748273 comm="/usr/bin/dbus-broker-launch --config-file=/usr/sha")
dbus-daemon[748140]: [session uid=1000 pid=748140 pidfd=4] Activated service 'org.freedesktop.systemd1' failed: Process org.freedesktop.systemd1 exited with status 1
[2m2026-10-03T23:59:11.874331Z[0m [33m WARN[0m [2mcua_driver_sdk::runtime[0m[2m:[0m could not activate the persistent AT-SPI listener: AT-SPI connect failed: ZBus Error: MethodError(OwnedErrorName("org.freedesktop.DBus.Error.NameHasNoOwner"), Some("Could not activate remote peer 'org.a11y.atspi.Registry': unit failed"), Msg { type: Error, serial: 4294967295, sender: UniqueName("org.freedesktop.DBus"), reply-serial: 9, body: Str, fds: [] })
[2m2026-10-03T23:59:11.882263Z[0m [33m WARN[0m [2mplatform_linux::overlay[0m[2m:[0m X11 overlay: root reads cannot see this window's own pixels; save-unders will be served without readback confirmation

✨ cua-driver v0.33.1 is available (you have v0.32.0).
   Update with: cua-driver update
   Release notes: https://github.com/trycua/cua/releases/tag/cua-driver-rs-v0.33.1

dbus-daemon[748140]: [session uid=1000 pid=748140 pidfd=4] Activating service name='org.freedesktop.systemd1' requested by ':1.4' (uid=1000 pid=748273 comm="/usr/bin/dbus-broker-launch --config-file=/usr/sha")
dbus-daemon[748140]: [session uid=1000 pid=748140 pidfd=4] Activated service 'org.freedesktop.systemd1' failed: Process org.freedesktop.systemd1 exited with status 1
dbus-daemon[748140]: [session uid=1000 pid=748140 pidfd=4] Activating service name='org.freedesktop.systemd1' requested by ':1.4' (uid=1000 pid=748273 comm="/usr/bin/dbus-broker-launch --config-file=/usr/sha")
dbus-daemon[748140]: [session uid=1000 pid=748140 pidfd=4] Activated service 'org.freedesktop.systemd1' failed: Process org.freedesktop.systemd1 exited with status 1
{"trial": "m-a1-r20-fill-P10a", "outcome": "verified", "oracle_exact_match": true, "completion_mutations": 1, "routes": ["compiled"], "loadavg_before": "3.39 2.40 2.54 2/2699 776153"}
dbus-daemon[748140]: [session uid=1000 pid=748140 pidfd=4] Activating service name='org.freedesktop.systemd1' requested by ':1.4' (uid=1000 pid=748273 comm="/usr/bin/dbus-broker-launch --config-file=/usr/sha")
dbus-daemon[748140]: [session uid=1000 pid=748140 pidfd=4] Activated service 'org.freedesktop.systemd1' failed: Process org.freedesktop.systemd1 exited with status 1
[2m2026-10-03T23:59:13.374893Z[0m [33m WARN[0m [2mcua_driver_sdk::runtime[0m[2m:[0m could not activate the persistent AT-SPI listener: AT-SPI connect failed: ZBus Error: MethodError(OwnedErrorName("org.freedesktop.DBus.Error.NameHasNoOwner"), Some("Could not activate remote peer 'org.a11y.atspi.Registry': unit failed"), Msg { type: Error, serial: 4294967295, sender: UniqueName("org.freedesktop.DBus"), reply-serial: 9, body: Str, fds: [] })
[2m2026-10-03T23:59:13.382546Z[0m [33m WARN[0m [2mplatform_linux::overlay[0m[2m:[0m X11 overlay: root reads cannot see this window's own pixels; save-unders will be served without readback confirmation

✨ cua-driver v0.33.1 is available (you have v0.32.0).
   Update with: cua-driver update
   Release notes: https://github.com/trycua/cua/releases/tag/cua-driver-rs-v0.33.1

dbus-daemon[748140]: [session uid=1000 pid=748140 pidfd=4] Activating service name='org.freedesktop.systemd1' requested by ':1.4' (uid=1000 pid=748273 comm="/usr/bin/dbus-broker-launch --config-file=/usr/sha")
dbus-daemon[748140]: [session uid=1000 pid=748140 pidfd=4] Activated service 'org.freedesktop.systemd1' failed: Process org.freedesktop.systemd1 exited with status 1
dbus-daemon[748140]: [session uid=1000 pid=748140 pidfd=4] Activating service name='org.freedesktop.systemd1' requested by ':1.4' (uid=1000 pid=748273 comm="/usr/bin/dbus-broker-launch --config-file=/usr/sha")
dbus-daemon[748140]: [session uid=1000 pid=748140 pidfd=4] Activated service 'org.freedesktop.systemd1' failed: Process org.freedesktop.systemd1 exited with status 1
{"trial": "m-a1-r20-fill-P0", "outcome": "verified", "oracle_exact_match": true, "completion_mutations": 1, "routes": ["compiled"], "loadavg_before": "3.39 2.40 2.54 1/2699 776417"}
dbus-daemon[748140]: [session uid=1000 pid=748140 pidfd=4] Activating service name='org.freedesktop.systemd1' requested by ':1.4' (uid=1000 pid=748273 comm="/usr/bin/dbus-broker-launch --config-file=/usr/sha")
dbus-daemon[748140]: [session uid=1000 pid=748140 pidfd=4] Activated service 'org.freedesktop.systemd1' failed: Process org.freedesktop.systemd1 exited with status 1
[2m2026-10-03T23:59:14.875285Z[0m [33m WARN[0m [2mcua_driver_sdk::runtime[0m[2m:[0m could not activate the persistent AT-SPI listener: AT-SPI connect failed: ZBus Error: MethodError(OwnedErrorName("org.freedesktop.DBus.Error.NameHasNoOwner"), Some("Could not activate remote peer 'org.a11y.atspi.Registry': unit failed"), Msg { type: Error, serial: 4294967295, sender: UniqueName("org.freedesktop.DBus"), reply-serial: 9, body: Str, fds: [] })
[2m2026-10-03T23:59:14.882772Z[0m [33m WARN[0m [2mplatform_linux::overlay[0m[2m:[0m X11 overlay: root reads cannot see this window's own pixels; save-unders will be served without readback confirmation

✨ cua-driver v0.33.1 is available (you have v0.32.0).
   Update with: cua-driver update
   Release notes: https://github.com/trycua/cua/releases/tag/cua-driver-rs-v0.33.1

dbus-daemon[748140]: [session uid=1000 pid=748140 pidfd=4] Activating service name='org.freedesktop.systemd1' requested by ':1.4' (uid=1000 pid=748273 comm="/usr/bin/dbus-broker-launch --config-file=/usr/sha")
dbus-daemon[748140]: [session uid=1000 pid=748140 pidfd=4] Activated service 'org.freedesktop.systemd1' failed: Process org.freedesktop.systemd1 exited with status 1
dbus-daemon[748140]: [session uid=1000 pid=748140 pidfd=4] Activating service name='org.freedesktop.systemd1' requested by ':1.4' (uid=1000 pid=748273 comm="/usr/bin/dbus-broker-launch --config-file=/usr/sha")
dbus-daemon[748140]: [session uid=1000 pid=748140 pidfd=4] Activated service 'org.freedesktop.systemd1' failed: Process org.freedesktop.systemd1 exited with status 1
{"trial": "m-a1-r20-fill-BASE", "outcome": "verified", "oracle_exact_match": true, "completion_mutations": 1, "routes": ["provider", "provider"], "loadavg_before": "3.39 2.40 2.54 2/2700 776714"}
dbus-daemon[748140]: [session uid=1000 pid=748140 pidfd=4] Activating service name='org.freedesktop.systemd1' requested by ':1.4' (uid=1000 pid=748273 comm="/usr/bin/dbus-broker-launch --config-file=/usr/sha")
dbus-daemon[748140]: [session uid=1000 pid=748140 pidfd=4] Activated service 'org.freedesktop.systemd1' failed: Process org.freedesktop.systemd1 exited with status 1
[2m2026-10-03T23:59:19.376084Z[0m [33m WARN[0m [2mcua_driver_sdk::runtime[0m[2m:[0m could not activate the persistent AT-SPI listener: AT-SPI connect failed: ZBus Error: MethodError(OwnedErrorName("org.freedesktop.DBus.Error.NameHasNoOwner"), Some("Could not activate remote peer 'org.a11y.atspi.Registry': unit failed"), Msg { type: Error, serial: 4294967295, sender: UniqueName("org.freedesktop.DBus"), reply-serial: 9, body: Str, fds: [] })
[2m2026-10-03T23:59:19.383203Z[0m [33m WARN[0m [2mplatform_linux::overlay[0m[2m:[0m X11 overlay: root reads cannot see this window's own pixels; save-unders will be served without readback confirmation

✨ cua-driver v0.33.1 is available (you have v0.32.0).
   Update with: cua-driver update
   Release notes: https://github.com/trycua/cua/releases/tag/cua-driver-rs-v0.33.1

dbus-daemon[748140]: [session uid=1000 pid=748140 pidfd=4] Activating service name='org.freedesktop.systemd1' requested by ':1.4' (uid=1000 pid=748273 comm="/usr/bin/dbus-broker-launch --config-file=/usr/sha")
dbus-daemon[748140]: [session uid=1000 pid=748140 pidfd=4] Activated service 'org.freedesktop.systemd1' failed: Process org.freedesktop.systemd1 exited with status 1
dbus-daemon[748140]: [session uid=1000 pid=748140 pidfd=4] Activating service name='org.freedesktop.systemd1' requested by ':1.4' (uid=1000 pid=748273 comm="/usr/bin/dbus-broker-launch --config-file=/usr/sha")
dbus-daemon[748140]: [session uid=1000 pid=748140 pidfd=4] Activated service 'org.freedesktop.systemd1' failed: Process org.freedesktop.systemd1 exited with status 1
{"trial": "m-a1-r20-fill-PC", "outcome": "verified", "oracle_exact_match": true, "completion_mutations": 1, "routes": ["compiled"], "loadavg_before": "3.20 2.37 2.53 2/2706 777083"}
dbus-daemon[748140]: [session uid=1000 pid=748140 pidfd=4] Activating service name='org.freedesktop.systemd1' requested by ':1.4' (uid=1000 pid=748273 comm="/usr/bin/dbus-broker-launch --config-file=/usr/sha")
dbus-daemon[748140]: [session uid=1000 pid=748140 pidfd=4] Activated service 'org.freedesktop.systemd1' failed: Process org.freedesktop.systemd1 exited with status 1
[2m2026-10-03T23:59:20.877403Z[0m [33m WARN[0m [2mcua_driver_sdk::runtime[0m[2m:[0m could not activate the persistent AT-SPI listener: AT-SPI connect failed: ZBus Error: MethodError(OwnedErrorName("org.freedesktop.DBus.Error.NameHasNoOwner"), Some("Could not activate remote peer 'org.a11y.atspi.Registry': unit failed"), Msg { type: Error, serial: 4294967295, sender: UniqueName("org.freedesktop.DBus"), reply-serial: 9, body: Str, fds: [] })
[2m2026-10-03T23:59:20.884903Z[0m [33m WARN[0m [2mplatform_linux::overlay[0m[2m:[0m X11 overlay: root reads cannot see this window's own pixels; save-unders will be served without readback confirmation

✨ cua-driver v0.33.1 is available (you have v0.32.0).
   Update with: cua-driver update
   Release notes: https://github.com/trycua/cua/releases/tag/cua-driver-rs-v0.33.1

dbus-daemon[748140]: [session uid=1000 pid=748140 pidfd=4] Activating service name='org.freedesktop.systemd1' requested by ':1.4' (uid=1000 pid=748273 comm="/usr/bin/dbus-broker-launch --config-file=/usr/sha")
dbus-daemon[748140]: [session uid=1000 pid=748140 pidfd=4] Activated service 'org.freedesktop.systemd1' failed: Process org.freedesktop.systemd1 exited with status 1
dbus-daemon[748140]: [session uid=1000 pid=748140 pidfd=4] Activating service name='org.freedesktop.systemd1' requested by ':1.4' (uid=1000 pid=748273 comm="/usr/bin/dbus-broker-launch --config-file=/usr/sha")
dbus-daemon[748140]: [session uid=1000 pid=748140 pidfd=4] Activated service 'org.freedesktop.systemd1' failed: Process org.freedesktop.systemd1 exited with status 1
{"trial": "m-a1-r21-fill-P1", "outcome": "verified", "oracle_exact_match": true, "completion_mutations": 1, "routes": ["compiled"], "loadavg_before": "3.20 2.37 2.53 4/2674 777391"}
dbus-daemon[748140]: [session uid=1000 pid=748140 pidfd=4] Activating service name='org.freedesktop.systemd1' requested by ':1.4' (uid=1000 pid=748273 comm="/usr/bin/dbus-broker-launch --config-file=/usr/sha")
dbus-daemon[748140]: [session uid=1000 pid=748140 pidfd=4] Activated service 'org.freedesktop.systemd1' failed: Process org.freedesktop.systemd1 exited with status 1
[2m2026-10-03T23:59:22.378690Z[0m [33m WARN[0m [2mcua_driver_sdk::runtime[0m[2m:[0m could not activate the persistent AT-SPI listener: AT-SPI connect failed: ZBus Error: MethodError(OwnedErrorName("org.freedesktop.DBus.Error.NameHasNoOwner"), Some("Could not activate remote peer 'org.a11y.atspi.Registry': unit failed"), Msg { type: Error, serial: 4294967295, sender: UniqueName("org.freedesktop.DBus"), reply-serial: 9, body: Str, fds: [] })
[2m2026-10-03T23:59:22.385636Z[0m [33m WARN[0m [2mplatform_linux::overlay[0m[2m:[0m X11 overlay: root reads cannot see this window's own pixels; save-unders will be served without readback confirmation

✨ cua-driver v0.33.1 is available (you have v0.32.0).
   Update with: cua-driver update
   Release notes: https://github.com/trycua/cua/releases/tag/cua-driver-rs-v0.33.1

dbus-daemon[748140]: [session uid=1000 pid=748140 pidfd=4] Activating service name='org.freedesktop.systemd1' requested by ':1.4' (uid=1000 pid=748273 comm="/usr/bin/dbus-broker-launch --config-file=/usr/sha")
dbus-daemon[748140]: [session uid=1000 pid=748140 pidfd=4] Activated service 'org.freedesktop.systemd1' failed: Process org.freedesktop.systemd1 exited with status 1
dbus-daemon[748140]: [session uid=1000 pid=748140 pidfd=4] Activating service name='org.freedesktop.systemd1' requested by ':1.4' (uid=1000 pid=748273 comm="/usr/bin/dbus-broker-launch --config-file=/usr/sha")
dbus-daemon[748140]: [session uid=1000 pid=748140 pidfd=4] Activated service 'org.freedesktop.systemd1' failed: Process org.freedesktop.systemd1 exited with status 1
{"trial": "m-a1-r21-fill-P0", "outcome": "verified", "oracle_exact_match": true, "completion_mutations": 1, "routes": ["compiled"], "loadavg_before": "3.42 2.44 2.55 2/2672 777718"}
dbus-daemon[748140]: [session uid=1000 pid=748140 pidfd=4] Activating service name='org.freedesktop.systemd1' requested by ':1.4' (uid=1000 pid=748273 comm="/usr/bin/dbus-broker-launch --config-file=/usr/sha")
dbus-daemon[748140]: [session uid=1000 pid=748140 pidfd=4] Activated service 'org.freedesktop.systemd1' failed: Process org.freedesktop.systemd1 exited with status 1
[2m2026-10-03T23:59:23.879167Z[0m [33m WARN[0m [2mcua_driver_sdk::runtime[0m[2m:[0m could not activate the persistent AT-SPI listener: AT-SPI connect failed: ZBus Error: MethodError(OwnedErrorName("org.freedesktop.DBus.Error.NameHasNoOwner"), Some("Could not activate remote peer 'org.a11y.atspi.Registry': unit failed"), Msg { type: Error, serial: 4294967295, sender: UniqueName("org.freedesktop.DBus"), reply-serial: 9, body: Str, fds: [] })
[2m2026-10-03T23:59:23.889028Z[0m [33m WARN[0m [2mplatform_linux::overlay[0m[2m:[0m X11 overlay: root reads cannot see this window's own pixels; save-unders will be served without readback confirmation

✨ cua-driver v0.33.1 is available (you have v0.32.0).
   Update with: cua-driver update
   Release notes: https://github.com/trycua/cua/releases/tag/cua-driver-rs-v0.33.1

dbus-daemon[748140]: [session uid=1000 pid=748140 pidfd=4] Activating service name='org.freedesktop.systemd1' requested by ':1.4' (uid=1000 pid=748273 comm="/usr/bin/dbus-broker-launch --config-file=/usr/sha")
dbus-daemon[748140]: [session uid=1000 pid=748140 pidfd=4] Activated service 'org.freedesktop.systemd1' failed: Process org.freedesktop.systemd1 exited with status 1
dbus-daemon[748140]: [session uid=1000 pid=748140 pidfd=4] Activating service name='org.freedesktop.systemd1' requested by ':1.4' (uid=1000 pid=748273 comm="/usr/bin/dbus-broker-launch --config-file=/usr/sha")
dbus-daemon[748140]: [session uid=1000 pid=748140 pidfd=4] Activated service 'org.freedesktop.systemd1' failed: Process org.freedesktop.systemd1 exited with status 1
{"trial": "m-a1-r21-fill-P10b", "outcome": "verified", "oracle_exact_match": true, "completion_mutations": 1, "routes": ["compiled"], "loadavg_before": "3.42 2.44 2.55 2/2672 777995"}
dbus-daemon[748140]: [session uid=1000 pid=748140 pidfd=4] Activating service name='org.freedesktop.systemd1' requested by ':1.4' (uid=1000 pid=748273 comm="/usr/bin/dbus-broker-launch --config-file=/usr/sha")
dbus-daemon[748140]: [session uid=1000 pid=748140 pidfd=4] Activated service 'org.freedesktop.systemd1' failed: Process org.freedesktop.systemd1 exited with status 1
[2m2026-10-03T23:59:25.379223Z[0m [33m WARN[0m [2mcua_driver_sdk::runtime[0m[2m:[0m could not activate the persistent AT-SPI listener: AT-SPI connect failed: ZBus Error: MethodError(OwnedErrorName("org.freedesktop.DBus.Error.NameHasNoOwner"), Some("Could not activate remote peer 'org.a11y.atspi.Registry': unit failed"), Msg { type: Error, serial: 4294967295, sender: UniqueName("org.freedesktop.DBus"), reply-serial: 9, body: Str, fds: [] })
[2m2026-10-03T23:59:25.386654Z[0m [33m WARN[0m [2mplatform_linux::overlay[0m[2m:[0m X11 overlay: root reads cannot see this window's own pixels; save-unders will be served without readback confirmation

✨ cua-driver v0.33.1 is available (you have v0.32.0).
   Update with: cua-driver update
   Release notes: https://github.com/trycua/cua/releases/tag/cua-driver-rs-v0.33.1

dbus-daemon[748140]: [session uid=1000 pid=748140 pidfd=4] Activating service name='org.freedesktop.systemd1' requested by ':1.4' (uid=1000 pid=748273 comm="/usr/bin/dbus-broker-launch --config-file=/usr/sha")
dbus-daemon[748140]: [session uid=1000 pid=748140 pidfd=4] Activated service 'org.freedesktop.systemd1' failed: Process org.freedesktop.systemd1 exited with status 1
dbus-daemon[748140]: [session uid=1000 pid=748140 pidfd=4] Activating service name='org.freedesktop.systemd1' requested by ':1.4' (uid=1000 pid=748273 comm="/usr/bin/dbus-broker-launch --config-file=/usr/sha")
dbus-daemon[748140]: [session uid=1000 pid=748140 pidfd=4] Activated service 'org.freedesktop.systemd1' failed: Process org.freedesktop.systemd1 exited with status 1
{"trial": "m-a1-r21-fill-PC", "outcome": "verified", "oracle_exact_match": true, "completion_mutations": 1, "routes": ["compiled"], "loadavg_before": "3.42 2.44 2.55 3/2675 778342"}
dbus-daemon[748140]: [session uid=1000 pid=748140 pidfd=4] Activating service name='org.freedesktop.systemd1' requested by ':1.4' (uid=1000 pid=748273 comm="/usr/bin/dbus-broker-launch --config-file=/usr/sha")
dbus-daemon[748140]: [session uid=1000 pid=748140 pidfd=4] Activated service 'org.freedesktop.systemd1' failed: Process org.freedesktop.systemd1 exited with status 1
[2m2026-10-03T23:59:26.880156Z[0m [33m WARN[0m [2mcua_driver_sdk::runtime[0m[2m:[0m could not activate the persistent AT-SPI listener: AT-SPI connect failed: ZBus Error: MethodError(OwnedErrorName("org.freedesktop.DBus.Error.NameHasNoOwner"), Some("Could not activate remote peer 'org.a11y.atspi.Registry': unit failed"), Msg { type: Error, serial: 4294967295, sender: UniqueName("org.freedesktop.DBus"), reply-serial: 9, body: Str, fds: [] })
[2m2026-10-03T23:59:26.887999Z[0m [33m WARN[0m [2mplatform_linux::overlay[0m[2m:[0m X11 overlay: root reads cannot see this window's own pixels; save-unders will be served without readback confirmation

✨ cua-driver v0.33.1 is available (you have v0.32.0).
   Update with: cua-driver update
   Release notes: https://github.com/trycua/cua/releases/tag/cua-driver-rs-v0.33.1

dbus-daemon[748140]: [session uid=1000 pid=748140 pidfd=4] Activating service name='org.freedesktop.systemd1' requested by ':1.4' (uid=1000 pid=748273 comm="/usr/bin/dbus-broker-launch --config-file=/usr/sha")
dbus-daemon[748140]: [session uid=1000 pid=748140 pidfd=4] Activated service 'org.freedesktop.systemd1' failed: Process org.freedesktop.systemd1 exited with status 1
dbus-daemon[748140]: [session uid=1000 pid=748140 pidfd=4] Activating service name='org.freedesktop.systemd1' requested by ':1.4' (uid=1000 pid=748273 comm="/usr/bin/dbus-broker-launch --config-file=/usr/sha")
dbus-daemon[748140]: [session uid=1000 pid=748140 pidfd=4] Activated service 'org.freedesktop.systemd1' failed: Process org.freedesktop.systemd1 exited with status 1
{"trial": "m-a1-r21-fill-P10a", "outcome": "verified", "oracle_exact_match": true, "completion_mutations": 1, "routes": ["compiled"], "loadavg_before": "3.31 2.43 2.55 2/2672 778626"}
dbus-daemon[748140]: [session uid=1000 pid=748140 pidfd=4] Activating service name='org.freedesktop.systemd1' requested by ':1.4' (uid=1000 pid=748273 comm="/usr/bin/dbus-broker-launch --config-file=/usr/sha")
dbus-daemon[748140]: [session uid=1000 pid=748140 pidfd=4] Activated service 'org.freedesktop.systemd1' failed: Process org.freedesktop.systemd1 exited with status 1
[2m2026-10-03T23:59:28.380889Z[0m [33m WARN[0m [2mcua_driver_sdk::runtime[0m[2m:[0m could not activate the persistent AT-SPI listener: AT-SPI connect failed: ZBus Error: MethodError(OwnedErrorName("org.freedesktop.DBus.Error.NameHasNoOwner"), Some("Could not activate remote peer 'org.a11y.atspi.Registry': unit failed"), Msg { type: Error, serial: 4294967295, sender: UniqueName("org.freedesktop.DBus"), reply-serial: 9, body: Str, fds: [] })
[2m2026-10-03T23:59:28.388058Z[0m [33m WARN[0m [2mplatform_linux::overlay[0m[2m:[0m X11 overlay: root reads cannot see this window's own pixels; save-unders will be served without readback confirmation

✨ cua-driver v0.33.1 is available (you have v0.32.0).
   Update with: cua-driver update
   Release notes: https://github.com/trycua/cua/releases/tag/cua-driver-rs-v0.33.1

dbus-daemon[748140]: [session uid=1000 pid=748140 pidfd=4] Activating service name='org.freedesktop.systemd1' requested by ':1.4' (uid=1000 pid=748273 comm="/usr/bin/dbus-broker-launch --config-file=/usr/sha")
dbus-daemon[748140]: [session uid=1000 pid=748140 pidfd=4] Activated service 'org.freedesktop.systemd1' failed: Process org.freedesktop.systemd1 exited with status 1
dbus-daemon[748140]: [session uid=1000 pid=748140 pidfd=4] Activating service name='org.freedesktop.systemd1' requested by ':1.4' (uid=1000 pid=748273 comm="/usr/bin/dbus-broker-launch --config-file=/usr/sha")
dbus-daemon[748140]: [session uid=1000 pid=748140 pidfd=4] Activated service 'org.freedesktop.systemd1' failed: Process org.freedesktop.systemd1 exited with status 1
{"trial": "m-a1-r21-fill-BASE", "outcome": "verified", "oracle_exact_match": true, "completion_mutations": 1, "routes": ["provider", "provider"], "loadavg_before": "3.31 2.43 2.55 2/2665 778934"}
dbus-daemon[748140]: [session uid=1000 pid=748140 pidfd=4] Activating service name='org.freedesktop.systemd1' requested by ':1.4' (uid=1000 pid=748273 comm="/usr/bin/dbus-broker-launch --config-file=/usr/sha")
dbus-daemon[748140]: [session uid=1000 pid=748140 pidfd=4] Activated service 'org.freedesktop.systemd1' failed: Process org.freedesktop.systemd1 exited with status 1
[2m2026-10-03T23:59:32.886206Z[0m [33m WARN[0m [2mcua_driver_sdk::runtime[0m[2m:[0m could not activate the persistent AT-SPI listener: AT-SPI connect failed: ZBus Error: MethodError(OwnedErrorName("org.freedesktop.DBus.Error.NameHasNoOwner"), Some("Could not activate remote peer 'org.a11y.atspi.Registry': unit failed"), Msg { type: Error, serial: 4294967295, sender: UniqueName("org.freedesktop.DBus"), reply-serial: 9, body: Str, fds: [] })
[2m2026-10-03T23:59:32.893989Z[0m [33m WARN[0m [2mplatform_linux::overlay[0m[2m:[0m X11 overlay: root reads cannot see this window's own pixels; save-unders will be served without readback confirmation

✨ cua-driver v0.33.1 is available (you have v0.32.0).
   Update with: cua-driver update
   Release notes: https://github.com/trycua/cua/releases/tag/cua-driver-rs-v0.33.1

dbus-daemon[748140]: [session uid=1000 pid=748140 pidfd=4] Activating service name='org.freedesktop.systemd1' requested by ':1.4' (uid=1000 pid=748273 comm="/usr/bin/dbus-broker-launch --config-file=/usr/sha")
dbus-daemon[748140]: [session uid=1000 pid=748140 pidfd=4] Activated service 'org.freedesktop.systemd1' failed: Process org.freedesktop.systemd1 exited with status 1
dbus-daemon[748140]: [session uid=1000 pid=748140 pidfd=4] Activating service name='org.freedesktop.systemd1' requested by ':1.4' (uid=1000 pid=748273 comm="/usr/bin/dbus-broker-launch --config-file=/usr/sha")
dbus-daemon[748140]: [session uid=1000 pid=748140 pidfd=4] Activated service 'org.freedesktop.systemd1' failed: Process org.freedesktop.systemd1 exited with status 1
{"trial": "m-a1-r22-fill-P0", "outcome": "verified", "oracle_exact_match": true, "completion_mutations": 1, "routes": ["compiled"], "loadavg_before": "3.12 2.40 2.54 1/2657 779303"}
dbus-daemon[748140]: [session uid=1000 pid=748140 pidfd=4] Activating service name='org.freedesktop.systemd1' requested by ':1.4' (uid=1000 pid=748273 comm="/usr/bin/dbus-broker-launch --config-file=/usr/sha")
dbus-daemon[748140]: [session uid=1000 pid=748140 pidfd=4] Activated service 'org.freedesktop.systemd1' failed: Process org.freedesktop.systemd1 exited with status 1
[2m2026-10-03T23:59:34.383109Z[0m [33m WARN[0m [2mcua_driver_sdk::runtime[0m[2m:[0m could not activate the persistent AT-SPI listener: AT-SPI connect failed: ZBus Error: MethodError(OwnedErrorName("org.freedesktop.DBus.Error.NameHasNoOwner"), Some("Could not activate remote peer 'org.a11y.atspi.Registry': unit failed"), Msg { type: Error, serial: 4294967295, sender: UniqueName("org.freedesktop.DBus"), reply-serial: 9, body: Str, fds: [] })
[2m2026-10-03T23:59:34.390144Z[0m [33m WARN[0m [2mplatform_linux::overlay[0m[2m:[0m X11 overlay: root reads cannot see this window's own pixels; save-unders will be served without readback confirmation

✨ cua-driver v0.33.1 is available (you have v0.32.0).
   Update with: cua-driver update
   Release notes: https://github.com/trycua/cua/releases/tag/cua-driver-rs-v0.33.1

dbus-daemon[748140]: [session uid=1000 pid=748140 pidfd=4] Activating service name='org.freedesktop.systemd1' requested by ':1.4' (uid=1000 pid=748273 comm="/usr/bin/dbus-broker-launch --config-file=/usr/sha")
dbus-daemon[748140]: [session uid=1000 pid=748140 pidfd=4] Activated service 'org.freedesktop.systemd1' failed: Process org.freedesktop.systemd1 exited with status 1
dbus-daemon[748140]: [session uid=1000 pid=748140 pidfd=4] Activating service name='org.freedesktop.systemd1' requested by ':1.4' (uid=1000 pid=748273 comm="/usr/bin/dbus-broker-launch --config-file=/usr/sha")
dbus-daemon[748140]: [session uid=1000 pid=748140 pidfd=4] Activated service 'org.freedesktop.systemd1' failed: Process org.freedesktop.systemd1 exited with status 1
{"trial": "m-a1-r22-fill-PC", "outcome": "verified", "oracle_exact_match": true, "completion_mutations": 1, "routes": ["compiled"], "loadavg_before": "3.12 2.40 2.54 2/2663 779595"}
dbus-daemon[748140]: [session uid=1000 pid=748140 pidfd=4] Activating service name='org.freedesktop.systemd1' requested by ':1.4' (uid=1000 pid=748273 comm="/usr/bin/dbus-broker-launch --config-file=/usr/sha")
dbus-daemon[748140]: [session uid=1000 pid=748140 pidfd=4] Activated service 'org.freedesktop.systemd1' failed: Process org.freedesktop.systemd1 exited with status 1
[2m2026-10-03T23:59:35.883262Z[0m [33m WARN[0m [2mcua_driver_sdk::runtime[0m[2m:[0m could not activate the persistent AT-SPI listener: AT-SPI connect failed: ZBus Error: MethodError(OwnedErrorName("org.freedesktop.DBus.Error.NameHasNoOwner"), Some("Could not activate remote peer 'org.a11y.atspi.Registry': unit failed"), Msg { type: Error, serial: 4294967295, sender: UniqueName("org.freedesktop.DBus"), reply-serial: 9, body: Str, fds: [] })
[2m2026-10-03T23:59:35.891879Z[0m [33m WARN[0m [2mplatform_linux::overlay[0m[2m:[0m X11 overlay: root reads cannot see this window's own pixels; save-unders will be served without readback confirmation

✨ cua-driver v0.33.1 is available (you have v0.32.0).
   Update with: cua-driver update
   Release notes: https://github.com/trycua/cua/releases/tag/cua-driver-rs-v0.33.1

dbus-daemon[748140]: [session uid=1000 pid=748140 pidfd=4] Activating service name='org.freedesktop.systemd1' requested by ':1.4' (uid=1000 pid=748273 comm="/usr/bin/dbus-broker-launch --config-file=/usr/sha")
dbus-daemon[748140]: [session uid=1000 pid=748140 pidfd=4] Activated service 'org.freedesktop.systemd1' failed: Process org.freedesktop.systemd1 exited with status 1
dbus-daemon[748140]: [session uid=1000 pid=748140 pidfd=4] Activating service name='org.freedesktop.systemd1' requested by ':1.4' (uid=1000 pid=748273 comm="/usr/bin/dbus-broker-launch --config-file=/usr/sha")
dbus-daemon[748140]: [session uid=1000 pid=748140 pidfd=4] Activated service 'org.freedesktop.systemd1' failed: Process org.freedesktop.systemd1 exited with status 1
{"trial": "m-a1-r22-fill-P1", "outcome": "verified", "oracle_exact_match": true, "completion_mutations": 1, "routes": ["compiled"], "loadavg_before": "3.12 2.40 2.54 6/2677 779958"}
dbus-daemon[748140]: [session uid=1000 pid=748140 pidfd=4] Activating service name='org.freedesktop.systemd1' requested by ':1.4' (uid=1000 pid=748273 comm="/usr/bin/dbus-broker-launch --config-file=/usr/sha")
dbus-daemon[748140]: [session uid=1000 pid=748140 pidfd=4] Activated service 'org.freedesktop.systemd1' failed: Process org.freedesktop.systemd1 exited with status 1
[2m2026-10-03T23:59:37.384045Z[0m [33m WARN[0m [2mcua_driver_sdk::runtime[0m[2m:[0m could not activate the persistent AT-SPI listener: AT-SPI connect failed: ZBus Error: MethodError(OwnedErrorName("org.freedesktop.DBus.Error.NameHasNoOwner"), Some("Could not activate remote peer 'org.a11y.atspi.Registry': unit failed"), Msg { type: Error, serial: 4294967295, sender: UniqueName("org.freedesktop.DBus"), reply-serial: 9, body: Str, fds: [] })
[2m2026-10-03T23:59:37.391420Z[0m [33m WARN[0m [2mplatform_linux::overlay[0m[2m:[0m X11 overlay: root reads cannot see this window's own pixels; save-unders will be served without readback confirmation

✨ cua-driver v0.33.1 is available (you have v0.32.0).
   Update with: cua-driver update
   Release notes: https://github.com/trycua/cua/releases/tag/cua-driver-rs-v0.33.1

dbus-daemon[748140]: [session uid=1000 pid=748140 pidfd=4] Activating service name='org.freedesktop.systemd1' requested by ':1.4' (uid=1000 pid=748273 comm="/usr/bin/dbus-broker-launch --config-file=/usr/sha")
dbus-daemon[748140]: [session uid=1000 pid=748140 pidfd=4] Activated service 'org.freedesktop.systemd1' failed: Process org.freedesktop.systemd1 exited with status 1
dbus-daemon[748140]: [session uid=1000 pid=748140 pidfd=4] Activating service name='org.freedesktop.systemd1' requested by ':1.4' (uid=1000 pid=748273 comm="/usr/bin/dbus-broker-launch --config-file=/usr/sha")
dbus-daemon[748140]: [session uid=1000 pid=748140 pidfd=4] Activated service 'org.freedesktop.systemd1' failed: Process org.freedesktop.systemd1 exited with status 1
{"trial": "m-a1-r22-fill-BASE", "outcome": "verified", "oracle_exact_match": true, "completion_mutations": 1, "routes": ["provider", "provider"], "loadavg_before": "4.40 2.68 2.63 1/2666 780302"}
dbus-daemon[748140]: [session uid=1000 pid=748140 pidfd=4] Activating service name='org.freedesktop.systemd1' requested by ':1.4' (uid=1000 pid=748273 comm="/usr/bin/dbus-broker-launch --config-file=/usr/sha")
dbus-daemon[748140]: [session uid=1000 pid=748140 pidfd=4] Activated service 'org.freedesktop.systemd1' failed: Process org.freedesktop.systemd1 exited with status 1
[2m2026-10-03T23:59:41.885515Z[0m [33m WARN[0m [2mcua_driver_sdk::runtime[0m[2m:[0m could not activate the persistent AT-SPI listener: AT-SPI connect failed: ZBus Error: MethodError(OwnedErrorName("org.freedesktop.DBus.Error.NameHasNoOwner"), Some("Could not activate remote peer 'org.a11y.atspi.Registry': unit failed"), Msg { type: Error, serial: 4294967295, sender: UniqueName("org.freedesktop.DBus"), reply-serial: 9, body: Str, fds: [] })
[2m2026-10-03T23:59:41.892657Z[0m [33m WARN[0m [2mplatform_linux::overlay[0m[2m:[0m X11 overlay: root reads cannot see this window's own pixels; save-unders will be served without readback confirmation

✨ cua-driver v0.33.1 is available (you have v0.32.0).
   Update with: cua-driver update
   Release notes: https://github.com/trycua/cua/releases/tag/cua-driver-rs-v0.33.1

dbus-daemon[748140]: [session uid=1000 pid=748140 pidfd=4] Activating service name='org.freedesktop.systemd1' requested by ':1.4' (uid=1000 pid=748273 comm="/usr/bin/dbus-broker-launch --config-file=/usr/sha")
dbus-daemon[748140]: [session uid=1000 pid=748140 pidfd=4] Activated service 'org.freedesktop.systemd1' failed: Process org.freedesktop.systemd1 exited with status 1
dbus-daemon[748140]: [session uid=1000 pid=748140 pidfd=4] Activating service name='org.freedesktop.systemd1' requested by ':1.4' (uid=1000 pid=748273 comm="/usr/bin/dbus-broker-launch --config-file=/usr/sha")
dbus-daemon[748140]: [session uid=1000 pid=748140 pidfd=4] Activated service 'org.freedesktop.systemd1' failed: Process org.freedesktop.systemd1 exited with status 1
{"trial": "m-a1-r22-fill-P10b", "outcome": "verified", "oracle_exact_match": true, "completion_mutations": 1, "routes": ["compiled"], "loadavg_before": "4.12 2.65 2.62 2/2700 780756"}
dbus-daemon[748140]: [session uid=1000 pid=748140 pidfd=4] Activating service name='org.freedesktop.systemd1' requested by ':1.4' (uid=1000 pid=748273 comm="/usr/bin/dbus-broker-launch --config-file=/usr/sha")
dbus-daemon[748140]: [session uid=1000 pid=748140 pidfd=4] Activated service 'org.freedesktop.systemd1' failed: Process org.freedesktop.systemd1 exited with status 1
[2m2026-10-03T23:59:43.385929Z[0m [33m WARN[0m [2mcua_driver_sdk::runtime[0m[2m:[0m could not activate the persistent AT-SPI listener: AT-SPI connect failed: ZBus Error: MethodError(OwnedErrorName("org.freedesktop.DBus.Error.NameHasNoOwner"), Some("Could not activate remote peer 'org.a11y.atspi.Registry': unit failed"), Msg { type: Error, serial: 4294967295, sender: UniqueName("org.freedesktop.DBus"), reply-serial: 9, body: Str, fds: [] })
[2m2026-10-03T23:59:43.393440Z[0m [33m WARN[0m [2mplatform_linux::overlay[0m[2m:[0m X11 overlay: root reads cannot see this window's own pixels; save-unders will be served without readback confirmation

✨ cua-driver v0.33.1 is available (you have v0.32.0).
   Update with: cua-driver update
   Release notes: https://github.com/trycua/cua/releases/tag/cua-driver-rs-v0.33.1

dbus-daemon[748140]: [session uid=1000 pid=748140 pidfd=4] Activating service name='org.freedesktop.systemd1' requested by ':1.4' (uid=1000 pid=748273 comm="/usr/bin/dbus-broker-launch --config-file=/usr/sha")
dbus-daemon[748140]: [session uid=1000 pid=748140 pidfd=4] Activated service 'org.freedesktop.systemd1' failed: Process org.freedesktop.systemd1 exited with status 1
dbus-daemon[748140]: [session uid=1000 pid=748140 pidfd=4] Activating service name='org.freedesktop.systemd1' requested by ':1.4' (uid=1000 pid=748273 comm="/usr/bin/dbus-broker-launch --config-file=/usr/sha")
dbus-daemon[748140]: [session uid=1000 pid=748140 pidfd=4] Activated service 'org.freedesktop.systemd1' failed: Process org.freedesktop.systemd1 exited with status 1
{"trial": "m-a1-r22-fill-P10a", "outcome": "verified", "oracle_exact_match": true, "completion_mutations": 1, "routes": ["compiled"], "loadavg_before": "4.12 2.65 2.62 2/2700 781040"}
dbus-daemon[748140]: [session uid=1000 pid=748140 pidfd=4] Activating service name='org.freedesktop.systemd1' requested by ':1.4' (uid=1000 pid=748273 comm="/usr/bin/dbus-broker-launch --config-file=/usr/sha")
dbus-daemon[748140]: [session uid=1000 pid=748140 pidfd=4] Activated service 'org.freedesktop.systemd1' failed: Process org.freedesktop.systemd1 exited with status 1
[2m2026-10-03T23:59:46.887094Z[0m [33m WARN[0m [2mcua_driver_sdk::runtime[0m[2m:[0m could not activate the persistent AT-SPI listener: AT-SPI connect failed: ZBus Error: MethodError(OwnedErrorName("org.freedesktop.DBus.Error.NameHasNoOwner"), Some("Could not activate remote peer 'org.a11y.atspi.Registry': unit failed"), Msg { type: Error, serial: 4294967295, sender: UniqueName("org.freedesktop.DBus"), reply-serial: 9, body: Str, fds: [] })
[2m2026-10-03T23:59:46.894785Z[0m [33m WARN[0m [2mplatform_linux::overlay[0m[2m:[0m X11 overlay: root reads cannot see this window's own pixels; save-unders will be served without readback confirmation

✨ cua-driver v0.33.1 is available (you have v0.32.0).
   Update with: cua-driver update
   Release notes: https://github.com/trycua/cua/releases/tag/cua-driver-rs-v0.33.1

dbus-daemon[748140]: [session uid=1000 pid=748140 pidfd=4] Activating service name='org.freedesktop.systemd1' requested by ':1.4' (uid=1000 pid=748273 comm="/usr/bin/dbus-broker-launch --config-file=/usr/sha")
dbus-daemon[748140]: [session uid=1000 pid=748140 pidfd=4] Activated service 'org.freedesktop.systemd1' failed: Process org.freedesktop.systemd1 exited with status 1
dbus-daemon[748140]: [session uid=1000 pid=748140 pidfd=4] Activating service name='org.freedesktop.systemd1' requested by ':1.4' (uid=1000 pid=748273 comm="/usr/bin/dbus-broker-launch --config-file=/usr/sha")
dbus-daemon[748140]: [session uid=1000 pid=748140 pidfd=4] Activated service 'org.freedesktop.systemd1' failed: Process org.freedesktop.systemd1 exited with status 1
{"trial": "m-a1-r23-fill-PC", "outcome": "verified", "oracle_exact_match": true, "completion_mutations": 1, "routes": ["compiled"], "loadavg_before": "3.87 2.62 2.61 1/2702 781408"}
dbus-daemon[748140]: [session uid=1000 pid=748140 pidfd=4] Activating service name='org.freedesktop.systemd1' requested by ':1.4' (uid=1000 pid=748273 comm="/usr/bin/dbus-broker-launch --config-file=/usr/sha")
dbus-daemon[748140]: [session uid=1000 pid=748140 pidfd=4] Activated service 'org.freedesktop.systemd1' failed: Process org.freedesktop.systemd1 exited with status 1
[2m2026-10-03T23:59:48.387524Z[0m [33m WARN[0m [2mcua_driver_sdk::runtime[0m[2m:[0m could not activate the persistent AT-SPI listener: AT-SPI connect failed: ZBus Error: MethodError(OwnedErrorName("org.freedesktop.DBus.Error.NameHasNoOwner"), Some("Could not activate remote peer 'org.a11y.atspi.Registry': unit failed"), Msg { type: Error, serial: 4294967295, sender: UniqueName("org.freedesktop.DBus"), reply-serial: 9, body: Str, fds: [] })
[2m2026-10-03T23:59:48.394933Z[0m [33m WARN[0m [2mplatform_linux::overlay[0m[2m:[0m X11 overlay: root reads cannot see this window's own pixels; save-unders will be served without readback confirmation

✨ cua-driver v0.33.1 is available (you have v0.32.0).
   Update with: cua-driver update
   Release notes: https://github.com/trycua/cua/releases/tag/cua-driver-rs-v0.33.1

dbus-daemon[748140]: [session uid=1000 pid=748140 pidfd=4] Activating service name='org.freedesktop.systemd1' requested by ':1.4' (uid=1000 pid=748273 comm="/usr/bin/dbus-broker-launch --config-file=/usr/sha")
dbus-daemon[748140]: [session uid=1000 pid=748140 pidfd=4] Activated service 'org.freedesktop.systemd1' failed: Process org.freedesktop.systemd1 exited with status 1
dbus-daemon[748140]: [session uid=1000 pid=748140 pidfd=4] Activating service name='org.freedesktop.systemd1' requested by ':1.4' (uid=1000 pid=748273 comm="/usr/bin/dbus-broker-launch --config-file=/usr/sha")
dbus-daemon[748140]: [session uid=1000 pid=748140 pidfd=4] Activated service 'org.freedesktop.systemd1' failed: Process org.freedesktop.systemd1 exited with status 1
{"trial": "m-a1-r23-fill-BASE", "outcome": "verified", "oracle_exact_match": true, "completion_mutations": 1, "routes": ["provider", "provider"], "loadavg_before": "3.87 2.62 2.61 3/2706 781879"}
dbus-daemon[748140]: [session uid=1000 pid=748140 pidfd=4] Activating service name='org.freedesktop.systemd1' requested by ':1.4' (uid=1000 pid=748273 comm="/usr/bin/dbus-broker-launch --config-file=/usr/sha")
dbus-daemon[748140]: [session uid=1000 pid=748140 pidfd=4] Activated service 'org.freedesktop.systemd1' failed: Process org.freedesktop.systemd1 exited with status 1
[2m2026-10-03T23:59:52.898880Z[0m [33m WARN[0m [2mcua_driver_sdk::runtime[0m[2m:[0m could not activate the persistent AT-SPI listener: AT-SPI connect failed: ZBus Error: MethodError(OwnedErrorName("org.freedesktop.DBus.Error.NameHasNoOwner"), Some("Could not activate remote peer 'org.a11y.atspi.Registry': unit failed"), Msg { type: Error, serial: 4294967295, sender: UniqueName("org.freedesktop.DBus"), reply-serial: 9, body: Str, fds: [] })
[2m2026-10-03T23:59:52.905747Z[0m [33m WARN[0m [2mplatform_linux::overlay[0m[2m:[0m X11 overlay: root reads cannot see this window's own pixels; save-unders will be served without readback confirmation

✨ cua-driver v0.33.1 is available (you have v0.32.0).
   Update with: cua-driver update
   Release notes: https://github.com/trycua/cua/releases/tag/cua-driver-rs-v0.33.1

dbus-daemon[748140]: [session uid=1000 pid=748140 pidfd=4] Activating service name='org.freedesktop.systemd1' requested by ':1.4' (uid=1000 pid=748273 comm="/usr/bin/dbus-broker-launch --config-file=/usr/sha")
dbus-daemon[748140]: [session uid=1000 pid=748140 pidfd=4] Activated service 'org.freedesktop.systemd1' failed: Process org.freedesktop.systemd1 exited with status 1
dbus-daemon[748140]: [session uid=1000 pid=748140 pidfd=4] Activating service name='org.freedesktop.systemd1' requested by ':1.4' (uid=1000 pid=748273 comm="/usr/bin/dbus-broker-launch --config-file=/usr/sha")
dbus-daemon[748140]: [session uid=1000 pid=748140 pidfd=4] Activated service 'org.freedesktop.systemd1' failed: Process org.freedesktop.systemd1 exited with status 1
{"trial": "m-a1-r23-fill-P0", "outcome": "verified", "oracle_exact_match": true, "completion_mutations": 1, "routes": ["compiled"], "loadavg_before": "3.72 2.61 2.61 2/2678 782352"}
dbus-daemon[748140]: [session uid=1000 pid=748140 pidfd=4] Activating service name='org.freedesktop.systemd1' requested by ':1.4' (uid=1000 pid=748273 comm="/usr/bin/dbus-broker-launch --config-file=/usr/sha")
dbus-daemon[748140]: [session uid=1000 pid=748140 pidfd=4] Activated service 'org.freedesktop.systemd1' failed: Process org.freedesktop.systemd1 exited with status 1
[2m2026-10-03T23:59:54.389319Z[0m [33m WARN[0m [2mcua_driver_sdk::runtime[0m[2m:[0m could not activate the persistent AT-SPI listener: AT-SPI connect failed: ZBus Error: MethodError(OwnedErrorName("org.freedesktop.DBus.Error.NameHasNoOwner"), Some("Could not activate remote peer 'org.a11y.atspi.Registry': unit failed"), Msg { type: Error, serial: 4294967295, sender: UniqueName("org.freedesktop.DBus"), reply-serial: 9, body: Str, fds: [] })
[2m2026-10-03T23:59:54.398296Z[0m [33m WARN[0m [2mplatform_linux::overlay[0m[2m:[0m X11 overlay: root reads cannot see this window's own pixels; save-unders will be served without readback confirmation

✨ cua-driver v0.33.1 is available (you have v0.32.0).
   Update with: cua-driver update
   Release notes: https://github.com/trycua/cua/releases/tag/cua-driver-rs-v0.33.1

dbus-daemon[748140]: [session uid=1000 pid=748140 pidfd=4] Activating service name='org.freedesktop.systemd1' requested by ':1.4' (uid=1000 pid=748273 comm="/usr/bin/dbus-broker-launch --config-file=/usr/sha")
dbus-daemon[748140]: [session uid=1000 pid=748140 pidfd=4] Activated service 'org.freedesktop.systemd1' failed: Process org.freedesktop.systemd1 exited with status 1
dbus-daemon[748140]: [session uid=1000 pid=748140 pidfd=4] Activating service name='org.freedesktop.systemd1' requested by ':1.4' (uid=1000 pid=748273 comm="/usr/bin/dbus-broker-launch --config-file=/usr/sha")
dbus-daemon[748140]: [session uid=1000 pid=748140 pidfd=4] Activated service 'org.freedesktop.systemd1' failed: Process org.freedesktop.systemd1 exited with status 1
{"trial": "m-a1-r23-fill-P10a", "outcome": "verified", "oracle_exact_match": true, "completion_mutations": 1, "routes": ["compiled"], "loadavg_before": "3.72 2.61 2.61 2/2683 782616"}
dbus-daemon[748140]: [session uid=1000 pid=748140 pidfd=4] Activating service name='org.freedesktop.systemd1' requested by ':1.4' (uid=1000 pid=748273 comm="/usr/bin/dbus-broker-launch --config-file=/usr/sha")
dbus-daemon[748140]: [session uid=1000 pid=748140 pidfd=4] Activated service 'org.freedesktop.systemd1' failed: Process org.freedesktop.systemd1 exited with status 1
[2m2026-10-03T23:59:55.890078Z[0m [33m WARN[0m [2mcua_driver_sdk::runtime[0m[2m:[0m could not activate the persistent AT-SPI listener: AT-SPI connect failed: ZBus Error: MethodError(OwnedErrorName("org.freedesktop.DBus.Error.NameHasNoOwner"), Some("Could not activate remote peer 'org.a11y.atspi.Registry': unit failed"), Msg { type: Error, serial: 4294967295, sender: UniqueName("org.freedesktop.DBus"), reply-serial: 9, body: Str, fds: [] })
[2m2026-10-03T23:59:55.898547Z[0m [33m WARN[0m [2mplatform_linux::overlay[0m[2m:[0m X11 overlay: root reads cannot see this window's own pixels; save-unders will be served without readback confirmation

✨ cua-driver v0.33.1 is available (you have v0.32.0).
   Update with: cua-driver update
   Release notes: https://github.com/trycua/cua/releases/tag/cua-driver-rs-v0.33.1

dbus-daemon[748140]: [session uid=1000 pid=748140 pidfd=4] Activating service name='org.freedesktop.systemd1' requested by ':1.4' (uid=1000 pid=748273 comm="/usr/bin/dbus-broker-launch --config-file=/usr/sha")
dbus-daemon[748140]: [session uid=1000 pid=748140 pidfd=4] Activated service 'org.freedesktop.systemd1' failed: Process org.freedesktop.systemd1 exited with status 1
dbus-daemon[748140]: [session uid=1000 pid=748140 pidfd=4] Activating service name='org.freedesktop.systemd1' requested by ':1.4' (uid=1000 pid=748273 comm="/usr/bin/dbus-broker-launch --config-file=/usr/sha")
dbus-daemon[748140]: [session uid=1000 pid=748140 pidfd=4] Activated service 'org.freedesktop.systemd1' failed: Process org.freedesktop.systemd1 exited with status 1
{"trial": "m-a1-r23-fill-P1", "outcome": "verified", "oracle_exact_match": true, "completion_mutations": 1, "routes": ["compiled"], "loadavg_before": "3.72 2.61 2.61 3/2676 782993"}
dbus-daemon[748140]: [session uid=1000 pid=748140 pidfd=4] Activating service name='org.freedesktop.systemd1' requested by ':1.4' (uid=1000 pid=748273 comm="/usr/bin/dbus-broker-launch --config-file=/usr/sha")
dbus-daemon[748140]: [session uid=1000 pid=748140 pidfd=4] Activated service 'org.freedesktop.systemd1' failed: Process org.freedesktop.systemd1 exited with status 1
[2m2026-10-03T23:59:57.390405Z[0m [33m WARN[0m [2mcua_driver_sdk::runtime[0m[2m:[0m could not activate the persistent AT-SPI listener: AT-SPI connect failed: ZBus Error: MethodError(OwnedErrorName("org.freedesktop.DBus.Error.NameHasNoOwner"), Some("Could not activate remote peer 'org.a11y.atspi.Registry': unit failed"), Msg { type: Error, serial: 4294967295, sender: UniqueName("org.freedesktop.DBus"), reply-serial: 9, body: Str, fds: [] })
[2m2026-10-03T23:59:57.397578Z[0m [33m WARN[0m [2mplatform_linux::overlay[0m[2m:[0m X11 overlay: root reads cannot see this window's own pixels; save-unders will be served without readback confirmation

✨ cua-driver v0.33.1 is available (you have v0.32.0).
   Update with: cua-driver update
   Release notes: https://github.com/trycua/cua/releases/tag/cua-driver-rs-v0.33.1

dbus-daemon[748140]: [session uid=1000 pid=748140 pidfd=4] Activating service name='org.freedesktop.systemd1' requested by ':1.4' (uid=1000 pid=748273 comm="/usr/bin/dbus-broker-launch --config-file=/usr/sha")
dbus-daemon[748140]: [session uid=1000 pid=748140 pidfd=4] Activated service 'org.freedesktop.systemd1' failed: Process org.freedesktop.systemd1 exited with status 1
dbus-daemon[748140]: [session uid=1000 pid=748140 pidfd=4] Activating service name='org.freedesktop.systemd1' requested by ':1.4' (uid=1000 pid=748273 comm="/usr/bin/dbus-broker-launch --config-file=/usr/sha")
dbus-daemon[748140]: [session uid=1000 pid=748140 pidfd=4] Activated service 'org.freedesktop.systemd1' failed: Process org.freedesktop.systemd1 exited with status 1
{"trial": "m-a1-r23-fill-P10b", "outcome": "verified", "oracle_exact_match": true, "completion_mutations": 1, "routes": ["compiled"], "loadavg_before": "4.55 2.80 2.67 2/2674 783278"}
[b09] end_utc=2026-10-03T23:59:58.991Z rc=0 loadavg=4.55 2.80 2.67
A connection to the bus can't be made
CRITICAL: [dbus_cb_name_lost:1438] Cannot connect to DBus.
X connection to :100 broken (explicit kill or server shutdown).
[session] exit rc=0 run_dir=<tmp>/x11-session.6yGuXG
[2026-10-03T23:59:59.025Z] chunk b09r-main-a1-r12-23-k2 rc=0 loadavg=4.55 2.80 2.67
