[2026-10-03T22:19:13.356Z] chunk b09r-main-a1-r00-11-k1 plan=main rounds=0,1,2,3,4,5,6,7,8,9,10,11 block=m attempt=1 loadavg=3.79 6.86 9.76 hostless=1
[b09] session_attempt=1 jitter_ms=2166 utc=2026-10-03T23:05:32.570Z
[session] DISPLAY=:100 openbox=543652 picom=543653 dbus=unix:path=<redacted>tCx7qye6j,guid=da94384657df9c447b74db346ac18a3f
[b09] display=:100 xdpyinfo=ok start_utc=2026-10-03T23:05:37.617Z loadavg=2.33 2.48 3.19 telemetry_env=false dnt=1 lock=exclusive wayland=unset hostless=1
dbus-daemon[543650]: [session uid=1000 pid=543650 pidfd=4] Activating service name='org.a11y.Bus' requested by ':1.0' (uid=1000 pid=543832 comm="<lanes>/bin/cua-driver-b0")
dbus-daemon[543650]: [session uid=1000 pid=543650 pidfd=4] Successfully activated service 'org.a11y.Bus'
dbus-daemon[543650]: [session uid=1000 pid=543650 pidfd=4] Activating service name='ca.desrt.dconf' requested by ':1.1' (uid=1000 pid=543839 comm="/usr/lib/at-spi-bus-launcher")
dbus-daemon[543650]: [session uid=1000 pid=543650 pidfd=4] Successfully activated service 'ca.desrt.dconf'
dbus-daemon[543650]: [session uid=1000 pid=543650 pidfd=4] Activating service name='org.freedesktop.systemd1' requested by ':1.4' (uid=1000 pid=543859 comm="/usr/bin/dbus-broker-launch --config-file=/usr/sha")
dbus-daemon[543650]: [session uid=1000 pid=543650 pidfd=4] Activated service 'org.freedesktop.systemd1' failed: Process org.freedesktop.systemd1 exited with status 1
[2m2026-10-03T23:05:38.728312Z[0m [33m WARN[0m [2mcua_driver_sdk::runtime[0m[2m:[0m could not activate the persistent AT-SPI listener: AT-SPI connect failed: ZBus Error: MethodError(OwnedErrorName("org.freedesktop.DBus.Error.NameHasNoOwner"), Some("Could not activate remote peer 'org.a11y.atspi.Registry': unit failed"), Msg { type: Error, serial: 4294967295, sender: UniqueName("org.freedesktop.DBus"), reply-serial: 10, body: Str, fds: [] })
[2m2026-10-03T23:05:38.736314Z[0m [33m WARN[0m [2mplatform_linux::overlay[0m[2m:[0m X11 overlay: root reads cannot see this window's own pixels; save-unders will be served without readback confirmation
dbus-daemon[543650]: [session uid=1000 pid=543650 pidfd=4] Activating service name='org.gtk.vfs.Daemon' requested by ':1.5' (uid=1000 pid=543926 comm="/opt/google/chrome/chrome --remote-debugging-port=")
dbus-daemon[543650]: [session uid=1000 pid=543650 pidfd=4] Successfully activated service 'org.gtk.vfs.Daemon'
fusermount3: mount failed: Operation not permitted
dbus-daemon[543650]: [session uid=1000 pid=543650 pidfd=4] Activating service name='org.freedesktop.systemd1' requested by ':1.4' (uid=1000 pid=543859 comm="/usr/bin/dbus-broker-launch --config-file=/usr/sha")
dbus-daemon[543650]: [session uid=1000 pid=543650 pidfd=4] Activated service 'org.freedesktop.systemd1' failed: Process org.freedesktop.systemd1 exited with status 1
dbus-daemon[543650]: [session uid=1000 pid=543650 pidfd=4] Activating service name='org.freedesktop.systemd1' requested by ':1.4' (uid=1000 pid=543859 comm="/usr/bin/dbus-broker-launch --config-file=/usr/sha")
dbus-daemon[543650]: [session uid=1000 pid=543650 pidfd=4] Activated service 'org.freedesktop.systemd1' failed: Process org.freedesktop.systemd1 exited with status 1
dbus-daemon[543650]: [session uid=1000 pid=543650 pidfd=4] Activating service name='org.freedesktop.Notifications' requested by ':1.7' (uid=1000 pid=543926 comm="/opt/google/chrome/chrome --remote-debugging-port=")
dbus-daemon[543650]: [session uid=1000 pid=543650 pidfd=4] Activating service name='org.freedesktop.portal.Desktop' requested by ':1.7' (uid=1000 pid=543926 comm="/opt/google/chrome/chrome --remote-debugging-port=")
dbus-daemon[543650]: [session uid=1000 pid=543650 pidfd=4] Successfully activated service 'org.freedesktop.Notifications'
dbus-daemon[543650]: [session uid=1000 pid=543650 pidfd=4] Activating service name='org.freedesktop.impl.portal.PermissionStore' requested by ':1.9' (uid=1000 pid=544203 comm="/usr/lib/xdg-desktop-portal")
dbus-daemon[543650]: [session uid=1000 pid=543650 pidfd=4] Successfully activated service 'org.freedesktop.impl.portal.PermissionStore'
dbus-daemon[543650]: [session uid=1000 pid=543650 pidfd=4] Activating service name='org.freedesktop.portal.Documents' requested by ':1.9' (uid=1000 pid=544203 comm="/usr/lib/xdg-desktop-portal")
dbus-daemon[543650]: [session uid=1000 pid=543650 pidfd=4] Successfully activated service 'org.freedesktop.portal.Documents'
fusermount3: mount failed: Operation not permitted
error: fuse init failed: Can't mount path <tmp>/x11-session.6ZrziL/xdg-runtime/doc

(/usr/lib/xdg-desktop-portal:544203): xdg-desktop-portal-WARNING **: 18:05:39.720: Document portal fuse mount point unknown: GDBus.Error:org.freedesktop.DBus.Error.ServiceUnknown: The name :1.11 was not provided by any .service files

(/usr/lib/xdg-desktop-portal:544203): xdg-desktop-portal-WARNING **: 18:05:39.720: Choosing gtk.portal for org.freedesktop.impl.portal.Lockdown as a last-resort fallback
dbus-daemon[543650]: [session uid=1000 pid=543650 pidfd=4] Activating service name='org.freedesktop.impl.portal.desktop.gtk' requested by ':1.9' (uid=1000 pid=544203 comm="/usr/lib/xdg-desktop-portal")
dbus-daemon[543650]: [session uid=1000 pid=543650 pidfd=4] Activating service name='org.freedesktop.systemd1' requested by ':1.4' (uid=1000 pid=543859 comm="/usr/bin/dbus-broker-launch --config-file=/usr/sha")
dbus-daemon[543650]: [session uid=1000 pid=543650 pidfd=4] Activated service 'org.freedesktop.systemd1' failed: Process org.freedesktop.systemd1 exited with status 1
dbus-daemon[543650]: [session uid=1000 pid=543650 pidfd=4] Successfully activated service 'org.freedesktop.impl.portal.desktop.gtk'

** (xdg-desktop-portal-gtk:544227): WARNING **: 18:05:39.748: AT-SPI: Could not obtain desktop path or name

dbus-daemon[543650]: [session uid=1000 pid=543650 pidfd=4] Activating service name='org.freedesktop.systemd1' requested by ':1.4' (uid=1000 pid=543859 comm="/usr/bin/dbus-broker-launch --config-file=/usr/sha")

(/usr/lib/xdg-desktop-portal:544203): xdg-desktop-portal-WARNING **: 18:05:39.749: Choosing gtk.portal for org.freedesktop.impl.portal.Access as a last-resort fallback
dbus-daemon[543650]: [session uid=1000 pid=543650 pidfd=4] Activated service 'org.freedesktop.systemd1' failed: Process org.freedesktop.systemd1 exited with status 1

** (xdg-desktop-portal-gtk:544227): WARNING **: 18:05:39.750: atk-bridge: GetRegisteredEvents returned message with unknown signature

** (xdg-desktop-portal-gtk:544227): WARNING **: 18:05:39.750: atk-bridge: get_device_events_reply: unknown signature

(/usr/lib/xdg-desktop-portal:544203): xdg-desktop-portal-WARNING **: 18:05:39.773: Choosing gtk.portal for org.freedesktop.impl.portal.Settings as a last-resort fallback

(/usr/lib/xdg-desktop-portal:544203): xdg-desktop-portal-WARNING **: 18:05:39.774: Choosing gtk.portal for org.freedesktop.impl.portal.FileChooser as a last-resort fallback

(/usr/lib/xdg-desktop-portal:544203): xdg-desktop-portal-WARNING **: 18:05:39.774: Choosing gtk.portal for org.freedesktop.impl.portal.AppChooser as a last-resort fallback

(/usr/lib/xdg-desktop-portal:544203): xdg-desktop-portal-WARNING **: 18:05:39.774: Choosing gtk.portal for org.freedesktop.impl.portal.Print as a last-resort fallback

(/usr/lib/xdg-desktop-portal:544203): xdg-desktop-portal-WARNING **: 18:05:39.775: Choosing gtk.portal for org.freedesktop.impl.portal.Notification as a last-resort fallback

(/usr/lib/xdg-desktop-portal:544203): xdg-desktop-portal-WARNING **: 18:05:39.775: Choosing gtk.portal for org.freedesktop.impl.portal.Inhibit as a last-resort fallback

(/usr/lib/xdg-desktop-portal:544203): xdg-desktop-portal-WARNING **: 18:05:39.777: Failed to connect to PipeWire: Couldn't connect to PipeWire

(/usr/lib/xdg-desktop-portal:544203): xdg-desktop-portal-WARNING **: 18:05:39.777: Choosing gtk.portal for org.freedesktop.impl.portal.Account as a last-resort fallback

(/usr/lib/xdg-desktop-portal:544203): xdg-desktop-portal-WARNING **: 18:05:39.777: Choosing gtk.portal for org.freedesktop.impl.portal.Email as a last-resort fallback

(/usr/lib/xdg-desktop-portal:544203): xdg-desktop-portal-WARNING **: 18:05:39.777: Choosing gtk.portal for org.freedesktop.impl.portal.DynamicLauncher as a last-resort fallback
dbus-daemon[543650]: [session uid=1000 pid=543650 pidfd=4] Successfully activated service 'org.freedesktop.portal.Desktop'

✨ cua-driver v0.33.1 is available (you have v0.32.0).
   Update with: cua-driver update
   Release notes: https://github.com/trycua/cua/releases/tag/cua-driver-rs-v0.33.1

{"trial": "m-a1-r00-fill-BASE", "outcome": "verified", "oracle_exact_match": true, "completion_mutations": 1, "routes": ["provider", "provider"], "loadavg_before": "2.33 2.48 3.19 3/2661 543829"}
dbus-daemon[543650]: [session uid=1000 pid=543650 pidfd=4] Activating service name='org.freedesktop.systemd1' requested by ':1.4' (uid=1000 pid=543859 comm="/usr/bin/dbus-broker-launch --config-file=/usr/sha")
dbus-daemon[543650]: [session uid=1000 pid=543650 pidfd=4] Activated service 'org.freedesktop.systemd1' failed: Process org.freedesktop.systemd1 exited with status 1
[2m2026-10-03T23:05:43.665814Z[0m [33m WARN[0m [2mcua_driver_sdk::runtime[0m[2m:[0m could not activate the persistent AT-SPI listener: AT-SPI connect failed: ZBus Error: MethodError(OwnedErrorName("org.freedesktop.DBus.Error.NameHasNoOwner"), Some("Could not activate remote peer 'org.a11y.atspi.Registry': unit failed"), Msg { type: Error, serial: 4294967295, sender: UniqueName("org.freedesktop.DBus"), reply-serial: 9, body: Str, fds: [] })
[2m2026-10-03T23:05:43.672950Z[0m [33m WARN[0m [2mplatform_linux::overlay[0m[2m:[0m X11 overlay: root reads cannot see this window's own pixels; save-unders will be served without readback confirmation

✨ cua-driver v0.33.1 is available (you have v0.32.0).
   Update with: cua-driver update
   Release notes: https://github.com/trycua/cua/releases/tag/cua-driver-rs-v0.33.1

dbus-daemon[543650]: [session uid=1000 pid=543650 pidfd=4] Activating service name='org.freedesktop.systemd1' requested by ':1.4' (uid=1000 pid=543859 comm="/usr/bin/dbus-broker-launch --config-file=/usr/sha")
dbus-daemon[543650]: [session uid=1000 pid=543650 pidfd=4] Activated service 'org.freedesktop.systemd1' failed: Process org.freedesktop.systemd1 exited with status 1
dbus-daemon[543650]: [session uid=1000 pid=543650 pidfd=4] Activating service name='org.freedesktop.systemd1' requested by ':1.4' (uid=1000 pid=543859 comm="/usr/bin/dbus-broker-launch --config-file=/usr/sha")
dbus-daemon[543650]: [session uid=1000 pid=543650 pidfd=4] Activated service 'org.freedesktop.systemd1' failed: Process org.freedesktop.systemd1 exited with status 1
{"trial": "m-a1-r00-fill-P10a", "outcome": "verified", "oracle_exact_match": true, "completion_mutations": 1, "routes": ["compiled"], "loadavg_before": "2.23 2.46 3.18 2/2720 544389"}
dbus-daemon[543650]: [session uid=1000 pid=543650 pidfd=4] Activating service name='org.freedesktop.systemd1' requested by ':1.4' (uid=1000 pid=543859 comm="/usr/bin/dbus-broker-launch --config-file=/usr/sha")
dbus-daemon[543650]: [session uid=1000 pid=543650 pidfd=4] Activated service 'org.freedesktop.systemd1' failed: Process org.freedesktop.systemd1 exited with status 1
[2m2026-10-03T23:05:45.166175Z[0m [33m WARN[0m [2mcua_driver_sdk::runtime[0m[2m:[0m could not activate the persistent AT-SPI listener: AT-SPI connect failed: ZBus Error: MethodError(OwnedErrorName("org.freedesktop.DBus.Error.NameHasNoOwner"), Some("Could not activate remote peer 'org.a11y.atspi.Registry': unit failed"), Msg { type: Error, serial: 4294967295, sender: UniqueName("org.freedesktop.DBus"), reply-serial: 9, body: Str, fds: [] })
[2m2026-10-03T23:05:45.173618Z[0m [33m WARN[0m [2mplatform_linux::overlay[0m[2m:[0m X11 overlay: root reads cannot see this window's own pixels; save-unders will be served without readback confirmation

✨ cua-driver v0.33.1 is available (you have v0.32.0).
   Update with: cua-driver update
   Release notes: https://github.com/trycua/cua/releases/tag/cua-driver-rs-v0.33.1

dbus-daemon[543650]: [session uid=1000 pid=543650 pidfd=4] Activating service name='org.freedesktop.systemd1' requested by ':1.4' (uid=1000 pid=543859 comm="/usr/bin/dbus-broker-launch --config-file=/usr/sha")
dbus-daemon[543650]: [session uid=1000 pid=543650 pidfd=4] Activated service 'org.freedesktop.systemd1' failed: Process org.freedesktop.systemd1 exited with status 1
dbus-daemon[543650]: [session uid=1000 pid=543650 pidfd=4] Activating service name='org.freedesktop.systemd1' requested by ':1.4' (uid=1000 pid=543859 comm="/usr/bin/dbus-broker-launch --config-file=/usr/sha")
dbus-daemon[543650]: [session uid=1000 pid=543650 pidfd=4] Activated service 'org.freedesktop.systemd1' failed: Process org.freedesktop.systemd1 exited with status 1
{"trial": "m-a1-r00-fill-PC", "outcome": "verified", "oracle_exact_match": true, "completion_mutations": 1, "routes": ["compiled"], "loadavg_before": "2.23 2.46 3.18 2/2719 544724"}
dbus-daemon[543650]: [session uid=1000 pid=543650 pidfd=4] Activating service name='org.freedesktop.systemd1' requested by ':1.4' (uid=1000 pid=543859 comm="/usr/bin/dbus-broker-launch --config-file=/usr/sha")
dbus-daemon[543650]: [session uid=1000 pid=543650 pidfd=4] Activated service 'org.freedesktop.systemd1' failed: Process org.freedesktop.systemd1 exited with status 1
[2m2026-10-03T23:05:46.667196Z[0m [33m WARN[0m [2mcua_driver_sdk::runtime[0m[2m:[0m could not activate the persistent AT-SPI listener: AT-SPI connect failed: ZBus Error: MethodError(OwnedErrorName("org.freedesktop.DBus.Error.NameHasNoOwner"), Some("Could not activate remote peer 'org.a11y.atspi.Registry': unit failed"), Msg { type: Error, serial: 4294967295, sender: UniqueName("org.freedesktop.DBus"), reply-serial: 9, body: Str, fds: [] })
[2m2026-10-03T23:05:46.674442Z[0m [33m WARN[0m [2mplatform_linux::overlay[0m[2m:[0m X11 overlay: root reads cannot see this window's own pixels; save-unders will be served without readback confirmation

✨ cua-driver v0.33.1 is available (you have v0.32.0).
   Update with: cua-driver update
   Release notes: https://github.com/trycua/cua/releases/tag/cua-driver-rs-v0.33.1

dbus-daemon[543650]: [session uid=1000 pid=543650 pidfd=4] Activating service name='org.freedesktop.systemd1' requested by ':1.4' (uid=1000 pid=543859 comm="/usr/bin/dbus-broker-launch --config-file=/usr/sha")
dbus-daemon[543650]: [session uid=1000 pid=543650 pidfd=4] Activated service 'org.freedesktop.systemd1' failed: Process org.freedesktop.systemd1 exited with status 1
dbus-daemon[543650]: [session uid=1000 pid=543650 pidfd=4] Activating service name='org.freedesktop.systemd1' requested by ':1.4' (uid=1000 pid=543859 comm="/usr/bin/dbus-broker-launch --config-file=/usr/sha")
dbus-daemon[543650]: [session uid=1000 pid=543650 pidfd=4] Activated service 'org.freedesktop.systemd1' failed: Process org.freedesktop.systemd1 exited with status 1
{"trial": "m-a1-r00-fill-P10b", "outcome": "verified", "oracle_exact_match": true, "completion_mutations": 1, "routes": ["compiled"], "loadavg_before": "2.37 2.48 3.18 1/2715 545032"}
dbus-daemon[543650]: [session uid=1000 pid=543650 pidfd=4] Activating service name='org.freedesktop.systemd1' requested by ':1.4' (uid=1000 pid=543859 comm="/usr/bin/dbus-broker-launch --config-file=/usr/sha")
dbus-daemon[543650]: [session uid=1000 pid=543650 pidfd=4] Activated service 'org.freedesktop.systemd1' failed: Process org.freedesktop.systemd1 exited with status 1
[2m2026-10-03T23:05:48.167689Z[0m [33m WARN[0m [2mcua_driver_sdk::runtime[0m[2m:[0m could not activate the persistent AT-SPI listener: AT-SPI connect failed: ZBus Error: MethodError(OwnedErrorName("org.freedesktop.DBus.Error.NameHasNoOwner"), Some("Could not activate remote peer 'org.a11y.atspi.Registry': unit failed"), Msg { type: Error, serial: 4294967295, sender: UniqueName("org.freedesktop.DBus"), reply-serial: 9, body: Str, fds: [] })
[2m2026-10-03T23:05:48.175480Z[0m [33m WARN[0m [2mplatform_linux::overlay[0m[2m:[0m X11 overlay: root reads cannot see this window's own pixels; save-unders will be served without readback confirmation

✨ cua-driver v0.33.1 is available (you have v0.32.0).
   Update with: cua-driver update
   Release notes: https://github.com/trycua/cua/releases/tag/cua-driver-rs-v0.33.1

dbus-daemon[543650]: [session uid=1000 pid=543650 pidfd=4] Activating service name='org.freedesktop.systemd1' requested by ':1.4' (uid=1000 pid=543859 comm="/usr/bin/dbus-broker-launch --config-file=/usr/sha")
dbus-daemon[543650]: [session uid=1000 pid=543650 pidfd=4] Activated service 'org.freedesktop.systemd1' failed: Process org.freedesktop.systemd1 exited with status 1
dbus-daemon[543650]: [session uid=1000 pid=543650 pidfd=4] Activating service name='org.freedesktop.systemd1' requested by ':1.4' (uid=1000 pid=543859 comm="/usr/bin/dbus-broker-launch --config-file=/usr/sha")
dbus-daemon[543650]: [session uid=1000 pid=543650 pidfd=4] Activated service 'org.freedesktop.systemd1' failed: Process org.freedesktop.systemd1 exited with status 1
{"trial": "m-a1-r00-fill-P0", "outcome": "verified", "oracle_exact_match": true, "completion_mutations": 1, "routes": ["compiled"], "loadavg_before": "2.37 2.48 3.18 2/2722 545315"}
dbus-daemon[543650]: [session uid=1000 pid=543650 pidfd=4] Activating service name='org.freedesktop.systemd1' requested by ':1.4' (uid=1000 pid=543859 comm="/usr/bin/dbus-broker-launch --config-file=/usr/sha")
dbus-daemon[543650]: [session uid=1000 pid=543650 pidfd=4] Activated service 'org.freedesktop.systemd1' failed: Process org.freedesktop.systemd1 exited with status 1
[2m2026-10-03T23:05:49.668194Z[0m [33m WARN[0m [2mcua_driver_sdk::runtime[0m[2m:[0m could not activate the persistent AT-SPI listener: AT-SPI connect failed: ZBus Error: MethodError(OwnedErrorName("org.freedesktop.DBus.Error.NameHasNoOwner"), Some("Could not activate remote peer 'org.a11y.atspi.Registry': unit failed"), Msg { type: Error, serial: 4294967295, sender: UniqueName("org.freedesktop.DBus"), reply-serial: 9, body: Str, fds: [] })
[2m2026-10-03T23:05:49.675473Z[0m [33m WARN[0m [2mplatform_linux::overlay[0m[2m:[0m X11 overlay: root reads cannot see this window's own pixels; save-unders will be served without readback confirmation

✨ cua-driver v0.33.1 is available (you have v0.32.0).
   Update with: cua-driver update
   Release notes: https://github.com/trycua/cua/releases/tag/cua-driver-rs-v0.33.1

dbus-daemon[543650]: [session uid=1000 pid=543650 pidfd=4] Activating service name='org.freedesktop.systemd1' requested by ':1.4' (uid=1000 pid=543859 comm="/usr/bin/dbus-broker-launch --config-file=/usr/sha")
dbus-daemon[543650]: [session uid=1000 pid=543650 pidfd=4] Activated service 'org.freedesktop.systemd1' failed: Process org.freedesktop.systemd1 exited with status 1
dbus-daemon[543650]: [session uid=1000 pid=543650 pidfd=4] Activating service name='org.freedesktop.systemd1' requested by ':1.4' (uid=1000 pid=543859 comm="/usr/bin/dbus-broker-launch --config-file=/usr/sha")
dbus-daemon[543650]: [session uid=1000 pid=543650 pidfd=4] Activated service 'org.freedesktop.systemd1' failed: Process org.freedesktop.systemd1 exited with status 1
{"trial": "m-a1-r00-fill-P1", "outcome": "verified", "oracle_exact_match": true, "completion_mutations": 1, "routes": ["compiled"], "loadavg_before": "2.37 2.48 3.18 2/2704 545611"}
dbus-daemon[543650]: [session uid=1000 pid=543650 pidfd=4] Activating service name='org.freedesktop.systemd1' requested by ':1.4' (uid=1000 pid=543859 comm="/usr/bin/dbus-broker-launch --config-file=/usr/sha")
dbus-daemon[543650]: [session uid=1000 pid=543650 pidfd=4] Activated service 'org.freedesktop.systemd1' failed: Process org.freedesktop.systemd1 exited with status 1
[2m2026-10-03T23:05:51.169516Z[0m [33m WARN[0m [2mcua_driver_sdk::runtime[0m[2m:[0m could not activate the persistent AT-SPI listener: AT-SPI connect failed: ZBus Error: MethodError(OwnedErrorName("org.freedesktop.DBus.Error.NameHasNoOwner"), Some("Could not activate remote peer 'org.a11y.atspi.Registry': unit failed"), Msg { type: Error, serial: 4294967295, sender: UniqueName("org.freedesktop.DBus"), reply-serial: 9, body: Str, fds: [] })
[2m2026-10-03T23:05:51.178427Z[0m [33m WARN[0m [2mplatform_linux::overlay[0m[2m:[0m X11 overlay: root reads cannot see this window's own pixels; save-unders will be served without readback confirmation

✨ cua-driver v0.33.1 is available (you have v0.32.0).
   Update with: cua-driver update
   Release notes: https://github.com/trycua/cua/releases/tag/cua-driver-rs-v0.33.1

dbus-daemon[543650]: [session uid=1000 pid=543650 pidfd=4] Activating service name='org.freedesktop.systemd1' requested by ':1.4' (uid=1000 pid=543859 comm="/usr/bin/dbus-broker-launch --config-file=/usr/sha")
dbus-daemon[543650]: [session uid=1000 pid=543650 pidfd=4] Activated service 'org.freedesktop.systemd1' failed: Process org.freedesktop.systemd1 exited with status 1
dbus-daemon[543650]: [session uid=1000 pid=543650 pidfd=4] Activating service name='org.freedesktop.systemd1' requested by ':1.4' (uid=1000 pid=543859 comm="/usr/bin/dbus-broker-launch --config-file=/usr/sha")
dbus-daemon[543650]: [session uid=1000 pid=543650 pidfd=4] Activated service 'org.freedesktop.systemd1' failed: Process org.freedesktop.systemd1 exited with status 1
{"trial": "m-a1-r01-fill-P10a", "outcome": "verified", "oracle_exact_match": true, "completion_mutations": 1, "routes": ["compiled"], "loadavg_before": "2.18 2.44 3.16 3/2701 545947"}
dbus-daemon[543650]: [session uid=1000 pid=543650 pidfd=4] Activating service name='org.freedesktop.systemd1' requested by ':1.4' (uid=1000 pid=543859 comm="/usr/bin/dbus-broker-launch --config-file=/usr/sha")
dbus-daemon[543650]: [session uid=1000 pid=543650 pidfd=4] Activated service 'org.freedesktop.systemd1' failed: Process org.freedesktop.systemd1 exited with status 1
[2m2026-10-03T23:05:52.670098Z[0m [33m WARN[0m [2mcua_driver_sdk::runtime[0m[2m:[0m could not activate the persistent AT-SPI listener: AT-SPI connect failed: ZBus Error: MethodError(OwnedErrorName("org.freedesktop.DBus.Error.NameHasNoOwner"), Some("Could not activate remote peer 'org.a11y.atspi.Registry': unit failed"), Msg { type: Error, serial: 4294967295, sender: UniqueName("org.freedesktop.DBus"), reply-serial: 9, body: Str, fds: [] })
[2m2026-10-03T23:05:52.677173Z[0m [33m WARN[0m [2mplatform_linux::overlay[0m[2m:[0m X11 overlay: root reads cannot see this window's own pixels; save-unders will be served without readback confirmation

✨ cua-driver v0.33.1 is available (you have v0.32.0).
   Update with: cua-driver update
   Release notes: https://github.com/trycua/cua/releases/tag/cua-driver-rs-v0.33.1

dbus-daemon[543650]: [session uid=1000 pid=543650 pidfd=4] Activating service name='org.freedesktop.systemd1' requested by ':1.4' (uid=1000 pid=543859 comm="/usr/bin/dbus-broker-launch --config-file=/usr/sha")
dbus-daemon[543650]: [session uid=1000 pid=543650 pidfd=4] Activated service 'org.freedesktop.systemd1' failed: Process org.freedesktop.systemd1 exited with status 1
dbus-daemon[543650]: [session uid=1000 pid=543650 pidfd=4] Activating service name='org.freedesktop.systemd1' requested by ':1.4' (uid=1000 pid=543859 comm="/usr/bin/dbus-broker-launch --config-file=/usr/sha")
dbus-daemon[543650]: [session uid=1000 pid=543650 pidfd=4] Activated service 'org.freedesktop.systemd1' failed: Process org.freedesktop.systemd1 exited with status 1
{"trial": "m-a1-r01-fill-P10b", "outcome": "verified", "oracle_exact_match": true, "completion_mutations": 1, "routes": ["compiled"], "loadavg_before": "2.18 2.44 3.16 2/2681 546285"}
dbus-daemon[543650]: [session uid=1000 pid=543650 pidfd=4] Activating service name='org.freedesktop.systemd1' requested by ':1.4' (uid=1000 pid=543859 comm="/usr/bin/dbus-broker-launch --config-file=/usr/sha")
dbus-daemon[543650]: [session uid=1000 pid=543650 pidfd=4] Activated service 'org.freedesktop.systemd1' failed: Process org.freedesktop.systemd1 exited with status 1
[2m2026-10-03T23:05:54.170988Z[0m [33m WARN[0m [2mcua_driver_sdk::runtime[0m[2m:[0m could not activate the persistent AT-SPI listener: AT-SPI connect failed: ZBus Error: MethodError(OwnedErrorName("org.freedesktop.DBus.Error.NameHasNoOwner"), Some("Could not activate remote peer 'org.a11y.atspi.Registry': unit failed"), Msg { type: Error, serial: 4294967295, sender: UniqueName("org.freedesktop.DBus"), reply-serial: 9, body: Str, fds: [] })
[2m2026-10-03T23:05:54.178219Z[0m [33m WARN[0m [2mplatform_linux::overlay[0m[2m:[0m X11 overlay: root reads cannot see this window's own pixels; save-unders will be served without readback confirmation

✨ cua-driver v0.33.1 is available (you have v0.32.0).
   Update with: cua-driver update
   Release notes: https://github.com/trycua/cua/releases/tag/cua-driver-rs-v0.33.1

dbus-daemon[543650]: [session uid=1000 pid=543650 pidfd=4] Activating service name='org.freedesktop.systemd1' requested by ':1.4' (uid=1000 pid=543859 comm="/usr/bin/dbus-broker-launch --config-file=/usr/sha")
dbus-daemon[543650]: [session uid=1000 pid=543650 pidfd=4] Activated service 'org.freedesktop.systemd1' failed: Process org.freedesktop.systemd1 exited with status 1
dbus-daemon[543650]: [session uid=1000 pid=543650 pidfd=4] Activating service name='org.freedesktop.systemd1' requested by ':1.4' (uid=1000 pid=543859 comm="/usr/bin/dbus-broker-launch --config-file=/usr/sha")
dbus-daemon[543650]: [session uid=1000 pid=543650 pidfd=4] Activated service 'org.freedesktop.systemd1' failed: Process org.freedesktop.systemd1 exited with status 1
{"trial": "m-a1-r01-fill-BASE", "outcome": "verified", "oracle_exact_match": true, "completion_mutations": 1, "routes": ["provider", "provider"], "loadavg_before": "2.18 2.44 3.16 2/2679 546552"}
dbus-daemon[543650]: [session uid=1000 pid=543650 pidfd=4] Activating service name='org.freedesktop.systemd1' requested by ':1.4' (uid=1000 pid=543859 comm="/usr/bin/dbus-broker-launch --config-file=/usr/sha")
dbus-daemon[543650]: [session uid=1000 pid=543650 pidfd=4] Activated service 'org.freedesktop.systemd1' failed: Process org.freedesktop.systemd1 exited with status 1
[2m2026-10-03T23:05:58.671617Z[0m [33m WARN[0m [2mcua_driver_sdk::runtime[0m[2m:[0m could not activate the persistent AT-SPI listener: AT-SPI connect failed: ZBus Error: MethodError(OwnedErrorName("org.freedesktop.DBus.Error.NameHasNoOwner"), Some("Could not activate remote peer 'org.a11y.atspi.Registry': unit failed"), Msg { type: Error, serial: 4294967295, sender: UniqueName("org.freedesktop.DBus"), reply-serial: 9, body: Str, fds: [] })
[2m2026-10-03T23:05:58.679733Z[0m [33m WARN[0m [2mplatform_linux::overlay[0m[2m:[0m X11 overlay: root reads cannot see this window's own pixels; save-unders will be served without readback confirmation

✨ cua-driver v0.33.1 is available (you have v0.32.0).
   Update with: cua-driver update
   Release notes: https://github.com/trycua/cua/releases/tag/cua-driver-rs-v0.33.1

dbus-daemon[543650]: [session uid=1000 pid=543650 pidfd=4] Activating service name='org.freedesktop.systemd1' requested by ':1.4' (uid=1000 pid=543859 comm="/usr/bin/dbus-broker-launch --config-file=/usr/sha")
dbus-daemon[543650]: [session uid=1000 pid=543650 pidfd=4] Activated service 'org.freedesktop.systemd1' failed: Process org.freedesktop.systemd1 exited with status 1
dbus-daemon[543650]: [session uid=1000 pid=543650 pidfd=4] Activating service name='org.freedesktop.systemd1' requested by ':1.4' (uid=1000 pid=543859 comm="/usr/bin/dbus-broker-launch --config-file=/usr/sha")
dbus-daemon[543650]: [session uid=1000 pid=543650 pidfd=4] Activated service 'org.freedesktop.systemd1' failed: Process org.freedesktop.systemd1 exited with status 1
{"trial": "m-a1-r01-fill-P1", "outcome": "verified", "oracle_exact_match": true, "completion_mutations": 1, "routes": ["compiled"], "loadavg_before": "2.08 2.42 3.15 2/2661 547002"}
dbus-daemon[543650]: [session uid=1000 pid=543650 pidfd=4] Activating service name='org.freedesktop.systemd1' requested by ':1.4' (uid=1000 pid=543859 comm="/usr/bin/dbus-broker-launch --config-file=/usr/sha")
dbus-daemon[543650]: [session uid=1000 pid=543650 pidfd=4] Activated service 'org.freedesktop.systemd1' failed: Process org.freedesktop.systemd1 exited with status 1
[2m2026-10-03T23:06:00.172273Z[0m [33m WARN[0m [2mcua_driver_sdk::runtime[0m[2m:[0m could not activate the persistent AT-SPI listener: AT-SPI connect failed: ZBus Error: MethodError(OwnedErrorName("org.freedesktop.DBus.Error.NameHasNoOwner"), Some("Could not activate remote peer 'org.a11y.atspi.Registry': unit failed"), Msg { type: Error, serial: 4294967295, sender: UniqueName("org.freedesktop.DBus"), reply-serial: 9, body: Str, fds: [] })
[2m2026-10-03T23:06:00.179587Z[0m [33m WARN[0m [2mplatform_linux::overlay[0m[2m:[0m X11 overlay: root reads cannot see this window's own pixels; save-unders will be served without readback confirmation

✨ cua-driver v0.33.1 is available (you have v0.32.0).
   Update with: cua-driver update
   Release notes: https://github.com/trycua/cua/releases/tag/cua-driver-rs-v0.33.1

dbus-daemon[543650]: [session uid=1000 pid=543650 pidfd=4] Activating service name='org.freedesktop.systemd1' requested by ':1.4' (uid=1000 pid=543859 comm="/usr/bin/dbus-broker-launch --config-file=/usr/sha")
dbus-daemon[543650]: [session uid=1000 pid=543650 pidfd=4] Activated service 'org.freedesktop.systemd1' failed: Process org.freedesktop.systemd1 exited with status 1
dbus-daemon[543650]: [session uid=1000 pid=543650 pidfd=4] Activating service name='org.freedesktop.systemd1' requested by ':1.4' (uid=1000 pid=543859 comm="/usr/bin/dbus-broker-launch --config-file=/usr/sha")
dbus-daemon[543650]: [session uid=1000 pid=543650 pidfd=4] Activated service 'org.freedesktop.systemd1' failed: Process org.freedesktop.systemd1 exited with status 1
{"trial": "m-a1-r01-fill-PC", "outcome": "verified", "oracle_exact_match": true, "completion_mutations": 1, "routes": ["compiled"], "loadavg_before": "2.08 2.42 3.15 2/2661 547287"}
dbus-daemon[543650]: [session uid=1000 pid=543650 pidfd=4] Activating service name='org.freedesktop.systemd1' requested by ':1.4' (uid=1000 pid=543859 comm="/usr/bin/dbus-broker-launch --config-file=/usr/sha")
dbus-daemon[543650]: [session uid=1000 pid=543650 pidfd=4] Activated service 'org.freedesktop.systemd1' failed: Process org.freedesktop.systemd1 exited with status 1
[2m2026-10-03T23:06:01.672901Z[0m [33m WARN[0m [2mcua_driver_sdk::runtime[0m[2m:[0m could not activate the persistent AT-SPI listener: AT-SPI connect failed: ZBus Error: MethodError(OwnedErrorName("org.freedesktop.DBus.Error.NameHasNoOwner"), Some("Could not activate remote peer 'org.a11y.atspi.Registry': unit failed"), Msg { type: Error, serial: 4294967295, sender: UniqueName("org.freedesktop.DBus"), reply-serial: 9, body: Str, fds: [] })
[2m2026-10-03T23:06:01.679840Z[0m [33m WARN[0m [2mplatform_linux::overlay[0m[2m:[0m X11 overlay: root reads cannot see this window's own pixels; save-unders will be served without readback confirmation

✨ cua-driver v0.33.1 is available (you have v0.32.0).
   Update with: cua-driver update
   Release notes: https://github.com/trycua/cua/releases/tag/cua-driver-rs-v0.33.1

dbus-daemon[543650]: [session uid=1000 pid=543650 pidfd=4] Activating service name='org.freedesktop.systemd1' requested by ':1.4' (uid=1000 pid=543859 comm="/usr/bin/dbus-broker-launch --config-file=/usr/sha")
dbus-daemon[543650]: [session uid=1000 pid=543650 pidfd=4] Activated service 'org.freedesktop.systemd1' failed: Process org.freedesktop.systemd1 exited with status 1
dbus-daemon[543650]: [session uid=1000 pid=543650 pidfd=4] Activating service name='org.freedesktop.systemd1' requested by ':1.4' (uid=1000 pid=543859 comm="/usr/bin/dbus-broker-launch --config-file=/usr/sha")
dbus-daemon[543650]: [session uid=1000 pid=543650 pidfd=4] Activated service 'org.freedesktop.systemd1' failed: Process org.freedesktop.systemd1 exited with status 1
{"trial": "m-a1-r01-fill-P0", "outcome": "verified", "oracle_exact_match": true, "completion_mutations": 1, "routes": ["compiled"], "loadavg_before": "2.24 2.44 3.16 3/2661 547599"}
dbus-daemon[543650]: [session uid=1000 pid=543650 pidfd=4] Activating service name='org.freedesktop.systemd1' requested by ':1.4' (uid=1000 pid=543859 comm="/usr/bin/dbus-broker-launch --config-file=/usr/sha")
dbus-daemon[543650]: [session uid=1000 pid=543650 pidfd=4] Activated service 'org.freedesktop.systemd1' failed: Process org.freedesktop.systemd1 exited with status 1
[2m2026-10-03T23:06:03.173768Z[0m [33m WARN[0m [2mcua_driver_sdk::runtime[0m[2m:[0m could not activate the persistent AT-SPI listener: AT-SPI connect failed: ZBus Error: MethodError(OwnedErrorName("org.freedesktop.DBus.Error.NameHasNoOwner"), Some("Could not activate remote peer 'org.a11y.atspi.Registry': unit failed"), Msg { type: Error, serial: 4294967295, sender: UniqueName("org.freedesktop.DBus"), reply-serial: 9, body: Str, fds: [] })
[2m2026-10-03T23:06:03.182356Z[0m [33m WARN[0m [2mplatform_linux::overlay[0m[2m:[0m X11 overlay: root reads cannot see this window's own pixels; save-unders will be served without readback confirmation

✨ cua-driver v0.33.1 is available (you have v0.32.0).
   Update with: cua-driver update
   Release notes: https://github.com/trycua/cua/releases/tag/cua-driver-rs-v0.33.1

dbus-daemon[543650]: [session uid=1000 pid=543650 pidfd=4] Activating service name='org.freedesktop.systemd1' requested by ':1.4' (uid=1000 pid=543859 comm="/usr/bin/dbus-broker-launch --config-file=/usr/sha")
dbus-daemon[543650]: [session uid=1000 pid=543650 pidfd=4] Activated service 'org.freedesktop.systemd1' failed: Process org.freedesktop.systemd1 exited with status 1
dbus-daemon[543650]: [session uid=1000 pid=543650 pidfd=4] Activating service name='org.freedesktop.systemd1' requested by ':1.4' (uid=1000 pid=543859 comm="/usr/bin/dbus-broker-launch --config-file=/usr/sha")
dbus-daemon[543650]: [session uid=1000 pid=543650 pidfd=4] Activated service 'org.freedesktop.systemd1' failed: Process org.freedesktop.systemd1 exited with status 1
{"trial": "m-a1-r02-fill-P10b", "outcome": "verified", "oracle_exact_match": true, "completion_mutations": 1, "routes": ["compiled"], "loadavg_before": "2.24 2.44 3.16 2/2664 547883"}
dbus-daemon[543650]: [session uid=1000 pid=543650 pidfd=4] Activating service name='org.freedesktop.systemd1' requested by ':1.4' (uid=1000 pid=543859 comm="/usr/bin/dbus-broker-launch --config-file=/usr/sha")
dbus-daemon[543650]: [session uid=1000 pid=543650 pidfd=4] Activated service 'org.freedesktop.systemd1' failed: Process org.freedesktop.systemd1 exited with status 1
[2m2026-10-03T23:06:04.673996Z[0m [33m WARN[0m [2mcua_driver_sdk::runtime[0m[2m:[0m could not activate the persistent AT-SPI listener: AT-SPI connect failed: ZBus Error: MethodError(OwnedErrorName("org.freedesktop.DBus.Error.NameHasNoOwner"), Some("Could not activate remote peer 'org.a11y.atspi.Registry': unit failed"), Msg { type: Error, serial: 4294967295, sender: UniqueName("org.freedesktop.DBus"), reply-serial: 9, body: Str, fds: [] })
[2m2026-10-03T23:06:04.681916Z[0m [33m WARN[0m [2mplatform_linux::overlay[0m[2m:[0m X11 overlay: root reads cannot see this window's own pixels; save-unders will be served without readback confirmation

✨ cua-driver v0.33.1 is available (you have v0.32.0).
   Update with: cua-driver update
   Release notes: https://github.com/trycua/cua/releases/tag/cua-driver-rs-v0.33.1

dbus-daemon[543650]: [session uid=1000 pid=543650 pidfd=4] Activating service name='org.freedesktop.systemd1' requested by ':1.4' (uid=1000 pid=543859 comm="/usr/bin/dbus-broker-launch --config-file=/usr/sha")
dbus-daemon[543650]: [session uid=1000 pid=543650 pidfd=4] Activated service 'org.freedesktop.systemd1' failed: Process org.freedesktop.systemd1 exited with status 1
dbus-daemon[543650]: [session uid=1000 pid=543650 pidfd=4] Activating service name='org.freedesktop.systemd1' requested by ':1.4' (uid=1000 pid=543859 comm="/usr/bin/dbus-broker-launch --config-file=/usr/sha")
dbus-daemon[543650]: [session uid=1000 pid=543650 pidfd=4] Activated service 'org.freedesktop.systemd1' failed: Process org.freedesktop.systemd1 exited with status 1
{"trial": "m-a1-r02-fill-P1", "outcome": "verified", "oracle_exact_match": true, "completion_mutations": 1, "routes": ["compiled"], "loadavg_before": "2.24 2.44 3.16 3/2669 548173"}
dbus-daemon[543650]: [session uid=1000 pid=543650 pidfd=4] Activating service name='org.freedesktop.systemd1' requested by ':1.4' (uid=1000 pid=543859 comm="/usr/bin/dbus-broker-launch --config-file=/usr/sha")
dbus-daemon[543650]: [session uid=1000 pid=543650 pidfd=4] Activated service 'org.freedesktop.systemd1' failed: Process org.freedesktop.systemd1 exited with status 1
[2m2026-10-03T23:06:06.174640Z[0m [33m WARN[0m [2mcua_driver_sdk::runtime[0m[2m:[0m could not activate the persistent AT-SPI listener: AT-SPI connect failed: ZBus Error: MethodError(OwnedErrorName("org.freedesktop.DBus.Error.NameHasNoOwner"), Some("Could not activate remote peer 'org.a11y.atspi.Registry': unit failed"), Msg { type: Error, serial: 4294967295, sender: UniqueName("org.freedesktop.DBus"), reply-serial: 9, body: Str, fds: [] })
[2m2026-10-03T23:06:06.181802Z[0m [33m WARN[0m [2mplatform_linux::overlay[0m[2m:[0m X11 overlay: root reads cannot see this window's own pixels; save-unders will be served without readback confirmation

✨ cua-driver v0.33.1 is available (you have v0.32.0).
   Update with: cua-driver update
   Release notes: https://github.com/trycua/cua/releases/tag/cua-driver-rs-v0.33.1

dbus-daemon[543650]: [session uid=1000 pid=543650 pidfd=4] Activating service name='org.freedesktop.systemd1' requested by ':1.4' (uid=1000 pid=543859 comm="/usr/bin/dbus-broker-launch --config-file=/usr/sha")
dbus-daemon[543650]: [session uid=1000 pid=543650 pidfd=4] Activated service 'org.freedesktop.systemd1' failed: Process org.freedesktop.systemd1 exited with status 1
dbus-daemon[543650]: [session uid=1000 pid=543650 pidfd=4] Activating service name='org.freedesktop.systemd1' requested by ':1.4' (uid=1000 pid=543859 comm="/usr/bin/dbus-broker-launch --config-file=/usr/sha")
dbus-daemon[543650]: [session uid=1000 pid=543650 pidfd=4] Activated service 'org.freedesktop.systemd1' failed: Process org.freedesktop.systemd1 exited with status 1
{"trial": "m-a1-r02-fill-P10a", "outcome": "verified", "oracle_exact_match": true, "completion_mutations": 1, "routes": ["compiled"], "loadavg_before": "2.06 2.40 3.14 2/2668 548487"}
dbus-daemon[543650]: [session uid=1000 pid=543650 pidfd=4] Activating service name='org.freedesktop.systemd1' requested by ':1.4' (uid=1000 pid=543859 comm="/usr/bin/dbus-broker-launch --config-file=/usr/sha")
dbus-daemon[543650]: [session uid=1000 pid=543650 pidfd=4] Activated service 'org.freedesktop.systemd1' failed: Process org.freedesktop.systemd1 exited with status 1
[2m2026-10-03T23:06:07.675662Z[0m [33m WARN[0m [2mcua_driver_sdk::runtime[0m[2m:[0m could not activate the persistent AT-SPI listener: AT-SPI connect failed: ZBus Error: MethodError(OwnedErrorName("org.freedesktop.DBus.Error.NameHasNoOwner"), Some("Could not activate remote peer 'org.a11y.atspi.Registry': unit failed"), Msg { type: Error, serial: 4294967295, sender: UniqueName("org.freedesktop.DBus"), reply-serial: 9, body: Str, fds: [] })
[2m2026-10-03T23:06:07.682565Z[0m [33m WARN[0m [2mplatform_linux::overlay[0m[2m:[0m X11 overlay: root reads cannot see this window's own pixels; save-unders will be served without readback confirmation

✨ cua-driver v0.33.1 is available (you have v0.32.0).
   Update with: cua-driver update
   Release notes: https://github.com/trycua/cua/releases/tag/cua-driver-rs-v0.33.1

dbus-daemon[543650]: [session uid=1000 pid=543650 pidfd=4] Activating service name='org.freedesktop.systemd1' requested by ':1.4' (uid=1000 pid=543859 comm="/usr/bin/dbus-broker-launch --config-file=/usr/sha")
dbus-daemon[543650]: [session uid=1000 pid=543650 pidfd=4] Activated service 'org.freedesktop.systemd1' failed: Process org.freedesktop.systemd1 exited with status 1
dbus-daemon[543650]: [session uid=1000 pid=543650 pidfd=4] Activating service name='org.freedesktop.systemd1' requested by ':1.4' (uid=1000 pid=543859 comm="/usr/bin/dbus-broker-launch --config-file=/usr/sha")
dbus-daemon[543650]: [session uid=1000 pid=543650 pidfd=4] Activated service 'org.freedesktop.systemd1' failed: Process org.freedesktop.systemd1 exited with status 1
{"trial": "m-a1-r02-fill-P0", "outcome": "verified", "oracle_exact_match": true, "completion_mutations": 1, "routes": ["compiled"], "loadavg_before": "2.06 2.40 3.14 1/2668 548787"}
dbus-daemon[543650]: [session uid=1000 pid=543650 pidfd=4] Activating service name='org.freedesktop.systemd1' requested by ':1.4' (uid=1000 pid=543859 comm="/usr/bin/dbus-broker-launch --config-file=/usr/sha")
dbus-daemon[543650]: [session uid=1000 pid=543650 pidfd=4] Activated service 'org.freedesktop.systemd1' failed: Process org.freedesktop.systemd1 exited with status 1
[2m2026-10-03T23:06:09.176722Z[0m [33m WARN[0m [2mcua_driver_sdk::runtime[0m[2m:[0m could not activate the persistent AT-SPI listener: AT-SPI connect failed: ZBus Error: MethodError(OwnedErrorName("org.freedesktop.DBus.Error.NameHasNoOwner"), Some("Could not activate remote peer 'org.a11y.atspi.Registry': unit failed"), Msg { type: Error, serial: 4294967295, sender: UniqueName("org.freedesktop.DBus"), reply-serial: 9, body: Str, fds: [] })
[2m2026-10-03T23:06:09.186130Z[0m [33m WARN[0m [2mplatform_linux::overlay[0m[2m:[0m X11 overlay: root reads cannot see this window's own pixels; save-unders will be served without readback confirmation

✨ cua-driver v0.33.1 is available (you have v0.32.0).
   Update with: cua-driver update
   Release notes: https://github.com/trycua/cua/releases/tag/cua-driver-rs-v0.33.1

dbus-daemon[543650]: [session uid=1000 pid=543650 pidfd=4] Activating service name='org.freedesktop.systemd1' requested by ':1.4' (uid=1000 pid=543859 comm="/usr/bin/dbus-broker-launch --config-file=/usr/sha")
dbus-daemon[543650]: [session uid=1000 pid=543650 pidfd=4] Activated service 'org.freedesktop.systemd1' failed: Process org.freedesktop.systemd1 exited with status 1
dbus-daemon[543650]: [session uid=1000 pid=543650 pidfd=4] Activating service name='org.freedesktop.systemd1' requested by ':1.4' (uid=1000 pid=543859 comm="/usr/bin/dbus-broker-launch --config-file=/usr/sha")
dbus-daemon[543650]: [session uid=1000 pid=543650 pidfd=4] Activated service 'org.freedesktop.systemd1' failed: Process org.freedesktop.systemd1 exited with status 1
{"trial": "m-a1-r02-fill-BASE", "outcome": "verified", "oracle_exact_match": true, "completion_mutations": 1, "routes": ["provider", "provider"], "loadavg_before": "2.06 2.40 3.14 3/2677 549081"}
dbus-daemon[543650]: [session uid=1000 pid=543650 pidfd=4] Activating service name='org.freedesktop.systemd1' requested by ':1.4' (uid=1000 pid=543859 comm="/usr/bin/dbus-broker-launch --config-file=/usr/sha")
dbus-daemon[543650]: [session uid=1000 pid=543650 pidfd=4] Activated service 'org.freedesktop.systemd1' failed: Process org.freedesktop.systemd1 exited with status 1
[2m2026-10-03T23:06:13.676712Z[0m [33m WARN[0m [2mcua_driver_sdk::runtime[0m[2m:[0m could not activate the persistent AT-SPI listener: AT-SPI connect failed: ZBus Error: MethodError(OwnedErrorName("org.freedesktop.DBus.Error.NameHasNoOwner"), Some("Could not activate remote peer 'org.a11y.atspi.Registry': unit failed"), Msg { type: Error, serial: 4294967295, sender: UniqueName("org.freedesktop.DBus"), reply-serial: 9, body: Str, fds: [] })
[2m2026-10-03T23:06:13.684301Z[0m [33m WARN[0m [2mplatform_linux::overlay[0m[2m:[0m X11 overlay: root reads cannot see this window's own pixels; save-unders will be served without readback confirmation

✨ cua-driver v0.33.1 is available (you have v0.32.0).
   Update with: cua-driver update
   Release notes: https://github.com/trycua/cua/releases/tag/cua-driver-rs-v0.33.1

dbus-daemon[543650]: [session uid=1000 pid=543650 pidfd=4] Activating service name='org.freedesktop.systemd1' requested by ':1.4' (uid=1000 pid=543859 comm="/usr/bin/dbus-broker-launch --config-file=/usr/sha")
dbus-daemon[543650]: [session uid=1000 pid=543650 pidfd=4] Activated service 'org.freedesktop.systemd1' failed: Process org.freedesktop.systemd1 exited with status 1
dbus-daemon[543650]: [session uid=1000 pid=543650 pidfd=4] Activating service name='org.freedesktop.systemd1' requested by ':1.4' (uid=1000 pid=543859 comm="/usr/bin/dbus-broker-launch --config-file=/usr/sha")
dbus-daemon[543650]: [session uid=1000 pid=543650 pidfd=4] Activated service 'org.freedesktop.systemd1' failed: Process org.freedesktop.systemd1 exited with status 1
{"trial": "m-a1-r02-fill-PC", "outcome": "verified", "oracle_exact_match": true, "completion_mutations": 1, "routes": ["compiled"], "loadavg_before": "1.97 2.38 3.13 2/2710 549508"}
dbus-daemon[543650]: [session uid=1000 pid=543650 pidfd=4] Activating service name='org.freedesktop.systemd1' requested by ':1.4' (uid=1000 pid=543859 comm="/usr/bin/dbus-broker-launch --config-file=/usr/sha")
dbus-daemon[543650]: [session uid=1000 pid=543650 pidfd=4] Activated service 'org.freedesktop.systemd1' failed: Process org.freedesktop.systemd1 exited with status 1
[2m2026-10-03T23:06:15.177666Z[0m [33m WARN[0m [2mcua_driver_sdk::runtime[0m[2m:[0m could not activate the persistent AT-SPI listener: AT-SPI connect failed: ZBus Error: MethodError(OwnedErrorName("org.freedesktop.DBus.Error.NameHasNoOwner"), Some("Could not activate remote peer 'org.a11y.atspi.Registry': unit failed"), Msg { type: Error, serial: 4294967295, sender: UniqueName("org.freedesktop.DBus"), reply-serial: 9, body: Str, fds: [] })
[2m2026-10-03T23:06:15.185205Z[0m [33m WARN[0m [2mplatform_linux::overlay[0m[2m:[0m X11 overlay: root reads cannot see this window's own pixels; save-unders will be served without readback confirmation

✨ cua-driver v0.33.1 is available (you have v0.32.0).
   Update with: cua-driver update
   Release notes: https://github.com/trycua/cua/releases/tag/cua-driver-rs-v0.33.1

dbus-daemon[543650]: [session uid=1000 pid=543650 pidfd=4] Activating service name='org.freedesktop.systemd1' requested by ':1.4' (uid=1000 pid=543859 comm="/usr/bin/dbus-broker-launch --config-file=/usr/sha")
dbus-daemon[543650]: [session uid=1000 pid=543650 pidfd=4] Activated service 'org.freedesktop.systemd1' failed: Process org.freedesktop.systemd1 exited with status 1
dbus-daemon[543650]: [session uid=1000 pid=543650 pidfd=4] Activating service name='org.freedesktop.systemd1' requested by ':1.4' (uid=1000 pid=543859 comm="/usr/bin/dbus-broker-launch --config-file=/usr/sha")
dbus-daemon[543650]: [session uid=1000 pid=543650 pidfd=4] Activated service 'org.freedesktop.systemd1' failed: Process org.freedesktop.systemd1 exited with status 1
{"trial": "m-a1-r03-fill-P1", "outcome": "verified", "oracle_exact_match": true, "completion_mutations": 1, "routes": ["compiled"], "loadavg_before": "1.97 2.38 3.13 2/2710 549840"}
dbus-daemon[543650]: [session uid=1000 pid=543650 pidfd=4] Activating service name='org.freedesktop.systemd1' requested by ':1.4' (uid=1000 pid=543859 comm="/usr/bin/dbus-broker-launch --config-file=/usr/sha")
dbus-daemon[543650]: [session uid=1000 pid=543650 pidfd=4] Activated service 'org.freedesktop.systemd1' failed: Process org.freedesktop.systemd1 exited with status 1
[2m2026-10-03T23:06:16.678260Z[0m [33m WARN[0m [2mcua_driver_sdk::runtime[0m[2m:[0m could not activate the persistent AT-SPI listener: AT-SPI connect failed: ZBus Error: MethodError(OwnedErrorName("org.freedesktop.DBus.Error.NameHasNoOwner"), Some("Could not activate remote peer 'org.a11y.atspi.Registry': unit failed"), Msg { type: Error, serial: 4294967295, sender: UniqueName("org.freedesktop.DBus"), reply-serial: 9, body: Str, fds: [] })
[2m2026-10-03T23:06:16.685798Z[0m [33m WARN[0m [2mplatform_linux::overlay[0m[2m:[0m X11 overlay: root reads cannot see this window's own pixels; save-unders will be served without readback confirmation

✨ cua-driver v0.33.1 is available (you have v0.32.0).
   Update with: cua-driver update
   Release notes: https://github.com/trycua/cua/releases/tag/cua-driver-rs-v0.33.1

dbus-daemon[543650]: [session uid=1000 pid=543650 pidfd=4] Activating service name='org.freedesktop.systemd1' requested by ':1.4' (uid=1000 pid=543859 comm="/usr/bin/dbus-broker-launch --config-file=/usr/sha")
dbus-daemon[543650]: [session uid=1000 pid=543650 pidfd=4] Activated service 'org.freedesktop.systemd1' failed: Process org.freedesktop.systemd1 exited with status 1
dbus-daemon[543650]: [session uid=1000 pid=543650 pidfd=4] Activating service name='org.freedesktop.systemd1' requested by ':1.4' (uid=1000 pid=543859 comm="/usr/bin/dbus-broker-launch --config-file=/usr/sha")
dbus-daemon[543650]: [session uid=1000 pid=543650 pidfd=4] Activated service 'org.freedesktop.systemd1' failed: Process org.freedesktop.systemd1 exited with status 1
{"trial": "m-a1-r03-fill-P0", "outcome": "verified", "oracle_exact_match": true, "completion_mutations": 1, "routes": ["compiled"], "loadavg_before": "2.30 2.44 3.14 1/2710 550121"}
dbus-daemon[543650]: [session uid=1000 pid=543650 pidfd=4] Activating service name='org.freedesktop.systemd1' requested by ':1.4' (uid=1000 pid=543859 comm="/usr/bin/dbus-broker-launch --config-file=/usr/sha")
dbus-daemon[543650]: [session uid=1000 pid=543650 pidfd=4] Activated service 'org.freedesktop.systemd1' failed: Process org.freedesktop.systemd1 exited with status 1
[2m2026-10-03T23:06:18.178844Z[0m [33m WARN[0m [2mcua_driver_sdk::runtime[0m[2m:[0m could not activate the persistent AT-SPI listener: AT-SPI connect failed: ZBus Error: MethodError(OwnedErrorName("org.freedesktop.DBus.Error.NameHasNoOwner"), Some("Could not activate remote peer 'org.a11y.atspi.Registry': unit failed"), Msg { type: Error, serial: 4294967295, sender: UniqueName("org.freedesktop.DBus"), reply-serial: 9, body: Str, fds: [] })
[2m2026-10-03T23:06:18.185677Z[0m [33m WARN[0m [2mplatform_linux::overlay[0m[2m:[0m X11 overlay: root reads cannot see this window's own pixels; save-unders will be served without readback confirmation

✨ cua-driver v0.33.1 is available (you have v0.32.0).
   Update with: cua-driver update
   Release notes: https://github.com/trycua/cua/releases/tag/cua-driver-rs-v0.33.1

dbus-daemon[543650]: [session uid=1000 pid=543650 pidfd=4] Activating service name='org.freedesktop.systemd1' requested by ':1.4' (uid=1000 pid=543859 comm="/usr/bin/dbus-broker-launch --config-file=/usr/sha")
dbus-daemon[543650]: [session uid=1000 pid=543650 pidfd=4] Activated service 'org.freedesktop.systemd1' failed: Process org.freedesktop.systemd1 exited with status 1
dbus-daemon[543650]: [session uid=1000 pid=543650 pidfd=4] Activating service name='org.freedesktop.systemd1' requested by ':1.4' (uid=1000 pid=543859 comm="/usr/bin/dbus-broker-launch --config-file=/usr/sha")
dbus-daemon[543650]: [session uid=1000 pid=543650 pidfd=4] Activated service 'org.freedesktop.systemd1' failed: Process org.freedesktop.systemd1 exited with status 1
{"trial": "m-a1-r03-fill-P10b", "outcome": "verified", "oracle_exact_match": true, "completion_mutations": 1, "routes": ["compiled"], "loadavg_before": "2.30 2.44 3.14 3/2719 550460"}
dbus-daemon[543650]: [session uid=1000 pid=543650 pidfd=4] Activating service name='org.freedesktop.systemd1' requested by ':1.4' (uid=1000 pid=543859 comm="/usr/bin/dbus-broker-launch --config-file=/usr/sha")
dbus-daemon[543650]: [session uid=1000 pid=543650 pidfd=4] Activated service 'org.freedesktop.systemd1' failed: Process org.freedesktop.systemd1 exited with status 1
[2m2026-10-03T23:06:19.680330Z[0m [33m WARN[0m [2mcua_driver_sdk::runtime[0m[2m:[0m could not activate the persistent AT-SPI listener: AT-SPI connect failed: ZBus Error: MethodError(OwnedErrorName("org.freedesktop.DBus.Error.NameHasNoOwner"), Some("Could not activate remote peer 'org.a11y.atspi.Registry': unit failed"), Msg { type: Error, serial: 4294967295, sender: UniqueName("org.freedesktop.DBus"), reply-serial: 9, body: Str, fds: [] })
[2m2026-10-03T23:06:19.687801Z[0m [33m WARN[0m [2mplatform_linux::overlay[0m[2m:[0m X11 overlay: root reads cannot see this window's own pixels; save-unders will be served without readback confirmation

✨ cua-driver v0.33.1 is available (you have v0.32.0).
   Update with: cua-driver update
   Release notes: https://github.com/trycua/cua/releases/tag/cua-driver-rs-v0.33.1

dbus-daemon[543650]: [session uid=1000 pid=543650 pidfd=4] Activating service name='org.freedesktop.systemd1' requested by ':1.4' (uid=1000 pid=543859 comm="/usr/bin/dbus-broker-launch --config-file=/usr/sha")
dbus-daemon[543650]: [session uid=1000 pid=543650 pidfd=4] Activated service 'org.freedesktop.systemd1' failed: Process org.freedesktop.systemd1 exited with status 1
dbus-daemon[543650]: [session uid=1000 pid=543650 pidfd=4] Activating service name='org.freedesktop.systemd1' requested by ':1.4' (uid=1000 pid=543859 comm="/usr/bin/dbus-broker-launch --config-file=/usr/sha")
dbus-daemon[543650]: [session uid=1000 pid=543650 pidfd=4] Activated service 'org.freedesktop.systemd1' failed: Process org.freedesktop.systemd1 exited with status 1
{"trial": "m-a1-r03-fill-PC", "outcome": "verified", "oracle_exact_match": true, "completion_mutations": 1, "routes": ["compiled"], "loadavg_before": "2.30 2.44 3.14 2/2705 550755"}
dbus-daemon[543650]: [session uid=1000 pid=543650 pidfd=4] Activating service name='org.freedesktop.systemd1' requested by ':1.4' (uid=1000 pid=543859 comm="/usr/bin/dbus-broker-launch --config-file=/usr/sha")
dbus-daemon[543650]: [session uid=1000 pid=543650 pidfd=4] Activated service 'org.freedesktop.systemd1' failed: Process org.freedesktop.systemd1 exited with status 1
[2m2026-10-03T23:06:21.181814Z[0m [33m WARN[0m [2mcua_driver_sdk::runtime[0m[2m:[0m could not activate the persistent AT-SPI listener: AT-SPI connect failed: ZBus Error: MethodError(OwnedErrorName("org.freedesktop.DBus.Error.NameHasNoOwner"), Some("Could not activate remote peer 'org.a11y.atspi.Registry': unit failed"), Msg { type: Error, serial: 4294967295, sender: UniqueName("org.freedesktop.DBus"), reply-serial: 9, body: Str, fds: [] })
[2m2026-10-03T23:06:21.189260Z[0m [33m WARN[0m [2mplatform_linux::overlay[0m[2m:[0m X11 overlay: root reads cannot see this window's own pixels; save-unders will be served without readback confirmation

✨ cua-driver v0.33.1 is available (you have v0.32.0).
   Update with: cua-driver update
   Release notes: https://github.com/trycua/cua/releases/tag/cua-driver-rs-v0.33.1

dbus-daemon[543650]: [session uid=1000 pid=543650 pidfd=4] Activating service name='org.freedesktop.systemd1' requested by ':1.4' (uid=1000 pid=543859 comm="/usr/bin/dbus-broker-launch --config-file=/usr/sha")
dbus-daemon[543650]: [session uid=1000 pid=543650 pidfd=4] Activated service 'org.freedesktop.systemd1' failed: Process org.freedesktop.systemd1 exited with status 1
dbus-daemon[543650]: [session uid=1000 pid=543650 pidfd=4] Activating service name='org.freedesktop.systemd1' requested by ':1.4' (uid=1000 pid=543859 comm="/usr/bin/dbus-broker-launch --config-file=/usr/sha")
dbus-daemon[543650]: [session uid=1000 pid=543650 pidfd=4] Activated service 'org.freedesktop.systemd1' failed: Process org.freedesktop.systemd1 exited with status 1
{"trial": "m-a1-r03-fill-P10a", "outcome": "verified", "oracle_exact_match": true, "completion_mutations": 1, "routes": ["compiled"], "loadavg_before": "2.19 2.42 3.13 2/2684 551043"}
dbus-daemon[543650]: [session uid=1000 pid=543650 pidfd=4] Activating service name='org.freedesktop.systemd1' requested by ':1.4' (uid=1000 pid=543859 comm="/usr/bin/dbus-broker-launch --config-file=/usr/sha")
dbus-daemon[543650]: [session uid=1000 pid=543650 pidfd=4] Activated service 'org.freedesktop.systemd1' failed: Process org.freedesktop.systemd1 exited with status 1
[2m2026-10-03T23:06:22.681379Z[0m [33m WARN[0m [2mcua_driver_sdk::runtime[0m[2m:[0m could not activate the persistent AT-SPI listener: AT-SPI connect failed: ZBus Error: MethodError(OwnedErrorName("org.freedesktop.DBus.Error.NameHasNoOwner"), Some("Could not activate remote peer 'org.a11y.atspi.Registry': unit failed"), Msg { type: Error, serial: 4294967295, sender: UniqueName("org.freedesktop.DBus"), reply-serial: 9, body: Str, fds: [] })
[2m2026-10-03T23:06:22.688781Z[0m [33m WARN[0m [2mplatform_linux::overlay[0m[2m:[0m X11 overlay: root reads cannot see this window's own pixels; save-unders will be served without readback confirmation

✨ cua-driver v0.33.1 is available (you have v0.32.0).
   Update with: cua-driver update
   Release notes: https://github.com/trycua/cua/releases/tag/cua-driver-rs-v0.33.1

dbus-daemon[543650]: [session uid=1000 pid=543650 pidfd=4] Activating service name='org.freedesktop.systemd1' requested by ':1.4' (uid=1000 pid=543859 comm="/usr/bin/dbus-broker-launch --config-file=/usr/sha")
dbus-daemon[543650]: [session uid=1000 pid=543650 pidfd=4] Activated service 'org.freedesktop.systemd1' failed: Process org.freedesktop.systemd1 exited with status 1
dbus-daemon[543650]: [session uid=1000 pid=543650 pidfd=4] Activating service name='org.freedesktop.systemd1' requested by ':1.4' (uid=1000 pid=543859 comm="/usr/bin/dbus-broker-launch --config-file=/usr/sha")
dbus-daemon[543650]: [session uid=1000 pid=543650 pidfd=4] Activated service 'org.freedesktop.systemd1' failed: Process org.freedesktop.systemd1 exited with status 1
{"trial": "m-a1-r03-fill-BASE", "outcome": "verified", "oracle_exact_match": true, "completion_mutations": 1, "routes": ["provider", "provider"], "loadavg_before": "2.19 2.42 3.13 2/2683 551340"}
dbus-daemon[543650]: [session uid=1000 pid=543650 pidfd=4] Activating service name='org.freedesktop.systemd1' requested by ':1.4' (uid=1000 pid=543859 comm="/usr/bin/dbus-broker-launch --config-file=/usr/sha")
dbus-daemon[543650]: [session uid=1000 pid=543650 pidfd=4] Activated service 'org.freedesktop.systemd1' failed: Process org.freedesktop.systemd1 exited with status 1
[2m2026-10-03T23:06:27.182446Z[0m [33m WARN[0m [2mcua_driver_sdk::runtime[0m[2m:[0m could not activate the persistent AT-SPI listener: AT-SPI connect failed: ZBus Error: MethodError(OwnedErrorName("org.freedesktop.DBus.Error.NameHasNoOwner"), Some("Could not activate remote peer 'org.a11y.atspi.Registry': unit failed"), Msg { type: Error, serial: 4294967295, sender: UniqueName("org.freedesktop.DBus"), reply-serial: 9, body: Str, fds: [] })
[2m2026-10-03T23:06:27.189579Z[0m [33m WARN[0m [2mplatform_linux::overlay[0m[2m:[0m X11 overlay: root reads cannot see this window's own pixels; save-unders will be served without readback confirmation

✨ cua-driver v0.33.1 is available (you have v0.32.0).
   Update with: cua-driver update
   Release notes: https://github.com/trycua/cua/releases/tag/cua-driver-rs-v0.33.1

dbus-daemon[543650]: [session uid=1000 pid=543650 pidfd=4] Activating service name='org.freedesktop.systemd1' requested by ':1.4' (uid=1000 pid=543859 comm="/usr/bin/dbus-broker-launch --config-file=/usr/sha")
dbus-daemon[543650]: [session uid=1000 pid=543650 pidfd=4] Activated service 'org.freedesktop.systemd1' failed: Process org.freedesktop.systemd1 exited with status 1
dbus-daemon[543650]: [session uid=1000 pid=543650 pidfd=4] Activating service name='org.freedesktop.systemd1' requested by ':1.4' (uid=1000 pid=543859 comm="/usr/bin/dbus-broker-launch --config-file=/usr/sha")
dbus-daemon[543650]: [session uid=1000 pid=543650 pidfd=4] Activated service 'org.freedesktop.systemd1' failed: Process org.freedesktop.systemd1 exited with status 1
{"trial": "m-a1-r04-fill-P0", "outcome": "verified", "oracle_exact_match": true, "completion_mutations": 1, "routes": ["compiled"], "loadavg_before": "2.10 2.39 3.12 2/2671 551718"}
dbus-daemon[543650]: [session uid=1000 pid=543650 pidfd=4] Activating service name='org.freedesktop.systemd1' requested by ':1.4' (uid=1000 pid=543859 comm="/usr/bin/dbus-broker-launch --config-file=/usr/sha")
dbus-daemon[543650]: [session uid=1000 pid=543650 pidfd=4] Activated service 'org.freedesktop.systemd1' failed: Process org.freedesktop.systemd1 exited with status 1
[2m2026-10-03T23:06:28.685355Z[0m [33m WARN[0m [2mcua_driver_sdk::runtime[0m[2m:[0m could not activate the persistent AT-SPI listener: AT-SPI connect failed: ZBus Error: MethodError(OwnedErrorName("org.freedesktop.DBus.Error.NameHasNoOwner"), Some("Could not activate remote peer 'org.a11y.atspi.Registry': unit failed"), Msg { type: Error, serial: 4294967295, sender: UniqueName("org.freedesktop.DBus"), reply-serial: 9, body: Str, fds: [] })
[2m2026-10-03T23:06:28.693393Z[0m [33m WARN[0m [2mplatform_linux::overlay[0m[2m:[0m X11 overlay: root reads cannot see this window's own pixels; save-unders will be served without readback confirmation

✨ cua-driver v0.33.1 is available (you have v0.32.0).
   Update with: cua-driver update
   Release notes: https://github.com/trycua/cua/releases/tag/cua-driver-rs-v0.33.1

dbus-daemon[543650]: [session uid=1000 pid=543650 pidfd=4] Activating service name='org.freedesktop.systemd1' requested by ':1.4' (uid=1000 pid=543859 comm="/usr/bin/dbus-broker-launch --config-file=/usr/sha")
dbus-daemon[543650]: [session uid=1000 pid=543650 pidfd=4] Activated service 'org.freedesktop.systemd1' failed: Process org.freedesktop.systemd1 exited with status 1
dbus-daemon[543650]: [session uid=1000 pid=543650 pidfd=4] Activating service name='org.freedesktop.systemd1' requested by ':1.4' (uid=1000 pid=543859 comm="/usr/bin/dbus-broker-launch --config-file=/usr/sha")
dbus-daemon[543650]: [session uid=1000 pid=543650 pidfd=4] Activated service 'org.freedesktop.systemd1' failed: Process org.freedesktop.systemd1 exited with status 1
{"trial": "m-a1-r04-fill-PC", "outcome": "verified", "oracle_exact_match": true, "completion_mutations": 1, "routes": ["compiled"], "loadavg_before": "2.10 2.39 3.12 4/2663 552012"}
dbus-daemon[543650]: [session uid=1000 pid=543650 pidfd=4] Activating service name='org.freedesktop.systemd1' requested by ':1.4' (uid=1000 pid=543859 comm="/usr/bin/dbus-broker-launch --config-file=/usr/sha")
dbus-daemon[543650]: [session uid=1000 pid=543650 pidfd=4] Activated service 'org.freedesktop.systemd1' failed: Process org.freedesktop.systemd1 exited with status 1
[2m2026-10-03T23:06:30.185256Z[0m [33m WARN[0m [2mcua_driver_sdk::runtime[0m[2m:[0m could not activate the persistent AT-SPI listener: AT-SPI connect failed: ZBus Error: MethodError(OwnedErrorName("org.freedesktop.DBus.Error.NameHasNoOwner"), Some("Could not activate remote peer 'org.a11y.atspi.Registry': unit failed"), Msg { type: Error, serial: 4294967295, sender: UniqueName("org.freedesktop.DBus"), reply-serial: 9, body: Str, fds: [] })
[2m2026-10-03T23:06:30.192441Z[0m [33m WARN[0m [2mplatform_linux::overlay[0m[2m:[0m X11 overlay: root reads cannot see this window's own pixels; save-unders will be served without readback confirmation

✨ cua-driver v0.33.1 is available (you have v0.32.0).
   Update with: cua-driver update
   Release notes: https://github.com/trycua/cua/releases/tag/cua-driver-rs-v0.33.1

dbus-daemon[543650]: [session uid=1000 pid=543650 pidfd=4] Activating service name='org.freedesktop.systemd1' requested by ':1.4' (uid=1000 pid=543859 comm="/usr/bin/dbus-broker-launch --config-file=/usr/sha")
dbus-daemon[543650]: [session uid=1000 pid=543650 pidfd=4] Activated service 'org.freedesktop.systemd1' failed: Process org.freedesktop.systemd1 exited with status 1
dbus-daemon[543650]: [session uid=1000 pid=543650 pidfd=4] Activating service name='org.freedesktop.systemd1' requested by ':1.4' (uid=1000 pid=543859 comm="/usr/bin/dbus-broker-launch --config-file=/usr/sha")
dbus-daemon[543650]: [session uid=1000 pid=543650 pidfd=4] Activated service 'org.freedesktop.systemd1' failed: Process org.freedesktop.systemd1 exited with status 1
{"trial": "m-a1-r04-fill-P1", "outcome": "verified", "oracle_exact_match": true, "completion_mutations": 1, "routes": ["compiled"], "loadavg_before": "2.10 2.39 3.12 1/2669 552358"}
dbus-daemon[543650]: [session uid=1000 pid=543650 pidfd=4] Activating service name='org.freedesktop.systemd1' requested by ':1.4' (uid=1000 pid=543859 comm="/usr/bin/dbus-broker-launch --config-file=/usr/sha")
dbus-daemon[543650]: [session uid=1000 pid=543650 pidfd=4] Activated service 'org.freedesktop.systemd1' failed: Process org.freedesktop.systemd1 exited with status 1
[2m2026-10-03T23:06:31.684676Z[0m [33m WARN[0m [2mcua_driver_sdk::runtime[0m[2m:[0m could not activate the persistent AT-SPI listener: AT-SPI connect failed: ZBus Error: MethodError(OwnedErrorName("org.freedesktop.DBus.Error.NameHasNoOwner"), Some("Could not activate remote peer 'org.a11y.atspi.Registry': unit failed"), Msg { type: Error, serial: 4294967295, sender: UniqueName("org.freedesktop.DBus"), reply-serial: 9, body: Str, fds: [] })
[2m2026-10-03T23:06:31.692469Z[0m [33m WARN[0m [2mplatform_linux::overlay[0m[2m:[0m X11 overlay: root reads cannot see this window's own pixels; save-unders will be served without readback confirmation

✨ cua-driver v0.33.1 is available (you have v0.32.0).
   Update with: cua-driver update
   Release notes: https://github.com/trycua/cua/releases/tag/cua-driver-rs-v0.33.1

dbus-daemon[543650]: [session uid=1000 pid=543650 pidfd=4] Activating service name='org.freedesktop.systemd1' requested by ':1.4' (uid=1000 pid=543859 comm="/usr/bin/dbus-broker-launch --config-file=/usr/sha")
dbus-daemon[543650]: [session uid=1000 pid=543650 pidfd=4] Activated service 'org.freedesktop.systemd1' failed: Process org.freedesktop.systemd1 exited with status 1
dbus-daemon[543650]: [session uid=1000 pid=543650 pidfd=4] Activating service name='org.freedesktop.systemd1' requested by ':1.4' (uid=1000 pid=543859 comm="/usr/bin/dbus-broker-launch --config-file=/usr/sha")
dbus-daemon[543650]: [session uid=1000 pid=543650 pidfd=4] Activated service 'org.freedesktop.systemd1' failed: Process org.freedesktop.systemd1 exited with status 1
{"trial": "m-a1-r04-fill-BASE", "outcome": "verified", "oracle_exact_match": true, "completion_mutations": 1, "routes": ["provider", "provider"], "loadavg_before": "2.33 2.44 3.13 2/2670 552642"}
dbus-daemon[543650]: [session uid=1000 pid=543650 pidfd=4] Activating service name='org.freedesktop.systemd1' requested by ':1.4' (uid=1000 pid=543859 comm="/usr/bin/dbus-broker-launch --config-file=/usr/sha")
dbus-daemon[543650]: [session uid=1000 pid=543650 pidfd=4] Activated service 'org.freedesktop.systemd1' failed: Process org.freedesktop.systemd1 exited with status 1
[2m2026-10-03T23:06:36.185530Z[0m [33m WARN[0m [2mcua_driver_sdk::runtime[0m[2m:[0m could not activate the persistent AT-SPI listener: AT-SPI connect failed: ZBus Error: MethodError(OwnedErrorName("org.freedesktop.DBus.Error.NameHasNoOwner"), Some("Could not activate remote peer 'org.a11y.atspi.Registry': unit failed"), Msg { type: Error, serial: 4294967295, sender: UniqueName("org.freedesktop.DBus"), reply-serial: 9, body: Str, fds: [] })
[2m2026-10-03T23:06:36.192822Z[0m [33m WARN[0m [2mplatform_linux::overlay[0m[2m:[0m X11 overlay: root reads cannot see this window's own pixels; save-unders will be served without readback confirmation

✨ cua-driver v0.33.1 is available (you have v0.32.0).
   Update with: cua-driver update
   Release notes: https://github.com/trycua/cua/releases/tag/cua-driver-rs-v0.33.1

dbus-daemon[543650]: [session uid=1000 pid=543650 pidfd=4] Activating service name='org.freedesktop.systemd1' requested by ':1.4' (uid=1000 pid=543859 comm="/usr/bin/dbus-broker-launch --config-file=/usr/sha")
dbus-daemon[543650]: [session uid=1000 pid=543650 pidfd=4] Activated service 'org.freedesktop.systemd1' failed: Process org.freedesktop.systemd1 exited with status 1
dbus-daemon[543650]: [session uid=1000 pid=543650 pidfd=4] Activating service name='org.freedesktop.systemd1' requested by ':1.4' (uid=1000 pid=543859 comm="/usr/bin/dbus-broker-launch --config-file=/usr/sha")
dbus-daemon[543650]: [session uid=1000 pid=543650 pidfd=4] Activated service 'org.freedesktop.systemd1' failed: Process org.freedesktop.systemd1 exited with status 1
{"trial": "m-a1-r04-fill-P10b", "outcome": "verified", "oracle_exact_match": true, "completion_mutations": 1, "routes": ["compiled"], "loadavg_before": "2.22 2.41 3.12 2/2686 553087"}
dbus-daemon[543650]: [session uid=1000 pid=543650 pidfd=4] Activating service name='org.freedesktop.systemd1' requested by ':1.4' (uid=1000 pid=543859 comm="/usr/bin/dbus-broker-launch --config-file=/usr/sha")
dbus-daemon[543650]: [session uid=1000 pid=543650 pidfd=4] Activated service 'org.freedesktop.systemd1' failed: Process org.freedesktop.systemd1 exited with status 1
[2m2026-10-03T23:06:37.685913Z[0m [33m WARN[0m [2mcua_driver_sdk::runtime[0m[2m:[0m could not activate the persistent AT-SPI listener: AT-SPI connect failed: ZBus Error: MethodError(OwnedErrorName("org.freedesktop.DBus.Error.NameHasNoOwner"), Some("Could not activate remote peer 'org.a11y.atspi.Registry': unit failed"), Msg { type: Error, serial: 4294967295, sender: UniqueName("org.freedesktop.DBus"), reply-serial: 9, body: Str, fds: [] })
[2m2026-10-03T23:06:37.693279Z[0m [33m WARN[0m [2mplatform_linux::overlay[0m[2m:[0m X11 overlay: root reads cannot see this window's own pixels; save-unders will be served without readback confirmation

✨ cua-driver v0.33.1 is available (you have v0.32.0).
   Update with: cua-driver update
   Release notes: https://github.com/trycua/cua/releases/tag/cua-driver-rs-v0.33.1

dbus-daemon[543650]: [session uid=1000 pid=543650 pidfd=4] Activating service name='org.freedesktop.systemd1' requested by ':1.4' (uid=1000 pid=543859 comm="/usr/bin/dbus-broker-launch --config-file=/usr/sha")
dbus-daemon[543650]: [session uid=1000 pid=543650 pidfd=4] Activated service 'org.freedesktop.systemd1' failed: Process org.freedesktop.systemd1 exited with status 1
dbus-daemon[543650]: [session uid=1000 pid=543650 pidfd=4] Activating service name='org.freedesktop.systemd1' requested by ':1.4' (uid=1000 pid=543859 comm="/usr/bin/dbus-broker-launch --config-file=/usr/sha")
dbus-daemon[543650]: [session uid=1000 pid=543650 pidfd=4] Activated service 'org.freedesktop.systemd1' failed: Process org.freedesktop.systemd1 exited with status 1
{"trial": "m-a1-r04-fill-P10a", "outcome": "verified", "oracle_exact_match": true, "completion_mutations": 1, "routes": ["compiled"], "loadavg_before": "2.22 2.41 3.12 5/2686 553448"}
dbus-daemon[543650]: [session uid=1000 pid=543650 pidfd=4] Activating service name='org.freedesktop.systemd1' requested by ':1.4' (uid=1000 pid=543859 comm="/usr/bin/dbus-broker-launch --config-file=/usr/sha")
dbus-daemon[543650]: [session uid=1000 pid=543650 pidfd=4] Activated service 'org.freedesktop.systemd1' failed: Process org.freedesktop.systemd1 exited with status 1
[2m2026-10-03T23:06:39.187217Z[0m [33m WARN[0m [2mcua_driver_sdk::runtime[0m[2m:[0m could not activate the persistent AT-SPI listener: AT-SPI connect failed: ZBus Error: MethodError(OwnedErrorName("org.freedesktop.DBus.Error.NameHasNoOwner"), Some("Could not activate remote peer 'org.a11y.atspi.Registry': unit failed"), Msg { type: Error, serial: 4294967295, sender: UniqueName("org.freedesktop.DBus"), reply-serial: 9, body: Str, fds: [] })
[2m2026-10-03T23:06:39.195269Z[0m [33m WARN[0m [2mplatform_linux::overlay[0m[2m:[0m X11 overlay: root reads cannot see this window's own pixels; save-unders will be served without readback confirmation

✨ cua-driver v0.33.1 is available (you have v0.32.0).
   Update with: cua-driver update
   Release notes: https://github.com/trycua/cua/releases/tag/cua-driver-rs-v0.33.1

dbus-daemon[543650]: [session uid=1000 pid=543650 pidfd=4] Activating service name='org.freedesktop.systemd1' requested by ':1.4' (uid=1000 pid=543859 comm="/usr/bin/dbus-broker-launch --config-file=/usr/sha")
dbus-daemon[543650]: [session uid=1000 pid=543650 pidfd=4] Activated service 'org.freedesktop.systemd1' failed: Process org.freedesktop.systemd1 exited with status 1
dbus-daemon[543650]: [session uid=1000 pid=543650 pidfd=4] Activating service name='org.freedesktop.systemd1' requested by ':1.4' (uid=1000 pid=543859 comm="/usr/bin/dbus-broker-launch --config-file=/usr/sha")
dbus-daemon[543650]: [session uid=1000 pid=543650 pidfd=4] Activated service 'org.freedesktop.systemd1' failed: Process org.freedesktop.systemd1 exited with status 1
{"trial": "m-a1-r05-fill-PC", "outcome": "verified", "oracle_exact_match": true, "completion_mutations": 1, "routes": ["compiled"], "loadavg_before": "2.22 2.41 3.12 1/2674 553768"}
dbus-daemon[543650]: [session uid=1000 pid=543650 pidfd=4] Activating service name='org.freedesktop.systemd1' requested by ':1.4' (uid=1000 pid=543859 comm="/usr/bin/dbus-broker-launch --config-file=/usr/sha")
dbus-daemon[543650]: [session uid=1000 pid=543650 pidfd=4] Activated service 'org.freedesktop.systemd1' failed: Process org.freedesktop.systemd1 exited with status 1
[2m2026-10-03T23:06:40.687341Z[0m [33m WARN[0m [2mcua_driver_sdk::runtime[0m[2m:[0m could not activate the persistent AT-SPI listener: AT-SPI connect failed: ZBus Error: MethodError(OwnedErrorName("org.freedesktop.DBus.Error.NameHasNoOwner"), Some("Could not activate remote peer 'org.a11y.atspi.Registry': unit failed"), Msg { type: Error, serial: 4294967295, sender: UniqueName("org.freedesktop.DBus"), reply-serial: 9, body: Str, fds: [] })
[2m2026-10-03T23:06:40.694927Z[0m [33m WARN[0m [2mplatform_linux::overlay[0m[2m:[0m X11 overlay: root reads cannot see this window's own pixels; save-unders will be served without readback confirmation

✨ cua-driver v0.33.1 is available (you have v0.32.0).
   Update with: cua-driver update
   Release notes: https://github.com/trycua/cua/releases/tag/cua-driver-rs-v0.33.1

dbus-daemon[543650]: [session uid=1000 pid=543650 pidfd=4] Activating service name='org.freedesktop.systemd1' requested by ':1.4' (uid=1000 pid=543859 comm="/usr/bin/dbus-broker-launch --config-file=/usr/sha")
dbus-daemon[543650]: [session uid=1000 pid=543650 pidfd=4] Activated service 'org.freedesktop.systemd1' failed: Process org.freedesktop.systemd1 exited with status 1
dbus-daemon[543650]: [session uid=1000 pid=543650 pidfd=4] Activating service name='org.freedesktop.systemd1' requested by ':1.4' (uid=1000 pid=543859 comm="/usr/bin/dbus-broker-launch --config-file=/usr/sha")
dbus-daemon[543650]: [session uid=1000 pid=543650 pidfd=4] Activated service 'org.freedesktop.systemd1' failed: Process org.freedesktop.systemd1 exited with status 1
{"trial": "m-a1-r05-fill-BASE", "outcome": "verified", "oracle_exact_match": true, "completion_mutations": 1, "routes": ["provider", "provider"], "loadavg_before": "2.22 2.41 3.12 2/2704 554109"}
dbus-daemon[543650]: [session uid=1000 pid=543650 pidfd=4] Activating service name='org.freedesktop.systemd1' requested by ':1.4' (uid=1000 pid=543859 comm="/usr/bin/dbus-broker-launch --config-file=/usr/sha")
dbus-daemon[543650]: [session uid=1000 pid=543650 pidfd=4] Activated service 'org.freedesktop.systemd1' failed: Process org.freedesktop.systemd1 exited with status 1
[2m2026-10-03T23:06:45.188977Z[0m [33m WARN[0m [2mcua_driver_sdk::runtime[0m[2m:[0m could not activate the persistent AT-SPI listener: AT-SPI connect failed: ZBus Error: MethodError(OwnedErrorName("org.freedesktop.DBus.Error.NameHasNoOwner"), Some("Could not activate remote peer 'org.a11y.atspi.Registry': unit failed"), Msg { type: Error, serial: 4294967295, sender: UniqueName("org.freedesktop.DBus"), reply-serial: 9, body: Str, fds: [] })
[2m2026-10-03T23:06:45.196952Z[0m [33m WARN[0m [2mplatform_linux::overlay[0m[2m:[0m X11 overlay: root reads cannot see this window's own pixels; save-unders will be served without readback confirmation

✨ cua-driver v0.33.1 is available (you have v0.32.0).
   Update with: cua-driver update
   Release notes: https://github.com/trycua/cua/releases/tag/cua-driver-rs-v0.33.1

dbus-daemon[543650]: [session uid=1000 pid=543650 pidfd=4] Activating service name='org.freedesktop.systemd1' requested by ':1.4' (uid=1000 pid=543859 comm="/usr/bin/dbus-broker-launch --config-file=/usr/sha")
dbus-daemon[543650]: [session uid=1000 pid=543650 pidfd=4] Activated service 'org.freedesktop.systemd1' failed: Process org.freedesktop.systemd1 exited with status 1
dbus-daemon[543650]: [session uid=1000 pid=543650 pidfd=4] Activating service name='org.freedesktop.systemd1' requested by ':1.4' (uid=1000 pid=543859 comm="/usr/bin/dbus-broker-launch --config-file=/usr/sha")
dbus-daemon[543650]: [session uid=1000 pid=543650 pidfd=4] Activated service 'org.freedesktop.systemd1' failed: Process org.freedesktop.systemd1 exited with status 1
{"trial": "m-a1-r05-fill-P0", "outcome": "verified", "oracle_exact_match": true, "completion_mutations": 1, "routes": ["compiled"], "loadavg_before": "2.29 2.42 3.12 4/2705 554503"}
dbus-daemon[543650]: [session uid=1000 pid=543650 pidfd=4] Activating service name='org.freedesktop.systemd1' requested by ':1.4' (uid=1000 pid=543859 comm="/usr/bin/dbus-broker-launch --config-file=/usr/sha")
dbus-daemon[543650]: [session uid=1000 pid=543650 pidfd=4] Activated service 'org.freedesktop.systemd1' failed: Process org.freedesktop.systemd1 exited with status 1
[2m2026-10-03T23:06:46.689126Z[0m [33m WARN[0m [2mcua_driver_sdk::runtime[0m[2m:[0m could not activate the persistent AT-SPI listener: AT-SPI connect failed: ZBus Error: MethodError(OwnedErrorName("org.freedesktop.DBus.Error.NameHasNoOwner"), Some("Could not activate remote peer 'org.a11y.atspi.Registry': unit failed"), Msg { type: Error, serial: 4294967295, sender: UniqueName("org.freedesktop.DBus"), reply-serial: 9, body: Str, fds: [] })
[2m2026-10-03T23:06:46.696757Z[0m [33m WARN[0m [2mplatform_linux::overlay[0m[2m:[0m X11 overlay: root reads cannot see this window's own pixels; save-unders will be served without readback confirmation

✨ cua-driver v0.33.1 is available (you have v0.32.0).
   Update with: cua-driver update
   Release notes: https://github.com/trycua/cua/releases/tag/cua-driver-rs-v0.33.1

dbus-daemon[543650]: [session uid=1000 pid=543650 pidfd=4] Activating service name='org.freedesktop.systemd1' requested by ':1.4' (uid=1000 pid=543859 comm="/usr/bin/dbus-broker-launch --config-file=/usr/sha")
dbus-daemon[543650]: [session uid=1000 pid=543650 pidfd=4] Activated service 'org.freedesktop.systemd1' failed: Process org.freedesktop.systemd1 exited with status 1
dbus-daemon[543650]: [session uid=1000 pid=543650 pidfd=4] Activating service name='org.freedesktop.systemd1' requested by ':1.4' (uid=1000 pid=543859 comm="/usr/bin/dbus-broker-launch --config-file=/usr/sha")
dbus-daemon[543650]: [session uid=1000 pid=543650 pidfd=4] Activated service 'org.freedesktop.systemd1' failed: Process org.freedesktop.systemd1 exited with status 1
{"trial": "m-a1-r05-fill-P10a", "outcome": "verified", "oracle_exact_match": true, "completion_mutations": 1, "routes": ["compiled"], "loadavg_before": "2.50 2.46 3.13 2/2705 554792"}
dbus-daemon[543650]: [session uid=1000 pid=543650 pidfd=4] Activating service name='org.freedesktop.systemd1' requested by ':1.4' (uid=1000 pid=543859 comm="/usr/bin/dbus-broker-launch --config-file=/usr/sha")
dbus-daemon[543650]: [session uid=1000 pid=543650 pidfd=4] Activated service 'org.freedesktop.systemd1' failed: Process org.freedesktop.systemd1 exited with status 1
[2m2026-10-03T23:06:48.189963Z[0m [33m WARN[0m [2mcua_driver_sdk::runtime[0m[2m:[0m could not activate the persistent AT-SPI listener: AT-SPI connect failed: ZBus Error: MethodError(OwnedErrorName("org.freedesktop.DBus.Error.NameHasNoOwner"), Some("Could not activate remote peer 'org.a11y.atspi.Registry': unit failed"), Msg { type: Error, serial: 4294967295, sender: UniqueName("org.freedesktop.DBus"), reply-serial: 9, body: Str, fds: [] })
[2m2026-10-03T23:06:48.197280Z[0m [33m WARN[0m [2mplatform_linux::overlay[0m[2m:[0m X11 overlay: root reads cannot see this window's own pixels; save-unders will be served without readback confirmation

✨ cua-driver v0.33.1 is available (you have v0.32.0).
   Update with: cua-driver update
   Release notes: https://github.com/trycua/cua/releases/tag/cua-driver-rs-v0.33.1

dbus-daemon[543650]: [session uid=1000 pid=543650 pidfd=4] Activating service name='org.freedesktop.systemd1' requested by ':1.4' (uid=1000 pid=543859 comm="/usr/bin/dbus-broker-launch --config-file=/usr/sha")
dbus-daemon[543650]: [session uid=1000 pid=543650 pidfd=4] Activated service 'org.freedesktop.systemd1' failed: Process org.freedesktop.systemd1 exited with status 1
dbus-daemon[543650]: [session uid=1000 pid=543650 pidfd=4] Activating service name='org.freedesktop.systemd1' requested by ':1.4' (uid=1000 pid=543859 comm="/usr/bin/dbus-broker-launch --config-file=/usr/sha")
dbus-daemon[543650]: [session uid=1000 pid=543650 pidfd=4] Activated service 'org.freedesktop.systemd1' failed: Process org.freedesktop.systemd1 exited with status 1
{"trial": "m-a1-r05-fill-P1", "outcome": "verified", "oracle_exact_match": true, "completion_mutations": 1, "routes": ["compiled"], "loadavg_before": "2.50 2.46 3.13 2/2719 555164"}
dbus-daemon[543650]: [session uid=1000 pid=543650 pidfd=4] Activating service name='org.freedesktop.systemd1' requested by ':1.4' (uid=1000 pid=543859 comm="/usr/bin/dbus-broker-launch --config-file=/usr/sha")
dbus-daemon[543650]: [session uid=1000 pid=543650 pidfd=4] Activated service 'org.freedesktop.systemd1' failed: Process org.freedesktop.systemd1 exited with status 1
[2m2026-10-03T23:06:49.690778Z[0m [33m WARN[0m [2mcua_driver_sdk::runtime[0m[2m:[0m could not activate the persistent AT-SPI listener: AT-SPI connect failed: ZBus Error: MethodError(OwnedErrorName("org.freedesktop.DBus.Error.NameHasNoOwner"), Some("Could not activate remote peer 'org.a11y.atspi.Registry': unit failed"), Msg { type: Error, serial: 4294967295, sender: UniqueName("org.freedesktop.DBus"), reply-serial: 9, body: Str, fds: [] })
[2m2026-10-03T23:06:49.698166Z[0m [33m WARN[0m [2mplatform_linux::overlay[0m[2m:[0m X11 overlay: root reads cannot see this window's own pixels; save-unders will be served without readback confirmation

✨ cua-driver v0.33.1 is available (you have v0.32.0).
   Update with: cua-driver update
   Release notes: https://github.com/trycua/cua/releases/tag/cua-driver-rs-v0.33.1

dbus-daemon[543650]: [session uid=1000 pid=543650 pidfd=4] Activating service name='org.freedesktop.systemd1' requested by ':1.4' (uid=1000 pid=543859 comm="/usr/bin/dbus-broker-launch --config-file=/usr/sha")
dbus-daemon[543650]: [session uid=1000 pid=543650 pidfd=4] Activated service 'org.freedesktop.systemd1' failed: Process org.freedesktop.systemd1 exited with status 1
dbus-daemon[543650]: [session uid=1000 pid=543650 pidfd=4] Activating service name='org.freedesktop.systemd1' requested by ':1.4' (uid=1000 pid=543859 comm="/usr/bin/dbus-broker-launch --config-file=/usr/sha")
dbus-daemon[543650]: [session uid=1000 pid=543650 pidfd=4] Activated service 'org.freedesktop.systemd1' failed: Process org.freedesktop.systemd1 exited with status 1
{"trial": "m-a1-r05-fill-P10b", "outcome": "verified", "oracle_exact_match": true, "completion_mutations": 1, "routes": ["compiled"], "loadavg_before": "2.50 2.46 3.13 2/2698 555422"}
dbus-daemon[543650]: [session uid=1000 pid=543650 pidfd=4] Activating service name='org.freedesktop.systemd1' requested by ':1.4' (uid=1000 pid=543859 comm="/usr/bin/dbus-broker-launch --config-file=/usr/sha")
dbus-daemon[543650]: [session uid=1000 pid=543650 pidfd=4] Activated service 'org.freedesktop.systemd1' failed: Process org.freedesktop.systemd1 exited with status 1
[2m2026-10-03T23:06:51.194777Z[0m [33m WARN[0m [2mcua_driver_sdk::runtime[0m[2m:[0m could not activate the persistent AT-SPI listener: AT-SPI connect failed: ZBus Error: MethodError(OwnedErrorName("org.freedesktop.DBus.Error.NameHasNoOwner"), Some("Could not activate remote peer 'org.a11y.atspi.Registry': unit failed"), Msg { type: Error, serial: 4294967295, sender: UniqueName("org.freedesktop.DBus"), reply-serial: 9, body: Str, fds: [] })
[2m2026-10-03T23:06:51.201794Z[0m [33m WARN[0m [2mplatform_linux::overlay[0m[2m:[0m X11 overlay: root reads cannot see this window's own pixels; save-unders will be served without readback confirmation

✨ cua-driver v0.33.1 is available (you have v0.32.0).
   Update with: cua-driver update
   Release notes: https://github.com/trycua/cua/releases/tag/cua-driver-rs-v0.33.1

dbus-daemon[543650]: [session uid=1000 pid=543650 pidfd=4] Activating service name='org.freedesktop.systemd1' requested by ':1.4' (uid=1000 pid=543859 comm="/usr/bin/dbus-broker-launch --config-file=/usr/sha")
dbus-daemon[543650]: [session uid=1000 pid=543650 pidfd=4] Activated service 'org.freedesktop.systemd1' failed: Process org.freedesktop.systemd1 exited with status 1
dbus-daemon[543650]: [session uid=1000 pid=543650 pidfd=4] Activating service name='org.freedesktop.systemd1' requested by ':1.4' (uid=1000 pid=543859 comm="/usr/bin/dbus-broker-launch --config-file=/usr/sha")
dbus-daemon[543650]: [session uid=1000 pid=543650 pidfd=4] Activated service 'org.freedesktop.systemd1' failed: Process org.freedesktop.systemd1 exited with status 1
{"trial": "m-a1-r06-fill-BASE", "outcome": "verified", "oracle_exact_match": true, "completion_mutations": 1, "routes": ["provider", "provider"], "loadavg_before": "2.30 2.42 3.11 2/2682 555721"}
dbus-daemon[543650]: [session uid=1000 pid=543650 pidfd=4] Activating service name='org.freedesktop.systemd1' requested by ':1.4' (uid=1000 pid=543859 comm="/usr/bin/dbus-broker-launch --config-file=/usr/sha")
dbus-daemon[543650]: [session uid=1000 pid=543650 pidfd=4] Activated service 'org.freedesktop.systemd1' failed: Process org.freedesktop.systemd1 exited with status 1
[2m2026-10-03T23:06:55.695532Z[0m [33m WARN[0m [2mcua_driver_sdk::runtime[0m[2m:[0m could not activate the persistent AT-SPI listener: AT-SPI connect failed: ZBus Error: MethodError(OwnedErrorName("org.freedesktop.DBus.Error.NameHasNoOwner"), Some("Could not activate remote peer 'org.a11y.atspi.Registry': unit failed"), Msg { type: Error, serial: 4294967295, sender: UniqueName("org.freedesktop.DBus"), reply-serial: 9, body: Str, fds: [] })
[2m2026-10-03T23:06:55.702198Z[0m [33m WARN[0m [2mplatform_linux::overlay[0m[2m:[0m X11 overlay: root reads cannot see this window's own pixels; save-unders will be served without readback confirmation

✨ cua-driver v0.33.1 is available (you have v0.32.0).
   Update with: cua-driver update
   Release notes: https://github.com/trycua/cua/releases/tag/cua-driver-rs-v0.33.1

dbus-daemon[543650]: [session uid=1000 pid=543650 pidfd=4] Activating service name='org.freedesktop.systemd1' requested by ':1.4' (uid=1000 pid=543859 comm="/usr/bin/dbus-broker-launch --config-file=/usr/sha")
dbus-daemon[543650]: [session uid=1000 pid=543650 pidfd=4] Activated service 'org.freedesktop.systemd1' failed: Process org.freedesktop.systemd1 exited with status 1
dbus-daemon[543650]: [session uid=1000 pid=543650 pidfd=4] Activating service name='org.freedesktop.systemd1' requested by ':1.4' (uid=1000 pid=543859 comm="/usr/bin/dbus-broker-launch --config-file=/usr/sha")
dbus-daemon[543650]: [session uid=1000 pid=543650 pidfd=4] Activated service 'org.freedesktop.systemd1' failed: Process org.freedesktop.systemd1 exited with status 1
{"trial": "m-a1-r06-fill-P10a", "outcome": "verified", "oracle_exact_match": true, "completion_mutations": 1, "routes": ["compiled"], "loadavg_before": "2.30 2.42 3.11 2/2683 556116"}
dbus-daemon[543650]: [session uid=1000 pid=543650 pidfd=4] Activating service name='org.freedesktop.systemd1' requested by ':1.4' (uid=1000 pid=543859 comm="/usr/bin/dbus-broker-launch --config-file=/usr/sha")
dbus-daemon[543650]: [session uid=1000 pid=543650 pidfd=4] Activated service 'org.freedesktop.systemd1' failed: Process org.freedesktop.systemd1 exited with status 1
[2m2026-10-03T23:06:57.195373Z[0m [33m WARN[0m [2mcua_driver_sdk::runtime[0m[2m:[0m could not activate the persistent AT-SPI listener: AT-SPI connect failed: ZBus Error: MethodError(OwnedErrorName("org.freedesktop.DBus.Error.NameHasNoOwner"), Some("Could not activate remote peer 'org.a11y.atspi.Registry': unit failed"), Msg { type: Error, serial: 4294967295, sender: UniqueName("org.freedesktop.DBus"), reply-serial: 9, body: Str, fds: [] })
[2m2026-10-03T23:06:57.202245Z[0m [33m WARN[0m [2mplatform_linux::overlay[0m[2m:[0m X11 overlay: root reads cannot see this window's own pixels; save-unders will be served without readback confirmation

✨ cua-driver v0.33.1 is available (you have v0.32.0).
   Update with: cua-driver update
   Release notes: https://github.com/trycua/cua/releases/tag/cua-driver-rs-v0.33.1

dbus-daemon[543650]: [session uid=1000 pid=543650 pidfd=4] Activating service name='org.freedesktop.systemd1' requested by ':1.4' (uid=1000 pid=543859 comm="/usr/bin/dbus-broker-launch --config-file=/usr/sha")
dbus-daemon[543650]: [session uid=1000 pid=543650 pidfd=4] Activated service 'org.freedesktop.systemd1' failed: Process org.freedesktop.systemd1 exited with status 1
dbus-daemon[543650]: [session uid=1000 pid=543650 pidfd=4] Activating service name='org.freedesktop.systemd1' requested by ':1.4' (uid=1000 pid=543859 comm="/usr/bin/dbus-broker-launch --config-file=/usr/sha")
dbus-daemon[543650]: [session uid=1000 pid=543650 pidfd=4] Activated service 'org.freedesktop.systemd1' failed: Process org.freedesktop.systemd1 exited with status 1
{"trial": "m-a1-r06-fill-PC", "outcome": "verified", "oracle_exact_match": true, "completion_mutations": 1, "routes": ["compiled"], "loadavg_before": "2.36 2.43 3.11 2/2683 556431"}
dbus-daemon[543650]: [session uid=1000 pid=543650 pidfd=4] Activating service name='org.freedesktop.systemd1' requested by ':1.4' (uid=1000 pid=543859 comm="/usr/bin/dbus-broker-launch --config-file=/usr/sha")
dbus-daemon[543650]: [session uid=1000 pid=543650 pidfd=4] Activated service 'org.freedesktop.systemd1' failed: Process org.freedesktop.systemd1 exited with status 1
[2m2026-10-03T23:06:58.693873Z[0m [33m WARN[0m [2mcua_driver_sdk::runtime[0m[2m:[0m could not activate the persistent AT-SPI listener: AT-SPI connect failed: ZBus Error: MethodError(OwnedErrorName("org.freedesktop.DBus.Error.NameHasNoOwner"), Some("Could not activate remote peer 'org.a11y.atspi.Registry': unit failed"), Msg { type: Error, serial: 4294967295, sender: UniqueName("org.freedesktop.DBus"), reply-serial: 9, body: Str, fds: [] })
[2m2026-10-03T23:06:58.700839Z[0m [33m WARN[0m [2mplatform_linux::overlay[0m[2m:[0m X11 overlay: root reads cannot see this window's own pixels; save-unders will be served without readback confirmation

✨ cua-driver v0.33.1 is available (you have v0.32.0).
   Update with: cua-driver update
   Release notes: https://github.com/trycua/cua/releases/tag/cua-driver-rs-v0.33.1

dbus-daemon[543650]: [session uid=1000 pid=543650 pidfd=4] Activating service name='org.freedesktop.systemd1' requested by ':1.4' (uid=1000 pid=543859 comm="/usr/bin/dbus-broker-launch --config-file=/usr/sha")
dbus-daemon[543650]: [session uid=1000 pid=543650 pidfd=4] Activated service 'org.freedesktop.systemd1' failed: Process org.freedesktop.systemd1 exited with status 1
dbus-daemon[543650]: [session uid=1000 pid=543650 pidfd=4] Activating service name='org.freedesktop.systemd1' requested by ':1.4' (uid=1000 pid=543859 comm="/usr/bin/dbus-broker-launch --config-file=/usr/sha")
dbus-daemon[543650]: [session uid=1000 pid=543650 pidfd=4] Activated service 'org.freedesktop.systemd1' failed: Process org.freedesktop.systemd1 exited with status 1
{"trial": "m-a1-r06-fill-P10b", "outcome": "verified", "oracle_exact_match": true, "completion_mutations": 1, "routes": ["compiled"], "loadavg_before": "2.36 2.43 3.11 1/2676 556718"}
dbus-daemon[543650]: [session uid=1000 pid=543650 pidfd=4] Activating service name='org.freedesktop.systemd1' requested by ':1.4' (uid=1000 pid=543859 comm="/usr/bin/dbus-broker-launch --config-file=/usr/sha")
dbus-daemon[543650]: [session uid=1000 pid=543650 pidfd=4] Activated service 'org.freedesktop.systemd1' failed: Process org.freedesktop.systemd1 exited with status 1
[2m2026-10-03T23:07:00.194789Z[0m [33m WARN[0m [2mcua_driver_sdk::runtime[0m[2m:[0m could not activate the persistent AT-SPI listener: AT-SPI connect failed: ZBus Error: MethodError(OwnedErrorName("org.freedesktop.DBus.Error.NameHasNoOwner"), Some("Could not activate remote peer 'org.a11y.atspi.Registry': unit failed"), Msg { type: Error, serial: 4294967295, sender: UniqueName("org.freedesktop.DBus"), reply-serial: 9, body: Str, fds: [] })
[2m2026-10-03T23:07:00.203484Z[0m [33m WARN[0m [2mplatform_linux::overlay[0m[2m:[0m X11 overlay: root reads cannot see this window's own pixels; save-unders will be served without readback confirmation

✨ cua-driver v0.33.1 is available (you have v0.32.0).
   Update with: cua-driver update
   Release notes: https://github.com/trycua/cua/releases/tag/cua-driver-rs-v0.33.1

dbus-daemon[543650]: [session uid=1000 pid=543650 pidfd=4] Activating service name='org.freedesktop.systemd1' requested by ':1.4' (uid=1000 pid=543859 comm="/usr/bin/dbus-broker-launch --config-file=/usr/sha")
dbus-daemon[543650]: [session uid=1000 pid=543650 pidfd=4] Activated service 'org.freedesktop.systemd1' failed: Process org.freedesktop.systemd1 exited with status 1
dbus-daemon[543650]: [session uid=1000 pid=543650 pidfd=4] Activating service name='org.freedesktop.systemd1' requested by ':1.4' (uid=1000 pid=543859 comm="/usr/bin/dbus-broker-launch --config-file=/usr/sha")
dbus-daemon[543650]: [session uid=1000 pid=543650 pidfd=4] Activated service 'org.freedesktop.systemd1' failed: Process org.freedesktop.systemd1 exited with status 1
{"trial": "m-a1-r06-fill-P0", "outcome": "verified", "oracle_exact_match": true, "completion_mutations": 1, "routes": ["compiled"], "loadavg_before": "2.36 2.43 3.11 3/2680 557070"}
dbus-daemon[543650]: [session uid=1000 pid=543650 pidfd=4] Activating service name='org.freedesktop.systemd1' requested by ':1.4' (uid=1000 pid=543859 comm="/usr/bin/dbus-broker-launch --config-file=/usr/sha")
dbus-daemon[543650]: [session uid=1000 pid=543650 pidfd=4] Activated service 'org.freedesktop.systemd1' failed: Process org.freedesktop.systemd1 exited with status 1
[2m2026-10-03T23:07:01.695376Z[0m [33m WARN[0m [2mcua_driver_sdk::runtime[0m[2m:[0m could not activate the persistent AT-SPI listener: AT-SPI connect failed: ZBus Error: MethodError(OwnedErrorName("org.freedesktop.DBus.Error.NameHasNoOwner"), Some("Could not activate remote peer 'org.a11y.atspi.Registry': unit failed"), Msg { type: Error, serial: 4294967295, sender: UniqueName("org.freedesktop.DBus"), reply-serial: 9, body: Str, fds: [] })
[2m2026-10-03T23:07:01.703358Z[0m [33m WARN[0m [2mplatform_linux::overlay[0m[2m:[0m X11 overlay: root reads cannot see this window's own pixels; save-unders will be served without readback confirmation

✨ cua-driver v0.33.1 is available (you have v0.32.0).
   Update with: cua-driver update
   Release notes: https://github.com/trycua/cua/releases/tag/cua-driver-rs-v0.33.1

dbus-daemon[543650]: [session uid=1000 pid=543650 pidfd=4] Activating service name='org.freedesktop.systemd1' requested by ':1.4' (uid=1000 pid=543859 comm="/usr/bin/dbus-broker-launch --config-file=/usr/sha")
dbus-daemon[543650]: [session uid=1000 pid=543650 pidfd=4] Activated service 'org.freedesktop.systemd1' failed: Process org.freedesktop.systemd1 exited with status 1
dbus-daemon[543650]: [session uid=1000 pid=543650 pidfd=4] Activating service name='org.freedesktop.systemd1' requested by ':1.4' (uid=1000 pid=543859 comm="/usr/bin/dbus-broker-launch --config-file=/usr/sha")
dbus-daemon[543650]: [session uid=1000 pid=543650 pidfd=4] Activated service 'org.freedesktop.systemd1' failed: Process org.freedesktop.systemd1 exited with status 1
{"trial": "m-a1-r06-fill-P1", "outcome": "verified", "oracle_exact_match": true, "completion_mutations": 1, "routes": ["compiled"], "loadavg_before": "2.49 2.46 3.12 2/2681 557340"}
dbus-daemon[543650]: [session uid=1000 pid=543650 pidfd=4] Activating service name='org.freedesktop.systemd1' requested by ':1.4' (uid=1000 pid=543859 comm="/usr/bin/dbus-broker-launch --config-file=/usr/sha")
dbus-daemon[543650]: [session uid=1000 pid=543650 pidfd=4] Activated service 'org.freedesktop.systemd1' failed: Process org.freedesktop.systemd1 exited with status 1
[2m2026-10-03T23:07:03.196716Z[0m [33m WARN[0m [2mcua_driver_sdk::runtime[0m[2m:[0m could not activate the persistent AT-SPI listener: AT-SPI connect failed: ZBus Error: MethodError(OwnedErrorName("org.freedesktop.DBus.Error.NameHasNoOwner"), Some("Could not activate remote peer 'org.a11y.atspi.Registry': unit failed"), Msg { type: Error, serial: 4294967295, sender: UniqueName("org.freedesktop.DBus"), reply-serial: 9, body: Str, fds: [] })
[2m2026-10-03T23:07:03.203926Z[0m [33m WARN[0m [2mplatform_linux::overlay[0m[2m:[0m X11 overlay: root reads cannot see this window's own pixels; save-unders will be served without readback confirmation

✨ cua-driver v0.33.1 is available (you have v0.32.0).
   Update with: cua-driver update
   Release notes: https://github.com/trycua/cua/releases/tag/cua-driver-rs-v0.33.1

dbus-daemon[543650]: [session uid=1000 pid=543650 pidfd=4] Activating service name='org.freedesktop.systemd1' requested by ':1.4' (uid=1000 pid=543859 comm="/usr/bin/dbus-broker-launch --config-file=/usr/sha")
dbus-daemon[543650]: [session uid=1000 pid=543650 pidfd=4] Activated service 'org.freedesktop.systemd1' failed: Process org.freedesktop.systemd1 exited with status 1
dbus-daemon[543650]: [session uid=1000 pid=543650 pidfd=4] Activating service name='org.freedesktop.systemd1' requested by ':1.4' (uid=1000 pid=543859 comm="/usr/bin/dbus-broker-launch --config-file=/usr/sha")
dbus-daemon[543650]: [session uid=1000 pid=543650 pidfd=4] Activated service 'org.freedesktop.systemd1' failed: Process org.freedesktop.systemd1 exited with status 1
{"trial": "m-a1-r07-fill-P10a", "outcome": "verified", "oracle_exact_match": true, "completion_mutations": 1, "routes": ["compiled"], "loadavg_before": "2.49 2.46 3.12 1/2694 557701"}
dbus-daemon[543650]: [session uid=1000 pid=543650 pidfd=4] Activating service name='org.freedesktop.systemd1' requested by ':1.4' (uid=1000 pid=543859 comm="/usr/bin/dbus-broker-launch --config-file=/usr/sha")
dbus-daemon[543650]: [session uid=1000 pid=543650 pidfd=4] Activated service 'org.freedesktop.systemd1' failed: Process org.freedesktop.systemd1 exited with status 1
[2m2026-10-03T23:07:04.696761Z[0m [33m WARN[0m [2mcua_driver_sdk::runtime[0m[2m:[0m could not activate the persistent AT-SPI listener: AT-SPI connect failed: ZBus Error: MethodError(OwnedErrorName("org.freedesktop.DBus.Error.NameHasNoOwner"), Some("Could not activate remote peer 'org.a11y.atspi.Registry': unit failed"), Msg { type: Error, serial: 4294967295, sender: UniqueName("org.freedesktop.DBus"), reply-serial: 9, body: Str, fds: [] })
[2m2026-10-03T23:07:04.704106Z[0m [33m WARN[0m [2mplatform_linux::overlay[0m[2m:[0m X11 overlay: root reads cannot see this window's own pixels; save-unders will be served without readback confirmation

✨ cua-driver v0.33.1 is available (you have v0.32.0).
   Update with: cua-driver update
   Release notes: https://github.com/trycua/cua/releases/tag/cua-driver-rs-v0.33.1

dbus-daemon[543650]: [session uid=1000 pid=543650 pidfd=4] Activating service name='org.freedesktop.systemd1' requested by ':1.4' (uid=1000 pid=543859 comm="/usr/bin/dbus-broker-launch --config-file=/usr/sha")
dbus-daemon[543650]: [session uid=1000 pid=543650 pidfd=4] Activated service 'org.freedesktop.systemd1' failed: Process org.freedesktop.systemd1 exited with status 1
dbus-daemon[543650]: [session uid=1000 pid=543650 pidfd=4] Activating service name='org.freedesktop.systemd1' requested by ':1.4' (uid=1000 pid=543859 comm="/usr/bin/dbus-broker-launch --config-file=/usr/sha")
dbus-daemon[543650]: [session uid=1000 pid=543650 pidfd=4] Activated service 'org.freedesktop.systemd1' failed: Process org.freedesktop.systemd1 exited with status 1
{"trial": "m-a1-r07-fill-P10b", "outcome": "verified", "oracle_exact_match": true, "completion_mutations": 1, "routes": ["compiled"], "loadavg_before": "2.49 2.46 3.12 2/2676 557988"}
dbus-daemon[543650]: [session uid=1000 pid=543650 pidfd=4] Activating service name='org.freedesktop.systemd1' requested by ':1.4' (uid=1000 pid=543859 comm="/usr/bin/dbus-broker-launch --config-file=/usr/sha")
dbus-daemon[543650]: [session uid=1000 pid=543650 pidfd=4] Activated service 'org.freedesktop.systemd1' failed: Process org.freedesktop.systemd1 exited with status 1
[2m2026-10-03T23:07:06.197906Z[0m [33m WARN[0m [2mcua_driver_sdk::runtime[0m[2m:[0m could not activate the persistent AT-SPI listener: AT-SPI connect failed: ZBus Error: MethodError(OwnedErrorName("org.freedesktop.DBus.Error.NameHasNoOwner"), Some("Could not activate remote peer 'org.a11y.atspi.Registry': unit failed"), Msg { type: Error, serial: 4294967295, sender: UniqueName("org.freedesktop.DBus"), reply-serial: 9, body: Str, fds: [] })
[2m2026-10-03T23:07:06.205370Z[0m [33m WARN[0m [2mplatform_linux::overlay[0m[2m:[0m X11 overlay: root reads cannot see this window's own pixels; save-unders will be served without readback confirmation

✨ cua-driver v0.33.1 is available (you have v0.32.0).
   Update with: cua-driver update
   Release notes: https://github.com/trycua/cua/releases/tag/cua-driver-rs-v0.33.1

dbus-daemon[543650]: [session uid=1000 pid=543650 pidfd=4] Activating service name='org.freedesktop.systemd1' requested by ':1.4' (uid=1000 pid=543859 comm="/usr/bin/dbus-broker-launch --config-file=/usr/sha")
dbus-daemon[543650]: [session uid=1000 pid=543650 pidfd=4] Activated service 'org.freedesktop.systemd1' failed: Process org.freedesktop.systemd1 exited with status 1
dbus-daemon[543650]: [session uid=1000 pid=543650 pidfd=4] Activating service name='org.freedesktop.systemd1' requested by ':1.4' (uid=1000 pid=543859 comm="/usr/bin/dbus-broker-launch --config-file=/usr/sha")
dbus-daemon[543650]: [session uid=1000 pid=543650 pidfd=4] Activated service 'org.freedesktop.systemd1' failed: Process org.freedesktop.systemd1 exited with status 1
{"trial": "m-a1-r07-fill-BASE", "outcome": "verified", "oracle_exact_match": true, "completion_mutations": 1, "routes": ["provider", "provider"], "loadavg_before": "2.77 2.52 3.13 2/2677 558308"}
dbus-daemon[543650]: [session uid=1000 pid=543650 pidfd=4] Activating service name='org.freedesktop.systemd1' requested by ':1.4' (uid=1000 pid=543859 comm="/usr/bin/dbus-broker-launch --config-file=/usr/sha")
dbus-daemon[543650]: [session uid=1000 pid=543650 pidfd=4] Activated service 'org.freedesktop.systemd1' failed: Process org.freedesktop.systemd1 exited with status 1
[2m2026-10-03T23:07:10.698511Z[0m [33m WARN[0m [2mcua_driver_sdk::runtime[0m[2m:[0m could not activate the persistent AT-SPI listener: AT-SPI connect failed: ZBus Error: MethodError(OwnedErrorName("org.freedesktop.DBus.Error.NameHasNoOwner"), Some("Could not activate remote peer 'org.a11y.atspi.Registry': unit failed"), Msg { type: Error, serial: 4294967295, sender: UniqueName("org.freedesktop.DBus"), reply-serial: 9, body: Str, fds: [] })
[2m2026-10-03T23:07:10.705007Z[0m [33m WARN[0m [2mplatform_linux::overlay[0m[2m:[0m X11 overlay: root reads cannot see this window's own pixels; save-unders will be served without readback confirmation

✨ cua-driver v0.33.1 is available (you have v0.32.0).
   Update with: cua-driver update
   Release notes: https://github.com/trycua/cua/releases/tag/cua-driver-rs-v0.33.1

dbus-daemon[543650]: [session uid=1000 pid=543650 pidfd=4] Activating service name='org.freedesktop.systemd1' requested by ':1.4' (uid=1000 pid=543859 comm="/usr/bin/dbus-broker-launch --config-file=/usr/sha")
dbus-daemon[543650]: [session uid=1000 pid=543650 pidfd=4] Activated service 'org.freedesktop.systemd1' failed: Process org.freedesktop.systemd1 exited with status 1
dbus-daemon[543650]: [session uid=1000 pid=543650 pidfd=4] Activating service name='org.freedesktop.systemd1' requested by ':1.4' (uid=1000 pid=543859 comm="/usr/bin/dbus-broker-launch --config-file=/usr/sha")
dbus-daemon[543650]: [session uid=1000 pid=543650 pidfd=4] Activated service 'org.freedesktop.systemd1' failed: Process org.freedesktop.systemd1 exited with status 1
{"trial": "m-a1-r07-fill-P1", "outcome": "verified", "oracle_exact_match": true, "completion_mutations": 1, "routes": ["compiled"], "loadavg_before": "2.77 2.52 3.13 2/2719 558728"}
dbus-daemon[543650]: [session uid=1000 pid=543650 pidfd=4] Activating service name='org.freedesktop.systemd1' requested by ':1.4' (uid=1000 pid=543859 comm="/usr/bin/dbus-broker-launch --config-file=/usr/sha")
dbus-daemon[543650]: [session uid=1000 pid=543650 pidfd=4] Activated service 'org.freedesktop.systemd1' failed: Process org.freedesktop.systemd1 exited with status 1
[2m2026-10-03T23:07:12.199179Z[0m [33m WARN[0m [2mcua_driver_sdk::runtime[0m[2m:[0m could not activate the persistent AT-SPI listener: AT-SPI connect failed: ZBus Error: MethodError(OwnedErrorName("org.freedesktop.DBus.Error.NameHasNoOwner"), Some("Could not activate remote peer 'org.a11y.atspi.Registry': unit failed"), Msg { type: Error, serial: 4294967295, sender: UniqueName("org.freedesktop.DBus"), reply-serial: 9, body: Str, fds: [] })
[2m2026-10-03T23:07:12.206126Z[0m [33m WARN[0m [2mplatform_linux::overlay[0m[2m:[0m X11 overlay: root reads cannot see this window's own pixels; save-unders will be served without readback confirmation

✨ cua-driver v0.33.1 is available (you have v0.32.0).
   Update with: cua-driver update
   Release notes: https://github.com/trycua/cua/releases/tag/cua-driver-rs-v0.33.1

dbus-daemon[543650]: [session uid=1000 pid=543650 pidfd=4] Activating service name='org.freedesktop.systemd1' requested by ':1.4' (uid=1000 pid=543859 comm="/usr/bin/dbus-broker-launch --config-file=/usr/sha")
dbus-daemon[543650]: [session uid=1000 pid=543650 pidfd=4] Activated service 'org.freedesktop.systemd1' failed: Process org.freedesktop.systemd1 exited with status 1
dbus-daemon[543650]: [session uid=1000 pid=543650 pidfd=4] Activating service name='org.freedesktop.systemd1' requested by ':1.4' (uid=1000 pid=543859 comm="/usr/bin/dbus-broker-launch --config-file=/usr/sha")
dbus-daemon[543650]: [session uid=1000 pid=543650 pidfd=4] Activated service 'org.freedesktop.systemd1' failed: Process org.freedesktop.systemd1 exited with status 1
{"trial": "m-a1-r07-fill-PC", "outcome": "verified", "oracle_exact_match": true, "completion_mutations": 1, "routes": ["compiled"], "loadavg_before": "2.87 2.54 3.14 2/2719 559002"}
dbus-daemon[543650]: [session uid=1000 pid=543650 pidfd=4] Activating service name='org.freedesktop.systemd1' requested by ':1.4' (uid=1000 pid=543859 comm="/usr/bin/dbus-broker-launch --config-file=/usr/sha")
dbus-daemon[543650]: [session uid=1000 pid=543650 pidfd=4] Activated service 'org.freedesktop.systemd1' failed: Process org.freedesktop.systemd1 exited with status 1
[2m2026-10-03T23:07:13.700184Z[0m [33m WARN[0m [2mcua_driver_sdk::runtime[0m[2m:[0m could not activate the persistent AT-SPI listener: AT-SPI connect failed: ZBus Error: MethodError(OwnedErrorName("org.freedesktop.DBus.Error.NameHasNoOwner"), Some("Could not activate remote peer 'org.a11y.atspi.Registry': unit failed"), Msg { type: Error, serial: 4294967295, sender: UniqueName("org.freedesktop.DBus"), reply-serial: 9, body: Str, fds: [] })
[2m2026-10-03T23:07:13.707760Z[0m [33m WARN[0m [2mplatform_linux::overlay[0m[2m:[0m X11 overlay: root reads cannot see this window's own pixels; save-unders will be served without readback confirmation

✨ cua-driver v0.33.1 is available (you have v0.32.0).
   Update with: cua-driver update
   Release notes: https://github.com/trycua/cua/releases/tag/cua-driver-rs-v0.33.1

dbus-daemon[543650]: [session uid=1000 pid=543650 pidfd=4] Activating service name='org.freedesktop.systemd1' requested by ':1.4' (uid=1000 pid=543859 comm="/usr/bin/dbus-broker-launch --config-file=/usr/sha")
dbus-daemon[543650]: [session uid=1000 pid=543650 pidfd=4] Activated service 'org.freedesktop.systemd1' failed: Process org.freedesktop.systemd1 exited with status 1
dbus-daemon[543650]: [session uid=1000 pid=543650 pidfd=4] Activating service name='org.freedesktop.systemd1' requested by ':1.4' (uid=1000 pid=543859 comm="/usr/bin/dbus-broker-launch --config-file=/usr/sha")
dbus-daemon[543650]: [session uid=1000 pid=543650 pidfd=4] Activated service 'org.freedesktop.systemd1' failed: Process org.freedesktop.systemd1 exited with status 1
{"trial": "m-a1-r07-fill-P0", "outcome": "verified", "oracle_exact_match": true, "completion_mutations": 1, "routes": ["compiled"], "loadavg_before": "2.87 2.54 3.14 3/2719 559291"}
dbus-daemon[543650]: [session uid=1000 pid=543650 pidfd=4] Activating service name='org.freedesktop.systemd1' requested by ':1.4' (uid=1000 pid=543859 comm="/usr/bin/dbus-broker-launch --config-file=/usr/sha")
dbus-daemon[543650]: [session uid=1000 pid=543650 pidfd=4] Activated service 'org.freedesktop.systemd1' failed: Process org.freedesktop.systemd1 exited with status 1
[2m2026-10-03T23:07:15.200857Z[0m [33m WARN[0m [2mcua_driver_sdk::runtime[0m[2m:[0m could not activate the persistent AT-SPI listener: AT-SPI connect failed: ZBus Error: MethodError(OwnedErrorName("org.freedesktop.DBus.Error.NameHasNoOwner"), Some("Could not activate remote peer 'org.a11y.atspi.Registry': unit failed"), Msg { type: Error, serial: 4294967295, sender: UniqueName("org.freedesktop.DBus"), reply-serial: 9, body: Str, fds: [] })
[2m2026-10-03T23:07:15.207852Z[0m [33m WARN[0m [2mplatform_linux::overlay[0m[2m:[0m X11 overlay: root reads cannot see this window's own pixels; save-unders will be served without readback confirmation

✨ cua-driver v0.33.1 is available (you have v0.32.0).
   Update with: cua-driver update
   Release notes: https://github.com/trycua/cua/releases/tag/cua-driver-rs-v0.33.1

dbus-daemon[543650]: [session uid=1000 pid=543650 pidfd=4] Activating service name='org.freedesktop.systemd1' requested by ':1.4' (uid=1000 pid=543859 comm="/usr/bin/dbus-broker-launch --config-file=/usr/sha")
dbus-daemon[543650]: [session uid=1000 pid=543650 pidfd=4] Activated service 'org.freedesktop.systemd1' failed: Process org.freedesktop.systemd1 exited with status 1
dbus-daemon[543650]: [session uid=1000 pid=543650 pidfd=4] Activating service name='org.freedesktop.systemd1' requested by ':1.4' (uid=1000 pid=543859 comm="/usr/bin/dbus-broker-launch --config-file=/usr/sha")
dbus-daemon[543650]: [session uid=1000 pid=543650 pidfd=4] Activated service 'org.freedesktop.systemd1' failed: Process org.freedesktop.systemd1 exited with status 1
{"trial": "m-a1-r08-fill-P10b", "outcome": "verified", "oracle_exact_match": true, "completion_mutations": 1, "routes": ["compiled"], "loadavg_before": "2.87 2.54 3.14 2/2719 559632"}
dbus-daemon[543650]: [session uid=1000 pid=543650 pidfd=4] Activating service name='org.freedesktop.systemd1' requested by ':1.4' (uid=1000 pid=543859 comm="/usr/bin/dbus-broker-launch --config-file=/usr/sha")
dbus-daemon[543650]: [session uid=1000 pid=543650 pidfd=4] Activated service 'org.freedesktop.systemd1' failed: Process org.freedesktop.systemd1 exited with status 1
[2m2026-10-03T23:07:16.702121Z[0m [33m WARN[0m [2mcua_driver_sdk::runtime[0m[2m:[0m could not activate the persistent AT-SPI listener: AT-SPI connect failed: ZBus Error: MethodError(OwnedErrorName("org.freedesktop.DBus.Error.NameHasNoOwner"), Some("Could not activate remote peer 'org.a11y.atspi.Registry': unit failed"), Msg { type: Error, serial: 4294967295, sender: UniqueName("org.freedesktop.DBus"), reply-serial: 9, body: Str, fds: [] })
[2m2026-10-03T23:07:16.709700Z[0m [33m WARN[0m [2mplatform_linux::overlay[0m[2m:[0m X11 overlay: root reads cannot see this window's own pixels; save-unders will be served without readback confirmation

✨ cua-driver v0.33.1 is available (you have v0.32.0).
   Update with: cua-driver update
   Release notes: https://github.com/trycua/cua/releases/tag/cua-driver-rs-v0.33.1

dbus-daemon[543650]: [session uid=1000 pid=543650 pidfd=4] Activating service name='org.freedesktop.systemd1' requested by ':1.4' (uid=1000 pid=543859 comm="/usr/bin/dbus-broker-launch --config-file=/usr/sha")
dbus-daemon[543650]: [session uid=1000 pid=543650 pidfd=4] Activated service 'org.freedesktop.systemd1' failed: Process org.freedesktop.systemd1 exited with status 1
dbus-daemon[543650]: [session uid=1000 pid=543650 pidfd=4] Activating service name='org.freedesktop.systemd1' requested by ':1.4' (uid=1000 pid=543859 comm="/usr/bin/dbus-broker-launch --config-file=/usr/sha")
dbus-daemon[543650]: [session uid=1000 pid=543650 pidfd=4] Activated service 'org.freedesktop.systemd1' failed: Process org.freedesktop.systemd1 exited with status 1
{"trial": "m-a1-r08-fill-P1", "outcome": "verified", "oracle_exact_match": true, "completion_mutations": 1, "routes": ["compiled"], "loadavg_before": "3.20 2.62 3.16 2/2719 559918"}
dbus-daemon[543650]: [session uid=1000 pid=543650 pidfd=4] Activating service name='org.freedesktop.systemd1' requested by ':1.4' (uid=1000 pid=543859 comm="/usr/bin/dbus-broker-launch --config-file=/usr/sha")
dbus-daemon[543650]: [session uid=1000 pid=543650 pidfd=4] Activated service 'org.freedesktop.systemd1' failed: Process org.freedesktop.systemd1 exited with status 1
[2m2026-10-03T23:07:18.202250Z[0m [33m WARN[0m [2mcua_driver_sdk::runtime[0m[2m:[0m could not activate the persistent AT-SPI listener: AT-SPI connect failed: ZBus Error: MethodError(OwnedErrorName("org.freedesktop.DBus.Error.NameHasNoOwner"), Some("Could not activate remote peer 'org.a11y.atspi.Registry': unit failed"), Msg { type: Error, serial: 4294967295, sender: UniqueName("org.freedesktop.DBus"), reply-serial: 9, body: Str, fds: [] })
[2m2026-10-03T23:07:18.209461Z[0m [33m WARN[0m [2mplatform_linux::overlay[0m[2m:[0m X11 overlay: root reads cannot see this window's own pixels; save-unders will be served without readback confirmation

✨ cua-driver v0.33.1 is available (you have v0.32.0).
   Update with: cua-driver update
   Release notes: https://github.com/trycua/cua/releases/tag/cua-driver-rs-v0.33.1

dbus-daemon[543650]: [session uid=1000 pid=543650 pidfd=4] Activating service name='org.freedesktop.systemd1' requested by ':1.4' (uid=1000 pid=543859 comm="/usr/bin/dbus-broker-launch --config-file=/usr/sha")
dbus-daemon[543650]: [session uid=1000 pid=543650 pidfd=4] Activated service 'org.freedesktop.systemd1' failed: Process org.freedesktop.systemd1 exited with status 1
dbus-daemon[543650]: [session uid=1000 pid=543650 pidfd=4] Activating service name='org.freedesktop.systemd1' requested by ':1.4' (uid=1000 pid=543859 comm="/usr/bin/dbus-broker-launch --config-file=/usr/sha")
dbus-daemon[543650]: [session uid=1000 pid=543650 pidfd=4] Activated service 'org.freedesktop.systemd1' failed: Process org.freedesktop.systemd1 exited with status 1
{"trial": "m-a1-r08-fill-P10a", "outcome": "verified", "oracle_exact_match": true, "completion_mutations": 1, "routes": ["compiled"], "loadavg_before": "3.20 2.62 3.16 2/2726 560205"}
dbus-daemon[543650]: [session uid=1000 pid=543650 pidfd=4] Activating service name='org.freedesktop.systemd1' requested by ':1.4' (uid=1000 pid=543859 comm="/usr/bin/dbus-broker-launch --config-file=/usr/sha")
dbus-daemon[543650]: [session uid=1000 pid=543650 pidfd=4] Activated service 'org.freedesktop.systemd1' failed: Process org.freedesktop.systemd1 exited with status 1
[2m2026-10-03T23:07:19.702659Z[0m [33m WARN[0m [2mcua_driver_sdk::runtime[0m[2m:[0m could not activate the persistent AT-SPI listener: AT-SPI connect failed: ZBus Error: MethodError(OwnedErrorName("org.freedesktop.DBus.Error.NameHasNoOwner"), Some("Could not activate remote peer 'org.a11y.atspi.Registry': unit failed"), Msg { type: Error, serial: 4294967295, sender: UniqueName("org.freedesktop.DBus"), reply-serial: 9, body: Str, fds: [] })
[2m2026-10-03T23:07:19.710350Z[0m [33m WARN[0m [2mplatform_linux::overlay[0m[2m:[0m X11 overlay: root reads cannot see this window's own pixels; save-unders will be served without readback confirmation

✨ cua-driver v0.33.1 is available (you have v0.32.0).
   Update with: cua-driver update
   Release notes: https://github.com/trycua/cua/releases/tag/cua-driver-rs-v0.33.1

dbus-daemon[543650]: [session uid=1000 pid=543650 pidfd=4] Activating service name='org.freedesktop.systemd1' requested by ':1.4' (uid=1000 pid=543859 comm="/usr/bin/dbus-broker-launch --config-file=/usr/sha")
dbus-daemon[543650]: [session uid=1000 pid=543650 pidfd=4] Activated service 'org.freedesktop.systemd1' failed: Process org.freedesktop.systemd1 exited with status 1
dbus-daemon[543650]: [session uid=1000 pid=543650 pidfd=4] Activating service name='org.freedesktop.systemd1' requested by ':1.4' (uid=1000 pid=543859 comm="/usr/bin/dbus-broker-launch --config-file=/usr/sha")
dbus-daemon[543650]: [session uid=1000 pid=543650 pidfd=4] Activated service 'org.freedesktop.systemd1' failed: Process org.freedesktop.systemd1 exited with status 1
{"trial": "m-a1-r08-fill-P0", "outcome": "verified", "oracle_exact_match": true, "completion_mutations": 1, "routes": ["compiled"], "loadavg_before": "3.20 2.62 3.16 2/2704 560498"}
dbus-daemon[543650]: [session uid=1000 pid=543650 pidfd=4] Activating service name='org.freedesktop.systemd1' requested by ':1.4' (uid=1000 pid=543859 comm="/usr/bin/dbus-broker-launch --config-file=/usr/sha")
dbus-daemon[543650]: [session uid=1000 pid=543650 pidfd=4] Activated service 'org.freedesktop.systemd1' failed: Process org.freedesktop.systemd1 exited with status 1
[2m2026-10-03T23:07:21.203474Z[0m [33m WARN[0m [2mcua_driver_sdk::runtime[0m[2m:[0m could not activate the persistent AT-SPI listener: AT-SPI connect failed: ZBus Error: MethodError(OwnedErrorName("org.freedesktop.DBus.Error.NameHasNoOwner"), Some("Could not activate remote peer 'org.a11y.atspi.Registry': unit failed"), Msg { type: Error, serial: 4294967295, sender: UniqueName("org.freedesktop.DBus"), reply-serial: 9, body: Str, fds: [] })
[2m2026-10-03T23:07:21.211009Z[0m [33m WARN[0m [2mplatform_linux::overlay[0m[2m:[0m X11 overlay: root reads cannot see this window's own pixels; save-unders will be served without readback confirmation

✨ cua-driver v0.33.1 is available (you have v0.32.0).
   Update with: cua-driver update
   Release notes: https://github.com/trycua/cua/releases/tag/cua-driver-rs-v0.33.1

dbus-daemon[543650]: [session uid=1000 pid=543650 pidfd=4] Activating service name='org.freedesktop.systemd1' requested by ':1.4' (uid=1000 pid=543859 comm="/usr/bin/dbus-broker-launch --config-file=/usr/sha")
dbus-daemon[543650]: [session uid=1000 pid=543650 pidfd=4] Activated service 'org.freedesktop.systemd1' failed: Process org.freedesktop.systemd1 exited with status 1
dbus-daemon[543650]: [session uid=1000 pid=543650 pidfd=4] Activating service name='org.freedesktop.systemd1' requested by ':1.4' (uid=1000 pid=543859 comm="/usr/bin/dbus-broker-launch --config-file=/usr/sha")
dbus-daemon[543650]: [session uid=1000 pid=543650 pidfd=4] Activated service 'org.freedesktop.systemd1' failed: Process org.freedesktop.systemd1 exited with status 1
{"trial": "m-a1-r08-fill-BASE", "outcome": "verified", "oracle_exact_match": true, "completion_mutations": 1, "routes": ["provider", "provider"], "loadavg_before": "3.10 2.61 3.15 2/2688 560796"}
dbus-daemon[543650]: [session uid=1000 pid=543650 pidfd=4] Activating service name='org.freedesktop.systemd1' requested by ':1.4' (uid=1000 pid=543859 comm="/usr/bin/dbus-broker-launch --config-file=/usr/sha")
dbus-daemon[543650]: [session uid=1000 pid=543650 pidfd=4] Activated service 'org.freedesktop.systemd1' failed: Process org.freedesktop.systemd1 exited with status 1
[2m2026-10-03T23:07:25.704515Z[0m [33m WARN[0m [2mcua_driver_sdk::runtime[0m[2m:[0m could not activate the persistent AT-SPI listener: AT-SPI connect failed: ZBus Error: MethodError(OwnedErrorName("org.freedesktop.DBus.Error.NameHasNoOwner"), Some("Could not activate remote peer 'org.a11y.atspi.Registry': unit failed"), Msg { type: Error, serial: 4294967295, sender: UniqueName("org.freedesktop.DBus"), reply-serial: 9, body: Str, fds: [] })
[2m2026-10-03T23:07:25.711569Z[0m [33m WARN[0m [2mplatform_linux::overlay[0m[2m:[0m X11 overlay: root reads cannot see this window's own pixels; save-unders will be served without readback confirmation

✨ cua-driver v0.33.1 is available (you have v0.32.0).
   Update with: cua-driver update
   Release notes: https://github.com/trycua/cua/releases/tag/cua-driver-rs-v0.33.1

dbus-daemon[543650]: [session uid=1000 pid=543650 pidfd=4] Activating service name='org.freedesktop.systemd1' requested by ':1.4' (uid=1000 pid=543859 comm="/usr/bin/dbus-broker-launch --config-file=/usr/sha")
dbus-daemon[543650]: [session uid=1000 pid=543650 pidfd=4] Activated service 'org.freedesktop.systemd1' failed: Process org.freedesktop.systemd1 exited with status 1
dbus-daemon[543650]: [session uid=1000 pid=543650 pidfd=4] Activating service name='org.freedesktop.systemd1' requested by ':1.4' (uid=1000 pid=543859 comm="/usr/bin/dbus-broker-launch --config-file=/usr/sha")
dbus-daemon[543650]: [session uid=1000 pid=543650 pidfd=4] Activated service 'org.freedesktop.systemd1' failed: Process org.freedesktop.systemd1 exited with status 1
{"trial": "m-a1-r08-fill-PC", "outcome": "verified", "oracle_exact_match": true, "completion_mutations": 1, "routes": ["compiled"], "loadavg_before": "3.10 2.61 3.15 1/2688 561178"}
dbus-daemon[543650]: [session uid=1000 pid=543650 pidfd=4] Activating service name='org.freedesktop.systemd1' requested by ':1.4' (uid=1000 pid=543859 comm="/usr/bin/dbus-broker-launch --config-file=/usr/sha")
dbus-daemon[543650]: [session uid=1000 pid=543650 pidfd=4] Activated service 'org.freedesktop.systemd1' failed: Process org.freedesktop.systemd1 exited with status 1
[2m2026-10-03T23:07:27.204925Z[0m [33m WARN[0m [2mcua_driver_sdk::runtime[0m[2m:[0m could not activate the persistent AT-SPI listener: AT-SPI connect failed: ZBus Error: MethodError(OwnedErrorName("org.freedesktop.DBus.Error.NameHasNoOwner"), Some("Could not activate remote peer 'org.a11y.atspi.Registry': unit failed"), Msg { type: Error, serial: 4294967295, sender: UniqueName("org.freedesktop.DBus"), reply-serial: 9, body: Str, fds: [] })
[2m2026-10-03T23:07:27.211939Z[0m [33m WARN[0m [2mplatform_linux::overlay[0m[2m:[0m X11 overlay: root reads cannot see this window's own pixels; save-unders will be served without readback confirmation

✨ cua-driver v0.33.1 is available (you have v0.32.0).
   Update with: cua-driver update
   Release notes: https://github.com/trycua/cua/releases/tag/cua-driver-rs-v0.33.1

dbus-daemon[543650]: [session uid=1000 pid=543650 pidfd=4] Activating service name='org.freedesktop.systemd1' requested by ':1.4' (uid=1000 pid=543859 comm="/usr/bin/dbus-broker-launch --config-file=/usr/sha")
dbus-daemon[543650]: [session uid=1000 pid=543650 pidfd=4] Activated service 'org.freedesktop.systemd1' failed: Process org.freedesktop.systemd1 exited with status 1
dbus-daemon[543650]: [session uid=1000 pid=543650 pidfd=4] Activating service name='org.freedesktop.systemd1' requested by ':1.4' (uid=1000 pid=543859 comm="/usr/bin/dbus-broker-launch --config-file=/usr/sha")
dbus-daemon[543650]: [session uid=1000 pid=543650 pidfd=4] Activated service 'org.freedesktop.systemd1' failed: Process org.freedesktop.systemd1 exited with status 1
{"trial": "m-a1-r09-fill-P1", "outcome": "verified", "oracle_exact_match": true, "completion_mutations": 1, "routes": ["compiled"], "loadavg_before": "3.18 2.63 3.16 2/2681 561471"}
dbus-daemon[543650]: [session uid=1000 pid=543650 pidfd=4] Activating service name='org.freedesktop.systemd1' requested by ':1.4' (uid=1000 pid=543859 comm="/usr/bin/dbus-broker-launch --config-file=/usr/sha")
dbus-daemon[543650]: [session uid=1000 pid=543650 pidfd=4] Activated service 'org.freedesktop.systemd1' failed: Process org.freedesktop.systemd1 exited with status 1
[2m2026-10-03T23:07:28.706424Z[0m [33m WARN[0m [2mcua_driver_sdk::runtime[0m[2m:[0m could not activate the persistent AT-SPI listener: AT-SPI connect failed: ZBus Error: MethodError(OwnedErrorName("org.freedesktop.DBus.Error.NameHasNoOwner"), Some("Could not activate remote peer 'org.a11y.atspi.Registry': unit failed"), Msg { type: Error, serial: 4294967295, sender: UniqueName("org.freedesktop.DBus"), reply-serial: 9, body: Str, fds: [] })
[2m2026-10-03T23:07:28.714998Z[0m [33m WARN[0m [2mplatform_linux::overlay[0m[2m:[0m X11 overlay: root reads cannot see this window's own pixels; save-unders will be served without readback confirmation

✨ cua-driver v0.33.1 is available (you have v0.32.0).
   Update with: cua-driver update
   Release notes: https://github.com/trycua/cua/releases/tag/cua-driver-rs-v0.33.1

dbus-daemon[543650]: [session uid=1000 pid=543650 pidfd=4] Activating service name='org.freedesktop.systemd1' requested by ':1.4' (uid=1000 pid=543859 comm="/usr/bin/dbus-broker-launch --config-file=/usr/sha")
dbus-daemon[543650]: [session uid=1000 pid=543650 pidfd=4] Activated service 'org.freedesktop.systemd1' failed: Process org.freedesktop.systemd1 exited with status 1
dbus-daemon[543650]: [session uid=1000 pid=543650 pidfd=4] Activating service name='org.freedesktop.systemd1' requested by ':1.4' (uid=1000 pid=543859 comm="/usr/bin/dbus-broker-launch --config-file=/usr/sha")
dbus-daemon[543650]: [session uid=1000 pid=543650 pidfd=4] Activated service 'org.freedesktop.systemd1' failed: Process org.freedesktop.systemd1 exited with status 1
{"trial": "m-a1-r09-fill-P0", "outcome": "verified", "oracle_exact_match": true, "completion_mutations": 1, "routes": ["compiled"], "loadavg_before": "3.18 2.63 3.16 2/2672 561756"}
dbus-daemon[543650]: [session uid=1000 pid=543650 pidfd=4] Activating service name='org.freedesktop.systemd1' requested by ':1.4' (uid=1000 pid=543859 comm="/usr/bin/dbus-broker-launch --config-file=/usr/sha")
dbus-daemon[543650]: [session uid=1000 pid=543650 pidfd=4] Activated service 'org.freedesktop.systemd1' failed: Process org.freedesktop.systemd1 exited with status 1
[2m2026-10-03T23:07:30.206822Z[0m [33m WARN[0m [2mcua_driver_sdk::runtime[0m[2m:[0m could not activate the persistent AT-SPI listener: AT-SPI connect failed: ZBus Error: MethodError(OwnedErrorName("org.freedesktop.DBus.Error.NameHasNoOwner"), Some("Could not activate remote peer 'org.a11y.atspi.Registry': unit failed"), Msg { type: Error, serial: 4294967295, sender: UniqueName("org.freedesktop.DBus"), reply-serial: 9, body: Str, fds: [] })
[2m2026-10-03T23:07:30.214013Z[0m [33m WARN[0m [2mplatform_linux::overlay[0m[2m:[0m X11 overlay: root reads cannot see this window's own pixels; save-unders will be served without readback confirmation

✨ cua-driver v0.33.1 is available (you have v0.32.0).
   Update with: cua-driver update
   Release notes: https://github.com/trycua/cua/releases/tag/cua-driver-rs-v0.33.1

dbus-daemon[543650]: [session uid=1000 pid=543650 pidfd=4] Activating service name='org.freedesktop.systemd1' requested by ':1.4' (uid=1000 pid=543859 comm="/usr/bin/dbus-broker-launch --config-file=/usr/sha")
dbus-daemon[543650]: [session uid=1000 pid=543650 pidfd=4] Activated service 'org.freedesktop.systemd1' failed: Process org.freedesktop.systemd1 exited with status 1
dbus-daemon[543650]: [session uid=1000 pid=543650 pidfd=4] Activating service name='org.freedesktop.systemd1' requested by ':1.4' (uid=1000 pid=543859 comm="/usr/bin/dbus-broker-launch --config-file=/usr/sha")
dbus-daemon[543650]: [session uid=1000 pid=543650 pidfd=4] Activated service 'org.freedesktop.systemd1' failed: Process org.freedesktop.systemd1 exited with status 1
{"trial": "m-a1-r09-fill-P10b", "outcome": "verified", "oracle_exact_match": true, "completion_mutations": 1, "routes": ["compiled"], "loadavg_before": "3.18 2.63 3.16 2/2670 562096"}
dbus-daemon[543650]: [session uid=1000 pid=543650 pidfd=4] Activating service name='org.freedesktop.systemd1' requested by ':1.4' (uid=1000 pid=543859 comm="/usr/bin/dbus-broker-launch --config-file=/usr/sha")
dbus-daemon[543650]: [session uid=1000 pid=543650 pidfd=4] Activated service 'org.freedesktop.systemd1' failed: Process org.freedesktop.systemd1 exited with status 1
[2m2026-10-03T23:07:31.707171Z[0m [33m WARN[0m [2mcua_driver_sdk::runtime[0m[2m:[0m could not activate the persistent AT-SPI listener: AT-SPI connect failed: ZBus Error: MethodError(OwnedErrorName("org.freedesktop.DBus.Error.NameHasNoOwner"), Some("Could not activate remote peer 'org.a11y.atspi.Registry': unit failed"), Msg { type: Error, serial: 4294967295, sender: UniqueName("org.freedesktop.DBus"), reply-serial: 9, body: Str, fds: [] })
[2m2026-10-03T23:07:31.714515Z[0m [33m WARN[0m [2mplatform_linux::overlay[0m[2m:[0m X11 overlay: root reads cannot see this window's own pixels; save-unders will be served without readback confirmation

✨ cua-driver v0.33.1 is available (you have v0.32.0).
   Update with: cua-driver update
   Release notes: https://github.com/trycua/cua/releases/tag/cua-driver-rs-v0.33.1

dbus-daemon[543650]: [session uid=1000 pid=543650 pidfd=4] Activating service name='org.freedesktop.systemd1' requested by ':1.4' (uid=1000 pid=543859 comm="/usr/bin/dbus-broker-launch --config-file=/usr/sha")
dbus-daemon[543650]: [session uid=1000 pid=543650 pidfd=4] Activated service 'org.freedesktop.systemd1' failed: Process org.freedesktop.systemd1 exited with status 1
dbus-daemon[543650]: [session uid=1000 pid=543650 pidfd=4] Activating service name='org.freedesktop.systemd1' requested by ':1.4' (uid=1000 pid=543859 comm="/usr/bin/dbus-broker-launch --config-file=/usr/sha")
dbus-daemon[543650]: [session uid=1000 pid=543650 pidfd=4] Activated service 'org.freedesktop.systemd1' failed: Process org.freedesktop.systemd1 exited with status 1
{"trial": "m-a1-r09-fill-PC", "outcome": "verified", "oracle_exact_match": true, "completion_mutations": 1, "routes": ["compiled"], "loadavg_before": "3.48 2.70 3.18 2/2671 562387"}
dbus-daemon[543650]: [session uid=1000 pid=543650 pidfd=4] Activating service name='org.freedesktop.systemd1' requested by ':1.4' (uid=1000 pid=543859 comm="/usr/bin/dbus-broker-launch --config-file=/usr/sha")
dbus-daemon[543650]: [session uid=1000 pid=543650 pidfd=4] Activated service 'org.freedesktop.systemd1' failed: Process org.freedesktop.systemd1 exited with status 1
[2m2026-10-03T23:07:33.210343Z[0m [33m WARN[0m [2mcua_driver_sdk::runtime[0m[2m:[0m could not activate the persistent AT-SPI listener: AT-SPI connect failed: ZBus Error: MethodError(OwnedErrorName("org.freedesktop.DBus.Error.NameHasNoOwner"), Some("Could not activate remote peer 'org.a11y.atspi.Registry': unit failed"), Msg { type: Error, serial: 4294967295, sender: UniqueName("org.freedesktop.DBus"), reply-serial: 9, body: Str, fds: [] })
[2m2026-10-03T23:07:33.216961Z[0m [33m WARN[0m [2mplatform_linux::overlay[0m[2m:[0m X11 overlay: root reads cannot see this window's own pixels; save-unders will be served without readback confirmation

✨ cua-driver v0.33.1 is available (you have v0.32.0).
   Update with: cua-driver update
   Release notes: https://github.com/trycua/cua/releases/tag/cua-driver-rs-v0.33.1

dbus-daemon[543650]: [session uid=1000 pid=543650 pidfd=4] Activating service name='org.freedesktop.systemd1' requested by ':1.4' (uid=1000 pid=543859 comm="/usr/bin/dbus-broker-launch --config-file=/usr/sha")
dbus-daemon[543650]: [session uid=1000 pid=543650 pidfd=4] Activated service 'org.freedesktop.systemd1' failed: Process org.freedesktop.systemd1 exited with status 1
dbus-daemon[543650]: [session uid=1000 pid=543650 pidfd=4] Activating service name='org.freedesktop.systemd1' requested by ':1.4' (uid=1000 pid=543859 comm="/usr/bin/dbus-broker-launch --config-file=/usr/sha")
dbus-daemon[543650]: [session uid=1000 pid=543650 pidfd=4] Activated service 'org.freedesktop.systemd1' failed: Process org.freedesktop.systemd1 exited with status 1
{"trial": "m-a1-r09-fill-P10a", "outcome": "verified", "oracle_exact_match": true, "completion_mutations": 1, "routes": ["compiled"], "loadavg_before": "3.48 2.70 3.18 3/2671 562689"}
dbus-daemon[543650]: [session uid=1000 pid=543650 pidfd=4] Activating service name='org.freedesktop.systemd1' requested by ':1.4' (uid=1000 pid=543859 comm="/usr/bin/dbus-broker-launch --config-file=/usr/sha")
dbus-daemon[543650]: [session uid=1000 pid=543650 pidfd=4] Activated service 'org.freedesktop.systemd1' failed: Process org.freedesktop.systemd1 exited with status 1
[2m2026-10-03T23:07:34.708931Z[0m [33m WARN[0m [2mcua_driver_sdk::runtime[0m[2m:[0m could not activate the persistent AT-SPI listener: AT-SPI connect failed: ZBus Error: MethodError(OwnedErrorName("org.freedesktop.DBus.Error.NameHasNoOwner"), Some("Could not activate remote peer 'org.a11y.atspi.Registry': unit failed"), Msg { type: Error, serial: 4294967295, sender: UniqueName("org.freedesktop.DBus"), reply-serial: 9, body: Str, fds: [] })
[2m2026-10-03T23:07:34.716523Z[0m [33m WARN[0m [2mplatform_linux::overlay[0m[2m:[0m X11 overlay: root reads cannot see this window's own pixels; save-unders will be served without readback confirmation

✨ cua-driver v0.33.1 is available (you have v0.32.0).
   Update with: cua-driver update
   Release notes: https://github.com/trycua/cua/releases/tag/cua-driver-rs-v0.33.1

dbus-daemon[543650]: [session uid=1000 pid=543650 pidfd=4] Activating service name='org.freedesktop.systemd1' requested by ':1.4' (uid=1000 pid=543859 comm="/usr/bin/dbus-broker-launch --config-file=/usr/sha")
dbus-daemon[543650]: [session uid=1000 pid=543650 pidfd=4] Activated service 'org.freedesktop.systemd1' failed: Process org.freedesktop.systemd1 exited with status 1
dbus-daemon[543650]: [session uid=1000 pid=543650 pidfd=4] Activating service name='org.freedesktop.systemd1' requested by ':1.4' (uid=1000 pid=543859 comm="/usr/bin/dbus-broker-launch --config-file=/usr/sha")
dbus-daemon[543650]: [session uid=1000 pid=543650 pidfd=4] Activated service 'org.freedesktop.systemd1' failed: Process org.freedesktop.systemd1 exited with status 1
{"trial": "m-a1-r09-fill-BASE", "outcome": "verified", "oracle_exact_match": true, "completion_mutations": 1, "routes": ["provider", "provider"], "loadavg_before": "3.48 2.70 3.18 2/2669 562960"}
dbus-daemon[543650]: [session uid=1000 pid=543650 pidfd=4] Activating service name='org.freedesktop.systemd1' requested by ':1.4' (uid=1000 pid=543859 comm="/usr/bin/dbus-broker-launch --config-file=/usr/sha")
dbus-daemon[543650]: [session uid=1000 pid=543650 pidfd=4] Activated service 'org.freedesktop.systemd1' failed: Process org.freedesktop.systemd1 exited with status 1
[2m2026-10-03T23:07:39.210406Z[0m [33m WARN[0m [2mcua_driver_sdk::runtime[0m[2m:[0m could not activate the persistent AT-SPI listener: AT-SPI connect failed: ZBus Error: MethodError(OwnedErrorName("org.freedesktop.DBus.Error.NameHasNoOwner"), Some("Could not activate remote peer 'org.a11y.atspi.Registry': unit failed"), Msg { type: Error, serial: 4294967295, sender: UniqueName("org.freedesktop.DBus"), reply-serial: 9, body: Str, fds: [] })
[2m2026-10-03T23:07:39.217668Z[0m [33m WARN[0m [2mplatform_linux::overlay[0m[2m:[0m X11 overlay: root reads cannot see this window's own pixels; save-unders will be served without readback confirmation

✨ cua-driver v0.33.1 is available (you have v0.32.0).
   Update with: cua-driver update
   Release notes: https://github.com/trycua/cua/releases/tag/cua-driver-rs-v0.33.1

dbus-daemon[543650]: [session uid=1000 pid=543650 pidfd=4] Activating service name='org.freedesktop.systemd1' requested by ':1.4' (uid=1000 pid=543859 comm="/usr/bin/dbus-broker-launch --config-file=/usr/sha")
dbus-daemon[543650]: [session uid=1000 pid=543650 pidfd=4] Activated service 'org.freedesktop.systemd1' failed: Process org.freedesktop.systemd1 exited with status 1
dbus-daemon[543650]: [session uid=1000 pid=543650 pidfd=4] Activating service name='org.freedesktop.systemd1' requested by ':1.4' (uid=1000 pid=543859 comm="/usr/bin/dbus-broker-launch --config-file=/usr/sha")
dbus-daemon[543650]: [session uid=1000 pid=543650 pidfd=4] Activated service 'org.freedesktop.systemd1' failed: Process org.freedesktop.systemd1 exited with status 1
{"trial": "m-a1-r10-fill-P0", "outcome": "verified", "oracle_exact_match": true, "completion_mutations": 1, "routes": ["compiled"], "loadavg_before": "3.52 2.73 3.18 6/2675 563539"}
dbus-daemon[543650]: [session uid=1000 pid=543650 pidfd=4] Activating service name='org.freedesktop.systemd1' requested by ':1.4' (uid=1000 pid=543859 comm="/usr/bin/dbus-broker-launch --config-file=/usr/sha")
dbus-daemon[543650]: [session uid=1000 pid=543650 pidfd=4] Activated service 'org.freedesktop.systemd1' failed: Process org.freedesktop.systemd1 exited with status 1
[2m2026-10-03T23:07:40.710757Z[0m [33m WARN[0m [2mcua_driver_sdk::runtime[0m[2m:[0m could not activate the persistent AT-SPI listener: AT-SPI connect failed: ZBus Error: MethodError(OwnedErrorName("org.freedesktop.DBus.Error.NameHasNoOwner"), Some("Could not activate remote peer 'org.a11y.atspi.Registry': unit failed"), Msg { type: Error, serial: 4294967295, sender: UniqueName("org.freedesktop.DBus"), reply-serial: 9, body: Str, fds: [] })
[2m2026-10-03T23:07:40.717925Z[0m [33m WARN[0m [2mplatform_linux::overlay[0m[2m:[0m X11 overlay: root reads cannot see this window's own pixels; save-unders will be served without readback confirmation

✨ cua-driver v0.33.1 is available (you have v0.32.0).
   Update with: cua-driver update
   Release notes: https://github.com/trycua/cua/releases/tag/cua-driver-rs-v0.33.1

dbus-daemon[543650]: [session uid=1000 pid=543650 pidfd=4] Activating service name='org.freedesktop.systemd1' requested by ':1.4' (uid=1000 pid=543859 comm="/usr/bin/dbus-broker-launch --config-file=/usr/sha")
dbus-daemon[543650]: [session uid=1000 pid=543650 pidfd=4] Activated service 'org.freedesktop.systemd1' failed: Process org.freedesktop.systemd1 exited with status 1
dbus-daemon[543650]: [session uid=1000 pid=543650 pidfd=4] Activating service name='org.freedesktop.systemd1' requested by ':1.4' (uid=1000 pid=543859 comm="/usr/bin/dbus-broker-launch --config-file=/usr/sha")
dbus-daemon[543650]: [session uid=1000 pid=543650 pidfd=4] Activated service 'org.freedesktop.systemd1' failed: Process org.freedesktop.systemd1 exited with status 1
{"trial": "m-a1-r10-fill-PC", "outcome": "verified", "oracle_exact_match": true, "completion_mutations": 1, "routes": ["compiled"], "loadavg_before": "3.52 2.73 3.18 2/2707 563859"}
dbus-daemon[543650]: [session uid=1000 pid=543650 pidfd=4] Activating service name='org.freedesktop.systemd1' requested by ':1.4' (uid=1000 pid=543859 comm="/usr/bin/dbus-broker-launch --config-file=/usr/sha")
dbus-daemon[543650]: [session uid=1000 pid=543650 pidfd=4] Activated service 'org.freedesktop.systemd1' failed: Process org.freedesktop.systemd1 exited with status 1
[2m2026-10-03T23:07:42.211210Z[0m [33m WARN[0m [2mcua_driver_sdk::runtime[0m[2m:[0m could not activate the persistent AT-SPI listener: AT-SPI connect failed: ZBus Error: MethodError(OwnedErrorName("org.freedesktop.DBus.Error.NameHasNoOwner"), Some("Could not activate remote peer 'org.a11y.atspi.Registry': unit failed"), Msg { type: Error, serial: 4294967295, sender: UniqueName("org.freedesktop.DBus"), reply-serial: 9, body: Str, fds: [] })
[2m2026-10-03T23:07:42.218660Z[0m [33m WARN[0m [2mplatform_linux::overlay[0m[2m:[0m X11 overlay: root reads cannot see this window's own pixels; save-unders will be served without readback confirmation

✨ cua-driver v0.33.1 is available (you have v0.32.0).
   Update with: cua-driver update
   Release notes: https://github.com/trycua/cua/releases/tag/cua-driver-rs-v0.33.1

dbus-daemon[543650]: [session uid=1000 pid=543650 pidfd=4] Activating service name='org.freedesktop.systemd1' requested by ':1.4' (uid=1000 pid=543859 comm="/usr/bin/dbus-broker-launch --config-file=/usr/sha")
dbus-daemon[543650]: [session uid=1000 pid=543650 pidfd=4] Activated service 'org.freedesktop.systemd1' failed: Process org.freedesktop.systemd1 exited with status 1
dbus-daemon[543650]: [session uid=1000 pid=543650 pidfd=4] Activating service name='org.freedesktop.systemd1' requested by ':1.4' (uid=1000 pid=543859 comm="/usr/bin/dbus-broker-launch --config-file=/usr/sha")
dbus-daemon[543650]: [session uid=1000 pid=543650 pidfd=4] Activated service 'org.freedesktop.systemd1' failed: Process org.freedesktop.systemd1 exited with status 1
{"trial": "m-a1-r10-fill-P1", "outcome": "verified", "oracle_exact_match": true, "completion_mutations": 1, "routes": ["compiled"], "loadavg_before": "3.56 2.75 3.19 2/2708 564141"}
dbus-daemon[543650]: [session uid=1000 pid=543650 pidfd=4] Activating service name='org.freedesktop.systemd1' requested by ':1.4' (uid=1000 pid=543859 comm="/usr/bin/dbus-broker-launch --config-file=/usr/sha")
dbus-daemon[543650]: [session uid=1000 pid=543650 pidfd=4] Activated service 'org.freedesktop.systemd1' failed: Process org.freedesktop.systemd1 exited with status 1
[2m2026-10-03T23:07:43.711745Z[0m [33m WARN[0m [2mcua_driver_sdk::runtime[0m[2m:[0m could not activate the persistent AT-SPI listener: AT-SPI connect failed: ZBus Error: MethodError(OwnedErrorName("org.freedesktop.DBus.Error.NameHasNoOwner"), Some("Could not activate remote peer 'org.a11y.atspi.Registry': unit failed"), Msg { type: Error, serial: 4294967295, sender: UniqueName("org.freedesktop.DBus"), reply-serial: 9, body: Str, fds: [] })
[2m2026-10-03T23:07:43.719197Z[0m [33m WARN[0m [2mplatform_linux::overlay[0m[2m:[0m X11 overlay: root reads cannot see this window's own pixels; save-unders will be served without readback confirmation

✨ cua-driver v0.33.1 is available (you have v0.32.0).
   Update with: cua-driver update
   Release notes: https://github.com/trycua/cua/releases/tag/cua-driver-rs-v0.33.1

dbus-daemon[543650]: [session uid=1000 pid=543650 pidfd=4] Activating service name='org.freedesktop.systemd1' requested by ':1.4' (uid=1000 pid=543859 comm="/usr/bin/dbus-broker-launch --config-file=/usr/sha")
dbus-daemon[543650]: [session uid=1000 pid=543650 pidfd=4] Activated service 'org.freedesktop.systemd1' failed: Process org.freedesktop.systemd1 exited with status 1
dbus-daemon[543650]: [session uid=1000 pid=543650 pidfd=4] Activating service name='org.freedesktop.systemd1' requested by ':1.4' (uid=1000 pid=543859 comm="/usr/bin/dbus-broker-launch --config-file=/usr/sha")
dbus-daemon[543650]: [session uid=1000 pid=543650 pidfd=4] Activated service 'org.freedesktop.systemd1' failed: Process org.freedesktop.systemd1 exited with status 1
{"trial": "m-a1-r10-fill-BASE", "outcome": "verified", "oracle_exact_match": true, "completion_mutations": 1, "routes": ["provider", "provider"], "loadavg_before": "3.56 2.75 3.19 1/2708 564441"}
dbus-daemon[543650]: [session uid=1000 pid=543650 pidfd=4] Activating service name='org.freedesktop.systemd1' requested by ':1.4' (uid=1000 pid=543859 comm="/usr/bin/dbus-broker-launch --config-file=/usr/sha")
dbus-daemon[543650]: [session uid=1000 pid=543650 pidfd=4] Activated service 'org.freedesktop.systemd1' failed: Process org.freedesktop.systemd1 exited with status 1
[2m2026-10-03T23:07:48.212943Z[0m [33m WARN[0m [2mcua_driver_sdk::runtime[0m[2m:[0m could not activate the persistent AT-SPI listener: AT-SPI connect failed: ZBus Error: MethodError(OwnedErrorName("org.freedesktop.DBus.Error.NameHasNoOwner"), Some("Could not activate remote peer 'org.a11y.atspi.Registry': unit failed"), Msg { type: Error, serial: 4294967295, sender: UniqueName("org.freedesktop.DBus"), reply-serial: 9, body: Str, fds: [] })
[2m2026-10-03T23:07:48.220079Z[0m [33m WARN[0m [2mplatform_linux::overlay[0m[2m:[0m X11 overlay: root reads cannot see this window's own pixels; save-unders will be served without readback confirmation

✨ cua-driver v0.33.1 is available (you have v0.32.0).
   Update with: cua-driver update
   Release notes: https://github.com/trycua/cua/releases/tag/cua-driver-rs-v0.33.1

dbus-daemon[543650]: [session uid=1000 pid=543650 pidfd=4] Activating service name='org.freedesktop.systemd1' requested by ':1.4' (uid=1000 pid=543859 comm="/usr/bin/dbus-broker-launch --config-file=/usr/sha")
dbus-daemon[543650]: [session uid=1000 pid=543650 pidfd=4] Activated service 'org.freedesktop.systemd1' failed: Process org.freedesktop.systemd1 exited with status 1
dbus-daemon[543650]: [session uid=1000 pid=543650 pidfd=4] Activating service name='org.freedesktop.systemd1' requested by ':1.4' (uid=1000 pid=543859 comm="/usr/bin/dbus-broker-launch --config-file=/usr/sha")
dbus-daemon[543650]: [session uid=1000 pid=543650 pidfd=4] Activated service 'org.freedesktop.systemd1' failed: Process org.freedesktop.systemd1 exited with status 1
{"trial": "m-a1-r10-fill-P10b", "outcome": "verified", "oracle_exact_match": true, "completion_mutations": 1, "routes": ["compiled"], "loadavg_before": "3.44 2.73 3.18 2/2714 564844"}
dbus-daemon[543650]: [session uid=1000 pid=543650 pidfd=4] Activating service name='org.freedesktop.systemd1' requested by ':1.4' (uid=1000 pid=543859 comm="/usr/bin/dbus-broker-launch --config-file=/usr/sha")
dbus-daemon[543650]: [session uid=1000 pid=543650 pidfd=4] Activated service 'org.freedesktop.systemd1' failed: Process org.freedesktop.systemd1 exited with status 1
[2m2026-10-03T23:07:49.713271Z[0m [33m WARN[0m [2mcua_driver_sdk::runtime[0m[2m:[0m could not activate the persistent AT-SPI listener: AT-SPI connect failed: ZBus Error: MethodError(OwnedErrorName("org.freedesktop.DBus.Error.NameHasNoOwner"), Some("Could not activate remote peer 'org.a11y.atspi.Registry': unit failed"), Msg { type: Error, serial: 4294967295, sender: UniqueName("org.freedesktop.DBus"), reply-serial: 9, body: Str, fds: [] })
[2m2026-10-03T23:07:49.720550Z[0m [33m WARN[0m [2mplatform_linux::overlay[0m[2m:[0m X11 overlay: root reads cannot see this window's own pixels; save-unders will be served without readback confirmation

✨ cua-driver v0.33.1 is available (you have v0.32.0).
   Update with: cua-driver update
   Release notes: https://github.com/trycua/cua/releases/tag/cua-driver-rs-v0.33.1

dbus-daemon[543650]: [session uid=1000 pid=543650 pidfd=4] Activating service name='org.freedesktop.systemd1' requested by ':1.4' (uid=1000 pid=543859 comm="/usr/bin/dbus-broker-launch --config-file=/usr/sha")
dbus-daemon[543650]: [session uid=1000 pid=543650 pidfd=4] Activated service 'org.freedesktop.systemd1' failed: Process org.freedesktop.systemd1 exited with status 1
dbus-daemon[543650]: [session uid=1000 pid=543650 pidfd=4] Activating service name='org.freedesktop.systemd1' requested by ':1.4' (uid=1000 pid=543859 comm="/usr/bin/dbus-broker-launch --config-file=/usr/sha")
dbus-daemon[543650]: [session uid=1000 pid=543650 pidfd=4] Activated service 'org.freedesktop.systemd1' failed: Process org.freedesktop.systemd1 exited with status 1
{"trial": "m-a1-r10-fill-P10a", "outcome": "verified", "oracle_exact_match": true, "completion_mutations": 1, "routes": ["compiled"], "loadavg_before": "3.44 2.73 3.18 4/2700 565132"}
dbus-daemon[543650]: [session uid=1000 pid=543650 pidfd=4] Activating service name='org.freedesktop.systemd1' requested by ':1.4' (uid=1000 pid=543859 comm="/usr/bin/dbus-broker-launch --config-file=/usr/sha")
dbus-daemon[543650]: [session uid=1000 pid=543650 pidfd=4] Activated service 'org.freedesktop.systemd1' failed: Process org.freedesktop.systemd1 exited with status 1
[2m2026-10-03T23:07:51.214832Z[0m [33m WARN[0m [2mcua_driver_sdk::runtime[0m[2m:[0m could not activate the persistent AT-SPI listener: AT-SPI connect failed: ZBus Error: MethodError(OwnedErrorName("org.freedesktop.DBus.Error.NameHasNoOwner"), Some("Could not activate remote peer 'org.a11y.atspi.Registry': unit failed"), Msg { type: Error, serial: 4294967295, sender: UniqueName("org.freedesktop.DBus"), reply-serial: 9, body: Str, fds: [] })
[2m2026-10-03T23:07:51.222105Z[0m [33m WARN[0m [2mplatform_linux::overlay[0m[2m:[0m X11 overlay: root reads cannot see this window's own pixels; save-unders will be served without readback confirmation

✨ cua-driver v0.33.1 is available (you have v0.32.0).
   Update with: cua-driver update
   Release notes: https://github.com/trycua/cua/releases/tag/cua-driver-rs-v0.33.1

dbus-daemon[543650]: [session uid=1000 pid=543650 pidfd=4] Activating service name='org.freedesktop.systemd1' requested by ':1.4' (uid=1000 pid=543859 comm="/usr/bin/dbus-broker-launch --config-file=/usr/sha")
dbus-daemon[543650]: [session uid=1000 pid=543650 pidfd=4] Activated service 'org.freedesktop.systemd1' failed: Process org.freedesktop.systemd1 exited with status 1
dbus-daemon[543650]: [session uid=1000 pid=543650 pidfd=4] Activating service name='org.freedesktop.systemd1' requested by ':1.4' (uid=1000 pid=543859 comm="/usr/bin/dbus-broker-launch --config-file=/usr/sha")
dbus-daemon[543650]: [session uid=1000 pid=543650 pidfd=4] Activated service 'org.freedesktop.systemd1' failed: Process org.freedesktop.systemd1 exited with status 1
{"trial": "m-a1-r11-fill-PC", "outcome": "verified", "oracle_exact_match": true, "completion_mutations": 1, "routes": ["compiled"], "loadavg_before": "3.32 2.72 3.17 2/2677 565408"}
dbus-daemon[543650]: [session uid=1000 pid=543650 pidfd=4] Activating service name='org.freedesktop.systemd1' requested by ':1.4' (uid=1000 pid=543859 comm="/usr/bin/dbus-broker-launch --config-file=/usr/sha")
dbus-daemon[543650]: [session uid=1000 pid=543650 pidfd=4] Activated service 'org.freedesktop.systemd1' failed: Process org.freedesktop.systemd1 exited with status 1
[2m2026-10-03T23:07:52.715656Z[0m [33m WARN[0m [2mcua_driver_sdk::runtime[0m[2m:[0m could not activate the persistent AT-SPI listener: AT-SPI connect failed: ZBus Error: MethodError(OwnedErrorName("org.freedesktop.DBus.Error.NameHasNoOwner"), Some("Could not activate remote peer 'org.a11y.atspi.Registry': unit failed"), Msg { type: Error, serial: 4294967295, sender: UniqueName("org.freedesktop.DBus"), reply-serial: 9, body: Str, fds: [] })
[2m2026-10-03T23:07:52.723050Z[0m [33m WARN[0m [2mplatform_linux::overlay[0m[2m:[0m X11 overlay: root reads cannot see this window's own pixels; save-unders will be served without readback confirmation

✨ cua-driver v0.33.1 is available (you have v0.32.0).
   Update with: cua-driver update
   Release notes: https://github.com/trycua/cua/releases/tag/cua-driver-rs-v0.33.1

dbus-daemon[543650]: [session uid=1000 pid=543650 pidfd=4] Activating service name='org.freedesktop.systemd1' requested by ':1.4' (uid=1000 pid=543859 comm="/usr/bin/dbus-broker-launch --config-file=/usr/sha")
dbus-daemon[543650]: [session uid=1000 pid=543650 pidfd=4] Activated service 'org.freedesktop.systemd1' failed: Process org.freedesktop.systemd1 exited with status 1
dbus-daemon[543650]: [session uid=1000 pid=543650 pidfd=4] Activating service name='org.freedesktop.systemd1' requested by ':1.4' (uid=1000 pid=543859 comm="/usr/bin/dbus-broker-launch --config-file=/usr/sha")
dbus-daemon[543650]: [session uid=1000 pid=543650 pidfd=4] Activated service 'org.freedesktop.systemd1' failed: Process org.freedesktop.systemd1 exited with status 1
{"trial": "m-a1-r11-fill-BASE", "outcome": "verified", "oracle_exact_match": true, "completion_mutations": 1, "routes": ["provider", "provider"], "loadavg_before": "3.32 2.72 3.17 4/2697 565755"}
dbus-daemon[543650]: [session uid=1000 pid=543650 pidfd=4] Activating service name='org.freedesktop.systemd1' requested by ':1.4' (uid=1000 pid=543859 comm="/usr/bin/dbus-broker-launch --config-file=/usr/sha")
dbus-daemon[543650]: [session uid=1000 pid=543650 pidfd=4] Activated service 'org.freedesktop.systemd1' failed: Process org.freedesktop.systemd1 exited with status 1
[2m2026-10-03T23:07:57.215845Z[0m [33m WARN[0m [2mcua_driver_sdk::runtime[0m[2m:[0m could not activate the persistent AT-SPI listener: AT-SPI connect failed: ZBus Error: MethodError(OwnedErrorName("org.freedesktop.DBus.Error.NameHasNoOwner"), Some("Could not activate remote peer 'org.a11y.atspi.Registry': unit failed"), Msg { type: Error, serial: 4294967295, sender: UniqueName("org.freedesktop.DBus"), reply-serial: 9, body: Str, fds: [] })
[2m2026-10-03T23:07:57.223327Z[0m [33m WARN[0m [2mplatform_linux::overlay[0m[2m:[0m X11 overlay: root reads cannot see this window's own pixels; save-unders will be served without readback confirmation

✨ cua-driver v0.33.1 is available (you have v0.32.0).
   Update with: cua-driver update
   Release notes: https://github.com/trycua/cua/releases/tag/cua-driver-rs-v0.33.1

dbus-daemon[543650]: [session uid=1000 pid=543650 pidfd=4] Activating service name='org.freedesktop.systemd1' requested by ':1.4' (uid=1000 pid=543859 comm="/usr/bin/dbus-broker-launch --config-file=/usr/sha")
dbus-daemon[543650]: [session uid=1000 pid=543650 pidfd=4] Activated service 'org.freedesktop.systemd1' failed: Process org.freedesktop.systemd1 exited with status 1
dbus-daemon[543650]: [session uid=1000 pid=543650 pidfd=4] Activating service name='org.freedesktop.systemd1' requested by ':1.4' (uid=1000 pid=543859 comm="/usr/bin/dbus-broker-launch --config-file=/usr/sha")
dbus-daemon[543650]: [session uid=1000 pid=543650 pidfd=4] Activated service 'org.freedesktop.systemd1' failed: Process org.freedesktop.systemd1 exited with status 1
{"trial": "m-a1-r11-fill-P0", "outcome": "verified", "oracle_exact_match": true, "completion_mutations": 1, "routes": ["compiled"], "loadavg_before": "3.22 2.71 3.17 2/2671 566156"}
dbus-daemon[543650]: [session uid=1000 pid=543650 pidfd=4] Activating service name='org.freedesktop.systemd1' requested by ':1.4' (uid=1000 pid=543859 comm="/usr/bin/dbus-broker-launch --config-file=/usr/sha")
dbus-daemon[543650]: [session uid=1000 pid=543650 pidfd=4] Activated service 'org.freedesktop.systemd1' failed: Process org.freedesktop.systemd1 exited with status 1
[2m2026-10-03T23:07:58.716640Z[0m [33m WARN[0m [2mcua_driver_sdk::runtime[0m[2m:[0m could not activate the persistent AT-SPI listener: AT-SPI connect failed: ZBus Error: MethodError(OwnedErrorName("org.freedesktop.DBus.Error.NameHasNoOwner"), Some("Could not activate remote peer 'org.a11y.atspi.Registry': unit failed"), Msg { type: Error, serial: 4294967295, sender: UniqueName("org.freedesktop.DBus"), reply-serial: 9, body: Str, fds: [] })
[2m2026-10-03T23:07:58.723968Z[0m [33m WARN[0m [2mplatform_linux::overlay[0m[2m:[0m X11 overlay: root reads cannot see this window's own pixels; save-unders will be served without readback confirmation

✨ cua-driver v0.33.1 is available (you have v0.32.0).
   Update with: cua-driver update
   Release notes: https://github.com/trycua/cua/releases/tag/cua-driver-rs-v0.33.1

dbus-daemon[543650]: [session uid=1000 pid=543650 pidfd=4] Activating service name='org.freedesktop.systemd1' requested by ':1.4' (uid=1000 pid=543859 comm="/usr/bin/dbus-broker-launch --config-file=/usr/sha")
dbus-daemon[543650]: [session uid=1000 pid=543650 pidfd=4] Activated service 'org.freedesktop.systemd1' failed: Process org.freedesktop.systemd1 exited with status 1
dbus-daemon[543650]: [session uid=1000 pid=543650 pidfd=4] Activating service name='org.freedesktop.systemd1' requested by ':1.4' (uid=1000 pid=543859 comm="/usr/bin/dbus-broker-launch --config-file=/usr/sha")
dbus-daemon[543650]: [session uid=1000 pid=543650 pidfd=4] Activated service 'org.freedesktop.systemd1' failed: Process org.freedesktop.systemd1 exited with status 1
{"trial": "m-a1-r11-fill-P10a", "outcome": "verified", "oracle_exact_match": true, "completion_mutations": 1, "routes": ["compiled"], "loadavg_before": "3.22 2.71 3.17 2/2664 566452"}
dbus-daemon[543650]: [session uid=1000 pid=543650 pidfd=4] Activating service name='org.freedesktop.systemd1' requested by ':1.4' (uid=1000 pid=543859 comm="/usr/bin/dbus-broker-launch --config-file=/usr/sha")
dbus-daemon[543650]: [session uid=1000 pid=543650 pidfd=4] Activated service 'org.freedesktop.systemd1' failed: Process org.freedesktop.systemd1 exited with status 1
[2m2026-10-03T23:08:00.217990Z[0m [33m WARN[0m [2mcua_driver_sdk::runtime[0m[2m:[0m could not activate the persistent AT-SPI listener: AT-SPI connect failed: ZBus Error: MethodError(OwnedErrorName("org.freedesktop.DBus.Error.NameHasNoOwner"), Some("Could not activate remote peer 'org.a11y.atspi.Registry': unit failed"), Msg { type: Error, serial: 4294967295, sender: UniqueName("org.freedesktop.DBus"), reply-serial: 9, body: Str, fds: [] })
[2m2026-10-03T23:08:00.224628Z[0m [33m WARN[0m [2mplatform_linux::overlay[0m[2m:[0m X11 overlay: root reads cannot see this window's own pixels; save-unders will be served without readback confirmation

✨ cua-driver v0.33.1 is available (you have v0.32.0).
   Update with: cua-driver update
   Release notes: https://github.com/trycua/cua/releases/tag/cua-driver-rs-v0.33.1

dbus-daemon[543650]: [session uid=1000 pid=543650 pidfd=4] Activating service name='org.freedesktop.systemd1' requested by ':1.4' (uid=1000 pid=543859 comm="/usr/bin/dbus-broker-launch --config-file=/usr/sha")
dbus-daemon[543650]: [session uid=1000 pid=543650 pidfd=4] Activated service 'org.freedesktop.systemd1' failed: Process org.freedesktop.systemd1 exited with status 1
dbus-daemon[543650]: [session uid=1000 pid=543650 pidfd=4] Activating service name='org.freedesktop.systemd1' requested by ':1.4' (uid=1000 pid=543859 comm="/usr/bin/dbus-broker-launch --config-file=/usr/sha")
dbus-daemon[543650]: [session uid=1000 pid=543650 pidfd=4] Activated service 'org.freedesktop.systemd1' failed: Process org.freedesktop.systemd1 exited with status 1
{"trial": "m-a1-r11-fill-P1", "outcome": "verified", "oracle_exact_match": true, "completion_mutations": 1, "routes": ["compiled"], "loadavg_before": "3.22 2.71 3.17 2/2670 566803"}
dbus-daemon[543650]: [session uid=1000 pid=543650 pidfd=4] Activating service name='org.freedesktop.systemd1' requested by ':1.4' (uid=1000 pid=543859 comm="/usr/bin/dbus-broker-launch --config-file=/usr/sha")
dbus-daemon[543650]: [session uid=1000 pid=543650 pidfd=4] Activated service 'org.freedesktop.systemd1' failed: Process org.freedesktop.systemd1 exited with status 1
[2m2026-10-03T23:08:01.718741Z[0m [33m WARN[0m [2mcua_driver_sdk::runtime[0m[2m:[0m could not activate the persistent AT-SPI listener: AT-SPI connect failed: ZBus Error: MethodError(OwnedErrorName("org.freedesktop.DBus.Error.NameHasNoOwner"), Some("Could not activate remote peer 'org.a11y.atspi.Registry': unit failed"), Msg { type: Error, serial: 4294967295, sender: UniqueName("org.freedesktop.DBus"), reply-serial: 9, body: Str, fds: [] })
[2m2026-10-03T23:08:01.726781Z[0m [33m WARN[0m [2mplatform_linux::overlay[0m[2m:[0m X11 overlay: root reads cannot see this window's own pixels; save-unders will be served without readback confirmation

✨ cua-driver v0.33.1 is available (you have v0.32.0).
   Update with: cua-driver update
   Release notes: https://github.com/trycua/cua/releases/tag/cua-driver-rs-v0.33.1

dbus-daemon[543650]: [session uid=1000 pid=543650 pidfd=4] Activating service name='org.freedesktop.systemd1' requested by ':1.4' (uid=1000 pid=543859 comm="/usr/bin/dbus-broker-launch --config-file=/usr/sha")
dbus-daemon[543650]: [session uid=1000 pid=543650 pidfd=4] Activated service 'org.freedesktop.systemd1' failed: Process org.freedesktop.systemd1 exited with status 1
dbus-daemon[543650]: [session uid=1000 pid=543650 pidfd=4] Activating service name='org.freedesktop.systemd1' requested by ':1.4' (uid=1000 pid=543859 comm="/usr/bin/dbus-broker-launch --config-file=/usr/sha")
dbus-daemon[543650]: [session uid=1000 pid=543650 pidfd=4] Activated service 'org.freedesktop.systemd1' failed: Process org.freedesktop.systemd1 exited with status 1
{"trial": "m-a1-r11-fill-P10b", "outcome": "verified", "oracle_exact_match": true, "completion_mutations": 1, "routes": ["compiled"], "loadavg_before": "3.36 2.75 3.18 2/2669 567082"}
[b09] end_utc=2026-10-03T23:08:03.277Z rc=0 loadavg=3.36 2.75 3.18
A connection to the bus can't be made
X connection to :100 broken (explicit kill or server shutdown).
CRITICAL: [dbus_cb_name_lost:1438] Cannot connect to DBus.
[session] exit rc=0 run_dir=<tmp>/x11-session.6ZrziL
[2026-10-03T23:08:03.292Z] chunk b09r-main-a1-r00-11-k1 rc=0 loadavg=3.36 2.75 3.18
