[session] DISPLAY=:99 openbox=3037070 picom=3037071 dbus=unix:path=<systmp>/dbus-X,guid=45482a3fb19e4c911fddfcae6abf578f
[entry] block=ctl-b01 ctl-b02 ctl-b03 ctl-b04 ctl-b05 version=cua-driver 0.32.0 caller_tree=72bf8156136771da9a767ec12ae7c364e426d910
Cua Driver sends content-free product telemetry by default. Run `cua-driver telemetry disable` to stop it; `cua-driver telemetry status` shows the current setting.
dbus-daemon[3037066]: [session uid=1000 pid=3037066 pidfd=5] Activating service name='org.a11y.Bus' requested by ':1.0' (uid=1000 pid=3039631 comm="<lanes>/bin/cua-driver-i1")
dbus-daemon[3037066]: [session uid=1000 pid=3037066 pidfd=5] Successfully activated service 'org.a11y.Bus'
dbus-daemon[3037066]: [session uid=1000 pid=3037066 pidfd=5] Activating service name='ca.desrt.dconf' requested by ':1.1' (uid=1000 pid=3039648 comm="/usr/lib/at-spi-bus-launcher")
dbus-daemon[3037066]: [session uid=1000 pid=3037066 pidfd=5] Successfully activated service 'ca.desrt.dconf'
dbus-daemon[3037066]: [session uid=1000 pid=3037066 pidfd=5] Activating service name='org.freedesktop.systemd1' requested by ':1.4' (uid=1000 pid=3039688 comm="/usr/bin/dbus-broker-launch --config-file=/usr/sha")
dbus-daemon[3037066]: [session uid=1000 pid=3037066 pidfd=5] Activated service 'org.freedesktop.systemd1' failed: Process org.freedesktop.systemd1 exited with status 1
[2m2026-10-02T07:04:50.633168Z[0m [33m WARN[0m [2mcua_driver_sdk::runtime[0m[2m:[0m could not activate the persistent AT-SPI listener: AT-SPI connect failed: ZBus Error: MethodError(OwnedErrorName("org.freedesktop.DBus.Error.NameHasNoOwner"), Some("Could not activate remote peer 'org.a11y.atspi.Registry': unit failed"), Msg { type: Error, serial: 4294967295, sender: UniqueName("org.freedesktop.DBus"), reply-serial: 10, body: Str, fds: [] })
[2m2026-10-02T07:04:50.650139Z[0m [33m WARN[0m [2mplatform_linux::overlay[0m[2m:[0m X11 overlay: root reads cannot see this window's own pixels; save-unders will be served without readback confirmation
dbus-daemon[3037066]: [session uid=1000 pid=3037066 pidfd=5] Activating service name='org.gtk.vfs.Daemon' requested by ':1.5' (uid=1000 pid=3039932 comm="/opt/google/chrome/chrome --remote-debugging-port=")
dbus-daemon[3037066]: [session uid=1000 pid=3037066 pidfd=5] Successfully activated service 'org.gtk.vfs.Daemon'
fusermount3: mount failed: Operation not permitted
dbus-daemon[3037066]: [session uid=1000 pid=3037066 pidfd=5] Activating service name='org.freedesktop.systemd1' requested by ':1.4' (uid=1000 pid=3039688 comm="/usr/bin/dbus-broker-launch --config-file=/usr/sha")
dbus-daemon[3037066]: [session uid=1000 pid=3037066 pidfd=5] Activated service 'org.freedesktop.systemd1' failed: Process org.freedesktop.systemd1 exited with status 1
dbus-daemon[3037066]: [session uid=1000 pid=3037066 pidfd=5] Activating service name='org.freedesktop.systemd1' requested by ':1.4' (uid=1000 pid=3039688 comm="/usr/bin/dbus-broker-launch --config-file=/usr/sha")
dbus-daemon[3037066]: [session uid=1000 pid=3037066 pidfd=5] Activated service 'org.freedesktop.systemd1' failed: Process org.freedesktop.systemd1 exited with status 1
dbus-daemon[3037066]: [session uid=1000 pid=3037066 pidfd=5] Activating service name='org.freedesktop.Notifications' requested by ':1.7' (uid=1000 pid=3039932 comm="/opt/google/chrome/chrome --remote-debugging-port=")
dbus-daemon[3037066]: [session uid=1000 pid=3037066 pidfd=5] Activating service name='org.freedesktop.portal.Desktop' requested by ':1.7' (uid=1000 pid=3039932 comm="/opt/google/chrome/chrome --remote-debugging-port=")
dbus-daemon[3037066]: [session uid=1000 pid=3037066 pidfd=5] Successfully activated service 'org.freedesktop.Notifications'
dbus-daemon[3037066]: [session uid=1000 pid=3037066 pidfd=5] Activating service name='org.freedesktop.impl.portal.PermissionStore' requested by ':1.9' (uid=1000 pid=3040716 comm="/usr/lib/xdg-desktop-portal")
dbus-daemon[3037066]: [session uid=1000 pid=3037066 pidfd=5] Successfully activated service 'org.freedesktop.impl.portal.PermissionStore'
dbus-daemon[3037066]: [session uid=1000 pid=3037066 pidfd=5] Activating service name='org.freedesktop.portal.Documents' requested by ':1.9' (uid=1000 pid=3040716 comm="/usr/lib/xdg-desktop-portal")
dbus-daemon[3037066]: [session uid=1000 pid=3037066 pidfd=5] Successfully activated service 'org.freedesktop.portal.Documents'
fusermount3: mount failed: Operation not permitted
error: fuse init failed: Can't mount path <tmp>/x11-session.<run>/xdg-runtime/doc

(/usr/lib/xdg-desktop-portal:3040716): xdg-desktop-portal-WARNING **: 02:04:51.721: Document portal fuse mount point unknown: GDBus.Error:org.freedesktop.DBus.Error.ServiceUnknown: The name :1.11 was not provided by any .service files

(/usr/lib/xdg-desktop-portal:3040716): xdg-desktop-portal-WARNING **: 02:04:51.722: Choosing gtk.portal for org.freedesktop.impl.portal.Lockdown as a last-resort fallback
dbus-daemon[3037066]: [session uid=1000 pid=3037066 pidfd=5] Activating service name='org.freedesktop.impl.portal.desktop.gtk' requested by ':1.9' (uid=1000 pid=3040716 comm="/usr/lib/xdg-desktop-portal")
dbus-daemon[3037066]: [session uid=1000 pid=3037066 pidfd=5] Activating service name='org.freedesktop.systemd1' requested by ':1.4' (uid=1000 pid=3039688 comm="/usr/bin/dbus-broker-launch --config-file=/usr/sha")
dbus-daemon[3037066]: [session uid=1000 pid=3037066 pidfd=5] Activated service 'org.freedesktop.systemd1' failed: Process org.freedesktop.systemd1 exited with status 1
dbus-daemon[3037066]: [session uid=1000 pid=3037066 pidfd=5] Successfully activated service 'org.freedesktop.impl.portal.desktop.gtk'

** (xdg-desktop-portal-gtk:3040756): WARNING **: 02:04:51.756: AT-SPI: Could not obtain desktop path or name

dbus-daemon[3037066]: [session uid=1000 pid=3037066 pidfd=5] Activating service name='org.freedesktop.systemd1' requested by ':1.4' (uid=1000 pid=3039688 comm="/usr/bin/dbus-broker-launch --config-file=/usr/sha")

(/usr/lib/xdg-desktop-portal:3040716): xdg-desktop-portal-WARNING **: 02:04:51.757: Choosing gtk.portal for org.freedesktop.impl.portal.Access as a last-resort fallback
dbus-daemon[3037066]: [session uid=1000 pid=3037066 pidfd=5] Activated service 'org.freedesktop.systemd1' failed: Process org.freedesktop.systemd1 exited with status 1

** (xdg-desktop-portal-gtk:3040756): WARNING **: 02:04:51.758: atk-bridge: GetRegisteredEvents returned message with unknown signature

** (xdg-desktop-portal-gtk:3040756): WARNING **: 02:04:51.758: atk-bridge: get_device_events_reply: unknown signature

(/usr/lib/xdg-desktop-portal:3040716): xdg-desktop-portal-WARNING **: 02:04:51.774: Choosing gtk.portal for org.freedesktop.impl.portal.Settings as a last-resort fallback

(/usr/lib/xdg-desktop-portal:3040716): xdg-desktop-portal-WARNING **: 02:04:51.774: Choosing gtk.portal for org.freedesktop.impl.portal.FileChooser as a last-resort fallback

(/usr/lib/xdg-desktop-portal:3040716): xdg-desktop-portal-WARNING **: 02:04:51.775: Choosing gtk.portal for org.freedesktop.impl.portal.AppChooser as a last-resort fallback

(/usr/lib/xdg-desktop-portal:3040716): xdg-desktop-portal-WARNING **: 02:04:51.775: Choosing gtk.portal for org.freedesktop.impl.portal.Print as a last-resort fallback

(/usr/lib/xdg-desktop-portal:3040716): xdg-desktop-portal-WARNING **: 02:04:51.776: Choosing gtk.portal for org.freedesktop.impl.portal.Notification as a last-resort fallback

(/usr/lib/xdg-desktop-portal:3040716): xdg-desktop-portal-WARNING **: 02:04:51.777: Choosing gtk.portal for org.freedesktop.impl.portal.Inhibit as a last-resort fallback

(/usr/lib/xdg-desktop-portal:3040716): xdg-desktop-portal-WARNING **: 02:04:51.780: Failed to connect to PipeWire: Couldn't connect to PipeWire

(/usr/lib/xdg-desktop-portal:3040716): xdg-desktop-portal-WARNING **: 02:04:51.780: Choosing gtk.portal for org.freedesktop.impl.portal.Account as a last-resort fallback

(/usr/lib/xdg-desktop-portal:3040716): xdg-desktop-portal-WARNING **: 02:04:51.781: Choosing gtk.portal for org.freedesktop.impl.portal.Email as a last-resort fallback

(/usr/lib/xdg-desktop-portal:3040716): xdg-desktop-portal-WARNING **: 02:04:51.782: Choosing gtk.portal for org.freedesktop.impl.portal.DynamicLauncher as a last-resort fallback
dbus-daemon[3037066]: [session uid=1000 pid=3037066 pidfd=5] Successfully activated service 'org.freedesktop.portal.Desktop'
{"trial": "ctl-b01-000-dc01-A", "outcome": "verified", "poller_first_ok_ns": 229076207708142, "loadavg_before": "14.65 15.09 16.57 13/2391 3039587"}
dbus-daemon[3037066]: [session uid=1000 pid=3037066 pidfd=5] Activating service name='org.freedesktop.systemd1' requested by ':1.4' (uid=1000 pid=3039688 comm="/usr/bin/dbus-broker-launch --config-file=/usr/sha")
dbus-daemon[3037066]: [session uid=1000 pid=3037066 pidfd=5] Activated service 'org.freedesktop.systemd1' failed: Process org.freedesktop.systemd1 exited with status 1
[2m2026-10-02T07:04:52.693413Z[0m [33m WARN[0m [2mcua_driver_sdk::runtime[0m[2m:[0m could not activate the persistent AT-SPI listener: AT-SPI connect failed: ZBus Error: MethodError(OwnedErrorName("org.freedesktop.DBus.Error.NameHasNoOwner"), Some("Could not activate remote peer 'org.a11y.atspi.Registry': unit failed"), Msg { type: Error, serial: 4294967295, sender: UniqueName("org.freedesktop.DBus"), reply-serial: 9, body: Str, fds: [] })
[2m2026-10-02T07:04:52.707156Z[0m [33m WARN[0m [2mplatform_linux::overlay[0m[2m:[0m X11 overlay: root reads cannot see this window's own pixels; save-unders will be served without readback confirmation
dbus-daemon[3037066]: [session uid=1000 pid=3037066 pidfd=5] Activating service name='org.freedesktop.systemd1' requested by ':1.4' (uid=1000 pid=3039688 comm="/usr/bin/dbus-broker-launch --config-file=/usr/sha")
dbus-daemon[3037066]: [session uid=1000 pid=3037066 pidfd=5] Activated service 'org.freedesktop.systemd1' failed: Process org.freedesktop.systemd1 exited with status 1
dbus-daemon[3037066]: [session uid=1000 pid=3037066 pidfd=5] Activating service name='org.freedesktop.systemd1' requested by ':1.4' (uid=1000 pid=3039688 comm="/usr/bin/dbus-broker-launch --config-file=/usr/sha")
dbus-daemon[3037066]: [session uid=1000 pid=3037066 pidfd=5] Activated service 'org.freedesktop.systemd1' failed: Process org.freedesktop.systemd1 exited with status 1
{"trial": "ctl-b01-001-dc01-D", "outcome": "verified", "poller_first_ok_ns": 229077729793258, "loadavg_before": "14.76 15.10 16.57 13/2434 3041592"}
dbus-daemon[3037066]: [session uid=1000 pid=3037066 pidfd=5] Activating service name='org.freedesktop.systemd1' requested by ':1.4' (uid=1000 pid=3039688 comm="/usr/bin/dbus-broker-launch --config-file=/usr/sha")
dbus-daemon[3037066]: [session uid=1000 pid=3037066 pidfd=5] Activated service 'org.freedesktop.systemd1' failed: Process org.freedesktop.systemd1 exited with status 1
[2m2026-10-02T07:04:54.208258Z[0m [33m WARN[0m [2mcua_driver_sdk::runtime[0m[2m:[0m could not activate the persistent AT-SPI listener: AT-SPI connect failed: ZBus Error: MethodError(OwnedErrorName("org.freedesktop.DBus.Error.NameHasNoOwner"), Some("Could not activate remote peer 'org.a11y.atspi.Registry': unit failed"), Msg { type: Error, serial: 4294967295, sender: UniqueName("org.freedesktop.DBus"), reply-serial: 9, body: Str, fds: [] })
[2m2026-10-02T07:04:54.223312Z[0m [33m WARN[0m [2mplatform_linux::overlay[0m[2m:[0m X11 overlay: root reads cannot see this window's own pixels; save-unders will be served without readback confirmation
dbus-daemon[3037066]: [session uid=1000 pid=3037066 pidfd=5] Activating service name='org.freedesktop.systemd1' requested by ':1.4' (uid=1000 pid=3039688 comm="/usr/bin/dbus-broker-launch --config-file=/usr/sha")
dbus-daemon[3037066]: [session uid=1000 pid=3037066 pidfd=5] Activated service 'org.freedesktop.systemd1' failed: Process org.freedesktop.systemd1 exited with status 1
dbus-daemon[3037066]: [session uid=1000 pid=3037066 pidfd=5] Activating service name='org.freedesktop.systemd1' requested by ':1.4' (uid=1000 pid=3039688 comm="/usr/bin/dbus-broker-launch --config-file=/usr/sha")
dbus-daemon[3037066]: [session uid=1000 pid=3037066 pidfd=5] Activated service 'org.freedesktop.systemd1' failed: Process org.freedesktop.systemd1 exited with status 1
{"trial": "ctl-b01-002-dc03-D", "outcome": "budget_exhausted", "poller_first_ok_ns": null, "loadavg_before": "14.76 15.10 16.57 15/2441 3043002"}
dbus-daemon[3037066]: [session uid=1000 pid=3037066 pidfd=5] Activating service name='org.freedesktop.systemd1' requested by ':1.4' (uid=1000 pid=3039688 comm="/usr/bin/dbus-broker-launch --config-file=/usr/sha")
dbus-daemon[3037066]: [session uid=1000 pid=3037066 pidfd=5] Activated service 'org.freedesktop.systemd1' failed: Process org.freedesktop.systemd1 exited with status 1
[2m2026-10-02T07:05:00.307600Z[0m [33m WARN[0m [2mcua_driver_sdk::runtime[0m[2m:[0m could not activate the persistent AT-SPI listener: AT-SPI connect failed: ZBus Error: MethodError(OwnedErrorName("org.freedesktop.DBus.Error.NameHasNoOwner"), Some("Could not activate remote peer 'org.a11y.atspi.Registry': unit failed"), Msg { type: Error, serial: 4294967295, sender: UniqueName("org.freedesktop.DBus"), reply-serial: 9, body: Str, fds: [] })
[2m2026-10-02T07:05:00.330346Z[0m [33m WARN[0m [2mplatform_linux::overlay[0m[2m:[0m X11 overlay: root reads cannot see this window's own pixels; save-unders will be served without readback confirmation
dbus-daemon[3037066]: [session uid=1000 pid=3037066 pidfd=5] Activating service name='org.freedesktop.systemd1' requested by ':1.4' (uid=1000 pid=3039688 comm="/usr/bin/dbus-broker-launch --config-file=/usr/sha")
dbus-daemon[3037066]: [session uid=1000 pid=3037066 pidfd=5] Activated service 'org.freedesktop.systemd1' failed: Process org.freedesktop.systemd1 exited with status 1
dbus-daemon[3037066]: [session uid=1000 pid=3037066 pidfd=5] Activating service name='org.freedesktop.systemd1' requested by ':1.4' (uid=1000 pid=3039688 comm="/usr/bin/dbus-broker-launch --config-file=/usr/sha")
dbus-daemon[3037066]: [session uid=1000 pid=3037066 pidfd=5] Activated service 'org.freedesktop.systemd1' failed: Process org.freedesktop.systemd1 exited with status 1
{"trial": "ctl-b01-003-dc03-A", "outcome": "budget_exhausted", "poller_first_ok_ns": null, "loadavg_before": "14.62 15.07 16.55 13/2437 3047664"}
dbus-daemon[3037066]: [session uid=1000 pid=3037066 pidfd=5] Activating service name='org.freedesktop.systemd1' requested by ':1.4' (uid=1000 pid=3039688 comm="/usr/bin/dbus-broker-launch --config-file=/usr/sha")
dbus-daemon[3037066]: [session uid=1000 pid=3037066 pidfd=5] Activated service 'org.freedesktop.systemd1' failed: Process org.freedesktop.systemd1 exited with status 1
[2m2026-10-02T07:05:06.920317Z[0m [33m WARN[0m [2mcua_driver_sdk::runtime[0m[2m:[0m could not activate the persistent AT-SPI listener: AT-SPI connect failed: ZBus Error: MethodError(OwnedErrorName("org.freedesktop.DBus.Error.NameHasNoOwner"), Some("Could not activate remote peer 'org.a11y.atspi.Registry': unit failed"), Msg { type: Error, serial: 4294967295, sender: UniqueName("org.freedesktop.DBus"), reply-serial: 9, body: Str, fds: [] })
[2m2026-10-02T07:05:06.936690Z[0m [33m WARN[0m [2mplatform_linux::overlay[0m[2m:[0m X11 overlay: root reads cannot see this window's own pixels; save-unders will be served without readback confirmation
dbus-daemon[3037066]: [session uid=1000 pid=3037066 pidfd=5] Activating service name='org.freedesktop.systemd1' requested by ':1.4' (uid=1000 pid=3039688 comm="/usr/bin/dbus-broker-launch --config-file=/usr/sha")
dbus-daemon[3037066]: [session uid=1000 pid=3037066 pidfd=5] Activated service 'org.freedesktop.systemd1' failed: Process org.freedesktop.systemd1 exited with status 1
dbus-daemon[3037066]: [session uid=1000 pid=3037066 pidfd=5] Activating service name='org.freedesktop.systemd1' requested by ':1.4' (uid=1000 pid=3039688 comm="/usr/bin/dbus-broker-launch --config-file=/usr/sha")
dbus-daemon[3037066]: [session uid=1000 pid=3037066 pidfd=5] Activated service 'org.freedesktop.systemd1' failed: Process org.freedesktop.systemd1 exited with status 1
{"trial": "ctl-b01-004-dc04-A", "outcome": "budget_exhausted", "poller_first_ok_ns": null, "loadavg_before": "14.49 15.03 16.53 13/2433 3052765"}
dbus-daemon[3037066]: [session uid=1000 pid=3037066 pidfd=5] Activating service name='org.freedesktop.systemd1' requested by ':1.4' (uid=1000 pid=3039688 comm="/usr/bin/dbus-broker-launch --config-file=/usr/sha")
dbus-daemon[3037066]: [session uid=1000 pid=3037066 pidfd=5] Activated service 'org.freedesktop.systemd1' failed: Process org.freedesktop.systemd1 exited with status 1
[2m2026-10-02T07:05:10.935361Z[0m [33m WARN[0m [2mcua_driver_sdk::runtime[0m[2m:[0m could not activate the persistent AT-SPI listener: AT-SPI connect failed: ZBus Error: MethodError(OwnedErrorName("org.freedesktop.DBus.Error.NameHasNoOwner"), Some("Could not activate remote peer 'org.a11y.atspi.Registry': unit failed"), Msg { type: Error, serial: 4294967295, sender: UniqueName("org.freedesktop.DBus"), reply-serial: 9, body: Str, fds: [] })
[2m2026-10-02T07:05:10.945234Z[0m [33m WARN[0m [2mplatform_linux::overlay[0m[2m:[0m X11 overlay: root reads cannot see this window's own pixels; save-unders will be served without readback confirmation
dbus-daemon[3037066]: [session uid=1000 pid=3037066 pidfd=5] Activating service name='org.freedesktop.systemd1' requested by ':1.4' (uid=1000 pid=3039688 comm="/usr/bin/dbus-broker-launch --config-file=/usr/sha")
dbus-daemon[3037066]: [session uid=1000 pid=3037066 pidfd=5] Activated service 'org.freedesktop.systemd1' failed: Process org.freedesktop.systemd1 exited with status 1
dbus-daemon[3037066]: [session uid=1000 pid=3037066 pidfd=5] Activating service name='org.freedesktop.systemd1' requested by ':1.4' (uid=1000 pid=3039688 comm="/usr/bin/dbus-broker-launch --config-file=/usr/sha")
dbus-daemon[3037066]: [session uid=1000 pid=3037066 pidfd=5] Activated service 'org.freedesktop.systemd1' failed: Process org.freedesktop.systemd1 exited with status 1
{"trial": "ctl-b01-005-dc04-D", "outcome": "budget_exhausted", "poller_first_ok_ns": null, "loadavg_before": "14.61 15.05 16.53 13/2436 3056421"}
dbus-daemon[3037066]: [session uid=1000 pid=3037066 pidfd=5] Activating service name='org.freedesktop.systemd1' requested by ':1.4' (uid=1000 pid=3039688 comm="/usr/bin/dbus-broker-launch --config-file=/usr/sha")
dbus-daemon[3037066]: [session uid=1000 pid=3037066 pidfd=5] Activated service 'org.freedesktop.systemd1' failed: Process org.freedesktop.systemd1 exited with status 1
[2m2026-10-02T07:05:15.385001Z[0m [33m WARN[0m [2mcua_driver_sdk::runtime[0m[2m:[0m could not activate the persistent AT-SPI listener: AT-SPI connect failed: ZBus Error: MethodError(OwnedErrorName("org.freedesktop.DBus.Error.NameHasNoOwner"), Some("Could not activate remote peer 'org.a11y.atspi.Registry': unit failed"), Msg { type: Error, serial: 4294967295, sender: UniqueName("org.freedesktop.DBus"), reply-serial: 9, body: Str, fds: [] })
[2m2026-10-02T07:05:15.409450Z[0m [33m WARN[0m [2mplatform_linux::overlay[0m[2m:[0m X11 overlay: root reads cannot see this window's own pixels; save-unders will be served without readback confirmation
dbus-daemon[3037066]: [session uid=1000 pid=3037066 pidfd=5] Activating service name='org.freedesktop.systemd1' requested by ':1.4' (uid=1000 pid=3039688 comm="/usr/bin/dbus-broker-launch --config-file=/usr/sha")
dbus-daemon[3037066]: [session uid=1000 pid=3037066 pidfd=5] Activated service 'org.freedesktop.systemd1' failed: Process org.freedesktop.systemd1 exited with status 1
dbus-daemon[3037066]: [session uid=1000 pid=3037066 pidfd=5] Activating service name='org.freedesktop.systemd1' requested by ':1.4' (uid=1000 pid=3039688 comm="/usr/bin/dbus-broker-launch --config-file=/usr/sha")
dbus-daemon[3037066]: [session uid=1000 pid=3037066 pidfd=5] Activated service 'org.freedesktop.systemd1' failed: Process org.freedesktop.systemd1 exited with status 1
{"trial": "ctl-b01-006-dc05a-D", "outcome": "verified", "poller_first_ok_ns": 229100638007925, "loadavg_before": "14.48 15.02 16.51 13/2436 3059477"}
dbus-daemon[3037066]: [session uid=1000 pid=3037066 pidfd=5] Activating service name='org.freedesktop.systemd1' requested by ':1.4' (uid=1000 pid=3039688 comm="/usr/bin/dbus-broker-launch --config-file=/usr/sha")
dbus-daemon[3037066]: [session uid=1000 pid=3037066 pidfd=5] Activated service 'org.freedesktop.systemd1' failed: Process org.freedesktop.systemd1 exited with status 1
[2m2026-10-02T07:05:17.156569Z[0m [33m WARN[0m [2mcua_driver_sdk::runtime[0m[2m:[0m could not activate the persistent AT-SPI listener: AT-SPI connect failed: ZBus Error: MethodError(OwnedErrorName("org.freedesktop.DBus.Error.NameHasNoOwner"), Some("Could not activate remote peer 'org.a11y.atspi.Registry': unit failed"), Msg { type: Error, serial: 4294967295, sender: UniqueName("org.freedesktop.DBus"), reply-serial: 9, body: Str, fds: [] })
[2m2026-10-02T07:05:17.177201Z[0m [33m WARN[0m [2mplatform_linux::overlay[0m[2m:[0m X11 overlay: root reads cannot see this window's own pixels; save-unders will be served without readback confirmation
dbus-daemon[3037066]: [session uid=1000 pid=3037066 pidfd=5] Activating service name='org.freedesktop.systemd1' requested by ':1.4' (uid=1000 pid=3039688 comm="/usr/bin/dbus-broker-launch --config-file=/usr/sha")
dbus-daemon[3037066]: [session uid=1000 pid=3037066 pidfd=5] Activated service 'org.freedesktop.systemd1' failed: Process org.freedesktop.systemd1 exited with status 1
dbus-daemon[3037066]: [session uid=1000 pid=3037066 pidfd=5] Activating service name='org.freedesktop.systemd1' requested by ':1.4' (uid=1000 pid=3039688 comm="/usr/bin/dbus-broker-launch --config-file=/usr/sha")
dbus-daemon[3037066]: [session uid=1000 pid=3037066 pidfd=5] Activated service 'org.freedesktop.systemd1' failed: Process org.freedesktop.systemd1 exited with status 1
{"trial": "ctl-b01-007-dc05a-A", "outcome": "verified", "poller_first_ok_ns": 229102475800099, "loadavg_before": "14.44 15.00 16.50 12/2438 3060581"}
dbus-daemon[3037066]: [session uid=1000 pid=3037066 pidfd=5] Activating service name='org.freedesktop.systemd1' requested by ':1.4' (uid=1000 pid=3039688 comm="/usr/bin/dbus-broker-launch --config-file=/usr/sha")
dbus-daemon[3037066]: [session uid=1000 pid=3037066 pidfd=5] Activated service 'org.freedesktop.systemd1' failed: Process org.freedesktop.systemd1 exited with status 1
[2m2026-10-02T07:05:19.004493Z[0m [33m WARN[0m [2mcua_driver_sdk::runtime[0m[2m:[0m could not activate the persistent AT-SPI listener: AT-SPI connect failed: ZBus Error: MethodError(OwnedErrorName("org.freedesktop.DBus.Error.NameHasNoOwner"), Some("Could not activate remote peer 'org.a11y.atspi.Registry': unit failed"), Msg { type: Error, serial: 4294967295, sender: UniqueName("org.freedesktop.DBus"), reply-serial: 9, body: Str, fds: [] })
[2m2026-10-02T07:05:19.030105Z[0m [33m WARN[0m [2mplatform_linux::overlay[0m[2m:[0m X11 overlay: root reads cannot see this window's own pixels; save-unders will be served without readback confirmation
dbus-daemon[3037066]: [session uid=1000 pid=3037066 pidfd=5] Activating service name='org.freedesktop.systemd1' requested by ':1.4' (uid=1000 pid=3039688 comm="/usr/bin/dbus-broker-launch --config-file=/usr/sha")
dbus-daemon[3037066]: [session uid=1000 pid=3037066 pidfd=5] Activated service 'org.freedesktop.systemd1' failed: Process org.freedesktop.systemd1 exited with status 1
dbus-daemon[3037066]: [session uid=1000 pid=3037066 pidfd=5] Activating service name='org.freedesktop.systemd1' requested by ':1.4' (uid=1000 pid=3039688 comm="/usr/bin/dbus-broker-launch --config-file=/usr/sha")
dbus-daemon[3037066]: [session uid=1000 pid=3037066 pidfd=5] Activated service 'org.freedesktop.systemd1' failed: Process org.freedesktop.systemd1 exited with status 1
{"trial": "ctl-b01-008-dc05b-A", "outcome": "verified", "poller_first_ok_ns": 229106338790193, "loadavg_before": "14.44 15.00 16.50 18/2432 3061779"}
dbus-daemon[3037066]: [session uid=1000 pid=3037066 pidfd=5] Activating service name='org.freedesktop.systemd1' requested by ':1.4' (uid=1000 pid=3039688 comm="/usr/bin/dbus-broker-launch --config-file=/usr/sha")
dbus-daemon[3037066]: [session uid=1000 pid=3037066 pidfd=5] Activated service 'org.freedesktop.systemd1' failed: Process org.freedesktop.systemd1 exited with status 1
[2m2026-10-02T07:05:22.878348Z[0m [33m WARN[0m [2mcua_driver_sdk::runtime[0m[2m:[0m could not activate the persistent AT-SPI listener: AT-SPI connect failed: ZBus Error: MethodError(OwnedErrorName("org.freedesktop.DBus.Error.NameHasNoOwner"), Some("Could not activate remote peer 'org.a11y.atspi.Registry': unit failed"), Msg { type: Error, serial: 4294967295, sender: UniqueName("org.freedesktop.DBus"), reply-serial: 9, body: Str, fds: [] })
[2m2026-10-02T07:05:22.900218Z[0m [33m WARN[0m [2mplatform_linux::overlay[0m[2m:[0m X11 overlay: root reads cannot see this window's own pixels; save-unders will be served without readback confirmation
dbus-daemon[3037066]: [session uid=1000 pid=3037066 pidfd=5] Activating service name='org.freedesktop.systemd1' requested by ':1.4' (uid=1000 pid=3039688 comm="/usr/bin/dbus-broker-launch --config-file=/usr/sha")
dbus-daemon[3037066]: [session uid=1000 pid=3037066 pidfd=5] Activated service 'org.freedesktop.systemd1' failed: Process org.freedesktop.systemd1 exited with status 1
dbus-daemon[3037066]: [session uid=1000 pid=3037066 pidfd=5] Activating service name='org.freedesktop.systemd1' requested by ':1.4' (uid=1000 pid=3039688 comm="/usr/bin/dbus-broker-launch --config-file=/usr/sha")
dbus-daemon[3037066]: [session uid=1000 pid=3037066 pidfd=5] Activated service 'org.freedesktop.systemd1' failed: Process org.freedesktop.systemd1 exited with status 1
{"trial": "ctl-b01-009-dc05b-D", "outcome": "verified", "poller_first_ok_ns": 229110263603431, "loadavg_before": "14.25 14.95 16.47 13/2435 3064388"}
dbus-daemon[3037066]: [session uid=1000 pid=3037066 pidfd=5] Activating service name='org.freedesktop.systemd1' requested by ':1.4' (uid=1000 pid=3039688 comm="/usr/bin/dbus-broker-launch --config-file=/usr/sha")
dbus-daemon[3037066]: [session uid=1000 pid=3037066 pidfd=5] Activated service 'org.freedesktop.systemd1' failed: Process org.freedesktop.systemd1 exited with status 1
[2m2026-10-02T07:05:26.805268Z[0m [33m WARN[0m [2mcua_driver_sdk::runtime[0m[2m:[0m could not activate the persistent AT-SPI listener: AT-SPI connect failed: ZBus Error: MethodError(OwnedErrorName("org.freedesktop.DBus.Error.NameHasNoOwner"), Some("Could not activate remote peer 'org.a11y.atspi.Registry': unit failed"), Msg { type: Error, serial: 4294967295, sender: UniqueName("org.freedesktop.DBus"), reply-serial: 9, body: Str, fds: [] })
[2m2026-10-02T07:05:26.828039Z[0m [33m WARN[0m [2mplatform_linux::overlay[0m[2m:[0m X11 overlay: root reads cannot see this window's own pixels; save-unders will be served without readback confirmation
dbus-daemon[3037066]: [session uid=1000 pid=3037066 pidfd=5] Activating service name='org.freedesktop.systemd1' requested by ':1.4' (uid=1000 pid=3039688 comm="/usr/bin/dbus-broker-launch --config-file=/usr/sha")
dbus-daemon[3037066]: [session uid=1000 pid=3037066 pidfd=5] Activated service 'org.freedesktop.systemd1' failed: Process org.freedesktop.systemd1 exited with status 1
dbus-daemon[3037066]: [session uid=1000 pid=3037066 pidfd=5] Activating service name='org.freedesktop.systemd1' requested by ':1.4' (uid=1000 pid=3039688 comm="/usr/bin/dbus-broker-launch --config-file=/usr/sha")
dbus-daemon[3037066]: [session uid=1000 pid=3037066 pidfd=5] Activated service 'org.freedesktop.systemd1' failed: Process org.freedesktop.systemd1 exited with status 1
{"trial": "ctl-b01-010-dc06-D", "outcome": "budget_exhausted", "poller_first_ok_ns": null, "loadavg_before": "14.25 14.95 16.47 12/2435 3067075"}
dbus-daemon[3037066]: [session uid=1000 pid=3037066 pidfd=5] Activating service name='org.freedesktop.systemd1' requested by ':1.4' (uid=1000 pid=3039688 comm="/usr/bin/dbus-broker-launch --config-file=/usr/sha")
dbus-daemon[3037066]: [session uid=1000 pid=3037066 pidfd=5] Activated service 'org.freedesktop.systemd1' failed: Process org.freedesktop.systemd1 exited with status 1
[2m2026-10-02T07:05:33.309928Z[0m [33m WARN[0m [2mcua_driver_sdk::runtime[0m[2m:[0m could not activate the persistent AT-SPI listener: AT-SPI connect failed: ZBus Error: MethodError(OwnedErrorName("org.freedesktop.DBus.Error.NameHasNoOwner"), Some("Could not activate remote peer 'org.a11y.atspi.Registry': unit failed"), Msg { type: Error, serial: 4294967295, sender: UniqueName("org.freedesktop.DBus"), reply-serial: 9, body: Str, fds: [] })
[2m2026-10-02T07:05:33.336399Z[0m [33m WARN[0m [2mplatform_linux::overlay[0m[2m:[0m X11 overlay: root reads cannot see this window's own pixels; save-unders will be served without readback confirmation
dbus-daemon[3037066]: [session uid=1000 pid=3037066 pidfd=5] Activating service name='org.freedesktop.systemd1' requested by ':1.4' (uid=1000 pid=3039688 comm="/usr/bin/dbus-broker-launch --config-file=/usr/sha")
dbus-daemon[3037066]: [session uid=1000 pid=3037066 pidfd=5] Activated service 'org.freedesktop.systemd1' failed: Process org.freedesktop.systemd1 exited with status 1
dbus-daemon[3037066]: [session uid=1000 pid=3037066 pidfd=5] Activating service name='org.freedesktop.systemd1' requested by ':1.4' (uid=1000 pid=3039688 comm="/usr/bin/dbus-broker-launch --config-file=/usr/sha")
dbus-daemon[3037066]: [session uid=1000 pid=3037066 pidfd=5] Activated service 'org.freedesktop.systemd1' failed: Process org.freedesktop.systemd1 exited with status 1
{"trial": "ctl-b01-011-dc06-A", "outcome": "budget_exhausted", "poller_first_ok_ns": null, "loadavg_before": "14.12 14.90 16.44 14/2435 3071363"}
dbus-daemon[3037066]: [session uid=1000 pid=3037066 pidfd=5] Activating service name='org.freedesktop.systemd1' requested by ':1.4' (uid=1000 pid=3039688 comm="/usr/bin/dbus-broker-launch --config-file=/usr/sha")
dbus-daemon[3037066]: [session uid=1000 pid=3037066 pidfd=5] Activated service 'org.freedesktop.systemd1' failed: Process org.freedesktop.systemd1 exited with status 1
[2m2026-10-02T07:05:39.778166Z[0m [33m WARN[0m [2mcua_driver_sdk::runtime[0m[2m:[0m could not activate the persistent AT-SPI listener: AT-SPI connect failed: ZBus Error: MethodError(OwnedErrorName("org.freedesktop.DBus.Error.NameHasNoOwner"), Some("Could not activate remote peer 'org.a11y.atspi.Registry': unit failed"), Msg { type: Error, serial: 4294967295, sender: UniqueName("org.freedesktop.DBus"), reply-serial: 9, body: Str, fds: [] })
[2m2026-10-02T07:05:39.789759Z[0m [33m WARN[0m [2mplatform_linux::overlay[0m[2m:[0m X11 overlay: root reads cannot see this window's own pixels; save-unders will be served without readback confirmation
dbus-daemon[3037066]: [session uid=1000 pid=3037066 pidfd=5] Activating service name='org.freedesktop.systemd1' requested by ':1.4' (uid=1000 pid=3039688 comm="/usr/bin/dbus-broker-launch --config-file=/usr/sha")
dbus-daemon[3037066]: [session uid=1000 pid=3037066 pidfd=5] Activated service 'org.freedesktop.systemd1' failed: Process org.freedesktop.systemd1 exited with status 1
dbus-daemon[3037066]: [session uid=1000 pid=3037066 pidfd=5] Activating service name='org.freedesktop.systemd1' requested by ':1.4' (uid=1000 pid=3039688 comm="/usr/bin/dbus-broker-launch --config-file=/usr/sha")
dbus-daemon[3037066]: [session uid=1000 pid=3037066 pidfd=5] Activated service 'org.freedesktop.systemd1' failed: Process org.freedesktop.systemd1 exited with status 1
{"trial": "ctl-b01-012-dc07-A", "outcome": "verified", "poller_first_ok_ns": 229126852136990, "loadavg_before": "14.03 14.87 16.42 5/2424 3076355"}
dbus-daemon[3037066]: [session uid=1000 pid=3037066 pidfd=5] Activating service name='org.freedesktop.systemd1' requested by ':1.4' (uid=1000 pid=3039688 comm="/usr/bin/dbus-broker-launch --config-file=/usr/sha")
dbus-daemon[3037066]: [session uid=1000 pid=3037066 pidfd=5] Activated service 'org.freedesktop.systemd1' failed: Process org.freedesktop.systemd1 exited with status 1
[2m2026-10-02T07:05:43.353803Z[0m [33m WARN[0m [2mcua_driver_sdk::runtime[0m[2m:[0m could not activate the persistent AT-SPI listener: AT-SPI connect failed: ZBus Error: MethodError(OwnedErrorName("org.freedesktop.DBus.Error.NameHasNoOwner"), Some("Could not activate remote peer 'org.a11y.atspi.Registry': unit failed"), Msg { type: Error, serial: 4294967295, sender: UniqueName("org.freedesktop.DBus"), reply-serial: 9, body: Str, fds: [] })
[2m2026-10-02T07:05:43.367170Z[0m [33m WARN[0m [2mplatform_linux::overlay[0m[2m:[0m X11 overlay: root reads cannot see this window's own pixels; save-unders will be served without readback confirmation
dbus-daemon[3037066]: [session uid=1000 pid=3037066 pidfd=5] Activating service name='org.freedesktop.systemd1' requested by ':1.4' (uid=1000 pid=3039688 comm="/usr/bin/dbus-broker-launch --config-file=/usr/sha")
dbus-daemon[3037066]: [session uid=1000 pid=3037066 pidfd=5] Activated service 'org.freedesktop.systemd1' failed: Process org.freedesktop.systemd1 exited with status 1
dbus-daemon[3037066]: [session uid=1000 pid=3037066 pidfd=5] Activating service name='org.freedesktop.systemd1' requested by ':1.4' (uid=1000 pid=3039688 comm="/usr/bin/dbus-broker-launch --config-file=/usr/sha")
dbus-daemon[3037066]: [session uid=1000 pid=3037066 pidfd=5] Activated service 'org.freedesktop.systemd1' failed: Process org.freedesktop.systemd1 exited with status 1
{"trial": "ctl-b01-013-dc07-D", "outcome": "verified", "poller_first_ok_ns": 229130543711039, "loadavg_before": "13.23 14.69 16.35 14/2447 3080100"}
dbus-daemon[3037066]: [session uid=1000 pid=3037066 pidfd=5] Activating service name='org.freedesktop.systemd1' requested by ':1.4' (uid=1000 pid=3039688 comm="/usr/bin/dbus-broker-launch --config-file=/usr/sha")
dbus-daemon[3037066]: [session uid=1000 pid=3037066 pidfd=5] Activated service 'org.freedesktop.systemd1' failed: Process org.freedesktop.systemd1 exited with status 1
[2m2026-10-02T07:05:47.041853Z[0m [33m WARN[0m [2mcua_driver_sdk::runtime[0m[2m:[0m could not activate the persistent AT-SPI listener: AT-SPI connect failed: ZBus Error: MethodError(OwnedErrorName("org.freedesktop.DBus.Error.NameHasNoOwner"), Some("Could not activate remote peer 'org.a11y.atspi.Registry': unit failed"), Msg { type: Error, serial: 4294967295, sender: UniqueName("org.freedesktop.DBus"), reply-serial: 9, body: Str, fds: [] })
[2m2026-10-02T07:05:47.055937Z[0m [33m WARN[0m [2mplatform_linux::overlay[0m[2m:[0m X11 overlay: root reads cannot see this window's own pixels; save-unders will be served without readback confirmation
dbus-daemon[3037066]: [session uid=1000 pid=3037066 pidfd=5] Activating service name='org.freedesktop.systemd1' requested by ':1.4' (uid=1000 pid=3039688 comm="/usr/bin/dbus-broker-launch --config-file=/usr/sha")
dbus-daemon[3037066]: [session uid=1000 pid=3037066 pidfd=5] Activated service 'org.freedesktop.systemd1' failed: Process org.freedesktop.systemd1 exited with status 1
dbus-daemon[3037066]: [session uid=1000 pid=3037066 pidfd=5] Activating service name='org.freedesktop.systemd1' requested by ':1.4' (uid=1000 pid=3039688 comm="/usr/bin/dbus-broker-launch --config-file=/usr/sha")
dbus-daemon[3037066]: [session uid=1000 pid=3037066 pidfd=5] Activated service 'org.freedesktop.systemd1' failed: Process org.freedesktop.systemd1 exited with status 1
dbus-daemon[3037066]: [session uid=1000 pid=3037066 pidfd=5] Activating service name='org.freedesktop.systemd1' requested by ':1.4' (uid=1000 pid=3039688 comm="/usr/bin/dbus-broker-launch --config-file=/usr/sha")
dbus-daemon[3037066]: [session uid=1000 pid=3037066 pidfd=5] Activated service 'org.freedesktop.systemd1' failed: Process org.freedesktop.systemd1 exited with status 1
[2m2026-10-02T07:05:47.898741Z[0m [33m WARN[0m [2mcua_driver_sdk::runtime[0m[2m:[0m could not activate the persistent AT-SPI listener: AT-SPI connect failed: ZBus Error: MethodError(OwnedErrorName("org.freedesktop.DBus.Error.NameHasNoOwner"), Some("Could not activate remote peer 'org.a11y.atspi.Registry': unit failed"), Msg { type: Error, serial: 4294967295, sender: UniqueName("org.freedesktop.DBus"), reply-serial: 9, body: Str, fds: [] })
[2m2026-10-02T07:05:47.914295Z[0m [33m WARN[0m [2mplatform_linux::overlay[0m[2m:[0m X11 overlay: root reads cannot see this window's own pixels; save-unders will be served without readback confirmation
{"trial": "ctl-b01-014-dc10-D", "outcome": "verified", "poller_first_ok_ns": 229132803920474, "loadavg_before": "13.21 14.66 16.33 12/2440 3083243"}
dbus-daemon[3037066]: [session uid=1000 pid=3037066 pidfd=5] Activating service name='org.freedesktop.systemd1' requested by ':1.4' (uid=1000 pid=3039688 comm="/usr/bin/dbus-broker-launch --config-file=/usr/sha")
dbus-daemon[3037066]: [session uid=1000 pid=3037066 pidfd=5] Activated service 'org.freedesktop.systemd1' failed: Process org.freedesktop.systemd1 exited with status 1
[2m2026-10-02T07:05:49.275376Z[0m [33m WARN[0m [2mcua_driver_sdk::runtime[0m[2m:[0m could not activate the persistent AT-SPI listener: AT-SPI connect failed: ZBus Error: MethodError(OwnedErrorName("org.freedesktop.DBus.Error.NameHasNoOwner"), Some("Could not activate remote peer 'org.a11y.atspi.Registry': unit failed"), Msg { type: Error, serial: 4294967295, sender: UniqueName("org.freedesktop.DBus"), reply-serial: 9, body: Str, fds: [] })
[2m2026-10-02T07:05:49.289060Z[0m [33m WARN[0m [2mplatform_linux::overlay[0m[2m:[0m X11 overlay: root reads cannot see this window's own pixels; save-unders will be served without readback confirmation
dbus-daemon[3037066]: [session uid=1000 pid=3037066 pidfd=5] Activating service name='org.freedesktop.systemd1' requested by ':1.4' (uid=1000 pid=3039688 comm="/usr/bin/dbus-broker-launch --config-file=/usr/sha")
dbus-daemon[3037066]: [session uid=1000 pid=3037066 pidfd=5] Activated service 'org.freedesktop.systemd1' failed: Process org.freedesktop.systemd1 exited with status 1
dbus-daemon[3037066]: [session uid=1000 pid=3037066 pidfd=5] Activating service name='org.freedesktop.systemd1' requested by ':1.4' (uid=1000 pid=3039688 comm="/usr/bin/dbus-broker-launch --config-file=/usr/sha")
dbus-daemon[3037066]: [session uid=1000 pid=3037066 pidfd=5] Activated service 'org.freedesktop.systemd1' failed: Process org.freedesktop.systemd1 exited with status 1
dbus-daemon[3037066]: [session uid=1000 pid=3037066 pidfd=5] Activating service name='org.freedesktop.systemd1' requested by ':1.4' (uid=1000 pid=3039688 comm="/usr/bin/dbus-broker-launch --config-file=/usr/sha")
dbus-daemon[3037066]: [session uid=1000 pid=3037066 pidfd=5] Activated service 'org.freedesktop.systemd1' failed: Process org.freedesktop.systemd1 exited with status 1
[2m2026-10-02T07:05:50.178087Z[0m [33m WARN[0m [2mcua_driver_sdk::runtime[0m[2m:[0m could not activate the persistent AT-SPI listener: AT-SPI connect failed: ZBus Error: MethodError(OwnedErrorName("org.freedesktop.DBus.Error.NameHasNoOwner"), Some("Could not activate remote peer 'org.a11y.atspi.Registry': unit failed"), Msg { type: Error, serial: 4294967295, sender: UniqueName("org.freedesktop.DBus"), reply-serial: 9, body: Str, fds: [] })
[2m2026-10-02T07:05:50.194719Z[0m [33m WARN[0m [2mplatform_linux::overlay[0m[2m:[0m X11 overlay: root reads cannot see this window's own pixels; save-unders will be served without readback confirmation
{"trial": "ctl-b01-015-dc10-A", "outcome": "verified", "poller_first_ok_ns": 229135099970011, "loadavg_before": "13.21 14.66 16.33 22/2440 3085252"}
dbus-daemon[3037066]: [session uid=1000 pid=3037066 pidfd=5] Activating service name='org.freedesktop.systemd1' requested by ':1.4' (uid=1000 pid=3039688 comm="/usr/bin/dbus-broker-launch --config-file=/usr/sha")
dbus-daemon[3037066]: [session uid=1000 pid=3037066 pidfd=5] Activated service 'org.freedesktop.systemd1' failed: Process org.freedesktop.systemd1 exited with status 1
[2m2026-10-02T07:05:51.575235Z[0m [33m WARN[0m [2mcua_driver_sdk::runtime[0m[2m:[0m could not activate the persistent AT-SPI listener: AT-SPI connect failed: ZBus Error: MethodError(OwnedErrorName("org.freedesktop.DBus.Error.NameHasNoOwner"), Some("Could not activate remote peer 'org.a11y.atspi.Registry': unit failed"), Msg { type: Error, serial: 4294967295, sender: UniqueName("org.freedesktop.DBus"), reply-serial: 9, body: Str, fds: [] })
[2m2026-10-02T07:05:51.585809Z[0m [33m WARN[0m [2mplatform_linux::overlay[0m[2m:[0m X11 overlay: root reads cannot see this window's own pixels; save-unders will be served without readback confirmation
dbus-daemon[3037066]: [session uid=1000 pid=3037066 pidfd=5] Activating service name='org.freedesktop.systemd1' requested by ':1.4' (uid=1000 pid=3039688 comm="/usr/bin/dbus-broker-launch --config-file=/usr/sha")
dbus-daemon[3037066]: [session uid=1000 pid=3037066 pidfd=5] Activated service 'org.freedesktop.systemd1' failed: Process org.freedesktop.systemd1 exited with status 1
dbus-daemon[3037066]: [session uid=1000 pid=3037066 pidfd=5] Activating service name='org.freedesktop.systemd1' requested by ':1.4' (uid=1000 pid=3039688 comm="/usr/bin/dbus-broker-launch --config-file=/usr/sha")
dbus-daemon[3037066]: [session uid=1000 pid=3037066 pidfd=5] Activated service 'org.freedesktop.systemd1' failed: Process org.freedesktop.systemd1 exited with status 1
{"trial": "ctl-b01-016-dc12-A", "outcome": "budget_exhausted", "poller_first_ok_ns": null, "loadavg_before": "13.21 14.66 16.33 14/2439 3087357"}
dbus-daemon[3037066]: [session uid=1000 pid=3037066 pidfd=5] Activating service name='org.freedesktop.systemd1' requested by ':1.4' (uid=1000 pid=3039688 comm="/usr/bin/dbus-broker-launch --config-file=/usr/sha")
dbus-daemon[3037066]: [session uid=1000 pid=3037066 pidfd=5] Activated service 'org.freedesktop.systemd1' failed: Process org.freedesktop.systemd1 exited with status 1
[2m2026-10-02T07:05:55.681062Z[0m [33m WARN[0m [2mcua_driver_sdk::runtime[0m[2m:[0m could not activate the persistent AT-SPI listener: AT-SPI connect failed: ZBus Error: MethodError(OwnedErrorName("org.freedesktop.DBus.Error.NameHasNoOwner"), Some("Could not activate remote peer 'org.a11y.atspi.Registry': unit failed"), Msg { type: Error, serial: 4294967295, sender: UniqueName("org.freedesktop.DBus"), reply-serial: 9, body: Str, fds: [] })
[2m2026-10-02T07:05:55.700560Z[0m [33m WARN[0m [2mplatform_linux::overlay[0m[2m:[0m X11 overlay: root reads cannot see this window's own pixels; save-unders will be served without readback confirmation
dbus-daemon[3037066]: [session uid=1000 pid=3037066 pidfd=5] Activating service name='org.freedesktop.systemd1' requested by ':1.4' (uid=1000 pid=3039688 comm="/usr/bin/dbus-broker-launch --config-file=/usr/sha")
dbus-daemon[3037066]: [session uid=1000 pid=3037066 pidfd=5] Activated service 'org.freedesktop.systemd1' failed: Process org.freedesktop.systemd1 exited with status 1
dbus-daemon[3037066]: [session uid=1000 pid=3037066 pidfd=5] Activating service name='org.freedesktop.systemd1' requested by ':1.4' (uid=1000 pid=3039688 comm="/usr/bin/dbus-broker-launch --config-file=/usr/sha")
dbus-daemon[3037066]: [session uid=1000 pid=3037066 pidfd=5] Activated service 'org.freedesktop.systemd1' failed: Process org.freedesktop.systemd1 exited with status 1
{"trial": "ctl-b01-017-dc12-D", "outcome": "budget_exhausted", "poller_first_ok_ns": null, "loadavg_before": "13.43 14.68 16.33 13/2431 3090904"}
dbus-daemon[3037066]: [session uid=1000 pid=3037066 pidfd=5] Activating service name='org.freedesktop.systemd1' requested by ':1.4' (uid=1000 pid=3039688 comm="/usr/bin/dbus-broker-launch --config-file=/usr/sha")
dbus-daemon[3037066]: [session uid=1000 pid=3037066 pidfd=5] Activated service 'org.freedesktop.systemd1' failed: Process org.freedesktop.systemd1 exited with status 1
[2m2026-10-02T07:05:59.817590Z[0m [33m WARN[0m [2mcua_driver_sdk::runtime[0m[2m:[0m could not activate the persistent AT-SPI listener: AT-SPI connect failed: ZBus Error: MethodError(OwnedErrorName("org.freedesktop.DBus.Error.NameHasNoOwner"), Some("Could not activate remote peer 'org.a11y.atspi.Registry': unit failed"), Msg { type: Error, serial: 4294967295, sender: UniqueName("org.freedesktop.DBus"), reply-serial: 9, body: Str, fds: [] })
[2m2026-10-02T07:05:59.827115Z[0m [33m WARN[0m [2mplatform_linux::overlay[0m[2m:[0m X11 overlay: root reads cannot see this window's own pixels; save-unders will be served without readback confirmation
dbus-daemon[3037066]: [session uid=1000 pid=3037066 pidfd=5] Activating service name='org.freedesktop.systemd1' requested by ':1.4' (uid=1000 pid=3039688 comm="/usr/bin/dbus-broker-launch --config-file=/usr/sha")
dbus-daemon[3037066]: [session uid=1000 pid=3037066 pidfd=5] Activated service 'org.freedesktop.systemd1' failed: Process org.freedesktop.systemd1 exited with status 1
dbus-daemon[3037066]: [session uid=1000 pid=3037066 pidfd=5] Activating service name='org.freedesktop.systemd1' requested by ':1.4' (uid=1000 pid=3039688 comm="/usr/bin/dbus-broker-launch --config-file=/usr/sha")
dbus-daemon[3037066]: [session uid=1000 pid=3037066 pidfd=5] Activated service 'org.freedesktop.systemd1' failed: Process org.freedesktop.systemd1 exited with status 1
{"trial": "ctl-b01-018-dc13-D", "outcome": "verified", "poller_first_ok_ns": 229144712699085, "loadavg_before": "13.48 14.67 16.32 14/2433 3094473"}
dbus-daemon[3037066]: [session uid=1000 pid=3037066 pidfd=5] Activating service name='org.freedesktop.systemd1' requested by ':1.4' (uid=1000 pid=3039688 comm="/usr/bin/dbus-broker-launch --config-file=/usr/sha")
dbus-daemon[3037066]: [session uid=1000 pid=3037066 pidfd=5] Activated service 'org.freedesktop.systemd1' failed: Process org.freedesktop.systemd1 exited with status 1
[2m2026-10-02T07:06:01.219029Z[0m [33m WARN[0m [2mcua_driver_sdk::runtime[0m[2m:[0m could not activate the persistent AT-SPI listener: AT-SPI connect failed: ZBus Error: MethodError(OwnedErrorName("org.freedesktop.DBus.Error.NameHasNoOwner"), Some("Could not activate remote peer 'org.a11y.atspi.Registry': unit failed"), Msg { type: Error, serial: 4294967295, sender: UniqueName("org.freedesktop.DBus"), reply-serial: 9, body: Str, fds: [] })
[2m2026-10-02T07:06:01.233139Z[0m [33m WARN[0m [2mplatform_linux::overlay[0m[2m:[0m X11 overlay: root reads cannot see this window's own pixels; save-unders will be served without readback confirmation
dbus-daemon[3037066]: [session uid=1000 pid=3037066 pidfd=5] Activating service name='org.freedesktop.systemd1' requested by ':1.4' (uid=1000 pid=3039688 comm="/usr/bin/dbus-broker-launch --config-file=/usr/sha")
dbus-daemon[3037066]: [session uid=1000 pid=3037066 pidfd=5] Activated service 'org.freedesktop.systemd1' failed: Process org.freedesktop.systemd1 exited with status 1
dbus-daemon[3037066]: [session uid=1000 pid=3037066 pidfd=5] Activating service name='org.freedesktop.systemd1' requested by ':1.4' (uid=1000 pid=3039688 comm="/usr/bin/dbus-broker-launch --config-file=/usr/sha")
dbus-daemon[3037066]: [session uid=1000 pid=3037066 pidfd=5] Activated service 'org.freedesktop.systemd1' failed: Process org.freedesktop.systemd1 exited with status 1
{"trial": "ctl-b01-019-dc13-A", "outcome": "verified", "poller_first_ok_ns": 229146115068273, "loadavg_before": "13.48 14.67 16.32 12/2433 3095803"}
dbus-daemon[3037066]: [session uid=1000 pid=3037066 pidfd=5] Activating service name='org.freedesktop.systemd1' requested by ':1.4' (uid=1000 pid=3039688 comm="/usr/bin/dbus-broker-launch --config-file=/usr/sha")
dbus-daemon[3037066]: [session uid=1000 pid=3037066 pidfd=5] Activated service 'org.freedesktop.systemd1' failed: Process org.freedesktop.systemd1 exited with status 1
[2m2026-10-02T07:06:02.681740Z[0m [33m WARN[0m [2mcua_driver_sdk::runtime[0m[2m:[0m could not activate the persistent AT-SPI listener: AT-SPI connect failed: ZBus Error: MethodError(OwnedErrorName("org.freedesktop.DBus.Error.NameHasNoOwner"), Some("Could not activate remote peer 'org.a11y.atspi.Registry': unit failed"), Msg { type: Error, serial: 4294967295, sender: UniqueName("org.freedesktop.DBus"), reply-serial: 9, body: Str, fds: [] })
[2m2026-10-02T07:06:02.695617Z[0m [33m WARN[0m [2mplatform_linux::overlay[0m[2m:[0m X11 overlay: root reads cannot see this window's own pixels; save-unders will be served without readback confirmation
dbus-daemon[3037066]: [session uid=1000 pid=3037066 pidfd=5] Activating service name='org.freedesktop.systemd1' requested by ':1.4' (uid=1000 pid=3039688 comm="/usr/bin/dbus-broker-launch --config-file=/usr/sha")
dbus-daemon[3037066]: [session uid=1000 pid=3037066 pidfd=5] Activated service 'org.freedesktop.systemd1' failed: Process org.freedesktop.systemd1 exited with status 1
dbus-daemon[3037066]: [session uid=1000 pid=3037066 pidfd=5] Activating service name='org.freedesktop.systemd1' requested by ':1.4' (uid=1000 pid=3039688 comm="/usr/bin/dbus-broker-launch --config-file=/usr/sha")
dbus-daemon[3037066]: [session uid=1000 pid=3037066 pidfd=5] Activated service 'org.freedesktop.systemd1' failed: Process org.freedesktop.systemd1 exited with status 1
{"trial": "ctl-b02-000-dc14a-A", "outcome": "budget_exhausted", "poller_first_ok_ns": null, "loadavg_before": "13.36 14.63 16.30 15/2432 3097159"}
dbus-daemon[3037066]: [session uid=1000 pid=3037066 pidfd=5] Activating service name='org.freedesktop.systemd1' requested by ':1.4' (uid=1000 pid=3039688 comm="/usr/bin/dbus-broker-launch --config-file=/usr/sha")
dbus-daemon[3037066]: [session uid=1000 pid=3037066 pidfd=5] Activated service 'org.freedesktop.systemd1' failed: Process org.freedesktop.systemd1 exited with status 1
[2m2026-10-02T07:06:06.785400Z[0m [33m WARN[0m [2mcua_driver_sdk::runtime[0m[2m:[0m could not activate the persistent AT-SPI listener: AT-SPI connect failed: ZBus Error: MethodError(OwnedErrorName("org.freedesktop.DBus.Error.NameHasNoOwner"), Some("Could not activate remote peer 'org.a11y.atspi.Registry': unit failed"), Msg { type: Error, serial: 4294967295, sender: UniqueName("org.freedesktop.DBus"), reply-serial: 9, body: Str, fds: [] })
[2m2026-10-02T07:06:06.799785Z[0m [33m WARN[0m [2mplatform_linux::overlay[0m[2m:[0m X11 overlay: root reads cannot see this window's own pixels; save-unders will be served without readback confirmation
dbus-daemon[3037066]: [session uid=1000 pid=3037066 pidfd=5] Activating service name='org.freedesktop.systemd1' requested by ':1.4' (uid=1000 pid=3039688 comm="/usr/bin/dbus-broker-launch --config-file=/usr/sha")
dbus-daemon[3037066]: [session uid=1000 pid=3037066 pidfd=5] Activated service 'org.freedesktop.systemd1' failed: Process org.freedesktop.systemd1 exited with status 1
dbus-daemon[3037066]: [session uid=1000 pid=3037066 pidfd=5] Activating service name='org.freedesktop.systemd1' requested by ':1.4' (uid=1000 pid=3039688 comm="/usr/bin/dbus-broker-launch --config-file=/usr/sha")
dbus-daemon[3037066]: [session uid=1000 pid=3037066 pidfd=5] Activated service 'org.freedesktop.systemd1' failed: Process org.freedesktop.systemd1 exited with status 1
{"trial": "ctl-b02-001-dc14a-D", "outcome": "budget_exhausted", "poller_first_ok_ns": null, "loadavg_before": "13.36 14.63 16.30 15/2433 3100947"}
dbus-daemon[3037066]: [session uid=1000 pid=3037066 pidfd=5] Activating service name='org.freedesktop.systemd1' requested by ':1.4' (uid=1000 pid=3039688 comm="/usr/bin/dbus-broker-launch --config-file=/usr/sha")
dbus-daemon[3037066]: [session uid=1000 pid=3037066 pidfd=5] Activated service 'org.freedesktop.systemd1' failed: Process org.freedesktop.systemd1 exited with status 1
[2m2026-10-02T07:06:10.952811Z[0m [33m WARN[0m [2mcua_driver_sdk::runtime[0m[2m:[0m could not activate the persistent AT-SPI listener: AT-SPI connect failed: ZBus Error: MethodError(OwnedErrorName("org.freedesktop.DBus.Error.NameHasNoOwner"), Some("Could not activate remote peer 'org.a11y.atspi.Registry': unit failed"), Msg { type: Error, serial: 4294967295, sender: UniqueName("org.freedesktop.DBus"), reply-serial: 9, body: Str, fds: [] })
[2m2026-10-02T07:06:10.963741Z[0m [33m WARN[0m [2mplatform_linux::overlay[0m[2m:[0m X11 overlay: root reads cannot see this window's own pixels; save-unders will be served without readback confirmation
dbus-daemon[3037066]: [session uid=1000 pid=3037066 pidfd=5] Activating service name='org.freedesktop.systemd1' requested by ':1.4' (uid=1000 pid=3039688 comm="/usr/bin/dbus-broker-launch --config-file=/usr/sha")
dbus-daemon[3037066]: [session uid=1000 pid=3037066 pidfd=5] Activated service 'org.freedesktop.systemd1' failed: Process org.freedesktop.systemd1 exited with status 1
dbus-daemon[3037066]: [session uid=1000 pid=3037066 pidfd=5] Activating service name='org.freedesktop.systemd1' requested by ':1.4' (uid=1000 pid=3039688 comm="/usr/bin/dbus-broker-launch --config-file=/usr/sha")
dbus-daemon[3037066]: [session uid=1000 pid=3037066 pidfd=5] Activated service 'org.freedesktop.systemd1' failed: Process org.freedesktop.systemd1 exited with status 1
{"trial": "ctl-b02-002-dc14b-D", "outcome": "verified", "poller_first_ok_ns": 229155819176880, "loadavg_before": "13.33 14.60 16.28 14/2440 3104687"}
dbus-daemon[3037066]: [session uid=1000 pid=3037066 pidfd=5] Activating service name='org.freedesktop.systemd1' requested by ':1.4' (uid=1000 pid=3039688 comm="/usr/bin/dbus-broker-launch --config-file=/usr/sha")
dbus-daemon[3037066]: [session uid=1000 pid=3037066 pidfd=5] Activated service 'org.freedesktop.systemd1' failed: Process org.freedesktop.systemd1 exited with status 1
[2m2026-10-02T07:06:12.282385Z[0m [33m WARN[0m [2mcua_driver_sdk::runtime[0m[2m:[0m could not activate the persistent AT-SPI listener: AT-SPI connect failed: ZBus Error: MethodError(OwnedErrorName("org.freedesktop.DBus.Error.NameHasNoOwner"), Some("Could not activate remote peer 'org.a11y.atspi.Registry': unit failed"), Msg { type: Error, serial: 4294967295, sender: UniqueName("org.freedesktop.DBus"), reply-serial: 9, body: Str, fds: [] })
[2m2026-10-02T07:06:12.294366Z[0m [33m WARN[0m [2mplatform_linux::overlay[0m[2m:[0m X11 overlay: root reads cannot see this window's own pixels; save-unders will be served without readback confirmation
dbus-daemon[3037066]: [session uid=1000 pid=3037066 pidfd=5] Activating service name='org.freedesktop.systemd1' requested by ':1.4' (uid=1000 pid=3039688 comm="/usr/bin/dbus-broker-launch --config-file=/usr/sha")
dbus-daemon[3037066]: [session uid=1000 pid=3037066 pidfd=5] Activated service 'org.freedesktop.systemd1' failed: Process org.freedesktop.systemd1 exited with status 1
dbus-daemon[3037066]: [session uid=1000 pid=3037066 pidfd=5] Activating service name='org.freedesktop.systemd1' requested by ':1.4' (uid=1000 pid=3039688 comm="/usr/bin/dbus-broker-launch --config-file=/usr/sha")
dbus-daemon[3037066]: [session uid=1000 pid=3037066 pidfd=5] Activated service 'org.freedesktop.systemd1' failed: Process org.freedesktop.systemd1 exited with status 1
----------------------------------------
Exception occurred during processing of request from ('127.0.0.1', 41750)
Traceback (most recent call last):
  File "<home>/.local/share/uv/python/cpython-3.12.13-linux-x86_64-gnu/lib/python3.12/socketserver.py", line 697, in process_request_thread
    self.finish_request(request, client_address)
  File "<home>/.local/share/uv/python/cpython-3.12.13-linux-x86_64-gnu/lib/python3.12/socketserver.py", line 362, in finish_request
    self.RequestHandlerClass(request, client_address, self)
  File "<home>/.local/share/uv/python/cpython-3.12.13-linux-x86_64-gnu/lib/python3.12/socketserver.py", line 766, in __init__
    self.handle()
  File "<home>/.local/share/uv/python/cpython-3.12.13-linux-x86_64-gnu/lib/python3.12/http/server.py", line 442, in handle
    self.handle_one_request()
  File "<home>/.local/share/uv/python/cpython-3.12.13-linux-x86_64-gnu/lib/python3.12/http/server.py", line 408, in handle_one_request
    self.raw_requestline = self.rfile.readline(65537)
                           ^^^^^^^^^^^^^^^^^^^^^^^^^^
  File "<home>/.local/share/uv/python/cpython-3.12.13-linux-x86_64-gnu/lib/python3.12/socket.py", line 720, in readinto
    return self._sock.recv_into(b)
           ^^^^^^^^^^^^^^^^^^^^^^^
ConnectionResetError: [Errno 104] Connection reset by peer
----------------------------------------
{"trial": "ctl-b02-003-dc14b-A", "outcome": "verified", "poller_first_ok_ns": 229157098794048, "loadavg_before": "13.22 14.56 16.26 13/2439 3105970"}
dbus-daemon[3037066]: [session uid=1000 pid=3037066 pidfd=5] Activating service name='org.freedesktop.systemd1' requested by ':1.4' (uid=1000 pid=3039688 comm="/usr/bin/dbus-broker-launch --config-file=/usr/sha")
dbus-daemon[3037066]: [session uid=1000 pid=3037066 pidfd=5] Activated service 'org.freedesktop.systemd1' failed: Process org.freedesktop.systemd1 exited with status 1
[2m2026-10-02T07:06:13.581013Z[0m [33m WARN[0m [2mcua_driver_sdk::runtime[0m[2m:[0m could not activate the persistent AT-SPI listener: AT-SPI connect failed: ZBus Error: MethodError(OwnedErrorName("org.freedesktop.DBus.Error.NameHasNoOwner"), Some("Could not activate remote peer 'org.a11y.atspi.Registry': unit failed"), Msg { type: Error, serial: 4294967295, sender: UniqueName("org.freedesktop.DBus"), reply-serial: 9, body: Str, fds: [] })
[2m2026-10-02T07:06:13.596189Z[0m [33m WARN[0m [2mplatform_linux::overlay[0m[2m:[0m X11 overlay: root reads cannot see this window's own pixels; save-unders will be served without readback confirmation
dbus-daemon[3037066]: [session uid=1000 pid=3037066 pidfd=5] Activating service name='org.freedesktop.systemd1' requested by ':1.4' (uid=1000 pid=3039688 comm="/usr/bin/dbus-broker-launch --config-file=/usr/sha")
dbus-daemon[3037066]: [session uid=1000 pid=3037066 pidfd=5] Activated service 'org.freedesktop.systemd1' failed: Process org.freedesktop.systemd1 exited with status 1
dbus-daemon[3037066]: [session uid=1000 pid=3037066 pidfd=5] Activating service name='org.freedesktop.systemd1' requested by ':1.4' (uid=1000 pid=3039688 comm="/usr/bin/dbus-broker-launch --config-file=/usr/sha")
dbus-daemon[3037066]: [session uid=1000 pid=3037066 pidfd=5] Activated service 'org.freedesktop.systemd1' failed: Process org.freedesktop.systemd1 exited with status 1
{"trial": "ctl-b02-004-dc15-A", "outcome": "verified", "poller_first_ok_ns": 229158424107320, "loadavg_before": "13.22 14.56 16.26 13/2439 3107220"}
dbus-daemon[3037066]: [session uid=1000 pid=3037066 pidfd=5] Activating service name='org.freedesktop.systemd1' requested by ':1.4' (uid=1000 pid=3039688 comm="/usr/bin/dbus-broker-launch --config-file=/usr/sha")
dbus-daemon[3037066]: [session uid=1000 pid=3037066 pidfd=5] Activated service 'org.freedesktop.systemd1' failed: Process org.freedesktop.systemd1 exited with status 1
[2m2026-10-02T07:06:14.910936Z[0m [33m WARN[0m [2mcua_driver_sdk::runtime[0m[2m:[0m could not activate the persistent AT-SPI listener: AT-SPI connect failed: ZBus Error: MethodError(OwnedErrorName("org.freedesktop.DBus.Error.NameHasNoOwner"), Some("Could not activate remote peer 'org.a11y.atspi.Registry': unit failed"), Msg { type: Error, serial: 4294967295, sender: UniqueName("org.freedesktop.DBus"), reply-serial: 9, body: Str, fds: [] })
[2m2026-10-02T07:06:14.925756Z[0m [33m WARN[0m [2mplatform_linux::overlay[0m[2m:[0m X11 overlay: root reads cannot see this window's own pixels; save-unders will be served without readback confirmation
dbus-daemon[3037066]: [session uid=1000 pid=3037066 pidfd=5] Activating service name='org.freedesktop.systemd1' requested by ':1.4' (uid=1000 pid=3039688 comm="/usr/bin/dbus-broker-launch --config-file=/usr/sha")
dbus-daemon[3037066]: [session uid=1000 pid=3037066 pidfd=5] Activated service 'org.freedesktop.systemd1' failed: Process org.freedesktop.systemd1 exited with status 1
dbus-daemon[3037066]: [session uid=1000 pid=3037066 pidfd=5] Activating service name='org.freedesktop.systemd1' requested by ':1.4' (uid=1000 pid=3039688 comm="/usr/bin/dbus-broker-launch --config-file=/usr/sha")
dbus-daemon[3037066]: [session uid=1000 pid=3037066 pidfd=5] Activated service 'org.freedesktop.systemd1' failed: Process org.freedesktop.systemd1 exited with status 1
{"trial": "ctl-b02-005-dc15-D", "outcome": "verified", "poller_first_ok_ns": 229159870924325, "loadavg_before": "13.22 14.56 16.26 13/2436 3108520"}
dbus-daemon[3037066]: [session uid=1000 pid=3037066 pidfd=5] Activating service name='org.freedesktop.systemd1' requested by ':1.4' (uid=1000 pid=3039688 comm="/usr/bin/dbus-broker-launch --config-file=/usr/sha")
dbus-daemon[3037066]: [session uid=1000 pid=3037066 pidfd=5] Activated service 'org.freedesktop.systemd1' failed: Process org.freedesktop.systemd1 exited with status 1
[2m2026-10-02T07:06:16.352385Z[0m [33m WARN[0m [2mcua_driver_sdk::runtime[0m[2m:[0m could not activate the persistent AT-SPI listener: AT-SPI connect failed: ZBus Error: MethodError(OwnedErrorName("org.freedesktop.DBus.Error.NameHasNoOwner"), Some("Could not activate remote peer 'org.a11y.atspi.Registry': unit failed"), Msg { type: Error, serial: 4294967295, sender: UniqueName("org.freedesktop.DBus"), reply-serial: 9, body: Str, fds: [] })
[2m2026-10-02T07:06:16.364366Z[0m [33m WARN[0m [2mplatform_linux::overlay[0m[2m:[0m X11 overlay: root reads cannot see this window's own pixels; save-unders will be served without readback confirmation
dbus-daemon[3037066]: [session uid=1000 pid=3037066 pidfd=5] Activating service name='org.freedesktop.systemd1' requested by ':1.4' (uid=1000 pid=3039688 comm="/usr/bin/dbus-broker-launch --config-file=/usr/sha")
dbus-daemon[3037066]: [session uid=1000 pid=3037066 pidfd=5] Activated service 'org.freedesktop.systemd1' failed: Process org.freedesktop.systemd1 exited with status 1
dbus-daemon[3037066]: [session uid=1000 pid=3037066 pidfd=5] Activating service name='org.freedesktop.systemd1' requested by ':1.4' (uid=1000 pid=3039688 comm="/usr/bin/dbus-broker-launch --config-file=/usr/sha")
dbus-daemon[3037066]: [session uid=1000 pid=3037066 pidfd=5] Activated service 'org.freedesktop.systemd1' failed: Process org.freedesktop.systemd1 exited with status 1
{"trial": "ctl-b02-006-dc16a-D", "outcome": "budget_exhausted", "poller_first_ok_ns": null, "loadavg_before": "13.22 14.56 16.26 12/2436 3109879"}
dbus-daemon[3037066]: [session uid=1000 pid=3037066 pidfd=5] Activating service name='org.freedesktop.systemd1' requested by ':1.4' (uid=1000 pid=3039688 comm="/usr/bin/dbus-broker-launch --config-file=/usr/sha")
dbus-daemon[3037066]: [session uid=1000 pid=3037066 pidfd=5] Activated service 'org.freedesktop.systemd1' failed: Process org.freedesktop.systemd1 exited with status 1
[2m2026-10-02T07:06:20.406053Z[0m [33m WARN[0m [2mcua_driver_sdk::runtime[0m[2m:[0m could not activate the persistent AT-SPI listener: AT-SPI connect failed: ZBus Error: MethodError(OwnedErrorName("org.freedesktop.DBus.Error.NameHasNoOwner"), Some("Could not activate remote peer 'org.a11y.atspi.Registry': unit failed"), Msg { type: Error, serial: 4294967295, sender: UniqueName("org.freedesktop.DBus"), reply-serial: 9, body: Str, fds: [] })
[2m2026-10-02T07:06:20.422191Z[0m [33m WARN[0m [2mplatform_linux::overlay[0m[2m:[0m X11 overlay: root reads cannot see this window's own pixels; save-unders will be served without readback confirmation
dbus-daemon[3037066]: [session uid=1000 pid=3037066 pidfd=5] Activating service name='org.freedesktop.systemd1' requested by ':1.4' (uid=1000 pid=3039688 comm="/usr/bin/dbus-broker-launch --config-file=/usr/sha")
dbus-daemon[3037066]: [session uid=1000 pid=3037066 pidfd=5] Activated service 'org.freedesktop.systemd1' failed: Process org.freedesktop.systemd1 exited with status 1
dbus-daemon[3037066]: [session uid=1000 pid=3037066 pidfd=5] Activating service name='org.freedesktop.systemd1' requested by ':1.4' (uid=1000 pid=3039688 comm="/usr/bin/dbus-broker-launch --config-file=/usr/sha")
dbus-daemon[3037066]: [session uid=1000 pid=3037066 pidfd=5] Activated service 'org.freedesktop.systemd1' failed: Process org.freedesktop.systemd1 exited with status 1
{"trial": "ctl-b02-007-dc16a-A", "outcome": "budget_exhausted", "poller_first_ok_ns": null, "loadavg_before": "14.09 14.71 16.30 14/2443 3113617"}
dbus-daemon[3037066]: [session uid=1000 pid=3037066 pidfd=5] Activating service name='org.freedesktop.systemd1' requested by ':1.4' (uid=1000 pid=3039688 comm="/usr/bin/dbus-broker-launch --config-file=/usr/sha")
dbus-daemon[3037066]: [session uid=1000 pid=3037066 pidfd=5] Activated service 'org.freedesktop.systemd1' failed: Process org.freedesktop.systemd1 exited with status 1
[2m2026-10-02T07:06:24.483030Z[0m [33m WARN[0m [2mcua_driver_sdk::runtime[0m[2m:[0m could not activate the persistent AT-SPI listener: AT-SPI connect failed: ZBus Error: MethodError(OwnedErrorName("org.freedesktop.DBus.Error.NameHasNoOwner"), Some("Could not activate remote peer 'org.a11y.atspi.Registry': unit failed"), Msg { type: Error, serial: 4294967295, sender: UniqueName("org.freedesktop.DBus"), reply-serial: 9, body: Str, fds: [] })
[2m2026-10-02T07:06:24.493082Z[0m [33m WARN[0m [2mplatform_linux::overlay[0m[2m:[0m X11 overlay: root reads cannot see this window's own pixels; save-unders will be served without readback confirmation
dbus-daemon[3037066]: [session uid=1000 pid=3037066 pidfd=5] Activating service name='org.freedesktop.systemd1' requested by ':1.4' (uid=1000 pid=3039688 comm="/usr/bin/dbus-broker-launch --config-file=/usr/sha")
dbus-daemon[3037066]: [session uid=1000 pid=3037066 pidfd=5] Activated service 'org.freedesktop.systemd1' failed: Process org.freedesktop.systemd1 exited with status 1
dbus-daemon[3037066]: [session uid=1000 pid=3037066 pidfd=5] Activating service name='org.freedesktop.systemd1' requested by ':1.4' (uid=1000 pid=3039688 comm="/usr/bin/dbus-broker-launch --config-file=/usr/sha")
dbus-daemon[3037066]: [session uid=1000 pid=3037066 pidfd=5] Activated service 'org.freedesktop.systemd1' failed: Process org.freedesktop.systemd1 exited with status 1
{"trial": "ctl-b02-008-dc16b-A", "outcome": "budget_exhausted", "poller_first_ok_ns": null, "loadavg_before": "13.92 14.67 16.27 14/2434 3117386"}
dbus-daemon[3037066]: [session uid=1000 pid=3037066 pidfd=5] Activating service name='org.freedesktop.systemd1' requested by ':1.4' (uid=1000 pid=3039688 comm="/usr/bin/dbus-broker-launch --config-file=/usr/sha")
dbus-daemon[3037066]: [session uid=1000 pid=3037066 pidfd=5] Activated service 'org.freedesktop.systemd1' failed: Process org.freedesktop.systemd1 exited with status 1
[2m2026-10-02T07:06:28.788359Z[0m [33m WARN[0m [2mcua_driver_sdk::runtime[0m[2m:[0m could not activate the persistent AT-SPI listener: AT-SPI connect failed: ZBus Error: MethodError(OwnedErrorName("org.freedesktop.DBus.Error.NameHasNoOwner"), Some("Could not activate remote peer 'org.a11y.atspi.Registry': unit failed"), Msg { type: Error, serial: 4294967295, sender: UniqueName("org.freedesktop.DBus"), reply-serial: 9, body: Str, fds: [] })
[2m2026-10-02T07:06:28.804193Z[0m [33m WARN[0m [2mplatform_linux::overlay[0m[2m:[0m X11 overlay: root reads cannot see this window's own pixels; save-unders will be served without readback confirmation
dbus-daemon[3037066]: [session uid=1000 pid=3037066 pidfd=5] Activating service name='org.freedesktop.systemd1' requested by ':1.4' (uid=1000 pid=3039688 comm="/usr/bin/dbus-broker-launch --config-file=/usr/sha")
dbus-daemon[3037066]: [session uid=1000 pid=3037066 pidfd=5] Activated service 'org.freedesktop.systemd1' failed: Process org.freedesktop.systemd1 exited with status 1
dbus-daemon[3037066]: [session uid=1000 pid=3037066 pidfd=5] Activating service name='org.freedesktop.systemd1' requested by ':1.4' (uid=1000 pid=3039688 comm="/usr/bin/dbus-broker-launch --config-file=/usr/sha")
dbus-daemon[3037066]: [session uid=1000 pid=3037066 pidfd=5] Activated service 'org.freedesktop.systemd1' failed: Process org.freedesktop.systemd1 exited with status 1
{"trial": "ctl-b02-009-dc16b-D", "outcome": "budget_exhausted", "poller_first_ok_ns": null, "loadavg_before": "13.93 14.66 16.26 14/2429 3121256"}
dbus-daemon[3037066]: [session uid=1000 pid=3037066 pidfd=5] Activating service name='org.freedesktop.systemd1' requested by ':1.4' (uid=1000 pid=3039688 comm="/usr/bin/dbus-broker-launch --config-file=/usr/sha")
dbus-daemon[3037066]: [session uid=1000 pid=3037066 pidfd=5] Activated service 'org.freedesktop.systemd1' failed: Process org.freedesktop.systemd1 exited with status 1
[2m2026-10-02T07:06:32.808907Z[0m [33m WARN[0m [2mcua_driver_sdk::runtime[0m[2m:[0m could not activate the persistent AT-SPI listener: AT-SPI connect failed: ZBus Error: MethodError(OwnedErrorName("org.freedesktop.DBus.Error.NameHasNoOwner"), Some("Could not activate remote peer 'org.a11y.atspi.Registry': unit failed"), Msg { type: Error, serial: 4294967295, sender: UniqueName("org.freedesktop.DBus"), reply-serial: 9, body: Str, fds: [] })
[2m2026-10-02T07:06:32.821189Z[0m [33m WARN[0m [2mplatform_linux::overlay[0m[2m:[0m X11 overlay: root reads cannot see this window's own pixels; save-unders will be served without readback confirmation
dbus-daemon[3037066]: [session uid=1000 pid=3037066 pidfd=5] Activating service name='org.freedesktop.systemd1' requested by ':1.4' (uid=1000 pid=3039688 comm="/usr/bin/dbus-broker-launch --config-file=/usr/sha")
dbus-daemon[3037066]: [session uid=1000 pid=3037066 pidfd=5] Activated service 'org.freedesktop.systemd1' failed: Process org.freedesktop.systemd1 exited with status 1
dbus-daemon[3037066]: [session uid=1000 pid=3037066 pidfd=5] Activating service name='org.freedesktop.systemd1' requested by ':1.4' (uid=1000 pid=3039688 comm="/usr/bin/dbus-broker-launch --config-file=/usr/sha")
dbus-daemon[3037066]: [session uid=1000 pid=3037066 pidfd=5] Activated service 'org.freedesktop.systemd1' failed: Process org.freedesktop.systemd1 exited with status 1
{"trial": "ctl-b02-010-dc17a-D", "outcome": "verified", "poller_first_ok_ns": 229177859075959, "loadavg_before": "13.77 14.61 16.24 14/2433 3124953"}
dbus-daemon[3037066]: [session uid=1000 pid=3037066 pidfd=5] Activating service name='org.freedesktop.systemd1' requested by ':1.4' (uid=1000 pid=3039688 comm="/usr/bin/dbus-broker-launch --config-file=/usr/sha")
dbus-daemon[3037066]: [session uid=1000 pid=3037066 pidfd=5] Activated service 'org.freedesktop.systemd1' failed: Process org.freedesktop.systemd1 exited with status 1
[2m2026-10-02T07:06:34.339153Z[0m [33m WARN[0m [2mcua_driver_sdk::runtime[0m[2m:[0m could not activate the persistent AT-SPI listener: AT-SPI connect failed: ZBus Error: MethodError(OwnedErrorName("org.freedesktop.DBus.Error.NameHasNoOwner"), Some("Could not activate remote peer 'org.a11y.atspi.Registry': unit failed"), Msg { type: Error, serial: 4294967295, sender: UniqueName("org.freedesktop.DBus"), reply-serial: 9, body: Str, fds: [] })
[2m2026-10-02T07:06:34.355329Z[0m [33m WARN[0m [2mplatform_linux::overlay[0m[2m:[0m X11 overlay: root reads cannot see this window's own pixels; save-unders will be served without readback confirmation
dbus-daemon[3037066]: [session uid=1000 pid=3037066 pidfd=5] Activating service name='org.freedesktop.systemd1' requested by ':1.4' (uid=1000 pid=3039688 comm="/usr/bin/dbus-broker-launch --config-file=/usr/sha")
dbus-daemon[3037066]: [session uid=1000 pid=3037066 pidfd=5] Activated service 'org.freedesktop.systemd1' failed: Process org.freedesktop.systemd1 exited with status 1
dbus-daemon[3037066]: [session uid=1000 pid=3037066 pidfd=5] Activating service name='org.freedesktop.systemd1' requested by ':1.4' (uid=1000 pid=3039688 comm="/usr/bin/dbus-broker-launch --config-file=/usr/sha")
dbus-daemon[3037066]: [session uid=1000 pid=3037066 pidfd=5] Activated service 'org.freedesktop.systemd1' failed: Process org.freedesktop.systemd1 exited with status 1
{"trial": "ctl-b02-011-dc17a-A", "outcome": "verified", "poller_first_ok_ns": 229179445131853, "loadavg_before": "13.77 14.61 16.24 15/2436 3126373"}
dbus-daemon[3037066]: [session uid=1000 pid=3037066 pidfd=5] Activating service name='org.freedesktop.systemd1' requested by ':1.4' (uid=1000 pid=3039688 comm="/usr/bin/dbus-broker-launch --config-file=/usr/sha")
dbus-daemon[3037066]: [session uid=1000 pid=3037066 pidfd=5] Activated service 'org.freedesktop.systemd1' failed: Process org.freedesktop.systemd1 exited with status 1
[2m2026-10-02T07:06:35.951590Z[0m [33m WARN[0m [2mcua_driver_sdk::runtime[0m[2m:[0m could not activate the persistent AT-SPI listener: AT-SPI connect failed: ZBus Error: MethodError(OwnedErrorName("org.freedesktop.DBus.Error.NameHasNoOwner"), Some("Could not activate remote peer 'org.a11y.atspi.Registry': unit failed"), Msg { type: Error, serial: 4294967295, sender: UniqueName("org.freedesktop.DBus"), reply-serial: 9, body: Str, fds: [] })
[2m2026-10-02T07:06:35.969519Z[0m [33m WARN[0m [2mplatform_linux::overlay[0m[2m:[0m X11 overlay: root reads cannot see this window's own pixels; save-unders will be served without readback confirmation
dbus-daemon[3037066]: [session uid=1000 pid=3037066 pidfd=5] Activating service name='org.freedesktop.systemd1' requested by ':1.4' (uid=1000 pid=3039688 comm="/usr/bin/dbus-broker-launch --config-file=/usr/sha")
dbus-daemon[3037066]: [session uid=1000 pid=3037066 pidfd=5] Activated service 'org.freedesktop.systemd1' failed: Process org.freedesktop.systemd1 exited with status 1
dbus-daemon[3037066]: [session uid=1000 pid=3037066 pidfd=5] Activating service name='org.freedesktop.systemd1' requested by ':1.4' (uid=1000 pid=3039688 comm="/usr/bin/dbus-broker-launch --config-file=/usr/sha")
dbus-daemon[3037066]: [session uid=1000 pid=3037066 pidfd=5] Activated service 'org.freedesktop.systemd1' failed: Process org.freedesktop.systemd1 exited with status 1
{"trial": "ctl-b02-012-dc17b-A", "outcome": "budget_exhausted", "poller_first_ok_ns": null, "loadavg_before": "13.77 14.61 16.24 15/2453 3127926"}
dbus-daemon[3037066]: [session uid=1000 pid=3037066 pidfd=5] Activating service name='org.freedesktop.systemd1' requested by ':1.4' (uid=1000 pid=3039688 comm="/usr/bin/dbus-broker-launch --config-file=/usr/sha")
dbus-daemon[3037066]: [session uid=1000 pid=3037066 pidfd=5] Activated service 'org.freedesktop.systemd1' failed: Process org.freedesktop.systemd1 exited with status 1
[2m2026-10-02T07:06:40.027993Z[0m [33m WARN[0m [2mcua_driver_sdk::runtime[0m[2m:[0m could not activate the persistent AT-SPI listener: AT-SPI connect failed: ZBus Error: MethodError(OwnedErrorName("org.freedesktop.DBus.Error.NameHasNoOwner"), Some("Could not activate remote peer 'org.a11y.atspi.Registry': unit failed"), Msg { type: Error, serial: 4294967295, sender: UniqueName("org.freedesktop.DBus"), reply-serial: 9, body: Str, fds: [] })
[2m2026-10-02T07:06:40.047351Z[0m [33m WARN[0m [2mplatform_linux::overlay[0m[2m:[0m X11 overlay: root reads cannot see this window's own pixels; save-unders will be served without readback confirmation
dbus-daemon[3037066]: [session uid=1000 pid=3037066 pidfd=5] Activating service name='org.freedesktop.systemd1' requested by ':1.4' (uid=1000 pid=3039688 comm="/usr/bin/dbus-broker-launch --config-file=/usr/sha")
dbus-daemon[3037066]: [session uid=1000 pid=3037066 pidfd=5] Activated service 'org.freedesktop.systemd1' failed: Process org.freedesktop.systemd1 exited with status 1
dbus-daemon[3037066]: [session uid=1000 pid=3037066 pidfd=5] Activating service name='org.freedesktop.systemd1' requested by ':1.4' (uid=1000 pid=3039688 comm="/usr/bin/dbus-broker-launch --config-file=/usr/sha")
dbus-daemon[3037066]: [session uid=1000 pid=3037066 pidfd=5] Activated service 'org.freedesktop.systemd1' failed: Process org.freedesktop.systemd1 exited with status 1
{"trial": "ctl-b02-013-dc17b-D", "outcome": "budget_exhausted", "poller_first_ok_ns": null, "loadavg_before": "13.95 14.64 16.24 15/2448 3131441"}
dbus-daemon[3037066]: [session uid=1000 pid=3037066 pidfd=5] Activating service name='org.freedesktop.systemd1' requested by ':1.4' (uid=1000 pid=3039688 comm="/usr/bin/dbus-broker-launch --config-file=/usr/sha")
dbus-daemon[3037066]: [session uid=1000 pid=3037066 pidfd=5] Activated service 'org.freedesktop.systemd1' failed: Process org.freedesktop.systemd1 exited with status 1
[2m2026-10-02T07:06:44.214032Z[0m [33m WARN[0m [2mcua_driver_sdk::runtime[0m[2m:[0m could not activate the persistent AT-SPI listener: AT-SPI connect failed: ZBus Error: MethodError(OwnedErrorName("org.freedesktop.DBus.Error.NameHasNoOwner"), Some("Could not activate remote peer 'org.a11y.atspi.Registry': unit failed"), Msg { type: Error, serial: 4294967295, sender: UniqueName("org.freedesktop.DBus"), reply-serial: 9, body: Str, fds: [] })
[2m2026-10-02T07:06:44.231928Z[0m [33m WARN[0m [2mplatform_linux::overlay[0m[2m:[0m X11 overlay: root reads cannot see this window's own pixels; save-unders will be served without readback confirmation
dbus-daemon[3037066]: [session uid=1000 pid=3037066 pidfd=5] Activating service name='org.freedesktop.systemd1' requested by ':1.4' (uid=1000 pid=3039688 comm="/usr/bin/dbus-broker-launch --config-file=/usr/sha")
dbus-daemon[3037066]: [session uid=1000 pid=3037066 pidfd=5] Activated service 'org.freedesktop.systemd1' failed: Process org.freedesktop.systemd1 exited with status 1
dbus-daemon[3037066]: [session uid=1000 pid=3037066 pidfd=5] Activating service name='org.freedesktop.systemd1' requested by ':1.4' (uid=1000 pid=3039688 comm="/usr/bin/dbus-broker-launch --config-file=/usr/sha")
dbus-daemon[3037066]: [session uid=1000 pid=3037066 pidfd=5] Activated service 'org.freedesktop.systemd1' failed: Process org.freedesktop.systemd1 exited with status 1
{"trial": "ctl-b02-014-dc20a-D", "outcome": "unknown", "poller_first_ok_ns": 229189266021535, "loadavg_before": "13.95 14.62 16.22 15/2442 3134497"}
dbus-daemon[3037066]: [session uid=1000 pid=3037066 pidfd=5] Activating service name='org.freedesktop.systemd1' requested by ':1.4' (uid=1000 pid=3039688 comm="/usr/bin/dbus-broker-launch --config-file=/usr/sha")
dbus-daemon[3037066]: [session uid=1000 pid=3037066 pidfd=5] Activated service 'org.freedesktop.systemd1' failed: Process org.freedesktop.systemd1 exited with status 1
[2m2026-10-02T07:06:45.791882Z[0m [33m WARN[0m [2mcua_driver_sdk::runtime[0m[2m:[0m could not activate the persistent AT-SPI listener: AT-SPI connect failed: ZBus Error: MethodError(OwnedErrorName("org.freedesktop.DBus.Error.NameHasNoOwner"), Some("Could not activate remote peer 'org.a11y.atspi.Registry': unit failed"), Msg { type: Error, serial: 4294967295, sender: UniqueName("org.freedesktop.DBus"), reply-serial: 9, body: Str, fds: [] })
[2m2026-10-02T07:06:45.803165Z[0m [33m WARN[0m [2mplatform_linux::overlay[0m[2m:[0m X11 overlay: root reads cannot see this window's own pixels; save-unders will be served without readback confirmation
dbus-daemon[3037066]: [session uid=1000 pid=3037066 pidfd=5] Activating service name='org.freedesktop.systemd1' requested by ':1.4' (uid=1000 pid=3039688 comm="/usr/bin/dbus-broker-launch --config-file=/usr/sha")
dbus-daemon[3037066]: [session uid=1000 pid=3037066 pidfd=5] Activated service 'org.freedesktop.systemd1' failed: Process org.freedesktop.systemd1 exited with status 1
dbus-daemon[3037066]: [session uid=1000 pid=3037066 pidfd=5] Activating service name='org.freedesktop.systemd1' requested by ':1.4' (uid=1000 pid=3039688 comm="/usr/bin/dbus-broker-launch --config-file=/usr/sha")
dbus-daemon[3037066]: [session uid=1000 pid=3037066 pidfd=5] Activated service 'org.freedesktop.systemd1' failed: Process org.freedesktop.systemd1 exited with status 1
{"trial": "ctl-b02-015-dc20a-A", "outcome": "unknown", "poller_first_ok_ns": 229190687051561, "loadavg_before": "13.95 14.62 16.22 13/2444 3135746"}
dbus-daemon[3037066]: [session uid=1000 pid=3037066 pidfd=5] Activating service name='org.freedesktop.systemd1' requested by ':1.4' (uid=1000 pid=3039688 comm="/usr/bin/dbus-broker-launch --config-file=/usr/sha")
dbus-daemon[3037066]: [session uid=1000 pid=3037066 pidfd=5] Activated service 'org.freedesktop.systemd1' failed: Process org.freedesktop.systemd1 exited with status 1
[2m2026-10-02T07:06:47.177496Z[0m [33m WARN[0m [2mcua_driver_sdk::runtime[0m[2m:[0m could not activate the persistent AT-SPI listener: AT-SPI connect failed: ZBus Error: MethodError(OwnedErrorName("org.freedesktop.DBus.Error.NameHasNoOwner"), Some("Could not activate remote peer 'org.a11y.atspi.Registry': unit failed"), Msg { type: Error, serial: 4294967295, sender: UniqueName("org.freedesktop.DBus"), reply-serial: 9, body: Str, fds: [] })
[2m2026-10-02T07:06:47.198475Z[0m [33m WARN[0m [2mplatform_linux::overlay[0m[2m:[0m X11 overlay: root reads cannot see this window's own pixels; save-unders will be served without readback confirmation
dbus-daemon[3037066]: [session uid=1000 pid=3037066 pidfd=5] Activating service name='org.freedesktop.systemd1' requested by ':1.4' (uid=1000 pid=3039688 comm="/usr/bin/dbus-broker-launch --config-file=/usr/sha")
dbus-daemon[3037066]: [session uid=1000 pid=3037066 pidfd=5] Activated service 'org.freedesktop.systemd1' failed: Process org.freedesktop.systemd1 exited with status 1
dbus-daemon[3037066]: [session uid=1000 pid=3037066 pidfd=5] Activating service name='org.freedesktop.systemd1' requested by ':1.4' (uid=1000 pid=3039688 comm="/usr/bin/dbus-broker-launch --config-file=/usr/sha")
dbus-daemon[3037066]: [session uid=1000 pid=3037066 pidfd=5] Activated service 'org.freedesktop.systemd1' failed: Process org.freedesktop.systemd1 exited with status 1
{"trial": "ctl-b02-016-dc20b-A", "outcome": "verified", "poller_first_ok_ns": 229192747278059, "loadavg_before": "13.88 14.60 16.21 13/2444 3137037"}
dbus-daemon[3037066]: [session uid=1000 pid=3037066 pidfd=5] Activating service name='org.freedesktop.systemd1' requested by ':1.4' (uid=1000 pid=3039688 comm="/usr/bin/dbus-broker-launch --config-file=/usr/sha")
dbus-daemon[3037066]: [session uid=1000 pid=3037066 pidfd=5] Activated service 'org.freedesktop.systemd1' failed: Process org.freedesktop.systemd1 exited with status 1
[2m2026-10-02T07:06:49.381168Z[0m [33m WARN[0m [2mcua_driver_sdk::runtime[0m[2m:[0m could not activate the persistent AT-SPI listener: AT-SPI connect failed: ZBus Error: MethodError(OwnedErrorName("org.freedesktop.DBus.Error.NameHasNoOwner"), Some("Could not activate remote peer 'org.a11y.atspi.Registry': unit failed"), Msg { type: Error, serial: 4294967295, sender: UniqueName("org.freedesktop.DBus"), reply-serial: 9, body: Str, fds: [] })
[2m2026-10-02T07:06:49.403063Z[0m [33m WARN[0m [2mplatform_linux::overlay[0m[2m:[0m X11 overlay: root reads cannot see this window's own pixels; save-unders will be served without readback confirmation
dbus-daemon[3037066]: [session uid=1000 pid=3037066 pidfd=5] Activating service name='org.freedesktop.systemd1' requested by ':1.4' (uid=1000 pid=3039688 comm="/usr/bin/dbus-broker-launch --config-file=/usr/sha")
dbus-daemon[3037066]: [session uid=1000 pid=3037066 pidfd=5] Activated service 'org.freedesktop.systemd1' failed: Process org.freedesktop.systemd1 exited with status 1
dbus-daemon[3037066]: [session uid=1000 pid=3037066 pidfd=5] Activating service name='org.freedesktop.systemd1' requested by ':1.4' (uid=1000 pid=3039688 comm="/usr/bin/dbus-broker-launch --config-file=/usr/sha")
dbus-daemon[3037066]: [session uid=1000 pid=3037066 pidfd=5] Activated service 'org.freedesktop.systemd1' failed: Process org.freedesktop.systemd1 exited with status 1
{"trial": "ctl-b02-017-dc20b-D", "outcome": "verified", "poller_first_ok_ns": 229195137522269, "loadavg_before": "13.88 14.60 16.21 14/2436 3138347"}
dbus-daemon[3037066]: [session uid=1000 pid=3037066 pidfd=5] Activating service name='org.freedesktop.systemd1' requested by ':1.4' (uid=1000 pid=3039688 comm="/usr/bin/dbus-broker-launch --config-file=/usr/sha")
dbus-daemon[3037066]: [session uid=1000 pid=3037066 pidfd=5] Activated service 'org.freedesktop.systemd1' failed: Process org.freedesktop.systemd1 exited with status 1
[2m2026-10-02T07:06:51.736565Z[0m [33m WARN[0m [2mcua_driver_sdk::runtime[0m[2m:[0m could not activate the persistent AT-SPI listener: AT-SPI connect failed: ZBus Error: MethodError(OwnedErrorName("org.freedesktop.DBus.Error.NameHasNoOwner"), Some("Could not activate remote peer 'org.a11y.atspi.Registry': unit failed"), Msg { type: Error, serial: 4294967295, sender: UniqueName("org.freedesktop.DBus"), reply-serial: 9, body: Str, fds: [] })
[2m2026-10-02T07:06:51.761846Z[0m [33m WARN[0m [2mplatform_linux::overlay[0m[2m:[0m X11 overlay: root reads cannot see this window's own pixels; save-unders will be served without readback confirmation
dbus-daemon[3037066]: [session uid=1000 pid=3037066 pidfd=5] Activating service name='org.freedesktop.systemd1' requested by ':1.4' (uid=1000 pid=3039688 comm="/usr/bin/dbus-broker-launch --config-file=/usr/sha")
dbus-daemon[3037066]: [session uid=1000 pid=3037066 pidfd=5] Activated service 'org.freedesktop.systemd1' failed: Process org.freedesktop.systemd1 exited with status 1
dbus-daemon[3037066]: [session uid=1000 pid=3037066 pidfd=5] Activating service name='org.freedesktop.systemd1' requested by ':1.4' (uid=1000 pid=3039688 comm="/usr/bin/dbus-broker-launch --config-file=/usr/sha")
dbus-daemon[3037066]: [session uid=1000 pid=3037066 pidfd=5] Activated service 'org.freedesktop.systemd1' failed: Process org.freedesktop.systemd1 exited with status 1
{"trial": "ctl-b02-018-dc05b-D", "outcome": "verified", "poller_first_ok_ns": 229199278656056, "loadavg_before": "13.88 14.60 16.21 16/2435 3139624"}
dbus-daemon[3037066]: [session uid=1000 pid=3037066 pidfd=5] Activating service name='org.freedesktop.systemd1' requested by ':1.4' (uid=1000 pid=3039688 comm="/usr/bin/dbus-broker-launch --config-file=/usr/sha")
dbus-daemon[3037066]: [session uid=1000 pid=3037066 pidfd=5] Activated service 'org.freedesktop.systemd1' failed: Process org.freedesktop.systemd1 exited with status 1
[2m2026-10-02T07:06:55.750577Z[0m [33m WARN[0m [2mcua_driver_sdk::runtime[0m[2m:[0m could not activate the persistent AT-SPI listener: AT-SPI connect failed: ZBus Error: MethodError(OwnedErrorName("org.freedesktop.DBus.Error.NameHasNoOwner"), Some("Could not activate remote peer 'org.a11y.atspi.Registry': unit failed"), Msg { type: Error, serial: 4294967295, sender: UniqueName("org.freedesktop.DBus"), reply-serial: 9, body: Str, fds: [] })
[2m2026-10-02T07:06:55.768153Z[0m [33m WARN[0m [2mplatform_linux::overlay[0m[2m:[0m X11 overlay: root reads cannot see this window's own pixels; save-unders will be served without readback confirmation
dbus-daemon[3037066]: [session uid=1000 pid=3037066 pidfd=5] Activating service name='org.freedesktop.systemd1' requested by ':1.4' (uid=1000 pid=3039688 comm="/usr/bin/dbus-broker-launch --config-file=/usr/sha")
dbus-daemon[3037066]: [session uid=1000 pid=3037066 pidfd=5] Activated service 'org.freedesktop.systemd1' failed: Process org.freedesktop.systemd1 exited with status 1
dbus-daemon[3037066]: [session uid=1000 pid=3037066 pidfd=5] Activating service name='org.freedesktop.systemd1' requested by ':1.4' (uid=1000 pid=3039688 comm="/usr/bin/dbus-broker-launch --config-file=/usr/sha")
dbus-daemon[3037066]: [session uid=1000 pid=3037066 pidfd=5] Activated service 'org.freedesktop.systemd1' failed: Process org.freedesktop.systemd1 exited with status 1
{"trial": "ctl-b02-019-dc05b-A", "outcome": "verified", "poller_first_ok_ns": 229202813745773, "loadavg_before": "13.97 14.60 16.20 15/2429 3142265"}
dbus-daemon[3037066]: [session uid=1000 pid=3037066 pidfd=5] Activating service name='org.freedesktop.systemd1' requested by ':1.4' (uid=1000 pid=3039688 comm="/usr/bin/dbus-broker-launch --config-file=/usr/sha")
dbus-daemon[3037066]: [session uid=1000 pid=3037066 pidfd=5] Activated service 'org.freedesktop.systemd1' failed: Process org.freedesktop.systemd1 exited with status 1
[2m2026-10-02T07:06:59.466818Z[0m [33m WARN[0m [2mcua_driver_sdk::runtime[0m[2m:[0m could not activate the persistent AT-SPI listener: AT-SPI connect failed: ZBus Error: MethodError(OwnedErrorName("org.freedesktop.DBus.Error.NameHasNoOwner"), Some("Could not activate remote peer 'org.a11y.atspi.Registry': unit failed"), Msg { type: Error, serial: 4294967295, sender: UniqueName("org.freedesktop.DBus"), reply-serial: 9, body: Str, fds: [] })
[2m2026-10-02T07:06:59.486104Z[0m [33m WARN[0m [2mplatform_linux::overlay[0m[2m:[0m X11 overlay: root reads cannot see this window's own pixels; save-unders will be served without readback confirmation
dbus-daemon[3037066]: [session uid=1000 pid=3037066 pidfd=5] Activating service name='org.freedesktop.systemd1' requested by ':1.4' (uid=1000 pid=3039688 comm="/usr/bin/dbus-broker-launch --config-file=/usr/sha")
dbus-daemon[3037066]: [session uid=1000 pid=3037066 pidfd=5] Activated service 'org.freedesktop.systemd1' failed: Process org.freedesktop.systemd1 exited with status 1
dbus-daemon[3037066]: [session uid=1000 pid=3037066 pidfd=5] Activating service name='org.freedesktop.systemd1' requested by ':1.4' (uid=1000 pid=3039688 comm="/usr/bin/dbus-broker-launch --config-file=/usr/sha")
dbus-daemon[3037066]: [session uid=1000 pid=3037066 pidfd=5] Activated service 'org.freedesktop.systemd1' failed: Process org.freedesktop.systemd1 exited with status 1
{"trial": "ctl-b03-000-dc06-A", "outcome": "budget_exhausted", "poller_first_ok_ns": null, "loadavg_before": "13.73 14.54 16.17 15/2428 3144896"}
dbus-daemon[3037066]: [session uid=1000 pid=3037066 pidfd=5] Activating service name='org.freedesktop.systemd1' requested by ':1.4' (uid=1000 pid=3039688 comm="/usr/bin/dbus-broker-launch --config-file=/usr/sha")
dbus-daemon[3037066]: [session uid=1000 pid=3037066 pidfd=5] Activated service 'org.freedesktop.systemd1' failed: Process org.freedesktop.systemd1 exited with status 1
[2m2026-10-02T07:07:05.984115Z[0m [33m WARN[0m [2mcua_driver_sdk::runtime[0m[2m:[0m could not activate the persistent AT-SPI listener: AT-SPI connect failed: ZBus Error: MethodError(OwnedErrorName("org.freedesktop.DBus.Error.NameHasNoOwner"), Some("Could not activate remote peer 'org.a11y.atspi.Registry': unit failed"), Msg { type: Error, serial: 4294967295, sender: UniqueName("org.freedesktop.DBus"), reply-serial: 9, body: Str, fds: [] })
[2m2026-10-02T07:07:06.003404Z[0m [33m WARN[0m [2mplatform_linux::overlay[0m[2m:[0m X11 overlay: root reads cannot see this window's own pixels; save-unders will be served without readback confirmation
dbus-daemon[3037066]: [session uid=1000 pid=3037066 pidfd=5] Activating service name='org.freedesktop.systemd1' requested by ':1.4' (uid=1000 pid=3039688 comm="/usr/bin/dbus-broker-launch --config-file=/usr/sha")
dbus-daemon[3037066]: [session uid=1000 pid=3037066 pidfd=5] Activated service 'org.freedesktop.systemd1' failed: Process org.freedesktop.systemd1 exited with status 1
dbus-daemon[3037066]: [session uid=1000 pid=3037066 pidfd=5] Activating service name='org.freedesktop.systemd1' requested by ':1.4' (uid=1000 pid=3039688 comm="/usr/bin/dbus-broker-launch --config-file=/usr/sha")
dbus-daemon[3037066]: [session uid=1000 pid=3037066 pidfd=5] Activated service 'org.freedesktop.systemd1' failed: Process org.freedesktop.systemd1 exited with status 1
{"trial": "ctl-b03-001-dc06-D", "outcome": "budget_exhausted", "poller_first_ok_ns": null, "loadavg_before": "13.67 14.52 16.15 13/2073 3149197"}
dbus-daemon[3037066]: [session uid=1000 pid=3037066 pidfd=5] Activating service name='org.freedesktop.systemd1' requested by ':1.4' (uid=1000 pid=3039688 comm="/usr/bin/dbus-broker-launch --config-file=/usr/sha")
dbus-daemon[3037066]: [session uid=1000 pid=3037066 pidfd=5] Activated service 'org.freedesktop.systemd1' failed: Process org.freedesktop.systemd1 exited with status 1
[2m2026-10-02T07:07:12.452466Z[0m [33m WARN[0m [2mcua_driver_sdk::runtime[0m[2m:[0m could not activate the persistent AT-SPI listener: AT-SPI connect failed: ZBus Error: MethodError(OwnedErrorName("org.freedesktop.DBus.Error.NameHasNoOwner"), Some("Could not activate remote peer 'org.a11y.atspi.Registry': unit failed"), Msg { type: Error, serial: 4294967295, sender: UniqueName("org.freedesktop.DBus"), reply-serial: 9, body: Str, fds: [] })
[2m2026-10-02T07:07:12.463446Z[0m [33m WARN[0m [2mplatform_linux::overlay[0m[2m:[0m X11 overlay: root reads cannot see this window's own pixels; save-unders will be served without readback confirmation
dbus-daemon[3037066]: [session uid=1000 pid=3037066 pidfd=5] Activating service name='org.freedesktop.systemd1' requested by ':1.4' (uid=1000 pid=3039688 comm="/usr/bin/dbus-broker-launch --config-file=/usr/sha")
dbus-daemon[3037066]: [session uid=1000 pid=3037066 pidfd=5] Activated service 'org.freedesktop.systemd1' failed: Process org.freedesktop.systemd1 exited with status 1
dbus-daemon[3037066]: [session uid=1000 pid=3037066 pidfd=5] Activating service name='org.freedesktop.systemd1' requested by ':1.4' (uid=1000 pid=3039688 comm="/usr/bin/dbus-broker-launch --config-file=/usr/sha")
dbus-daemon[3037066]: [session uid=1000 pid=3037066 pidfd=5] Activated service 'org.freedesktop.systemd1' failed: Process org.freedesktop.systemd1 exited with status 1
{"trial": "ctl-b03-002-dc07-D", "outcome": "verified", "poller_first_ok_ns": 229219377278254, "loadavg_before": "13.72 14.50 16.13 13/2059 3154500"}
dbus-daemon[3037066]: [session uid=1000 pid=3037066 pidfd=5] Activating service name='org.freedesktop.systemd1' requested by ':1.4' (uid=1000 pid=3039688 comm="/usr/bin/dbus-broker-launch --config-file=/usr/sha")
dbus-daemon[3037066]: [session uid=1000 pid=3037066 pidfd=5] Activated service 'org.freedesktop.systemd1' failed: Process org.freedesktop.systemd1 exited with status 1
[2m2026-10-02T07:07:15.872455Z[0m [33m WARN[0m [2mcua_driver_sdk::runtime[0m[2m:[0m could not activate the persistent AT-SPI listener: AT-SPI connect failed: ZBus Error: MethodError(OwnedErrorName("org.freedesktop.DBus.Error.NameHasNoOwner"), Some("Could not activate remote peer 'org.a11y.atspi.Registry': unit failed"), Msg { type: Error, serial: 4294967295, sender: UniqueName("org.freedesktop.DBus"), reply-serial: 9, body: Str, fds: [] })
[2m2026-10-02T07:07:15.882914Z[0m [33m WARN[0m [2mplatform_linux::overlay[0m[2m:[0m X11 overlay: root reads cannot see this window's own pixels; save-unders will be served without readback confirmation
dbus-daemon[3037066]: [session uid=1000 pid=3037066 pidfd=5] Activating service name='org.freedesktop.systemd1' requested by ':1.4' (uid=1000 pid=3039688 comm="/usr/bin/dbus-broker-launch --config-file=/usr/sha")
dbus-daemon[3037066]: [session uid=1000 pid=3037066 pidfd=5] Activated service 'org.freedesktop.systemd1' failed: Process org.freedesktop.systemd1 exited with status 1
dbus-daemon[3037066]: [session uid=1000 pid=3037066 pidfd=5] Activating service name='org.freedesktop.systemd1' requested by ':1.4' (uid=1000 pid=3039688 comm="/usr/bin/dbus-broker-launch --config-file=/usr/sha")
dbus-daemon[3037066]: [session uid=1000 pid=3037066 pidfd=5] Activated service 'org.freedesktop.systemd1' failed: Process org.freedesktop.systemd1 exited with status 1
{"trial": "ctl-b03-003-dc07-A", "outcome": "verified", "poller_first_ok_ns": 229223020181383, "loadavg_before": "13.72 14.50 16.13 13/2083 3158280"}
dbus-daemon[3037066]: [session uid=1000 pid=3037066 pidfd=5] Activating service name='org.freedesktop.systemd1' requested by ':1.4' (uid=1000 pid=3039688 comm="/usr/bin/dbus-broker-launch --config-file=/usr/sha")
dbus-daemon[3037066]: [session uid=1000 pid=3037066 pidfd=5] Activated service 'org.freedesktop.systemd1' failed: Process org.freedesktop.systemd1 exited with status 1
[2m2026-10-02T07:07:19.677581Z[0m [33m WARN[0m [2mcua_driver_sdk::runtime[0m[2m:[0m could not activate the persistent AT-SPI listener: AT-SPI connect failed: ZBus Error: MethodError(OwnedErrorName("org.freedesktop.DBus.Error.NameHasNoOwner"), Some("Could not activate remote peer 'org.a11y.atspi.Registry': unit failed"), Msg { type: Error, serial: 4294967295, sender: UniqueName("org.freedesktop.DBus"), reply-serial: 9, body: Str, fds: [] })
[2m2026-10-02T07:07:19.691416Z[0m [33m WARN[0m [2mplatform_linux::overlay[0m[2m:[0m X11 overlay: root reads cannot see this window's own pixels; save-unders will be served without readback confirmation
dbus-daemon[3037066]: [session uid=1000 pid=3037066 pidfd=5] Activating service name='org.freedesktop.systemd1' requested by ':1.4' (uid=1000 pid=3039688 comm="/usr/bin/dbus-broker-launch --config-file=/usr/sha")
dbus-daemon[3037066]: [session uid=1000 pid=3037066 pidfd=5] Activated service 'org.freedesktop.systemd1' failed: Process org.freedesktop.systemd1 exited with status 1
dbus-daemon[3037066]: [session uid=1000 pid=3037066 pidfd=5] Activating service name='org.freedesktop.systemd1' requested by ':1.4' (uid=1000 pid=3039688 comm="/usr/bin/dbus-broker-launch --config-file=/usr/sha")
dbus-daemon[3037066]: [session uid=1000 pid=3037066 pidfd=5] Activated service 'org.freedesktop.systemd1' failed: Process org.freedesktop.systemd1 exited with status 1
dbus-daemon[3037066]: [session uid=1000 pid=3037066 pidfd=5] Activating service name='org.freedesktop.systemd1' requested by ':1.4' (uid=1000 pid=3039688 comm="/usr/bin/dbus-broker-launch --config-file=/usr/sha")
dbus-daemon[3037066]: [session uid=1000 pid=3037066 pidfd=5] Activated service 'org.freedesktop.systemd1' failed: Process org.freedesktop.systemd1 exited with status 1
[2m2026-10-02T07:07:20.490262Z[0m [33m WARN[0m [2mcua_driver_sdk::runtime[0m[2m:[0m could not activate the persistent AT-SPI listener: AT-SPI connect failed: ZBus Error: MethodError(OwnedErrorName("org.freedesktop.DBus.Error.NameHasNoOwner"), Some("Could not activate remote peer 'org.a11y.atspi.Registry': unit failed"), Msg { type: Error, serial: 4294967295, sender: UniqueName("org.freedesktop.DBus"), reply-serial: 9, body: Str, fds: [] })
[2m2026-10-02T07:07:20.511825Z[0m [33m WARN[0m [2mplatform_linux::overlay[0m[2m:[0m X11 overlay: root reads cannot see this window's own pixels; save-unders will be served without readback confirmation
{"trial": "ctl-b03-004-dc10-A", "outcome": "verified", "poller_first_ok_ns": 229225408164374, "loadavg_before": "13.66 14.48 16.11 13/2074 3161983"}
dbus-daemon[3037066]: [session uid=1000 pid=3037066 pidfd=5] Activating service name='org.freedesktop.systemd1' requested by ':1.4' (uid=1000 pid=3039688 comm="/usr/bin/dbus-broker-launch --config-file=/usr/sha")
dbus-daemon[3037066]: [session uid=1000 pid=3037066 pidfd=5] Activated service 'org.freedesktop.systemd1' failed: Process org.freedesktop.systemd1 exited with status 1
[2m2026-10-02T07:07:21.888257Z[0m [33m WARN[0m [2mcua_driver_sdk::runtime[0m[2m:[0m could not activate the persistent AT-SPI listener: AT-SPI connect failed: ZBus Error: MethodError(OwnedErrorName("org.freedesktop.DBus.Error.NameHasNoOwner"), Some("Could not activate remote peer 'org.a11y.atspi.Registry': unit failed"), Msg { type: Error, serial: 4294967295, sender: UniqueName("org.freedesktop.DBus"), reply-serial: 9, body: Str, fds: [] })
[2m2026-10-02T07:07:21.900406Z[0m [33m WARN[0m [2mplatform_linux::overlay[0m[2m:[0m X11 overlay: root reads cannot see this window's own pixels; save-unders will be served without readback confirmation
dbus-daemon[3037066]: [session uid=1000 pid=3037066 pidfd=5] Activating service name='org.freedesktop.systemd1' requested by ':1.4' (uid=1000 pid=3039688 comm="/usr/bin/dbus-broker-launch --config-file=/usr/sha")
dbus-daemon[3037066]: [session uid=1000 pid=3037066 pidfd=5] Activated service 'org.freedesktop.systemd1' failed: Process org.freedesktop.systemd1 exited with status 1
dbus-daemon[3037066]: [session uid=1000 pid=3037066 pidfd=5] Activating service name='org.freedesktop.systemd1' requested by ':1.4' (uid=1000 pid=3039688 comm="/usr/bin/dbus-broker-launch --config-file=/usr/sha")
dbus-daemon[3037066]: [session uid=1000 pid=3037066 pidfd=5] Activated service 'org.freedesktop.systemd1' failed: Process org.freedesktop.systemd1 exited with status 1
dbus-daemon[3037066]: [session uid=1000 pid=3037066 pidfd=5] Activating service name='org.freedesktop.systemd1' requested by ':1.4' (uid=1000 pid=3039688 comm="/usr/bin/dbus-broker-launch --config-file=/usr/sha")
dbus-daemon[3037066]: [session uid=1000 pid=3037066 pidfd=5] Activated service 'org.freedesktop.systemd1' failed: Process org.freedesktop.systemd1 exited with status 1
[2m2026-10-02T07:07:22.735652Z[0m [33m WARN[0m [2mcua_driver_sdk::runtime[0m[2m:[0m could not activate the persistent AT-SPI listener: AT-SPI connect failed: ZBus Error: MethodError(OwnedErrorName("org.freedesktop.DBus.Error.NameHasNoOwner"), Some("Could not activate remote peer 'org.a11y.atspi.Registry': unit failed"), Msg { type: Error, serial: 4294967295, sender: UniqueName("org.freedesktop.DBus"), reply-serial: 9, body: Str, fds: [] })
[2m2026-10-02T07:07:22.746180Z[0m [33m WARN[0m [2mplatform_linux::overlay[0m[2m:[0m X11 overlay: root reads cannot see this window's own pixels; save-unders will be served without readback confirmation
{"trial": "ctl-b03-005-dc10-D", "outcome": "verified", "poller_first_ok_ns": 229227662817156, "loadavg_before": "13.66 14.48 16.11 12/2074 3164274"}
dbus-daemon[3037066]: [session uid=1000 pid=3037066 pidfd=5] Activating service name='org.freedesktop.systemd1' requested by ':1.4' (uid=1000 pid=3039688 comm="/usr/bin/dbus-broker-launch --config-file=/usr/sha")
dbus-daemon[3037066]: [session uid=1000 pid=3037066 pidfd=5] Activated service 'org.freedesktop.systemd1' failed: Process org.freedesktop.systemd1 exited with status 1
[2m2026-10-02T07:07:24.142984Z[0m [33m WARN[0m [2mcua_driver_sdk::runtime[0m[2m:[0m could not activate the persistent AT-SPI listener: AT-SPI connect failed: ZBus Error: MethodError(OwnedErrorName("org.freedesktop.DBus.Error.NameHasNoOwner"), Some("Could not activate remote peer 'org.a11y.atspi.Registry': unit failed"), Msg { type: Error, serial: 4294967295, sender: UniqueName("org.freedesktop.DBus"), reply-serial: 9, body: Str, fds: [] })
[2m2026-10-02T07:07:24.152857Z[0m [33m WARN[0m [2mplatform_linux::overlay[0m[2m:[0m X11 overlay: root reads cannot see this window's own pixels; save-unders will be served without readback confirmation
dbus-daemon[3037066]: [session uid=1000 pid=3037066 pidfd=5] Activating service name='org.freedesktop.systemd1' requested by ':1.4' (uid=1000 pid=3039688 comm="/usr/bin/dbus-broker-launch --config-file=/usr/sha")
dbus-daemon[3037066]: [session uid=1000 pid=3037066 pidfd=5] Activated service 'org.freedesktop.systemd1' failed: Process org.freedesktop.systemd1 exited with status 1
dbus-daemon[3037066]: [session uid=1000 pid=3037066 pidfd=5] Activating service name='org.freedesktop.systemd1' requested by ':1.4' (uid=1000 pid=3039688 comm="/usr/bin/dbus-broker-launch --config-file=/usr/sha")
dbus-daemon[3037066]: [session uid=1000 pid=3037066 pidfd=5] Activated service 'org.freedesktop.systemd1' failed: Process org.freedesktop.systemd1 exited with status 1
{"trial": "ctl-b03-006-dc12-D", "outcome": "budget_exhausted", "poller_first_ok_ns": null, "loadavg_before": "13.61 14.45 16.10 13/2078 3166393"}
dbus-daemon[3037066]: [session uid=1000 pid=3037066 pidfd=5] Activating service name='org.freedesktop.systemd1' requested by ':1.4' (uid=1000 pid=3039688 comm="/usr/bin/dbus-broker-launch --config-file=/usr/sha")
dbus-daemon[3037066]: [session uid=1000 pid=3037066 pidfd=5] Activated service 'org.freedesktop.systemd1' failed: Process org.freedesktop.systemd1 exited with status 1
[2m2026-10-02T07:07:28.186415Z[0m [33m WARN[0m [2mcua_driver_sdk::runtime[0m[2m:[0m could not activate the persistent AT-SPI listener: AT-SPI connect failed: ZBus Error: MethodError(OwnedErrorName("org.freedesktop.DBus.Error.NameHasNoOwner"), Some("Could not activate remote peer 'org.a11y.atspi.Registry': unit failed"), Msg { type: Error, serial: 4294967295, sender: UniqueName("org.freedesktop.DBus"), reply-serial: 9, body: Str, fds: [] })
[2m2026-10-02T07:07:28.197448Z[0m [33m WARN[0m [2mplatform_linux::overlay[0m[2m:[0m X11 overlay: root reads cannot see this window's own pixels; save-unders will be served without readback confirmation
dbus-daemon[3037066]: [session uid=1000 pid=3037066 pidfd=5] Activating service name='org.freedesktop.systemd1' requested by ':1.4' (uid=1000 pid=3039688 comm="/usr/bin/dbus-broker-launch --config-file=/usr/sha")
dbus-daemon[3037066]: [session uid=1000 pid=3037066 pidfd=5] Activated service 'org.freedesktop.systemd1' failed: Process org.freedesktop.systemd1 exited with status 1
dbus-daemon[3037066]: [session uid=1000 pid=3037066 pidfd=5] Activating service name='org.freedesktop.systemd1' requested by ':1.4' (uid=1000 pid=3039688 comm="/usr/bin/dbus-broker-launch --config-file=/usr/sha")
dbus-daemon[3037066]: [session uid=1000 pid=3037066 pidfd=5] Activated service 'org.freedesktop.systemd1' failed: Process org.freedesktop.systemd1 exited with status 1
{"trial": "ctl-b03-007-dc12-A", "outcome": "budget_exhausted", "poller_first_ok_ns": null, "loadavg_before": "13.48 14.41 16.07 15/2077 3170353"}
dbus-daemon[3037066]: [session uid=1000 pid=3037066 pidfd=5] Activating service name='org.freedesktop.systemd1' requested by ':1.4' (uid=1000 pid=3039688 comm="/usr/bin/dbus-broker-launch --config-file=/usr/sha")
dbus-daemon[3037066]: [session uid=1000 pid=3037066 pidfd=5] Activated service 'org.freedesktop.systemd1' failed: Process org.freedesktop.systemd1 exited with status 1
[2m2026-10-02T07:07:32.205268Z[0m [33m WARN[0m [2mcua_driver_sdk::runtime[0m[2m:[0m could not activate the persistent AT-SPI listener: AT-SPI connect failed: ZBus Error: MethodError(OwnedErrorName("org.freedesktop.DBus.Error.NameHasNoOwner"), Some("Could not activate remote peer 'org.a11y.atspi.Registry': unit failed"), Msg { type: Error, serial: 4294967295, sender: UniqueName("org.freedesktop.DBus"), reply-serial: 9, body: Str, fds: [] })
[2m2026-10-02T07:07:32.215426Z[0m [33m WARN[0m [2mplatform_linux::overlay[0m[2m:[0m X11 overlay: root reads cannot see this window's own pixels; save-unders will be served without readback confirmation
dbus-daemon[3037066]: [session uid=1000 pid=3037066 pidfd=5] Activating service name='org.freedesktop.systemd1' requested by ':1.4' (uid=1000 pid=3039688 comm="/usr/bin/dbus-broker-launch --config-file=/usr/sha")
dbus-daemon[3037066]: [session uid=1000 pid=3037066 pidfd=5] Activated service 'org.freedesktop.systemd1' failed: Process org.freedesktop.systemd1 exited with status 1
dbus-daemon[3037066]: [session uid=1000 pid=3037066 pidfd=5] Activating service name='org.freedesktop.systemd1' requested by ':1.4' (uid=1000 pid=3039688 comm="/usr/bin/dbus-broker-launch --config-file=/usr/sha")
dbus-daemon[3037066]: [session uid=1000 pid=3037066 pidfd=5] Activated service 'org.freedesktop.systemd1' failed: Process org.freedesktop.systemd1 exited with status 1
{"trial": "ctl-b03-008-dc13-A", "outcome": "verified", "poller_first_ok_ns": 229237051655818, "loadavg_before": "13.36 14.37 16.05 14/2072 3174300"}
dbus-daemon[3037066]: [session uid=1000 pid=3037066 pidfd=5] Activating service name='org.freedesktop.systemd1' requested by ':1.4' (uid=1000 pid=3039688 comm="/usr/bin/dbus-broker-launch --config-file=/usr/sha")
dbus-daemon[3037066]: [session uid=1000 pid=3037066 pidfd=5] Activated service 'org.freedesktop.systemd1' failed: Process org.freedesktop.systemd1 exited with status 1
[2m2026-10-02T07:07:33.528084Z[0m [33m WARN[0m [2mcua_driver_sdk::runtime[0m[2m:[0m could not activate the persistent AT-SPI listener: AT-SPI connect failed: ZBus Error: MethodError(OwnedErrorName("org.freedesktop.DBus.Error.NameHasNoOwner"), Some("Could not activate remote peer 'org.a11y.atspi.Registry': unit failed"), Msg { type: Error, serial: 4294967295, sender: UniqueName("org.freedesktop.DBus"), reply-serial: 9, body: Str, fds: [] })
[2m2026-10-02T07:07:33.537457Z[0m [33m WARN[0m [2mplatform_linux::overlay[0m[2m:[0m X11 overlay: root reads cannot see this window's own pixels; save-unders will be served without readback confirmation
dbus-daemon[3037066]: [session uid=1000 pid=3037066 pidfd=5] Activating service name='org.freedesktop.systemd1' requested by ':1.4' (uid=1000 pid=3039688 comm="/usr/bin/dbus-broker-launch --config-file=/usr/sha")
dbus-daemon[3037066]: [session uid=1000 pid=3037066 pidfd=5] Activated service 'org.freedesktop.systemd1' failed: Process org.freedesktop.systemd1 exited with status 1
dbus-daemon[3037066]: [session uid=1000 pid=3037066 pidfd=5] Activating service name='org.freedesktop.systemd1' requested by ':1.4' (uid=1000 pid=3039688 comm="/usr/bin/dbus-broker-launch --config-file=/usr/sha")
dbus-daemon[3037066]: [session uid=1000 pid=3037066 pidfd=5] Activated service 'org.freedesktop.systemd1' failed: Process org.freedesktop.systemd1 exited with status 1
{"trial": "ctl-b03-009-dc13-D", "outcome": "verified", "poller_first_ok_ns": 229238334568271, "loadavg_before": "13.36 14.37 16.05 12/2101 3175689"}
dbus-daemon[3037066]: [session uid=1000 pid=3037066 pidfd=5] Activating service name='org.freedesktop.systemd1' requested by ':1.4' (uid=1000 pid=3039688 comm="/usr/bin/dbus-broker-launch --config-file=/usr/sha")
dbus-daemon[3037066]: [session uid=1000 pid=3037066 pidfd=5] Activated service 'org.freedesktop.systemd1' failed: Process org.freedesktop.systemd1 exited with status 1
[2m2026-10-02T07:07:34.797200Z[0m [33m WARN[0m [2mcua_driver_sdk::runtime[0m[2m:[0m could not activate the persistent AT-SPI listener: AT-SPI connect failed: ZBus Error: MethodError(OwnedErrorName("org.freedesktop.DBus.Error.NameHasNoOwner"), Some("Could not activate remote peer 'org.a11y.atspi.Registry': unit failed"), Msg { type: Error, serial: 4294967295, sender: UniqueName("org.freedesktop.DBus"), reply-serial: 9, body: Str, fds: [] })
[2m2026-10-02T07:07:34.806831Z[0m [33m WARN[0m [2mplatform_linux::overlay[0m[2m:[0m X11 overlay: root reads cannot see this window's own pixels; save-unders will be served without readback confirmation
dbus-daemon[3037066]: [session uid=1000 pid=3037066 pidfd=5] Activating service name='org.freedesktop.systemd1' requested by ':1.4' (uid=1000 pid=3039688 comm="/usr/bin/dbus-broker-launch --config-file=/usr/sha")
dbus-daemon[3037066]: [session uid=1000 pid=3037066 pidfd=5] Activated service 'org.freedesktop.systemd1' failed: Process org.freedesktop.systemd1 exited with status 1
dbus-daemon[3037066]: [session uid=1000 pid=3037066 pidfd=5] Activating service name='org.freedesktop.systemd1' requested by ':1.4' (uid=1000 pid=3039688 comm="/usr/bin/dbus-broker-launch --config-file=/usr/sha")
dbus-daemon[3037066]: [session uid=1000 pid=3037066 pidfd=5] Activated service 'org.freedesktop.systemd1' failed: Process org.freedesktop.systemd1 exited with status 1
{"trial": "ctl-b03-010-dc14a-D", "outcome": "budget_exhausted", "poller_first_ok_ns": null, "loadavg_before": "13.36 14.37 16.05 12/2073 3177083"}
dbus-daemon[3037066]: [session uid=1000 pid=3037066 pidfd=5] Activating service name='org.freedesktop.systemd1' requested by ':1.4' (uid=1000 pid=3039688 comm="/usr/bin/dbus-broker-launch --config-file=/usr/sha")
dbus-daemon[3037066]: [session uid=1000 pid=3037066 pidfd=5] Activated service 'org.freedesktop.systemd1' failed: Process org.freedesktop.systemd1 exited with status 1
[2m2026-10-02T07:07:38.874254Z[0m [33m WARN[0m [2mcua_driver_sdk::runtime[0m[2m:[0m could not activate the persistent AT-SPI listener: AT-SPI connect failed: ZBus Error: MethodError(OwnedErrorName("org.freedesktop.DBus.Error.NameHasNoOwner"), Some("Could not activate remote peer 'org.a11y.atspi.Registry': unit failed"), Msg { type: Error, serial: 4294967295, sender: UniqueName("org.freedesktop.DBus"), reply-serial: 9, body: Str, fds: [] })
[2m2026-10-02T07:07:38.884878Z[0m [33m WARN[0m [2mplatform_linux::overlay[0m[2m:[0m X11 overlay: root reads cannot see this window's own pixels; save-unders will be served without readback confirmation
dbus-daemon[3037066]: [session uid=1000 pid=3037066 pidfd=5] Activating service name='org.freedesktop.systemd1' requested by ':1.4' (uid=1000 pid=3039688 comm="/usr/bin/dbus-broker-launch --config-file=/usr/sha")
dbus-daemon[3037066]: [session uid=1000 pid=3037066 pidfd=5] Activated service 'org.freedesktop.systemd1' failed: Process org.freedesktop.systemd1 exited with status 1
dbus-daemon[3037066]: [session uid=1000 pid=3037066 pidfd=5] Activating service name='org.freedesktop.systemd1' requested by ':1.4' (uid=1000 pid=3039688 comm="/usr/bin/dbus-broker-launch --config-file=/usr/sha")
dbus-daemon[3037066]: [session uid=1000 pid=3037066 pidfd=5] Activated service 'org.freedesktop.systemd1' failed: Process org.freedesktop.systemd1 exited with status 1
{"trial": "ctl-b03-011-dc14a-A", "outcome": "budget_exhausted", "poller_first_ok_ns": null, "loadavg_before": "13.81 14.45 16.07 12/2083 3181246"}
dbus-daemon[3037066]: [session uid=1000 pid=3037066 pidfd=5] Activating service name='org.freedesktop.systemd1' requested by ':1.4' (uid=1000 pid=3039688 comm="/usr/bin/dbus-broker-launch --config-file=/usr/sha")
dbus-daemon[3037066]: [session uid=1000 pid=3037066 pidfd=5] Activated service 'org.freedesktop.systemd1' failed: Process org.freedesktop.systemd1 exited with status 1
[2m2026-10-02T07:07:42.883812Z[0m [33m WARN[0m [2mcua_driver_sdk::runtime[0m[2m:[0m could not activate the persistent AT-SPI listener: AT-SPI connect failed: ZBus Error: MethodError(OwnedErrorName("org.freedesktop.DBus.Error.NameHasNoOwner"), Some("Could not activate remote peer 'org.a11y.atspi.Registry': unit failed"), Msg { type: Error, serial: 4294967295, sender: UniqueName("org.freedesktop.DBus"), reply-serial: 9, body: Str, fds: [] })
[2m2026-10-02T07:07:42.895798Z[0m [33m WARN[0m [2mplatform_linux::overlay[0m[2m:[0m X11 overlay: root reads cannot see this window's own pixels; save-unders will be served without readback confirmation
dbus-daemon[3037066]: [session uid=1000 pid=3037066 pidfd=5] Activating service name='org.freedesktop.systemd1' requested by ':1.4' (uid=1000 pid=3039688 comm="/usr/bin/dbus-broker-launch --config-file=/usr/sha")
dbus-daemon[3037066]: [session uid=1000 pid=3037066 pidfd=5] Activated service 'org.freedesktop.systemd1' failed: Process org.freedesktop.systemd1 exited with status 1
dbus-daemon[3037066]: [session uid=1000 pid=3037066 pidfd=5] Activating service name='org.freedesktop.systemd1' requested by ':1.4' (uid=1000 pid=3039688 comm="/usr/bin/dbus-broker-launch --config-file=/usr/sha")
dbus-daemon[3037066]: [session uid=1000 pid=3037066 pidfd=5] Activated service 'org.freedesktop.systemd1' failed: Process org.freedesktop.systemd1 exited with status 1
{"trial": "ctl-b03-012-dc14b-A", "outcome": "verified", "poller_first_ok_ns": 229247730833367, "loadavg_before": "13.66 14.41 16.05 12/2079 3185428"}
dbus-daemon[3037066]: [session uid=1000 pid=3037066 pidfd=5] Activating service name='org.freedesktop.systemd1' requested by ':1.4' (uid=1000 pid=3039688 comm="/usr/bin/dbus-broker-launch --config-file=/usr/sha")
dbus-daemon[3037066]: [session uid=1000 pid=3037066 pidfd=5] Activated service 'org.freedesktop.systemd1' failed: Process org.freedesktop.systemd1 exited with status 1
[2m2026-10-02T07:07:44.203656Z[0m [33m WARN[0m [2mcua_driver_sdk::runtime[0m[2m:[0m could not activate the persistent AT-SPI listener: AT-SPI connect failed: ZBus Error: MethodError(OwnedErrorName("org.freedesktop.DBus.Error.NameHasNoOwner"), Some("Could not activate remote peer 'org.a11y.atspi.Registry': unit failed"), Msg { type: Error, serial: 4294967295, sender: UniqueName("org.freedesktop.DBus"), reply-serial: 9, body: Str, fds: [] })
[2m2026-10-02T07:07:44.213938Z[0m [33m WARN[0m [2mplatform_linux::overlay[0m[2m:[0m X11 overlay: root reads cannot see this window's own pixels; save-unders will be served without readback confirmation
dbus-daemon[3037066]: [session uid=1000 pid=3037066 pidfd=5] Activating service name='org.freedesktop.systemd1' requested by ':1.4' (uid=1000 pid=3039688 comm="/usr/bin/dbus-broker-launch --config-file=/usr/sha")
dbus-daemon[3037066]: [session uid=1000 pid=3037066 pidfd=5] Activated service 'org.freedesktop.systemd1' failed: Process org.freedesktop.systemd1 exited with status 1
dbus-daemon[3037066]: [session uid=1000 pid=3037066 pidfd=5] Activating service name='org.freedesktop.systemd1' requested by ':1.4' (uid=1000 pid=3039688 comm="/usr/bin/dbus-broker-launch --config-file=/usr/sha")
dbus-daemon[3037066]: [session uid=1000 pid=3037066 pidfd=5] Activated service 'org.freedesktop.systemd1' failed: Process org.freedesktop.systemd1 exited with status 1
{"trial": "ctl-b03-013-dc14b-D", "outcome": "verified", "poller_first_ok_ns": 229249002233326, "loadavg_before": "13.66 14.41 16.05 12/2080 3186813"}
dbus-daemon[3037066]: [session uid=1000 pid=3037066 pidfd=5] Activating service name='org.freedesktop.systemd1' requested by ':1.4' (uid=1000 pid=3039688 comm="/usr/bin/dbus-broker-launch --config-file=/usr/sha")
dbus-daemon[3037066]: [session uid=1000 pid=3037066 pidfd=5] Activated service 'org.freedesktop.systemd1' failed: Process org.freedesktop.systemd1 exited with status 1
[2m2026-10-02T07:07:45.495641Z[0m [33m WARN[0m [2mcua_driver_sdk::runtime[0m[2m:[0m could not activate the persistent AT-SPI listener: AT-SPI connect failed: ZBus Error: MethodError(OwnedErrorName("org.freedesktop.DBus.Error.NameHasNoOwner"), Some("Could not activate remote peer 'org.a11y.atspi.Registry': unit failed"), Msg { type: Error, serial: 4294967295, sender: UniqueName("org.freedesktop.DBus"), reply-serial: 9, body: Str, fds: [] })
[2m2026-10-02T07:07:45.509397Z[0m [33m WARN[0m [2mplatform_linux::overlay[0m[2m:[0m X11 overlay: root reads cannot see this window's own pixels; save-unders will be served without readback confirmation
dbus-daemon[3037066]: [session uid=1000 pid=3037066 pidfd=5] Activating service name='org.freedesktop.systemd1' requested by ':1.4' (uid=1000 pid=3039688 comm="/usr/bin/dbus-broker-launch --config-file=/usr/sha")
dbus-daemon[3037066]: [session uid=1000 pid=3037066 pidfd=5] Activated service 'org.freedesktop.systemd1' failed: Process org.freedesktop.systemd1 exited with status 1
dbus-daemon[3037066]: [session uid=1000 pid=3037066 pidfd=5] Activating service name='org.freedesktop.systemd1' requested by ':1.4' (uid=1000 pid=3039688 comm="/usr/bin/dbus-broker-launch --config-file=/usr/sha")
dbus-daemon[3037066]: [session uid=1000 pid=3037066 pidfd=5] Activated service 'org.freedesktop.systemd1' failed: Process org.freedesktop.systemd1 exited with status 1
{"trial": "ctl-b03-014-dc15-D", "outcome": "verified", "poller_first_ok_ns": 229250274073834, "loadavg_before": "13.66 14.41 16.05 12/2080 3188212"}
dbus-daemon[3037066]: [session uid=1000 pid=3037066 pidfd=5] Activating service name='org.freedesktop.systemd1' requested by ':1.4' (uid=1000 pid=3039688 comm="/usr/bin/dbus-broker-launch --config-file=/usr/sha")
dbus-daemon[3037066]: [session uid=1000 pid=3037066 pidfd=5] Activated service 'org.freedesktop.systemd1' failed: Process org.freedesktop.systemd1 exited with status 1
[2m2026-10-02T07:07:46.742566Z[0m [33m WARN[0m [2mcua_driver_sdk::runtime[0m[2m:[0m could not activate the persistent AT-SPI listener: AT-SPI connect failed: ZBus Error: MethodError(OwnedErrorName("org.freedesktop.DBus.Error.NameHasNoOwner"), Some("Could not activate remote peer 'org.a11y.atspi.Registry': unit failed"), Msg { type: Error, serial: 4294967295, sender: UniqueName("org.freedesktop.DBus"), reply-serial: 9, body: Str, fds: [] })
[2m2026-10-02T07:07:46.752384Z[0m [33m WARN[0m [2mplatform_linux::overlay[0m[2m:[0m X11 overlay: root reads cannot see this window's own pixels; save-unders will be served without readback confirmation
dbus-daemon[3037066]: [session uid=1000 pid=3037066 pidfd=5] Activating service name='org.freedesktop.systemd1' requested by ':1.4' (uid=1000 pid=3039688 comm="/usr/bin/dbus-broker-launch --config-file=/usr/sha")
dbus-daemon[3037066]: [session uid=1000 pid=3037066 pidfd=5] Activated service 'org.freedesktop.systemd1' failed: Process org.freedesktop.systemd1 exited with status 1
dbus-daemon[3037066]: [session uid=1000 pid=3037066 pidfd=5] Activating service name='org.freedesktop.systemd1' requested by ':1.4' (uid=1000 pid=3039688 comm="/usr/bin/dbus-broker-launch --config-file=/usr/sha")
dbus-daemon[3037066]: [session uid=1000 pid=3037066 pidfd=5] Activated service 'org.freedesktop.systemd1' failed: Process org.freedesktop.systemd1 exited with status 1
{"trial": "ctl-b03-015-dc15-A", "outcome": "verified", "poller_first_ok_ns": 229251551822007, "loadavg_before": "13.66 14.41 16.05 12/2078 3189552"}
dbus-daemon[3037066]: [session uid=1000 pid=3037066 pidfd=5] Activating service name='org.freedesktop.systemd1' requested by ':1.4' (uid=1000 pid=3039688 comm="/usr/bin/dbus-broker-launch --config-file=/usr/sha")
dbus-daemon[3037066]: [session uid=1000 pid=3037066 pidfd=5] Activated service 'org.freedesktop.systemd1' failed: Process org.freedesktop.systemd1 exited with status 1
[2m2026-10-02T07:07:48.050880Z[0m [33m WARN[0m [2mcua_driver_sdk::runtime[0m[2m:[0m could not activate the persistent AT-SPI listener: AT-SPI connect failed: ZBus Error: MethodError(OwnedErrorName("org.freedesktop.DBus.Error.NameHasNoOwner"), Some("Could not activate remote peer 'org.a11y.atspi.Registry': unit failed"), Msg { type: Error, serial: 4294967295, sender: UniqueName("org.freedesktop.DBus"), reply-serial: 9, body: Str, fds: [] })
[2m2026-10-02T07:07:48.062782Z[0m [33m WARN[0m [2mplatform_linux::overlay[0m[2m:[0m X11 overlay: root reads cannot see this window's own pixels; save-unders will be served without readback confirmation
dbus-daemon[3037066]: [session uid=1000 pid=3037066 pidfd=5] Activating service name='org.freedesktop.systemd1' requested by ':1.4' (uid=1000 pid=3039688 comm="/usr/bin/dbus-broker-launch --config-file=/usr/sha")
dbus-daemon[3037066]: [session uid=1000 pid=3037066 pidfd=5] Activated service 'org.freedesktop.systemd1' failed: Process org.freedesktop.systemd1 exited with status 1
dbus-daemon[3037066]: [session uid=1000 pid=3037066 pidfd=5] Activating service name='org.freedesktop.systemd1' requested by ':1.4' (uid=1000 pid=3039688 comm="/usr/bin/dbus-broker-launch --config-file=/usr/sha")
dbus-daemon[3037066]: [session uid=1000 pid=3037066 pidfd=5] Activated service 'org.freedesktop.systemd1' failed: Process org.freedesktop.systemd1 exited with status 1
{"trial": "ctl-b03-016-dc16a-A", "outcome": "budget_exhausted", "poller_first_ok_ns": null, "loadavg_before": "13.53 14.37 16.02 14/2073 3190934"}
dbus-daemon[3037066]: [session uid=1000 pid=3037066 pidfd=5] Activating service name='org.freedesktop.systemd1' requested by ':1.4' (uid=1000 pid=3039688 comm="/usr/bin/dbus-broker-launch --config-file=/usr/sha")
dbus-daemon[3037066]: [session uid=1000 pid=3037066 pidfd=5] Activated service 'org.freedesktop.systemd1' failed: Process org.freedesktop.systemd1 exited with status 1
[2m2026-10-02T07:07:52.124987Z[0m [33m WARN[0m [2mcua_driver_sdk::runtime[0m[2m:[0m could not activate the persistent AT-SPI listener: AT-SPI connect failed: ZBus Error: MethodError(OwnedErrorName("org.freedesktop.DBus.Error.NameHasNoOwner"), Some("Could not activate remote peer 'org.a11y.atspi.Registry': unit failed"), Msg { type: Error, serial: 4294967295, sender: UniqueName("org.freedesktop.DBus"), reply-serial: 9, body: Str, fds: [] })
[2m2026-10-02T07:07:52.136860Z[0m [33m WARN[0m [2mplatform_linux::overlay[0m[2m:[0m X11 overlay: root reads cannot see this window's own pixels; save-unders will be served without readback confirmation
dbus-daemon[3037066]: [session uid=1000 pid=3037066 pidfd=5] Activating service name='org.freedesktop.systemd1' requested by ':1.4' (uid=1000 pid=3039688 comm="/usr/bin/dbus-broker-launch --config-file=/usr/sha")
dbus-daemon[3037066]: [session uid=1000 pid=3037066 pidfd=5] Activated service 'org.freedesktop.systemd1' failed: Process org.freedesktop.systemd1 exited with status 1
dbus-daemon[3037066]: [session uid=1000 pid=3037066 pidfd=5] Activating service name='org.freedesktop.systemd1' requested by ':1.4' (uid=1000 pid=3039688 comm="/usr/bin/dbus-broker-launch --config-file=/usr/sha")
dbus-daemon[3037066]: [session uid=1000 pid=3037066 pidfd=5] Activated service 'org.freedesktop.systemd1' failed: Process org.freedesktop.systemd1 exited with status 1
{"trial": "ctl-b03-017-dc16a-D", "outcome": "budget_exhausted", "poller_first_ok_ns": null, "loadavg_before": "13.33 14.31 16.00 12/2069 3195074"}
dbus-daemon[3037066]: [session uid=1000 pid=3037066 pidfd=5] Activating service name='org.freedesktop.systemd1' requested by ':1.4' (uid=1000 pid=3039688 comm="/usr/bin/dbus-broker-launch --config-file=/usr/sha")
dbus-daemon[3037066]: [session uid=1000 pid=3037066 pidfd=5] Activated service 'org.freedesktop.systemd1' failed: Process org.freedesktop.systemd1 exited with status 1
[2m2026-10-02T07:07:56.120730Z[0m [33m WARN[0m [2mcua_driver_sdk::runtime[0m[2m:[0m could not activate the persistent AT-SPI listener: AT-SPI connect failed: ZBus Error: MethodError(OwnedErrorName("org.freedesktop.DBus.Error.NameHasNoOwner"), Some("Could not activate remote peer 'org.a11y.atspi.Registry': unit failed"), Msg { type: Error, serial: 4294967295, sender: UniqueName("org.freedesktop.DBus"), reply-serial: 9, body: Str, fds: [] })
[2m2026-10-02T07:07:56.131533Z[0m [33m WARN[0m [2mplatform_linux::overlay[0m[2m:[0m X11 overlay: root reads cannot see this window's own pixels; save-unders will be served without readback confirmation
dbus-daemon[3037066]: [session uid=1000 pid=3037066 pidfd=5] Activating service name='org.freedesktop.systemd1' requested by ':1.4' (uid=1000 pid=3039688 comm="/usr/bin/dbus-broker-launch --config-file=/usr/sha")
dbus-daemon[3037066]: [session uid=1000 pid=3037066 pidfd=5] Activated service 'org.freedesktop.systemd1' failed: Process org.freedesktop.systemd1 exited with status 1
dbus-daemon[3037066]: [session uid=1000 pid=3037066 pidfd=5] Activating service name='org.freedesktop.systemd1' requested by ':1.4' (uid=1000 pid=3039688 comm="/usr/bin/dbus-broker-launch --config-file=/usr/sha")
dbus-daemon[3037066]: [session uid=1000 pid=3037066 pidfd=5] Activated service 'org.freedesktop.systemd1' failed: Process org.freedesktop.systemd1 exited with status 1
{"trial": "ctl-b03-018-dc16b-D", "outcome": "budget_exhausted", "poller_first_ok_ns": null, "loadavg_before": "13.33 14.31 16.00 12/2061 3199188"}
dbus-daemon[3037066]: [session uid=1000 pid=3037066 pidfd=5] Activating service name='org.freedesktop.systemd1' requested by ':1.4' (uid=1000 pid=3039688 comm="/usr/bin/dbus-broker-launch --config-file=/usr/sha")
dbus-daemon[3037066]: [session uid=1000 pid=3037066 pidfd=5] Activated service 'org.freedesktop.systemd1' failed: Process org.freedesktop.systemd1 exited with status 1
[2m2026-10-02T07:08:00.154425Z[0m [33m WARN[0m [2mcua_driver_sdk::runtime[0m[2m:[0m could not activate the persistent AT-SPI listener: AT-SPI connect failed: ZBus Error: MethodError(OwnedErrorName("org.freedesktop.DBus.Error.NameHasNoOwner"), Some("Could not activate remote peer 'org.a11y.atspi.Registry': unit failed"), Msg { type: Error, serial: 4294967295, sender: UniqueName("org.freedesktop.DBus"), reply-serial: 9, body: Str, fds: [] })
[2m2026-10-02T07:08:00.162313Z[0m [33m WARN[0m [2mplatform_linux::overlay[0m[2m:[0m X11 overlay: root reads cannot see this window's own pixels; save-unders will be served without readback confirmation
dbus-daemon[3037066]: [session uid=1000 pid=3037066 pidfd=5] Activating service name='org.freedesktop.systemd1' requested by ':1.4' (uid=1000 pid=3039688 comm="/usr/bin/dbus-broker-launch --config-file=/usr/sha")
dbus-daemon[3037066]: [session uid=1000 pid=3037066 pidfd=5] Activated service 'org.freedesktop.systemd1' failed: Process org.freedesktop.systemd1 exited with status 1
dbus-daemon[3037066]: [session uid=1000 pid=3037066 pidfd=5] Activating service name='org.freedesktop.systemd1' requested by ':1.4' (uid=1000 pid=3039688 comm="/usr/bin/dbus-broker-launch --config-file=/usr/sha")
dbus-daemon[3037066]: [session uid=1000 pid=3037066 pidfd=5] Activated service 'org.freedesktop.systemd1' failed: Process org.freedesktop.systemd1 exited with status 1
{"trial": "ctl-b03-019-dc16b-A", "outcome": "budget_exhausted", "poller_first_ok_ns": null, "loadavg_before": "13.46 14.32 15.99 12/2065 3203390"}
dbus-daemon[3037066]: [session uid=1000 pid=3037066 pidfd=5] Activating service name='org.freedesktop.systemd1' requested by ':1.4' (uid=1000 pid=3039688 comm="/usr/bin/dbus-broker-launch --config-file=/usr/sha")
dbus-daemon[3037066]: [session uid=1000 pid=3037066 pidfd=5] Activated service 'org.freedesktop.systemd1' failed: Process org.freedesktop.systemd1 exited with status 1
[2m2026-10-02T07:08:04.218051Z[0m [33m WARN[0m [2mcua_driver_sdk::runtime[0m[2m:[0m could not activate the persistent AT-SPI listener: AT-SPI connect failed: ZBus Error: MethodError(OwnedErrorName("org.freedesktop.DBus.Error.NameHasNoOwner"), Some("Could not activate remote peer 'org.a11y.atspi.Registry': unit failed"), Msg { type: Error, serial: 4294967295, sender: UniqueName("org.freedesktop.DBus"), reply-serial: 9, body: Str, fds: [] })
[2m2026-10-02T07:08:04.227959Z[0m [33m WARN[0m [2mplatform_linux::overlay[0m[2m:[0m X11 overlay: root reads cannot see this window's own pixels; save-unders will be served without readback confirmation
dbus-daemon[3037066]: [session uid=1000 pid=3037066 pidfd=5] Activating service name='org.freedesktop.systemd1' requested by ':1.4' (uid=1000 pid=3039688 comm="/usr/bin/dbus-broker-launch --config-file=/usr/sha")
dbus-daemon[3037066]: [session uid=1000 pid=3037066 pidfd=5] Activated service 'org.freedesktop.systemd1' failed: Process org.freedesktop.systemd1 exited with status 1
dbus-daemon[3037066]: [session uid=1000 pid=3037066 pidfd=5] Activating service name='org.freedesktop.systemd1' requested by ':1.4' (uid=1000 pid=3039688 comm="/usr/bin/dbus-broker-launch --config-file=/usr/sha")
dbus-daemon[3037066]: [session uid=1000 pid=3037066 pidfd=5] Activated service 'org.freedesktop.systemd1' failed: Process org.freedesktop.systemd1 exited with status 1
{"trial": "ctl-b04-000-dc17a-A", "outcome": "verified", "poller_first_ok_ns": 229269220056611, "loadavg_before": "13.43 14.30 15.98 14/2064 3207658"}
dbus-daemon[3037066]: [session uid=1000 pid=3037066 pidfd=5] Activating service name='org.freedesktop.systemd1' requested by ':1.4' (uid=1000 pid=3039688 comm="/usr/bin/dbus-broker-launch --config-file=/usr/sha")
dbus-daemon[3037066]: [session uid=1000 pid=3037066 pidfd=5] Activated service 'org.freedesktop.systemd1' failed: Process org.freedesktop.systemd1 exited with status 1
[2m2026-10-02T07:08:05.710003Z[0m [33m WARN[0m [2mcua_driver_sdk::runtime[0m[2m:[0m could not activate the persistent AT-SPI listener: AT-SPI connect failed: ZBus Error: MethodError(OwnedErrorName("org.freedesktop.DBus.Error.NameHasNoOwner"), Some("Could not activate remote peer 'org.a11y.atspi.Registry': unit failed"), Msg { type: Error, serial: 4294967295, sender: UniqueName("org.freedesktop.DBus"), reply-serial: 9, body: Str, fds: [] })
[2m2026-10-02T07:08:05.717694Z[0m [33m WARN[0m [2mplatform_linux::overlay[0m[2m:[0m X11 overlay: root reads cannot see this window's own pixels; save-unders will be served without readback confirmation
dbus-daemon[3037066]: [session uid=1000 pid=3037066 pidfd=5] Activating service name='org.freedesktop.systemd1' requested by ':1.4' (uid=1000 pid=3039688 comm="/usr/bin/dbus-broker-launch --config-file=/usr/sha")
dbus-daemon[3037066]: [session uid=1000 pid=3037066 pidfd=5] Activated service 'org.freedesktop.systemd1' failed: Process org.freedesktop.systemd1 exited with status 1
dbus-daemon[3037066]: [session uid=1000 pid=3037066 pidfd=5] Activating service name='org.freedesktop.systemd1' requested by ':1.4' (uid=1000 pid=3039688 comm="/usr/bin/dbus-broker-launch --config-file=/usr/sha")
dbus-daemon[3037066]: [session uid=1000 pid=3037066 pidfd=5] Activated service 'org.freedesktop.systemd1' failed: Process org.freedesktop.systemd1 exited with status 1
{"trial": "ctl-b04-001-dc17a-D", "outcome": "verified", "poller_first_ok_ns": 229270680949928, "loadavg_before": "13.43 14.30 15.98 14/2066 3209176"}
dbus-daemon[3037066]: [session uid=1000 pid=3037066 pidfd=5] Activating service name='org.freedesktop.systemd1' requested by ':1.4' (uid=1000 pid=3039688 comm="/usr/bin/dbus-broker-launch --config-file=/usr/sha")
dbus-daemon[3037066]: [session uid=1000 pid=3037066 pidfd=5] Activated service 'org.freedesktop.systemd1' failed: Process org.freedesktop.systemd1 exited with status 1
[2m2026-10-02T07:08:07.180588Z[0m [33m WARN[0m [2mcua_driver_sdk::runtime[0m[2m:[0m could not activate the persistent AT-SPI listener: AT-SPI connect failed: ZBus Error: MethodError(OwnedErrorName("org.freedesktop.DBus.Error.NameHasNoOwner"), Some("Could not activate remote peer 'org.a11y.atspi.Registry': unit failed"), Msg { type: Error, serial: 4294967295, sender: UniqueName("org.freedesktop.DBus"), reply-serial: 9, body: Str, fds: [] })
[2m2026-10-02T07:08:07.197733Z[0m [33m WARN[0m [2mplatform_linux::overlay[0m[2m:[0m X11 overlay: root reads cannot see this window's own pixels; save-unders will be served without readback confirmation
dbus-daemon[3037066]: [session uid=1000 pid=3037066 pidfd=5] Activating service name='org.freedesktop.systemd1' requested by ':1.4' (uid=1000 pid=3039688 comm="/usr/bin/dbus-broker-launch --config-file=/usr/sha")
dbus-daemon[3037066]: [session uid=1000 pid=3037066 pidfd=5] Activated service 'org.freedesktop.systemd1' failed: Process org.freedesktop.systemd1 exited with status 1
dbus-daemon[3037066]: [session uid=1000 pid=3037066 pidfd=5] Activating service name='org.freedesktop.systemd1' requested by ':1.4' (uid=1000 pid=3039688 comm="/usr/bin/dbus-broker-launch --config-file=/usr/sha")
dbus-daemon[3037066]: [session uid=1000 pid=3037066 pidfd=5] Activated service 'org.freedesktop.systemd1' failed: Process org.freedesktop.systemd1 exited with status 1
{"trial": "ctl-b04-002-dc17b-D", "outcome": "budget_exhausted", "poller_first_ok_ns": null, "loadavg_before": "13.31 14.26 15.95 12/2070 3210675"}
dbus-daemon[3037066]: [session uid=1000 pid=3037066 pidfd=5] Activating service name='org.freedesktop.systemd1' requested by ':1.4' (uid=1000 pid=3039688 comm="/usr/bin/dbus-broker-launch --config-file=/usr/sha")
dbus-daemon[3037066]: [session uid=1000 pid=3037066 pidfd=5] Activated service 'org.freedesktop.systemd1' failed: Process org.freedesktop.systemd1 exited with status 1
[2m2026-10-02T07:08:11.204747Z[0m [33m WARN[0m [2mcua_driver_sdk::runtime[0m[2m:[0m could not activate the persistent AT-SPI listener: AT-SPI connect failed: ZBus Error: MethodError(OwnedErrorName("org.freedesktop.DBus.Error.NameHasNoOwner"), Some("Could not activate remote peer 'org.a11y.atspi.Registry': unit failed"), Msg { type: Error, serial: 4294967295, sender: UniqueName("org.freedesktop.DBus"), reply-serial: 9, body: Str, fds: [] })
[2m2026-10-02T07:08:11.217584Z[0m [33m WARN[0m [2mplatform_linux::overlay[0m[2m:[0m X11 overlay: root reads cannot see this window's own pixels; save-unders will be served without readback confirmation
dbus-daemon[3037066]: [session uid=1000 pid=3037066 pidfd=5] Activating service name='org.freedesktop.systemd1' requested by ':1.4' (uid=1000 pid=3039688 comm="/usr/bin/dbus-broker-launch --config-file=/usr/sha")
dbus-daemon[3037066]: [session uid=1000 pid=3037066 pidfd=5] Activated service 'org.freedesktop.systemd1' failed: Process org.freedesktop.systemd1 exited with status 1
dbus-daemon[3037066]: [session uid=1000 pid=3037066 pidfd=5] Activating service name='org.freedesktop.systemd1' requested by ':1.4' (uid=1000 pid=3039688 comm="/usr/bin/dbus-broker-launch --config-file=/usr/sha")
dbus-daemon[3037066]: [session uid=1000 pid=3037066 pidfd=5] Activated service 'org.freedesktop.systemd1' failed: Process org.freedesktop.systemd1 exited with status 1
{"trial": "ctl-b04-003-dc17b-A", "outcome": "budget_exhausted", "poller_first_ok_ns": null, "loadavg_before": "13.31 14.26 15.95 12/2067 3214913"}
dbus-daemon[3037066]: [session uid=1000 pid=3037066 pidfd=5] Activating service name='org.freedesktop.systemd1' requested by ':1.4' (uid=1000 pid=3039688 comm="/usr/bin/dbus-broker-launch --config-file=/usr/sha")
dbus-daemon[3037066]: [session uid=1000 pid=3037066 pidfd=5] Activated service 'org.freedesktop.systemd1' failed: Process org.freedesktop.systemd1 exited with status 1
[2m2026-10-02T07:08:15.214542Z[0m [33m WARN[0m [2mcua_driver_sdk::runtime[0m[2m:[0m could not activate the persistent AT-SPI listener: AT-SPI connect failed: ZBus Error: MethodError(OwnedErrorName("org.freedesktop.DBus.Error.NameHasNoOwner"), Some("Could not activate remote peer 'org.a11y.atspi.Registry': unit failed"), Msg { type: Error, serial: 4294967295, sender: UniqueName("org.freedesktop.DBus"), reply-serial: 9, body: Str, fds: [] })
[2m2026-10-02T07:08:15.226143Z[0m [33m WARN[0m [2mplatform_linux::overlay[0m[2m:[0m X11 overlay: root reads cannot see this window's own pixels; save-unders will be served without readback confirmation
dbus-daemon[3037066]: [session uid=1000 pid=3037066 pidfd=5] Activating service name='org.freedesktop.systemd1' requested by ':1.4' (uid=1000 pid=3039688 comm="/usr/bin/dbus-broker-launch --config-file=/usr/sha")
dbus-daemon[3037066]: [session uid=1000 pid=3037066 pidfd=5] Activated service 'org.freedesktop.systemd1' failed: Process org.freedesktop.systemd1 exited with status 1
dbus-daemon[3037066]: [session uid=1000 pid=3037066 pidfd=5] Activating service name='org.freedesktop.systemd1' requested by ':1.4' (uid=1000 pid=3039688 comm="/usr/bin/dbus-broker-launch --config-file=/usr/sha")
dbus-daemon[3037066]: [session uid=1000 pid=3037066 pidfd=5] Activated service 'org.freedesktop.systemd1' failed: Process org.freedesktop.systemd1 exited with status 1
{"trial": "ctl-b04-004-dc20a-A", "outcome": "unknown", "poller_first_ok_ns": 229280071632214, "loadavg_before": "13.13 14.21 15.93 12/2074 3219092"}
dbus-daemon[3037066]: [session uid=1000 pid=3037066 pidfd=5] Activating service name='org.freedesktop.systemd1' requested by ':1.4' (uid=1000 pid=3039688 comm="/usr/bin/dbus-broker-launch --config-file=/usr/sha")
dbus-daemon[3037066]: [session uid=1000 pid=3037066 pidfd=5] Activated service 'org.freedesktop.systemd1' failed: Process org.freedesktop.systemd1 exited with status 1
[2m2026-10-02T07:08:16.575401Z[0m [33m WARN[0m [2mcua_driver_sdk::runtime[0m[2m:[0m could not activate the persistent AT-SPI listener: AT-SPI connect failed: ZBus Error: MethodError(OwnedErrorName("org.freedesktop.DBus.Error.NameHasNoOwner"), Some("Could not activate remote peer 'org.a11y.atspi.Registry': unit failed"), Msg { type: Error, serial: 4294967295, sender: UniqueName("org.freedesktop.DBus"), reply-serial: 9, body: Str, fds: [] })
[2m2026-10-02T07:08:16.599086Z[0m [33m WARN[0m [2mplatform_linux::overlay[0m[2m:[0m X11 overlay: root reads cannot see this window's own pixels; save-unders will be served without readback confirmation
dbus-daemon[3037066]: [session uid=1000 pid=3037066 pidfd=5] Activating service name='org.freedesktop.systemd1' requested by ':1.4' (uid=1000 pid=3039688 comm="/usr/bin/dbus-broker-launch --config-file=/usr/sha")
dbus-daemon[3037066]: [session uid=1000 pid=3037066 pidfd=5] Activated service 'org.freedesktop.systemd1' failed: Process org.freedesktop.systemd1 exited with status 1
dbus-daemon[3037066]: [session uid=1000 pid=3037066 pidfd=5] Activating service name='org.freedesktop.systemd1' requested by ':1.4' (uid=1000 pid=3039688 comm="/usr/bin/dbus-broker-launch --config-file=/usr/sha")
dbus-daemon[3037066]: [session uid=1000 pid=3037066 pidfd=5] Activated service 'org.freedesktop.systemd1' failed: Process org.freedesktop.systemd1 exited with status 1
{"trial": "ctl-b04-005-dc20a-D", "outcome": "unknown", "poller_first_ok_ns": 229281768759908, "loadavg_before": "13.13 14.21 15.93 13/2078 3220467"}
dbus-daemon[3037066]: [session uid=1000 pid=3037066 pidfd=5] Activating service name='org.freedesktop.systemd1' requested by ':1.4' (uid=1000 pid=3039688 comm="/usr/bin/dbus-broker-launch --config-file=/usr/sha")
dbus-daemon[3037066]: [session uid=1000 pid=3037066 pidfd=5] Activated service 'org.freedesktop.systemd1' failed: Process org.freedesktop.systemd1 exited with status 1
[2m2026-10-02T07:08:18.274179Z[0m [33m WARN[0m [2mcua_driver_sdk::runtime[0m[2m:[0m could not activate the persistent AT-SPI listener: AT-SPI connect failed: ZBus Error: MethodError(OwnedErrorName("org.freedesktop.DBus.Error.NameHasNoOwner"), Some("Could not activate remote peer 'org.a11y.atspi.Registry': unit failed"), Msg { type: Error, serial: 4294967295, sender: UniqueName("org.freedesktop.DBus"), reply-serial: 9, body: Str, fds: [] })
[2m2026-10-02T07:08:18.293155Z[0m [33m WARN[0m [2mplatform_linux::overlay[0m[2m:[0m X11 overlay: root reads cannot see this window's own pixels; save-unders will be served without readback confirmation
dbus-daemon[3037066]: [session uid=1000 pid=3037066 pidfd=5] Activating service name='org.freedesktop.systemd1' requested by ':1.4' (uid=1000 pid=3039688 comm="/usr/bin/dbus-broker-launch --config-file=/usr/sha")
dbus-daemon[3037066]: [session uid=1000 pid=3037066 pidfd=5] Activated service 'org.freedesktop.systemd1' failed: Process org.freedesktop.systemd1 exited with status 1
dbus-daemon[3037066]: [session uid=1000 pid=3037066 pidfd=5] Activating service name='org.freedesktop.systemd1' requested by ':1.4' (uid=1000 pid=3039688 comm="/usr/bin/dbus-broker-launch --config-file=/usr/sha")
dbus-daemon[3037066]: [session uid=1000 pid=3037066 pidfd=5] Activated service 'org.freedesktop.systemd1' failed: Process org.freedesktop.systemd1 exited with status 1
{"trial": "ctl-b04-006-dc20b-D", "outcome": "verified", "poller_first_ok_ns": 229283737298389, "loadavg_before": "13.20 14.20 15.92 13/2072 3221771"}
dbus-daemon[3037066]: [session uid=1000 pid=3037066 pidfd=5] Activating service name='org.freedesktop.systemd1' requested by ':1.4' (uid=1000 pid=3039688 comm="/usr/bin/dbus-broker-launch --config-file=/usr/sha")
dbus-daemon[3037066]: [session uid=1000 pid=3037066 pidfd=5] Activated service 'org.freedesktop.systemd1' failed: Process org.freedesktop.systemd1 exited with status 1
[2m2026-10-02T07:08:20.207698Z[0m [33m WARN[0m [2mcua_driver_sdk::runtime[0m[2m:[0m could not activate the persistent AT-SPI listener: AT-SPI connect failed: ZBus Error: MethodError(OwnedErrorName("org.freedesktop.DBus.Error.NameHasNoOwner"), Some("Could not activate remote peer 'org.a11y.atspi.Registry': unit failed"), Msg { type: Error, serial: 4294967295, sender: UniqueName("org.freedesktop.DBus"), reply-serial: 9, body: Str, fds: [] })
[2m2026-10-02T07:08:20.219361Z[0m [33m WARN[0m [2mplatform_linux::overlay[0m[2m:[0m X11 overlay: root reads cannot see this window's own pixels; save-unders will be served without readback confirmation
dbus-daemon[3037066]: [session uid=1000 pid=3037066 pidfd=5] Activating service name='org.freedesktop.systemd1' requested by ':1.4' (uid=1000 pid=3039688 comm="/usr/bin/dbus-broker-launch --config-file=/usr/sha")
dbus-daemon[3037066]: [session uid=1000 pid=3037066 pidfd=5] Activated service 'org.freedesktop.systemd1' failed: Process org.freedesktop.systemd1 exited with status 1
dbus-daemon[3037066]: [session uid=1000 pid=3037066 pidfd=5] Activating service name='org.freedesktop.systemd1' requested by ':1.4' (uid=1000 pid=3039688 comm="/usr/bin/dbus-broker-launch --config-file=/usr/sha")
dbus-daemon[3037066]: [session uid=1000 pid=3037066 pidfd=5] Activated service 'org.freedesktop.systemd1' failed: Process org.freedesktop.systemd1 exited with status 1
{"trial": "ctl-b04-007-dc20b-A", "outcome": "verified", "poller_first_ok_ns": 229285300007886, "loadavg_before": "13.20 14.20 15.92 12/2067 3223538"}
dbus-daemon[3037066]: [session uid=1000 pid=3037066 pidfd=5] Activating service name='org.freedesktop.systemd1' requested by ':1.4' (uid=1000 pid=3039688 comm="/usr/bin/dbus-broker-launch --config-file=/usr/sha")
dbus-daemon[3037066]: [session uid=1000 pid=3037066 pidfd=5] Activated service 'org.freedesktop.systemd1' failed: Process org.freedesktop.systemd1 exited with status 1
[2m2026-10-02T07:08:21.805408Z[0m [33m WARN[0m [2mcua_driver_sdk::runtime[0m[2m:[0m could not activate the persistent AT-SPI listener: AT-SPI connect failed: ZBus Error: MethodError(OwnedErrorName("org.freedesktop.DBus.Error.NameHasNoOwner"), Some("Could not activate remote peer 'org.a11y.atspi.Registry': unit failed"), Msg { type: Error, serial: 4294967295, sender: UniqueName("org.freedesktop.DBus"), reply-serial: 9, body: Str, fds: [] })
[2m2026-10-02T07:08:21.816307Z[0m [33m WARN[0m [2mplatform_linux::overlay[0m[2m:[0m X11 overlay: root reads cannot see this window's own pixels; save-unders will be served without readback confirmation
dbus-daemon[3037066]: [session uid=1000 pid=3037066 pidfd=5] Activating service name='org.freedesktop.systemd1' requested by ':1.4' (uid=1000 pid=3039688 comm="/usr/bin/dbus-broker-launch --config-file=/usr/sha")
dbus-daemon[3037066]: [session uid=1000 pid=3037066 pidfd=5] Activated service 'org.freedesktop.systemd1' failed: Process org.freedesktop.systemd1 exited with status 1
dbus-daemon[3037066]: [session uid=1000 pid=3037066 pidfd=5] Activating service name='org.freedesktop.systemd1' requested by ':1.4' (uid=1000 pid=3039688 comm="/usr/bin/dbus-broker-launch --config-file=/usr/sha")
dbus-daemon[3037066]: [session uid=1000 pid=3037066 pidfd=5] Activated service 'org.freedesktop.systemd1' failed: Process org.freedesktop.systemd1 exited with status 1
{"trial": "ctl-b04-008-dc01-A", "outcome": "verified", "poller_first_ok_ns": 229286801835923, "loadavg_before": "13.20 14.20 15.92 14/2066 3225178"}
dbus-daemon[3037066]: [session uid=1000 pid=3037066 pidfd=5] Activating service name='org.freedesktop.systemd1' requested by ':1.4' (uid=1000 pid=3039688 comm="/usr/bin/dbus-broker-launch --config-file=/usr/sha")
dbus-daemon[3037066]: [session uid=1000 pid=3037066 pidfd=5] Activated service 'org.freedesktop.systemd1' failed: Process org.freedesktop.systemd1 exited with status 1
[2m2026-10-02T07:08:23.314017Z[0m [33m WARN[0m [2mcua_driver_sdk::runtime[0m[2m:[0m could not activate the persistent AT-SPI listener: AT-SPI connect failed: ZBus Error: MethodError(OwnedErrorName("org.freedesktop.DBus.Error.NameHasNoOwner"), Some("Could not activate remote peer 'org.a11y.atspi.Registry': unit failed"), Msg { type: Error, serial: 4294967295, sender: UniqueName("org.freedesktop.DBus"), reply-serial: 9, body: Str, fds: [] })
[2m2026-10-02T07:08:23.339333Z[0m [33m WARN[0m [2mplatform_linux::overlay[0m[2m:[0m X11 overlay: root reads cannot see this window's own pixels; save-unders will be served without readback confirmation
dbus-daemon[3037066]: [session uid=1000 pid=3037066 pidfd=5] Activating service name='org.freedesktop.systemd1' requested by ':1.4' (uid=1000 pid=3039688 comm="/usr/bin/dbus-broker-launch --config-file=/usr/sha")
dbus-daemon[3037066]: [session uid=1000 pid=3037066 pidfd=5] Activated service 'org.freedesktop.systemd1' failed: Process org.freedesktop.systemd1 exited with status 1
dbus-daemon[3037066]: [session uid=1000 pid=3037066 pidfd=5] Activating service name='org.freedesktop.systemd1' requested by ':1.4' (uid=1000 pid=3039688 comm="/usr/bin/dbus-broker-launch --config-file=/usr/sha")
dbus-daemon[3037066]: [session uid=1000 pid=3037066 pidfd=5] Activated service 'org.freedesktop.systemd1' failed: Process org.freedesktop.systemd1 exited with status 1
{"trial": "ctl-b04-009-dc01-D", "outcome": "verified", "poller_first_ok_ns": 229288321431116, "loadavg_before": "13.18 14.18 15.90 14/2070 3226590"}
dbus-daemon[3037066]: [session uid=1000 pid=3037066 pidfd=5] Activating service name='org.freedesktop.systemd1' requested by ':1.4' (uid=1000 pid=3039688 comm="/usr/bin/dbus-broker-launch --config-file=/usr/sha")
dbus-daemon[3037066]: [session uid=1000 pid=3037066 pidfd=5] Activated service 'org.freedesktop.systemd1' failed: Process org.freedesktop.systemd1 exited with status 1
[2m2026-10-02T07:08:24.821314Z[0m [33m WARN[0m [2mcua_driver_sdk::runtime[0m[2m:[0m could not activate the persistent AT-SPI listener: AT-SPI connect failed: ZBus Error: MethodError(OwnedErrorName("org.freedesktop.DBus.Error.NameHasNoOwner"), Some("Could not activate remote peer 'org.a11y.atspi.Registry': unit failed"), Msg { type: Error, serial: 4294967295, sender: UniqueName("org.freedesktop.DBus"), reply-serial: 9, body: Str, fds: [] })
[2m2026-10-02T07:08:24.834864Z[0m [33m WARN[0m [2mplatform_linux::overlay[0m[2m:[0m X11 overlay: root reads cannot see this window's own pixels; save-unders will be served without readback confirmation
dbus-daemon[3037066]: [session uid=1000 pid=3037066 pidfd=5] Activating service name='org.freedesktop.systemd1' requested by ':1.4' (uid=1000 pid=3039688 comm="/usr/bin/dbus-broker-launch --config-file=/usr/sha")
dbus-daemon[3037066]: [session uid=1000 pid=3037066 pidfd=5] Activated service 'org.freedesktop.systemd1' failed: Process org.freedesktop.systemd1 exited with status 1
dbus-daemon[3037066]: [session uid=1000 pid=3037066 pidfd=5] Activating service name='org.freedesktop.systemd1' requested by ':1.4' (uid=1000 pid=3039688 comm="/usr/bin/dbus-broker-launch --config-file=/usr/sha")
dbus-daemon[3037066]: [session uid=1000 pid=3037066 pidfd=5] Activated service 'org.freedesktop.systemd1' failed: Process org.freedesktop.systemd1 exited with status 1
{"trial": "ctl-b04-010-dc03-D", "outcome": "budget_exhausted", "poller_first_ok_ns": null, "loadavg_before": "13.18 14.18 15.90 13/2040 3228089"}
dbus-daemon[3037066]: [session uid=1000 pid=3037066 pidfd=5] Activating service name='org.freedesktop.systemd1' requested by ':1.4' (uid=1000 pid=3039688 comm="/usr/bin/dbus-broker-launch --config-file=/usr/sha")
dbus-daemon[3037066]: [session uid=1000 pid=3037066 pidfd=5] Activated service 'org.freedesktop.systemd1' failed: Process org.freedesktop.systemd1 exited with status 1
[2m2026-10-02T07:08:30.865917Z[0m [33m WARN[0m [2mcua_driver_sdk::runtime[0m[2m:[0m could not activate the persistent AT-SPI listener: AT-SPI connect failed: ZBus Error: MethodError(OwnedErrorName("org.freedesktop.DBus.Error.NameHasNoOwner"), Some("Could not activate remote peer 'org.a11y.atspi.Registry': unit failed"), Msg { type: Error, serial: 4294967295, sender: UniqueName("org.freedesktop.DBus"), reply-serial: 9, body: Str, fds: [] })
[2m2026-10-02T07:08:30.878862Z[0m [33m WARN[0m [2mplatform_linux::overlay[0m[2m:[0m X11 overlay: root reads cannot see this window's own pixels; save-unders will be served without readback confirmation
dbus-daemon[3037066]: [session uid=1000 pid=3037066 pidfd=5] Activating service name='org.freedesktop.systemd1' requested by ':1.4' (uid=1000 pid=3039688 comm="/usr/bin/dbus-broker-launch --config-file=/usr/sha")
dbus-daemon[3037066]: [session uid=1000 pid=3037066 pidfd=5] Activated service 'org.freedesktop.systemd1' failed: Process org.freedesktop.systemd1 exited with status 1
dbus-daemon[3037066]: [session uid=1000 pid=3037066 pidfd=5] Activating service name='org.freedesktop.systemd1' requested by ':1.4' (uid=1000 pid=3039688 comm="/usr/bin/dbus-broker-launch --config-file=/usr/sha")
dbus-daemon[3037066]: [session uid=1000 pid=3037066 pidfd=5] Activated service 'org.freedesktop.systemd1' failed: Process org.freedesktop.systemd1 exited with status 1
{"trial": "ctl-b04-011-dc03-A", "outcome": "budget_exhausted", "poller_first_ok_ns": null, "loadavg_before": "13.08 14.15 15.88 13/2069 3234313"}
dbus-daemon[3037066]: [session uid=1000 pid=3037066 pidfd=5] Activating service name='org.freedesktop.systemd1' requested by ':1.4' (uid=1000 pid=3039688 comm="/usr/bin/dbus-broker-launch --config-file=/usr/sha")
dbus-daemon[3037066]: [session uid=1000 pid=3037066 pidfd=5] Activated service 'org.freedesktop.systemd1' failed: Process org.freedesktop.systemd1 exited with status 1
[2m2026-10-02T07:08:36.895352Z[0m [33m WARN[0m [2mcua_driver_sdk::runtime[0m[2m:[0m could not activate the persistent AT-SPI listener: AT-SPI connect failed: ZBus Error: MethodError(OwnedErrorName("org.freedesktop.DBus.Error.NameHasNoOwner"), Some("Could not activate remote peer 'org.a11y.atspi.Registry': unit failed"), Msg { type: Error, serial: 4294967295, sender: UniqueName("org.freedesktop.DBus"), reply-serial: 9, body: Str, fds: [] })
[2m2026-10-02T07:08:36.907949Z[0m [33m WARN[0m [2mplatform_linux::overlay[0m[2m:[0m X11 overlay: root reads cannot see this window's own pixels; save-unders will be served without readback confirmation
dbus-daemon[3037066]: [session uid=1000 pid=3037066 pidfd=5] Activating service name='org.freedesktop.systemd1' requested by ':1.4' (uid=1000 pid=3039688 comm="/usr/bin/dbus-broker-launch --config-file=/usr/sha")
dbus-daemon[3037066]: [session uid=1000 pid=3037066 pidfd=5] Activated service 'org.freedesktop.systemd1' failed: Process org.freedesktop.systemd1 exited with status 1
dbus-daemon[3037066]: [session uid=1000 pid=3037066 pidfd=5] Activating service name='org.freedesktop.systemd1' requested by ':1.4' (uid=1000 pid=3039688 comm="/usr/bin/dbus-broker-launch --config-file=/usr/sha")
dbus-daemon[3037066]: [session uid=1000 pid=3037066 pidfd=5] Activated service 'org.freedesktop.systemd1' failed: Process org.freedesktop.systemd1 exited with status 1
{"trial": "ctl-b04-012-dc04-A", "outcome": "budget_exhausted", "poller_first_ok_ns": null, "loadavg_before": "12.92 14.09 15.85 13/2073 3240299"}
dbus-daemon[3037066]: [session uid=1000 pid=3037066 pidfd=5] Activating service name='org.freedesktop.systemd1' requested by ':1.4' (uid=1000 pid=3039688 comm="/usr/bin/dbus-broker-launch --config-file=/usr/sha")
dbus-daemon[3037066]: [session uid=1000 pid=3037066 pidfd=5] Activated service 'org.freedesktop.systemd1' failed: Process org.freedesktop.systemd1 exited with status 1
[2m2026-10-02T07:08:40.911407Z[0m [33m WARN[0m [2mcua_driver_sdk::runtime[0m[2m:[0m could not activate the persistent AT-SPI listener: AT-SPI connect failed: ZBus Error: MethodError(OwnedErrorName("org.freedesktop.DBus.Error.NameHasNoOwner"), Some("Could not activate remote peer 'org.a11y.atspi.Registry': unit failed"), Msg { type: Error, serial: 4294967295, sender: UniqueName("org.freedesktop.DBus"), reply-serial: 9, body: Str, fds: [] })
[2m2026-10-02T07:08:40.922174Z[0m [33m WARN[0m [2mplatform_linux::overlay[0m[2m:[0m X11 overlay: root reads cannot see this window's own pixels; save-unders will be served without readback confirmation
dbus-daemon[3037066]: [session uid=1000 pid=3037066 pidfd=5] Activating service name='org.freedesktop.systemd1' requested by ':1.4' (uid=1000 pid=3039688 comm="/usr/bin/dbus-broker-launch --config-file=/usr/sha")
dbus-daemon[3037066]: [session uid=1000 pid=3037066 pidfd=5] Activated service 'org.freedesktop.systemd1' failed: Process org.freedesktop.systemd1 exited with status 1
dbus-daemon[3037066]: [session uid=1000 pid=3037066 pidfd=5] Activating service name='org.freedesktop.systemd1' requested by ':1.4' (uid=1000 pid=3039688 comm="/usr/bin/dbus-broker-launch --config-file=/usr/sha")
dbus-daemon[3037066]: [session uid=1000 pid=3037066 pidfd=5] Activated service 'org.freedesktop.systemd1' failed: Process org.freedesktop.systemd1 exited with status 1
{"trial": "ctl-b04-013-dc04-D", "outcome": "budget_exhausted", "poller_first_ok_ns": null, "loadavg_before": "13.08 14.11 15.85 12/2076 3244356"}
dbus-daemon[3037066]: [session uid=1000 pid=3037066 pidfd=5] Activating service name='org.freedesktop.systemd1' requested by ':1.4' (uid=1000 pid=3039688 comm="/usr/bin/dbus-broker-launch --config-file=/usr/sha")
dbus-daemon[3037066]: [session uid=1000 pid=3037066 pidfd=5] Activated service 'org.freedesktop.systemd1' failed: Process org.freedesktop.systemd1 exited with status 1
[2m2026-10-02T07:08:44.941870Z[0m [33m WARN[0m [2mcua_driver_sdk::runtime[0m[2m:[0m could not activate the persistent AT-SPI listener: AT-SPI connect failed: ZBus Error: MethodError(OwnedErrorName("org.freedesktop.DBus.Error.NameHasNoOwner"), Some("Could not activate remote peer 'org.a11y.atspi.Registry': unit failed"), Msg { type: Error, serial: 4294967295, sender: UniqueName("org.freedesktop.DBus"), reply-serial: 9, body: Str, fds: [] })
[2m2026-10-02T07:08:44.951986Z[0m [33m WARN[0m [2mplatform_linux::overlay[0m[2m:[0m X11 overlay: root reads cannot see this window's own pixels; save-unders will be served without readback confirmation
dbus-daemon[3037066]: [session uid=1000 pid=3037066 pidfd=5] Activating service name='org.freedesktop.systemd1' requested by ':1.4' (uid=1000 pid=3039688 comm="/usr/bin/dbus-broker-launch --config-file=/usr/sha")
dbus-daemon[3037066]: [session uid=1000 pid=3037066 pidfd=5] Activated service 'org.freedesktop.systemd1' failed: Process org.freedesktop.systemd1 exited with status 1
dbus-daemon[3037066]: [session uid=1000 pid=3037066 pidfd=5] Activating service name='org.freedesktop.systemd1' requested by ':1.4' (uid=1000 pid=3039688 comm="/usr/bin/dbus-broker-launch --config-file=/usr/sha")
dbus-daemon[3037066]: [session uid=1000 pid=3037066 pidfd=5] Activated service 'org.freedesktop.systemd1' failed: Process org.freedesktop.systemd1 exited with status 1
{"trial": "ctl-b04-014-dc05a-D", "outcome": "verified", "poller_first_ok_ns": 229309788536005, "loadavg_before": "13.08 14.09 15.83 17/2080 3248480"}
dbus-daemon[3037066]: [session uid=1000 pid=3037066 pidfd=5] Activating service name='org.freedesktop.systemd1' requested by ':1.4' (uid=1000 pid=3039688 comm="/usr/bin/dbus-broker-launch --config-file=/usr/sha")
dbus-daemon[3037066]: [session uid=1000 pid=3037066 pidfd=5] Activated service 'org.freedesktop.systemd1' failed: Process org.freedesktop.systemd1 exited with status 1
[2m2026-10-02T07:08:46.311667Z[0m [33m WARN[0m [2mcua_driver_sdk::runtime[0m[2m:[0m could not activate the persistent AT-SPI listener: AT-SPI connect failed: ZBus Error: MethodError(OwnedErrorName("org.freedesktop.DBus.Error.NameHasNoOwner"), Some("Could not activate remote peer 'org.a11y.atspi.Registry': unit failed"), Msg { type: Error, serial: 4294967295, sender: UniqueName("org.freedesktop.DBus"), reply-serial: 9, body: Str, fds: [] })
[2m2026-10-02T07:08:46.324318Z[0m [33m WARN[0m [2mplatform_linux::overlay[0m[2m:[0m X11 overlay: root reads cannot see this window's own pixels; save-unders will be served without readback confirmation
dbus-daemon[3037066]: [session uid=1000 pid=3037066 pidfd=5] Activating service name='org.freedesktop.systemd1' requested by ':1.4' (uid=1000 pid=3039688 comm="/usr/bin/dbus-broker-launch --config-file=/usr/sha")
dbus-daemon[3037066]: [session uid=1000 pid=3037066 pidfd=5] Activated service 'org.freedesktop.systemd1' failed: Process org.freedesktop.systemd1 exited with status 1
dbus-daemon[3037066]: [session uid=1000 pid=3037066 pidfd=5] Activating service name='org.freedesktop.systemd1' requested by ':1.4' (uid=1000 pid=3039688 comm="/usr/bin/dbus-broker-launch --config-file=/usr/sha")
dbus-daemon[3037066]: [session uid=1000 pid=3037066 pidfd=5] Activated service 'org.freedesktop.systemd1' failed: Process org.freedesktop.systemd1 exited with status 1
{"trial": "ctl-b04-015-dc05a-A", "outcome": "verified", "poller_first_ok_ns": 229311121502169, "loadavg_before": "13.08 14.09 15.83 12/2074 3249845"}
dbus-daemon[3037066]: [session uid=1000 pid=3037066 pidfd=5] Activating service name='org.freedesktop.systemd1' requested by ':1.4' (uid=1000 pid=3039688 comm="/usr/bin/dbus-broker-launch --config-file=/usr/sha")
dbus-daemon[3037066]: [session uid=1000 pid=3037066 pidfd=5] Activated service 'org.freedesktop.systemd1' failed: Process org.freedesktop.systemd1 exited with status 1
[2m2026-10-02T07:08:47.583734Z[0m [33m WARN[0m [2mcua_driver_sdk::runtime[0m[2m:[0m could not activate the persistent AT-SPI listener: AT-SPI connect failed: ZBus Error: MethodError(OwnedErrorName("org.freedesktop.DBus.Error.NameHasNoOwner"), Some("Could not activate remote peer 'org.a11y.atspi.Registry': unit failed"), Msg { type: Error, serial: 4294967295, sender: UniqueName("org.freedesktop.DBus"), reply-serial: 9, body: Str, fds: [] })
[2m2026-10-02T07:08:47.592361Z[0m [33m WARN[0m [2mplatform_linux::overlay[0m[2m:[0m X11 overlay: root reads cannot see this window's own pixels; save-unders will be served without readback confirmation
dbus-daemon[3037066]: [session uid=1000 pid=3037066 pidfd=5] Activating service name='org.freedesktop.systemd1' requested by ':1.4' (uid=1000 pid=3039688 comm="/usr/bin/dbus-broker-launch --config-file=/usr/sha")
dbus-daemon[3037066]: [session uid=1000 pid=3037066 pidfd=5] Activated service 'org.freedesktop.systemd1' failed: Process org.freedesktop.systemd1 exited with status 1
dbus-daemon[3037066]: [session uid=1000 pid=3037066 pidfd=5] Activating service name='org.freedesktop.systemd1' requested by ':1.4' (uid=1000 pid=3039688 comm="/usr/bin/dbus-broker-launch --config-file=/usr/sha")
dbus-daemon[3037066]: [session uid=1000 pid=3037066 pidfd=5] Activated service 'org.freedesktop.systemd1' failed: Process org.freedesktop.systemd1 exited with status 1
{"trial": "ctl-b04-016-dc12-A", "outcome": "budget_exhausted", "poller_first_ok_ns": null, "loadavg_before": "12.99 14.06 15.81 12/2068 3251199"}
dbus-daemon[3037066]: [session uid=1000 pid=3037066 pidfd=5] Activating service name='org.freedesktop.systemd1' requested by ':1.4' (uid=1000 pid=3039688 comm="/usr/bin/dbus-broker-launch --config-file=/usr/sha")
dbus-daemon[3037066]: [session uid=1000 pid=3037066 pidfd=5] Activated service 'org.freedesktop.systemd1' failed: Process org.freedesktop.systemd1 exited with status 1
[2m2026-10-02T07:08:51.549434Z[0m [33m WARN[0m [2mcua_driver_sdk::runtime[0m[2m:[0m could not activate the persistent AT-SPI listener: AT-SPI connect failed: ZBus Error: MethodError(OwnedErrorName("org.freedesktop.DBus.Error.NameHasNoOwner"), Some("Could not activate remote peer 'org.a11y.atspi.Registry': unit failed"), Msg { type: Error, serial: 4294967295, sender: UniqueName("org.freedesktop.DBus"), reply-serial: 9, body: Str, fds: [] })
[2m2026-10-02T07:08:51.560538Z[0m [33m WARN[0m [2mplatform_linux::overlay[0m[2m:[0m X11 overlay: root reads cannot see this window's own pixels; save-unders will be served without readback confirmation
dbus-daemon[3037066]: [session uid=1000 pid=3037066 pidfd=5] Activating service name='org.freedesktop.systemd1' requested by ':1.4' (uid=1000 pid=3039688 comm="/usr/bin/dbus-broker-launch --config-file=/usr/sha")
dbus-daemon[3037066]: [session uid=1000 pid=3037066 pidfd=5] Activated service 'org.freedesktop.systemd1' failed: Process org.freedesktop.systemd1 exited with status 1
dbus-daemon[3037066]: [session uid=1000 pid=3037066 pidfd=5] Activating service name='org.freedesktop.systemd1' requested by ':1.4' (uid=1000 pid=3039688 comm="/usr/bin/dbus-broker-launch --config-file=/usr/sha")
dbus-daemon[3037066]: [session uid=1000 pid=3037066 pidfd=5] Activated service 'org.freedesktop.systemd1' failed: Process org.freedesktop.systemd1 exited with status 1
{"trial": "ctl-b04-017-dc12-D", "outcome": "budget_exhausted", "poller_first_ok_ns": null, "loadavg_before": "12.99 14.06 15.81 12/2066 3255184"}
dbus-daemon[3037066]: [session uid=1000 pid=3037066 pidfd=5] Activating service name='org.freedesktop.systemd1' requested by ':1.4' (uid=1000 pid=3039688 comm="/usr/bin/dbus-broker-launch --config-file=/usr/sha")
dbus-daemon[3037066]: [session uid=1000 pid=3037066 pidfd=5] Activated service 'org.freedesktop.systemd1' failed: Process org.freedesktop.systemd1 exited with status 1
[2m2026-10-02T07:08:55.526913Z[0m [33m WARN[0m [2mcua_driver_sdk::runtime[0m[2m:[0m could not activate the persistent AT-SPI listener: AT-SPI connect failed: ZBus Error: MethodError(OwnedErrorName("org.freedesktop.DBus.Error.NameHasNoOwner"), Some("Could not activate remote peer 'org.a11y.atspi.Registry': unit failed"), Msg { type: Error, serial: 4294967295, sender: UniqueName("org.freedesktop.DBus"), reply-serial: 9, body: Str, fds: [] })
[2m2026-10-02T07:08:55.534527Z[0m [33m WARN[0m [2mplatform_linux::overlay[0m[2m:[0m X11 overlay: root reads cannot see this window's own pixels; save-unders will be served without readback confirmation
dbus-daemon[3037066]: [session uid=1000 pid=3037066 pidfd=5] Activating service name='org.freedesktop.systemd1' requested by ':1.4' (uid=1000 pid=3039688 comm="/usr/bin/dbus-broker-launch --config-file=/usr/sha")
dbus-daemon[3037066]: [session uid=1000 pid=3037066 pidfd=5] Activated service 'org.freedesktop.systemd1' failed: Process org.freedesktop.systemd1 exited with status 1
dbus-daemon[3037066]: [session uid=1000 pid=3037066 pidfd=5] Activating service name='org.freedesktop.systemd1' requested by ':1.4' (uid=1000 pid=3039688 comm="/usr/bin/dbus-broker-launch --config-file=/usr/sha")
dbus-daemon[3037066]: [session uid=1000 pid=3037066 pidfd=5] Activated service 'org.freedesktop.systemd1' failed: Process org.freedesktop.systemd1 exited with status 1
{"trial": "ctl-b04-018-dc13-D", "outcome": "verified", "poller_first_ok_ns": 229320378295287, "loadavg_before": "12.67 13.97 15.78 13/2056 3259204"}
dbus-daemon[3037066]: [session uid=1000 pid=3037066 pidfd=5] Activating service name='org.freedesktop.systemd1' requested by ':1.4' (uid=1000 pid=3039688 comm="/usr/bin/dbus-broker-launch --config-file=/usr/sha")
dbus-daemon[3037066]: [session uid=1000 pid=3037066 pidfd=5] Activated service 'org.freedesktop.systemd1' failed: Process org.freedesktop.systemd1 exited with status 1
[2m2026-10-02T07:08:56.874744Z[0m [33m WARN[0m [2mcua_driver_sdk::runtime[0m[2m:[0m could not activate the persistent AT-SPI listener: AT-SPI connect failed: ZBus Error: MethodError(OwnedErrorName("org.freedesktop.DBus.Error.NameHasNoOwner"), Some("Could not activate remote peer 'org.a11y.atspi.Registry': unit failed"), Msg { type: Error, serial: 4294967295, sender: UniqueName("org.freedesktop.DBus"), reply-serial: 9, body: Str, fds: [] })
[2m2026-10-02T07:08:56.884055Z[0m [33m WARN[0m [2mplatform_linux::overlay[0m[2m:[0m X11 overlay: root reads cannot see this window's own pixels; save-unders will be served without readback confirmation
dbus-daemon[3037066]: [session uid=1000 pid=3037066 pidfd=5] Activating service name='org.freedesktop.systemd1' requested by ':1.4' (uid=1000 pid=3039688 comm="/usr/bin/dbus-broker-launch --config-file=/usr/sha")
dbus-daemon[3037066]: [session uid=1000 pid=3037066 pidfd=5] Activated service 'org.freedesktop.systemd1' failed: Process org.freedesktop.systemd1 exited with status 1
dbus-daemon[3037066]: [session uid=1000 pid=3037066 pidfd=5] Activating service name='org.freedesktop.systemd1' requested by ':1.4' (uid=1000 pid=3039688 comm="/usr/bin/dbus-broker-launch --config-file=/usr/sha")
dbus-daemon[3037066]: [session uid=1000 pid=3037066 pidfd=5] Activated service 'org.freedesktop.systemd1' failed: Process org.freedesktop.systemd1 exited with status 1
{"trial": "ctl-b04-019-dc13-A", "outcome": "verified", "poller_first_ok_ns": 229321671877669, "loadavg_before": "12.67 13.97 15.78 12/2059 3260620"}
dbus-daemon[3037066]: [session uid=1000 pid=3037066 pidfd=5] Activating service name='org.freedesktop.systemd1' requested by ':1.4' (uid=1000 pid=3039688 comm="/usr/bin/dbus-broker-launch --config-file=/usr/sha")
dbus-daemon[3037066]: [session uid=1000 pid=3037066 pidfd=5] Activated service 'org.freedesktop.systemd1' failed: Process org.freedesktop.systemd1 exited with status 1
[2m2026-10-02T07:08:58.235287Z[0m [33m WARN[0m [2mcua_driver_sdk::runtime[0m[2m:[0m could not activate the persistent AT-SPI listener: AT-SPI connect failed: ZBus Error: MethodError(OwnedErrorName("org.freedesktop.DBus.Error.NameHasNoOwner"), Some("Could not activate remote peer 'org.a11y.atspi.Registry': unit failed"), Msg { type: Error, serial: 4294967295, sender: UniqueName("org.freedesktop.DBus"), reply-serial: 9, body: Str, fds: [] })
[2m2026-10-02T07:08:58.248245Z[0m [33m WARN[0m [2mplatform_linux::overlay[0m[2m:[0m X11 overlay: root reads cannot see this window's own pixels; save-unders will be served without readback confirmation
dbus-daemon[3037066]: [session uid=1000 pid=3037066 pidfd=5] Activating service name='org.freedesktop.systemd1' requested by ':1.4' (uid=1000 pid=3039688 comm="/usr/bin/dbus-broker-launch --config-file=/usr/sha")
dbus-daemon[3037066]: [session uid=1000 pid=3037066 pidfd=5] Activated service 'org.freedesktop.systemd1' failed: Process org.freedesktop.systemd1 exited with status 1
dbus-daemon[3037066]: [session uid=1000 pid=3037066 pidfd=5] Activating service name='org.freedesktop.systemd1' requested by ':1.4' (uid=1000 pid=3039688 comm="/usr/bin/dbus-broker-launch --config-file=/usr/sha")
dbus-daemon[3037066]: [session uid=1000 pid=3037066 pidfd=5] Activated service 'org.freedesktop.systemd1' failed: Process org.freedesktop.systemd1 exited with status 1
{"trial": "ctl-b05-000-dc14a-A", "outcome": "budget_exhausted", "poller_first_ok_ns": null, "loadavg_before": "12.70 13.95 15.76 13/2058 3262066"}
dbus-daemon[3037066]: [session uid=1000 pid=3037066 pidfd=5] Activating service name='org.freedesktop.systemd1' requested by ':1.4' (uid=1000 pid=3039688 comm="/usr/bin/dbus-broker-launch --config-file=/usr/sha")
dbus-daemon[3037066]: [session uid=1000 pid=3037066 pidfd=5] Activated service 'org.freedesktop.systemd1' failed: Process org.freedesktop.systemd1 exited with status 1
[2m2026-10-02T07:09:02.247726Z[0m [33m WARN[0m [2mcua_driver_sdk::runtime[0m[2m:[0m could not activate the persistent AT-SPI listener: AT-SPI connect failed: ZBus Error: MethodError(OwnedErrorName("org.freedesktop.DBus.Error.NameHasNoOwner"), Some("Could not activate remote peer 'org.a11y.atspi.Registry': unit failed"), Msg { type: Error, serial: 4294967295, sender: UniqueName("org.freedesktop.DBus"), reply-serial: 9, body: Str, fds: [] })
[2m2026-10-02T07:09:02.259792Z[0m [33m WARN[0m [2mplatform_linux::overlay[0m[2m:[0m X11 overlay: root reads cannot see this window's own pixels; save-unders will be served without readback confirmation
dbus-daemon[3037066]: [session uid=1000 pid=3037066 pidfd=5] Activating service name='org.freedesktop.systemd1' requested by ':1.4' (uid=1000 pid=3039688 comm="/usr/bin/dbus-broker-launch --config-file=/usr/sha")
dbus-daemon[3037066]: [session uid=1000 pid=3037066 pidfd=5] Activated service 'org.freedesktop.systemd1' failed: Process org.freedesktop.systemd1 exited with status 1
dbus-daemon[3037066]: [session uid=1000 pid=3037066 pidfd=5] Activating service name='org.freedesktop.systemd1' requested by ':1.4' (uid=1000 pid=3039688 comm="/usr/bin/dbus-broker-launch --config-file=/usr/sha")
dbus-daemon[3037066]: [session uid=1000 pid=3037066 pidfd=5] Activated service 'org.freedesktop.systemd1' failed: Process org.freedesktop.systemd1 exited with status 1
{"trial": "ctl-b05-001-dc14a-D", "outcome": "budget_exhausted", "poller_first_ok_ns": null, "loadavg_before": "12.56 13.91 15.73 13/2057 3266207"}
dbus-daemon[3037066]: [session uid=1000 pid=3037066 pidfd=5] Activating service name='org.freedesktop.systemd1' requested by ':1.4' (uid=1000 pid=3039688 comm="/usr/bin/dbus-broker-launch --config-file=/usr/sha")
dbus-daemon[3037066]: [session uid=1000 pid=3037066 pidfd=5] Activated service 'org.freedesktop.systemd1' failed: Process org.freedesktop.systemd1 exited with status 1
[2m2026-10-02T07:09:06.216807Z[0m [33m WARN[0m [2mcua_driver_sdk::runtime[0m[2m:[0m could not activate the persistent AT-SPI listener: AT-SPI connect failed: ZBus Error: MethodError(OwnedErrorName("org.freedesktop.DBus.Error.NameHasNoOwner"), Some("Could not activate remote peer 'org.a11y.atspi.Registry': unit failed"), Msg { type: Error, serial: 4294967295, sender: UniqueName("org.freedesktop.DBus"), reply-serial: 9, body: Str, fds: [] })
[2m2026-10-02T07:09:06.227081Z[0m [33m WARN[0m [2mplatform_linux::overlay[0m[2m:[0m X11 overlay: root reads cannot see this window's own pixels; save-unders will be served without readback confirmation
dbus-daemon[3037066]: [session uid=1000 pid=3037066 pidfd=5] Activating service name='org.freedesktop.systemd1' requested by ':1.4' (uid=1000 pid=3039688 comm="/usr/bin/dbus-broker-launch --config-file=/usr/sha")
dbus-daemon[3037066]: [session uid=1000 pid=3037066 pidfd=5] Activated service 'org.freedesktop.systemd1' failed: Process org.freedesktop.systemd1 exited with status 1
dbus-daemon[3037066]: [session uid=1000 pid=3037066 pidfd=5] Activating service name='org.freedesktop.systemd1' requested by ':1.4' (uid=1000 pid=3039688 comm="/usr/bin/dbus-broker-launch --config-file=/usr/sha")
dbus-daemon[3037066]: [session uid=1000 pid=3037066 pidfd=5] Activated service 'org.freedesktop.systemd1' failed: Process org.freedesktop.systemd1 exited with status 1
{"trial": "ctl-b05-002-dc14b-D", "outcome": "verified", "poller_first_ok_ns": 229331035231866, "loadavg_before": "12.56 13.91 15.73 12/2056 3270209"}
dbus-daemon[3037066]: [session uid=1000 pid=3037066 pidfd=5] Activating service name='org.freedesktop.systemd1' requested by ':1.4' (uid=1000 pid=3039688 comm="/usr/bin/dbus-broker-launch --config-file=/usr/sha")
dbus-daemon[3037066]: [session uid=1000 pid=3037066 pidfd=5] Activated service 'org.freedesktop.systemd1' failed: Process org.freedesktop.systemd1 exited with status 1
[2m2026-10-02T07:09:07.518549Z[0m [33m WARN[0m [2mcua_driver_sdk::runtime[0m[2m:[0m could not activate the persistent AT-SPI listener: AT-SPI connect failed: ZBus Error: MethodError(OwnedErrorName("org.freedesktop.DBus.Error.NameHasNoOwner"), Some("Could not activate remote peer 'org.a11y.atspi.Registry': unit failed"), Msg { type: Error, serial: 4294967295, sender: UniqueName("org.freedesktop.DBus"), reply-serial: 9, body: Str, fds: [] })
[2m2026-10-02T07:09:07.529023Z[0m [33m WARN[0m [2mplatform_linux::overlay[0m[2m:[0m X11 overlay: root reads cannot see this window's own pixels; save-unders will be served without readback confirmation
dbus-daemon[3037066]: [session uid=1000 pid=3037066 pidfd=5] Activating service name='org.freedesktop.systemd1' requested by ':1.4' (uid=1000 pid=3039688 comm="/usr/bin/dbus-broker-launch --config-file=/usr/sha")
dbus-daemon[3037066]: [session uid=1000 pid=3037066 pidfd=5] Activated service 'org.freedesktop.systemd1' failed: Process org.freedesktop.systemd1 exited with status 1
dbus-daemon[3037066]: [session uid=1000 pid=3037066 pidfd=5] Activating service name='org.freedesktop.systemd1' requested by ':1.4' (uid=1000 pid=3039688 comm="/usr/bin/dbus-broker-launch --config-file=/usr/sha")
dbus-daemon[3037066]: [session uid=1000 pid=3037066 pidfd=5] Activated service 'org.freedesktop.systemd1' failed: Process org.freedesktop.systemd1 exited with status 1
{"trial": "ctl-b05-003-dc14b-A", "outcome": "verified", "poller_first_ok_ns": 229332313399852, "loadavg_before": "12.52 13.87 15.71 12/2065 3271582"}
dbus-daemon[3037066]: [session uid=1000 pid=3037066 pidfd=5] Activating service name='org.freedesktop.systemd1' requested by ':1.4' (uid=1000 pid=3039688 comm="/usr/bin/dbus-broker-launch --config-file=/usr/sha")
dbus-daemon[3037066]: [session uid=1000 pid=3037066 pidfd=5] Activated service 'org.freedesktop.systemd1' failed: Process org.freedesktop.systemd1 exited with status 1
[2m2026-10-02T07:09:08.805863Z[0m [33m WARN[0m [2mcua_driver_sdk::runtime[0m[2m:[0m could not activate the persistent AT-SPI listener: AT-SPI connect failed: ZBus Error: MethodError(OwnedErrorName("org.freedesktop.DBus.Error.NameHasNoOwner"), Some("Could not activate remote peer 'org.a11y.atspi.Registry': unit failed"), Msg { type: Error, serial: 4294967295, sender: UniqueName("org.freedesktop.DBus"), reply-serial: 9, body: Str, fds: [] })
[2m2026-10-02T07:09:08.819304Z[0m [33m WARN[0m [2mplatform_linux::overlay[0m[2m:[0m X11 overlay: root reads cannot see this window's own pixels; save-unders will be served without readback confirmation
dbus-daemon[3037066]: [session uid=1000 pid=3037066 pidfd=5] Activating service name='org.freedesktop.systemd1' requested by ':1.4' (uid=1000 pid=3039688 comm="/usr/bin/dbus-broker-launch --config-file=/usr/sha")
dbus-daemon[3037066]: [session uid=1000 pid=3037066 pidfd=5] Activated service 'org.freedesktop.systemd1' failed: Process org.freedesktop.systemd1 exited with status 1
dbus-daemon[3037066]: [session uid=1000 pid=3037066 pidfd=5] Activating service name='org.freedesktop.systemd1' requested by ':1.4' (uid=1000 pid=3039688 comm="/usr/bin/dbus-broker-launch --config-file=/usr/sha")
dbus-daemon[3037066]: [session uid=1000 pid=3037066 pidfd=5] Activated service 'org.freedesktop.systemd1' failed: Process org.freedesktop.systemd1 exited with status 1
{"trial": "ctl-b05-004-dc15-A", "outcome": "verified", "poller_first_ok_ns": 229333610753848, "loadavg_before": "12.52 13.87 15.71 12/2066 3272936"}
dbus-daemon[3037066]: [session uid=1000 pid=3037066 pidfd=5] Activating service name='org.freedesktop.systemd1' requested by ':1.4' (uid=1000 pid=3039688 comm="/usr/bin/dbus-broker-launch --config-file=/usr/sha")
dbus-daemon[3037066]: [session uid=1000 pid=3037066 pidfd=5] Activated service 'org.freedesktop.systemd1' failed: Process org.freedesktop.systemd1 exited with status 1
[2m2026-10-02T07:09:10.075833Z[0m [33m WARN[0m [2mcua_driver_sdk::runtime[0m[2m:[0m could not activate the persistent AT-SPI listener: AT-SPI connect failed: ZBus Error: MethodError(OwnedErrorName("org.freedesktop.DBus.Error.NameHasNoOwner"), Some("Could not activate remote peer 'org.a11y.atspi.Registry': unit failed"), Msg { type: Error, serial: 4294967295, sender: UniqueName("org.freedesktop.DBus"), reply-serial: 9, body: Str, fds: [] })
[2m2026-10-02T07:09:10.086338Z[0m [33m WARN[0m [2mplatform_linux::overlay[0m[2m:[0m X11 overlay: root reads cannot see this window's own pixels; save-unders will be served without readback confirmation
dbus-daemon[3037066]: [session uid=1000 pid=3037066 pidfd=5] Activating service name='org.freedesktop.systemd1' requested by ':1.4' (uid=1000 pid=3039688 comm="/usr/bin/dbus-broker-launch --config-file=/usr/sha")
dbus-daemon[3037066]: [session uid=1000 pid=3037066 pidfd=5] Activated service 'org.freedesktop.systemd1' failed: Process org.freedesktop.systemd1 exited with status 1
dbus-daemon[3037066]: [session uid=1000 pid=3037066 pidfd=5] Activating service name='org.freedesktop.systemd1' requested by ':1.4' (uid=1000 pid=3039688 comm="/usr/bin/dbus-broker-launch --config-file=/usr/sha")
dbus-daemon[3037066]: [session uid=1000 pid=3037066 pidfd=5] Activated service 'org.freedesktop.systemd1' failed: Process org.freedesktop.systemd1 exited with status 1
{"trial": "ctl-b05-005-dc15-D", "outcome": "verified", "poller_first_ok_ns": 229334864430980, "loadavg_before": "12.52 13.87 15.71 12/2073 3274277"}
dbus-daemon[3037066]: [session uid=1000 pid=3037066 pidfd=5] Activating service name='org.freedesktop.systemd1' requested by ':1.4' (uid=1000 pid=3039688 comm="/usr/bin/dbus-broker-launch --config-file=/usr/sha")
dbus-daemon[3037066]: [session uid=1000 pid=3037066 pidfd=5] Activated service 'org.freedesktop.systemd1' failed: Process org.freedesktop.systemd1 exited with status 1
[2m2026-10-02T07:09:11.371437Z[0m [33m WARN[0m [2mcua_driver_sdk::runtime[0m[2m:[0m could not activate the persistent AT-SPI listener: AT-SPI connect failed: ZBus Error: MethodError(OwnedErrorName("org.freedesktop.DBus.Error.NameHasNoOwner"), Some("Could not activate remote peer 'org.a11y.atspi.Registry': unit failed"), Msg { type: Error, serial: 4294967295, sender: UniqueName("org.freedesktop.DBus"), reply-serial: 9, body: Str, fds: [] })
[2m2026-10-02T07:09:11.385924Z[0m [33m WARN[0m [2mplatform_linux::overlay[0m[2m:[0m X11 overlay: root reads cannot see this window's own pixels; save-unders will be served without readback confirmation
dbus-daemon[3037066]: [session uid=1000 pid=3037066 pidfd=5] Activating service name='org.freedesktop.systemd1' requested by ':1.4' (uid=1000 pid=3039688 comm="/usr/bin/dbus-broker-launch --config-file=/usr/sha")
dbus-daemon[3037066]: [session uid=1000 pid=3037066 pidfd=5] Activated service 'org.freedesktop.systemd1' failed: Process org.freedesktop.systemd1 exited with status 1
dbus-daemon[3037066]: [session uid=1000 pid=3037066 pidfd=5] Activating service name='org.freedesktop.systemd1' requested by ':1.4' (uid=1000 pid=3039688 comm="/usr/bin/dbus-broker-launch --config-file=/usr/sha")
dbus-daemon[3037066]: [session uid=1000 pid=3037066 pidfd=5] Activated service 'org.freedesktop.systemd1' failed: Process org.freedesktop.systemd1 exited with status 1
{"trial": "ctl-b05-006-dc16a-D", "outcome": "budget_exhausted", "poller_first_ok_ns": null, "loadavg_before": "12.52 13.87 15.71 15/2073 3275649"}
dbus-daemon[3037066]: [session uid=1000 pid=3037066 pidfd=5] Activating service name='org.freedesktop.systemd1' requested by ':1.4' (uid=1000 pid=3039688 comm="/usr/bin/dbus-broker-launch --config-file=/usr/sha")
dbus-daemon[3037066]: [session uid=1000 pid=3037066 pidfd=5] Activated service 'org.freedesktop.systemd1' failed: Process org.freedesktop.systemd1 exited with status 1
[2m2026-10-02T07:09:15.424279Z[0m [33m WARN[0m [2mcua_driver_sdk::runtime[0m[2m:[0m could not activate the persistent AT-SPI listener: AT-SPI connect failed: ZBus Error: MethodError(OwnedErrorName("org.freedesktop.DBus.Error.NameHasNoOwner"), Some("Could not activate remote peer 'org.a11y.atspi.Registry': unit failed"), Msg { type: Error, serial: 4294967295, sender: UniqueName("org.freedesktop.DBus"), reply-serial: 9, body: Str, fds: [] })
[2m2026-10-02T07:09:15.434648Z[0m [33m WARN[0m [2mplatform_linux::overlay[0m[2m:[0m X11 overlay: root reads cannot see this window's own pixels; save-unders will be served without readback confirmation
dbus-daemon[3037066]: [session uid=1000 pid=3037066 pidfd=5] Activating service name='org.freedesktop.systemd1' requested by ':1.4' (uid=1000 pid=3039688 comm="/usr/bin/dbus-broker-launch --config-file=/usr/sha")
dbus-daemon[3037066]: [session uid=1000 pid=3037066 pidfd=5] Activated service 'org.freedesktop.systemd1' failed: Process org.freedesktop.systemd1 exited with status 1
dbus-daemon[3037066]: [session uid=1000 pid=3037066 pidfd=5] Activating service name='org.freedesktop.systemd1' requested by ':1.4' (uid=1000 pid=3039688 comm="/usr/bin/dbus-broker-launch --config-file=/usr/sha")
dbus-daemon[3037066]: [session uid=1000 pid=3037066 pidfd=5] Activated service 'org.freedesktop.systemd1' failed: Process org.freedesktop.systemd1 exited with status 1
{"trial": "ctl-b05-007-dc16a-A", "outcome": "budget_exhausted", "poller_first_ok_ns": null, "loadavg_before": "13.52 14.06 15.76 13/2075 3279722"}
dbus-daemon[3037066]: [session uid=1000 pid=3037066 pidfd=5] Activating service name='org.freedesktop.systemd1' requested by ':1.4' (uid=1000 pid=3039688 comm="/usr/bin/dbus-broker-launch --config-file=/usr/sha")
dbus-daemon[3037066]: [session uid=1000 pid=3037066 pidfd=5] Activated service 'org.freedesktop.systemd1' failed: Process org.freedesktop.systemd1 exited with status 1
[2m2026-10-02T07:09:19.458374Z[0m [33m WARN[0m [2mcua_driver_sdk::runtime[0m[2m:[0m could not activate the persistent AT-SPI listener: AT-SPI connect failed: ZBus Error: MethodError(OwnedErrorName("org.freedesktop.DBus.Error.NameHasNoOwner"), Some("Could not activate remote peer 'org.a11y.atspi.Registry': unit failed"), Msg { type: Error, serial: 4294967295, sender: UniqueName("org.freedesktop.DBus"), reply-serial: 9, body: Str, fds: [] })
[2m2026-10-02T07:09:19.468814Z[0m [33m WARN[0m [2mplatform_linux::overlay[0m[2m:[0m X11 overlay: root reads cannot see this window's own pixels; save-unders will be served without readback confirmation
dbus-daemon[3037066]: [session uid=1000 pid=3037066 pidfd=5] Activating service name='org.freedesktop.systemd1' requested by ':1.4' (uid=1000 pid=3039688 comm="/usr/bin/dbus-broker-launch --config-file=/usr/sha")
dbus-daemon[3037066]: [session uid=1000 pid=3037066 pidfd=5] Activated service 'org.freedesktop.systemd1' failed: Process org.freedesktop.systemd1 exited with status 1
dbus-daemon[3037066]: [session uid=1000 pid=3037066 pidfd=5] Activating service name='org.freedesktop.systemd1' requested by ':1.4' (uid=1000 pid=3039688 comm="/usr/bin/dbus-broker-launch --config-file=/usr/sha")
dbus-daemon[3037066]: [session uid=1000 pid=3037066 pidfd=5] Activated service 'org.freedesktop.systemd1' failed: Process org.freedesktop.systemd1 exited with status 1
{"trial": "ctl-b05-008-dc16b-A", "outcome": "budget_exhausted", "poller_first_ok_ns": null, "loadavg_before": "13.39 14.02 15.74 12/2063 3283881"}
dbus-daemon[3037066]: [session uid=1000 pid=3037066 pidfd=5] Activating service name='org.freedesktop.systemd1' requested by ':1.4' (uid=1000 pid=3039688 comm="/usr/bin/dbus-broker-launch --config-file=/usr/sha")
dbus-daemon[3037066]: [session uid=1000 pid=3037066 pidfd=5] Activated service 'org.freedesktop.systemd1' failed: Process org.freedesktop.systemd1 exited with status 1
[2m2026-10-02T07:09:23.411211Z[0m [33m WARN[0m [2mcua_driver_sdk::runtime[0m[2m:[0m could not activate the persistent AT-SPI listener: AT-SPI connect failed: ZBus Error: MethodError(OwnedErrorName("org.freedesktop.DBus.Error.NameHasNoOwner"), Some("Could not activate remote peer 'org.a11y.atspi.Registry': unit failed"), Msg { type: Error, serial: 4294967295, sender: UniqueName("org.freedesktop.DBus"), reply-serial: 9, body: Str, fds: [] })
[2m2026-10-02T07:09:23.423493Z[0m [33m WARN[0m [2mplatform_linux::overlay[0m[2m:[0m X11 overlay: root reads cannot see this window's own pixels; save-unders will be served without readback confirmation
dbus-daemon[3037066]: [session uid=1000 pid=3037066 pidfd=5] Activating service name='org.freedesktop.systemd1' requested by ':1.4' (uid=1000 pid=3039688 comm="/usr/bin/dbus-broker-launch --config-file=/usr/sha")
dbus-daemon[3037066]: [session uid=1000 pid=3037066 pidfd=5] Activated service 'org.freedesktop.systemd1' failed: Process org.freedesktop.systemd1 exited with status 1
dbus-daemon[3037066]: [session uid=1000 pid=3037066 pidfd=5] Activating service name='org.freedesktop.systemd1' requested by ':1.4' (uid=1000 pid=3039688 comm="/usr/bin/dbus-broker-launch --config-file=/usr/sha")
dbus-daemon[3037066]: [session uid=1000 pid=3037066 pidfd=5] Activated service 'org.freedesktop.systemd1' failed: Process org.freedesktop.systemd1 exited with status 1
{"trial": "ctl-b05-009-dc16b-D", "outcome": "budget_exhausted", "poller_first_ok_ns": null, "loadavg_before": "13.44 14.02 15.73 13/2060 3287912"}
dbus-daemon[3037066]: [session uid=1000 pid=3037066 pidfd=5] Activating service name='org.freedesktop.systemd1' requested by ':1.4' (uid=1000 pid=3039688 comm="/usr/bin/dbus-broker-launch --config-file=/usr/sha")
dbus-daemon[3037066]: [session uid=1000 pid=3037066 pidfd=5] Activated service 'org.freedesktop.systemd1' failed: Process org.freedesktop.systemd1 exited with status 1
[2m2026-10-02T07:09:27.380438Z[0m [33m WARN[0m [2mcua_driver_sdk::runtime[0m[2m:[0m could not activate the persistent AT-SPI listener: AT-SPI connect failed: ZBus Error: MethodError(OwnedErrorName("org.freedesktop.DBus.Error.NameHasNoOwner"), Some("Could not activate remote peer 'org.a11y.atspi.Registry': unit failed"), Msg { type: Error, serial: 4294967295, sender: UniqueName("org.freedesktop.DBus"), reply-serial: 9, body: Str, fds: [] })
[2m2026-10-02T07:09:27.392781Z[0m [33m WARN[0m [2mplatform_linux::overlay[0m[2m:[0m X11 overlay: root reads cannot see this window's own pixels; save-unders will be served without readback confirmation
dbus-daemon[3037066]: [session uid=1000 pid=3037066 pidfd=5] Activating service name='org.freedesktop.systemd1' requested by ':1.4' (uid=1000 pid=3039688 comm="/usr/bin/dbus-broker-launch --config-file=/usr/sha")
dbus-daemon[3037066]: [session uid=1000 pid=3037066 pidfd=5] Activated service 'org.freedesktop.systemd1' failed: Process org.freedesktop.systemd1 exited with status 1
dbus-daemon[3037066]: [session uid=1000 pid=3037066 pidfd=5] Activating service name='org.freedesktop.systemd1' requested by ':1.4' (uid=1000 pid=3039688 comm="/usr/bin/dbus-broker-launch --config-file=/usr/sha")
dbus-daemon[3037066]: [session uid=1000 pid=3037066 pidfd=5] Activated service 'org.freedesktop.systemd1' failed: Process org.freedesktop.systemd1 exited with status 1
{"trial": "ctl-b05-010-dc17a-D", "outcome": "verified", "poller_first_ok_ns": 229352369363824, "loadavg_before": "13.25 13.97 15.71 12/2057 3292067"}
dbus-daemon[3037066]: [session uid=1000 pid=3037066 pidfd=5] Activating service name='org.freedesktop.systemd1' requested by ':1.4' (uid=1000 pid=3039688 comm="/usr/bin/dbus-broker-launch --config-file=/usr/sha")
dbus-daemon[3037066]: [session uid=1000 pid=3037066 pidfd=5] Activated service 'org.freedesktop.systemd1' failed: Process org.freedesktop.systemd1 exited with status 1
[2m2026-10-02T07:09:28.867590Z[0m [33m WARN[0m [2mcua_driver_sdk::runtime[0m[2m:[0m could not activate the persistent AT-SPI listener: AT-SPI connect failed: ZBus Error: MethodError(OwnedErrorName("org.freedesktop.DBus.Error.NameHasNoOwner"), Some("Could not activate remote peer 'org.a11y.atspi.Registry': unit failed"), Msg { type: Error, serial: 4294967295, sender: UniqueName("org.freedesktop.DBus"), reply-serial: 9, body: Str, fds: [] })
[2m2026-10-02T07:09:28.877809Z[0m [33m WARN[0m [2mplatform_linux::overlay[0m[2m:[0m X11 overlay: root reads cannot see this window's own pixels; save-unders will be served without readback confirmation
dbus-daemon[3037066]: [session uid=1000 pid=3037066 pidfd=5] Activating service name='org.freedesktop.systemd1' requested by ':1.4' (uid=1000 pid=3039688 comm="/usr/bin/dbus-broker-launch --config-file=/usr/sha")
dbus-daemon[3037066]: [session uid=1000 pid=3037066 pidfd=5] Activated service 'org.freedesktop.systemd1' failed: Process org.freedesktop.systemd1 exited with status 1
dbus-daemon[3037066]: [session uid=1000 pid=3037066 pidfd=5] Activating service name='org.freedesktop.systemd1' requested by ':1.4' (uid=1000 pid=3039688 comm="/usr/bin/dbus-broker-launch --config-file=/usr/sha")
dbus-daemon[3037066]: [session uid=1000 pid=3037066 pidfd=5] Activated service 'org.freedesktop.systemd1' failed: Process org.freedesktop.systemd1 exited with status 1
{"trial": "ctl-b05-011-dc17a-A", "outcome": "verified", "poller_first_ok_ns": 229353790913213, "loadavg_before": "13.25 13.97 15.71 13/2059 3293570"}
dbus-daemon[3037066]: [session uid=1000 pid=3037066 pidfd=5] Activating service name='org.freedesktop.systemd1' requested by ':1.4' (uid=1000 pid=3039688 comm="/usr/bin/dbus-broker-launch --config-file=/usr/sha")
dbus-daemon[3037066]: [session uid=1000 pid=3037066 pidfd=5] Activated service 'org.freedesktop.systemd1' failed: Process org.freedesktop.systemd1 exited with status 1
[2m2026-10-02T07:09:30.271043Z[0m [33m WARN[0m [2mcua_driver_sdk::runtime[0m[2m:[0m could not activate the persistent AT-SPI listener: AT-SPI connect failed: ZBus Error: MethodError(OwnedErrorName("org.freedesktop.DBus.Error.NameHasNoOwner"), Some("Could not activate remote peer 'org.a11y.atspi.Registry': unit failed"), Msg { type: Error, serial: 4294967295, sender: UniqueName("org.freedesktop.DBus"), reply-serial: 9, body: Str, fds: [] })
[2m2026-10-02T07:09:30.287543Z[0m [33m WARN[0m [2mplatform_linux::overlay[0m[2m:[0m X11 overlay: root reads cannot see this window's own pixels; save-unders will be served without readback confirmation
dbus-daemon[3037066]: [session uid=1000 pid=3037066 pidfd=5] Activating service name='org.freedesktop.systemd1' requested by ':1.4' (uid=1000 pid=3039688 comm="/usr/bin/dbus-broker-launch --config-file=/usr/sha")
dbus-daemon[3037066]: [session uid=1000 pid=3037066 pidfd=5] Activated service 'org.freedesktop.systemd1' failed: Process org.freedesktop.systemd1 exited with status 1
dbus-daemon[3037066]: [session uid=1000 pid=3037066 pidfd=5] Activating service name='org.freedesktop.systemd1' requested by ':1.4' (uid=1000 pid=3039688 comm="/usr/bin/dbus-broker-launch --config-file=/usr/sha")
dbus-daemon[3037066]: [session uid=1000 pid=3037066 pidfd=5] Activated service 'org.freedesktop.systemd1' failed: Process org.freedesktop.systemd1 exited with status 1
{"trial": "ctl-b05-012-dc17b-A", "outcome": "budget_exhausted", "poller_first_ok_ns": null, "loadavg_before": "13.25 13.97 15.71 12/2058 3294994"}
dbus-daemon[3037066]: [session uid=1000 pid=3037066 pidfd=5] Activating service name='org.freedesktop.systemd1' requested by ':1.4' (uid=1000 pid=3039688 comm="/usr/bin/dbus-broker-launch --config-file=/usr/sha")
dbus-daemon[3037066]: [session uid=1000 pid=3037066 pidfd=5] Activated service 'org.freedesktop.systemd1' failed: Process org.freedesktop.systemd1 exited with status 1
[2m2026-10-02T07:09:34.642009Z[0m [33m WARN[0m [2mcua_driver_sdk::runtime[0m[2m:[0m could not activate the persistent AT-SPI listener: AT-SPI connect failed: ZBus Error: MethodError(OwnedErrorName("org.freedesktop.DBus.Error.NameHasNoOwner"), Some("Could not activate remote peer 'org.a11y.atspi.Registry': unit failed"), Msg { type: Error, serial: 4294967295, sender: UniqueName("org.freedesktop.DBus"), reply-serial: 9, body: Str, fds: [] })
[2m2026-10-02T07:09:34.651940Z[0m [33m WARN[0m [2mplatform_linux::overlay[0m[2m:[0m X11 overlay: root reads cannot see this window's own pixels; save-unders will be served without readback confirmation
dbus-daemon[3037066]: [session uid=1000 pid=3037066 pidfd=5] Activating service name='org.freedesktop.systemd1' requested by ':1.4' (uid=1000 pid=3039688 comm="/usr/bin/dbus-broker-launch --config-file=/usr/sha")
dbus-daemon[3037066]: [session uid=1000 pid=3037066 pidfd=5] Activated service 'org.freedesktop.systemd1' failed: Process org.freedesktop.systemd1 exited with status 1
dbus-daemon[3037066]: [session uid=1000 pid=3037066 pidfd=5] Activating service name='org.freedesktop.systemd1' requested by ':1.4' (uid=1000 pid=3039688 comm="/usr/bin/dbus-broker-launch --config-file=/usr/sha")
dbus-daemon[3037066]: [session uid=1000 pid=3037066 pidfd=5] Activated service 'org.freedesktop.systemd1' failed: Process org.freedesktop.systemd1 exited with status 1
{"trial": "ctl-b05-013-dc17b-D", "outcome": "budget_exhausted", "poller_first_ok_ns": null, "loadavg_before": "13.15 13.94 15.69 12/2060 3298857"}
dbus-daemon[3037066]: [session uid=1000 pid=3037066 pidfd=5] Activating service name='org.freedesktop.systemd1' requested by ':1.4' (uid=1000 pid=3039688 comm="/usr/bin/dbus-broker-launch --config-file=/usr/sha")
dbus-daemon[3037066]: [session uid=1000 pid=3037066 pidfd=5] Activated service 'org.freedesktop.systemd1' failed: Process org.freedesktop.systemd1 exited with status 1
[2m2026-10-02T07:09:38.663572Z[0m [33m WARN[0m [2mcua_driver_sdk::runtime[0m[2m:[0m could not activate the persistent AT-SPI listener: AT-SPI connect failed: ZBus Error: MethodError(OwnedErrorName("org.freedesktop.DBus.Error.NameHasNoOwner"), Some("Could not activate remote peer 'org.a11y.atspi.Registry': unit failed"), Msg { type: Error, serial: 4294967295, sender: UniqueName("org.freedesktop.DBus"), reply-serial: 9, body: Str, fds: [] })
[2m2026-10-02T07:09:38.686310Z[0m [33m WARN[0m [2mplatform_linux::overlay[0m[2m:[0m X11 overlay: root reads cannot see this window's own pixels; save-unders will be served without readback confirmation
dbus-daemon[3037066]: [session uid=1000 pid=3037066 pidfd=5] Activating service name='org.freedesktop.systemd1' requested by ':1.4' (uid=1000 pid=3039688 comm="/usr/bin/dbus-broker-launch --config-file=/usr/sha")
dbus-daemon[3037066]: [session uid=1000 pid=3037066 pidfd=5] Activated service 'org.freedesktop.systemd1' failed: Process org.freedesktop.systemd1 exited with status 1
dbus-daemon[3037066]: [session uid=1000 pid=3037066 pidfd=5] Activating service name='org.freedesktop.systemd1' requested by ':1.4' (uid=1000 pid=3039688 comm="/usr/bin/dbus-broker-launch --config-file=/usr/sha")
dbus-daemon[3037066]: [session uid=1000 pid=3037066 pidfd=5] Activated service 'org.freedesktop.systemd1' failed: Process org.freedesktop.systemd1 exited with status 1
{"trial": "ctl-b05-014-dc20a-D", "outcome": "unknown", "poller_first_ok_ns": 229363591080741, "loadavg_before": "13.06 13.91 15.67 14/2076 3302432"}
dbus-daemon[3037066]: [session uid=1000 pid=3037066 pidfd=5] Activating service name='org.freedesktop.systemd1' requested by ':1.4' (uid=1000 pid=3039688 comm="/usr/bin/dbus-broker-launch --config-file=/usr/sha")
dbus-daemon[3037066]: [session uid=1000 pid=3037066 pidfd=5] Activated service 'org.freedesktop.systemd1' failed: Process org.freedesktop.systemd1 exited with status 1
[2m2026-10-02T07:09:40.078580Z[0m [33m WARN[0m [2mcua_driver_sdk::runtime[0m[2m:[0m could not activate the persistent AT-SPI listener: AT-SPI connect failed: ZBus Error: MethodError(OwnedErrorName("org.freedesktop.DBus.Error.NameHasNoOwner"), Some("Could not activate remote peer 'org.a11y.atspi.Registry': unit failed"), Msg { type: Error, serial: 4294967295, sender: UniqueName("org.freedesktop.DBus"), reply-serial: 9, body: Str, fds: [] })
[2m2026-10-02T07:09:40.095484Z[0m [33m WARN[0m [2mplatform_linux::overlay[0m[2m:[0m X11 overlay: root reads cannot see this window's own pixels; save-unders will be served without readback confirmation
dbus-daemon[3037066]: [session uid=1000 pid=3037066 pidfd=5] Activating service name='org.freedesktop.systemd1' requested by ':1.4' (uid=1000 pid=3039688 comm="/usr/bin/dbus-broker-launch --config-file=/usr/sha")
dbus-daemon[3037066]: [session uid=1000 pid=3037066 pidfd=5] Activated service 'org.freedesktop.systemd1' failed: Process org.freedesktop.systemd1 exited with status 1
dbus-daemon[3037066]: [session uid=1000 pid=3037066 pidfd=5] Activating service name='org.freedesktop.systemd1' requested by ':1.4' (uid=1000 pid=3039688 comm="/usr/bin/dbus-broker-launch --config-file=/usr/sha")
dbus-daemon[3037066]: [session uid=1000 pid=3037066 pidfd=5] Activated service 'org.freedesktop.systemd1' failed: Process org.freedesktop.systemd1 exited with status 1
{"trial": "ctl-b05-015-dc20a-A", "outcome": "unknown", "poller_first_ok_ns": 229364943277888, "loadavg_before": "13.06 13.91 15.67 13/2069 3303817"}
dbus-daemon[3037066]: [session uid=1000 pid=3037066 pidfd=5] Activating service name='org.freedesktop.systemd1' requested by ':1.4' (uid=1000 pid=3039688 comm="/usr/bin/dbus-broker-launch --config-file=/usr/sha")
dbus-daemon[3037066]: [session uid=1000 pid=3037066 pidfd=5] Activated service 'org.freedesktop.systemd1' failed: Process org.freedesktop.systemd1 exited with status 1
[2m2026-10-02T07:09:41.422323Z[0m [33m WARN[0m [2mcua_driver_sdk::runtime[0m[2m:[0m could not activate the persistent AT-SPI listener: AT-SPI connect failed: ZBus Error: MethodError(OwnedErrorName("org.freedesktop.DBus.Error.NameHasNoOwner"), Some("Could not activate remote peer 'org.a11y.atspi.Registry': unit failed"), Msg { type: Error, serial: 4294967295, sender: UniqueName("org.freedesktop.DBus"), reply-serial: 9, body: Str, fds: [] })
[2m2026-10-02T07:09:41.435273Z[0m [33m WARN[0m [2mplatform_linux::overlay[0m[2m:[0m X11 overlay: root reads cannot see this window's own pixels; save-unders will be served without readback confirmation
dbus-daemon[3037066]: [session uid=1000 pid=3037066 pidfd=5] Activating service name='org.freedesktop.systemd1' requested by ':1.4' (uid=1000 pid=3039688 comm="/usr/bin/dbus-broker-launch --config-file=/usr/sha")
dbus-daemon[3037066]: [session uid=1000 pid=3037066 pidfd=5] Activated service 'org.freedesktop.systemd1' failed: Process org.freedesktop.systemd1 exited with status 1
dbus-daemon[3037066]: [session uid=1000 pid=3037066 pidfd=5] Activating service name='org.freedesktop.systemd1' requested by ':1.4' (uid=1000 pid=3039688 comm="/usr/bin/dbus-broker-launch --config-file=/usr/sha")
dbus-daemon[3037066]: [session uid=1000 pid=3037066 pidfd=5] Activated service 'org.freedesktop.systemd1' failed: Process org.freedesktop.systemd1 exited with status 1
{"trial": "ctl-b05-016-dc20b-A", "outcome": "verified", "poller_first_ok_ns": 229366593620404, "loadavg_before": "13.06 13.91 15.67 12/2043 3305219"}
dbus-daemon[3037066]: [session uid=1000 pid=3037066 pidfd=5] Activating service name='org.freedesktop.systemd1' requested by ':1.4' (uid=1000 pid=3039688 comm="/usr/bin/dbus-broker-launch --config-file=/usr/sha")
dbus-daemon[3037066]: [session uid=1000 pid=3037066 pidfd=5] Activated service 'org.freedesktop.systemd1' failed: Process org.freedesktop.systemd1 exited with status 1
[2m2026-10-02T07:09:43.059451Z[0m [33m WARN[0m [2mcua_driver_sdk::runtime[0m[2m:[0m could not activate the persistent AT-SPI listener: AT-SPI connect failed: ZBus Error: MethodError(OwnedErrorName("org.freedesktop.DBus.Error.NameHasNoOwner"), Some("Could not activate remote peer 'org.a11y.atspi.Registry': unit failed"), Msg { type: Error, serial: 4294967295, sender: UniqueName("org.freedesktop.DBus"), reply-serial: 9, body: Str, fds: [] })
[2m2026-10-02T07:09:43.066686Z[0m [33m WARN[0m [2mplatform_linux::overlay[0m[2m:[0m X11 overlay: root reads cannot see this window's own pixels; save-unders will be served without readback confirmation
dbus-daemon[3037066]: [session uid=1000 pid=3037066 pidfd=5] Activating service name='org.freedesktop.systemd1' requested by ':1.4' (uid=1000 pid=3039688 comm="/usr/bin/dbus-broker-launch --config-file=/usr/sha")
dbus-daemon[3037066]: [session uid=1000 pid=3037066 pidfd=5] Activated service 'org.freedesktop.systemd1' failed: Process org.freedesktop.systemd1 exited with status 1
dbus-daemon[3037066]: [session uid=1000 pid=3037066 pidfd=5] Activating service name='org.freedesktop.systemd1' requested by ':1.4' (uid=1000 pid=3039688 comm="/usr/bin/dbus-broker-launch --config-file=/usr/sha")
dbus-daemon[3037066]: [session uid=1000 pid=3037066 pidfd=5] Activated service 'org.freedesktop.systemd1' failed: Process org.freedesktop.systemd1 exited with status 1
{"trial": "ctl-b05-017-dc20b-D", "outcome": "verified", "poller_first_ok_ns": 229368017996280, "loadavg_before": "14.01 14.09 15.72 3/2043 3306858"}
dbus-daemon[3037066]: [session uid=1000 pid=3037066 pidfd=5] Activating service name='org.freedesktop.systemd1' requested by ':1.4' (uid=1000 pid=3039688 comm="/usr/bin/dbus-broker-launch --config-file=/usr/sha")
dbus-daemon[3037066]: [session uid=1000 pid=3037066 pidfd=5] Activated service 'org.freedesktop.systemd1' failed: Process org.freedesktop.systemd1 exited with status 1
[2m2026-10-02T07:09:44.522704Z[0m [33m WARN[0m [2mcua_driver_sdk::runtime[0m[2m:[0m could not activate the persistent AT-SPI listener: AT-SPI connect failed: ZBus Error: MethodError(OwnedErrorName("org.freedesktop.DBus.Error.NameHasNoOwner"), Some("Could not activate remote peer 'org.a11y.atspi.Registry': unit failed"), Msg { type: Error, serial: 4294967295, sender: UniqueName("org.freedesktop.DBus"), reply-serial: 9, body: Str, fds: [] })
[2m2026-10-02T07:09:44.530675Z[0m [33m WARN[0m [2mplatform_linux::overlay[0m[2m:[0m X11 overlay: root reads cannot see this window's own pixels; save-unders will be served without readback confirmation
dbus-daemon[3037066]: [session uid=1000 pid=3037066 pidfd=5] Activating service name='org.freedesktop.systemd1' requested by ':1.4' (uid=1000 pid=3039688 comm="/usr/bin/dbus-broker-launch --config-file=/usr/sha")
dbus-daemon[3037066]: [session uid=1000 pid=3037066 pidfd=5] Activated service 'org.freedesktop.systemd1' failed: Process org.freedesktop.systemd1 exited with status 1
dbus-daemon[3037066]: [session uid=1000 pid=3037066 pidfd=5] Activating service name='org.freedesktop.systemd1' requested by ':1.4' (uid=1000 pid=3039688 comm="/usr/bin/dbus-broker-launch --config-file=/usr/sha")
dbus-daemon[3037066]: [session uid=1000 pid=3037066 pidfd=5] Activated service 'org.freedesktop.systemd1' failed: Process org.freedesktop.systemd1 exited with status 1
{"trial": "ctl-b05-018-dc01-D", "outcome": "verified", "poller_first_ok_ns": 229369350813548, "loadavg_before": "14.01 14.09 15.72 4/2068 3308695"}
dbus-daemon[3037066]: [session uid=1000 pid=3037066 pidfd=5] Activating service name='org.freedesktop.systemd1' requested by ':1.4' (uid=1000 pid=3039688 comm="/usr/bin/dbus-broker-launch --config-file=/usr/sha")
dbus-daemon[3037066]: [session uid=1000 pid=3037066 pidfd=5] Activated service 'org.freedesktop.systemd1' failed: Process org.freedesktop.systemd1 exited with status 1
[2m2026-10-02T07:09:45.826296Z[0m [33m WARN[0m [2mcua_driver_sdk::runtime[0m[2m:[0m could not activate the persistent AT-SPI listener: AT-SPI connect failed: ZBus Error: MethodError(OwnedErrorName("org.freedesktop.DBus.Error.NameHasNoOwner"), Some("Could not activate remote peer 'org.a11y.atspi.Registry': unit failed"), Msg { type: Error, serial: 4294967295, sender: UniqueName("org.freedesktop.DBus"), reply-serial: 9, body: Str, fds: [] })
[2m2026-10-02T07:09:45.836643Z[0m [33m WARN[0m [2mplatform_linux::overlay[0m[2m:[0m X11 overlay: root reads cannot see this window's own pixels; save-unders will be served without readback confirmation
dbus-daemon[3037066]: [session uid=1000 pid=3037066 pidfd=5] Activating service name='org.freedesktop.systemd1' requested by ':1.4' (uid=1000 pid=3039688 comm="/usr/bin/dbus-broker-launch --config-file=/usr/sha")
dbus-daemon[3037066]: [session uid=1000 pid=3037066 pidfd=5] Activated service 'org.freedesktop.systemd1' failed: Process org.freedesktop.systemd1 exited with status 1
dbus-daemon[3037066]: [session uid=1000 pid=3037066 pidfd=5] Activating service name='org.freedesktop.systemd1' requested by ':1.4' (uid=1000 pid=3039688 comm="/usr/bin/dbus-broker-launch --config-file=/usr/sha")
dbus-daemon[3037066]: [session uid=1000 pid=3037066 pidfd=5] Activated service 'org.freedesktop.systemd1' failed: Process org.freedesktop.systemd1 exited with status 1
{"trial": "ctl-b05-019-dc01-A", "outcome": "verified", "poller_first_ok_ns": 229370778809721, "loadavg_before": "14.01 14.09 15.72 12/2077 3310224"}
A connection to the bus can't be made
CRITICAL: [dbus_cb_name_lost:1438] Cannot connect to DBus.
[session] exit rc=0 run_dir=<tmp>/x11-session.<run>
