[2026-10-03T13:53:02.237Z] chunk b08-main-a1-r20-29-k6 plan=main rounds=20,21,22,23,24,25,26,27,28,29 block=m attempt=1 loadavg=1.93 2.77 4.81 hostless=1
[b08] session_attempt=1 jitter_ms=2087 utc=2026-10-03T13:53:49.978Z
[session] DISPLAY=:100 openbox=4132525 picom=4132526 dbus=unix:path=<private-dbus>,guid=38ce08becf1c21757e7ea3ff6ac108f1
[b08] display=:100 xdpyinfo=ok start_utc=2026-10-03T13:53:55.020Z loadavg=2.50 2.83 4.71 telemetry_env=false dnt=1 lock=exclusive wayland=unset hostless=1
dbus-daemon[4132523]: [session uid=1000 pid=4132523 pidfd=4] Activating service name='org.a11y.Bus' requested by ':1.0' (uid=1000 pid=4132644 comm="<lanes>/bin/cua-driver-b0")
dbus-daemon[4132523]: [session uid=1000 pid=4132523 pidfd=4] Successfully activated service 'org.a11y.Bus'
dbus-daemon[4132523]: [session uid=1000 pid=4132523 pidfd=4] Activating service name='ca.desrt.dconf' requested by ':1.1' (uid=1000 pid=4132651 comm="/usr/lib/at-spi-bus-launcher")
dbus-daemon[4132523]: [session uid=1000 pid=4132523 pidfd=4] Successfully activated service 'ca.desrt.dconf'
dbus-daemon[4132523]: [session uid=1000 pid=4132523 pidfd=4] Activating service name='org.freedesktop.systemd1' requested by ':1.4' (uid=1000 pid=4132667 comm="/usr/bin/dbus-broker-launch --config-file=/usr/sha")
dbus-daemon[4132523]: [session uid=1000 pid=4132523 pidfd=4] Activated service 'org.freedesktop.systemd1' failed: Process org.freedesktop.systemd1 exited with status 1
[2m2026-10-03T13:53:56.101370Z[0m [33m WARN[0m [2mcua_driver_sdk::runtime[0m[2m:[0m could not activate the persistent AT-SPI listener: AT-SPI connect failed: ZBus Error: MethodError(OwnedErrorName("org.freedesktop.DBus.Error.NameHasNoOwner"), Some("Could not activate remote peer 'org.a11y.atspi.Registry': unit failed"), Msg { type: Error, serial: 4294967295, sender: UniqueName("org.freedesktop.DBus"), reply-serial: 10, body: Str, fds: [] })
[2m2026-10-03T13:53:56.108983Z[0m [33m WARN[0m [2mplatform_linux::overlay[0m[2m:[0m X11 overlay: root reads cannot see this window's own pixels; save-unders will be served without readback confirmation
dbus-daemon[4132523]: [session uid=1000 pid=4132523 pidfd=4] Activating service name='org.gtk.vfs.Daemon' requested by ':1.5' (uid=1000 pid=4132722 comm="/opt/google/chrome/chrome --remote-debugging-port=")
dbus-daemon[4132523]: [session uid=1000 pid=4132523 pidfd=4] Successfully activated service 'org.gtk.vfs.Daemon'
fusermount3: mount failed: Operation not permitted
dbus-daemon[4132523]: [session uid=1000 pid=4132523 pidfd=4] Activating service name='org.freedesktop.systemd1' requested by ':1.4' (uid=1000 pid=4132667 comm="/usr/bin/dbus-broker-launch --config-file=/usr/sha")
dbus-daemon[4132523]: [session uid=1000 pid=4132523 pidfd=4] Activated service 'org.freedesktop.systemd1' failed: Process org.freedesktop.systemd1 exited with status 1
dbus-daemon[4132523]: [session uid=1000 pid=4132523 pidfd=4] Activating service name='org.freedesktop.systemd1' requested by ':1.4' (uid=1000 pid=4132667 comm="/usr/bin/dbus-broker-launch --config-file=/usr/sha")
dbus-daemon[4132523]: [session uid=1000 pid=4132523 pidfd=4] Activated service 'org.freedesktop.systemd1' failed: Process org.freedesktop.systemd1 exited with status 1
dbus-daemon[4132523]: [session uid=1000 pid=4132523 pidfd=4] Activating service name='org.freedesktop.Notifications' requested by ':1.7' (uid=1000 pid=4132722 comm="/opt/google/chrome/chrome --remote-debugging-port=")
dbus-daemon[4132523]: [session uid=1000 pid=4132523 pidfd=4] Activating service name='org.freedesktop.portal.Desktop' requested by ':1.7' (uid=1000 pid=4132722 comm="/opt/google/chrome/chrome --remote-debugging-port=")
dbus-daemon[4132523]: [session uid=1000 pid=4132523 pidfd=4] Activating service name='org.freedesktop.impl.portal.PermissionStore' requested by ':1.9' (uid=1000 pid=4132885 comm="/usr/lib/xdg-desktop-portal")
dbus-daemon[4132523]: [session uid=1000 pid=4132523 pidfd=4] Successfully activated service 'org.freedesktop.Notifications'
dbus-daemon[4132523]: [session uid=1000 pid=4132523 pidfd=4] Successfully activated service 'org.freedesktop.impl.portal.PermissionStore'
dbus-daemon[4132523]: [session uid=1000 pid=4132523 pidfd=4] Activating service name='org.freedesktop.portal.Documents' requested by ':1.9' (uid=1000 pid=4132885 comm="/usr/lib/xdg-desktop-portal")
dbus-daemon[4132523]: [session uid=1000 pid=4132523 pidfd=4] Successfully activated service 'org.freedesktop.portal.Documents'
fusermount3: mount failed: Operation not permitted
error: fuse init failed: Can't mount path <lane-tmp-root>/x11-session.4cLUtQ/xdg-runtime/doc

(/usr/lib/xdg-desktop-portal:4132885): xdg-desktop-portal-WARNING **: 08:53:57.227: Document portal fuse mount point unknown: GDBus.Error:org.freedesktop.DBus.Error.ServiceUnknown: The name :1.11 was not provided by any .service files

(/usr/lib/xdg-desktop-portal:4132885): xdg-desktop-portal-WARNING **: 08:53:57.227: Choosing gtk.portal for org.freedesktop.impl.portal.Lockdown as a last-resort fallback
dbus-daemon[4132523]: [session uid=1000 pid=4132523 pidfd=4] Activating service name='org.freedesktop.impl.portal.desktop.gtk' requested by ':1.9' (uid=1000 pid=4132885 comm="/usr/lib/xdg-desktop-portal")
dbus-daemon[4132523]: [session uid=1000 pid=4132523 pidfd=4] Activating service name='org.freedesktop.systemd1' requested by ':1.4' (uid=1000 pid=4132667 comm="/usr/bin/dbus-broker-launch --config-file=/usr/sha")
dbus-daemon[4132523]: [session uid=1000 pid=4132523 pidfd=4] Activated service 'org.freedesktop.systemd1' failed: Process org.freedesktop.systemd1 exited with status 1
dbus-daemon[4132523]: [session uid=1000 pid=4132523 pidfd=4] Successfully activated service 'org.freedesktop.impl.portal.desktop.gtk'

** (xdg-desktop-portal-gtk:4132915): WARNING **: 08:53:57.250: AT-SPI: Could not obtain desktop path or name

dbus-daemon[4132523]: [session uid=1000 pid=4132523 pidfd=4] Activating service name='org.freedesktop.systemd1' requested by ':1.4' (uid=1000 pid=4132667 comm="/usr/bin/dbus-broker-launch --config-file=/usr/sha")

(/usr/lib/xdg-desktop-portal:4132885): xdg-desktop-portal-WARNING **: 08:53:57.251: Choosing gtk.portal for org.freedesktop.impl.portal.Access as a last-resort fallback
dbus-daemon[4132523]: [session uid=1000 pid=4132523 pidfd=4] Activated service 'org.freedesktop.systemd1' failed: Process org.freedesktop.systemd1 exited with status 1

** (xdg-desktop-portal-gtk:4132915): WARNING **: 08:53:57.251: atk-bridge: GetRegisteredEvents returned message with unknown signature

** (xdg-desktop-portal-gtk:4132915): WARNING **: 08:53:57.252: atk-bridge: get_device_events_reply: unknown signature

(/usr/lib/xdg-desktop-portal:4132885): xdg-desktop-portal-WARNING **: 08:53:57.266: Choosing gtk.portal for org.freedesktop.impl.portal.Settings as a last-resort fallback

(/usr/lib/xdg-desktop-portal:4132885): xdg-desktop-portal-WARNING **: 08:53:57.267: Choosing gtk.portal for org.freedesktop.impl.portal.FileChooser as a last-resort fallback

(/usr/lib/xdg-desktop-portal:4132885): xdg-desktop-portal-WARNING **: 08:53:57.267: Choosing gtk.portal for org.freedesktop.impl.portal.AppChooser as a last-resort fallback

(/usr/lib/xdg-desktop-portal:4132885): xdg-desktop-portal-WARNING **: 08:53:57.267: Choosing gtk.portal for org.freedesktop.impl.portal.Print as a last-resort fallback

(/usr/lib/xdg-desktop-portal:4132885): xdg-desktop-portal-WARNING **: 08:53:57.268: Choosing gtk.portal for org.freedesktop.impl.portal.Notification as a last-resort fallback

(/usr/lib/xdg-desktop-portal:4132885): xdg-desktop-portal-WARNING **: 08:53:57.268: Choosing gtk.portal for org.freedesktop.impl.portal.Inhibit as a last-resort fallback

(/usr/lib/xdg-desktop-portal:4132885): xdg-desktop-portal-WARNING **: 08:53:57.270: Failed to connect to PipeWire: Couldn't connect to PipeWire

(/usr/lib/xdg-desktop-portal:4132885): xdg-desktop-portal-WARNING **: 08:53:57.270: Choosing gtk.portal for org.freedesktop.impl.portal.Account as a last-resort fallback

(/usr/lib/xdg-desktop-portal:4132885): xdg-desktop-portal-WARNING **: 08:53:57.270: Choosing gtk.portal for org.freedesktop.impl.portal.Email as a last-resort fallback

(/usr/lib/xdg-desktop-portal:4132885): xdg-desktop-portal-WARNING **: 08:53:57.270: Choosing gtk.portal for org.freedesktop.impl.portal.DynamicLauncher as a last-resort fallback
dbus-daemon[4132523]: [session uid=1000 pid=4132523 pidfd=4] Successfully activated service 'org.freedesktop.portal.Desktop'
{"trial": "m-a1-r20-modal-Wb", "outcome": "verified", "oracle_exact_match": true, "completion_mutations": 1, "routes": ["provider", "provider"], "loadavg_before": "2.50 2.83 4.71 3/2253 4132640"}
dbus-daemon[4132523]: [session uid=1000 pid=4132523 pidfd=4] Activating service name='org.freedesktop.systemd1' requested by ':1.4' (uid=1000 pid=4132667 comm="/usr/bin/dbus-broker-launch --config-file=/usr/sha")
dbus-daemon[4132523]: [session uid=1000 pid=4132523 pidfd=4] Activated service 'org.freedesktop.systemd1' failed: Process org.freedesktop.systemd1 exited with status 1
[2m2026-10-03T13:53:58.428192Z[0m [33m WARN[0m [2mcua_driver_sdk::runtime[0m[2m:[0m could not activate the persistent AT-SPI listener: AT-SPI connect failed: ZBus Error: MethodError(OwnedErrorName("org.freedesktop.DBus.Error.NameHasNoOwner"), Some("Could not activate remote peer 'org.a11y.atspi.Registry': unit failed"), Msg { type: Error, serial: 4294967295, sender: UniqueName("org.freedesktop.DBus"), reply-serial: 9, body: Str, fds: [] })
[2m2026-10-03T13:53:58.434942Z[0m [33m WARN[0m [2mplatform_linux::overlay[0m[2m:[0m X11 overlay: root reads cannot see this window's own pixels; save-unders will be served without readback confirmation
dbus-daemon[4132523]: [session uid=1000 pid=4132523 pidfd=4] Activating service name='org.freedesktop.systemd1' requested by ':1.4' (uid=1000 pid=4132667 comm="/usr/bin/dbus-broker-launch --config-file=/usr/sha")
dbus-daemon[4132523]: [session uid=1000 pid=4132523 pidfd=4] Activated service 'org.freedesktop.systemd1' failed: Process org.freedesktop.systemd1 exited with status 1
dbus-daemon[4132523]: [session uid=1000 pid=4132523 pidfd=4] Activating service name='org.freedesktop.systemd1' requested by ':1.4' (uid=1000 pid=4132667 comm="/usr/bin/dbus-broker-launch --config-file=/usr/sha")
dbus-daemon[4132523]: [session uid=1000 pid=4132523 pidfd=4] Activated service 'org.freedesktop.systemd1' failed: Process org.freedesktop.systemd1 exited with status 1
{"trial": "m-a1-r20-modal-P2", "outcome": "verified", "oracle_exact_match": true, "completion_mutations": 1, "routes": ["provider", "provider"], "loadavg_before": "2.50 2.83 4.71 2/2282 4133024"}
dbus-daemon[4132523]: [session uid=1000 pid=4132523 pidfd=4] Activating service name='org.freedesktop.systemd1' requested by ':1.4' (uid=1000 pid=4132667 comm="/usr/bin/dbus-broker-launch --config-file=/usr/sha")
dbus-daemon[4132523]: [session uid=1000 pid=4132523 pidfd=4] Activated service 'org.freedesktop.systemd1' failed: Process org.freedesktop.systemd1 exited with status 1
[2m2026-10-03T13:53:59.562610Z[0m [33m WARN[0m [2mcua_driver_sdk::runtime[0m[2m:[0m could not activate the persistent AT-SPI listener: AT-SPI connect failed: ZBus Error: MethodError(OwnedErrorName("org.freedesktop.DBus.Error.NameHasNoOwner"), Some("Could not activate remote peer 'org.a11y.atspi.Registry': unit failed"), Msg { type: Error, serial: 4294967295, sender: UniqueName("org.freedesktop.DBus"), reply-serial: 9, body: Str, fds: [] })
[2m2026-10-03T13:53:59.569710Z[0m [33m WARN[0m [2mplatform_linux::overlay[0m[2m:[0m X11 overlay: root reads cannot see this window's own pixels; save-unders will be served without readback confirmation
dbus-daemon[4132523]: [session uid=1000 pid=4132523 pidfd=4] Activating service name='org.freedesktop.systemd1' requested by ':1.4' (uid=1000 pid=4132667 comm="/usr/bin/dbus-broker-launch --config-file=/usr/sha")
dbus-daemon[4132523]: [session uid=1000 pid=4132523 pidfd=4] Activated service 'org.freedesktop.systemd1' failed: Process org.freedesktop.systemd1 exited with status 1
dbus-daemon[4132523]: [session uid=1000 pid=4132523 pidfd=4] Activating service name='org.freedesktop.systemd1' requested by ':1.4' (uid=1000 pid=4132667 comm="/usr/bin/dbus-broker-launch --config-file=/usr/sha")
dbus-daemon[4132523]: [session uid=1000 pid=4132523 pidfd=4] Activated service 'org.freedesktop.systemd1' failed: Process org.freedesktop.systemd1 exited with status 1
{"trial": "m-a1-r20-modal-Wa", "outcome": "verified", "oracle_exact_match": true, "completion_mutations": 1, "routes": ["provider", "provider"], "loadavg_before": "2.30 2.78 4.69 1/2280 4133291"}
dbus-daemon[4132523]: [session uid=1000 pid=4132523 pidfd=4] Activating service name='org.freedesktop.systemd1' requested by ':1.4' (uid=1000 pid=4132667 comm="/usr/bin/dbus-broker-launch --config-file=/usr/sha")
dbus-daemon[4132523]: [session uid=1000 pid=4132523 pidfd=4] Activated service 'org.freedesktop.systemd1' failed: Process org.freedesktop.systemd1 exited with status 1
[2m2026-10-03T13:54:00.684033Z[0m [33m WARN[0m [2mcua_driver_sdk::runtime[0m[2m:[0m could not activate the persistent AT-SPI listener: AT-SPI connect failed: ZBus Error: MethodError(OwnedErrorName("org.freedesktop.DBus.Error.NameHasNoOwner"), Some("Could not activate remote peer 'org.a11y.atspi.Registry': unit failed"), Msg { type: Error, serial: 4294967295, sender: UniqueName("org.freedesktop.DBus"), reply-serial: 9, body: Str, fds: [] })
[2m2026-10-03T13:54:00.691009Z[0m [33m WARN[0m [2mplatform_linux::overlay[0m[2m:[0m X11 overlay: root reads cannot see this window's own pixels; save-unders will be served without readback confirmation
dbus-daemon[4132523]: [session uid=1000 pid=4132523 pidfd=4] Activating service name='org.freedesktop.systemd1' requested by ':1.4' (uid=1000 pid=4132667 comm="/usr/bin/dbus-broker-launch --config-file=/usr/sha")
dbus-daemon[4132523]: [session uid=1000 pid=4132523 pidfd=4] Activated service 'org.freedesktop.systemd1' failed: Process org.freedesktop.systemd1 exited with status 1
dbus-daemon[4132523]: [session uid=1000 pid=4132523 pidfd=4] Activating service name='org.freedesktop.systemd1' requested by ':1.4' (uid=1000 pid=4132667 comm="/usr/bin/dbus-broker-launch --config-file=/usr/sha")
dbus-daemon[4132523]: [session uid=1000 pid=4132523 pidfd=4] Activated service 'org.freedesktop.systemd1' failed: Process org.freedesktop.systemd1 exited with status 1
{"trial": "m-a1-r20-modal-C", "outcome": "verified", "oracle_exact_match": true, "completion_mutations": 1, "routes": ["provider", "provider"], "loadavg_before": "2.30 2.78 4.69 1/2279 4133582"}
dbus-daemon[4132523]: [session uid=1000 pid=4132523 pidfd=4] Activating service name='org.freedesktop.systemd1' requested by ':1.4' (uid=1000 pid=4132667 comm="/usr/bin/dbus-broker-launch --config-file=/usr/sha")
dbus-daemon[4132523]: [session uid=1000 pid=4132523 pidfd=4] Activated service 'org.freedesktop.systemd1' failed: Process org.freedesktop.systemd1 exited with status 1
[2m2026-10-03T13:54:01.778714Z[0m [33m WARN[0m [2mcua_driver_sdk::runtime[0m[2m:[0m could not activate the persistent AT-SPI listener: AT-SPI connect failed: ZBus Error: MethodError(OwnedErrorName("org.freedesktop.DBus.Error.NameHasNoOwner"), Some("Could not activate remote peer 'org.a11y.atspi.Registry': unit failed"), Msg { type: Error, serial: 4294967295, sender: UniqueName("org.freedesktop.DBus"), reply-serial: 9, body: Str, fds: [] })
[2m2026-10-03T13:54:01.785677Z[0m [33m WARN[0m [2mplatform_linux::overlay[0m[2m:[0m X11 overlay: root reads cannot see this window's own pixels; save-unders will be served without readback confirmation
dbus-daemon[4132523]: [session uid=1000 pid=4132523 pidfd=4] Activating service name='org.freedesktop.systemd1' requested by ':1.4' (uid=1000 pid=4132667 comm="/usr/bin/dbus-broker-launch --config-file=/usr/sha")
dbus-daemon[4132523]: [session uid=1000 pid=4132523 pidfd=4] Activated service 'org.freedesktop.systemd1' failed: Process org.freedesktop.systemd1 exited with status 1
dbus-daemon[4132523]: [session uid=1000 pid=4132523 pidfd=4] Activating service name='org.freedesktop.systemd1' requested by ':1.4' (uid=1000 pid=4132667 comm="/usr/bin/dbus-broker-launch --config-file=/usr/sha")
dbus-daemon[4132523]: [session uid=1000 pid=4132523 pidfd=4] Activated service 'org.freedesktop.systemd1' failed: Process org.freedesktop.systemd1 exited with status 1
{"trial": "m-a1-r20-fill-C", "outcome": "verified", "oracle_exact_match": true, "completion_mutations": 1, "routes": ["compiled"], "loadavg_before": "2.30 2.78 4.69 1/2280 4133850"}
dbus-daemon[4132523]: [session uid=1000 pid=4132523 pidfd=4] Activating service name='org.freedesktop.systemd1' requested by ':1.4' (uid=1000 pid=4132667 comm="/usr/bin/dbus-broker-launch --config-file=/usr/sha")
dbus-daemon[4132523]: [session uid=1000 pid=4132523 pidfd=4] Activated service 'org.freedesktop.systemd1' failed: Process org.freedesktop.systemd1 exited with status 1
[2m2026-10-03T13:54:03.279797Z[0m [33m WARN[0m [2mcua_driver_sdk::runtime[0m[2m:[0m could not activate the persistent AT-SPI listener: AT-SPI connect failed: ZBus Error: MethodError(OwnedErrorName("org.freedesktop.DBus.Error.NameHasNoOwner"), Some("Could not activate remote peer 'org.a11y.atspi.Registry': unit failed"), Msg { type: Error, serial: 4294967295, sender: UniqueName("org.freedesktop.DBus"), reply-serial: 9, body: Str, fds: [] })
[2m2026-10-03T13:54:03.287501Z[0m [33m WARN[0m [2mplatform_linux::overlay[0m[2m:[0m X11 overlay: root reads cannot see this window's own pixels; save-unders will be served without readback confirmation
dbus-daemon[4132523]: [session uid=1000 pid=4132523 pidfd=4] Activating service name='org.freedesktop.systemd1' requested by ':1.4' (uid=1000 pid=4132667 comm="/usr/bin/dbus-broker-launch --config-file=/usr/sha")
dbus-daemon[4132523]: [session uid=1000 pid=4132523 pidfd=4] Activated service 'org.freedesktop.systemd1' failed: Process org.freedesktop.systemd1 exited with status 1
dbus-daemon[4132523]: [session uid=1000 pid=4132523 pidfd=4] Activating service name='org.freedesktop.systemd1' requested by ':1.4' (uid=1000 pid=4132667 comm="/usr/bin/dbus-broker-launch --config-file=/usr/sha")
dbus-daemon[4132523]: [session uid=1000 pid=4132523 pidfd=4] Activated service 'org.freedesktop.systemd1' failed: Process org.freedesktop.systemd1 exited with status 1
{"trial": "m-a1-r20-fill-Wa", "outcome": "verified", "oracle_exact_match": true, "completion_mutations": 1, "routes": ["compiled"], "loadavg_before": "2.30 2.78 4.69 2/2283 4134144"}
dbus-daemon[4132523]: [session uid=1000 pid=4132523 pidfd=4] Activating service name='org.freedesktop.systemd1' requested by ':1.4' (uid=1000 pid=4132667 comm="/usr/bin/dbus-broker-launch --config-file=/usr/sha")
dbus-daemon[4132523]: [session uid=1000 pid=4132523 pidfd=4] Activated service 'org.freedesktop.systemd1' failed: Process org.freedesktop.systemd1 exited with status 1
[2m2026-10-03T13:54:04.779855Z[0m [33m WARN[0m [2mcua_driver_sdk::runtime[0m[2m:[0m could not activate the persistent AT-SPI listener: AT-SPI connect failed: ZBus Error: MethodError(OwnedErrorName("org.freedesktop.DBus.Error.NameHasNoOwner"), Some("Could not activate remote peer 'org.a11y.atspi.Registry': unit failed"), Msg { type: Error, serial: 4294967295, sender: UniqueName("org.freedesktop.DBus"), reply-serial: 9, body: Str, fds: [] })
[2m2026-10-03T13:54:04.786714Z[0m [33m WARN[0m [2mplatform_linux::overlay[0m[2m:[0m X11 overlay: root reads cannot see this window's own pixels; save-unders will be served without readback confirmation
dbus-daemon[4132523]: [session uid=1000 pid=4132523 pidfd=4] Activating service name='org.freedesktop.systemd1' requested by ':1.4' (uid=1000 pid=4132667 comm="/usr/bin/dbus-broker-launch --config-file=/usr/sha")
dbus-daemon[4132523]: [session uid=1000 pid=4132523 pidfd=4] Activated service 'org.freedesktop.systemd1' failed: Process org.freedesktop.systemd1 exited with status 1
dbus-daemon[4132523]: [session uid=1000 pid=4132523 pidfd=4] Activating service name='org.freedesktop.systemd1' requested by ':1.4' (uid=1000 pid=4132667 comm="/usr/bin/dbus-broker-launch --config-file=/usr/sha")
dbus-daemon[4132523]: [session uid=1000 pid=4132523 pidfd=4] Activated service 'org.freedesktop.systemd1' failed: Process org.freedesktop.systemd1 exited with status 1
{"trial": "m-a1-r20-fill-P2", "outcome": "verified", "oracle_exact_match": true, "completion_mutations": 1, "routes": ["compiled"], "loadavg_before": "2.19 2.75 4.67 2/2281 4134435"}
dbus-daemon[4132523]: [session uid=1000 pid=4132523 pidfd=4] Activating service name='org.freedesktop.systemd1' requested by ':1.4' (uid=1000 pid=4132667 comm="/usr/bin/dbus-broker-launch --config-file=/usr/sha")
dbus-daemon[4132523]: [session uid=1000 pid=4132523 pidfd=4] Activated service 'org.freedesktop.systemd1' failed: Process org.freedesktop.systemd1 exited with status 1
[2m2026-10-03T13:54:06.281019Z[0m [33m WARN[0m [2mcua_driver_sdk::runtime[0m[2m:[0m could not activate the persistent AT-SPI listener: AT-SPI connect failed: ZBus Error: MethodError(OwnedErrorName("org.freedesktop.DBus.Error.NameHasNoOwner"), Some("Could not activate remote peer 'org.a11y.atspi.Registry': unit failed"), Msg { type: Error, serial: 4294967295, sender: UniqueName("org.freedesktop.DBus"), reply-serial: 9, body: Str, fds: [] })
[2m2026-10-03T13:54:06.287739Z[0m [33m WARN[0m [2mplatform_linux::overlay[0m[2m:[0m X11 overlay: root reads cannot see this window's own pixels; save-unders will be served without readback confirmation
dbus-daemon[4132523]: [session uid=1000 pid=4132523 pidfd=4] Activating service name='org.freedesktop.systemd1' requested by ':1.4' (uid=1000 pid=4132667 comm="/usr/bin/dbus-broker-launch --config-file=/usr/sha")
dbus-daemon[4132523]: [session uid=1000 pid=4132523 pidfd=4] Activated service 'org.freedesktop.systemd1' failed: Process org.freedesktop.systemd1 exited with status 1
dbus-daemon[4132523]: [session uid=1000 pid=4132523 pidfd=4] Activating service name='org.freedesktop.systemd1' requested by ':1.4' (uid=1000 pid=4132667 comm="/usr/bin/dbus-broker-launch --config-file=/usr/sha")
dbus-daemon[4132523]: [session uid=1000 pid=4132523 pidfd=4] Activated service 'org.freedesktop.systemd1' failed: Process org.freedesktop.systemd1 exited with status 1
{"trial": "m-a1-r20-fill-Wb", "outcome": "verified", "oracle_exact_match": true, "completion_mutations": 1, "routes": ["compiled"], "loadavg_before": "2.19 2.75 4.67 2/2277 4134751"}
dbus-daemon[4132523]: [session uid=1000 pid=4132523 pidfd=4] Activating service name='org.freedesktop.systemd1' requested by ':1.4' (uid=1000 pid=4132667 comm="/usr/bin/dbus-broker-launch --config-file=/usr/sha")
dbus-daemon[4132523]: [session uid=1000 pid=4132523 pidfd=4] Activated service 'org.freedesktop.systemd1' failed: Process org.freedesktop.systemd1 exited with status 1
[2m2026-10-03T13:54:07.788158Z[0m [33m WARN[0m [2mcua_driver_sdk::runtime[0m[2m:[0m could not activate the persistent AT-SPI listener: AT-SPI connect failed: ZBus Error: MethodError(OwnedErrorName("org.freedesktop.DBus.Error.NameHasNoOwner"), Some("Could not activate remote peer 'org.a11y.atspi.Registry': unit failed"), Msg { type: Error, serial: 4294967295, sender: UniqueName("org.freedesktop.DBus"), reply-serial: 9, body: Str, fds: [] })
[2m2026-10-03T13:54:07.795378Z[0m [33m WARN[0m [2mplatform_linux::overlay[0m[2m:[0m X11 overlay: root reads cannot see this window's own pixels; save-unders will be served without readback confirmation
dbus-daemon[4132523]: [session uid=1000 pid=4132523 pidfd=4] Activating service name='org.freedesktop.systemd1' requested by ':1.4' (uid=1000 pid=4132667 comm="/usr/bin/dbus-broker-launch --config-file=/usr/sha")
dbus-daemon[4132523]: [session uid=1000 pid=4132523 pidfd=4] Activated service 'org.freedesktop.systemd1' failed: Process org.freedesktop.systemd1 exited with status 1
dbus-daemon[4132523]: [session uid=1000 pid=4132523 pidfd=4] Activating service name='org.freedesktop.systemd1' requested by ':1.4' (uid=1000 pid=4132667 comm="/usr/bin/dbus-broker-launch --config-file=/usr/sha")
dbus-daemon[4132523]: [session uid=1000 pid=4132523 pidfd=4] Activated service 'org.freedesktop.systemd1' failed: Process org.freedesktop.systemd1 exited with status 1
{"trial": "m-a1-r20-toggle-Wa", "outcome": "verified", "oracle_exact_match": true, "completion_mutations": 1, "routes": ["provider", "provider"], "loadavg_before": "2.19 2.75 4.67 1/2277 4135044"}
dbus-daemon[4132523]: [session uid=1000 pid=4132523 pidfd=4] Activating service name='org.freedesktop.systemd1' requested by ':1.4' (uid=1000 pid=4132667 comm="/usr/bin/dbus-broker-launch --config-file=/usr/sha")
dbus-daemon[4132523]: [session uid=1000 pid=4132523 pidfd=4] Activated service 'org.freedesktop.systemd1' failed: Process org.freedesktop.systemd1 exited with status 1
[2m2026-10-03T13:54:08.920341Z[0m [33m WARN[0m [2mcua_driver_sdk::runtime[0m[2m:[0m could not activate the persistent AT-SPI listener: AT-SPI connect failed: ZBus Error: MethodError(OwnedErrorName("org.freedesktop.DBus.Error.NameHasNoOwner"), Some("Could not activate remote peer 'org.a11y.atspi.Registry': unit failed"), Msg { type: Error, serial: 4294967295, sender: UniqueName("org.freedesktop.DBus"), reply-serial: 9, body: Str, fds: [] })
[2m2026-10-03T13:54:08.927256Z[0m [33m WARN[0m [2mplatform_linux::overlay[0m[2m:[0m X11 overlay: root reads cannot see this window's own pixels; save-unders will be served without readback confirmation
dbus-daemon[4132523]: [session uid=1000 pid=4132523 pidfd=4] Activating service name='org.freedesktop.systemd1' requested by ':1.4' (uid=1000 pid=4132667 comm="/usr/bin/dbus-broker-launch --config-file=/usr/sha")
dbus-daemon[4132523]: [session uid=1000 pid=4132523 pidfd=4] Activated service 'org.freedesktop.systemd1' failed: Process org.freedesktop.systemd1 exited with status 1
dbus-daemon[4132523]: [session uid=1000 pid=4132523 pidfd=4] Activating service name='org.freedesktop.systemd1' requested by ':1.4' (uid=1000 pid=4132667 comm="/usr/bin/dbus-broker-launch --config-file=/usr/sha")
dbus-daemon[4132523]: [session uid=1000 pid=4132523 pidfd=4] Activated service 'org.freedesktop.systemd1' failed: Process org.freedesktop.systemd1 exited with status 1
{"trial": "m-a1-r20-toggle-Wb", "outcome": "verified", "oracle_exact_match": true, "completion_mutations": 1, "routes": ["provider", "provider"], "loadavg_before": "2.19 2.75 4.67 1/2288 4135344"}
dbus-daemon[4132523]: [session uid=1000 pid=4132523 pidfd=4] Activating service name='org.freedesktop.systemd1' requested by ':1.4' (uid=1000 pid=4132667 comm="/usr/bin/dbus-broker-launch --config-file=/usr/sha")
dbus-daemon[4132523]: [session uid=1000 pid=4132523 pidfd=4] Activated service 'org.freedesktop.systemd1' failed: Process org.freedesktop.systemd1 exited with status 1
[2m2026-10-03T13:54:10.042329Z[0m [33m WARN[0m [2mcua_driver_sdk::runtime[0m[2m:[0m could not activate the persistent AT-SPI listener: AT-SPI connect failed: ZBus Error: MethodError(OwnedErrorName("org.freedesktop.DBus.Error.NameHasNoOwner"), Some("Could not activate remote peer 'org.a11y.atspi.Registry': unit failed"), Msg { type: Error, serial: 4294967295, sender: UniqueName("org.freedesktop.DBus"), reply-serial: 9, body: Str, fds: [] })
[2m2026-10-03T13:54:10.049591Z[0m [33m WARN[0m [2mplatform_linux::overlay[0m[2m:[0m X11 overlay: root reads cannot see this window's own pixels; save-unders will be served without readback confirmation
dbus-daemon[4132523]: [session uid=1000 pid=4132523 pidfd=4] Activating service name='org.freedesktop.systemd1' requested by ':1.4' (uid=1000 pid=4132667 comm="/usr/bin/dbus-broker-launch --config-file=/usr/sha")
dbus-daemon[4132523]: [session uid=1000 pid=4132523 pidfd=4] Activated service 'org.freedesktop.systemd1' failed: Process org.freedesktop.systemd1 exited with status 1
dbus-daemon[4132523]: [session uid=1000 pid=4132523 pidfd=4] Activating service name='org.freedesktop.systemd1' requested by ':1.4' (uid=1000 pid=4132667 comm="/usr/bin/dbus-broker-launch --config-file=/usr/sha")
dbus-daemon[4132523]: [session uid=1000 pid=4132523 pidfd=4] Activated service 'org.freedesktop.systemd1' failed: Process org.freedesktop.systemd1 exited with status 1
{"trial": "m-a1-r20-toggle-C", "outcome": "verified", "oracle_exact_match": true, "completion_mutations": 1, "routes": ["provider", "provider"], "loadavg_before": "2.10 2.72 4.65 1/2311 4135639"}
dbus-daemon[4132523]: [session uid=1000 pid=4132523 pidfd=4] Activating service name='org.freedesktop.systemd1' requested by ':1.4' (uid=1000 pid=4132667 comm="/usr/bin/dbus-broker-launch --config-file=/usr/sha")
dbus-daemon[4132523]: [session uid=1000 pid=4132523 pidfd=4] Activated service 'org.freedesktop.systemd1' failed: Process org.freedesktop.systemd1 exited with status 1
[2m2026-10-03T13:54:11.127683Z[0m [33m WARN[0m [2mcua_driver_sdk::runtime[0m[2m:[0m could not activate the persistent AT-SPI listener: AT-SPI connect failed: ZBus Error: MethodError(OwnedErrorName("org.freedesktop.DBus.Error.NameHasNoOwner"), Some("Could not activate remote peer 'org.a11y.atspi.Registry': unit failed"), Msg { type: Error, serial: 4294967295, sender: UniqueName("org.freedesktop.DBus"), reply-serial: 9, body: Str, fds: [] })
[2m2026-10-03T13:54:11.134556Z[0m [33m WARN[0m [2mplatform_linux::overlay[0m[2m:[0m X11 overlay: root reads cannot see this window's own pixels; save-unders will be served without readback confirmation
dbus-daemon[4132523]: [session uid=1000 pid=4132523 pidfd=4] Activating service name='org.freedesktop.systemd1' requested by ':1.4' (uid=1000 pid=4132667 comm="/usr/bin/dbus-broker-launch --config-file=/usr/sha")
dbus-daemon[4132523]: [session uid=1000 pid=4132523 pidfd=4] Activated service 'org.freedesktop.systemd1' failed: Process org.freedesktop.systemd1 exited with status 1
dbus-daemon[4132523]: [session uid=1000 pid=4132523 pidfd=4] Activating service name='org.freedesktop.systemd1' requested by ':1.4' (uid=1000 pid=4132667 comm="/usr/bin/dbus-broker-launch --config-file=/usr/sha")
dbus-daemon[4132523]: [session uid=1000 pid=4132523 pidfd=4] Activated service 'org.freedesktop.systemd1' failed: Process org.freedesktop.systemd1 exited with status 1
{"trial": "m-a1-r20-toggle-P2", "outcome": "verified", "oracle_exact_match": true, "completion_mutations": 1, "routes": ["provider", "provider"], "loadavg_before": "2.10 2.72 4.65 1/2325 4135935"}
dbus-daemon[4132523]: [session uid=1000 pid=4132523 pidfd=4] Activating service name='org.freedesktop.systemd1' requested by ':1.4' (uid=1000 pid=4132667 comm="/usr/bin/dbus-broker-launch --config-file=/usr/sha")
dbus-daemon[4132523]: [session uid=1000 pid=4132523 pidfd=4] Activated service 'org.freedesktop.systemd1' failed: Process org.freedesktop.systemd1 exited with status 1
[2m2026-10-03T13:54:12.263879Z[0m [33m WARN[0m [2mcua_driver_sdk::runtime[0m[2m:[0m could not activate the persistent AT-SPI listener: AT-SPI connect failed: ZBus Error: MethodError(OwnedErrorName("org.freedesktop.DBus.Error.NameHasNoOwner"), Some("Could not activate remote peer 'org.a11y.atspi.Registry': unit failed"), Msg { type: Error, serial: 4294967295, sender: UniqueName("org.freedesktop.DBus"), reply-serial: 9, body: Str, fds: [] })
[2m2026-10-03T13:54:12.271177Z[0m [33m WARN[0m [2mplatform_linux::overlay[0m[2m:[0m X11 overlay: root reads cannot see this window's own pixels; save-unders will be served without readback confirmation
dbus-daemon[4132523]: [session uid=1000 pid=4132523 pidfd=4] Activating service name='org.freedesktop.systemd1' requested by ':1.4' (uid=1000 pid=4132667 comm="/usr/bin/dbus-broker-launch --config-file=/usr/sha")
dbus-daemon[4132523]: [session uid=1000 pid=4132523 pidfd=4] Activated service 'org.freedesktop.systemd1' failed: Process org.freedesktop.systemd1 exited with status 1
dbus-daemon[4132523]: [session uid=1000 pid=4132523 pidfd=4] Activating service name='org.freedesktop.systemd1' requested by ':1.4' (uid=1000 pid=4132667 comm="/usr/bin/dbus-broker-launch --config-file=/usr/sha")
dbus-daemon[4132523]: [session uid=1000 pid=4132523 pidfd=4] Activated service 'org.freedesktop.systemd1' failed: Process org.freedesktop.systemd1 exited with status 1
{"trial": "m-a1-r21-fill-Wa", "outcome": "verified", "oracle_exact_match": true, "completion_mutations": 1, "routes": ["compiled"], "loadavg_before": "2.10 2.72 4.65 1/2317 4136193"}
dbus-daemon[4132523]: [session uid=1000 pid=4132523 pidfd=4] Activating service name='org.freedesktop.systemd1' requested by ':1.4' (uid=1000 pid=4132667 comm="/usr/bin/dbus-broker-launch --config-file=/usr/sha")
dbus-daemon[4132523]: [session uid=1000 pid=4132523 pidfd=4] Activated service 'org.freedesktop.systemd1' failed: Process org.freedesktop.systemd1 exited with status 1
[2m2026-10-03T13:54:13.765243Z[0m [33m WARN[0m [2mcua_driver_sdk::runtime[0m[2m:[0m could not activate the persistent AT-SPI listener: AT-SPI connect failed: ZBus Error: MethodError(OwnedErrorName("org.freedesktop.DBus.Error.NameHasNoOwner"), Some("Could not activate remote peer 'org.a11y.atspi.Registry': unit failed"), Msg { type: Error, serial: 4294967295, sender: UniqueName("org.freedesktop.DBus"), reply-serial: 9, body: Str, fds: [] })
[2m2026-10-03T13:54:13.772136Z[0m [33m WARN[0m [2mplatform_linux::overlay[0m[2m:[0m X11 overlay: root reads cannot see this window's own pixels; save-unders will be served without readback confirmation
dbus-daemon[4132523]: [session uid=1000 pid=4132523 pidfd=4] Activating service name='org.freedesktop.systemd1' requested by ':1.4' (uid=1000 pid=4132667 comm="/usr/bin/dbus-broker-launch --config-file=/usr/sha")
dbus-daemon[4132523]: [session uid=1000 pid=4132523 pidfd=4] Activated service 'org.freedesktop.systemd1' failed: Process org.freedesktop.systemd1 exited with status 1
dbus-daemon[4132523]: [session uid=1000 pid=4132523 pidfd=4] Activating service name='org.freedesktop.systemd1' requested by ':1.4' (uid=1000 pid=4132667 comm="/usr/bin/dbus-broker-launch --config-file=/usr/sha")
dbus-daemon[4132523]: [session uid=1000 pid=4132523 pidfd=4] Activated service 'org.freedesktop.systemd1' failed: Process org.freedesktop.systemd1 exited with status 1
{"trial": "m-a1-r21-fill-Wb", "outcome": "verified", "oracle_exact_match": true, "completion_mutations": 1, "routes": ["compiled"], "loadavg_before": "2.10 2.72 4.65 1/2321 4136508"}
dbus-daemon[4132523]: [session uid=1000 pid=4132523 pidfd=4] Activating service name='org.freedesktop.systemd1' requested by ':1.4' (uid=1000 pid=4132667 comm="/usr/bin/dbus-broker-launch --config-file=/usr/sha")
dbus-daemon[4132523]: [session uid=1000 pid=4132523 pidfd=4] Activated service 'org.freedesktop.systemd1' failed: Process org.freedesktop.systemd1 exited with status 1
[2m2026-10-03T13:54:15.266178Z[0m [33m WARN[0m [2mcua_driver_sdk::runtime[0m[2m:[0m could not activate the persistent AT-SPI listener: AT-SPI connect failed: ZBus Error: MethodError(OwnedErrorName("org.freedesktop.DBus.Error.NameHasNoOwner"), Some("Could not activate remote peer 'org.a11y.atspi.Registry': unit failed"), Msg { type: Error, serial: 4294967295, sender: UniqueName("org.freedesktop.DBus"), reply-serial: 9, body: Str, fds: [] })
[2m2026-10-03T13:54:15.273372Z[0m [33m WARN[0m [2mplatform_linux::overlay[0m[2m:[0m X11 overlay: root reads cannot see this window's own pixels; save-unders will be served without readback confirmation
dbus-daemon[4132523]: [session uid=1000 pid=4132523 pidfd=4] Activating service name='org.freedesktop.systemd1' requested by ':1.4' (uid=1000 pid=4132667 comm="/usr/bin/dbus-broker-launch --config-file=/usr/sha")
dbus-daemon[4132523]: [session uid=1000 pid=4132523 pidfd=4] Activated service 'org.freedesktop.systemd1' failed: Process org.freedesktop.systemd1 exited with status 1
dbus-daemon[4132523]: [session uid=1000 pid=4132523 pidfd=4] Activating service name='org.freedesktop.systemd1' requested by ':1.4' (uid=1000 pid=4132667 comm="/usr/bin/dbus-broker-launch --config-file=/usr/sha")
dbus-daemon[4132523]: [session uid=1000 pid=4132523 pidfd=4] Activated service 'org.freedesktop.systemd1' failed: Process org.freedesktop.systemd1 exited with status 1
{"trial": "m-a1-r21-fill-C", "outcome": "verified", "oracle_exact_match": true, "completion_mutations": 1, "routes": ["compiled"], "loadavg_before": "2.25 2.74 4.64 1/2320 4136838"}
dbus-daemon[4132523]: [session uid=1000 pid=4132523 pidfd=4] Activating service name='org.freedesktop.systemd1' requested by ':1.4' (uid=1000 pid=4132667 comm="/usr/bin/dbus-broker-launch --config-file=/usr/sha")
dbus-daemon[4132523]: [session uid=1000 pid=4132523 pidfd=4] Activated service 'org.freedesktop.systemd1' failed: Process org.freedesktop.systemd1 exited with status 1
[2m2026-10-03T13:54:16.767032Z[0m [33m WARN[0m [2mcua_driver_sdk::runtime[0m[2m:[0m could not activate the persistent AT-SPI listener: AT-SPI connect failed: ZBus Error: MethodError(OwnedErrorName("org.freedesktop.DBus.Error.NameHasNoOwner"), Some("Could not activate remote peer 'org.a11y.atspi.Registry': unit failed"), Msg { type: Error, serial: 4294967295, sender: UniqueName("org.freedesktop.DBus"), reply-serial: 9, body: Str, fds: [] })
[2m2026-10-03T13:54:16.774357Z[0m [33m WARN[0m [2mplatform_linux::overlay[0m[2m:[0m X11 overlay: root reads cannot see this window's own pixels; save-unders will be served without readback confirmation
dbus-daemon[4132523]: [session uid=1000 pid=4132523 pidfd=4] Activating service name='org.freedesktop.systemd1' requested by ':1.4' (uid=1000 pid=4132667 comm="/usr/bin/dbus-broker-launch --config-file=/usr/sha")
dbus-daemon[4132523]: [session uid=1000 pid=4132523 pidfd=4] Activated service 'org.freedesktop.systemd1' failed: Process org.freedesktop.systemd1 exited with status 1
dbus-daemon[4132523]: [session uid=1000 pid=4132523 pidfd=4] Activating service name='org.freedesktop.systemd1' requested by ':1.4' (uid=1000 pid=4132667 comm="/usr/bin/dbus-broker-launch --config-file=/usr/sha")
dbus-daemon[4132523]: [session uid=1000 pid=4132523 pidfd=4] Activated service 'org.freedesktop.systemd1' failed: Process org.freedesktop.systemd1 exited with status 1
{"trial": "m-a1-r21-fill-P2", "outcome": "verified", "oracle_exact_match": true, "completion_mutations": 1, "routes": ["compiled"], "loadavg_before": "2.25 2.74 4.64 1/2320 4137311"}
dbus-daemon[4132523]: [session uid=1000 pid=4132523 pidfd=4] Activating service name='org.freedesktop.systemd1' requested by ':1.4' (uid=1000 pid=4132667 comm="/usr/bin/dbus-broker-launch --config-file=/usr/sha")
dbus-daemon[4132523]: [session uid=1000 pid=4132523 pidfd=4] Activated service 'org.freedesktop.systemd1' failed: Process org.freedesktop.systemd1 exited with status 1
[2m2026-10-03T13:54:18.267760Z[0m [33m WARN[0m [2mcua_driver_sdk::runtime[0m[2m:[0m could not activate the persistent AT-SPI listener: AT-SPI connect failed: ZBus Error: MethodError(OwnedErrorName("org.freedesktop.DBus.Error.NameHasNoOwner"), Some("Could not activate remote peer 'org.a11y.atspi.Registry': unit failed"), Msg { type: Error, serial: 4294967295, sender: UniqueName("org.freedesktop.DBus"), reply-serial: 9, body: Str, fds: [] })
[2m2026-10-03T13:54:18.274722Z[0m [33m WARN[0m [2mplatform_linux::overlay[0m[2m:[0m X11 overlay: root reads cannot see this window's own pixels; save-unders will be served without readback confirmation
dbus-daemon[4132523]: [session uid=1000 pid=4132523 pidfd=4] Activating service name='org.freedesktop.systemd1' requested by ':1.4' (uid=1000 pid=4132667 comm="/usr/bin/dbus-broker-launch --config-file=/usr/sha")
dbus-daemon[4132523]: [session uid=1000 pid=4132523 pidfd=4] Activated service 'org.freedesktop.systemd1' failed: Process org.freedesktop.systemd1 exited with status 1
dbus-daemon[4132523]: [session uid=1000 pid=4132523 pidfd=4] Activating service name='org.freedesktop.systemd1' requested by ':1.4' (uid=1000 pid=4132667 comm="/usr/bin/dbus-broker-launch --config-file=/usr/sha")
dbus-daemon[4132523]: [session uid=1000 pid=4132523 pidfd=4] Activated service 'org.freedesktop.systemd1' failed: Process org.freedesktop.systemd1 exited with status 1
{"trial": "m-a1-r21-toggle-Wb", "outcome": "verified", "oracle_exact_match": true, "completion_mutations": 1, "routes": ["provider", "provider"], "loadavg_before": "2.25 2.74 4.64 2/2322 4137607"}
dbus-daemon[4132523]: [session uid=1000 pid=4132523 pidfd=4] Activating service name='org.freedesktop.systemd1' requested by ':1.4' (uid=1000 pid=4132667 comm="/usr/bin/dbus-broker-launch --config-file=/usr/sha")
dbus-daemon[4132523]: [session uid=1000 pid=4132523 pidfd=4] Activated service 'org.freedesktop.systemd1' failed: Process org.freedesktop.systemd1 exited with status 1
[2m2026-10-03T13:54:19.388866Z[0m [33m WARN[0m [2mcua_driver_sdk::runtime[0m[2m:[0m could not activate the persistent AT-SPI listener: AT-SPI connect failed: ZBus Error: MethodError(OwnedErrorName("org.freedesktop.DBus.Error.NameHasNoOwner"), Some("Could not activate remote peer 'org.a11y.atspi.Registry': unit failed"), Msg { type: Error, serial: 4294967295, sender: UniqueName("org.freedesktop.DBus"), reply-serial: 9, body: Str, fds: [] })
[2m2026-10-03T13:54:19.395636Z[0m [33m WARN[0m [2mplatform_linux::overlay[0m[2m:[0m X11 overlay: root reads cannot see this window's own pixels; save-unders will be served without readback confirmation
dbus-daemon[4132523]: [session uid=1000 pid=4132523 pidfd=4] Activating service name='org.freedesktop.systemd1' requested by ':1.4' (uid=1000 pid=4132667 comm="/usr/bin/dbus-broker-launch --config-file=/usr/sha")
dbus-daemon[4132523]: [session uid=1000 pid=4132523 pidfd=4] Activated service 'org.freedesktop.systemd1' failed: Process org.freedesktop.systemd1 exited with status 1
dbus-daemon[4132523]: [session uid=1000 pid=4132523 pidfd=4] Activating service name='org.freedesktop.systemd1' requested by ':1.4' (uid=1000 pid=4132667 comm="/usr/bin/dbus-broker-launch --config-file=/usr/sha")
dbus-daemon[4132523]: [session uid=1000 pid=4132523 pidfd=4] Activated service 'org.freedesktop.systemd1' failed: Process org.freedesktop.systemd1 exited with status 1
{"trial": "m-a1-r21-toggle-P2", "outcome": "verified", "oracle_exact_match": true, "completion_mutations": 1, "routes": ["provider", "provider"], "loadavg_before": "2.15 2.71 4.62 1/2305 4137944"}
dbus-daemon[4132523]: [session uid=1000 pid=4132523 pidfd=4] Activating service name='org.freedesktop.systemd1' requested by ':1.4' (uid=1000 pid=4132667 comm="/usr/bin/dbus-broker-launch --config-file=/usr/sha")
dbus-daemon[4132523]: [session uid=1000 pid=4132523 pidfd=4] Activated service 'org.freedesktop.systemd1' failed: Process org.freedesktop.systemd1 exited with status 1
[2m2026-10-03T13:54:20.551228Z[0m [33m WARN[0m [2mcua_driver_sdk::runtime[0m[2m:[0m could not activate the persistent AT-SPI listener: AT-SPI connect failed: ZBus Error: MethodError(OwnedErrorName("org.freedesktop.DBus.Error.NameHasNoOwner"), Some("Could not activate remote peer 'org.a11y.atspi.Registry': unit failed"), Msg { type: Error, serial: 4294967295, sender: UniqueName("org.freedesktop.DBus"), reply-serial: 9, body: Str, fds: [] })
[2m2026-10-03T13:54:20.558382Z[0m [33m WARN[0m [2mplatform_linux::overlay[0m[2m:[0m X11 overlay: root reads cannot see this window's own pixels; save-unders will be served without readback confirmation
dbus-daemon[4132523]: [session uid=1000 pid=4132523 pidfd=4] Activating service name='org.freedesktop.systemd1' requested by ':1.4' (uid=1000 pid=4132667 comm="/usr/bin/dbus-broker-launch --config-file=/usr/sha")
dbus-daemon[4132523]: [session uid=1000 pid=4132523 pidfd=4] Activated service 'org.freedesktop.systemd1' failed: Process org.freedesktop.systemd1 exited with status 1
dbus-daemon[4132523]: [session uid=1000 pid=4132523 pidfd=4] Activating service name='org.freedesktop.systemd1' requested by ':1.4' (uid=1000 pid=4132667 comm="/usr/bin/dbus-broker-launch --config-file=/usr/sha")
dbus-daemon[4132523]: [session uid=1000 pid=4132523 pidfd=4] Activated service 'org.freedesktop.systemd1' failed: Process org.freedesktop.systemd1 exited with status 1
{"trial": "m-a1-r21-toggle-Wa", "outcome": "verified", "oracle_exact_match": true, "completion_mutations": 1, "routes": ["provider", "provider"], "loadavg_before": "2.15 2.71 4.62 2/2284 4138210"}
dbus-daemon[4132523]: [session uid=1000 pid=4132523 pidfd=4] Activating service name='org.freedesktop.systemd1' requested by ':1.4' (uid=1000 pid=4132667 comm="/usr/bin/dbus-broker-launch --config-file=/usr/sha")
dbus-daemon[4132523]: [session uid=1000 pid=4132523 pidfd=4] Activated service 'org.freedesktop.systemd1' failed: Process org.freedesktop.systemd1 exited with status 1
[2m2026-10-03T13:54:21.674092Z[0m [33m WARN[0m [2mcua_driver_sdk::runtime[0m[2m:[0m could not activate the persistent AT-SPI listener: AT-SPI connect failed: ZBus Error: MethodError(OwnedErrorName("org.freedesktop.DBus.Error.NameHasNoOwner"), Some("Could not activate remote peer 'org.a11y.atspi.Registry': unit failed"), Msg { type: Error, serial: 4294967295, sender: UniqueName("org.freedesktop.DBus"), reply-serial: 9, body: Str, fds: [] })
[2m2026-10-03T13:54:21.680709Z[0m [33m WARN[0m [2mplatform_linux::overlay[0m[2m:[0m X11 overlay: root reads cannot see this window's own pixels; save-unders will be served without readback confirmation
dbus-daemon[4132523]: [session uid=1000 pid=4132523 pidfd=4] Activating service name='org.freedesktop.systemd1' requested by ':1.4' (uid=1000 pid=4132667 comm="/usr/bin/dbus-broker-launch --config-file=/usr/sha")
dbus-daemon[4132523]: [session uid=1000 pid=4132523 pidfd=4] Activated service 'org.freedesktop.systemd1' failed: Process org.freedesktop.systemd1 exited with status 1
dbus-daemon[4132523]: [session uid=1000 pid=4132523 pidfd=4] Activating service name='org.freedesktop.systemd1' requested by ':1.4' (uid=1000 pid=4132667 comm="/usr/bin/dbus-broker-launch --config-file=/usr/sha")
dbus-daemon[4132523]: [session uid=1000 pid=4132523 pidfd=4] Activated service 'org.freedesktop.systemd1' failed: Process org.freedesktop.systemd1 exited with status 1
{"trial": "m-a1-r21-toggle-C", "outcome": "verified", "oracle_exact_match": true, "completion_mutations": 1, "routes": ["provider", "provider"], "loadavg_before": "2.15 2.71 4.62 1/2284 4138495"}
dbus-daemon[4132523]: [session uid=1000 pid=4132523 pidfd=4] Activating service name='org.freedesktop.systemd1' requested by ':1.4' (uid=1000 pid=4132667 comm="/usr/bin/dbus-broker-launch --config-file=/usr/sha")
dbus-daemon[4132523]: [session uid=1000 pid=4132523 pidfd=4] Activated service 'org.freedesktop.systemd1' failed: Process org.freedesktop.systemd1 exited with status 1
[2m2026-10-03T13:54:22.770997Z[0m [33m WARN[0m [2mcua_driver_sdk::runtime[0m[2m:[0m could not activate the persistent AT-SPI listener: AT-SPI connect failed: ZBus Error: MethodError(OwnedErrorName("org.freedesktop.DBus.Error.NameHasNoOwner"), Some("Could not activate remote peer 'org.a11y.atspi.Registry': unit failed"), Msg { type: Error, serial: 4294967295, sender: UniqueName("org.freedesktop.DBus"), reply-serial: 9, body: Str, fds: [] })
[2m2026-10-03T13:54:22.779245Z[0m [33m WARN[0m [2mplatform_linux::overlay[0m[2m:[0m X11 overlay: root reads cannot see this window's own pixels; save-unders will be served without readback confirmation
dbus-daemon[4132523]: [session uid=1000 pid=4132523 pidfd=4] Activating service name='org.freedesktop.systemd1' requested by ':1.4' (uid=1000 pid=4132667 comm="/usr/bin/dbus-broker-launch --config-file=/usr/sha")
dbus-daemon[4132523]: [session uid=1000 pid=4132523 pidfd=4] Activated service 'org.freedesktop.systemd1' failed: Process org.freedesktop.systemd1 exited with status 1
dbus-daemon[4132523]: [session uid=1000 pid=4132523 pidfd=4] Activating service name='org.freedesktop.systemd1' requested by ':1.4' (uid=1000 pid=4132667 comm="/usr/bin/dbus-broker-launch --config-file=/usr/sha")
dbus-daemon[4132523]: [session uid=1000 pid=4132523 pidfd=4] Activated service 'org.freedesktop.systemd1' failed: Process org.freedesktop.systemd1 exited with status 1
{"trial": "m-a1-r21-modal-P2", "outcome": "verified", "oracle_exact_match": true, "completion_mutations": 1, "routes": ["provider", "provider"], "loadavg_before": "2.15 2.71 4.62 1/2284 4138754"}
dbus-daemon[4132523]: [session uid=1000 pid=4132523 pidfd=4] Activating service name='org.freedesktop.systemd1' requested by ':1.4' (uid=1000 pid=4132667 comm="/usr/bin/dbus-broker-launch --config-file=/usr/sha")
dbus-daemon[4132523]: [session uid=1000 pid=4132523 pidfd=4] Activated service 'org.freedesktop.systemd1' failed: Process org.freedesktop.systemd1 exited with status 1
[2m2026-10-03T13:54:23.915361Z[0m [33m WARN[0m [2mcua_driver_sdk::runtime[0m[2m:[0m could not activate the persistent AT-SPI listener: AT-SPI connect failed: ZBus Error: MethodError(OwnedErrorName("org.freedesktop.DBus.Error.NameHasNoOwner"), Some("Could not activate remote peer 'org.a11y.atspi.Registry': unit failed"), Msg { type: Error, serial: 4294967295, sender: UniqueName("org.freedesktop.DBus"), reply-serial: 9, body: Str, fds: [] })
[2m2026-10-03T13:54:23.922040Z[0m [33m WARN[0m [2mplatform_linux::overlay[0m[2m:[0m X11 overlay: root reads cannot see this window's own pixels; save-unders will be served without readback confirmation
dbus-daemon[4132523]: [session uid=1000 pid=4132523 pidfd=4] Activating service name='org.freedesktop.systemd1' requested by ':1.4' (uid=1000 pid=4132667 comm="/usr/bin/dbus-broker-launch --config-file=/usr/sha")
dbus-daemon[4132523]: [session uid=1000 pid=4132523 pidfd=4] Activated service 'org.freedesktop.systemd1' failed: Process org.freedesktop.systemd1 exited with status 1
dbus-daemon[4132523]: [session uid=1000 pid=4132523 pidfd=4] Activating service name='org.freedesktop.systemd1' requested by ':1.4' (uid=1000 pid=4132667 comm="/usr/bin/dbus-broker-launch --config-file=/usr/sha")
dbus-daemon[4132523]: [session uid=1000 pid=4132523 pidfd=4] Activated service 'org.freedesktop.systemd1' failed: Process org.freedesktop.systemd1 exited with status 1
{"trial": "m-a1-r21-modal-C", "outcome": "verified", "oracle_exact_match": true, "completion_mutations": 1, "routes": ["provider", "provider"], "loadavg_before": "2.15 2.71 4.62 1/2278 4139044"}
dbus-daemon[4132523]: [session uid=1000 pid=4132523 pidfd=4] Activating service name='org.freedesktop.systemd1' requested by ':1.4' (uid=1000 pid=4132667 comm="/usr/bin/dbus-broker-launch --config-file=/usr/sha")
dbus-daemon[4132523]: [session uid=1000 pid=4132523 pidfd=4] Activated service 'org.freedesktop.systemd1' failed: Process org.freedesktop.systemd1 exited with status 1
[2m2026-10-03T13:54:25.010272Z[0m [33m WARN[0m [2mcua_driver_sdk::runtime[0m[2m:[0m could not activate the persistent AT-SPI listener: AT-SPI connect failed: ZBus Error: MethodError(OwnedErrorName("org.freedesktop.DBus.Error.NameHasNoOwner"), Some("Could not activate remote peer 'org.a11y.atspi.Registry': unit failed"), Msg { type: Error, serial: 4294967295, sender: UniqueName("org.freedesktop.DBus"), reply-serial: 9, body: Str, fds: [] })
[2m2026-10-03T13:54:25.017358Z[0m [33m WARN[0m [2mplatform_linux::overlay[0m[2m:[0m X11 overlay: root reads cannot see this window's own pixels; save-unders will be served without readback confirmation
dbus-daemon[4132523]: [session uid=1000 pid=4132523 pidfd=4] Activating service name='org.freedesktop.systemd1' requested by ':1.4' (uid=1000 pid=4132667 comm="/usr/bin/dbus-broker-launch --config-file=/usr/sha")
dbus-daemon[4132523]: [session uid=1000 pid=4132523 pidfd=4] Activated service 'org.freedesktop.systemd1' failed: Process org.freedesktop.systemd1 exited with status 1
dbus-daemon[4132523]: [session uid=1000 pid=4132523 pidfd=4] Activating service name='org.freedesktop.systemd1' requested by ':1.4' (uid=1000 pid=4132667 comm="/usr/bin/dbus-broker-launch --config-file=/usr/sha")
dbus-daemon[4132523]: [session uid=1000 pid=4132523 pidfd=4] Activated service 'org.freedesktop.systemd1' failed: Process org.freedesktop.systemd1 exited with status 1
{"trial": "m-a1-r21-modal-Wb", "outcome": "verified", "oracle_exact_match": true, "completion_mutations": 1, "routes": ["provider", "provider"], "loadavg_before": "2.06 2.68 4.60 1/2280 4139350"}
dbus-daemon[4132523]: [session uid=1000 pid=4132523 pidfd=4] Activating service name='org.freedesktop.systemd1' requested by ':1.4' (uid=1000 pid=4132667 comm="/usr/bin/dbus-broker-launch --config-file=/usr/sha")
dbus-daemon[4132523]: [session uid=1000 pid=4132523 pidfd=4] Activated service 'org.freedesktop.systemd1' failed: Process org.freedesktop.systemd1 exited with status 1
[2m2026-10-03T13:54:26.126171Z[0m [33m WARN[0m [2mcua_driver_sdk::runtime[0m[2m:[0m could not activate the persistent AT-SPI listener: AT-SPI connect failed: ZBus Error: MethodError(OwnedErrorName("org.freedesktop.DBus.Error.NameHasNoOwner"), Some("Could not activate remote peer 'org.a11y.atspi.Registry': unit failed"), Msg { type: Error, serial: 4294967295, sender: UniqueName("org.freedesktop.DBus"), reply-serial: 9, body: Str, fds: [] })
[2m2026-10-03T13:54:26.133262Z[0m [33m WARN[0m [2mplatform_linux::overlay[0m[2m:[0m X11 overlay: root reads cannot see this window's own pixels; save-unders will be served without readback confirmation
dbus-daemon[4132523]: [session uid=1000 pid=4132523 pidfd=4] Activating service name='org.freedesktop.systemd1' requested by ':1.4' (uid=1000 pid=4132667 comm="/usr/bin/dbus-broker-launch --config-file=/usr/sha")
dbus-daemon[4132523]: [session uid=1000 pid=4132523 pidfd=4] Activated service 'org.freedesktop.systemd1' failed: Process org.freedesktop.systemd1 exited with status 1
dbus-daemon[4132523]: [session uid=1000 pid=4132523 pidfd=4] Activating service name='org.freedesktop.systemd1' requested by ':1.4' (uid=1000 pid=4132667 comm="/usr/bin/dbus-broker-launch --config-file=/usr/sha")
dbus-daemon[4132523]: [session uid=1000 pid=4132523 pidfd=4] Activated service 'org.freedesktop.systemd1' failed: Process org.freedesktop.systemd1 exited with status 1
{"trial": "m-a1-r21-modal-Wa", "outcome": "verified", "oracle_exact_match": true, "completion_mutations": 1, "routes": ["provider", "provider"], "loadavg_before": "2.06 2.68 4.60 1/2279 4139612"}
dbus-daemon[4132523]: [session uid=1000 pid=4132523 pidfd=4] Activating service name='org.freedesktop.systemd1' requested by ':1.4' (uid=1000 pid=4132667 comm="/usr/bin/dbus-broker-launch --config-file=/usr/sha")
dbus-daemon[4132523]: [session uid=1000 pid=4132523 pidfd=4] Activated service 'org.freedesktop.systemd1' failed: Process org.freedesktop.systemd1 exited with status 1
[2m2026-10-03T13:54:27.253911Z[0m [33m WARN[0m [2mcua_driver_sdk::runtime[0m[2m:[0m could not activate the persistent AT-SPI listener: AT-SPI connect failed: ZBus Error: MethodError(OwnedErrorName("org.freedesktop.DBus.Error.NameHasNoOwner"), Some("Could not activate remote peer 'org.a11y.atspi.Registry': unit failed"), Msg { type: Error, serial: 4294967295, sender: UniqueName("org.freedesktop.DBus"), reply-serial: 9, body: Str, fds: [] })
[2m2026-10-03T13:54:27.260299Z[0m [33m WARN[0m [2mplatform_linux::overlay[0m[2m:[0m X11 overlay: root reads cannot see this window's own pixels; save-unders will be served without readback confirmation
dbus-daemon[4132523]: [session uid=1000 pid=4132523 pidfd=4] Activating service name='org.freedesktop.systemd1' requested by ':1.4' (uid=1000 pid=4132667 comm="/usr/bin/dbus-broker-launch --config-file=/usr/sha")
dbus-daemon[4132523]: [session uid=1000 pid=4132523 pidfd=4] Activated service 'org.freedesktop.systemd1' failed: Process org.freedesktop.systemd1 exited with status 1
dbus-daemon[4132523]: [session uid=1000 pid=4132523 pidfd=4] Activating service name='org.freedesktop.systemd1' requested by ':1.4' (uid=1000 pid=4132667 comm="/usr/bin/dbus-broker-launch --config-file=/usr/sha")
dbus-daemon[4132523]: [session uid=1000 pid=4132523 pidfd=4] Activated service 'org.freedesktop.systemd1' failed: Process org.freedesktop.systemd1 exited with status 1
{"trial": "m-a1-r22-toggle-P2", "outcome": "verified", "oracle_exact_match": true, "completion_mutations": 1, "routes": ["provider", "provider"], "loadavg_before": "2.06 2.68 4.60 1/2279 4139897"}
dbus-daemon[4132523]: [session uid=1000 pid=4132523 pidfd=4] Activating service name='org.freedesktop.systemd1' requested by ':1.4' (uid=1000 pid=4132667 comm="/usr/bin/dbus-broker-launch --config-file=/usr/sha")
dbus-daemon[4132523]: [session uid=1000 pid=4132523 pidfd=4] Activated service 'org.freedesktop.systemd1' failed: Process org.freedesktop.systemd1 exited with status 1
[2m2026-10-03T13:54:28.381512Z[0m [33m WARN[0m [2mcua_driver_sdk::runtime[0m[2m:[0m could not activate the persistent AT-SPI listener: AT-SPI connect failed: ZBus Error: MethodError(OwnedErrorName("org.freedesktop.DBus.Error.NameHasNoOwner"), Some("Could not activate remote peer 'org.a11y.atspi.Registry': unit failed"), Msg { type: Error, serial: 4294967295, sender: UniqueName("org.freedesktop.DBus"), reply-serial: 9, body: Str, fds: [] })
[2m2026-10-03T13:54:28.388378Z[0m [33m WARN[0m [2mplatform_linux::overlay[0m[2m:[0m X11 overlay: root reads cannot see this window's own pixels; save-unders will be served without readback confirmation
dbus-daemon[4132523]: [session uid=1000 pid=4132523 pidfd=4] Activating service name='org.freedesktop.systemd1' requested by ':1.4' (uid=1000 pid=4132667 comm="/usr/bin/dbus-broker-launch --config-file=/usr/sha")
dbus-daemon[4132523]: [session uid=1000 pid=4132523 pidfd=4] Activated service 'org.freedesktop.systemd1' failed: Process org.freedesktop.systemd1 exited with status 1
dbus-daemon[4132523]: [session uid=1000 pid=4132523 pidfd=4] Activating service name='org.freedesktop.systemd1' requested by ':1.4' (uid=1000 pid=4132667 comm="/usr/bin/dbus-broker-launch --config-file=/usr/sha")
dbus-daemon[4132523]: [session uid=1000 pid=4132523 pidfd=4] Activated service 'org.freedesktop.systemd1' failed: Process org.freedesktop.systemd1 exited with status 1
{"trial": "m-a1-r22-toggle-C", "outcome": "verified", "oracle_exact_match": true, "completion_mutations": 1, "routes": ["provider", "provider"], "loadavg_before": "2.06 2.68 4.60 2/2281 4140159"}
dbus-daemon[4132523]: [session uid=1000 pid=4132523 pidfd=4] Activating service name='org.freedesktop.systemd1' requested by ':1.4' (uid=1000 pid=4132667 comm="/usr/bin/dbus-broker-launch --config-file=/usr/sha")
dbus-daemon[4132523]: [session uid=1000 pid=4132523 pidfd=4] Activated service 'org.freedesktop.systemd1' failed: Process org.freedesktop.systemd1 exited with status 1
[2m2026-10-03T13:54:29.480666Z[0m [33m WARN[0m [2mcua_driver_sdk::runtime[0m[2m:[0m could not activate the persistent AT-SPI listener: AT-SPI connect failed: ZBus Error: MethodError(OwnedErrorName("org.freedesktop.DBus.Error.NameHasNoOwner"), Some("Could not activate remote peer 'org.a11y.atspi.Registry': unit failed"), Msg { type: Error, serial: 4294967295, sender: UniqueName("org.freedesktop.DBus"), reply-serial: 9, body: Str, fds: [] })
[2m2026-10-03T13:54:29.488763Z[0m [33m WARN[0m [2mplatform_linux::overlay[0m[2m:[0m X11 overlay: root reads cannot see this window's own pixels; save-unders will be served without readback confirmation
dbus-daemon[4132523]: [session uid=1000 pid=4132523 pidfd=4] Activating service name='org.freedesktop.systemd1' requested by ':1.4' (uid=1000 pid=4132667 comm="/usr/bin/dbus-broker-launch --config-file=/usr/sha")
dbus-daemon[4132523]: [session uid=1000 pid=4132523 pidfd=4] Activated service 'org.freedesktop.systemd1' failed: Process org.freedesktop.systemd1 exited with status 1
dbus-daemon[4132523]: [session uid=1000 pid=4132523 pidfd=4] Activating service name='org.freedesktop.systemd1' requested by ':1.4' (uid=1000 pid=4132667 comm="/usr/bin/dbus-broker-launch --config-file=/usr/sha")
dbus-daemon[4132523]: [session uid=1000 pid=4132523 pidfd=4] Activated service 'org.freedesktop.systemd1' failed: Process org.freedesktop.systemd1 exited with status 1
{"trial": "m-a1-r22-toggle-Wb", "outcome": "verified", "oracle_exact_match": true, "completion_mutations": 1, "routes": ["provider", "provider"], "loadavg_before": "1.89 2.64 4.58 1/2268 4140442"}
dbus-daemon[4132523]: [session uid=1000 pid=4132523 pidfd=4] Activating service name='org.freedesktop.systemd1' requested by ':1.4' (uid=1000 pid=4132667 comm="/usr/bin/dbus-broker-launch --config-file=/usr/sha")
dbus-daemon[4132523]: [session uid=1000 pid=4132523 pidfd=4] Activated service 'org.freedesktop.systemd1' failed: Process org.freedesktop.systemd1 exited with status 1
[2m2026-10-03T13:54:30.604455Z[0m [33m WARN[0m [2mcua_driver_sdk::runtime[0m[2m:[0m could not activate the persistent AT-SPI listener: AT-SPI connect failed: ZBus Error: MethodError(OwnedErrorName("org.freedesktop.DBus.Error.NameHasNoOwner"), Some("Could not activate remote peer 'org.a11y.atspi.Registry': unit failed"), Msg { type: Error, serial: 4294967295, sender: UniqueName("org.freedesktop.DBus"), reply-serial: 9, body: Str, fds: [] })
[2m2026-10-03T13:54:30.611988Z[0m [33m WARN[0m [2mplatform_linux::overlay[0m[2m:[0m X11 overlay: root reads cannot see this window's own pixels; save-unders will be served without readback confirmation
dbus-daemon[4132523]: [session uid=1000 pid=4132523 pidfd=4] Activating service name='org.freedesktop.systemd1' requested by ':1.4' (uid=1000 pid=4132667 comm="/usr/bin/dbus-broker-launch --config-file=/usr/sha")
dbus-daemon[4132523]: [session uid=1000 pid=4132523 pidfd=4] Activated service 'org.freedesktop.systemd1' failed: Process org.freedesktop.systemd1 exited with status 1
dbus-daemon[4132523]: [session uid=1000 pid=4132523 pidfd=4] Activating service name='org.freedesktop.systemd1' requested by ':1.4' (uid=1000 pid=4132667 comm="/usr/bin/dbus-broker-launch --config-file=/usr/sha")
dbus-daemon[4132523]: [session uid=1000 pid=4132523 pidfd=4] Activated service 'org.freedesktop.systemd1' failed: Process org.freedesktop.systemd1 exited with status 1
{"trial": "m-a1-r22-toggle-Wa", "outcome": "verified", "oracle_exact_match": true, "completion_mutations": 1, "routes": ["provider", "provider"], "loadavg_before": "1.89 2.64 4.58 1/2268 4140705"}
dbus-daemon[4132523]: [session uid=1000 pid=4132523 pidfd=4] Activating service name='org.freedesktop.systemd1' requested by ':1.4' (uid=1000 pid=4132667 comm="/usr/bin/dbus-broker-launch --config-file=/usr/sha")
dbus-daemon[4132523]: [session uid=1000 pid=4132523 pidfd=4] Activated service 'org.freedesktop.systemd1' failed: Process org.freedesktop.systemd1 exited with status 1
[2m2026-10-03T13:54:31.728298Z[0m [33m WARN[0m [2mcua_driver_sdk::runtime[0m[2m:[0m could not activate the persistent AT-SPI listener: AT-SPI connect failed: ZBus Error: MethodError(OwnedErrorName("org.freedesktop.DBus.Error.NameHasNoOwner"), Some("Could not activate remote peer 'org.a11y.atspi.Registry': unit failed"), Msg { type: Error, serial: 4294967295, sender: UniqueName("org.freedesktop.DBus"), reply-serial: 9, body: Str, fds: [] })
[2m2026-10-03T13:54:31.736632Z[0m [33m WARN[0m [2mplatform_linux::overlay[0m[2m:[0m X11 overlay: root reads cannot see this window's own pixels; save-unders will be served without readback confirmation
dbus-daemon[4132523]: [session uid=1000 pid=4132523 pidfd=4] Activating service name='org.freedesktop.systemd1' requested by ':1.4' (uid=1000 pid=4132667 comm="/usr/bin/dbus-broker-launch --config-file=/usr/sha")
dbus-daemon[4132523]: [session uid=1000 pid=4132523 pidfd=4] Activated service 'org.freedesktop.systemd1' failed: Process org.freedesktop.systemd1 exited with status 1
dbus-daemon[4132523]: [session uid=1000 pid=4132523 pidfd=4] Activating service name='org.freedesktop.systemd1' requested by ':1.4' (uid=1000 pid=4132667 comm="/usr/bin/dbus-broker-launch --config-file=/usr/sha")
dbus-daemon[4132523]: [session uid=1000 pid=4132523 pidfd=4] Activated service 'org.freedesktop.systemd1' failed: Process org.freedesktop.systemd1 exited with status 1
{"trial": "m-a1-r22-modal-C", "outcome": "verified", "oracle_exact_match": true, "completion_mutations": 1, "routes": ["provider", "provider"], "loadavg_before": "1.89 2.64 4.58 1/2275 4140996"}
dbus-daemon[4132523]: [session uid=1000 pid=4132523 pidfd=4] Activating service name='org.freedesktop.systemd1' requested by ':1.4' (uid=1000 pid=4132667 comm="/usr/bin/dbus-broker-launch --config-file=/usr/sha")
dbus-daemon[4132523]: [session uid=1000 pid=4132523 pidfd=4] Activated service 'org.freedesktop.systemd1' failed: Process org.freedesktop.systemd1 exited with status 1
[2m2026-10-03T13:54:32.824472Z[0m [33m WARN[0m [2mcua_driver_sdk::runtime[0m[2m:[0m could not activate the persistent AT-SPI listener: AT-SPI connect failed: ZBus Error: MethodError(OwnedErrorName("org.freedesktop.DBus.Error.NameHasNoOwner"), Some("Could not activate remote peer 'org.a11y.atspi.Registry': unit failed"), Msg { type: Error, serial: 4294967295, sender: UniqueName("org.freedesktop.DBus"), reply-serial: 9, body: Str, fds: [] })
[2m2026-10-03T13:54:32.831681Z[0m [33m WARN[0m [2mplatform_linux::overlay[0m[2m:[0m X11 overlay: root reads cannot see this window's own pixels; save-unders will be served without readback confirmation
dbus-daemon[4132523]: [session uid=1000 pid=4132523 pidfd=4] Activating service name='org.freedesktop.systemd1' requested by ':1.4' (uid=1000 pid=4132667 comm="/usr/bin/dbus-broker-launch --config-file=/usr/sha")
dbus-daemon[4132523]: [session uid=1000 pid=4132523 pidfd=4] Activated service 'org.freedesktop.systemd1' failed: Process org.freedesktop.systemd1 exited with status 1
dbus-daemon[4132523]: [session uid=1000 pid=4132523 pidfd=4] Activating service name='org.freedesktop.systemd1' requested by ':1.4' (uid=1000 pid=4132667 comm="/usr/bin/dbus-broker-launch --config-file=/usr/sha")
dbus-daemon[4132523]: [session uid=1000 pid=4132523 pidfd=4] Activated service 'org.freedesktop.systemd1' failed: Process org.freedesktop.systemd1 exited with status 1
{"trial": "m-a1-r22-modal-Wa", "outcome": "verified", "oracle_exact_match": true, "completion_mutations": 1, "routes": ["provider", "provider"], "loadavg_before": "1.89 2.64 4.58 1/2275 4141267"}
dbus-daemon[4132523]: [session uid=1000 pid=4132523 pidfd=4] Activating service name='org.freedesktop.systemd1' requested by ':1.4' (uid=1000 pid=4132667 comm="/usr/bin/dbus-broker-launch --config-file=/usr/sha")
dbus-daemon[4132523]: [session uid=1000 pid=4132523 pidfd=4] Activated service 'org.freedesktop.systemd1' failed: Process org.freedesktop.systemd1 exited with status 1
[2m2026-10-03T13:54:33.954937Z[0m [33m WARN[0m [2mcua_driver_sdk::runtime[0m[2m:[0m could not activate the persistent AT-SPI listener: AT-SPI connect failed: ZBus Error: MethodError(OwnedErrorName("org.freedesktop.DBus.Error.NameHasNoOwner"), Some("Could not activate remote peer 'org.a11y.atspi.Registry': unit failed"), Msg { type: Error, serial: 4294967295, sender: UniqueName("org.freedesktop.DBus"), reply-serial: 9, body: Str, fds: [] })
[2m2026-10-03T13:54:33.962341Z[0m [33m WARN[0m [2mplatform_linux::overlay[0m[2m:[0m X11 overlay: root reads cannot see this window's own pixels; save-unders will be served without readback confirmation
dbus-daemon[4132523]: [session uid=1000 pid=4132523 pidfd=4] Activating service name='org.freedesktop.systemd1' requested by ':1.4' (uid=1000 pid=4132667 comm="/usr/bin/dbus-broker-launch --config-file=/usr/sha")
dbus-daemon[4132523]: [session uid=1000 pid=4132523 pidfd=4] Activated service 'org.freedesktop.systemd1' failed: Process org.freedesktop.systemd1 exited with status 1
dbus-daemon[4132523]: [session uid=1000 pid=4132523 pidfd=4] Activating service name='org.freedesktop.systemd1' requested by ':1.4' (uid=1000 pid=4132667 comm="/usr/bin/dbus-broker-launch --config-file=/usr/sha")
dbus-daemon[4132523]: [session uid=1000 pid=4132523 pidfd=4] Activated service 'org.freedesktop.systemd1' failed: Process org.freedesktop.systemd1 exited with status 1
{"trial": "m-a1-r22-modal-P2", "outcome": "verified", "oracle_exact_match": true, "completion_mutations": 1, "routes": ["provider", "provider"], "loadavg_before": "1.89 2.64 4.58 1/2274 4141558"}
dbus-daemon[4132523]: [session uid=1000 pid=4132523 pidfd=4] Activating service name='org.freedesktop.systemd1' requested by ':1.4' (uid=1000 pid=4132667 comm="/usr/bin/dbus-broker-launch --config-file=/usr/sha")
dbus-daemon[4132523]: [session uid=1000 pid=4132523 pidfd=4] Activated service 'org.freedesktop.systemd1' failed: Process org.freedesktop.systemd1 exited with status 1
[2m2026-10-03T13:54:35.087497Z[0m [33m WARN[0m [2mcua_driver_sdk::runtime[0m[2m:[0m could not activate the persistent AT-SPI listener: AT-SPI connect failed: ZBus Error: MethodError(OwnedErrorName("org.freedesktop.DBus.Error.NameHasNoOwner"), Some("Could not activate remote peer 'org.a11y.atspi.Registry': unit failed"), Msg { type: Error, serial: 4294967295, sender: UniqueName("org.freedesktop.DBus"), reply-serial: 9, body: Str, fds: [] })
[2m2026-10-03T13:54:35.094619Z[0m [33m WARN[0m [2mplatform_linux::overlay[0m[2m:[0m X11 overlay: root reads cannot see this window's own pixels; save-unders will be served without readback confirmation
dbus-daemon[4132523]: [session uid=1000 pid=4132523 pidfd=4] Activating service name='org.freedesktop.systemd1' requested by ':1.4' (uid=1000 pid=4132667 comm="/usr/bin/dbus-broker-launch --config-file=/usr/sha")
dbus-daemon[4132523]: [session uid=1000 pid=4132523 pidfd=4] Activated service 'org.freedesktop.systemd1' failed: Process org.freedesktop.systemd1 exited with status 1
dbus-daemon[4132523]: [session uid=1000 pid=4132523 pidfd=4] Activating service name='org.freedesktop.systemd1' requested by ':1.4' (uid=1000 pid=4132667 comm="/usr/bin/dbus-broker-launch --config-file=/usr/sha")
dbus-daemon[4132523]: [session uid=1000 pid=4132523 pidfd=4] Activated service 'org.freedesktop.systemd1' failed: Process org.freedesktop.systemd1 exited with status 1
{"trial": "m-a1-r22-modal-Wb", "outcome": "verified", "oracle_exact_match": true, "completion_mutations": 1, "routes": ["provider", "provider"], "loadavg_before": "1.82 2.61 4.56 1/2282 4141897"}
dbus-daemon[4132523]: [session uid=1000 pid=4132523 pidfd=4] Activating service name='org.freedesktop.systemd1' requested by ':1.4' (uid=1000 pid=4132667 comm="/usr/bin/dbus-broker-launch --config-file=/usr/sha")
dbus-daemon[4132523]: [session uid=1000 pid=4132523 pidfd=4] Activated service 'org.freedesktop.systemd1' failed: Process org.freedesktop.systemd1 exited with status 1
[2m2026-10-03T13:54:36.253015Z[0m [33m WARN[0m [2mcua_driver_sdk::runtime[0m[2m:[0m could not activate the persistent AT-SPI listener: AT-SPI connect failed: ZBus Error: MethodError(OwnedErrorName("org.freedesktop.DBus.Error.NameHasNoOwner"), Some("Could not activate remote peer 'org.a11y.atspi.Registry': unit failed"), Msg { type: Error, serial: 4294967295, sender: UniqueName("org.freedesktop.DBus"), reply-serial: 9, body: Str, fds: [] })
[2m2026-10-03T13:54:36.261517Z[0m [33m WARN[0m [2mplatform_linux::overlay[0m[2m:[0m X11 overlay: root reads cannot see this window's own pixels; save-unders will be served without readback confirmation
dbus-daemon[4132523]: [session uid=1000 pid=4132523 pidfd=4] Activating service name='org.freedesktop.systemd1' requested by ':1.4' (uid=1000 pid=4132667 comm="/usr/bin/dbus-broker-launch --config-file=/usr/sha")
dbus-daemon[4132523]: [session uid=1000 pid=4132523 pidfd=4] Activated service 'org.freedesktop.systemd1' failed: Process org.freedesktop.systemd1 exited with status 1
dbus-daemon[4132523]: [session uid=1000 pid=4132523 pidfd=4] Activating service name='org.freedesktop.systemd1' requested by ':1.4' (uid=1000 pid=4132667 comm="/usr/bin/dbus-broker-launch --config-file=/usr/sha")
dbus-daemon[4132523]: [session uid=1000 pid=4132523 pidfd=4] Activated service 'org.freedesktop.systemd1' failed: Process org.freedesktop.systemd1 exited with status 1
{"trial": "m-a1-r22-fill-Wb", "outcome": "verified", "oracle_exact_match": true, "completion_mutations": 1, "routes": ["compiled"], "loadavg_before": "1.82 2.61 4.56 2/2312 4142215"}
dbus-daemon[4132523]: [session uid=1000 pid=4132523 pidfd=4] Activating service name='org.freedesktop.systemd1' requested by ':1.4' (uid=1000 pid=4132667 comm="/usr/bin/dbus-broker-launch --config-file=/usr/sha")
dbus-daemon[4132523]: [session uid=1000 pid=4132523 pidfd=4] Activated service 'org.freedesktop.systemd1' failed: Process org.freedesktop.systemd1 exited with status 1
[2m2026-10-03T13:54:37.753776Z[0m [33m WARN[0m [2mcua_driver_sdk::runtime[0m[2m:[0m could not activate the persistent AT-SPI listener: AT-SPI connect failed: ZBus Error: MethodError(OwnedErrorName("org.freedesktop.DBus.Error.NameHasNoOwner"), Some("Could not activate remote peer 'org.a11y.atspi.Registry': unit failed"), Msg { type: Error, serial: 4294967295, sender: UniqueName("org.freedesktop.DBus"), reply-serial: 9, body: Str, fds: [] })
[2m2026-10-03T13:54:37.761013Z[0m [33m WARN[0m [2mplatform_linux::overlay[0m[2m:[0m X11 overlay: root reads cannot see this window's own pixels; save-unders will be served without readback confirmation
dbus-daemon[4132523]: [session uid=1000 pid=4132523 pidfd=4] Activating service name='org.freedesktop.systemd1' requested by ':1.4' (uid=1000 pid=4132667 comm="/usr/bin/dbus-broker-launch --config-file=/usr/sha")
dbus-daemon[4132523]: [session uid=1000 pid=4132523 pidfd=4] Activated service 'org.freedesktop.systemd1' failed: Process org.freedesktop.systemd1 exited with status 1
dbus-daemon[4132523]: [session uid=1000 pid=4132523 pidfd=4] Activating service name='org.freedesktop.systemd1' requested by ':1.4' (uid=1000 pid=4132667 comm="/usr/bin/dbus-broker-launch --config-file=/usr/sha")
dbus-daemon[4132523]: [session uid=1000 pid=4132523 pidfd=4] Activated service 'org.freedesktop.systemd1' failed: Process org.freedesktop.systemd1 exited with status 1
{"trial": "m-a1-r22-fill-P2", "outcome": "verified", "oracle_exact_match": true, "completion_mutations": 1, "routes": ["compiled"], "loadavg_before": "1.82 2.61 4.56 2/2280 4142546"}
dbus-daemon[4132523]: [session uid=1000 pid=4132523 pidfd=4] Activating service name='org.freedesktop.systemd1' requested by ':1.4' (uid=1000 pid=4132667 comm="/usr/bin/dbus-broker-launch --config-file=/usr/sha")
dbus-daemon[4132523]: [session uid=1000 pid=4132523 pidfd=4] Activated service 'org.freedesktop.systemd1' failed: Process org.freedesktop.systemd1 exited with status 1
[2m2026-10-03T13:54:39.253448Z[0m [33m WARN[0m [2mcua_driver_sdk::runtime[0m[2m:[0m could not activate the persistent AT-SPI listener: AT-SPI connect failed: ZBus Error: MethodError(OwnedErrorName("org.freedesktop.DBus.Error.NameHasNoOwner"), Some("Could not activate remote peer 'org.a11y.atspi.Registry': unit failed"), Msg { type: Error, serial: 4294967295, sender: UniqueName("org.freedesktop.DBus"), reply-serial: 9, body: Str, fds: [] })
[2m2026-10-03T13:54:39.260708Z[0m [33m WARN[0m [2mplatform_linux::overlay[0m[2m:[0m X11 overlay: root reads cannot see this window's own pixels; save-unders will be served without readback confirmation
dbus-daemon[4132523]: [session uid=1000 pid=4132523 pidfd=4] Activating service name='org.freedesktop.systemd1' requested by ':1.4' (uid=1000 pid=4132667 comm="/usr/bin/dbus-broker-launch --config-file=/usr/sha")
dbus-daemon[4132523]: [session uid=1000 pid=4132523 pidfd=4] Activated service 'org.freedesktop.systemd1' failed: Process org.freedesktop.systemd1 exited with status 1
dbus-daemon[4132523]: [session uid=1000 pid=4132523 pidfd=4] Activating service name='org.freedesktop.systemd1' requested by ':1.4' (uid=1000 pid=4132667 comm="/usr/bin/dbus-broker-launch --config-file=/usr/sha")
dbus-daemon[4132523]: [session uid=1000 pid=4132523 pidfd=4] Activated service 'org.freedesktop.systemd1' failed: Process org.freedesktop.systemd1 exited with status 1
{"trial": "m-a1-r22-fill-Wa", "outcome": "verified", "oracle_exact_match": true, "completion_mutations": 1, "routes": ["compiled"], "loadavg_before": "1.68 2.57 4.54 2/2290 4142912"}
dbus-daemon[4132523]: [session uid=1000 pid=4132523 pidfd=4] Activating service name='org.freedesktop.systemd1' requested by ':1.4' (uid=1000 pid=4132667 comm="/usr/bin/dbus-broker-launch --config-file=/usr/sha")
dbus-daemon[4132523]: [session uid=1000 pid=4132523 pidfd=4] Activated service 'org.freedesktop.systemd1' failed: Process org.freedesktop.systemd1 exited with status 1
[2m2026-10-03T13:54:40.755134Z[0m [33m WARN[0m [2mcua_driver_sdk::runtime[0m[2m:[0m could not activate the persistent AT-SPI listener: AT-SPI connect failed: ZBus Error: MethodError(OwnedErrorName("org.freedesktop.DBus.Error.NameHasNoOwner"), Some("Could not activate remote peer 'org.a11y.atspi.Registry': unit failed"), Msg { type: Error, serial: 4294967295, sender: UniqueName("org.freedesktop.DBus"), reply-serial: 9, body: Str, fds: [] })
[2m2026-10-03T13:54:40.762207Z[0m [33m WARN[0m [2mplatform_linux::overlay[0m[2m:[0m X11 overlay: root reads cannot see this window's own pixels; save-unders will be served without readback confirmation
dbus-daemon[4132523]: [session uid=1000 pid=4132523 pidfd=4] Activating service name='org.freedesktop.systemd1' requested by ':1.4' (uid=1000 pid=4132667 comm="/usr/bin/dbus-broker-launch --config-file=/usr/sha")
dbus-daemon[4132523]: [session uid=1000 pid=4132523 pidfd=4] Activated service 'org.freedesktop.systemd1' failed: Process org.freedesktop.systemd1 exited with status 1
dbus-daemon[4132523]: [session uid=1000 pid=4132523 pidfd=4] Activating service name='org.freedesktop.systemd1' requested by ':1.4' (uid=1000 pid=4132667 comm="/usr/bin/dbus-broker-launch --config-file=/usr/sha")
dbus-daemon[4132523]: [session uid=1000 pid=4132523 pidfd=4] Activated service 'org.freedesktop.systemd1' failed: Process org.freedesktop.systemd1 exited with status 1
{"trial": "m-a1-r22-fill-C", "outcome": "verified", "oracle_exact_match": true, "completion_mutations": 1, "routes": ["compiled"], "loadavg_before": "1.68 2.57 4.54 2/2319 4143220"}
dbus-daemon[4132523]: [session uid=1000 pid=4132523 pidfd=4] Activating service name='org.freedesktop.systemd1' requested by ':1.4' (uid=1000 pid=4132667 comm="/usr/bin/dbus-broker-launch --config-file=/usr/sha")
dbus-daemon[4132523]: [session uid=1000 pid=4132523 pidfd=4] Activated service 'org.freedesktop.systemd1' failed: Process org.freedesktop.systemd1 exited with status 1
[2m2026-10-03T13:54:42.256702Z[0m [33m WARN[0m [2mcua_driver_sdk::runtime[0m[2m:[0m could not activate the persistent AT-SPI listener: AT-SPI connect failed: ZBus Error: MethodError(OwnedErrorName("org.freedesktop.DBus.Error.NameHasNoOwner"), Some("Could not activate remote peer 'org.a11y.atspi.Registry': unit failed"), Msg { type: Error, serial: 4294967295, sender: UniqueName("org.freedesktop.DBus"), reply-serial: 9, body: Str, fds: [] })
[2m2026-10-03T13:54:42.264759Z[0m [33m WARN[0m [2mplatform_linux::overlay[0m[2m:[0m X11 overlay: root reads cannot see this window's own pixels; save-unders will be served without readback confirmation
dbus-daemon[4132523]: [session uid=1000 pid=4132523 pidfd=4] Activating service name='org.freedesktop.systemd1' requested by ':1.4' (uid=1000 pid=4132667 comm="/usr/bin/dbus-broker-launch --config-file=/usr/sha")
dbus-daemon[4132523]: [session uid=1000 pid=4132523 pidfd=4] Activated service 'org.freedesktop.systemd1' failed: Process org.freedesktop.systemd1 exited with status 1
dbus-daemon[4132523]: [session uid=1000 pid=4132523 pidfd=4] Activating service name='org.freedesktop.systemd1' requested by ':1.4' (uid=1000 pid=4132667 comm="/usr/bin/dbus-broker-launch --config-file=/usr/sha")
dbus-daemon[4132523]: [session uid=1000 pid=4132523 pidfd=4] Activated service 'org.freedesktop.systemd1' failed: Process org.freedesktop.systemd1 exited with status 1
{"trial": "m-a1-r23-modal-Wa", "outcome": "verified", "oracle_exact_match": true, "completion_mutations": 1, "routes": ["provider", "provider"], "loadavg_before": "1.68 2.57 4.54 1/2312 4143509"}
dbus-daemon[4132523]: [session uid=1000 pid=4132523 pidfd=4] Activating service name='org.freedesktop.systemd1' requested by ':1.4' (uid=1000 pid=4132667 comm="/usr/bin/dbus-broker-launch --config-file=/usr/sha")
dbus-daemon[4132523]: [session uid=1000 pid=4132523 pidfd=4] Activated service 'org.freedesktop.systemd1' failed: Process org.freedesktop.systemd1 exited with status 1
[2m2026-10-03T13:54:43.371208Z[0m [33m WARN[0m [2mcua_driver_sdk::runtime[0m[2m:[0m could not activate the persistent AT-SPI listener: AT-SPI connect failed: ZBus Error: MethodError(OwnedErrorName("org.freedesktop.DBus.Error.NameHasNoOwner"), Some("Could not activate remote peer 'org.a11y.atspi.Registry': unit failed"), Msg { type: Error, serial: 4294967295, sender: UniqueName("org.freedesktop.DBus"), reply-serial: 9, body: Str, fds: [] })
[2m2026-10-03T13:54:43.378642Z[0m [33m WARN[0m [2mplatform_linux::overlay[0m[2m:[0m X11 overlay: root reads cannot see this window's own pixels; save-unders will be served without readback confirmation
dbus-daemon[4132523]: [session uid=1000 pid=4132523 pidfd=4] Activating service name='org.freedesktop.systemd1' requested by ':1.4' (uid=1000 pid=4132667 comm="/usr/bin/dbus-broker-launch --config-file=/usr/sha")
dbus-daemon[4132523]: [session uid=1000 pid=4132523 pidfd=4] Activated service 'org.freedesktop.systemd1' failed: Process org.freedesktop.systemd1 exited with status 1
dbus-daemon[4132523]: [session uid=1000 pid=4132523 pidfd=4] Activating service name='org.freedesktop.systemd1' requested by ':1.4' (uid=1000 pid=4132667 comm="/usr/bin/dbus-broker-launch --config-file=/usr/sha")
dbus-daemon[4132523]: [session uid=1000 pid=4132523 pidfd=4] Activated service 'org.freedesktop.systemd1' failed: Process org.freedesktop.systemd1 exited with status 1
{"trial": "m-a1-r23-modal-Wb", "outcome": "verified", "oracle_exact_match": true, "completion_mutations": 1, "routes": ["provider", "provider"], "loadavg_before": "1.68 2.57 4.54 3/2316 4143802"}
dbus-daemon[4132523]: [session uid=1000 pid=4132523 pidfd=4] Activating service name='org.freedesktop.systemd1' requested by ':1.4' (uid=1000 pid=4132667 comm="/usr/bin/dbus-broker-launch --config-file=/usr/sha")
dbus-daemon[4132523]: [session uid=1000 pid=4132523 pidfd=4] Activated service 'org.freedesktop.systemd1' failed: Process org.freedesktop.systemd1 exited with status 1
[2m2026-10-03T13:54:44.488762Z[0m [33m WARN[0m [2mcua_driver_sdk::runtime[0m[2m:[0m could not activate the persistent AT-SPI listener: AT-SPI connect failed: ZBus Error: MethodError(OwnedErrorName("org.freedesktop.DBus.Error.NameHasNoOwner"), Some("Could not activate remote peer 'org.a11y.atspi.Registry': unit failed"), Msg { type: Error, serial: 4294967295, sender: UniqueName("org.freedesktop.DBus"), reply-serial: 9, body: Str, fds: [] })
[2m2026-10-03T13:54:44.496302Z[0m [33m WARN[0m [2mplatform_linux::overlay[0m[2m:[0m X11 overlay: root reads cannot see this window's own pixels; save-unders will be served without readback confirmation
dbus-daemon[4132523]: [session uid=1000 pid=4132523 pidfd=4] Activating service name='org.freedesktop.systemd1' requested by ':1.4' (uid=1000 pid=4132667 comm="/usr/bin/dbus-broker-launch --config-file=/usr/sha")
dbus-daemon[4132523]: [session uid=1000 pid=4132523 pidfd=4] Activated service 'org.freedesktop.systemd1' failed: Process org.freedesktop.systemd1 exited with status 1
dbus-daemon[4132523]: [session uid=1000 pid=4132523 pidfd=4] Activating service name='org.freedesktop.systemd1' requested by ':1.4' (uid=1000 pid=4132667 comm="/usr/bin/dbus-broker-launch --config-file=/usr/sha")
dbus-daemon[4132523]: [session uid=1000 pid=4132523 pidfd=4] Activated service 'org.freedesktop.systemd1' failed: Process org.freedesktop.systemd1 exited with status 1
{"trial": "m-a1-r23-modal-C", "outcome": "verified", "oracle_exact_match": true, "completion_mutations": 1, "routes": ["provider", "provider"], "loadavg_before": "1.54 2.52 4.51 1/2311 4144061"}
dbus-daemon[4132523]: [session uid=1000 pid=4132523 pidfd=4] Activating service name='org.freedesktop.systemd1' requested by ':1.4' (uid=1000 pid=4132667 comm="/usr/bin/dbus-broker-launch --config-file=/usr/sha")
dbus-daemon[4132523]: [session uid=1000 pid=4132523 pidfd=4] Activated service 'org.freedesktop.systemd1' failed: Process org.freedesktop.systemd1 exited with status 1
[2m2026-10-03T13:54:45.587637Z[0m [33m WARN[0m [2mcua_driver_sdk::runtime[0m[2m:[0m could not activate the persistent AT-SPI listener: AT-SPI connect failed: ZBus Error: MethodError(OwnedErrorName("org.freedesktop.DBus.Error.NameHasNoOwner"), Some("Could not activate remote peer 'org.a11y.atspi.Registry': unit failed"), Msg { type: Error, serial: 4294967295, sender: UniqueName("org.freedesktop.DBus"), reply-serial: 9, body: Str, fds: [] })
[2m2026-10-03T13:54:45.594777Z[0m [33m WARN[0m [2mplatform_linux::overlay[0m[2m:[0m X11 overlay: root reads cannot see this window's own pixels; save-unders will be served without readback confirmation
dbus-daemon[4132523]: [session uid=1000 pid=4132523 pidfd=4] Activating service name='org.freedesktop.systemd1' requested by ':1.4' (uid=1000 pid=4132667 comm="/usr/bin/dbus-broker-launch --config-file=/usr/sha")
dbus-daemon[4132523]: [session uid=1000 pid=4132523 pidfd=4] Activated service 'org.freedesktop.systemd1' failed: Process org.freedesktop.systemd1 exited with status 1
dbus-daemon[4132523]: [session uid=1000 pid=4132523 pidfd=4] Activating service name='org.freedesktop.systemd1' requested by ':1.4' (uid=1000 pid=4132667 comm="/usr/bin/dbus-broker-launch --config-file=/usr/sha")
dbus-daemon[4132523]: [session uid=1000 pid=4132523 pidfd=4] Activated service 'org.freedesktop.systemd1' failed: Process org.freedesktop.systemd1 exited with status 1
{"trial": "m-a1-r23-modal-P2", "outcome": "verified", "oracle_exact_match": true, "completion_mutations": 1, "routes": ["provider", "provider"], "loadavg_before": "1.54 2.52 4.51 1/2311 4144380"}
dbus-daemon[4132523]: [session uid=1000 pid=4132523 pidfd=4] Activating service name='org.freedesktop.systemd1' requested by ':1.4' (uid=1000 pid=4132667 comm="/usr/bin/dbus-broker-launch --config-file=/usr/sha")
dbus-daemon[4132523]: [session uid=1000 pid=4132523 pidfd=4] Activated service 'org.freedesktop.systemd1' failed: Process org.freedesktop.systemd1 exited with status 1
[2m2026-10-03T13:54:46.725017Z[0m [33m WARN[0m [2mcua_driver_sdk::runtime[0m[2m:[0m could not activate the persistent AT-SPI listener: AT-SPI connect failed: ZBus Error: MethodError(OwnedErrorName("org.freedesktop.DBus.Error.NameHasNoOwner"), Some("Could not activate remote peer 'org.a11y.atspi.Registry': unit failed"), Msg { type: Error, serial: 4294967295, sender: UniqueName("org.freedesktop.DBus"), reply-serial: 9, body: Str, fds: [] })
[2m2026-10-03T13:54:46.733560Z[0m [33m WARN[0m [2mplatform_linux::overlay[0m[2m:[0m X11 overlay: root reads cannot see this window's own pixels; save-unders will be served without readback confirmation
dbus-daemon[4132523]: [session uid=1000 pid=4132523 pidfd=4] Activating service name='org.freedesktop.systemd1' requested by ':1.4' (uid=1000 pid=4132667 comm="/usr/bin/dbus-broker-launch --config-file=/usr/sha")
dbus-daemon[4132523]: [session uid=1000 pid=4132523 pidfd=4] Activated service 'org.freedesktop.systemd1' failed: Process org.freedesktop.systemd1 exited with status 1
dbus-daemon[4132523]: [session uid=1000 pid=4132523 pidfd=4] Activating service name='org.freedesktop.systemd1' requested by ':1.4' (uid=1000 pid=4132667 comm="/usr/bin/dbus-broker-launch --config-file=/usr/sha")
dbus-daemon[4132523]: [session uid=1000 pid=4132523 pidfd=4] Activated service 'org.freedesktop.systemd1' failed: Process org.freedesktop.systemd1 exited with status 1
{"trial": "m-a1-r23-fill-P2", "outcome": "verified", "oracle_exact_match": true, "completion_mutations": 1, "routes": ["compiled"], "loadavg_before": "1.54 2.52 4.51 1/2311 4144637"}
dbus-daemon[4132523]: [session uid=1000 pid=4132523 pidfd=4] Activating service name='org.freedesktop.systemd1' requested by ':1.4' (uid=1000 pid=4132667 comm="/usr/bin/dbus-broker-launch --config-file=/usr/sha")
dbus-daemon[4132523]: [session uid=1000 pid=4132523 pidfd=4] Activated service 'org.freedesktop.systemd1' failed: Process org.freedesktop.systemd1 exited with status 1
[2m2026-10-03T13:54:48.226534Z[0m [33m WARN[0m [2mcua_driver_sdk::runtime[0m[2m:[0m could not activate the persistent AT-SPI listener: AT-SPI connect failed: ZBus Error: MethodError(OwnedErrorName("org.freedesktop.DBus.Error.NameHasNoOwner"), Some("Could not activate remote peer 'org.a11y.atspi.Registry': unit failed"), Msg { type: Error, serial: 4294967295, sender: UniqueName("org.freedesktop.DBus"), reply-serial: 9, body: Str, fds: [] })
[2m2026-10-03T13:54:48.234090Z[0m [33m WARN[0m [2mplatform_linux::overlay[0m[2m:[0m X11 overlay: root reads cannot see this window's own pixels; save-unders will be served without readback confirmation
dbus-daemon[4132523]: [session uid=1000 pid=4132523 pidfd=4] Activating service name='org.freedesktop.systemd1' requested by ':1.4' (uid=1000 pid=4132667 comm="/usr/bin/dbus-broker-launch --config-file=/usr/sha")
dbus-daemon[4132523]: [session uid=1000 pid=4132523 pidfd=4] Activated service 'org.freedesktop.systemd1' failed: Process org.freedesktop.systemd1 exited with status 1
dbus-daemon[4132523]: [session uid=1000 pid=4132523 pidfd=4] Activating service name='org.freedesktop.systemd1' requested by ':1.4' (uid=1000 pid=4132667 comm="/usr/bin/dbus-broker-launch --config-file=/usr/sha")
dbus-daemon[4132523]: [session uid=1000 pid=4132523 pidfd=4] Activated service 'org.freedesktop.systemd1' failed: Process org.freedesktop.systemd1 exited with status 1
{"trial": "m-a1-r23-fill-C", "outcome": "verified", "oracle_exact_match": true, "completion_mutations": 1, "routes": ["compiled"], "loadavg_before": "1.54 2.52 4.51 1/2312 4144960"}
dbus-daemon[4132523]: [session uid=1000 pid=4132523 pidfd=4] Activating service name='org.freedesktop.systemd1' requested by ':1.4' (uid=1000 pid=4132667 comm="/usr/bin/dbus-broker-launch --config-file=/usr/sha")
dbus-daemon[4132523]: [session uid=1000 pid=4132523 pidfd=4] Activated service 'org.freedesktop.systemd1' failed: Process org.freedesktop.systemd1 exited with status 1
[2m2026-10-03T13:54:49.727959Z[0m [33m WARN[0m [2mcua_driver_sdk::runtime[0m[2m:[0m could not activate the persistent AT-SPI listener: AT-SPI connect failed: ZBus Error: MethodError(OwnedErrorName("org.freedesktop.DBus.Error.NameHasNoOwner"), Some("Could not activate remote peer 'org.a11y.atspi.Registry': unit failed"), Msg { type: Error, serial: 4294967295, sender: UniqueName("org.freedesktop.DBus"), reply-serial: 9, body: Str, fds: [] })
[2m2026-10-03T13:54:49.735372Z[0m [33m WARN[0m [2mplatform_linux::overlay[0m[2m:[0m X11 overlay: root reads cannot see this window's own pixels; save-unders will be served without readback confirmation
dbus-daemon[4132523]: [session uid=1000 pid=4132523 pidfd=4] Activating service name='org.freedesktop.systemd1' requested by ':1.4' (uid=1000 pid=4132667 comm="/usr/bin/dbus-broker-launch --config-file=/usr/sha")
dbus-daemon[4132523]: [session uid=1000 pid=4132523 pidfd=4] Activated service 'org.freedesktop.systemd1' failed: Process org.freedesktop.systemd1 exited with status 1
dbus-daemon[4132523]: [session uid=1000 pid=4132523 pidfd=4] Activating service name='org.freedesktop.systemd1' requested by ':1.4' (uid=1000 pid=4132667 comm="/usr/bin/dbus-broker-launch --config-file=/usr/sha")
dbus-daemon[4132523]: [session uid=1000 pid=4132523 pidfd=4] Activated service 'org.freedesktop.systemd1' failed: Process org.freedesktop.systemd1 exited with status 1
{"trial": "m-a1-r23-fill-Wb", "outcome": "verified", "oracle_exact_match": true, "completion_mutations": 1, "routes": ["compiled"], "loadavg_before": "1.42 2.48 4.49 1/2291 4145293"}
dbus-daemon[4132523]: [session uid=1000 pid=4132523 pidfd=4] Activating service name='org.freedesktop.systemd1' requested by ':1.4' (uid=1000 pid=4132667 comm="/usr/bin/dbus-broker-launch --config-file=/usr/sha")
dbus-daemon[4132523]: [session uid=1000 pid=4132523 pidfd=4] Activated service 'org.freedesktop.systemd1' failed: Process org.freedesktop.systemd1 exited with status 1
[2m2026-10-03T13:54:51.227634Z[0m [33m WARN[0m [2mcua_driver_sdk::runtime[0m[2m:[0m could not activate the persistent AT-SPI listener: AT-SPI connect failed: ZBus Error: MethodError(OwnedErrorName("org.freedesktop.DBus.Error.NameHasNoOwner"), Some("Could not activate remote peer 'org.a11y.atspi.Registry': unit failed"), Msg { type: Error, serial: 4294967295, sender: UniqueName("org.freedesktop.DBus"), reply-serial: 9, body: Str, fds: [] })
[2m2026-10-03T13:54:51.235205Z[0m [33m WARN[0m [2mplatform_linux::overlay[0m[2m:[0m X11 overlay: root reads cannot see this window's own pixels; save-unders will be served without readback confirmation
dbus-daemon[4132523]: [session uid=1000 pid=4132523 pidfd=4] Activating service name='org.freedesktop.systemd1' requested by ':1.4' (uid=1000 pid=4132667 comm="/usr/bin/dbus-broker-launch --config-file=/usr/sha")
dbus-daemon[4132523]: [session uid=1000 pid=4132523 pidfd=4] Activated service 'org.freedesktop.systemd1' failed: Process org.freedesktop.systemd1 exited with status 1
dbus-daemon[4132523]: [session uid=1000 pid=4132523 pidfd=4] Activating service name='org.freedesktop.systemd1' requested by ':1.4' (uid=1000 pid=4132667 comm="/usr/bin/dbus-broker-launch --config-file=/usr/sha")
dbus-daemon[4132523]: [session uid=1000 pid=4132523 pidfd=4] Activated service 'org.freedesktop.systemd1' failed: Process org.freedesktop.systemd1 exited with status 1
{"trial": "m-a1-r23-fill-Wa", "outcome": "verified", "oracle_exact_match": true, "completion_mutations": 1, "routes": ["compiled"], "loadavg_before": "1.42 2.48 4.49 1/2269 4145575"}
dbus-daemon[4132523]: [session uid=1000 pid=4132523 pidfd=4] Activating service name='org.freedesktop.systemd1' requested by ':1.4' (uid=1000 pid=4132667 comm="/usr/bin/dbus-broker-launch --config-file=/usr/sha")
dbus-daemon[4132523]: [session uid=1000 pid=4132523 pidfd=4] Activated service 'org.freedesktop.systemd1' failed: Process org.freedesktop.systemd1 exited with status 1
[2m2026-10-03T13:54:52.728630Z[0m [33m WARN[0m [2mcua_driver_sdk::runtime[0m[2m:[0m could not activate the persistent AT-SPI listener: AT-SPI connect failed: ZBus Error: MethodError(OwnedErrorName("org.freedesktop.DBus.Error.NameHasNoOwner"), Some("Could not activate remote peer 'org.a11y.atspi.Registry': unit failed"), Msg { type: Error, serial: 4294967295, sender: UniqueName("org.freedesktop.DBus"), reply-serial: 9, body: Str, fds: [] })
[2m2026-10-03T13:54:52.735963Z[0m [33m WARN[0m [2mplatform_linux::overlay[0m[2m:[0m X11 overlay: root reads cannot see this window's own pixels; save-unders will be served without readback confirmation
dbus-daemon[4132523]: [session uid=1000 pid=4132523 pidfd=4] Activating service name='org.freedesktop.systemd1' requested by ':1.4' (uid=1000 pid=4132667 comm="/usr/bin/dbus-broker-launch --config-file=/usr/sha")
dbus-daemon[4132523]: [session uid=1000 pid=4132523 pidfd=4] Activated service 'org.freedesktop.systemd1' failed: Process org.freedesktop.systemd1 exited with status 1
dbus-daemon[4132523]: [session uid=1000 pid=4132523 pidfd=4] Activating service name='org.freedesktop.systemd1' requested by ':1.4' (uid=1000 pid=4132667 comm="/usr/bin/dbus-broker-launch --config-file=/usr/sha")
dbus-daemon[4132523]: [session uid=1000 pid=4132523 pidfd=4] Activated service 'org.freedesktop.systemd1' failed: Process org.freedesktop.systemd1 exited with status 1
{"trial": "m-a1-r23-toggle-C", "outcome": "verified", "oracle_exact_match": true, "completion_mutations": 1, "routes": ["provider", "provider"], "loadavg_before": "1.42 2.48 4.49 2/2268 4145865"}
dbus-daemon[4132523]: [session uid=1000 pid=4132523 pidfd=4] Activating service name='org.freedesktop.systemd1' requested by ':1.4' (uid=1000 pid=4132667 comm="/usr/bin/dbus-broker-launch --config-file=/usr/sha")
dbus-daemon[4132523]: [session uid=1000 pid=4132523 pidfd=4] Activated service 'org.freedesktop.systemd1' failed: Process org.freedesktop.systemd1 exited with status 1
[2m2026-10-03T13:54:53.833064Z[0m [33m WARN[0m [2mcua_driver_sdk::runtime[0m[2m:[0m could not activate the persistent AT-SPI listener: AT-SPI connect failed: ZBus Error: MethodError(OwnedErrorName("org.freedesktop.DBus.Error.NameHasNoOwner"), Some("Could not activate remote peer 'org.a11y.atspi.Registry': unit failed"), Msg { type: Error, serial: 4294967295, sender: UniqueName("org.freedesktop.DBus"), reply-serial: 9, body: Str, fds: [] })
[2m2026-10-03T13:54:53.840710Z[0m [33m WARN[0m [2mplatform_linux::overlay[0m[2m:[0m X11 overlay: root reads cannot see this window's own pixels; save-unders will be served without readback confirmation
dbus-daemon[4132523]: [session uid=1000 pid=4132523 pidfd=4] Activating service name='org.freedesktop.systemd1' requested by ':1.4' (uid=1000 pid=4132667 comm="/usr/bin/dbus-broker-launch --config-file=/usr/sha")
dbus-daemon[4132523]: [session uid=1000 pid=4132523 pidfd=4] Activated service 'org.freedesktop.systemd1' failed: Process org.freedesktop.systemd1 exited with status 1
dbus-daemon[4132523]: [session uid=1000 pid=4132523 pidfd=4] Activating service name='org.freedesktop.systemd1' requested by ':1.4' (uid=1000 pid=4132667 comm="/usr/bin/dbus-broker-launch --config-file=/usr/sha")
dbus-daemon[4132523]: [session uid=1000 pid=4132523 pidfd=4] Activated service 'org.freedesktop.systemd1' failed: Process org.freedesktop.systemd1 exited with status 1
{"trial": "m-a1-r23-toggle-Wa", "outcome": "verified", "oracle_exact_match": true, "completion_mutations": 1, "routes": ["provider", "provider"], "loadavg_before": "1.42 2.48 4.49 3/2270 4146152"}
dbus-daemon[4132523]: [session uid=1000 pid=4132523 pidfd=4] Activating service name='org.freedesktop.systemd1' requested by ':1.4' (uid=1000 pid=4132667 comm="/usr/bin/dbus-broker-launch --config-file=/usr/sha")
dbus-daemon[4132523]: [session uid=1000 pid=4132523 pidfd=4] Activated service 'org.freedesktop.systemd1' failed: Process org.freedesktop.systemd1 exited with status 1
[2m2026-10-03T13:54:54.950040Z[0m [33m WARN[0m [2mcua_driver_sdk::runtime[0m[2m:[0m could not activate the persistent AT-SPI listener: AT-SPI connect failed: ZBus Error: MethodError(OwnedErrorName("org.freedesktop.DBus.Error.NameHasNoOwner"), Some("Could not activate remote peer 'org.a11y.atspi.Registry': unit failed"), Msg { type: Error, serial: 4294967295, sender: UniqueName("org.freedesktop.DBus"), reply-serial: 9, body: Str, fds: [] })
[2m2026-10-03T13:54:54.957542Z[0m [33m WARN[0m [2mplatform_linux::overlay[0m[2m:[0m X11 overlay: root reads cannot see this window's own pixels; save-unders will be served without readback confirmation
dbus-daemon[4132523]: [session uid=1000 pid=4132523 pidfd=4] Activating service name='org.freedesktop.systemd1' requested by ':1.4' (uid=1000 pid=4132667 comm="/usr/bin/dbus-broker-launch --config-file=/usr/sha")
dbus-daemon[4132523]: [session uid=1000 pid=4132523 pidfd=4] Activated service 'org.freedesktop.systemd1' failed: Process org.freedesktop.systemd1 exited with status 1
dbus-daemon[4132523]: [session uid=1000 pid=4132523 pidfd=4] Activating service name='org.freedesktop.systemd1' requested by ':1.4' (uid=1000 pid=4132667 comm="/usr/bin/dbus-broker-launch --config-file=/usr/sha")
dbus-daemon[4132523]: [session uid=1000 pid=4132523 pidfd=4] Activated service 'org.freedesktop.systemd1' failed: Process org.freedesktop.systemd1 exited with status 1
{"trial": "m-a1-r23-toggle-P2", "outcome": "verified", "oracle_exact_match": true, "completion_mutations": 1, "routes": ["provider", "provider"], "loadavg_before": "1.38 2.46 4.47 3/2269 4146438"}
dbus-daemon[4132523]: [session uid=1000 pid=4132523 pidfd=4] Activating service name='org.freedesktop.systemd1' requested by ':1.4' (uid=1000 pid=4132667 comm="/usr/bin/dbus-broker-launch --config-file=/usr/sha")
dbus-daemon[4132523]: [session uid=1000 pid=4132523 pidfd=4] Activated service 'org.freedesktop.systemd1' failed: Process org.freedesktop.systemd1 exited with status 1
[2m2026-10-03T13:54:56.087936Z[0m [33m WARN[0m [2mcua_driver_sdk::runtime[0m[2m:[0m could not activate the persistent AT-SPI listener: AT-SPI connect failed: ZBus Error: MethodError(OwnedErrorName("org.freedesktop.DBus.Error.NameHasNoOwner"), Some("Could not activate remote peer 'org.a11y.atspi.Registry': unit failed"), Msg { type: Error, serial: 4294967295, sender: UniqueName("org.freedesktop.DBus"), reply-serial: 9, body: Str, fds: [] })
[2m2026-10-03T13:54:56.094959Z[0m [33m WARN[0m [2mplatform_linux::overlay[0m[2m:[0m X11 overlay: root reads cannot see this window's own pixels; save-unders will be served without readback confirmation
dbus-daemon[4132523]: [session uid=1000 pid=4132523 pidfd=4] Activating service name='org.freedesktop.systemd1' requested by ':1.4' (uid=1000 pid=4132667 comm="/usr/bin/dbus-broker-launch --config-file=/usr/sha")
dbus-daemon[4132523]: [session uid=1000 pid=4132523 pidfd=4] Activated service 'org.freedesktop.systemd1' failed: Process org.freedesktop.systemd1 exited with status 1
dbus-daemon[4132523]: [session uid=1000 pid=4132523 pidfd=4] Activating service name='org.freedesktop.systemd1' requested by ':1.4' (uid=1000 pid=4132667 comm="/usr/bin/dbus-broker-launch --config-file=/usr/sha")
dbus-daemon[4132523]: [session uid=1000 pid=4132523 pidfd=4] Activated service 'org.freedesktop.systemd1' failed: Process org.freedesktop.systemd1 exited with status 1
{"trial": "m-a1-r23-toggle-Wb", "outcome": "verified", "oracle_exact_match": true, "completion_mutations": 1, "routes": ["provider", "provider"], "loadavg_before": "1.38 2.46 4.47 1/2267 4146725"}
dbus-daemon[4132523]: [session uid=1000 pid=4132523 pidfd=4] Activating service name='org.freedesktop.systemd1' requested by ':1.4' (uid=1000 pid=4132667 comm="/usr/bin/dbus-broker-launch --config-file=/usr/sha")
dbus-daemon[4132523]: [session uid=1000 pid=4132523 pidfd=4] Activated service 'org.freedesktop.systemd1' failed: Process org.freedesktop.systemd1 exited with status 1
[2m2026-10-03T13:54:57.209061Z[0m [33m WARN[0m [2mcua_driver_sdk::runtime[0m[2m:[0m could not activate the persistent AT-SPI listener: AT-SPI connect failed: ZBus Error: MethodError(OwnedErrorName("org.freedesktop.DBus.Error.NameHasNoOwner"), Some("Could not activate remote peer 'org.a11y.atspi.Registry': unit failed"), Msg { type: Error, serial: 4294967295, sender: UniqueName("org.freedesktop.DBus"), reply-serial: 9, body: Str, fds: [] })
[2m2026-10-03T13:54:57.216136Z[0m [33m WARN[0m [2mplatform_linux::overlay[0m[2m:[0m X11 overlay: root reads cannot see this window's own pixels; save-unders will be served without readback confirmation
dbus-daemon[4132523]: [session uid=1000 pid=4132523 pidfd=4] Activating service name='org.freedesktop.systemd1' requested by ':1.4' (uid=1000 pid=4132667 comm="/usr/bin/dbus-broker-launch --config-file=/usr/sha")
dbus-daemon[4132523]: [session uid=1000 pid=4132523 pidfd=4] Activated service 'org.freedesktop.systemd1' failed: Process org.freedesktop.systemd1 exited with status 1
dbus-daemon[4132523]: [session uid=1000 pid=4132523 pidfd=4] Activating service name='org.freedesktop.systemd1' requested by ':1.4' (uid=1000 pid=4132667 comm="/usr/bin/dbus-broker-launch --config-file=/usr/sha")
dbus-daemon[4132523]: [session uid=1000 pid=4132523 pidfd=4] Activated service 'org.freedesktop.systemd1' failed: Process org.freedesktop.systemd1 exited with status 1
{"trial": "m-a1-r24-fill-C", "outcome": "verified", "oracle_exact_match": true, "completion_mutations": 1, "routes": ["compiled"], "loadavg_before": "1.38 2.46 4.47 1/2267 4146985"}
dbus-daemon[4132523]: [session uid=1000 pid=4132523 pidfd=4] Activating service name='org.freedesktop.systemd1' requested by ':1.4' (uid=1000 pid=4132667 comm="/usr/bin/dbus-broker-launch --config-file=/usr/sha")
dbus-daemon[4132523]: [session uid=1000 pid=4132523 pidfd=4] Activated service 'org.freedesktop.systemd1' failed: Process org.freedesktop.systemd1 exited with status 1
[2m2026-10-03T13:54:58.710792Z[0m [33m WARN[0m [2mcua_driver_sdk::runtime[0m[2m:[0m could not activate the persistent AT-SPI listener: AT-SPI connect failed: ZBus Error: MethodError(OwnedErrorName("org.freedesktop.DBus.Error.NameHasNoOwner"), Some("Could not activate remote peer 'org.a11y.atspi.Registry': unit failed"), Msg { type: Error, serial: 4294967295, sender: UniqueName("org.freedesktop.DBus"), reply-serial: 9, body: Str, fds: [] })
[2m2026-10-03T13:54:58.718171Z[0m [33m WARN[0m [2mplatform_linux::overlay[0m[2m:[0m X11 overlay: root reads cannot see this window's own pixels; save-unders will be served without readback confirmation
dbus-daemon[4132523]: [session uid=1000 pid=4132523 pidfd=4] Activating service name='org.freedesktop.systemd1' requested by ':1.4' (uid=1000 pid=4132667 comm="/usr/bin/dbus-broker-launch --config-file=/usr/sha")
dbus-daemon[4132523]: [session uid=1000 pid=4132523 pidfd=4] Activated service 'org.freedesktop.systemd1' failed: Process org.freedesktop.systemd1 exited with status 1
dbus-daemon[4132523]: [session uid=1000 pid=4132523 pidfd=4] Activating service name='org.freedesktop.systemd1' requested by ':1.4' (uid=1000 pid=4132667 comm="/usr/bin/dbus-broker-launch --config-file=/usr/sha")
dbus-daemon[4132523]: [session uid=1000 pid=4132523 pidfd=4] Activated service 'org.freedesktop.systemd1' failed: Process org.freedesktop.systemd1 exited with status 1
{"trial": "m-a1-r24-fill-Wa", "outcome": "verified", "oracle_exact_match": true, "completion_mutations": 1, "routes": ["compiled"], "loadavg_before": "1.38 2.46 4.47 1/2267 4147281"}
dbus-daemon[4132523]: [session uid=1000 pid=4132523 pidfd=4] Activating service name='org.freedesktop.systemd1' requested by ':1.4' (uid=1000 pid=4132667 comm="/usr/bin/dbus-broker-launch --config-file=/usr/sha")
dbus-daemon[4132523]: [session uid=1000 pid=4132523 pidfd=4] Activated service 'org.freedesktop.systemd1' failed: Process org.freedesktop.systemd1 exited with status 1
[2m2026-10-03T13:55:00.211323Z[0m [33m WARN[0m [2mcua_driver_sdk::runtime[0m[2m:[0m could not activate the persistent AT-SPI listener: AT-SPI connect failed: ZBus Error: MethodError(OwnedErrorName("org.freedesktop.DBus.Error.NameHasNoOwner"), Some("Could not activate remote peer 'org.a11y.atspi.Registry': unit failed"), Msg { type: Error, serial: 4294967295, sender: UniqueName("org.freedesktop.DBus"), reply-serial: 9, body: Str, fds: [] })
[2m2026-10-03T13:55:00.218197Z[0m [33m WARN[0m [2mplatform_linux::overlay[0m[2m:[0m X11 overlay: root reads cannot see this window's own pixels; save-unders will be served without readback confirmation
dbus-daemon[4132523]: [session uid=1000 pid=4132523 pidfd=4] Activating service name='org.freedesktop.systemd1' requested by ':1.4' (uid=1000 pid=4132667 comm="/usr/bin/dbus-broker-launch --config-file=/usr/sha")
dbus-daemon[4132523]: [session uid=1000 pid=4132523 pidfd=4] Activated service 'org.freedesktop.systemd1' failed: Process org.freedesktop.systemd1 exited with status 1
dbus-daemon[4132523]: [session uid=1000 pid=4132523 pidfd=4] Activating service name='org.freedesktop.systemd1' requested by ':1.4' (uid=1000 pid=4132667 comm="/usr/bin/dbus-broker-launch --config-file=/usr/sha")
dbus-daemon[4132523]: [session uid=1000 pid=4132523 pidfd=4] Activated service 'org.freedesktop.systemd1' failed: Process org.freedesktop.systemd1 exited with status 1
{"trial": "m-a1-r24-fill-P2", "outcome": "verified", "oracle_exact_match": true, "completion_mutations": 1, "routes": ["compiled"], "loadavg_before": "1.83 2.53 4.48 4/2266 4147577"}
dbus-daemon[4132523]: [session uid=1000 pid=4132523 pidfd=4] Activating service name='org.freedesktop.systemd1' requested by ':1.4' (uid=1000 pid=4132667 comm="/usr/bin/dbus-broker-launch --config-file=/usr/sha")
dbus-daemon[4132523]: [session uid=1000 pid=4132523 pidfd=4] Activated service 'org.freedesktop.systemd1' failed: Process org.freedesktop.systemd1 exited with status 1
[2m2026-10-03T13:55:01.712175Z[0m [33m WARN[0m [2mcua_driver_sdk::runtime[0m[2m:[0m could not activate the persistent AT-SPI listener: AT-SPI connect failed: ZBus Error: MethodError(OwnedErrorName("org.freedesktop.DBus.Error.NameHasNoOwner"), Some("Could not activate remote peer 'org.a11y.atspi.Registry': unit failed"), Msg { type: Error, serial: 4294967295, sender: UniqueName("org.freedesktop.DBus"), reply-serial: 9, body: Str, fds: [] })
[2m2026-10-03T13:55:01.720171Z[0m [33m WARN[0m [2mplatform_linux::overlay[0m[2m:[0m X11 overlay: root reads cannot see this window's own pixels; save-unders will be served without readback confirmation
dbus-daemon[4132523]: [session uid=1000 pid=4132523 pidfd=4] Activating service name='org.freedesktop.systemd1' requested by ':1.4' (uid=1000 pid=4132667 comm="/usr/bin/dbus-broker-launch --config-file=/usr/sha")
dbus-daemon[4132523]: [session uid=1000 pid=4132523 pidfd=4] Activated service 'org.freedesktop.systemd1' failed: Process org.freedesktop.systemd1 exited with status 1
dbus-daemon[4132523]: [session uid=1000 pid=4132523 pidfd=4] Activating service name='org.freedesktop.systemd1' requested by ':1.4' (uid=1000 pid=4132667 comm="/usr/bin/dbus-broker-launch --config-file=/usr/sha")
dbus-daemon[4132523]: [session uid=1000 pid=4132523 pidfd=4] Activated service 'org.freedesktop.systemd1' failed: Process org.freedesktop.systemd1 exited with status 1
{"trial": "m-a1-r24-fill-Wb", "outcome": "verified", "oracle_exact_match": true, "completion_mutations": 1, "routes": ["compiled"], "loadavg_before": "1.83 2.53 4.48 1/2274 4147866"}
dbus-daemon[4132523]: [session uid=1000 pid=4132523 pidfd=4] Activating service name='org.freedesktop.systemd1' requested by ':1.4' (uid=1000 pid=4132667 comm="/usr/bin/dbus-broker-launch --config-file=/usr/sha")
dbus-daemon[4132523]: [session uid=1000 pid=4132523 pidfd=4] Activated service 'org.freedesktop.systemd1' failed: Process org.freedesktop.systemd1 exited with status 1
[2m2026-10-03T13:55:03.212960Z[0m [33m WARN[0m [2mcua_driver_sdk::runtime[0m[2m:[0m could not activate the persistent AT-SPI listener: AT-SPI connect failed: ZBus Error: MethodError(OwnedErrorName("org.freedesktop.DBus.Error.NameHasNoOwner"), Some("Could not activate remote peer 'org.a11y.atspi.Registry': unit failed"), Msg { type: Error, serial: 4294967295, sender: UniqueName("org.freedesktop.DBus"), reply-serial: 9, body: Str, fds: [] })
[2m2026-10-03T13:55:03.220209Z[0m [33m WARN[0m [2mplatform_linux::overlay[0m[2m:[0m X11 overlay: root reads cannot see this window's own pixels; save-unders will be served without readback confirmation
dbus-daemon[4132523]: [session uid=1000 pid=4132523 pidfd=4] Activating service name='org.freedesktop.systemd1' requested by ':1.4' (uid=1000 pid=4132667 comm="/usr/bin/dbus-broker-launch --config-file=/usr/sha")
dbus-daemon[4132523]: [session uid=1000 pid=4132523 pidfd=4] Activated service 'org.freedesktop.systemd1' failed: Process org.freedesktop.systemd1 exited with status 1
dbus-daemon[4132523]: [session uid=1000 pid=4132523 pidfd=4] Activating service name='org.freedesktop.systemd1' requested by ':1.4' (uid=1000 pid=4132667 comm="/usr/bin/dbus-broker-launch --config-file=/usr/sha")
dbus-daemon[4132523]: [session uid=1000 pid=4132523 pidfd=4] Activated service 'org.freedesktop.systemd1' failed: Process org.freedesktop.systemd1 exited with status 1
{"trial": "m-a1-r24-toggle-Wa", "outcome": "verified", "oracle_exact_match": true, "completion_mutations": 1, "routes": ["provider", "provider"], "loadavg_before": "1.83 2.53 4.48 1/2274 4148152"}
dbus-daemon[4132523]: [session uid=1000 pid=4132523 pidfd=4] Activating service name='org.freedesktop.systemd1' requested by ':1.4' (uid=1000 pid=4132667 comm="/usr/bin/dbus-broker-launch --config-file=/usr/sha")
dbus-daemon[4132523]: [session uid=1000 pid=4132523 pidfd=4] Activated service 'org.freedesktop.systemd1' failed: Process org.freedesktop.systemd1 exited with status 1
[2m2026-10-03T13:55:04.330243Z[0m [33m WARN[0m [2mcua_driver_sdk::runtime[0m[2m:[0m could not activate the persistent AT-SPI listener: AT-SPI connect failed: ZBus Error: MethodError(OwnedErrorName("org.freedesktop.DBus.Error.NameHasNoOwner"), Some("Could not activate remote peer 'org.a11y.atspi.Registry': unit failed"), Msg { type: Error, serial: 4294967295, sender: UniqueName("org.freedesktop.DBus"), reply-serial: 9, body: Str, fds: [] })
[2m2026-10-03T13:55:04.337094Z[0m [33m WARN[0m [2mplatform_linux::overlay[0m[2m:[0m X11 overlay: root reads cannot see this window's own pixels; save-unders will be served without readback confirmation
dbus-daemon[4132523]: [session uid=1000 pid=4132523 pidfd=4] Activating service name='org.freedesktop.systemd1' requested by ':1.4' (uid=1000 pid=4132667 comm="/usr/bin/dbus-broker-launch --config-file=/usr/sha")
dbus-daemon[4132523]: [session uid=1000 pid=4132523 pidfd=4] Activated service 'org.freedesktop.systemd1' failed: Process org.freedesktop.systemd1 exited with status 1
dbus-daemon[4132523]: [session uid=1000 pid=4132523 pidfd=4] Activating service name='org.freedesktop.systemd1' requested by ':1.4' (uid=1000 pid=4132667 comm="/usr/bin/dbus-broker-launch --config-file=/usr/sha")
dbus-daemon[4132523]: [session uid=1000 pid=4132523 pidfd=4] Activated service 'org.freedesktop.systemd1' failed: Process org.freedesktop.systemd1 exited with status 1
{"trial": "m-a1-r24-toggle-Wb", "outcome": "verified", "oracle_exact_match": true, "completion_mutations": 1, "routes": ["provider", "provider"], "loadavg_before": "1.69 2.49 4.46 1/2274 4148418"}
dbus-daemon[4132523]: [session uid=1000 pid=4132523 pidfd=4] Activating service name='org.freedesktop.systemd1' requested by ':1.4' (uid=1000 pid=4132667 comm="/usr/bin/dbus-broker-launch --config-file=/usr/sha")
dbus-daemon[4132523]: [session uid=1000 pid=4132523 pidfd=4] Activated service 'org.freedesktop.systemd1' failed: Process org.freedesktop.systemd1 exited with status 1
[2m2026-10-03T13:55:05.453623Z[0m [33m WARN[0m [2mcua_driver_sdk::runtime[0m[2m:[0m could not activate the persistent AT-SPI listener: AT-SPI connect failed: ZBus Error: MethodError(OwnedErrorName("org.freedesktop.DBus.Error.NameHasNoOwner"), Some("Could not activate remote peer 'org.a11y.atspi.Registry': unit failed"), Msg { type: Error, serial: 4294967295, sender: UniqueName("org.freedesktop.DBus"), reply-serial: 9, body: Str, fds: [] })
[2m2026-10-03T13:55:05.461382Z[0m [33m WARN[0m [2mplatform_linux::overlay[0m[2m:[0m X11 overlay: root reads cannot see this window's own pixels; save-unders will be served without readback confirmation
dbus-daemon[4132523]: [session uid=1000 pid=4132523 pidfd=4] Activating service name='org.freedesktop.systemd1' requested by ':1.4' (uid=1000 pid=4132667 comm="/usr/bin/dbus-broker-launch --config-file=/usr/sha")
dbus-daemon[4132523]: [session uid=1000 pid=4132523 pidfd=4] Activated service 'org.freedesktop.systemd1' failed: Process org.freedesktop.systemd1 exited with status 1
dbus-daemon[4132523]: [session uid=1000 pid=4132523 pidfd=4] Activating service name='org.freedesktop.systemd1' requested by ':1.4' (uid=1000 pid=4132667 comm="/usr/bin/dbus-broker-launch --config-file=/usr/sha")
dbus-daemon[4132523]: [session uid=1000 pid=4132523 pidfd=4] Activated service 'org.freedesktop.systemd1' failed: Process org.freedesktop.systemd1 exited with status 1
{"trial": "m-a1-r24-toggle-C", "outcome": "verified", "oracle_exact_match": true, "completion_mutations": 1, "routes": ["provider", "provider"], "loadavg_before": "1.69 2.49 4.46 1/2276 4148754"}
dbus-daemon[4132523]: [session uid=1000 pid=4132523 pidfd=4] Activating service name='org.freedesktop.systemd1' requested by ':1.4' (uid=1000 pid=4132667 comm="/usr/bin/dbus-broker-launch --config-file=/usr/sha")
dbus-daemon[4132523]: [session uid=1000 pid=4132523 pidfd=4] Activated service 'org.freedesktop.systemd1' failed: Process org.freedesktop.systemd1 exited with status 1
[2m2026-10-03T13:55:06.544157Z[0m [33m WARN[0m [2mcua_driver_sdk::runtime[0m[2m:[0m could not activate the persistent AT-SPI listener: AT-SPI connect failed: ZBus Error: MethodError(OwnedErrorName("org.freedesktop.DBus.Error.NameHasNoOwner"), Some("Could not activate remote peer 'org.a11y.atspi.Registry': unit failed"), Msg { type: Error, serial: 4294967295, sender: UniqueName("org.freedesktop.DBus"), reply-serial: 9, body: Str, fds: [] })
[2m2026-10-03T13:55:06.551602Z[0m [33m WARN[0m [2mplatform_linux::overlay[0m[2m:[0m X11 overlay: root reads cannot see this window's own pixels; save-unders will be served without readback confirmation
dbus-daemon[4132523]: [session uid=1000 pid=4132523 pidfd=4] Activating service name='org.freedesktop.systemd1' requested by ':1.4' (uid=1000 pid=4132667 comm="/usr/bin/dbus-broker-launch --config-file=/usr/sha")
dbus-daemon[4132523]: [session uid=1000 pid=4132523 pidfd=4] Activated service 'org.freedesktop.systemd1' failed: Process org.freedesktop.systemd1 exited with status 1
dbus-daemon[4132523]: [session uid=1000 pid=4132523 pidfd=4] Activating service name='org.freedesktop.systemd1' requested by ':1.4' (uid=1000 pid=4132667 comm="/usr/bin/dbus-broker-launch --config-file=/usr/sha")
dbus-daemon[4132523]: [session uid=1000 pid=4132523 pidfd=4] Activated service 'org.freedesktop.systemd1' failed: Process org.freedesktop.systemd1 exited with status 1
{"trial": "m-a1-r24-toggle-P2", "outcome": "verified", "oracle_exact_match": true, "completion_mutations": 1, "routes": ["provider", "provider"], "loadavg_before": "1.69 2.49 4.46 1/2276 4149011"}
dbus-daemon[4132523]: [session uid=1000 pid=4132523 pidfd=4] Activating service name='org.freedesktop.systemd1' requested by ':1.4' (uid=1000 pid=4132667 comm="/usr/bin/dbus-broker-launch --config-file=/usr/sha")
dbus-daemon[4132523]: [session uid=1000 pid=4132523 pidfd=4] Activated service 'org.freedesktop.systemd1' failed: Process org.freedesktop.systemd1 exited with status 1
[2m2026-10-03T13:55:07.677967Z[0m [33m WARN[0m [2mcua_driver_sdk::runtime[0m[2m:[0m could not activate the persistent AT-SPI listener: AT-SPI connect failed: ZBus Error: MethodError(OwnedErrorName("org.freedesktop.DBus.Error.NameHasNoOwner"), Some("Could not activate remote peer 'org.a11y.atspi.Registry': unit failed"), Msg { type: Error, serial: 4294967295, sender: UniqueName("org.freedesktop.DBus"), reply-serial: 9, body: Str, fds: [] })
[2m2026-10-03T13:55:07.685472Z[0m [33m WARN[0m [2mplatform_linux::overlay[0m[2m:[0m X11 overlay: root reads cannot see this window's own pixels; save-unders will be served without readback confirmation
dbus-daemon[4132523]: [session uid=1000 pid=4132523 pidfd=4] Activating service name='org.freedesktop.systemd1' requested by ':1.4' (uid=1000 pid=4132667 comm="/usr/bin/dbus-broker-launch --config-file=/usr/sha")
dbus-daemon[4132523]: [session uid=1000 pid=4132523 pidfd=4] Activated service 'org.freedesktop.systemd1' failed: Process org.freedesktop.systemd1 exited with status 1
dbus-daemon[4132523]: [session uid=1000 pid=4132523 pidfd=4] Activating service name='org.freedesktop.systemd1' requested by ':1.4' (uid=1000 pid=4132667 comm="/usr/bin/dbus-broker-launch --config-file=/usr/sha")
dbus-daemon[4132523]: [session uid=1000 pid=4132523 pidfd=4] Activated service 'org.freedesktop.systemd1' failed: Process org.freedesktop.systemd1 exited with status 1
{"trial": "m-a1-r24-modal-Wb", "outcome": "verified", "oracle_exact_match": true, "completion_mutations": 1, "routes": ["provider", "provider"], "loadavg_before": "1.69 2.49 4.46 1/2275 4149296"}
dbus-daemon[4132523]: [session uid=1000 pid=4132523 pidfd=4] Activating service name='org.freedesktop.systemd1' requested by ':1.4' (uid=1000 pid=4132667 comm="/usr/bin/dbus-broker-launch --config-file=/usr/sha")
dbus-daemon[4132523]: [session uid=1000 pid=4132523 pidfd=4] Activated service 'org.freedesktop.systemd1' failed: Process org.freedesktop.systemd1 exited with status 1
[2m2026-10-03T13:55:09.367526Z[0m [33m WARN[0m [2mcua_driver_sdk::runtime[0m[2m:[0m could not activate the persistent AT-SPI listener: AT-SPI connect failed: ZBus Error: MethodError(OwnedErrorName("org.freedesktop.DBus.Error.NameHasNoOwner"), Some("Could not activate remote peer 'org.a11y.atspi.Registry': unit failed"), Msg { type: Error, serial: 4294967295, sender: UniqueName("org.freedesktop.DBus"), reply-serial: 9, body: Str, fds: [] })
[2m2026-10-03T13:55:09.374313Z[0m [33m WARN[0m [2mplatform_linux::overlay[0m[2m:[0m X11 overlay: root reads cannot see this window's own pixels; save-unders will be served without readback confirmation
dbus-daemon[4132523]: [session uid=1000 pid=4132523 pidfd=4] Activating service name='org.freedesktop.systemd1' requested by ':1.4' (uid=1000 pid=4132667 comm="/usr/bin/dbus-broker-launch --config-file=/usr/sha")
dbus-daemon[4132523]: [session uid=1000 pid=4132523 pidfd=4] Activated service 'org.freedesktop.systemd1' failed: Process org.freedesktop.systemd1 exited with status 1
dbus-daemon[4132523]: [session uid=1000 pid=4132523 pidfd=4] Activating service name='org.freedesktop.systemd1' requested by ':1.4' (uid=1000 pid=4132667 comm="/usr/bin/dbus-broker-launch --config-file=/usr/sha")
dbus-daemon[4132523]: [session uid=1000 pid=4132523 pidfd=4] Activated service 'org.freedesktop.systemd1' failed: Process org.freedesktop.systemd1 exited with status 1
{"trial": "m-a1-r24-modal-P2", "outcome": "verified", "oracle_exact_match": true, "completion_mutations": 1, "routes": ["provider", "provider"], "loadavg_before": "1.55 2.45 4.43 1/2308 4149632"}
dbus-daemon[4132523]: [session uid=1000 pid=4132523 pidfd=4] Activating service name='org.freedesktop.systemd1' requested by ':1.4' (uid=1000 pid=4132667 comm="/usr/bin/dbus-broker-launch --config-file=/usr/sha")
dbus-daemon[4132523]: [session uid=1000 pid=4132523 pidfd=4] Activated service 'org.freedesktop.systemd1' failed: Process org.freedesktop.systemd1 exited with status 1
[2m2026-10-03T13:55:10.516633Z[0m [33m WARN[0m [2mcua_driver_sdk::runtime[0m[2m:[0m could not activate the persistent AT-SPI listener: AT-SPI connect failed: ZBus Error: MethodError(OwnedErrorName("org.freedesktop.DBus.Error.NameHasNoOwner"), Some("Could not activate remote peer 'org.a11y.atspi.Registry': unit failed"), Msg { type: Error, serial: 4294967295, sender: UniqueName("org.freedesktop.DBus"), reply-serial: 9, body: Str, fds: [] })
[2m2026-10-03T13:55:10.523697Z[0m [33m WARN[0m [2mplatform_linux::overlay[0m[2m:[0m X11 overlay: root reads cannot see this window's own pixels; save-unders will be served without readback confirmation
dbus-daemon[4132523]: [session uid=1000 pid=4132523 pidfd=4] Activating service name='org.freedesktop.systemd1' requested by ':1.4' (uid=1000 pid=4132667 comm="/usr/bin/dbus-broker-launch --config-file=/usr/sha")
dbus-daemon[4132523]: [session uid=1000 pid=4132523 pidfd=4] Activated service 'org.freedesktop.systemd1' failed: Process org.freedesktop.systemd1 exited with status 1
dbus-daemon[4132523]: [session uid=1000 pid=4132523 pidfd=4] Activating service name='org.freedesktop.systemd1' requested by ':1.4' (uid=1000 pid=4132667 comm="/usr/bin/dbus-broker-launch --config-file=/usr/sha")
dbus-daemon[4132523]: [session uid=1000 pid=4132523 pidfd=4] Activated service 'org.freedesktop.systemd1' failed: Process org.freedesktop.systemd1 exited with status 1
{"trial": "m-a1-r24-modal-Wa", "outcome": "verified", "oracle_exact_match": true, "completion_mutations": 1, "routes": ["provider", "provider"], "loadavg_before": "1.55 2.45 4.43 1/2317 4149917"}
dbus-daemon[4132523]: [session uid=1000 pid=4132523 pidfd=4] Activating service name='org.freedesktop.systemd1' requested by ':1.4' (uid=1000 pid=4132667 comm="/usr/bin/dbus-broker-launch --config-file=/usr/sha")
dbus-daemon[4132523]: [session uid=1000 pid=4132523 pidfd=4] Activated service 'org.freedesktop.systemd1' failed: Process org.freedesktop.systemd1 exited with status 1
[2m2026-10-03T13:55:11.636694Z[0m [33m WARN[0m [2mcua_driver_sdk::runtime[0m[2m:[0m could not activate the persistent AT-SPI listener: AT-SPI connect failed: ZBus Error: MethodError(OwnedErrorName("org.freedesktop.DBus.Error.NameHasNoOwner"), Some("Could not activate remote peer 'org.a11y.atspi.Registry': unit failed"), Msg { type: Error, serial: 4294967295, sender: UniqueName("org.freedesktop.DBus"), reply-serial: 9, body: Str, fds: [] })
[2m2026-10-03T13:55:11.644321Z[0m [33m WARN[0m [2mplatform_linux::overlay[0m[2m:[0m X11 overlay: root reads cannot see this window's own pixels; save-unders will be served without readback confirmation
dbus-daemon[4132523]: [session uid=1000 pid=4132523 pidfd=4] Activating service name='org.freedesktop.systemd1' requested by ':1.4' (uid=1000 pid=4132667 comm="/usr/bin/dbus-broker-launch --config-file=/usr/sha")
dbus-daemon[4132523]: [session uid=1000 pid=4132523 pidfd=4] Activated service 'org.freedesktop.systemd1' failed: Process org.freedesktop.systemd1 exited with status 1
dbus-daemon[4132523]: [session uid=1000 pid=4132523 pidfd=4] Activating service name='org.freedesktop.systemd1' requested by ':1.4' (uid=1000 pid=4132667 comm="/usr/bin/dbus-broker-launch --config-file=/usr/sha")
dbus-daemon[4132523]: [session uid=1000 pid=4132523 pidfd=4] Activated service 'org.freedesktop.systemd1' failed: Process org.freedesktop.systemd1 exited with status 1
{"trial": "m-a1-r24-modal-C", "outcome": "verified", "oracle_exact_match": true, "completion_mutations": 1, "routes": ["provider", "provider"], "loadavg_before": "1.55 2.45 4.43 1/2310 4150201"}
dbus-daemon[4132523]: [session uid=1000 pid=4132523 pidfd=4] Activating service name='org.freedesktop.systemd1' requested by ':1.4' (uid=1000 pid=4132667 comm="/usr/bin/dbus-broker-launch --config-file=/usr/sha")
dbus-daemon[4132523]: [session uid=1000 pid=4132523 pidfd=4] Activated service 'org.freedesktop.systemd1' failed: Process org.freedesktop.systemd1 exited with status 1
[2m2026-10-03T13:55:12.735499Z[0m [33m WARN[0m [2mcua_driver_sdk::runtime[0m[2m:[0m could not activate the persistent AT-SPI listener: AT-SPI connect failed: ZBus Error: MethodError(OwnedErrorName("org.freedesktop.DBus.Error.NameHasNoOwner"), Some("Could not activate remote peer 'org.a11y.atspi.Registry': unit failed"), Msg { type: Error, serial: 4294967295, sender: UniqueName("org.freedesktop.DBus"), reply-serial: 9, body: Str, fds: [] })
[2m2026-10-03T13:55:12.743259Z[0m [33m WARN[0m [2mplatform_linux::overlay[0m[2m:[0m X11 overlay: root reads cannot see this window's own pixels; save-unders will be served without readback confirmation
dbus-daemon[4132523]: [session uid=1000 pid=4132523 pidfd=4] Activating service name='org.freedesktop.systemd1' requested by ':1.4' (uid=1000 pid=4132667 comm="/usr/bin/dbus-broker-launch --config-file=/usr/sha")
dbus-daemon[4132523]: [session uid=1000 pid=4132523 pidfd=4] Activated service 'org.freedesktop.systemd1' failed: Process org.freedesktop.systemd1 exited with status 1
dbus-daemon[4132523]: [session uid=1000 pid=4132523 pidfd=4] Activating service name='org.freedesktop.systemd1' requested by ':1.4' (uid=1000 pid=4132667 comm="/usr/bin/dbus-broker-launch --config-file=/usr/sha")
dbus-daemon[4132523]: [session uid=1000 pid=4132523 pidfd=4] Activated service 'org.freedesktop.systemd1' failed: Process org.freedesktop.systemd1 exited with status 1
{"trial": "m-a1-r25-toggle-Wb", "outcome": "verified", "oracle_exact_match": true, "completion_mutations": 1, "routes": ["provider", "provider"], "loadavg_before": "1.55 2.45 4.43 1/2317 4150490"}
dbus-daemon[4132523]: [session uid=1000 pid=4132523 pidfd=4] Activating service name='org.freedesktop.systemd1' requested by ':1.4' (uid=1000 pid=4132667 comm="/usr/bin/dbus-broker-launch --config-file=/usr/sha")
dbus-daemon[4132523]: [session uid=1000 pid=4132523 pidfd=4] Activated service 'org.freedesktop.systemd1' failed: Process org.freedesktop.systemd1 exited with status 1
[2m2026-10-03T13:55:13.863288Z[0m [33m WARN[0m [2mcua_driver_sdk::runtime[0m[2m:[0m could not activate the persistent AT-SPI listener: AT-SPI connect failed: ZBus Error: MethodError(OwnedErrorName("org.freedesktop.DBus.Error.NameHasNoOwner"), Some("Could not activate remote peer 'org.a11y.atspi.Registry': unit failed"), Msg { type: Error, serial: 4294967295, sender: UniqueName("org.freedesktop.DBus"), reply-serial: 9, body: Str, fds: [] })
[2m2026-10-03T13:55:13.870589Z[0m [33m WARN[0m [2mplatform_linux::overlay[0m[2m:[0m X11 overlay: root reads cannot see this window's own pixels; save-unders will be served without readback confirmation
dbus-daemon[4132523]: [session uid=1000 pid=4132523 pidfd=4] Activating service name='org.freedesktop.systemd1' requested by ':1.4' (uid=1000 pid=4132667 comm="/usr/bin/dbus-broker-launch --config-file=/usr/sha")
dbus-daemon[4132523]: [session uid=1000 pid=4132523 pidfd=4] Activated service 'org.freedesktop.systemd1' failed: Process org.freedesktop.systemd1 exited with status 1
dbus-daemon[4132523]: [session uid=1000 pid=4132523 pidfd=4] Activating service name='org.freedesktop.systemd1' requested by ':1.4' (uid=1000 pid=4132667 comm="/usr/bin/dbus-broker-launch --config-file=/usr/sha")
dbus-daemon[4132523]: [session uid=1000 pid=4132523 pidfd=4] Activated service 'org.freedesktop.systemd1' failed: Process org.freedesktop.systemd1 exited with status 1
{"trial": "m-a1-r25-toggle-P2", "outcome": "verified", "oracle_exact_match": true, "completion_mutations": 1, "routes": ["provider", "provider"], "loadavg_before": "1.55 2.45 4.43 1/2317 4150777"}
dbus-daemon[4132523]: [session uid=1000 pid=4132523 pidfd=4] Activating service name='org.freedesktop.systemd1' requested by ':1.4' (uid=1000 pid=4132667 comm="/usr/bin/dbus-broker-launch --config-file=/usr/sha")
dbus-daemon[4132523]: [session uid=1000 pid=4132523 pidfd=4] Activated service 'org.freedesktop.systemd1' failed: Process org.freedesktop.systemd1 exited with status 1
[2m2026-10-03T13:55:14.991065Z[0m [33m WARN[0m [2mcua_driver_sdk::runtime[0m[2m:[0m could not activate the persistent AT-SPI listener: AT-SPI connect failed: ZBus Error: MethodError(OwnedErrorName("org.freedesktop.DBus.Error.NameHasNoOwner"), Some("Could not activate remote peer 'org.a11y.atspi.Registry': unit failed"), Msg { type: Error, serial: 4294967295, sender: UniqueName("org.freedesktop.DBus"), reply-serial: 9, body: Str, fds: [] })
[2m2026-10-03T13:55:14.999039Z[0m [33m WARN[0m [2mplatform_linux::overlay[0m[2m:[0m X11 overlay: root reads cannot see this window's own pixels; save-unders will be served without readback confirmation
dbus-daemon[4132523]: [session uid=1000 pid=4132523 pidfd=4] Activating service name='org.freedesktop.systemd1' requested by ':1.4' (uid=1000 pid=4132667 comm="/usr/bin/dbus-broker-launch --config-file=/usr/sha")
dbus-daemon[4132523]: [session uid=1000 pid=4132523 pidfd=4] Activated service 'org.freedesktop.systemd1' failed: Process org.freedesktop.systemd1 exited with status 1
dbus-daemon[4132523]: [session uid=1000 pid=4132523 pidfd=4] Activating service name='org.freedesktop.systemd1' requested by ':1.4' (uid=1000 pid=4132667 comm="/usr/bin/dbus-broker-launch --config-file=/usr/sha")
dbus-daemon[4132523]: [session uid=1000 pid=4132523 pidfd=4] Activated service 'org.freedesktop.systemd1' failed: Process org.freedesktop.systemd1 exited with status 1
{"trial": "m-a1-r25-toggle-Wa", "outcome": "verified", "oracle_exact_match": true, "completion_mutations": 1, "routes": ["provider", "provider"], "loadavg_before": "1.59 2.44 4.42 4/2323 4151100"}
dbus-daemon[4132523]: [session uid=1000 pid=4132523 pidfd=4] Activating service name='org.freedesktop.systemd1' requested by ':1.4' (uid=1000 pid=4132667 comm="/usr/bin/dbus-broker-launch --config-file=/usr/sha")
dbus-daemon[4132523]: [session uid=1000 pid=4132523 pidfd=4] Activated service 'org.freedesktop.systemd1' failed: Process org.freedesktop.systemd1 exited with status 1
[2m2026-10-03T13:55:16.110182Z[0m [33m WARN[0m [2mcua_driver_sdk::runtime[0m[2m:[0m could not activate the persistent AT-SPI listener: AT-SPI connect failed: ZBus Error: MethodError(OwnedErrorName("org.freedesktop.DBus.Error.NameHasNoOwner"), Some("Could not activate remote peer 'org.a11y.atspi.Registry': unit failed"), Msg { type: Error, serial: 4294967295, sender: UniqueName("org.freedesktop.DBus"), reply-serial: 9, body: Str, fds: [] })
[2m2026-10-03T13:55:16.118116Z[0m [33m WARN[0m [2mplatform_linux::overlay[0m[2m:[0m X11 overlay: root reads cannot see this window's own pixels; save-unders will be served without readback confirmation
dbus-daemon[4132523]: [session uid=1000 pid=4132523 pidfd=4] Activating service name='org.freedesktop.systemd1' requested by ':1.4' (uid=1000 pid=4132667 comm="/usr/bin/dbus-broker-launch --config-file=/usr/sha")
dbus-daemon[4132523]: [session uid=1000 pid=4132523 pidfd=4] Activated service 'org.freedesktop.systemd1' failed: Process org.freedesktop.systemd1 exited with status 1
dbus-daemon[4132523]: [session uid=1000 pid=4132523 pidfd=4] Activating service name='org.freedesktop.systemd1' requested by ':1.4' (uid=1000 pid=4132667 comm="/usr/bin/dbus-broker-launch --config-file=/usr/sha")
dbus-daemon[4132523]: [session uid=1000 pid=4132523 pidfd=4] Activated service 'org.freedesktop.systemd1' failed: Process org.freedesktop.systemd1 exited with status 1
{"trial": "m-a1-r25-toggle-C", "outcome": "verified", "oracle_exact_match": true, "completion_mutations": 1, "routes": ["provider", "provider"], "loadavg_before": "1.59 2.44 4.42 1/2317 4151362"}
dbus-daemon[4132523]: [session uid=1000 pid=4132523 pidfd=4] Activating service name='org.freedesktop.systemd1' requested by ':1.4' (uid=1000 pid=4132667 comm="/usr/bin/dbus-broker-launch --config-file=/usr/sha")
dbus-daemon[4132523]: [session uid=1000 pid=4132523 pidfd=4] Activated service 'org.freedesktop.systemd1' failed: Process org.freedesktop.systemd1 exited with status 1
[2m2026-10-03T13:55:17.208783Z[0m [33m WARN[0m [2mcua_driver_sdk::runtime[0m[2m:[0m could not activate the persistent AT-SPI listener: AT-SPI connect failed: ZBus Error: MethodError(OwnedErrorName("org.freedesktop.DBus.Error.NameHasNoOwner"), Some("Could not activate remote peer 'org.a11y.atspi.Registry': unit failed"), Msg { type: Error, serial: 4294967295, sender: UniqueName("org.freedesktop.DBus"), reply-serial: 9, body: Str, fds: [] })
[2m2026-10-03T13:55:17.216027Z[0m [33m WARN[0m [2mplatform_linux::overlay[0m[2m:[0m X11 overlay: root reads cannot see this window's own pixels; save-unders will be served without readback confirmation
dbus-daemon[4132523]: [session uid=1000 pid=4132523 pidfd=4] Activating service name='org.freedesktop.systemd1' requested by ':1.4' (uid=1000 pid=4132667 comm="/usr/bin/dbus-broker-launch --config-file=/usr/sha")
dbus-daemon[4132523]: [session uid=1000 pid=4132523 pidfd=4] Activated service 'org.freedesktop.systemd1' failed: Process org.freedesktop.systemd1 exited with status 1
dbus-daemon[4132523]: [session uid=1000 pid=4132523 pidfd=4] Activating service name='org.freedesktop.systemd1' requested by ':1.4' (uid=1000 pid=4132667 comm="/usr/bin/dbus-broker-launch --config-file=/usr/sha")
dbus-daemon[4132523]: [session uid=1000 pid=4132523 pidfd=4] Activated service 'org.freedesktop.systemd1' failed: Process org.freedesktop.systemd1 exited with status 1
{"trial": "m-a1-r25-modal-P2", "outcome": "verified", "oracle_exact_match": true, "completion_mutations": 1, "routes": ["provider", "provider"], "loadavg_before": "1.59 2.44 4.42 1/2318 4151639"}
dbus-daemon[4132523]: [session uid=1000 pid=4132523 pidfd=4] Activating service name='org.freedesktop.systemd1' requested by ':1.4' (uid=1000 pid=4132667 comm="/usr/bin/dbus-broker-launch --config-file=/usr/sha")
dbus-daemon[4132523]: [session uid=1000 pid=4132523 pidfd=4] Activated service 'org.freedesktop.systemd1' failed: Process org.freedesktop.systemd1 exited with status 1
[2m2026-10-03T13:55:18.342220Z[0m [33m WARN[0m [2mcua_driver_sdk::runtime[0m[2m:[0m could not activate the persistent AT-SPI listener: AT-SPI connect failed: ZBus Error: MethodError(OwnedErrorName("org.freedesktop.DBus.Error.NameHasNoOwner"), Some("Could not activate remote peer 'org.a11y.atspi.Registry': unit failed"), Msg { type: Error, serial: 4294967295, sender: UniqueName("org.freedesktop.DBus"), reply-serial: 9, body: Str, fds: [] })
[2m2026-10-03T13:55:18.350717Z[0m [33m WARN[0m [2mplatform_linux::overlay[0m[2m:[0m X11 overlay: root reads cannot see this window's own pixels; save-unders will be served without readback confirmation
dbus-daemon[4132523]: [session uid=1000 pid=4132523 pidfd=4] Activating service name='org.freedesktop.systemd1' requested by ':1.4' (uid=1000 pid=4132667 comm="/usr/bin/dbus-broker-launch --config-file=/usr/sha")
dbus-daemon[4132523]: [session uid=1000 pid=4132523 pidfd=4] Activated service 'org.freedesktop.systemd1' failed: Process org.freedesktop.systemd1 exited with status 1
dbus-daemon[4132523]: [session uid=1000 pid=4132523 pidfd=4] Activating service name='org.freedesktop.systemd1' requested by ':1.4' (uid=1000 pid=4132667 comm="/usr/bin/dbus-broker-launch --config-file=/usr/sha")
dbus-daemon[4132523]: [session uid=1000 pid=4132523 pidfd=4] Activated service 'org.freedesktop.systemd1' failed: Process org.freedesktop.systemd1 exited with status 1
{"trial": "m-a1-r25-modal-C", "outcome": "verified", "oracle_exact_match": true, "completion_mutations": 1, "routes": ["provider", "provider"], "loadavg_before": "1.59 2.44 4.42 2/2320 4151937"}
dbus-daemon[4132523]: [session uid=1000 pid=4132523 pidfd=4] Activating service name='org.freedesktop.systemd1' requested by ':1.4' (uid=1000 pid=4132667 comm="/usr/bin/dbus-broker-launch --config-file=/usr/sha")
dbus-daemon[4132523]: [session uid=1000 pid=4132523 pidfd=4] Activated service 'org.freedesktop.systemd1' failed: Process org.freedesktop.systemd1 exited with status 1
[2m2026-10-03T13:55:19.441342Z[0m [33m WARN[0m [2mcua_driver_sdk::runtime[0m[2m:[0m could not activate the persistent AT-SPI listener: AT-SPI connect failed: ZBus Error: MethodError(OwnedErrorName("org.freedesktop.DBus.Error.NameHasNoOwner"), Some("Could not activate remote peer 'org.a11y.atspi.Registry': unit failed"), Msg { type: Error, serial: 4294967295, sender: UniqueName("org.freedesktop.DBus"), reply-serial: 9, body: Str, fds: [] })
[2m2026-10-03T13:55:19.448673Z[0m [33m WARN[0m [2mplatform_linux::overlay[0m[2m:[0m X11 overlay: root reads cannot see this window's own pixels; save-unders will be served without readback confirmation
dbus-daemon[4132523]: [session uid=1000 pid=4132523 pidfd=4] Activating service name='org.freedesktop.systemd1' requested by ':1.4' (uid=1000 pid=4132667 comm="/usr/bin/dbus-broker-launch --config-file=/usr/sha")
dbus-daemon[4132523]: [session uid=1000 pid=4132523 pidfd=4] Activated service 'org.freedesktop.systemd1' failed: Process org.freedesktop.systemd1 exited with status 1
dbus-daemon[4132523]: [session uid=1000 pid=4132523 pidfd=4] Activating service name='org.freedesktop.systemd1' requested by ':1.4' (uid=1000 pid=4132667 comm="/usr/bin/dbus-broker-launch --config-file=/usr/sha")
dbus-daemon[4132523]: [session uid=1000 pid=4132523 pidfd=4] Activated service 'org.freedesktop.systemd1' failed: Process org.freedesktop.systemd1 exited with status 1
{"trial": "m-a1-r25-modal-Wb", "outcome": "verified", "oracle_exact_match": true, "completion_mutations": 1, "routes": ["provider", "provider"], "loadavg_before": "1.54 2.42 4.40 1/2291 4152260"}
dbus-daemon[4132523]: [session uid=1000 pid=4132523 pidfd=4] Activating service name='org.freedesktop.systemd1' requested by ':1.4' (uid=1000 pid=4132667 comm="/usr/bin/dbus-broker-launch --config-file=/usr/sha")
dbus-daemon[4132523]: [session uid=1000 pid=4132523 pidfd=4] Activated service 'org.freedesktop.systemd1' failed: Process org.freedesktop.systemd1 exited with status 1
[2m2026-10-03T13:55:20.560545Z[0m [33m WARN[0m [2mcua_driver_sdk::runtime[0m[2m:[0m could not activate the persistent AT-SPI listener: AT-SPI connect failed: ZBus Error: MethodError(OwnedErrorName("org.freedesktop.DBus.Error.NameHasNoOwner"), Some("Could not activate remote peer 'org.a11y.atspi.Registry': unit failed"), Msg { type: Error, serial: 4294967295, sender: UniqueName("org.freedesktop.DBus"), reply-serial: 9, body: Str, fds: [] })
[2m2026-10-03T13:55:20.568615Z[0m [33m WARN[0m [2mplatform_linux::overlay[0m[2m:[0m X11 overlay: root reads cannot see this window's own pixels; save-unders will be served without readback confirmation
dbus-daemon[4132523]: [session uid=1000 pid=4132523 pidfd=4] Activating service name='org.freedesktop.systemd1' requested by ':1.4' (uid=1000 pid=4132667 comm="/usr/bin/dbus-broker-launch --config-file=/usr/sha")
dbus-daemon[4132523]: [session uid=1000 pid=4132523 pidfd=4] Activated service 'org.freedesktop.systemd1' failed: Process org.freedesktop.systemd1 exited with status 1
dbus-daemon[4132523]: [session uid=1000 pid=4132523 pidfd=4] Activating service name='org.freedesktop.systemd1' requested by ':1.4' (uid=1000 pid=4132667 comm="/usr/bin/dbus-broker-launch --config-file=/usr/sha")
dbus-daemon[4132523]: [session uid=1000 pid=4132523 pidfd=4] Activated service 'org.freedesktop.systemd1' failed: Process org.freedesktop.systemd1 exited with status 1
{"trial": "m-a1-r25-modal-Wa", "outcome": "verified", "oracle_exact_match": true, "completion_mutations": 1, "routes": ["provider", "provider"], "loadavg_before": "1.54 2.42 4.40 3/2277 4152532"}
dbus-daemon[4132523]: [session uid=1000 pid=4132523 pidfd=4] Activating service name='org.freedesktop.systemd1' requested by ':1.4' (uid=1000 pid=4132667 comm="/usr/bin/dbus-broker-launch --config-file=/usr/sha")
dbus-daemon[4132523]: [session uid=1000 pid=4132523 pidfd=4] Activated service 'org.freedesktop.systemd1' failed: Process org.freedesktop.systemd1 exited with status 1
[2m2026-10-03T13:55:21.683815Z[0m [33m WARN[0m [2mcua_driver_sdk::runtime[0m[2m:[0m could not activate the persistent AT-SPI listener: AT-SPI connect failed: ZBus Error: MethodError(OwnedErrorName("org.freedesktop.DBus.Error.NameHasNoOwner"), Some("Could not activate remote peer 'org.a11y.atspi.Registry': unit failed"), Msg { type: Error, serial: 4294967295, sender: UniqueName("org.freedesktop.DBus"), reply-serial: 9, body: Str, fds: [] })
[2m2026-10-03T13:55:21.691193Z[0m [33m WARN[0m [2mplatform_linux::overlay[0m[2m:[0m X11 overlay: root reads cannot see this window's own pixels; save-unders will be served without readback confirmation
dbus-daemon[4132523]: [session uid=1000 pid=4132523 pidfd=4] Activating service name='org.freedesktop.systemd1' requested by ':1.4' (uid=1000 pid=4132667 comm="/usr/bin/dbus-broker-launch --config-file=/usr/sha")
dbus-daemon[4132523]: [session uid=1000 pid=4132523 pidfd=4] Activated service 'org.freedesktop.systemd1' failed: Process org.freedesktop.systemd1 exited with status 1
dbus-daemon[4132523]: [session uid=1000 pid=4132523 pidfd=4] Activating service name='org.freedesktop.systemd1' requested by ':1.4' (uid=1000 pid=4132667 comm="/usr/bin/dbus-broker-launch --config-file=/usr/sha")
dbus-daemon[4132523]: [session uid=1000 pid=4132523 pidfd=4] Activated service 'org.freedesktop.systemd1' failed: Process org.freedesktop.systemd1 exited with status 1
{"trial": "m-a1-r25-fill-Wa", "outcome": "verified", "oracle_exact_match": true, "completion_mutations": 1, "routes": ["compiled"], "loadavg_before": "1.54 2.42 4.40 1/2277 4152817"}
dbus-daemon[4132523]: [session uid=1000 pid=4132523 pidfd=4] Activating service name='org.freedesktop.systemd1' requested by ':1.4' (uid=1000 pid=4132667 comm="/usr/bin/dbus-broker-launch --config-file=/usr/sha")
dbus-daemon[4132523]: [session uid=1000 pid=4132523 pidfd=4] Activated service 'org.freedesktop.systemd1' failed: Process org.freedesktop.systemd1 exited with status 1
[2m2026-10-03T13:55:23.184257Z[0m [33m WARN[0m [2mcua_driver_sdk::runtime[0m[2m:[0m could not activate the persistent AT-SPI listener: AT-SPI connect failed: ZBus Error: MethodError(OwnedErrorName("org.freedesktop.DBus.Error.NameHasNoOwner"), Some("Could not activate remote peer 'org.a11y.atspi.Registry': unit failed"), Msg { type: Error, serial: 4294967295, sender: UniqueName("org.freedesktop.DBus"), reply-serial: 9, body: Str, fds: [] })
[2m2026-10-03T13:55:23.191407Z[0m [33m WARN[0m [2mplatform_linux::overlay[0m[2m:[0m X11 overlay: root reads cannot see this window's own pixels; save-unders will be served without readback confirmation
dbus-daemon[4132523]: [session uid=1000 pid=4132523 pidfd=4] Activating service name='org.freedesktop.systemd1' requested by ':1.4' (uid=1000 pid=4132667 comm="/usr/bin/dbus-broker-launch --config-file=/usr/sha")
dbus-daemon[4132523]: [session uid=1000 pid=4132523 pidfd=4] Activated service 'org.freedesktop.systemd1' failed: Process org.freedesktop.systemd1 exited with status 1
dbus-daemon[4132523]: [session uid=1000 pid=4132523 pidfd=4] Activating service name='org.freedesktop.systemd1' requested by ':1.4' (uid=1000 pid=4132667 comm="/usr/bin/dbus-broker-launch --config-file=/usr/sha")
dbus-daemon[4132523]: [session uid=1000 pid=4132523 pidfd=4] Activated service 'org.freedesktop.systemd1' failed: Process org.freedesktop.systemd1 exited with status 1
{"trial": "m-a1-r25-fill-Wb", "outcome": "verified", "oracle_exact_match": true, "completion_mutations": 1, "routes": ["compiled"], "loadavg_before": "1.54 2.42 4.40 2/2277 4153103"}
dbus-daemon[4132523]: [session uid=1000 pid=4132523 pidfd=4] Activating service name='org.freedesktop.systemd1' requested by ':1.4' (uid=1000 pid=4132667 comm="/usr/bin/dbus-broker-launch --config-file=/usr/sha")
dbus-daemon[4132523]: [session uid=1000 pid=4132523 pidfd=4] Activated service 'org.freedesktop.systemd1' failed: Process org.freedesktop.systemd1 exited with status 1
[2m2026-10-03T13:55:24.685178Z[0m [33m WARN[0m [2mcua_driver_sdk::runtime[0m[2m:[0m could not activate the persistent AT-SPI listener: AT-SPI connect failed: ZBus Error: MethodError(OwnedErrorName("org.freedesktop.DBus.Error.NameHasNoOwner"), Some("Could not activate remote peer 'org.a11y.atspi.Registry': unit failed"), Msg { type: Error, serial: 4294967295, sender: UniqueName("org.freedesktop.DBus"), reply-serial: 9, body: Str, fds: [] })
[2m2026-10-03T13:55:24.692877Z[0m [33m WARN[0m [2mplatform_linux::overlay[0m[2m:[0m X11 overlay: root reads cannot see this window's own pixels; save-unders will be served without readback confirmation
dbus-daemon[4132523]: [session uid=1000 pid=4132523 pidfd=4] Activating service name='org.freedesktop.systemd1' requested by ':1.4' (uid=1000 pid=4132667 comm="/usr/bin/dbus-broker-launch --config-file=/usr/sha")
dbus-daemon[4132523]: [session uid=1000 pid=4132523 pidfd=4] Activated service 'org.freedesktop.systemd1' failed: Process org.freedesktop.systemd1 exited with status 1
dbus-daemon[4132523]: [session uid=1000 pid=4132523 pidfd=4] Activating service name='org.freedesktop.systemd1' requested by ':1.4' (uid=1000 pid=4132667 comm="/usr/bin/dbus-broker-launch --config-file=/usr/sha")
dbus-daemon[4132523]: [session uid=1000 pid=4132523 pidfd=4] Activated service 'org.freedesktop.systemd1' failed: Process org.freedesktop.systemd1 exited with status 1
{"trial": "m-a1-r25-fill-C", "outcome": "verified", "oracle_exact_match": true, "completion_mutations": 1, "routes": ["compiled"], "loadavg_before": "1.50 2.39 4.38 2/2277 4153387"}
dbus-daemon[4132523]: [session uid=1000 pid=4132523 pidfd=4] Activating service name='org.freedesktop.systemd1' requested by ':1.4' (uid=1000 pid=4132667 comm="/usr/bin/dbus-broker-launch --config-file=/usr/sha")
dbus-daemon[4132523]: [session uid=1000 pid=4132523 pidfd=4] Activated service 'org.freedesktop.systemd1' failed: Process org.freedesktop.systemd1 exited with status 1
[2m2026-10-03T13:55:26.186030Z[0m [33m WARN[0m [2mcua_driver_sdk::runtime[0m[2m:[0m could not activate the persistent AT-SPI listener: AT-SPI connect failed: ZBus Error: MethodError(OwnedErrorName("org.freedesktop.DBus.Error.NameHasNoOwner"), Some("Could not activate remote peer 'org.a11y.atspi.Registry': unit failed"), Msg { type: Error, serial: 4294967295, sender: UniqueName("org.freedesktop.DBus"), reply-serial: 9, body: Str, fds: [] })
[2m2026-10-03T13:55:26.193228Z[0m [33m WARN[0m [2mplatform_linux::overlay[0m[2m:[0m X11 overlay: root reads cannot see this window's own pixels; save-unders will be served without readback confirmation
dbus-daemon[4132523]: [session uid=1000 pid=4132523 pidfd=4] Activating service name='org.freedesktop.systemd1' requested by ':1.4' (uid=1000 pid=4132667 comm="/usr/bin/dbus-broker-launch --config-file=/usr/sha")
dbus-daemon[4132523]: [session uid=1000 pid=4132523 pidfd=4] Activated service 'org.freedesktop.systemd1' failed: Process org.freedesktop.systemd1 exited with status 1
dbus-daemon[4132523]: [session uid=1000 pid=4132523 pidfd=4] Activating service name='org.freedesktop.systemd1' requested by ':1.4' (uid=1000 pid=4132667 comm="/usr/bin/dbus-broker-launch --config-file=/usr/sha")
dbus-daemon[4132523]: [session uid=1000 pid=4132523 pidfd=4] Activated service 'org.freedesktop.systemd1' failed: Process org.freedesktop.systemd1 exited with status 1
{"trial": "m-a1-r25-fill-P2", "outcome": "verified", "oracle_exact_match": true, "completion_mutations": 1, "routes": ["compiled"], "loadavg_before": "1.50 2.39 4.38 1/2270 4153687"}
dbus-daemon[4132523]: [session uid=1000 pid=4132523 pidfd=4] Activating service name='org.freedesktop.systemd1' requested by ':1.4' (uid=1000 pid=4132667 comm="/usr/bin/dbus-broker-launch --config-file=/usr/sha")
dbus-daemon[4132523]: [session uid=1000 pid=4132523 pidfd=4] Activated service 'org.freedesktop.systemd1' failed: Process org.freedesktop.systemd1 exited with status 1
[2m2026-10-03T13:55:27.687695Z[0m [33m WARN[0m [2mcua_driver_sdk::runtime[0m[2m:[0m could not activate the persistent AT-SPI listener: AT-SPI connect failed: ZBus Error: MethodError(OwnedErrorName("org.freedesktop.DBus.Error.NameHasNoOwner"), Some("Could not activate remote peer 'org.a11y.atspi.Registry': unit failed"), Msg { type: Error, serial: 4294967295, sender: UniqueName("org.freedesktop.DBus"), reply-serial: 9, body: Str, fds: [] })
[2m2026-10-03T13:55:27.696428Z[0m [33m WARN[0m [2mplatform_linux::overlay[0m[2m:[0m X11 overlay: root reads cannot see this window's own pixels; save-unders will be served without readback confirmation
dbus-daemon[4132523]: [session uid=1000 pid=4132523 pidfd=4] Activating service name='org.freedesktop.systemd1' requested by ':1.4' (uid=1000 pid=4132667 comm="/usr/bin/dbus-broker-launch --config-file=/usr/sha")
dbus-daemon[4132523]: [session uid=1000 pid=4132523 pidfd=4] Activated service 'org.freedesktop.systemd1' failed: Process org.freedesktop.systemd1 exited with status 1
dbus-daemon[4132523]: [session uid=1000 pid=4132523 pidfd=4] Activating service name='org.freedesktop.systemd1' requested by ':1.4' (uid=1000 pid=4132667 comm="/usr/bin/dbus-broker-launch --config-file=/usr/sha")
dbus-daemon[4132523]: [session uid=1000 pid=4132523 pidfd=4] Activated service 'org.freedesktop.systemd1' failed: Process org.freedesktop.systemd1 exited with status 1
{"trial": "m-a1-r26-modal-C", "outcome": "verified", "oracle_exact_match": true, "completion_mutations": 1, "routes": ["provider", "provider"], "loadavg_before": "1.50 2.39 4.38 1/2275 4153988"}
dbus-daemon[4132523]: [session uid=1000 pid=4132523 pidfd=4] Activating service name='org.freedesktop.systemd1' requested by ':1.4' (uid=1000 pid=4132667 comm="/usr/bin/dbus-broker-launch --config-file=/usr/sha")
dbus-daemon[4132523]: [session uid=1000 pid=4132523 pidfd=4] Activated service 'org.freedesktop.systemd1' failed: Process org.freedesktop.systemd1 exited with status 1
[2m2026-10-03T13:55:28.778511Z[0m [33m WARN[0m [2mcua_driver_sdk::runtime[0m[2m:[0m could not activate the persistent AT-SPI listener: AT-SPI connect failed: ZBus Error: MethodError(OwnedErrorName("org.freedesktop.DBus.Error.NameHasNoOwner"), Some("Could not activate remote peer 'org.a11y.atspi.Registry': unit failed"), Msg { type: Error, serial: 4294967295, sender: UniqueName("org.freedesktop.DBus"), reply-serial: 9, body: Str, fds: [] })
[2m2026-10-03T13:55:28.786418Z[0m [33m WARN[0m [2mplatform_linux::overlay[0m[2m:[0m X11 overlay: root reads cannot see this window's own pixels; save-unders will be served without readback confirmation
dbus-daemon[4132523]: [session uid=1000 pid=4132523 pidfd=4] Activating service name='org.freedesktop.systemd1' requested by ':1.4' (uid=1000 pid=4132667 comm="/usr/bin/dbus-broker-launch --config-file=/usr/sha")
dbus-daemon[4132523]: [session uid=1000 pid=4132523 pidfd=4] Activated service 'org.freedesktop.systemd1' failed: Process org.freedesktop.systemd1 exited with status 1
dbus-daemon[4132523]: [session uid=1000 pid=4132523 pidfd=4] Activating service name='org.freedesktop.systemd1' requested by ':1.4' (uid=1000 pid=4132667 comm="/usr/bin/dbus-broker-launch --config-file=/usr/sha")
dbus-daemon[4132523]: [session uid=1000 pid=4132523 pidfd=4] Activated service 'org.freedesktop.systemd1' failed: Process org.freedesktop.systemd1 exited with status 1
{"trial": "m-a1-r26-modal-Wa", "outcome": "verified", "oracle_exact_match": true, "completion_mutations": 1, "routes": ["provider", "provider"], "loadavg_before": "1.50 2.39 4.38 1/2275 4154247"}
dbus-daemon[4132523]: [session uid=1000 pid=4132523 pidfd=4] Activating service name='org.freedesktop.systemd1' requested by ':1.4' (uid=1000 pid=4132667 comm="/usr/bin/dbus-broker-launch --config-file=/usr/sha")
dbus-daemon[4132523]: [session uid=1000 pid=4132523 pidfd=4] Activated service 'org.freedesktop.systemd1' failed: Process org.freedesktop.systemd1 exited with status 1
[2m2026-10-03T13:55:29.912777Z[0m [33m WARN[0m [2mcua_driver_sdk::runtime[0m[2m:[0m could not activate the persistent AT-SPI listener: AT-SPI connect failed: ZBus Error: MethodError(OwnedErrorName("org.freedesktop.DBus.Error.NameHasNoOwner"), Some("Could not activate remote peer 'org.a11y.atspi.Registry': unit failed"), Msg { type: Error, serial: 4294967295, sender: UniqueName("org.freedesktop.DBus"), reply-serial: 9, body: Str, fds: [] })
[2m2026-10-03T13:55:29.920042Z[0m [33m WARN[0m [2mplatform_linux::overlay[0m[2m:[0m X11 overlay: root reads cannot see this window's own pixels; save-unders will be served without readback confirmation
dbus-daemon[4132523]: [session uid=1000 pid=4132523 pidfd=4] Activating service name='org.freedesktop.systemd1' requested by ':1.4' (uid=1000 pid=4132667 comm="/usr/bin/dbus-broker-launch --config-file=/usr/sha")
dbus-daemon[4132523]: [session uid=1000 pid=4132523 pidfd=4] Activated service 'org.freedesktop.systemd1' failed: Process org.freedesktop.systemd1 exited with status 1
dbus-daemon[4132523]: [session uid=1000 pid=4132523 pidfd=4] Activating service name='org.freedesktop.systemd1' requested by ':1.4' (uid=1000 pid=4132667 comm="/usr/bin/dbus-broker-launch --config-file=/usr/sha")
dbus-daemon[4132523]: [session uid=1000 pid=4132523 pidfd=4] Activated service 'org.freedesktop.systemd1' failed: Process org.freedesktop.systemd1 exited with status 1
{"trial": "m-a1-r26-modal-P2", "outcome": "verified", "oracle_exact_match": true, "completion_mutations": 1, "routes": ["provider", "provider"], "loadavg_before": "1.70 2.42 4.38 1/2275 4154531"}
dbus-daemon[4132523]: [session uid=1000 pid=4132523 pidfd=4] Activating service name='org.freedesktop.systemd1' requested by ':1.4' (uid=1000 pid=4132667 comm="/usr/bin/dbus-broker-launch --config-file=/usr/sha")
dbus-daemon[4132523]: [session uid=1000 pid=4132523 pidfd=4] Activated service 'org.freedesktop.systemd1' failed: Process org.freedesktop.systemd1 exited with status 1
[2m2026-10-03T13:55:31.052629Z[0m [33m WARN[0m [2mcua_driver_sdk::runtime[0m[2m:[0m could not activate the persistent AT-SPI listener: AT-SPI connect failed: ZBus Error: MethodError(OwnedErrorName("org.freedesktop.DBus.Error.NameHasNoOwner"), Some("Could not activate remote peer 'org.a11y.atspi.Registry': unit failed"), Msg { type: Error, serial: 4294967295, sender: UniqueName("org.freedesktop.DBus"), reply-serial: 9, body: Str, fds: [] })
[2m2026-10-03T13:55:31.060477Z[0m [33m WARN[0m [2mplatform_linux::overlay[0m[2m:[0m X11 overlay: root reads cannot see this window's own pixels; save-unders will be served without readback confirmation
dbus-daemon[4132523]: [session uid=1000 pid=4132523 pidfd=4] Activating service name='org.freedesktop.systemd1' requested by ':1.4' (uid=1000 pid=4132667 comm="/usr/bin/dbus-broker-launch --config-file=/usr/sha")
dbus-daemon[4132523]: [session uid=1000 pid=4132523 pidfd=4] Activated service 'org.freedesktop.systemd1' failed: Process org.freedesktop.systemd1 exited with status 1
dbus-daemon[4132523]: [session uid=1000 pid=4132523 pidfd=4] Activating service name='org.freedesktop.systemd1' requested by ':1.4' (uid=1000 pid=4132667 comm="/usr/bin/dbus-broker-launch --config-file=/usr/sha")
dbus-daemon[4132523]: [session uid=1000 pid=4132523 pidfd=4] Activated service 'org.freedesktop.systemd1' failed: Process org.freedesktop.systemd1 exited with status 1
{"trial": "m-a1-r26-modal-Wb", "outcome": "verified", "oracle_exact_match": true, "completion_mutations": 1, "routes": ["provider", "provider"], "loadavg_before": "1.70 2.42 4.38 1/2275 4154796"}
dbus-daemon[4132523]: [session uid=1000 pid=4132523 pidfd=4] Activating service name='org.freedesktop.systemd1' requested by ':1.4' (uid=1000 pid=4132667 comm="/usr/bin/dbus-broker-launch --config-file=/usr/sha")
dbus-daemon[4132523]: [session uid=1000 pid=4132523 pidfd=4] Activated service 'org.freedesktop.systemd1' failed: Process org.freedesktop.systemd1 exited with status 1
[2m2026-10-03T13:55:32.170987Z[0m [33m WARN[0m [2mcua_driver_sdk::runtime[0m[2m:[0m could not activate the persistent AT-SPI listener: AT-SPI connect failed: ZBus Error: MethodError(OwnedErrorName("org.freedesktop.DBus.Error.NameHasNoOwner"), Some("Could not activate remote peer 'org.a11y.atspi.Registry': unit failed"), Msg { type: Error, serial: 4294967295, sender: UniqueName("org.freedesktop.DBus"), reply-serial: 9, body: Str, fds: [] })
[2m2026-10-03T13:55:32.178344Z[0m [33m WARN[0m [2mplatform_linux::overlay[0m[2m:[0m X11 overlay: root reads cannot see this window's own pixels; save-unders will be served without readback confirmation
dbus-daemon[4132523]: [session uid=1000 pid=4132523 pidfd=4] Activating service name='org.freedesktop.systemd1' requested by ':1.4' (uid=1000 pid=4132667 comm="/usr/bin/dbus-broker-launch --config-file=/usr/sha")
dbus-daemon[4132523]: [session uid=1000 pid=4132523 pidfd=4] Activated service 'org.freedesktop.systemd1' failed: Process org.freedesktop.systemd1 exited with status 1
dbus-daemon[4132523]: [session uid=1000 pid=4132523 pidfd=4] Activating service name='org.freedesktop.systemd1' requested by ':1.4' (uid=1000 pid=4132667 comm="/usr/bin/dbus-broker-launch --config-file=/usr/sha")
dbus-daemon[4132523]: [session uid=1000 pid=4132523 pidfd=4] Activated service 'org.freedesktop.systemd1' failed: Process org.freedesktop.systemd1 exited with status 1
{"trial": "m-a1-r26-fill-Wb", "outcome": "verified", "oracle_exact_match": true, "completion_mutations": 1, "routes": ["compiled"], "loadavg_before": "1.70 2.42 4.38 2/2282 4155087"}
dbus-daemon[4132523]: [session uid=1000 pid=4132523 pidfd=4] Activating service name='org.freedesktop.systemd1' requested by ':1.4' (uid=1000 pid=4132667 comm="/usr/bin/dbus-broker-launch --config-file=/usr/sha")
dbus-daemon[4132523]: [session uid=1000 pid=4132523 pidfd=4] Activated service 'org.freedesktop.systemd1' failed: Process org.freedesktop.systemd1 exited with status 1
[2m2026-10-03T13:55:33.672028Z[0m [33m WARN[0m [2mcua_driver_sdk::runtime[0m[2m:[0m could not activate the persistent AT-SPI listener: AT-SPI connect failed: ZBus Error: MethodError(OwnedErrorName("org.freedesktop.DBus.Error.NameHasNoOwner"), Some("Could not activate remote peer 'org.a11y.atspi.Registry': unit failed"), Msg { type: Error, serial: 4294967295, sender: UniqueName("org.freedesktop.DBus"), reply-serial: 9, body: Str, fds: [] })
[2m2026-10-03T13:55:33.679098Z[0m [33m WARN[0m [2mplatform_linux::overlay[0m[2m:[0m X11 overlay: root reads cannot see this window's own pixels; save-unders will be served without readback confirmation
dbus-daemon[4132523]: [session uid=1000 pid=4132523 pidfd=4] Activating service name='org.freedesktop.systemd1' requested by ':1.4' (uid=1000 pid=4132667 comm="/usr/bin/dbus-broker-launch --config-file=/usr/sha")
dbus-daemon[4132523]: [session uid=1000 pid=4132523 pidfd=4] Activated service 'org.freedesktop.systemd1' failed: Process org.freedesktop.systemd1 exited with status 1
dbus-daemon[4132523]: [session uid=1000 pid=4132523 pidfd=4] Activating service name='org.freedesktop.systemd1' requested by ':1.4' (uid=1000 pid=4132667 comm="/usr/bin/dbus-broker-launch --config-file=/usr/sha")
dbus-daemon[4132523]: [session uid=1000 pid=4132523 pidfd=4] Activated service 'org.freedesktop.systemd1' failed: Process org.freedesktop.systemd1 exited with status 1
{"trial": "m-a1-r26-fill-P2", "outcome": "verified", "oracle_exact_match": true, "completion_mutations": 1, "routes": ["compiled"], "loadavg_before": "1.70 2.42 4.38 1/2282 4155432"}
dbus-daemon[4132523]: [session uid=1000 pid=4132523 pidfd=4] Activating service name='org.freedesktop.systemd1' requested by ':1.4' (uid=1000 pid=4132667 comm="/usr/bin/dbus-broker-launch --config-file=/usr/sha")
dbus-daemon[4132523]: [session uid=1000 pid=4132523 pidfd=4] Activated service 'org.freedesktop.systemd1' failed: Process org.freedesktop.systemd1 exited with status 1
[2m2026-10-03T13:55:35.172268Z[0m [33m WARN[0m [2mcua_driver_sdk::runtime[0m[2m:[0m could not activate the persistent AT-SPI listener: AT-SPI connect failed: ZBus Error: MethodError(OwnedErrorName("org.freedesktop.DBus.Error.NameHasNoOwner"), Some("Could not activate remote peer 'org.a11y.atspi.Registry': unit failed"), Msg { type: Error, serial: 4294967295, sender: UniqueName("org.freedesktop.DBus"), reply-serial: 9, body: Str, fds: [] })
[2m2026-10-03T13:55:35.179555Z[0m [33m WARN[0m [2mplatform_linux::overlay[0m[2m:[0m X11 overlay: root reads cannot see this window's own pixels; save-unders will be served without readback confirmation
dbus-daemon[4132523]: [session uid=1000 pid=4132523 pidfd=4] Activating service name='org.freedesktop.systemd1' requested by ':1.4' (uid=1000 pid=4132667 comm="/usr/bin/dbus-broker-launch --config-file=/usr/sha")
dbus-daemon[4132523]: [session uid=1000 pid=4132523 pidfd=4] Activated service 'org.freedesktop.systemd1' failed: Process org.freedesktop.systemd1 exited with status 1
dbus-daemon[4132523]: [session uid=1000 pid=4132523 pidfd=4] Activating service name='org.freedesktop.systemd1' requested by ':1.4' (uid=1000 pid=4132667 comm="/usr/bin/dbus-broker-launch --config-file=/usr/sha")
dbus-daemon[4132523]: [session uid=1000 pid=4132523 pidfd=4] Activated service 'org.freedesktop.systemd1' failed: Process org.freedesktop.systemd1 exited with status 1
{"trial": "m-a1-r26-fill-Wa", "outcome": "verified", "oracle_exact_match": true, "completion_mutations": 1, "routes": ["compiled"], "loadavg_before": "2.44 2.56 4.42 1/2288 4155775"}
dbus-daemon[4132523]: [session uid=1000 pid=4132523 pidfd=4] Activating service name='org.freedesktop.systemd1' requested by ':1.4' (uid=1000 pid=4132667 comm="/usr/bin/dbus-broker-launch --config-file=/usr/sha")
dbus-daemon[4132523]: [session uid=1000 pid=4132523 pidfd=4] Activated service 'org.freedesktop.systemd1' failed: Process org.freedesktop.systemd1 exited with status 1
[2m2026-10-03T13:55:36.674752Z[0m [33m WARN[0m [2mcua_driver_sdk::runtime[0m[2m:[0m could not activate the persistent AT-SPI listener: AT-SPI connect failed: ZBus Error: MethodError(OwnedErrorName("org.freedesktop.DBus.Error.NameHasNoOwner"), Some("Could not activate remote peer 'org.a11y.atspi.Registry': unit failed"), Msg { type: Error, serial: 4294967295, sender: UniqueName("org.freedesktop.DBus"), reply-serial: 9, body: Str, fds: [] })
[2m2026-10-03T13:55:36.682243Z[0m [33m WARN[0m [2mplatform_linux::overlay[0m[2m:[0m X11 overlay: root reads cannot see this window's own pixels; save-unders will be served without readback confirmation
dbus-daemon[4132523]: [session uid=1000 pid=4132523 pidfd=4] Activating service name='org.freedesktop.systemd1' requested by ':1.4' (uid=1000 pid=4132667 comm="/usr/bin/dbus-broker-launch --config-file=/usr/sha")
dbus-daemon[4132523]: [session uid=1000 pid=4132523 pidfd=4] Activated service 'org.freedesktop.systemd1' failed: Process org.freedesktop.systemd1 exited with status 1
dbus-daemon[4132523]: [session uid=1000 pid=4132523 pidfd=4] Activating service name='org.freedesktop.systemd1' requested by ':1.4' (uid=1000 pid=4132667 comm="/usr/bin/dbus-broker-launch --config-file=/usr/sha")
dbus-daemon[4132523]: [session uid=1000 pid=4132523 pidfd=4] Activated service 'org.freedesktop.systemd1' failed: Process org.freedesktop.systemd1 exited with status 1
{"trial": "m-a1-r26-fill-C", "outcome": "verified", "oracle_exact_match": true, "completion_mutations": 1, "routes": ["compiled"], "loadavg_before": "2.44 2.56 4.42 1/2285 4156105"}
dbus-daemon[4132523]: [session uid=1000 pid=4132523 pidfd=4] Activating service name='org.freedesktop.systemd1' requested by ':1.4' (uid=1000 pid=4132667 comm="/usr/bin/dbus-broker-launch --config-file=/usr/sha")
dbus-daemon[4132523]: [session uid=1000 pid=4132523 pidfd=4] Activated service 'org.freedesktop.systemd1' failed: Process org.freedesktop.systemd1 exited with status 1
[2m2026-10-03T13:55:38.174791Z[0m [33m WARN[0m [2mcua_driver_sdk::runtime[0m[2m:[0m could not activate the persistent AT-SPI listener: AT-SPI connect failed: ZBus Error: MethodError(OwnedErrorName("org.freedesktop.DBus.Error.NameHasNoOwner"), Some("Could not activate remote peer 'org.a11y.atspi.Registry': unit failed"), Msg { type: Error, serial: 4294967295, sender: UniqueName("org.freedesktop.DBus"), reply-serial: 9, body: Str, fds: [] })
[2m2026-10-03T13:55:38.181869Z[0m [33m WARN[0m [2mplatform_linux::overlay[0m[2m:[0m X11 overlay: root reads cannot see this window's own pixels; save-unders will be served without readback confirmation
dbus-daemon[4132523]: [session uid=1000 pid=4132523 pidfd=4] Activating service name='org.freedesktop.systemd1' requested by ':1.4' (uid=1000 pid=4132667 comm="/usr/bin/dbus-broker-launch --config-file=/usr/sha")
dbus-daemon[4132523]: [session uid=1000 pid=4132523 pidfd=4] Activated service 'org.freedesktop.systemd1' failed: Process org.freedesktop.systemd1 exited with status 1
dbus-daemon[4132523]: [session uid=1000 pid=4132523 pidfd=4] Activating service name='org.freedesktop.systemd1' requested by ':1.4' (uid=1000 pid=4132667 comm="/usr/bin/dbus-broker-launch --config-file=/usr/sha")
dbus-daemon[4132523]: [session uid=1000 pid=4132523 pidfd=4] Activated service 'org.freedesktop.systemd1' failed: Process org.freedesktop.systemd1 exited with status 1
{"trial": "m-a1-r26-toggle-P2", "outcome": "verified", "oracle_exact_match": true, "completion_mutations": 1, "routes": ["provider", "provider"], "loadavg_before": "2.44 2.56 4.42 2/2293 4156440"}
dbus-daemon[4132523]: [session uid=1000 pid=4132523 pidfd=4] Activating service name='org.freedesktop.systemd1' requested by ':1.4' (uid=1000 pid=4132667 comm="/usr/bin/dbus-broker-launch --config-file=/usr/sha")
dbus-daemon[4132523]: [session uid=1000 pid=4132523 pidfd=4] Activated service 'org.freedesktop.systemd1' failed: Process org.freedesktop.systemd1 exited with status 1
[2m2026-10-03T13:55:39.310060Z[0m [33m WARN[0m [2mcua_driver_sdk::runtime[0m[2m:[0m could not activate the persistent AT-SPI listener: AT-SPI connect failed: ZBus Error: MethodError(OwnedErrorName("org.freedesktop.DBus.Error.NameHasNoOwner"), Some("Could not activate remote peer 'org.a11y.atspi.Registry': unit failed"), Msg { type: Error, serial: 4294967295, sender: UniqueName("org.freedesktop.DBus"), reply-serial: 9, body: Str, fds: [] })
[2m2026-10-03T13:55:39.317341Z[0m [33m WARN[0m [2mplatform_linux::overlay[0m[2m:[0m X11 overlay: root reads cannot see this window's own pixels; save-unders will be served without readback confirmation
dbus-daemon[4132523]: [session uid=1000 pid=4132523 pidfd=4] Activating service name='org.freedesktop.systemd1' requested by ':1.4' (uid=1000 pid=4132667 comm="/usr/bin/dbus-broker-launch --config-file=/usr/sha")
dbus-daemon[4132523]: [session uid=1000 pid=4132523 pidfd=4] Activated service 'org.freedesktop.systemd1' failed: Process org.freedesktop.systemd1 exited with status 1
dbus-daemon[4132523]: [session uid=1000 pid=4132523 pidfd=4] Activating service name='org.freedesktop.systemd1' requested by ':1.4' (uid=1000 pid=4132667 comm="/usr/bin/dbus-broker-launch --config-file=/usr/sha")
dbus-daemon[4132523]: [session uid=1000 pid=4132523 pidfd=4] Activated service 'org.freedesktop.systemd1' failed: Process org.freedesktop.systemd1 exited with status 1
{"trial": "m-a1-r26-toggle-C", "outcome": "verified", "oracle_exact_match": true, "completion_mutations": 1, "routes": ["provider", "provider"], "loadavg_before": "2.33 2.54 4.40 1/2304 4156741"}
dbus-daemon[4132523]: [session uid=1000 pid=4132523 pidfd=4] Activating service name='org.freedesktop.systemd1' requested by ':1.4' (uid=1000 pid=4132667 comm="/usr/bin/dbus-broker-launch --config-file=/usr/sha")
dbus-daemon[4132523]: [session uid=1000 pid=4132523 pidfd=4] Activated service 'org.freedesktop.systemd1' failed: Process org.freedesktop.systemd1 exited with status 1
[2m2026-10-03T13:55:40.476518Z[0m [33m WARN[0m [2mcua_driver_sdk::runtime[0m[2m:[0m could not activate the persistent AT-SPI listener: AT-SPI connect failed: ZBus Error: MethodError(OwnedErrorName("org.freedesktop.DBus.Error.NameHasNoOwner"), Some("Could not activate remote peer 'org.a11y.atspi.Registry': unit failed"), Msg { type: Error, serial: 4294967295, sender: UniqueName("org.freedesktop.DBus"), reply-serial: 9, body: Str, fds: [] })
[2m2026-10-03T13:55:40.483242Z[0m [33m WARN[0m [2mplatform_linux::overlay[0m[2m:[0m X11 overlay: root reads cannot see this window's own pixels; save-unders will be served without readback confirmation
dbus-daemon[4132523]: [session uid=1000 pid=4132523 pidfd=4] Activating service name='org.freedesktop.systemd1' requested by ':1.4' (uid=1000 pid=4132667 comm="/usr/bin/dbus-broker-launch --config-file=/usr/sha")
dbus-daemon[4132523]: [session uid=1000 pid=4132523 pidfd=4] Activated service 'org.freedesktop.systemd1' failed: Process org.freedesktop.systemd1 exited with status 1
dbus-daemon[4132523]: [session uid=1000 pid=4132523 pidfd=4] Activating service name='org.freedesktop.systemd1' requested by ':1.4' (uid=1000 pid=4132667 comm="/usr/bin/dbus-broker-launch --config-file=/usr/sha")
dbus-daemon[4132523]: [session uid=1000 pid=4132523 pidfd=4] Activated service 'org.freedesktop.systemd1' failed: Process org.freedesktop.systemd1 exited with status 1
{"trial": "m-a1-r26-toggle-Wb", "outcome": "verified", "oracle_exact_match": true, "completion_mutations": 1, "routes": ["provider", "provider"], "loadavg_before": "2.33 2.54 4.40 2/2323 4157087"}
dbus-daemon[4132523]: [session uid=1000 pid=4132523 pidfd=4] Activating service name='org.freedesktop.systemd1' requested by ':1.4' (uid=1000 pid=4132667 comm="/usr/bin/dbus-broker-launch --config-file=/usr/sha")
dbus-daemon[4132523]: [session uid=1000 pid=4132523 pidfd=4] Activated service 'org.freedesktop.systemd1' failed: Process org.freedesktop.systemd1 exited with status 1
[2m2026-10-03T13:55:41.610575Z[0m [33m WARN[0m [2mcua_driver_sdk::runtime[0m[2m:[0m could not activate the persistent AT-SPI listener: AT-SPI connect failed: ZBus Error: MethodError(OwnedErrorName("org.freedesktop.DBus.Error.NameHasNoOwner"), Some("Could not activate remote peer 'org.a11y.atspi.Registry': unit failed"), Msg { type: Error, serial: 4294967295, sender: UniqueName("org.freedesktop.DBus"), reply-serial: 9, body: Str, fds: [] })
[2m2026-10-03T13:55:41.617410Z[0m [33m WARN[0m [2mplatform_linux::overlay[0m[2m:[0m X11 overlay: root reads cannot see this window's own pixels; save-unders will be served without readback confirmation
dbus-daemon[4132523]: [session uid=1000 pid=4132523 pidfd=4] Activating service name='org.freedesktop.systemd1' requested by ':1.4' (uid=1000 pid=4132667 comm="/usr/bin/dbus-broker-launch --config-file=/usr/sha")
dbus-daemon[4132523]: [session uid=1000 pid=4132523 pidfd=4] Activated service 'org.freedesktop.systemd1' failed: Process org.freedesktop.systemd1 exited with status 1
dbus-daemon[4132523]: [session uid=1000 pid=4132523 pidfd=4] Activating service name='org.freedesktop.systemd1' requested by ':1.4' (uid=1000 pid=4132667 comm="/usr/bin/dbus-broker-launch --config-file=/usr/sha")
dbus-daemon[4132523]: [session uid=1000 pid=4132523 pidfd=4] Activated service 'org.freedesktop.systemd1' failed: Process org.freedesktop.systemd1 exited with status 1
{"trial": "m-a1-r26-toggle-Wa", "outcome": "verified", "oracle_exact_match": true, "completion_mutations": 1, "routes": ["provider", "provider"], "loadavg_before": "2.33 2.54 4.40 2/2326 4157446"}
dbus-daemon[4132523]: [session uid=1000 pid=4132523 pidfd=4] Activating service name='org.freedesktop.systemd1' requested by ':1.4' (uid=1000 pid=4132667 comm="/usr/bin/dbus-broker-launch --config-file=/usr/sha")
dbus-daemon[4132523]: [session uid=1000 pid=4132523 pidfd=4] Activated service 'org.freedesktop.systemd1' failed: Process org.freedesktop.systemd1 exited with status 1
[2m2026-10-03T13:55:42.739730Z[0m [33m WARN[0m [2mcua_driver_sdk::runtime[0m[2m:[0m could not activate the persistent AT-SPI listener: AT-SPI connect failed: ZBus Error: MethodError(OwnedErrorName("org.freedesktop.DBus.Error.NameHasNoOwner"), Some("Could not activate remote peer 'org.a11y.atspi.Registry': unit failed"), Msg { type: Error, serial: 4294967295, sender: UniqueName("org.freedesktop.DBus"), reply-serial: 9, body: Str, fds: [] })
[2m2026-10-03T13:55:42.747573Z[0m [33m WARN[0m [2mplatform_linux::overlay[0m[2m:[0m X11 overlay: root reads cannot see this window's own pixels; save-unders will be served without readback confirmation
dbus-daemon[4132523]: [session uid=1000 pid=4132523 pidfd=4] Activating service name='org.freedesktop.systemd1' requested by ':1.4' (uid=1000 pid=4132667 comm="/usr/bin/dbus-broker-launch --config-file=/usr/sha")
dbus-daemon[4132523]: [session uid=1000 pid=4132523 pidfd=4] Activated service 'org.freedesktop.systemd1' failed: Process org.freedesktop.systemd1 exited with status 1
dbus-daemon[4132523]: [session uid=1000 pid=4132523 pidfd=4] Activating service name='org.freedesktop.systemd1' requested by ':1.4' (uid=1000 pid=4132667 comm="/usr/bin/dbus-broker-launch --config-file=/usr/sha")
dbus-daemon[4132523]: [session uid=1000 pid=4132523 pidfd=4] Activated service 'org.freedesktop.systemd1' failed: Process org.freedesktop.systemd1 exited with status 1
{"trial": "m-a1-r27-fill-P2", "outcome": "verified", "oracle_exact_match": true, "completion_mutations": 1, "routes": ["compiled"], "loadavg_before": "2.33 2.54 4.40 1/2323 4157713"}
dbus-daemon[4132523]: [session uid=1000 pid=4132523 pidfd=4] Activating service name='org.freedesktop.systemd1' requested by ':1.4' (uid=1000 pid=4132667 comm="/usr/bin/dbus-broker-launch --config-file=/usr/sha")
dbus-daemon[4132523]: [session uid=1000 pid=4132523 pidfd=4] Activated service 'org.freedesktop.systemd1' failed: Process org.freedesktop.systemd1 exited with status 1
[2m2026-10-03T13:55:44.250329Z[0m [33m WARN[0m [2mcua_driver_sdk::runtime[0m[2m:[0m could not activate the persistent AT-SPI listener: AT-SPI connect failed: ZBus Error: MethodError(OwnedErrorName("org.freedesktop.DBus.Error.NameHasNoOwner"), Some("Could not activate remote peer 'org.a11y.atspi.Registry': unit failed"), Msg { type: Error, serial: 4294967295, sender: UniqueName("org.freedesktop.DBus"), reply-serial: 9, body: Str, fds: [] })
[2m2026-10-03T13:55:44.256990Z[0m [33m WARN[0m [2mplatform_linux::overlay[0m[2m:[0m X11 overlay: root reads cannot see this window's own pixels; save-unders will be served without readback confirmation
dbus-daemon[4132523]: [session uid=1000 pid=4132523 pidfd=4] Activating service name='org.freedesktop.systemd1' requested by ':1.4' (uid=1000 pid=4132667 comm="/usr/bin/dbus-broker-launch --config-file=/usr/sha")
dbus-daemon[4132523]: [session uid=1000 pid=4132523 pidfd=4] Activated service 'org.freedesktop.systemd1' failed: Process org.freedesktop.systemd1 exited with status 1
dbus-daemon[4132523]: [session uid=1000 pid=4132523 pidfd=4] Activating service name='org.freedesktop.systemd1' requested by ':1.4' (uid=1000 pid=4132667 comm="/usr/bin/dbus-broker-launch --config-file=/usr/sha")
dbus-daemon[4132523]: [session uid=1000 pid=4132523 pidfd=4] Activated service 'org.freedesktop.systemd1' failed: Process org.freedesktop.systemd1 exited with status 1
{"trial": "m-a1-r27-fill-C", "outcome": "verified", "oracle_exact_match": true, "completion_mutations": 1, "routes": ["compiled"], "loadavg_before": "2.14 2.49 4.37 1/2323 4158008"}
dbus-daemon[4132523]: [session uid=1000 pid=4132523 pidfd=4] Activating service name='org.freedesktop.systemd1' requested by ':1.4' (uid=1000 pid=4132667 comm="/usr/bin/dbus-broker-launch --config-file=/usr/sha")
dbus-daemon[4132523]: [session uid=1000 pid=4132523 pidfd=4] Activated service 'org.freedesktop.systemd1' failed: Process org.freedesktop.systemd1 exited with status 1
[2m2026-10-03T13:55:45.741834Z[0m [33m WARN[0m [2mcua_driver_sdk::runtime[0m[2m:[0m could not activate the persistent AT-SPI listener: AT-SPI connect failed: ZBus Error: MethodError(OwnedErrorName("org.freedesktop.DBus.Error.NameHasNoOwner"), Some("Could not activate remote peer 'org.a11y.atspi.Registry': unit failed"), Msg { type: Error, serial: 4294967295, sender: UniqueName("org.freedesktop.DBus"), reply-serial: 9, body: Str, fds: [] })
[2m2026-10-03T13:55:45.749617Z[0m [33m WARN[0m [2mplatform_linux::overlay[0m[2m:[0m X11 overlay: root reads cannot see this window's own pixels; save-unders will be served without readback confirmation
dbus-daemon[4132523]: [session uid=1000 pid=4132523 pidfd=4] Activating service name='org.freedesktop.systemd1' requested by ':1.4' (uid=1000 pid=4132667 comm="/usr/bin/dbus-broker-launch --config-file=/usr/sha")
dbus-daemon[4132523]: [session uid=1000 pid=4132523 pidfd=4] Activated service 'org.freedesktop.systemd1' failed: Process org.freedesktop.systemd1 exited with status 1
dbus-daemon[4132523]: [session uid=1000 pid=4132523 pidfd=4] Activating service name='org.freedesktop.systemd1' requested by ':1.4' (uid=1000 pid=4132667 comm="/usr/bin/dbus-broker-launch --config-file=/usr/sha")
dbus-daemon[4132523]: [session uid=1000 pid=4132523 pidfd=4] Activated service 'org.freedesktop.systemd1' failed: Process org.freedesktop.systemd1 exited with status 1
{"trial": "m-a1-r27-fill-Wb", "outcome": "verified", "oracle_exact_match": true, "completion_mutations": 1, "routes": ["compiled"], "loadavg_before": "2.14 2.49 4.37 1/2357 4158436"}
dbus-daemon[4132523]: [session uid=1000 pid=4132523 pidfd=4] Activating service name='org.freedesktop.systemd1' requested by ':1.4' (uid=1000 pid=4132667 comm="/usr/bin/dbus-broker-launch --config-file=/usr/sha")
dbus-daemon[4132523]: [session uid=1000 pid=4132523 pidfd=4] Activated service 'org.freedesktop.systemd1' failed: Process org.freedesktop.systemd1 exited with status 1
[2m2026-10-03T13:55:47.241523Z[0m [33m WARN[0m [2mcua_driver_sdk::runtime[0m[2m:[0m could not activate the persistent AT-SPI listener: AT-SPI connect failed: ZBus Error: MethodError(OwnedErrorName("org.freedesktop.DBus.Error.NameHasNoOwner"), Some("Could not activate remote peer 'org.a11y.atspi.Registry': unit failed"), Msg { type: Error, serial: 4294967295, sender: UniqueName("org.freedesktop.DBus"), reply-serial: 9, body: Str, fds: [] })
[2m2026-10-03T13:55:47.248624Z[0m [33m WARN[0m [2mplatform_linux::overlay[0m[2m:[0m X11 overlay: root reads cannot see this window's own pixels; save-unders will be served without readback confirmation
dbus-daemon[4132523]: [session uid=1000 pid=4132523 pidfd=4] Activating service name='org.freedesktop.systemd1' requested by ':1.4' (uid=1000 pid=4132667 comm="/usr/bin/dbus-broker-launch --config-file=/usr/sha")
dbus-daemon[4132523]: [session uid=1000 pid=4132523 pidfd=4] Activated service 'org.freedesktop.systemd1' failed: Process org.freedesktop.systemd1 exited with status 1
dbus-daemon[4132523]: [session uid=1000 pid=4132523 pidfd=4] Activating service name='org.freedesktop.systemd1' requested by ':1.4' (uid=1000 pid=4132667 comm="/usr/bin/dbus-broker-launch --config-file=/usr/sha")
dbus-daemon[4132523]: [session uid=1000 pid=4132523 pidfd=4] Activated service 'org.freedesktop.systemd1' failed: Process org.freedesktop.systemd1 exited with status 1
{"trial": "m-a1-r27-fill-Wa", "outcome": "verified", "oracle_exact_match": true, "completion_mutations": 1, "routes": ["compiled"], "loadavg_before": "2.14 2.49 4.37 2/2325 4158756"}
dbus-daemon[4132523]: [session uid=1000 pid=4132523 pidfd=4] Activating service name='org.freedesktop.systemd1' requested by ':1.4' (uid=1000 pid=4132667 comm="/usr/bin/dbus-broker-launch --config-file=/usr/sha")
dbus-daemon[4132523]: [session uid=1000 pid=4132523 pidfd=4] Activated service 'org.freedesktop.systemd1' failed: Process org.freedesktop.systemd1 exited with status 1
[2m2026-10-03T13:55:48.743151Z[0m [33m WARN[0m [2mcua_driver_sdk::runtime[0m[2m:[0m could not activate the persistent AT-SPI listener: AT-SPI connect failed: ZBus Error: MethodError(OwnedErrorName("org.freedesktop.DBus.Error.NameHasNoOwner"), Some("Could not activate remote peer 'org.a11y.atspi.Registry': unit failed"), Msg { type: Error, serial: 4294967295, sender: UniqueName("org.freedesktop.DBus"), reply-serial: 9, body: Str, fds: [] })
[2m2026-10-03T13:55:48.750234Z[0m [33m WARN[0m [2mplatform_linux::overlay[0m[2m:[0m X11 overlay: root reads cannot see this window's own pixels; save-unders will be served without readback confirmation
dbus-daemon[4132523]: [session uid=1000 pid=4132523 pidfd=4] Activating service name='org.freedesktop.systemd1' requested by ':1.4' (uid=1000 pid=4132667 comm="/usr/bin/dbus-broker-launch --config-file=/usr/sha")
dbus-daemon[4132523]: [session uid=1000 pid=4132523 pidfd=4] Activated service 'org.freedesktop.systemd1' failed: Process org.freedesktop.systemd1 exited with status 1
dbus-daemon[4132523]: [session uid=1000 pid=4132523 pidfd=4] Activating service name='org.freedesktop.systemd1' requested by ':1.4' (uid=1000 pid=4132667 comm="/usr/bin/dbus-broker-launch --config-file=/usr/sha")
dbus-daemon[4132523]: [session uid=1000 pid=4132523 pidfd=4] Activated service 'org.freedesktop.systemd1' failed: Process org.freedesktop.systemd1 exited with status 1
{"trial": "m-a1-r27-toggle-C", "outcome": "verified", "oracle_exact_match": true, "completion_mutations": 1, "routes": ["provider", "provider"], "loadavg_before": "2.14 2.49 4.37 1/2323 4159107"}
dbus-daemon[4132523]: [session uid=1000 pid=4132523 pidfd=4] Activating service name='org.freedesktop.systemd1' requested by ':1.4' (uid=1000 pid=4132667 comm="/usr/bin/dbus-broker-launch --config-file=/usr/sha")
dbus-daemon[4132523]: [session uid=1000 pid=4132523 pidfd=4] Activated service 'org.freedesktop.systemd1' failed: Process org.freedesktop.systemd1 exited with status 1
[2m2026-10-03T13:55:49.833347Z[0m [33m WARN[0m [2mcua_driver_sdk::runtime[0m[2m:[0m could not activate the persistent AT-SPI listener: AT-SPI connect failed: ZBus Error: MethodError(OwnedErrorName("org.freedesktop.DBus.Error.NameHasNoOwner"), Some("Could not activate remote peer 'org.a11y.atspi.Registry': unit failed"), Msg { type: Error, serial: 4294967295, sender: UniqueName("org.freedesktop.DBus"), reply-serial: 9, body: Str, fds: [] })
[2m2026-10-03T13:55:49.840155Z[0m [33m WARN[0m [2mplatform_linux::overlay[0m[2m:[0m X11 overlay: root reads cannot see this window's own pixels; save-unders will be served without readback confirmation
dbus-daemon[4132523]: [session uid=1000 pid=4132523 pidfd=4] Activating service name='org.freedesktop.systemd1' requested by ':1.4' (uid=1000 pid=4132667 comm="/usr/bin/dbus-broker-launch --config-file=/usr/sha")
dbus-daemon[4132523]: [session uid=1000 pid=4132523 pidfd=4] Activated service 'org.freedesktop.systemd1' failed: Process org.freedesktop.systemd1 exited with status 1
dbus-daemon[4132523]: [session uid=1000 pid=4132523 pidfd=4] Activating service name='org.freedesktop.systemd1' requested by ':1.4' (uid=1000 pid=4132667 comm="/usr/bin/dbus-broker-launch --config-file=/usr/sha")
dbus-daemon[4132523]: [session uid=1000 pid=4132523 pidfd=4] Activated service 'org.freedesktop.systemd1' failed: Process org.freedesktop.systemd1 exited with status 1
{"trial": "m-a1-r27-toggle-Wa", "outcome": "verified", "oracle_exact_match": true, "completion_mutations": 1, "routes": ["provider", "provider"], "loadavg_before": "3.17 2.70 4.43 2/2297 4159422"}
dbus-daemon[4132523]: [session uid=1000 pid=4132523 pidfd=4] Activating service name='org.freedesktop.systemd1' requested by ':1.4' (uid=1000 pid=4132667 comm="/usr/bin/dbus-broker-launch --config-file=/usr/sha")
dbus-daemon[4132523]: [session uid=1000 pid=4132523 pidfd=4] Activated service 'org.freedesktop.systemd1' failed: Process org.freedesktop.systemd1 exited with status 1
[2m2026-10-03T13:55:50.959238Z[0m [33m WARN[0m [2mcua_driver_sdk::runtime[0m[2m:[0m could not activate the persistent AT-SPI listener: AT-SPI connect failed: ZBus Error: MethodError(OwnedErrorName("org.freedesktop.DBus.Error.NameHasNoOwner"), Some("Could not activate remote peer 'org.a11y.atspi.Registry': unit failed"), Msg { type: Error, serial: 4294967295, sender: UniqueName("org.freedesktop.DBus"), reply-serial: 9, body: Str, fds: [] })
[2m2026-10-03T13:55:50.966448Z[0m [33m WARN[0m [2mplatform_linux::overlay[0m[2m:[0m X11 overlay: root reads cannot see this window's own pixels; save-unders will be served without readback confirmation
dbus-daemon[4132523]: [session uid=1000 pid=4132523 pidfd=4] Activating service name='org.freedesktop.systemd1' requested by ':1.4' (uid=1000 pid=4132667 comm="/usr/bin/dbus-broker-launch --config-file=/usr/sha")
dbus-daemon[4132523]: [session uid=1000 pid=4132523 pidfd=4] Activated service 'org.freedesktop.systemd1' failed: Process org.freedesktop.systemd1 exited with status 1
dbus-daemon[4132523]: [session uid=1000 pid=4132523 pidfd=4] Activating service name='org.freedesktop.systemd1' requested by ':1.4' (uid=1000 pid=4132667 comm="/usr/bin/dbus-broker-launch --config-file=/usr/sha")
dbus-daemon[4132523]: [session uid=1000 pid=4132523 pidfd=4] Activated service 'org.freedesktop.systemd1' failed: Process org.freedesktop.systemd1 exited with status 1
{"trial": "m-a1-r27-toggle-P2", "outcome": "verified", "oracle_exact_match": true, "completion_mutations": 1, "routes": ["provider", "provider"], "loadavg_before": "3.17 2.70 4.43 2/2281 4159692"}
dbus-daemon[4132523]: [session uid=1000 pid=4132523 pidfd=4] Activating service name='org.freedesktop.systemd1' requested by ':1.4' (uid=1000 pid=4132667 comm="/usr/bin/dbus-broker-launch --config-file=/usr/sha")
dbus-daemon[4132523]: [session uid=1000 pid=4132523 pidfd=4] Activated service 'org.freedesktop.systemd1' failed: Process org.freedesktop.systemd1 exited with status 1
[2m2026-10-03T13:55:52.091770Z[0m [33m WARN[0m [2mcua_driver_sdk::runtime[0m[2m:[0m could not activate the persistent AT-SPI listener: AT-SPI connect failed: ZBus Error: MethodError(OwnedErrorName("org.freedesktop.DBus.Error.NameHasNoOwner"), Some("Could not activate remote peer 'org.a11y.atspi.Registry': unit failed"), Msg { type: Error, serial: 4294967295, sender: UniqueName("org.freedesktop.DBus"), reply-serial: 9, body: Str, fds: [] })
[2m2026-10-03T13:55:52.098483Z[0m [33m WARN[0m [2mplatform_linux::overlay[0m[2m:[0m X11 overlay: root reads cannot see this window's own pixels; save-unders will be served without readback confirmation
dbus-daemon[4132523]: [session uid=1000 pid=4132523 pidfd=4] Activating service name='org.freedesktop.systemd1' requested by ':1.4' (uid=1000 pid=4132667 comm="/usr/bin/dbus-broker-launch --config-file=/usr/sha")
dbus-daemon[4132523]: [session uid=1000 pid=4132523 pidfd=4] Activated service 'org.freedesktop.systemd1' failed: Process org.freedesktop.systemd1 exited with status 1
dbus-daemon[4132523]: [session uid=1000 pid=4132523 pidfd=4] Activating service name='org.freedesktop.systemd1' requested by ':1.4' (uid=1000 pid=4132667 comm="/usr/bin/dbus-broker-launch --config-file=/usr/sha")
dbus-daemon[4132523]: [session uid=1000 pid=4132523 pidfd=4] Activated service 'org.freedesktop.systemd1' failed: Process org.freedesktop.systemd1 exited with status 1
{"trial": "m-a1-r27-toggle-Wb", "outcome": "verified", "oracle_exact_match": true, "completion_mutations": 1, "routes": ["provider", "provider"], "loadavg_before": "3.17 2.70 4.43 1/2282 4159975"}
dbus-daemon[4132523]: [session uid=1000 pid=4132523 pidfd=4] Activating service name='org.freedesktop.systemd1' requested by ':1.4' (uid=1000 pid=4132667 comm="/usr/bin/dbus-broker-launch --config-file=/usr/sha")
dbus-daemon[4132523]: [session uid=1000 pid=4132523 pidfd=4] Activated service 'org.freedesktop.systemd1' failed: Process org.freedesktop.systemd1 exited with status 1
[2m2026-10-03T13:55:53.210977Z[0m [33m WARN[0m [2mcua_driver_sdk::runtime[0m[2m:[0m could not activate the persistent AT-SPI listener: AT-SPI connect failed: ZBus Error: MethodError(OwnedErrorName("org.freedesktop.DBus.Error.NameHasNoOwner"), Some("Could not activate remote peer 'org.a11y.atspi.Registry': unit failed"), Msg { type: Error, serial: 4294967295, sender: UniqueName("org.freedesktop.DBus"), reply-serial: 9, body: Str, fds: [] })
[2m2026-10-03T13:55:53.218086Z[0m [33m WARN[0m [2mplatform_linux::overlay[0m[2m:[0m X11 overlay: root reads cannot see this window's own pixels; save-unders will be served without readback confirmation
dbus-daemon[4132523]: [session uid=1000 pid=4132523 pidfd=4] Activating service name='org.freedesktop.systemd1' requested by ':1.4' (uid=1000 pid=4132667 comm="/usr/bin/dbus-broker-launch --config-file=/usr/sha")
dbus-daemon[4132523]: [session uid=1000 pid=4132523 pidfd=4] Activated service 'org.freedesktop.systemd1' failed: Process org.freedesktop.systemd1 exited with status 1
dbus-daemon[4132523]: [session uid=1000 pid=4132523 pidfd=4] Activating service name='org.freedesktop.systemd1' requested by ':1.4' (uid=1000 pid=4132667 comm="/usr/bin/dbus-broker-launch --config-file=/usr/sha")
dbus-daemon[4132523]: [session uid=1000 pid=4132523 pidfd=4] Activated service 'org.freedesktop.systemd1' failed: Process org.freedesktop.systemd1 exited with status 1
{"trial": "m-a1-r27-modal-Wa", "outcome": "verified", "oracle_exact_match": true, "completion_mutations": 1, "routes": ["provider", "provider"], "loadavg_before": "3.17 2.70 4.43 1/2281 4160239"}
dbus-daemon[4132523]: [session uid=1000 pid=4132523 pidfd=4] Activating service name='org.freedesktop.systemd1' requested by ':1.4' (uid=1000 pid=4132667 comm="/usr/bin/dbus-broker-launch --config-file=/usr/sha")
dbus-daemon[4132523]: [session uid=1000 pid=4132523 pidfd=4] Activated service 'org.freedesktop.systemd1' failed: Process org.freedesktop.systemd1 exited with status 1
[2m2026-10-03T13:55:54.324894Z[0m [33m WARN[0m [2mcua_driver_sdk::runtime[0m[2m:[0m could not activate the persistent AT-SPI listener: AT-SPI connect failed: ZBus Error: MethodError(OwnedErrorName("org.freedesktop.DBus.Error.NameHasNoOwner"), Some("Could not activate remote peer 'org.a11y.atspi.Registry': unit failed"), Msg { type: Error, serial: 4294967295, sender: UniqueName("org.freedesktop.DBus"), reply-serial: 9, body: Str, fds: [] })
[2m2026-10-03T13:55:54.331634Z[0m [33m WARN[0m [2mplatform_linux::overlay[0m[2m:[0m X11 overlay: root reads cannot see this window's own pixels; save-unders will be served without readback confirmation
dbus-daemon[4132523]: [session uid=1000 pid=4132523 pidfd=4] Activating service name='org.freedesktop.systemd1' requested by ':1.4' (uid=1000 pid=4132667 comm="/usr/bin/dbus-broker-launch --config-file=/usr/sha")
dbus-daemon[4132523]: [session uid=1000 pid=4132523 pidfd=4] Activated service 'org.freedesktop.systemd1' failed: Process org.freedesktop.systemd1 exited with status 1
dbus-daemon[4132523]: [session uid=1000 pid=4132523 pidfd=4] Activating service name='org.freedesktop.systemd1' requested by ':1.4' (uid=1000 pid=4132667 comm="/usr/bin/dbus-broker-launch --config-file=/usr/sha")
dbus-daemon[4132523]: [session uid=1000 pid=4132523 pidfd=4] Activated service 'org.freedesktop.systemd1' failed: Process org.freedesktop.systemd1 exited with status 1
{"trial": "m-a1-r27-modal-Wb", "outcome": "verified", "oracle_exact_match": true, "completion_mutations": 1, "routes": ["provider", "provider"], "loadavg_before": "2.92 2.66 4.41 2/2285 4160530"}
dbus-daemon[4132523]: [session uid=1000 pid=4132523 pidfd=4] Activating service name='org.freedesktop.systemd1' requested by ':1.4' (uid=1000 pid=4132667 comm="/usr/bin/dbus-broker-launch --config-file=/usr/sha")
dbus-daemon[4132523]: [session uid=1000 pid=4132523 pidfd=4] Activated service 'org.freedesktop.systemd1' failed: Process org.freedesktop.systemd1 exited with status 1
[2m2026-10-03T13:55:55.443322Z[0m [33m WARN[0m [2mcua_driver_sdk::runtime[0m[2m:[0m could not activate the persistent AT-SPI listener: AT-SPI connect failed: ZBus Error: MethodError(OwnedErrorName("org.freedesktop.DBus.Error.NameHasNoOwner"), Some("Could not activate remote peer 'org.a11y.atspi.Registry': unit failed"), Msg { type: Error, serial: 4294967295, sender: UniqueName("org.freedesktop.DBus"), reply-serial: 9, body: Str, fds: [] })
[2m2026-10-03T13:55:55.450505Z[0m [33m WARN[0m [2mplatform_linux::overlay[0m[2m:[0m X11 overlay: root reads cannot see this window's own pixels; save-unders will be served without readback confirmation
dbus-daemon[4132523]: [session uid=1000 pid=4132523 pidfd=4] Activating service name='org.freedesktop.systemd1' requested by ':1.4' (uid=1000 pid=4132667 comm="/usr/bin/dbus-broker-launch --config-file=/usr/sha")
dbus-daemon[4132523]: [session uid=1000 pid=4132523 pidfd=4] Activated service 'org.freedesktop.systemd1' failed: Process org.freedesktop.systemd1 exited with status 1
dbus-daemon[4132523]: [session uid=1000 pid=4132523 pidfd=4] Activating service name='org.freedesktop.systemd1' requested by ':1.4' (uid=1000 pid=4132667 comm="/usr/bin/dbus-broker-launch --config-file=/usr/sha")
dbus-daemon[4132523]: [session uid=1000 pid=4132523 pidfd=4] Activated service 'org.freedesktop.systemd1' failed: Process org.freedesktop.systemd1 exited with status 1
{"trial": "m-a1-r27-modal-C", "outcome": "verified", "oracle_exact_match": true, "completion_mutations": 1, "routes": ["provider", "provider"], "loadavg_before": "2.92 2.66 4.41 1/2282 4160813"}
dbus-daemon[4132523]: [session uid=1000 pid=4132523 pidfd=4] Activating service name='org.freedesktop.systemd1' requested by ':1.4' (uid=1000 pid=4132667 comm="/usr/bin/dbus-broker-launch --config-file=/usr/sha")
dbus-daemon[4132523]: [session uid=1000 pid=4132523 pidfd=4] Activated service 'org.freedesktop.systemd1' failed: Process org.freedesktop.systemd1 exited with status 1
[2m2026-10-03T13:55:56.553112Z[0m [33m WARN[0m [2mcua_driver_sdk::runtime[0m[2m:[0m could not activate the persistent AT-SPI listener: AT-SPI connect failed: ZBus Error: MethodError(OwnedErrorName("org.freedesktop.DBus.Error.NameHasNoOwner"), Some("Could not activate remote peer 'org.a11y.atspi.Registry': unit failed"), Msg { type: Error, serial: 4294967295, sender: UniqueName("org.freedesktop.DBus"), reply-serial: 9, body: Str, fds: [] })
[2m2026-10-03T13:55:56.560170Z[0m [33m WARN[0m [2mplatform_linux::overlay[0m[2m:[0m X11 overlay: root reads cannot see this window's own pixels; save-unders will be served without readback confirmation
dbus-daemon[4132523]: [session uid=1000 pid=4132523 pidfd=4] Activating service name='org.freedesktop.systemd1' requested by ':1.4' (uid=1000 pid=4132667 comm="/usr/bin/dbus-broker-launch --config-file=/usr/sha")
dbus-daemon[4132523]: [session uid=1000 pid=4132523 pidfd=4] Activated service 'org.freedesktop.systemd1' failed: Process org.freedesktop.systemd1 exited with status 1
dbus-daemon[4132523]: [session uid=1000 pid=4132523 pidfd=4] Activating service name='org.freedesktop.systemd1' requested by ':1.4' (uid=1000 pid=4132667 comm="/usr/bin/dbus-broker-launch --config-file=/usr/sha")
dbus-daemon[4132523]: [session uid=1000 pid=4132523 pidfd=4] Activated service 'org.freedesktop.systemd1' failed: Process org.freedesktop.systemd1 exited with status 1
{"trial": "m-a1-r27-modal-P2", "outcome": "verified", "oracle_exact_match": true, "completion_mutations": 1, "routes": ["provider", "provider"], "loadavg_before": "2.92 2.66 4.41 2/2280 4161276"}
dbus-daemon[4132523]: [session uid=1000 pid=4132523 pidfd=4] Activating service name='org.freedesktop.systemd1' requested by ':1.4' (uid=1000 pid=4132667 comm="/usr/bin/dbus-broker-launch --config-file=/usr/sha")
dbus-daemon[4132523]: [session uid=1000 pid=4132523 pidfd=4] Activated service 'org.freedesktop.systemd1' failed: Process org.freedesktop.systemd1 exited with status 1
[2m2026-10-03T13:55:57.698564Z[0m [33m WARN[0m [2mcua_driver_sdk::runtime[0m[2m:[0m could not activate the persistent AT-SPI listener: AT-SPI connect failed: ZBus Error: MethodError(OwnedErrorName("org.freedesktop.DBus.Error.NameHasNoOwner"), Some("Could not activate remote peer 'org.a11y.atspi.Registry': unit failed"), Msg { type: Error, serial: 4294967295, sender: UniqueName("org.freedesktop.DBus"), reply-serial: 9, body: Str, fds: [] })
[2m2026-10-03T13:55:57.705611Z[0m [33m WARN[0m [2mplatform_linux::overlay[0m[2m:[0m X11 overlay: root reads cannot see this window's own pixels; save-unders will be served without readback confirmation
dbus-daemon[4132523]: [session uid=1000 pid=4132523 pidfd=4] Activating service name='org.freedesktop.systemd1' requested by ':1.4' (uid=1000 pid=4132667 comm="/usr/bin/dbus-broker-launch --config-file=/usr/sha")
dbus-daemon[4132523]: [session uid=1000 pid=4132523 pidfd=4] Activated service 'org.freedesktop.systemd1' failed: Process org.freedesktop.systemd1 exited with status 1
dbus-daemon[4132523]: [session uid=1000 pid=4132523 pidfd=4] Activating service name='org.freedesktop.systemd1' requested by ':1.4' (uid=1000 pid=4132667 comm="/usr/bin/dbus-broker-launch --config-file=/usr/sha")
dbus-daemon[4132523]: [session uid=1000 pid=4132523 pidfd=4] Activated service 'org.freedesktop.systemd1' failed: Process org.freedesktop.systemd1 exited with status 1
{"trial": "m-a1-r28-toggle-Wa", "outcome": "verified", "oracle_exact_match": true, "completion_mutations": 1, "routes": ["provider", "provider"], "loadavg_before": "2.92 2.66 4.41 1/2277 4161534"}
dbus-daemon[4132523]: [session uid=1000 pid=4132523 pidfd=4] Activating service name='org.freedesktop.systemd1' requested by ':1.4' (uid=1000 pid=4132667 comm="/usr/bin/dbus-broker-launch --config-file=/usr/sha")
dbus-daemon[4132523]: [session uid=1000 pid=4132523 pidfd=4] Activated service 'org.freedesktop.systemd1' failed: Process org.freedesktop.systemd1 exited with status 1
[2m2026-10-03T13:55:58.827663Z[0m [33m WARN[0m [2mcua_driver_sdk::runtime[0m[2m:[0m could not activate the persistent AT-SPI listener: AT-SPI connect failed: ZBus Error: MethodError(OwnedErrorName("org.freedesktop.DBus.Error.NameHasNoOwner"), Some("Could not activate remote peer 'org.a11y.atspi.Registry': unit failed"), Msg { type: Error, serial: 4294967295, sender: UniqueName("org.freedesktop.DBus"), reply-serial: 9, body: Str, fds: [] })
[2m2026-10-03T13:55:58.834454Z[0m [33m WARN[0m [2mplatform_linux::overlay[0m[2m:[0m X11 overlay: root reads cannot see this window's own pixels; save-unders will be served without readback confirmation
dbus-daemon[4132523]: [session uid=1000 pid=4132523 pidfd=4] Activating service name='org.freedesktop.systemd1' requested by ':1.4' (uid=1000 pid=4132667 comm="/usr/bin/dbus-broker-launch --config-file=/usr/sha")
dbus-daemon[4132523]: [session uid=1000 pid=4132523 pidfd=4] Activated service 'org.freedesktop.systemd1' failed: Process org.freedesktop.systemd1 exited with status 1
dbus-daemon[4132523]: [session uid=1000 pid=4132523 pidfd=4] Activating service name='org.freedesktop.systemd1' requested by ':1.4' (uid=1000 pid=4132667 comm="/usr/bin/dbus-broker-launch --config-file=/usr/sha")
dbus-daemon[4132523]: [session uid=1000 pid=4132523 pidfd=4] Activated service 'org.freedesktop.systemd1' failed: Process org.freedesktop.systemd1 exited with status 1
{"trial": "m-a1-r28-toggle-Wb", "outcome": "verified", "oracle_exact_match": true, "completion_mutations": 1, "routes": ["provider", "provider"], "loadavg_before": "2.92 2.66 4.41 2/2279 4161819"}
dbus-daemon[4132523]: [session uid=1000 pid=4132523 pidfd=4] Activating service name='org.freedesktop.systemd1' requested by ':1.4' (uid=1000 pid=4132667 comm="/usr/bin/dbus-broker-launch --config-file=/usr/sha")
dbus-daemon[4132523]: [session uid=1000 pid=4132523 pidfd=4] Activated service 'org.freedesktop.systemd1' failed: Process org.freedesktop.systemd1 exited with status 1
[2m2026-10-03T13:55:59.966801Z[0m [33m WARN[0m [2mcua_driver_sdk::runtime[0m[2m:[0m could not activate the persistent AT-SPI listener: AT-SPI connect failed: ZBus Error: MethodError(OwnedErrorName("org.freedesktop.DBus.Error.NameHasNoOwner"), Some("Could not activate remote peer 'org.a11y.atspi.Registry': unit failed"), Msg { type: Error, serial: 4294967295, sender: UniqueName("org.freedesktop.DBus"), reply-serial: 9, body: Str, fds: [] })
[2m2026-10-03T13:55:59.975650Z[0m [33m WARN[0m [2mplatform_linux::overlay[0m[2m:[0m X11 overlay: root reads cannot see this window's own pixels; save-unders will be served without readback confirmation
dbus-daemon[4132523]: [session uid=1000 pid=4132523 pidfd=4] Activating service name='org.freedesktop.systemd1' requested by ':1.4' (uid=1000 pid=4132667 comm="/usr/bin/dbus-broker-launch --config-file=/usr/sha")
dbus-daemon[4132523]: [session uid=1000 pid=4132523 pidfd=4] Activated service 'org.freedesktop.systemd1' failed: Process org.freedesktop.systemd1 exited with status 1
dbus-daemon[4132523]: [session uid=1000 pid=4132523 pidfd=4] Activating service name='org.freedesktop.systemd1' requested by ':1.4' (uid=1000 pid=4132667 comm="/usr/bin/dbus-broker-launch --config-file=/usr/sha")
dbus-daemon[4132523]: [session uid=1000 pid=4132523 pidfd=4] Activated service 'org.freedesktop.systemd1' failed: Process org.freedesktop.systemd1 exited with status 1
{"trial": "m-a1-r28-toggle-C", "outcome": "verified", "oracle_exact_match": true, "completion_mutations": 1, "routes": ["provider", "provider"], "loadavg_before": "2.92 2.66 4.40 1/2281 4162080"}
dbus-daemon[4132523]: [session uid=1000 pid=4132523 pidfd=4] Activating service name='org.freedesktop.systemd1' requested by ':1.4' (uid=1000 pid=4132667 comm="/usr/bin/dbus-broker-launch --config-file=/usr/sha")
dbus-daemon[4132523]: [session uid=1000 pid=4132523 pidfd=4] Activated service 'org.freedesktop.systemd1' failed: Process org.freedesktop.systemd1 exited with status 1
[2m2026-10-03T13:56:01.121034Z[0m [33m WARN[0m [2mcua_driver_sdk::runtime[0m[2m:[0m could not activate the persistent AT-SPI listener: AT-SPI connect failed: ZBus Error: MethodError(OwnedErrorName("org.freedesktop.DBus.Error.NameHasNoOwner"), Some("Could not activate remote peer 'org.a11y.atspi.Registry': unit failed"), Msg { type: Error, serial: 4294967295, sender: UniqueName("org.freedesktop.DBus"), reply-serial: 9, body: Str, fds: [] })
[2m2026-10-03T13:56:01.128820Z[0m [33m WARN[0m [2mplatform_linux::overlay[0m[2m:[0m X11 overlay: root reads cannot see this window's own pixels; save-unders will be served without readback confirmation
dbus-daemon[4132523]: [session uid=1000 pid=4132523 pidfd=4] Activating service name='org.freedesktop.systemd1' requested by ':1.4' (uid=1000 pid=4132667 comm="/usr/bin/dbus-broker-launch --config-file=/usr/sha")
dbus-daemon[4132523]: [session uid=1000 pid=4132523 pidfd=4] Activated service 'org.freedesktop.systemd1' failed: Process org.freedesktop.systemd1 exited with status 1
dbus-daemon[4132523]: [session uid=1000 pid=4132523 pidfd=4] Activating service name='org.freedesktop.systemd1' requested by ':1.4' (uid=1000 pid=4132667 comm="/usr/bin/dbus-broker-launch --config-file=/usr/sha")
dbus-daemon[4132523]: [session uid=1000 pid=4132523 pidfd=4] Activated service 'org.freedesktop.systemd1' failed: Process org.freedesktop.systemd1 exited with status 1
{"trial": "m-a1-r28-toggle-P2", "outcome": "verified", "oracle_exact_match": true, "completion_mutations": 1, "routes": ["provider", "provider"], "loadavg_before": "2.92 2.66 4.40 1/2287 4162382"}
dbus-daemon[4132523]: [session uid=1000 pid=4132523 pidfd=4] Activating service name='org.freedesktop.systemd1' requested by ':1.4' (uid=1000 pid=4132667 comm="/usr/bin/dbus-broker-launch --config-file=/usr/sha")
dbus-daemon[4132523]: [session uid=1000 pid=4132523 pidfd=4] Activated service 'org.freedesktop.systemd1' failed: Process org.freedesktop.systemd1 exited with status 1
[2m2026-10-03T13:56:02.259786Z[0m [33m WARN[0m [2mcua_driver_sdk::runtime[0m[2m:[0m could not activate the persistent AT-SPI listener: AT-SPI connect failed: ZBus Error: MethodError(OwnedErrorName("org.freedesktop.DBus.Error.NameHasNoOwner"), Some("Could not activate remote peer 'org.a11y.atspi.Registry': unit failed"), Msg { type: Error, serial: 4294967295, sender: UniqueName("org.freedesktop.DBus"), reply-serial: 9, body: Str, fds: [] })
[2m2026-10-03T13:56:02.267307Z[0m [33m WARN[0m [2mplatform_linux::overlay[0m[2m:[0m X11 overlay: root reads cannot see this window's own pixels; save-unders will be served without readback confirmation
dbus-daemon[4132523]: [session uid=1000 pid=4132523 pidfd=4] Activating service name='org.freedesktop.systemd1' requested by ':1.4' (uid=1000 pid=4132667 comm="/usr/bin/dbus-broker-launch --config-file=/usr/sha")
dbus-daemon[4132523]: [session uid=1000 pid=4132523 pidfd=4] Activated service 'org.freedesktop.systemd1' failed: Process org.freedesktop.systemd1 exited with status 1
dbus-daemon[4132523]: [session uid=1000 pid=4132523 pidfd=4] Activating service name='org.freedesktop.systemd1' requested by ':1.4' (uid=1000 pid=4132667 comm="/usr/bin/dbus-broker-launch --config-file=/usr/sha")
dbus-daemon[4132523]: [session uid=1000 pid=4132523 pidfd=4] Activated service 'org.freedesktop.systemd1' failed: Process org.freedesktop.systemd1 exited with status 1
{"trial": "m-a1-r28-modal-Wb", "outcome": "verified", "oracle_exact_match": true, "completion_mutations": 1, "routes": ["provider", "provider"], "loadavg_before": "2.92 2.66 4.40 1/2282 4162662"}
dbus-daemon[4132523]: [session uid=1000 pid=4132523 pidfd=4] Activating service name='org.freedesktop.systemd1' requested by ':1.4' (uid=1000 pid=4132667 comm="/usr/bin/dbus-broker-launch --config-file=/usr/sha")
dbus-daemon[4132523]: [session uid=1000 pid=4132523 pidfd=4] Activated service 'org.freedesktop.systemd1' failed: Process org.freedesktop.systemd1 exited with status 1
[2m2026-10-03T13:56:03.392023Z[0m [33m WARN[0m [2mcua_driver_sdk::runtime[0m[2m:[0m could not activate the persistent AT-SPI listener: AT-SPI connect failed: ZBus Error: MethodError(OwnedErrorName("org.freedesktop.DBus.Error.NameHasNoOwner"), Some("Could not activate remote peer 'org.a11y.atspi.Registry': unit failed"), Msg { type: Error, serial: 4294967295, sender: UniqueName("org.freedesktop.DBus"), reply-serial: 9, body: Str, fds: [] })
[2m2026-10-03T13:56:03.400088Z[0m [33m WARN[0m [2mplatform_linux::overlay[0m[2m:[0m X11 overlay: root reads cannot see this window's own pixels; save-unders will be served without readback confirmation
dbus-daemon[4132523]: [session uid=1000 pid=4132523 pidfd=4] Activating service name='org.freedesktop.systemd1' requested by ':1.4' (uid=1000 pid=4132667 comm="/usr/bin/dbus-broker-launch --config-file=/usr/sha")
dbus-daemon[4132523]: [session uid=1000 pid=4132523 pidfd=4] Activated service 'org.freedesktop.systemd1' failed: Process org.freedesktop.systemd1 exited with status 1
dbus-daemon[4132523]: [session uid=1000 pid=4132523 pidfd=4] Activating service name='org.freedesktop.systemd1' requested by ':1.4' (uid=1000 pid=4132667 comm="/usr/bin/dbus-broker-launch --config-file=/usr/sha")
dbus-daemon[4132523]: [session uid=1000 pid=4132523 pidfd=4] Activated service 'org.freedesktop.systemd1' failed: Process org.freedesktop.systemd1 exited with status 1
{"trial": "m-a1-r28-modal-P2", "outcome": "verified", "oracle_exact_match": true, "completion_mutations": 1, "routes": ["provider", "provider"], "loadavg_before": "2.92 2.66 4.40 2/2284 4162922"}
dbus-daemon[4132523]: [session uid=1000 pid=4132523 pidfd=4] Activating service name='org.freedesktop.systemd1' requested by ':1.4' (uid=1000 pid=4132667 comm="/usr/bin/dbus-broker-launch --config-file=/usr/sha")
dbus-daemon[4132523]: [session uid=1000 pid=4132523 pidfd=4] Activated service 'org.freedesktop.systemd1' failed: Process org.freedesktop.systemd1 exited with status 1
[2m2026-10-03T13:56:04.535000Z[0m [33m WARN[0m [2mcua_driver_sdk::runtime[0m[2m:[0m could not activate the persistent AT-SPI listener: AT-SPI connect failed: ZBus Error: MethodError(OwnedErrorName("org.freedesktop.DBus.Error.NameHasNoOwner"), Some("Could not activate remote peer 'org.a11y.atspi.Registry': unit failed"), Msg { type: Error, serial: 4294967295, sender: UniqueName("org.freedesktop.DBus"), reply-serial: 9, body: Str, fds: [] })
[2m2026-10-03T13:56:04.542217Z[0m [33m WARN[0m [2mplatform_linux::overlay[0m[2m:[0m X11 overlay: root reads cannot see this window's own pixels; save-unders will be served without readback confirmation
dbus-daemon[4132523]: [session uid=1000 pid=4132523 pidfd=4] Activating service name='org.freedesktop.systemd1' requested by ':1.4' (uid=1000 pid=4132667 comm="/usr/bin/dbus-broker-launch --config-file=/usr/sha")
dbus-daemon[4132523]: [session uid=1000 pid=4132523 pidfd=4] Activated service 'org.freedesktop.systemd1' failed: Process org.freedesktop.systemd1 exited with status 1
dbus-daemon[4132523]: [session uid=1000 pid=4132523 pidfd=4] Activating service name='org.freedesktop.systemd1' requested by ':1.4' (uid=1000 pid=4132667 comm="/usr/bin/dbus-broker-launch --config-file=/usr/sha")
dbus-daemon[4132523]: [session uid=1000 pid=4132523 pidfd=4] Activated service 'org.freedesktop.systemd1' failed: Process org.freedesktop.systemd1 exited with status 1
{"trial": "m-a1-r28-modal-Wa", "outcome": "verified", "oracle_exact_match": true, "completion_mutations": 1, "routes": ["provider", "provider"], "loadavg_before": "2.69 2.62 4.37 1/2287 4163207"}
dbus-daemon[4132523]: [session uid=1000 pid=4132523 pidfd=4] Activating service name='org.freedesktop.systemd1' requested by ':1.4' (uid=1000 pid=4132667 comm="/usr/bin/dbus-broker-launch --config-file=/usr/sha")
dbus-daemon[4132523]: [session uid=1000 pid=4132523 pidfd=4] Activated service 'org.freedesktop.systemd1' failed: Process org.freedesktop.systemd1 exited with status 1
[2m2026-10-03T13:56:05.675957Z[0m [33m WARN[0m [2mcua_driver_sdk::runtime[0m[2m:[0m could not activate the persistent AT-SPI listener: AT-SPI connect failed: ZBus Error: MethodError(OwnedErrorName("org.freedesktop.DBus.Error.NameHasNoOwner"), Some("Could not activate remote peer 'org.a11y.atspi.Registry': unit failed"), Msg { type: Error, serial: 4294967295, sender: UniqueName("org.freedesktop.DBus"), reply-serial: 9, body: Str, fds: [] })
[2m2026-10-03T13:56:05.683811Z[0m [33m WARN[0m [2mplatform_linux::overlay[0m[2m:[0m X11 overlay: root reads cannot see this window's own pixels; save-unders will be served without readback confirmation
dbus-daemon[4132523]: [session uid=1000 pid=4132523 pidfd=4] Activating service name='org.freedesktop.systemd1' requested by ':1.4' (uid=1000 pid=4132667 comm="/usr/bin/dbus-broker-launch --config-file=/usr/sha")
dbus-daemon[4132523]: [session uid=1000 pid=4132523 pidfd=4] Activated service 'org.freedesktop.systemd1' failed: Process org.freedesktop.systemd1 exited with status 1
dbus-daemon[4132523]: [session uid=1000 pid=4132523 pidfd=4] Activating service name='org.freedesktop.systemd1' requested by ':1.4' (uid=1000 pid=4132667 comm="/usr/bin/dbus-broker-launch --config-file=/usr/sha")
dbus-daemon[4132523]: [session uid=1000 pid=4132523 pidfd=4] Activated service 'org.freedesktop.systemd1' failed: Process org.freedesktop.systemd1 exited with status 1
{"trial": "m-a1-r28-modal-C", "outcome": "verified", "oracle_exact_match": true, "completion_mutations": 1, "routes": ["provider", "provider"], "loadavg_before": "2.69 2.62 4.37 1/2288 4163511"}
dbus-daemon[4132523]: [session uid=1000 pid=4132523 pidfd=4] Activating service name='org.freedesktop.systemd1' requested by ':1.4' (uid=1000 pid=4132667 comm="/usr/bin/dbus-broker-launch --config-file=/usr/sha")
dbus-daemon[4132523]: [session uid=1000 pid=4132523 pidfd=4] Activated service 'org.freedesktop.systemd1' failed: Process org.freedesktop.systemd1 exited with status 1
[2m2026-10-03T13:56:06.777981Z[0m [33m WARN[0m [2mcua_driver_sdk::runtime[0m[2m:[0m could not activate the persistent AT-SPI listener: AT-SPI connect failed: ZBus Error: MethodError(OwnedErrorName("org.freedesktop.DBus.Error.NameHasNoOwner"), Some("Could not activate remote peer 'org.a11y.atspi.Registry': unit failed"), Msg { type: Error, serial: 4294967295, sender: UniqueName("org.freedesktop.DBus"), reply-serial: 9, body: Str, fds: [] })
[2m2026-10-03T13:56:06.784846Z[0m [33m WARN[0m [2mplatform_linux::overlay[0m[2m:[0m X11 overlay: root reads cannot see this window's own pixels; save-unders will be served without readback confirmation
dbus-daemon[4132523]: [session uid=1000 pid=4132523 pidfd=4] Activating service name='org.freedesktop.systemd1' requested by ':1.4' (uid=1000 pid=4132667 comm="/usr/bin/dbus-broker-launch --config-file=/usr/sha")
dbus-daemon[4132523]: [session uid=1000 pid=4132523 pidfd=4] Activated service 'org.freedesktop.systemd1' failed: Process org.freedesktop.systemd1 exited with status 1
dbus-daemon[4132523]: [session uid=1000 pid=4132523 pidfd=4] Activating service name='org.freedesktop.systemd1' requested by ':1.4' (uid=1000 pid=4132667 comm="/usr/bin/dbus-broker-launch --config-file=/usr/sha")
dbus-daemon[4132523]: [session uid=1000 pid=4132523 pidfd=4] Activated service 'org.freedesktop.systemd1' failed: Process org.freedesktop.systemd1 exited with status 1
{"trial": "m-a1-r28-fill-C", "outcome": "verified", "oracle_exact_match": true, "completion_mutations": 1, "routes": ["compiled"], "loadavg_before": "2.69 2.62 4.37 2/2288 4163793"}
dbus-daemon[4132523]: [session uid=1000 pid=4132523 pidfd=4] Activating service name='org.freedesktop.systemd1' requested by ':1.4' (uid=1000 pid=4132667 comm="/usr/bin/dbus-broker-launch --config-file=/usr/sha")
dbus-daemon[4132523]: [session uid=1000 pid=4132523 pidfd=4] Activated service 'org.freedesktop.systemd1' failed: Process org.freedesktop.systemd1 exited with status 1
[2m2026-10-03T13:56:08.279161Z[0m [33m WARN[0m [2mcua_driver_sdk::runtime[0m[2m:[0m could not activate the persistent AT-SPI listener: AT-SPI connect failed: ZBus Error: MethodError(OwnedErrorName("org.freedesktop.DBus.Error.NameHasNoOwner"), Some("Could not activate remote peer 'org.a11y.atspi.Registry': unit failed"), Msg { type: Error, serial: 4294967295, sender: UniqueName("org.freedesktop.DBus"), reply-serial: 9, body: Str, fds: [] })
[2m2026-10-03T13:56:08.288149Z[0m [33m WARN[0m [2mplatform_linux::overlay[0m[2m:[0m X11 overlay: root reads cannot see this window's own pixels; save-unders will be served without readback confirmation
dbus-daemon[4132523]: [session uid=1000 pid=4132523 pidfd=4] Activating service name='org.freedesktop.systemd1' requested by ':1.4' (uid=1000 pid=4132667 comm="/usr/bin/dbus-broker-launch --config-file=/usr/sha")
dbus-daemon[4132523]: [session uid=1000 pid=4132523 pidfd=4] Activated service 'org.freedesktop.systemd1' failed: Process org.freedesktop.systemd1 exited with status 1
dbus-daemon[4132523]: [session uid=1000 pid=4132523 pidfd=4] Activating service name='org.freedesktop.systemd1' requested by ':1.4' (uid=1000 pid=4132667 comm="/usr/bin/dbus-broker-launch --config-file=/usr/sha")
dbus-daemon[4132523]: [session uid=1000 pid=4132523 pidfd=4] Activated service 'org.freedesktop.systemd1' failed: Process org.freedesktop.systemd1 exited with status 1
{"trial": "m-a1-r28-fill-Wa", "outcome": "verified", "oracle_exact_match": true, "completion_mutations": 1, "routes": ["compiled"], "loadavg_before": "2.69 2.62 4.37 2/2291 4164065"}
dbus-daemon[4132523]: [session uid=1000 pid=4132523 pidfd=4] Activating service name='org.freedesktop.systemd1' requested by ':1.4' (uid=1000 pid=4132667 comm="/usr/bin/dbus-broker-launch --config-file=/usr/sha")
dbus-daemon[4132523]: [session uid=1000 pid=4132523 pidfd=4] Activated service 'org.freedesktop.systemd1' failed: Process org.freedesktop.systemd1 exited with status 1
[2m2026-10-03T13:56:09.780449Z[0m [33m WARN[0m [2mcua_driver_sdk::runtime[0m[2m:[0m could not activate the persistent AT-SPI listener: AT-SPI connect failed: ZBus Error: MethodError(OwnedErrorName("org.freedesktop.DBus.Error.NameHasNoOwner"), Some("Could not activate remote peer 'org.a11y.atspi.Registry': unit failed"), Msg { type: Error, serial: 4294967295, sender: UniqueName("org.freedesktop.DBus"), reply-serial: 9, body: Str, fds: [] })
[2m2026-10-03T13:56:09.788470Z[0m [33m WARN[0m [2mplatform_linux::overlay[0m[2m:[0m X11 overlay: root reads cannot see this window's own pixels; save-unders will be served without readback confirmation
dbus-daemon[4132523]: [session uid=1000 pid=4132523 pidfd=4] Activating service name='org.freedesktop.systemd1' requested by ':1.4' (uid=1000 pid=4132667 comm="/usr/bin/dbus-broker-launch --config-file=/usr/sha")
dbus-daemon[4132523]: [session uid=1000 pid=4132523 pidfd=4] Activated service 'org.freedesktop.systemd1' failed: Process org.freedesktop.systemd1 exited with status 1
dbus-daemon[4132523]: [session uid=1000 pid=4132523 pidfd=4] Activating service name='org.freedesktop.systemd1' requested by ':1.4' (uid=1000 pid=4132667 comm="/usr/bin/dbus-broker-launch --config-file=/usr/sha")
dbus-daemon[4132523]: [session uid=1000 pid=4132523 pidfd=4] Activated service 'org.freedesktop.systemd1' failed: Process org.freedesktop.systemd1 exited with status 1
{"trial": "m-a1-r28-fill-P2", "outcome": "verified", "oracle_exact_match": true, "completion_mutations": 1, "routes": ["compiled"], "loadavg_before": "2.55 2.59 4.36 2/2317 4164380"}
dbus-daemon[4132523]: [session uid=1000 pid=4132523 pidfd=4] Activating service name='org.freedesktop.systemd1' requested by ':1.4' (uid=1000 pid=4132667 comm="/usr/bin/dbus-broker-launch --config-file=/usr/sha")
dbus-daemon[4132523]: [session uid=1000 pid=4132523 pidfd=4] Activated service 'org.freedesktop.systemd1' failed: Process org.freedesktop.systemd1 exited with status 1
[2m2026-10-03T13:56:11.284003Z[0m [33m WARN[0m [2mcua_driver_sdk::runtime[0m[2m:[0m could not activate the persistent AT-SPI listener: AT-SPI connect failed: ZBus Error: MethodError(OwnedErrorName("org.freedesktop.DBus.Error.NameHasNoOwner"), Some("Could not activate remote peer 'org.a11y.atspi.Registry': unit failed"), Msg { type: Error, serial: 4294967295, sender: UniqueName("org.freedesktop.DBus"), reply-serial: 9, body: Str, fds: [] })
[2m2026-10-03T13:56:11.291365Z[0m [33m WARN[0m [2mplatform_linux::overlay[0m[2m:[0m X11 overlay: root reads cannot see this window's own pixels; save-unders will be served without readback confirmation
dbus-daemon[4132523]: [session uid=1000 pid=4132523 pidfd=4] Activating service name='org.freedesktop.systemd1' requested by ':1.4' (uid=1000 pid=4132667 comm="/usr/bin/dbus-broker-launch --config-file=/usr/sha")
dbus-daemon[4132523]: [session uid=1000 pid=4132523 pidfd=4] Activated service 'org.freedesktop.systemd1' failed: Process org.freedesktop.systemd1 exited with status 1
dbus-daemon[4132523]: [session uid=1000 pid=4132523 pidfd=4] Activating service name='org.freedesktop.systemd1' requested by ':1.4' (uid=1000 pid=4132667 comm="/usr/bin/dbus-broker-launch --config-file=/usr/sha")
dbus-daemon[4132523]: [session uid=1000 pid=4132523 pidfd=4] Activated service 'org.freedesktop.systemd1' failed: Process org.freedesktop.systemd1 exited with status 1
{"trial": "m-a1-r28-fill-Wb", "outcome": "verified", "oracle_exact_match": true, "completion_mutations": 1, "routes": ["compiled"], "loadavg_before": "2.55 2.59 4.36 1/2331 4164684"}
dbus-daemon[4132523]: [session uid=1000 pid=4132523 pidfd=4] Activating service name='org.freedesktop.systemd1' requested by ':1.4' (uid=1000 pid=4132667 comm="/usr/bin/dbus-broker-launch --config-file=/usr/sha")
dbus-daemon[4132523]: [session uid=1000 pid=4132523 pidfd=4] Activated service 'org.freedesktop.systemd1' failed: Process org.freedesktop.systemd1 exited with status 1
[2m2026-10-03T13:56:12.781023Z[0m [33m WARN[0m [2mcua_driver_sdk::runtime[0m[2m:[0m could not activate the persistent AT-SPI listener: AT-SPI connect failed: ZBus Error: MethodError(OwnedErrorName("org.freedesktop.DBus.Error.NameHasNoOwner"), Some("Could not activate remote peer 'org.a11y.atspi.Registry': unit failed"), Msg { type: Error, serial: 4294967295, sender: UniqueName("org.freedesktop.DBus"), reply-serial: 9, body: Str, fds: [] })
[2m2026-10-03T13:56:12.788202Z[0m [33m WARN[0m [2mplatform_linux::overlay[0m[2m:[0m X11 overlay: root reads cannot see this window's own pixels; save-unders will be served without readback confirmation
dbus-daemon[4132523]: [session uid=1000 pid=4132523 pidfd=4] Activating service name='org.freedesktop.systemd1' requested by ':1.4' (uid=1000 pid=4132667 comm="/usr/bin/dbus-broker-launch --config-file=/usr/sha")
dbus-daemon[4132523]: [session uid=1000 pid=4132523 pidfd=4] Activated service 'org.freedesktop.systemd1' failed: Process org.freedesktop.systemd1 exited with status 1
dbus-daemon[4132523]: [session uid=1000 pid=4132523 pidfd=4] Activating service name='org.freedesktop.systemd1' requested by ':1.4' (uid=1000 pid=4132667 comm="/usr/bin/dbus-broker-launch --config-file=/usr/sha")
dbus-daemon[4132523]: [session uid=1000 pid=4132523 pidfd=4] Activated service 'org.freedesktop.systemd1' failed: Process org.freedesktop.systemd1 exited with status 1
{"trial": "m-a1-r29-modal-P2", "outcome": "verified", "oracle_exact_match": true, "completion_mutations": 1, "routes": ["provider", "provider"], "loadavg_before": "2.55 2.59 4.36 2/2331 4164982"}
dbus-daemon[4132523]: [session uid=1000 pid=4132523 pidfd=4] Activating service name='org.freedesktop.systemd1' requested by ':1.4' (uid=1000 pid=4132667 comm="/usr/bin/dbus-broker-launch --config-file=/usr/sha")
dbus-daemon[4132523]: [session uid=1000 pid=4132523 pidfd=4] Activated service 'org.freedesktop.systemd1' failed: Process org.freedesktop.systemd1 exited with status 1
[2m2026-10-03T13:56:13.924881Z[0m [33m WARN[0m [2mcua_driver_sdk::runtime[0m[2m:[0m could not activate the persistent AT-SPI listener: AT-SPI connect failed: ZBus Error: MethodError(OwnedErrorName("org.freedesktop.DBus.Error.NameHasNoOwner"), Some("Could not activate remote peer 'org.a11y.atspi.Registry': unit failed"), Msg { type: Error, serial: 4294967295, sender: UniqueName("org.freedesktop.DBus"), reply-serial: 9, body: Str, fds: [] })
[2m2026-10-03T13:56:13.932884Z[0m [33m WARN[0m [2mplatform_linux::overlay[0m[2m:[0m X11 overlay: root reads cannot see this window's own pixels; save-unders will be served without readback confirmation
dbus-daemon[4132523]: [session uid=1000 pid=4132523 pidfd=4] Activating service name='org.freedesktop.systemd1' requested by ':1.4' (uid=1000 pid=4132667 comm="/usr/bin/dbus-broker-launch --config-file=/usr/sha")
dbus-daemon[4132523]: [session uid=1000 pid=4132523 pidfd=4] Activated service 'org.freedesktop.systemd1' failed: Process org.freedesktop.systemd1 exited with status 1
dbus-daemon[4132523]: [session uid=1000 pid=4132523 pidfd=4] Activating service name='org.freedesktop.systemd1' requested by ':1.4' (uid=1000 pid=4132667 comm="/usr/bin/dbus-broker-launch --config-file=/usr/sha")
dbus-daemon[4132523]: [session uid=1000 pid=4132523 pidfd=4] Activated service 'org.freedesktop.systemd1' failed: Process org.freedesktop.systemd1 exited with status 1
{"trial": "m-a1-r29-modal-C", "outcome": "verified", "oracle_exact_match": true, "completion_mutations": 1, "routes": ["provider", "provider"], "loadavg_before": "2.55 2.59 4.36 2/2331 4165240"}
dbus-daemon[4132523]: [session uid=1000 pid=4132523 pidfd=4] Activating service name='org.freedesktop.systemd1' requested by ':1.4' (uid=1000 pid=4132667 comm="/usr/bin/dbus-broker-launch --config-file=/usr/sha")
dbus-daemon[4132523]: [session uid=1000 pid=4132523 pidfd=4] Activated service 'org.freedesktop.systemd1' failed: Process org.freedesktop.systemd1 exited with status 1
[2m2026-10-03T13:56:15.026788Z[0m [33m WARN[0m [2mcua_driver_sdk::runtime[0m[2m:[0m could not activate the persistent AT-SPI listener: AT-SPI connect failed: ZBus Error: MethodError(OwnedErrorName("org.freedesktop.DBus.Error.NameHasNoOwner"), Some("Could not activate remote peer 'org.a11y.atspi.Registry': unit failed"), Msg { type: Error, serial: 4294967295, sender: UniqueName("org.freedesktop.DBus"), reply-serial: 9, body: Str, fds: [] })
[2m2026-10-03T13:56:15.033483Z[0m [33m WARN[0m [2mplatform_linux::overlay[0m[2m:[0m X11 overlay: root reads cannot see this window's own pixels; save-unders will be served without readback confirmation
dbus-daemon[4132523]: [session uid=1000 pid=4132523 pidfd=4] Activating service name='org.freedesktop.systemd1' requested by ':1.4' (uid=1000 pid=4132667 comm="/usr/bin/dbus-broker-launch --config-file=/usr/sha")
dbus-daemon[4132523]: [session uid=1000 pid=4132523 pidfd=4] Activated service 'org.freedesktop.systemd1' failed: Process org.freedesktop.systemd1 exited with status 1
dbus-daemon[4132523]: [session uid=1000 pid=4132523 pidfd=4] Activating service name='org.freedesktop.systemd1' requested by ':1.4' (uid=1000 pid=4132667 comm="/usr/bin/dbus-broker-launch --config-file=/usr/sha")
dbus-daemon[4132523]: [session uid=1000 pid=4132523 pidfd=4] Activated service 'org.freedesktop.systemd1' failed: Process org.freedesktop.systemd1 exited with status 1
{"trial": "m-a1-r29-modal-Wb", "outcome": "verified", "oracle_exact_match": true, "completion_mutations": 1, "routes": ["provider", "provider"], "loadavg_before": "2.59 2.60 4.35 1/2330 4165542"}
dbus-daemon[4132523]: [session uid=1000 pid=4132523 pidfd=4] Activating service name='org.freedesktop.systemd1' requested by ':1.4' (uid=1000 pid=4132667 comm="/usr/bin/dbus-broker-launch --config-file=/usr/sha")
dbus-daemon[4132523]: [session uid=1000 pid=4132523 pidfd=4] Activated service 'org.freedesktop.systemd1' failed: Process org.freedesktop.systemd1 exited with status 1
[2m2026-10-03T13:56:16.155854Z[0m [33m WARN[0m [2mcua_driver_sdk::runtime[0m[2m:[0m could not activate the persistent AT-SPI listener: AT-SPI connect failed: ZBus Error: MethodError(OwnedErrorName("org.freedesktop.DBus.Error.NameHasNoOwner"), Some("Could not activate remote peer 'org.a11y.atspi.Registry': unit failed"), Msg { type: Error, serial: 4294967295, sender: UniqueName("org.freedesktop.DBus"), reply-serial: 9, body: Str, fds: [] })
[2m2026-10-03T13:56:16.163212Z[0m [33m WARN[0m [2mplatform_linux::overlay[0m[2m:[0m X11 overlay: root reads cannot see this window's own pixels; save-unders will be served without readback confirmation
dbus-daemon[4132523]: [session uid=1000 pid=4132523 pidfd=4] Activating service name='org.freedesktop.systemd1' requested by ':1.4' (uid=1000 pid=4132667 comm="/usr/bin/dbus-broker-launch --config-file=/usr/sha")
dbus-daemon[4132523]: [session uid=1000 pid=4132523 pidfd=4] Activated service 'org.freedesktop.systemd1' failed: Process org.freedesktop.systemd1 exited with status 1
dbus-daemon[4132523]: [session uid=1000 pid=4132523 pidfd=4] Activating service name='org.freedesktop.systemd1' requested by ':1.4' (uid=1000 pid=4132667 comm="/usr/bin/dbus-broker-launch --config-file=/usr/sha")
dbus-daemon[4132523]: [session uid=1000 pid=4132523 pidfd=4] Activated service 'org.freedesktop.systemd1' failed: Process org.freedesktop.systemd1 exited with status 1
{"trial": "m-a1-r29-modal-Wa", "outcome": "verified", "oracle_exact_match": true, "completion_mutations": 1, "routes": ["provider", "provider"], "loadavg_before": "2.59 2.60 4.35 1/2329 4165816"}
dbus-daemon[4132523]: [session uid=1000 pid=4132523 pidfd=4] Activating service name='org.freedesktop.systemd1' requested by ':1.4' (uid=1000 pid=4132667 comm="/usr/bin/dbus-broker-launch --config-file=/usr/sha")
dbus-daemon[4132523]: [session uid=1000 pid=4132523 pidfd=4] Activated service 'org.freedesktop.systemd1' failed: Process org.freedesktop.systemd1 exited with status 1
[2m2026-10-03T13:56:17.275021Z[0m [33m WARN[0m [2mcua_driver_sdk::runtime[0m[2m:[0m could not activate the persistent AT-SPI listener: AT-SPI connect failed: ZBus Error: MethodError(OwnedErrorName("org.freedesktop.DBus.Error.NameHasNoOwner"), Some("Could not activate remote peer 'org.a11y.atspi.Registry': unit failed"), Msg { type: Error, serial: 4294967295, sender: UniqueName("org.freedesktop.DBus"), reply-serial: 9, body: Str, fds: [] })
[2m2026-10-03T13:56:17.282119Z[0m [33m WARN[0m [2mplatform_linux::overlay[0m[2m:[0m X11 overlay: root reads cannot see this window's own pixels; save-unders will be served without readback confirmation
dbus-daemon[4132523]: [session uid=1000 pid=4132523 pidfd=4] Activating service name='org.freedesktop.systemd1' requested by ':1.4' (uid=1000 pid=4132667 comm="/usr/bin/dbus-broker-launch --config-file=/usr/sha")
dbus-daemon[4132523]: [session uid=1000 pid=4132523 pidfd=4] Activated service 'org.freedesktop.systemd1' failed: Process org.freedesktop.systemd1 exited with status 1
dbus-daemon[4132523]: [session uid=1000 pid=4132523 pidfd=4] Activating service name='org.freedesktop.systemd1' requested by ':1.4' (uid=1000 pid=4132667 comm="/usr/bin/dbus-broker-launch --config-file=/usr/sha")
dbus-daemon[4132523]: [session uid=1000 pid=4132523 pidfd=4] Activated service 'org.freedesktop.systemd1' failed: Process org.freedesktop.systemd1 exited with status 1
{"trial": "m-a1-r29-fill-Wa", "outcome": "verified", "oracle_exact_match": true, "completion_mutations": 1, "routes": ["compiled"], "loadavg_before": "2.59 2.60 4.35 1/2329 4166099"}
dbus-daemon[4132523]: [session uid=1000 pid=4132523 pidfd=4] Activating service name='org.freedesktop.systemd1' requested by ':1.4' (uid=1000 pid=4132667 comm="/usr/bin/dbus-broker-launch --config-file=/usr/sha")
dbus-daemon[4132523]: [session uid=1000 pid=4132523 pidfd=4] Activated service 'org.freedesktop.systemd1' failed: Process org.freedesktop.systemd1 exited with status 1
[2m2026-10-03T13:56:18.776080Z[0m [33m WARN[0m [2mcua_driver_sdk::runtime[0m[2m:[0m could not activate the persistent AT-SPI listener: AT-SPI connect failed: ZBus Error: MethodError(OwnedErrorName("org.freedesktop.DBus.Error.NameHasNoOwner"), Some("Could not activate remote peer 'org.a11y.atspi.Registry': unit failed"), Msg { type: Error, serial: 4294967295, sender: UniqueName("org.freedesktop.DBus"), reply-serial: 9, body: Str, fds: [] })
[2m2026-10-03T13:56:18.784890Z[0m [33m WARN[0m [2mplatform_linux::overlay[0m[2m:[0m X11 overlay: root reads cannot see this window's own pixels; save-unders will be served without readback confirmation
dbus-daemon[4132523]: [session uid=1000 pid=4132523 pidfd=4] Activating service name='org.freedesktop.systemd1' requested by ':1.4' (uid=1000 pid=4132667 comm="/usr/bin/dbus-broker-launch --config-file=/usr/sha")
dbus-daemon[4132523]: [session uid=1000 pid=4132523 pidfd=4] Activated service 'org.freedesktop.systemd1' failed: Process org.freedesktop.systemd1 exited with status 1
dbus-daemon[4132523]: [session uid=1000 pid=4132523 pidfd=4] Activating service name='org.freedesktop.systemd1' requested by ':1.4' (uid=1000 pid=4132667 comm="/usr/bin/dbus-broker-launch --config-file=/usr/sha")
dbus-daemon[4132523]: [session uid=1000 pid=4132523 pidfd=4] Activated service 'org.freedesktop.systemd1' failed: Process org.freedesktop.systemd1 exited with status 1
{"trial": "m-a1-r29-fill-Wb", "outcome": "verified", "oracle_exact_match": true, "completion_mutations": 1, "routes": ["compiled"], "loadavg_before": "2.59 2.60 4.35 1/2328 4166417"}
dbus-daemon[4132523]: [session uid=1000 pid=4132523 pidfd=4] Activating service name='org.freedesktop.systemd1' requested by ':1.4' (uid=1000 pid=4132667 comm="/usr/bin/dbus-broker-launch --config-file=/usr/sha")
dbus-daemon[4132523]: [session uid=1000 pid=4132523 pidfd=4] Activated service 'org.freedesktop.systemd1' failed: Process org.freedesktop.systemd1 exited with status 1
[2m2026-10-03T13:56:20.276806Z[0m [33m WARN[0m [2mcua_driver_sdk::runtime[0m[2m:[0m could not activate the persistent AT-SPI listener: AT-SPI connect failed: ZBus Error: MethodError(OwnedErrorName("org.freedesktop.DBus.Error.NameHasNoOwner"), Some("Could not activate remote peer 'org.a11y.atspi.Registry': unit failed"), Msg { type: Error, serial: 4294967295, sender: UniqueName("org.freedesktop.DBus"), reply-serial: 9, body: Str, fds: [] })
[2m2026-10-03T13:56:20.284066Z[0m [33m WARN[0m [2mplatform_linux::overlay[0m[2m:[0m X11 overlay: root reads cannot see this window's own pixels; save-unders will be served without readback confirmation
dbus-daemon[4132523]: [session uid=1000 pid=4132523 pidfd=4] Activating service name='org.freedesktop.systemd1' requested by ':1.4' (uid=1000 pid=4132667 comm="/usr/bin/dbus-broker-launch --config-file=/usr/sha")
dbus-daemon[4132523]: [session uid=1000 pid=4132523 pidfd=4] Activated service 'org.freedesktop.systemd1' failed: Process org.freedesktop.systemd1 exited with status 1
dbus-daemon[4132523]: [session uid=1000 pid=4132523 pidfd=4] Activating service name='org.freedesktop.systemd1' requested by ':1.4' (uid=1000 pid=4132667 comm="/usr/bin/dbus-broker-launch --config-file=/usr/sha")
dbus-daemon[4132523]: [session uid=1000 pid=4132523 pidfd=4] Activated service 'org.freedesktop.systemd1' failed: Process org.freedesktop.systemd1 exited with status 1
{"trial": "m-a1-r29-fill-C", "outcome": "verified", "oracle_exact_match": true, "completion_mutations": 1, "routes": ["compiled"], "loadavg_before": "2.78 2.64 4.35 1/2293 4166739"}
dbus-daemon[4132523]: [session uid=1000 pid=4132523 pidfd=4] Activating service name='org.freedesktop.systemd1' requested by ':1.4' (uid=1000 pid=4132667 comm="/usr/bin/dbus-broker-launch --config-file=/usr/sha")
dbus-daemon[4132523]: [session uid=1000 pid=4132523 pidfd=4] Activated service 'org.freedesktop.systemd1' failed: Process org.freedesktop.systemd1 exited with status 1
[2m2026-10-03T13:56:21.777758Z[0m [33m WARN[0m [2mcua_driver_sdk::runtime[0m[2m:[0m could not activate the persistent AT-SPI listener: AT-SPI connect failed: ZBus Error: MethodError(OwnedErrorName("org.freedesktop.DBus.Error.NameHasNoOwner"), Some("Could not activate remote peer 'org.a11y.atspi.Registry': unit failed"), Msg { type: Error, serial: 4294967295, sender: UniqueName("org.freedesktop.DBus"), reply-serial: 9, body: Str, fds: [] })
[2m2026-10-03T13:56:21.785192Z[0m [33m WARN[0m [2mplatform_linux::overlay[0m[2m:[0m X11 overlay: root reads cannot see this window's own pixels; save-unders will be served without readback confirmation
dbus-daemon[4132523]: [session uid=1000 pid=4132523 pidfd=4] Activating service name='org.freedesktop.systemd1' requested by ':1.4' (uid=1000 pid=4132667 comm="/usr/bin/dbus-broker-launch --config-file=/usr/sha")
dbus-daemon[4132523]: [session uid=1000 pid=4132523 pidfd=4] Activated service 'org.freedesktop.systemd1' failed: Process org.freedesktop.systemd1 exited with status 1
dbus-daemon[4132523]: [session uid=1000 pid=4132523 pidfd=4] Activating service name='org.freedesktop.systemd1' requested by ':1.4' (uid=1000 pid=4132667 comm="/usr/bin/dbus-broker-launch --config-file=/usr/sha")
dbus-daemon[4132523]: [session uid=1000 pid=4132523 pidfd=4] Activated service 'org.freedesktop.systemd1' failed: Process org.freedesktop.systemd1 exited with status 1
{"trial": "m-a1-r29-fill-P2", "outcome": "verified", "oracle_exact_match": true, "completion_mutations": 1, "routes": ["compiled"], "loadavg_before": "2.78 2.64 4.35 1/2284 4167021"}
dbus-daemon[4132523]: [session uid=1000 pid=4132523 pidfd=4] Activating service name='org.freedesktop.systemd1' requested by ':1.4' (uid=1000 pid=4132667 comm="/usr/bin/dbus-broker-launch --config-file=/usr/sha")
dbus-daemon[4132523]: [session uid=1000 pid=4132523 pidfd=4] Activated service 'org.freedesktop.systemd1' failed: Process org.freedesktop.systemd1 exited with status 1
[2m2026-10-03T13:56:23.278193Z[0m [33m WARN[0m [2mcua_driver_sdk::runtime[0m[2m:[0m could not activate the persistent AT-SPI listener: AT-SPI connect failed: ZBus Error: MethodError(OwnedErrorName("org.freedesktop.DBus.Error.NameHasNoOwner"), Some("Could not activate remote peer 'org.a11y.atspi.Registry': unit failed"), Msg { type: Error, serial: 4294967295, sender: UniqueName("org.freedesktop.DBus"), reply-serial: 9, body: Str, fds: [] })
[2m2026-10-03T13:56:23.285179Z[0m [33m WARN[0m [2mplatform_linux::overlay[0m[2m:[0m X11 overlay: root reads cannot see this window's own pixels; save-unders will be served without readback confirmation
dbus-daemon[4132523]: [session uid=1000 pid=4132523 pidfd=4] Activating service name='org.freedesktop.systemd1' requested by ':1.4' (uid=1000 pid=4132667 comm="/usr/bin/dbus-broker-launch --config-file=/usr/sha")
dbus-daemon[4132523]: [session uid=1000 pid=4132523 pidfd=4] Activated service 'org.freedesktop.systemd1' failed: Process org.freedesktop.systemd1 exited with status 1
dbus-daemon[4132523]: [session uid=1000 pid=4132523 pidfd=4] Activating service name='org.freedesktop.systemd1' requested by ':1.4' (uid=1000 pid=4132667 comm="/usr/bin/dbus-broker-launch --config-file=/usr/sha")
dbus-daemon[4132523]: [session uid=1000 pid=4132523 pidfd=4] Activated service 'org.freedesktop.systemd1' failed: Process org.freedesktop.systemd1 exited with status 1
{"trial": "m-a1-r29-toggle-Wb", "outcome": "verified", "oracle_exact_match": true, "completion_mutations": 1, "routes": ["provider", "provider"], "loadavg_before": "2.78 2.64 4.35 2/2286 4167314"}
dbus-daemon[4132523]: [session uid=1000 pid=4132523 pidfd=4] Activating service name='org.freedesktop.systemd1' requested by ':1.4' (uid=1000 pid=4132667 comm="/usr/bin/dbus-broker-launch --config-file=/usr/sha")
dbus-daemon[4132523]: [session uid=1000 pid=4132523 pidfd=4] Activated service 'org.freedesktop.systemd1' failed: Process org.freedesktop.systemd1 exited with status 1
[2m2026-10-03T13:56:24.408161Z[0m [33m WARN[0m [2mcua_driver_sdk::runtime[0m[2m:[0m could not activate the persistent AT-SPI listener: AT-SPI connect failed: ZBus Error: MethodError(OwnedErrorName("org.freedesktop.DBus.Error.NameHasNoOwner"), Some("Could not activate remote peer 'org.a11y.atspi.Registry': unit failed"), Msg { type: Error, serial: 4294967295, sender: UniqueName("org.freedesktop.DBus"), reply-serial: 9, body: Str, fds: [] })
[2m2026-10-03T13:56:24.415058Z[0m [33m WARN[0m [2mplatform_linux::overlay[0m[2m:[0m X11 overlay: root reads cannot see this window's own pixels; save-unders will be served without readback confirmation
dbus-daemon[4132523]: [session uid=1000 pid=4132523 pidfd=4] Activating service name='org.freedesktop.systemd1' requested by ':1.4' (uid=1000 pid=4132667 comm="/usr/bin/dbus-broker-launch --config-file=/usr/sha")
dbus-daemon[4132523]: [session uid=1000 pid=4132523 pidfd=4] Activated service 'org.freedesktop.systemd1' failed: Process org.freedesktop.systemd1 exited with status 1
dbus-daemon[4132523]: [session uid=1000 pid=4132523 pidfd=4] Activating service name='org.freedesktop.systemd1' requested by ':1.4' (uid=1000 pid=4132667 comm="/usr/bin/dbus-broker-launch --config-file=/usr/sha")
dbus-daemon[4132523]: [session uid=1000 pid=4132523 pidfd=4] Activated service 'org.freedesktop.systemd1' failed: Process org.freedesktop.systemd1 exited with status 1
{"trial": "m-a1-r29-toggle-P2", "outcome": "verified", "oracle_exact_match": true, "completion_mutations": 1, "routes": ["provider", "provider"], "loadavg_before": "2.64 2.61 4.33 2/2288 4167580"}
dbus-daemon[4132523]: [session uid=1000 pid=4132523 pidfd=4] Activating service name='org.freedesktop.systemd1' requested by ':1.4' (uid=1000 pid=4132667 comm="/usr/bin/dbus-broker-launch --config-file=/usr/sha")
dbus-daemon[4132523]: [session uid=1000 pid=4132523 pidfd=4] Activated service 'org.freedesktop.systemd1' failed: Process org.freedesktop.systemd1 exited with status 1
[2m2026-10-03T13:56:26.101229Z[0m [33m WARN[0m [2mcua_driver_sdk::runtime[0m[2m:[0m could not activate the persistent AT-SPI listener: AT-SPI connect failed: ZBus Error: MethodError(OwnedErrorName("org.freedesktop.DBus.Error.NameHasNoOwner"), Some("Could not activate remote peer 'org.a11y.atspi.Registry': unit failed"), Msg { type: Error, serial: 4294967295, sender: UniqueName("org.freedesktop.DBus"), reply-serial: 9, body: Str, fds: [] })
[2m2026-10-03T13:56:26.109183Z[0m [33m WARN[0m [2mplatform_linux::overlay[0m[2m:[0m X11 overlay: root reads cannot see this window's own pixels; save-unders will be served without readback confirmation
dbus-daemon[4132523]: [session uid=1000 pid=4132523 pidfd=4] Activating service name='org.freedesktop.systemd1' requested by ':1.4' (uid=1000 pid=4132667 comm="/usr/bin/dbus-broker-launch --config-file=/usr/sha")
dbus-daemon[4132523]: [session uid=1000 pid=4132523 pidfd=4] Activated service 'org.freedesktop.systemd1' failed: Process org.freedesktop.systemd1 exited with status 1
dbus-daemon[4132523]: [session uid=1000 pid=4132523 pidfd=4] Activating service name='org.freedesktop.systemd1' requested by ':1.4' (uid=1000 pid=4132667 comm="/usr/bin/dbus-broker-launch --config-file=/usr/sha")
dbus-daemon[4132523]: [session uid=1000 pid=4132523 pidfd=4] Activated service 'org.freedesktop.systemd1' failed: Process org.freedesktop.systemd1 exited with status 1
{"trial": "m-a1-r29-toggle-Wa", "outcome": "verified", "oracle_exact_match": true, "completion_mutations": 1, "routes": ["provider", "provider"], "loadavg_before": "2.64 2.61 4.33 1/2280 4167873"}
dbus-daemon[4132523]: [session uid=1000 pid=4132523 pidfd=4] Activating service name='org.freedesktop.systemd1' requested by ':1.4' (uid=1000 pid=4132667 comm="/usr/bin/dbus-broker-launch --config-file=/usr/sha")
dbus-daemon[4132523]: [session uid=1000 pid=4132523 pidfd=4] Activated service 'org.freedesktop.systemd1' failed: Process org.freedesktop.systemd1 exited with status 1
[2m2026-10-03T13:56:27.224251Z[0m [33m WARN[0m [2mcua_driver_sdk::runtime[0m[2m:[0m could not activate the persistent AT-SPI listener: AT-SPI connect failed: ZBus Error: MethodError(OwnedErrorName("org.freedesktop.DBus.Error.NameHasNoOwner"), Some("Could not activate remote peer 'org.a11y.atspi.Registry': unit failed"), Msg { type: Error, serial: 4294967295, sender: UniqueName("org.freedesktop.DBus"), reply-serial: 9, body: Str, fds: [] })
[2m2026-10-03T13:56:27.232188Z[0m [33m WARN[0m [2mplatform_linux::overlay[0m[2m:[0m X11 overlay: root reads cannot see this window's own pixels; save-unders will be served without readback confirmation
dbus-daemon[4132523]: [session uid=1000 pid=4132523 pidfd=4] Activating service name='org.freedesktop.systemd1' requested by ':1.4' (uid=1000 pid=4132667 comm="/usr/bin/dbus-broker-launch --config-file=/usr/sha")
dbus-daemon[4132523]: [session uid=1000 pid=4132523 pidfd=4] Activated service 'org.freedesktop.systemd1' failed: Process org.freedesktop.systemd1 exited with status 1
dbus-daemon[4132523]: [session uid=1000 pid=4132523 pidfd=4] Activating service name='org.freedesktop.systemd1' requested by ':1.4' (uid=1000 pid=4132667 comm="/usr/bin/dbus-broker-launch --config-file=/usr/sha")
dbus-daemon[4132523]: [session uid=1000 pid=4132523 pidfd=4] Activated service 'org.freedesktop.systemd1' failed: Process org.freedesktop.systemd1 exited with status 1
{"trial": "m-a1-r29-toggle-C", "outcome": "verified", "oracle_exact_match": true, "completion_mutations": 1, "routes": ["provider", "provider"], "loadavg_before": "2.64 2.61 4.33 1/2278 4168155"}
[b08] end_utc=2026-10-03T13:56:28.404Z rc=0 loadavg=2.64 2.61 4.33
A connection to the bus can't be made
CRITICAL: [dbus_cb_name_lost:1438] Cannot connect to DBus.
[session] exit rc=0 run_dir=<lane-tmp-root>/x11-session.4cLUtQ
[2026-10-03T13:56:28.435Z] chunk b08-main-a1-r20-29-k6 rc=0 loadavg=2.64 2.61 4.33
