[2026-10-03T13:48:47.732Z] chunk b08-main-a1-r10-19-k5 plan=main rounds=10,11,12,13,14,15,16,17,18,19 block=m attempt=1 loadavg=2.21 2.65 5.33 hostless=1
[b08] session_attempt=1 jitter_ms=606 utc=2026-10-03T13:50:09.065Z
[session] DISPLAY=:100 openbox=4091389 picom=4091390 dbus=unix:path=<private-dbus>,guid=a1d889ff762e3bd8e59752a26ac10814
[b08] display=:100 xdpyinfo=ok start_utc=2026-10-03T13:50:14.107Z loadavg=4.82 3.60 5.44 telemetry_env=false dnt=1 lock=exclusive wayland=unset hostless=1
dbus-daemon[4091387]: [session uid=1000 pid=4091387 pidfd=4] Activating service name='org.a11y.Bus' requested by ':1.0' (uid=1000 pid=4091909 comm="<lanes>/bin/cua-driver-b0")
dbus-daemon[4091387]: [session uid=1000 pid=4091387 pidfd=4] Successfully activated service 'org.a11y.Bus'
dbus-daemon[4091387]: [session uid=1000 pid=4091387 pidfd=4] Activating service name='ca.desrt.dconf' requested by ':1.1' (uid=1000 pid=4091916 comm="/usr/lib/at-spi-bus-launcher")
dbus-daemon[4091387]: [session uid=1000 pid=4091387 pidfd=4] Successfully activated service 'ca.desrt.dconf'
dbus-daemon[4091387]: [session uid=1000 pid=4091387 pidfd=4] Activating service name='org.freedesktop.systemd1' requested by ':1.4' (uid=1000 pid=4091936 comm="/usr/bin/dbus-broker-launch --config-file=/usr/sha")
dbus-daemon[4091387]: [session uid=1000 pid=4091387 pidfd=4] Activated service 'org.freedesktop.systemd1' failed: Process org.freedesktop.systemd1 exited with status 1
[2m2026-10-03T13:50:29.358929Z[0m [33m WARN[0m [2mcua_driver_sdk::runtime[0m[2m:[0m could not activate the persistent AT-SPI listener: AT-SPI connect failed: ZBus Error: MethodError(OwnedErrorName("org.freedesktop.DBus.Error.NameHasNoOwner"), Some("Could not activate remote peer 'org.a11y.atspi.Registry': unit failed"), Msg { type: Error, serial: 4294967295, sender: UniqueName("org.freedesktop.DBus"), reply-serial: 10, body: Str, fds: [] })
[2m2026-10-03T13:50:29.366364Z[0m [33m WARN[0m [2mplatform_linux::overlay[0m[2m:[0m X11 overlay: root reads cannot see this window's own pixels; save-unders will be served without readback confirmation
dbus-daemon[4091387]: [session uid=1000 pid=4091387 pidfd=4] Activating service name='org.gtk.vfs.Daemon' requested by ':1.5' (uid=1000 pid=4091983 comm="/opt/google/chrome/chrome --remote-debugging-port=")
dbus-daemon[4091387]: [session uid=1000 pid=4091387 pidfd=4] Successfully activated service 'org.gtk.vfs.Daemon'
fusermount3: mount failed: Operation not permitted
dbus-daemon[4091387]: [session uid=1000 pid=4091387 pidfd=4] Activating service name='org.freedesktop.systemd1' requested by ':1.4' (uid=1000 pid=4091936 comm="/usr/bin/dbus-broker-launch --config-file=/usr/sha")
dbus-daemon[4091387]: [session uid=1000 pid=4091387 pidfd=4] Activated service 'org.freedesktop.systemd1' failed: Process org.freedesktop.systemd1 exited with status 1
dbus-daemon[4091387]: [session uid=1000 pid=4091387 pidfd=4] Activating service name='org.freedesktop.systemd1' requested by ':1.4' (uid=1000 pid=4091936 comm="/usr/bin/dbus-broker-launch --config-file=/usr/sha")
dbus-daemon[4091387]: [session uid=1000 pid=4091387 pidfd=4] Activated service 'org.freedesktop.systemd1' failed: Process org.freedesktop.systemd1 exited with status 1
dbus-daemon[4091387]: [session uid=1000 pid=4091387 pidfd=4] Activating service name='org.freedesktop.Notifications' requested by ':1.7' (uid=1000 pid=4091983 comm="/opt/google/chrome/chrome --remote-debugging-port=")
dbus-daemon[4091387]: [session uid=1000 pid=4091387 pidfd=4] Activating service name='org.freedesktop.portal.Desktop' requested by ':1.7' (uid=1000 pid=4091983 comm="/opt/google/chrome/chrome --remote-debugging-port=")
dbus-daemon[4091387]: [session uid=1000 pid=4091387 pidfd=4] Successfully activated service 'org.freedesktop.Notifications'
dbus-daemon[4091387]: [session uid=1000 pid=4091387 pidfd=4] Activating service name='org.freedesktop.impl.portal.PermissionStore' requested by ':1.9' (uid=1000 pid=4092256 comm="/usr/lib/xdg-desktop-portal")
dbus-daemon[4091387]: [session uid=1000 pid=4091387 pidfd=4] Successfully activated service 'org.freedesktop.impl.portal.PermissionStore'
dbus-daemon[4091387]: [session uid=1000 pid=4091387 pidfd=4] Activating service name='org.freedesktop.portal.Documents' requested by ':1.9' (uid=1000 pid=4092256 comm="/usr/lib/xdg-desktop-portal")
dbus-daemon[4091387]: [session uid=1000 pid=4091387 pidfd=4] Successfully activated service 'org.freedesktop.portal.Documents'
fusermount3: mount failed: Operation not permitted
error: fuse init failed: Can't mount path <lane-tmp-root>/x11-session.fEJdCr/xdg-runtime/doc

(/usr/lib/xdg-desktop-portal:4092256): xdg-desktop-portal-WARNING **: 08:50:30.534: Document portal fuse mount point unknown: GDBus.Error:org.freedesktop.DBus.Error.ServiceUnknown: The name :1.11 was not provided by any .service files

(/usr/lib/xdg-desktop-portal:4092256): xdg-desktop-portal-WARNING **: 08:50:30.534: Choosing gtk.portal for org.freedesktop.impl.portal.Lockdown as a last-resort fallback
dbus-daemon[4091387]: [session uid=1000 pid=4091387 pidfd=4] Activating service name='org.freedesktop.impl.portal.desktop.gtk' requested by ':1.9' (uid=1000 pid=4092256 comm="/usr/lib/xdg-desktop-portal")
dbus-daemon[4091387]: [session uid=1000 pid=4091387 pidfd=4] Activating service name='org.freedesktop.systemd1' requested by ':1.4' (uid=1000 pid=4091936 comm="/usr/bin/dbus-broker-launch --config-file=/usr/sha")
dbus-daemon[4091387]: [session uid=1000 pid=4091387 pidfd=4] Activated service 'org.freedesktop.systemd1' failed: Process org.freedesktop.systemd1 exited with status 1
dbus-daemon[4091387]: [session uid=1000 pid=4091387 pidfd=4] Successfully activated service 'org.freedesktop.impl.portal.desktop.gtk'

** (xdg-desktop-portal-gtk:4092278): WARNING **: 08:50:30.560: AT-SPI: Could not obtain desktop path or name

dbus-daemon[4091387]: [session uid=1000 pid=4091387 pidfd=4] Activating service name='org.freedesktop.systemd1' requested by ':1.4' (uid=1000 pid=4091936 comm="/usr/bin/dbus-broker-launch --config-file=/usr/sha")

(/usr/lib/xdg-desktop-portal:4092256): xdg-desktop-portal-WARNING **: 08:50:30.560: Choosing gtk.portal for org.freedesktop.impl.portal.Access as a last-resort fallback
dbus-daemon[4091387]: [session uid=1000 pid=4091387 pidfd=4] Activated service 'org.freedesktop.systemd1' failed: Process org.freedesktop.systemd1 exited with status 1

** (xdg-desktop-portal-gtk:4092278): WARNING **: 08:50:30.561: atk-bridge: GetRegisteredEvents returned message with unknown signature

** (xdg-desktop-portal-gtk:4092278): WARNING **: 08:50:30.561: atk-bridge: get_device_events_reply: unknown signature

(/usr/lib/xdg-desktop-portal:4092256): xdg-desktop-portal-WARNING **: 08:50:30.582: Choosing gtk.portal for org.freedesktop.impl.portal.Settings as a last-resort fallback

(/usr/lib/xdg-desktop-portal:4092256): xdg-desktop-portal-WARNING **: 08:50:30.583: Choosing gtk.portal for org.freedesktop.impl.portal.FileChooser as a last-resort fallback

(/usr/lib/xdg-desktop-portal:4092256): xdg-desktop-portal-WARNING **: 08:50:30.583: Choosing gtk.portal for org.freedesktop.impl.portal.AppChooser as a last-resort fallback

(/usr/lib/xdg-desktop-portal:4092256): xdg-desktop-portal-WARNING **: 08:50:30.583: Choosing gtk.portal for org.freedesktop.impl.portal.Print as a last-resort fallback

(/usr/lib/xdg-desktop-portal:4092256): xdg-desktop-portal-WARNING **: 08:50:30.584: Choosing gtk.portal for org.freedesktop.impl.portal.Notification as a last-resort fallback

(/usr/lib/xdg-desktop-portal:4092256): xdg-desktop-portal-WARNING **: 08:50:30.584: Choosing gtk.portal for org.freedesktop.impl.portal.Inhibit as a last-resort fallback

(/usr/lib/xdg-desktop-portal:4092256): xdg-desktop-portal-WARNING **: 08:50:30.586: Failed to connect to PipeWire: Couldn't connect to PipeWire

(/usr/lib/xdg-desktop-portal:4092256): xdg-desktop-portal-WARNING **: 08:50:30.586: Choosing gtk.portal for org.freedesktop.impl.portal.Account as a last-resort fallback

(/usr/lib/xdg-desktop-portal:4092256): xdg-desktop-portal-WARNING **: 08:50:30.586: Choosing gtk.portal for org.freedesktop.impl.portal.Email as a last-resort fallback

(/usr/lib/xdg-desktop-portal:4092256): xdg-desktop-portal-WARNING **: 08:50:30.586: Choosing gtk.portal for org.freedesktop.impl.portal.DynamicLauncher as a last-resort fallback
dbus-daemon[4091387]: [session uid=1000 pid=4091387 pidfd=4] Successfully activated service 'org.freedesktop.portal.Desktop'
{"trial": "m-a1-r10-toggle-P2", "outcome": "verified", "oracle_exact_match": true, "completion_mutations": 1, "routes": ["provider", "provider"], "loadavg_before": "3.90 3.46 5.36 1/2230 4091907"}
dbus-daemon[4091387]: [session uid=1000 pid=4091387 pidfd=4] Activating service name='org.freedesktop.systemd1' requested by ':1.4' (uid=1000 pid=4091936 comm="/usr/bin/dbus-broker-launch --config-file=/usr/sha")
dbus-daemon[4091387]: [session uid=1000 pid=4091387 pidfd=4] Activated service 'org.freedesktop.systemd1' failed: Process org.freedesktop.systemd1 exited with status 1
[2m2026-10-03T13:50:31.738928Z[0m [33m WARN[0m [2mcua_driver_sdk::runtime[0m[2m:[0m could not activate the persistent AT-SPI listener: AT-SPI connect failed: ZBus Error: MethodError(OwnedErrorName("org.freedesktop.DBus.Error.NameHasNoOwner"), Some("Could not activate remote peer 'org.a11y.atspi.Registry': unit failed"), Msg { type: Error, serial: 4294967295, sender: UniqueName("org.freedesktop.DBus"), reply-serial: 9, body: Str, fds: [] })
[2m2026-10-03T13:50:31.746541Z[0m [33m WARN[0m [2mplatform_linux::overlay[0m[2m:[0m X11 overlay: root reads cannot see this window's own pixels; save-unders will be served without readback confirmation
dbus-daemon[4091387]: [session uid=1000 pid=4091387 pidfd=4] Activating service name='org.freedesktop.systemd1' requested by ':1.4' (uid=1000 pid=4091936 comm="/usr/bin/dbus-broker-launch --config-file=/usr/sha")
dbus-daemon[4091387]: [session uid=1000 pid=4091387 pidfd=4] Activated service 'org.freedesktop.systemd1' failed: Process org.freedesktop.systemd1 exited with status 1
dbus-daemon[4091387]: [session uid=1000 pid=4091387 pidfd=4] Activating service name='org.freedesktop.systemd1' requested by ':1.4' (uid=1000 pid=4091936 comm="/usr/bin/dbus-broker-launch --config-file=/usr/sha")
dbus-daemon[4091387]: [session uid=1000 pid=4091387 pidfd=4] Activated service 'org.freedesktop.systemd1' failed: Process org.freedesktop.systemd1 exited with status 1
{"trial": "m-a1-r10-toggle-C", "outcome": "verified", "oracle_exact_match": true, "completion_mutations": 1, "routes": ["provider", "provider"], "loadavg_before": "3.90 3.46 5.36 1/2284 4092331"}
dbus-daemon[4091387]: [session uid=1000 pid=4091387 pidfd=4] Activating service name='org.freedesktop.systemd1' requested by ':1.4' (uid=1000 pid=4091936 comm="/usr/bin/dbus-broker-launch --config-file=/usr/sha")
dbus-daemon[4091387]: [session uid=1000 pid=4091387 pidfd=4] Activated service 'org.freedesktop.systemd1' failed: Process org.freedesktop.systemd1 exited with status 1
[2m2026-10-03T13:50:32.827382Z[0m [33m WARN[0m [2mcua_driver_sdk::runtime[0m[2m:[0m could not activate the persistent AT-SPI listener: AT-SPI connect failed: ZBus Error: MethodError(OwnedErrorName("org.freedesktop.DBus.Error.NameHasNoOwner"), Some("Could not activate remote peer 'org.a11y.atspi.Registry': unit failed"), Msg { type: Error, serial: 4294967295, sender: UniqueName("org.freedesktop.DBus"), reply-serial: 9, body: Str, fds: [] })
[2m2026-10-03T13:50:32.834471Z[0m [33m WARN[0m [2mplatform_linux::overlay[0m[2m:[0m X11 overlay: root reads cannot see this window's own pixels; save-unders will be served without readback confirmation
dbus-daemon[4091387]: [session uid=1000 pid=4091387 pidfd=4] Activating service name='org.freedesktop.systemd1' requested by ':1.4' (uid=1000 pid=4091936 comm="/usr/bin/dbus-broker-launch --config-file=/usr/sha")
dbus-daemon[4091387]: [session uid=1000 pid=4091387 pidfd=4] Activated service 'org.freedesktop.systemd1' failed: Process org.freedesktop.systemd1 exited with status 1
dbus-daemon[4091387]: [session uid=1000 pid=4091387 pidfd=4] Activating service name='org.freedesktop.systemd1' requested by ':1.4' (uid=1000 pid=4091936 comm="/usr/bin/dbus-broker-launch --config-file=/usr/sha")
dbus-daemon[4091387]: [session uid=1000 pid=4091387 pidfd=4] Activated service 'org.freedesktop.systemd1' failed: Process org.freedesktop.systemd1 exited with status 1
{"trial": "m-a1-r10-toggle-Wb", "outcome": "verified", "oracle_exact_match": true, "completion_mutations": 1, "routes": ["provider", "provider"], "loadavg_before": "3.90 3.46 5.36 1/2284 4092623"}
dbus-daemon[4091387]: [session uid=1000 pid=4091387 pidfd=4] Activating service name='org.freedesktop.systemd1' requested by ':1.4' (uid=1000 pid=4091936 comm="/usr/bin/dbus-broker-launch --config-file=/usr/sha")
dbus-daemon[4091387]: [session uid=1000 pid=4091387 pidfd=4] Activated service 'org.freedesktop.systemd1' failed: Process org.freedesktop.systemd1 exited with status 1
[2m2026-10-03T13:50:33.945972Z[0m [33m WARN[0m [2mcua_driver_sdk::runtime[0m[2m:[0m could not activate the persistent AT-SPI listener: AT-SPI connect failed: ZBus Error: MethodError(OwnedErrorName("org.freedesktop.DBus.Error.NameHasNoOwner"), Some("Could not activate remote peer 'org.a11y.atspi.Registry': unit failed"), Msg { type: Error, serial: 4294967295, sender: UniqueName("org.freedesktop.DBus"), reply-serial: 9, body: Str, fds: [] })
[2m2026-10-03T13:50:33.952629Z[0m [33m WARN[0m [2mplatform_linux::overlay[0m[2m:[0m X11 overlay: root reads cannot see this window's own pixels; save-unders will be served without readback confirmation
dbus-daemon[4091387]: [session uid=1000 pid=4091387 pidfd=4] Activating service name='org.freedesktop.systemd1' requested by ':1.4' (uid=1000 pid=4091936 comm="/usr/bin/dbus-broker-launch --config-file=/usr/sha")
dbus-daemon[4091387]: [session uid=1000 pid=4091387 pidfd=4] Activated service 'org.freedesktop.systemd1' failed: Process org.freedesktop.systemd1 exited with status 1
dbus-daemon[4091387]: [session uid=1000 pid=4091387 pidfd=4] Activating service name='org.freedesktop.systemd1' requested by ':1.4' (uid=1000 pid=4091936 comm="/usr/bin/dbus-broker-launch --config-file=/usr/sha")
dbus-daemon[4091387]: [session uid=1000 pid=4091387 pidfd=4] Activated service 'org.freedesktop.systemd1' failed: Process org.freedesktop.systemd1 exited with status 1
{"trial": "m-a1-r10-toggle-Wa", "outcome": "verified", "oracle_exact_match": true, "completion_mutations": 1, "routes": ["provider", "provider"], "loadavg_before": "3.90 3.46 5.36 3/2283 4092880"}
dbus-daemon[4091387]: [session uid=1000 pid=4091387 pidfd=4] Activating service name='org.freedesktop.systemd1' requested by ':1.4' (uid=1000 pid=4091936 comm="/usr/bin/dbus-broker-launch --config-file=/usr/sha")
dbus-daemon[4091387]: [session uid=1000 pid=4091387 pidfd=4] Activated service 'org.freedesktop.systemd1' failed: Process org.freedesktop.systemd1 exited with status 1
[2m2026-10-03T13:50:35.624501Z[0m [33m WARN[0m [2mcua_driver_sdk::runtime[0m[2m:[0m could not activate the persistent AT-SPI listener: AT-SPI connect failed: ZBus Error: MethodError(OwnedErrorName("org.freedesktop.DBus.Error.NameHasNoOwner"), Some("Could not activate remote peer 'org.a11y.atspi.Registry': unit failed"), Msg { type: Error, serial: 4294967295, sender: UniqueName("org.freedesktop.DBus"), reply-serial: 9, body: Str, fds: [] })
[2m2026-10-03T13:50:35.631345Z[0m [33m WARN[0m [2mplatform_linux::overlay[0m[2m:[0m X11 overlay: root reads cannot see this window's own pixels; save-unders will be served without readback confirmation
dbus-daemon[4091387]: [session uid=1000 pid=4091387 pidfd=4] Activating service name='org.freedesktop.systemd1' requested by ':1.4' (uid=1000 pid=4091936 comm="/usr/bin/dbus-broker-launch --config-file=/usr/sha")
dbus-daemon[4091387]: [session uid=1000 pid=4091387 pidfd=4] Activated service 'org.freedesktop.systemd1' failed: Process org.freedesktop.systemd1 exited with status 1
dbus-daemon[4091387]: [session uid=1000 pid=4091387 pidfd=4] Activating service name='org.freedesktop.systemd1' requested by ':1.4' (uid=1000 pid=4091936 comm="/usr/bin/dbus-broker-launch --config-file=/usr/sha")
dbus-daemon[4091387]: [session uid=1000 pid=4091387 pidfd=4] Activated service 'org.freedesktop.systemd1' failed: Process org.freedesktop.systemd1 exited with status 1
{"trial": "m-a1-r10-modal-C", "outcome": "verified", "oracle_exact_match": true, "completion_mutations": 1, "routes": ["provider", "provider"], "loadavg_before": "3.75 3.44 5.34 2/2295 4093252"}
dbus-daemon[4091387]: [session uid=1000 pid=4091387 pidfd=4] Activating service name='org.freedesktop.systemd1' requested by ':1.4' (uid=1000 pid=4091936 comm="/usr/bin/dbus-broker-launch --config-file=/usr/sha")
dbus-daemon[4091387]: [session uid=1000 pid=4091387 pidfd=4] Activated service 'org.freedesktop.systemd1' failed: Process org.freedesktop.systemd1 exited with status 1
[2m2026-10-03T13:50:36.704975Z[0m [33m WARN[0m [2mcua_driver_sdk::runtime[0m[2m:[0m could not activate the persistent AT-SPI listener: AT-SPI connect failed: ZBus Error: MethodError(OwnedErrorName("org.freedesktop.DBus.Error.NameHasNoOwner"), Some("Could not activate remote peer 'org.a11y.atspi.Registry': unit failed"), Msg { type: Error, serial: 4294967295, sender: UniqueName("org.freedesktop.DBus"), reply-serial: 9, body: Str, fds: [] })
[2m2026-10-03T13:50:36.712820Z[0m [33m WARN[0m [2mplatform_linux::overlay[0m[2m:[0m X11 overlay: root reads cannot see this window's own pixels; save-unders will be served without readback confirmation
dbus-daemon[4091387]: [session uid=1000 pid=4091387 pidfd=4] Activating service name='org.freedesktop.systemd1' requested by ':1.4' (uid=1000 pid=4091936 comm="/usr/bin/dbus-broker-launch --config-file=/usr/sha")
dbus-daemon[4091387]: [session uid=1000 pid=4091387 pidfd=4] Activated service 'org.freedesktop.systemd1' failed: Process org.freedesktop.systemd1 exited with status 1
dbus-daemon[4091387]: [session uid=1000 pid=4091387 pidfd=4] Activating service name='org.freedesktop.systemd1' requested by ':1.4' (uid=1000 pid=4091936 comm="/usr/bin/dbus-broker-launch --config-file=/usr/sha")
dbus-daemon[4091387]: [session uid=1000 pid=4091387 pidfd=4] Activated service 'org.freedesktop.systemd1' failed: Process org.freedesktop.systemd1 exited with status 1
{"trial": "m-a1-r10-modal-Wa", "outcome": "verified", "oracle_exact_match": true, "completion_mutations": 1, "routes": ["provider", "provider"], "loadavg_before": "3.75 3.44 5.34 1/2287 4093561"}
dbus-daemon[4091387]: [session uid=1000 pid=4091387 pidfd=4] Activating service name='org.freedesktop.systemd1' requested by ':1.4' (uid=1000 pid=4091936 comm="/usr/bin/dbus-broker-launch --config-file=/usr/sha")
dbus-daemon[4091387]: [session uid=1000 pid=4091387 pidfd=4] Activated service 'org.freedesktop.systemd1' failed: Process org.freedesktop.systemd1 exited with status 1
[2m2026-10-03T13:50:37.827206Z[0m [33m WARN[0m [2mcua_driver_sdk::runtime[0m[2m:[0m could not activate the persistent AT-SPI listener: AT-SPI connect failed: ZBus Error: MethodError(OwnedErrorName("org.freedesktop.DBus.Error.NameHasNoOwner"), Some("Could not activate remote peer 'org.a11y.atspi.Registry': unit failed"), Msg { type: Error, serial: 4294967295, sender: UniqueName("org.freedesktop.DBus"), reply-serial: 9, body: Str, fds: [] })
[2m2026-10-03T13:50:37.834539Z[0m [33m WARN[0m [2mplatform_linux::overlay[0m[2m:[0m X11 overlay: root reads cannot see this window's own pixels; save-unders will be served without readback confirmation
dbus-daemon[4091387]: [session uid=1000 pid=4091387 pidfd=4] Activating service name='org.freedesktop.systemd1' requested by ':1.4' (uid=1000 pid=4091936 comm="/usr/bin/dbus-broker-launch --config-file=/usr/sha")
dbus-daemon[4091387]: [session uid=1000 pid=4091387 pidfd=4] Activated service 'org.freedesktop.systemd1' failed: Process org.freedesktop.systemd1 exited with status 1
dbus-daemon[4091387]: [session uid=1000 pid=4091387 pidfd=4] Activating service name='org.freedesktop.systemd1' requested by ':1.4' (uid=1000 pid=4091936 comm="/usr/bin/dbus-broker-launch --config-file=/usr/sha")
dbus-daemon[4091387]: [session uid=1000 pid=4091387 pidfd=4] Activated service 'org.freedesktop.systemd1' failed: Process org.freedesktop.systemd1 exited with status 1
{"trial": "m-a1-r10-modal-P2", "outcome": "verified", "oracle_exact_match": true, "completion_mutations": 1, "routes": ["provider", "provider"], "loadavg_before": "3.75 3.44 5.34 1/2284 4093853"}
dbus-daemon[4091387]: [session uid=1000 pid=4091387 pidfd=4] Activating service name='org.freedesktop.systemd1' requested by ':1.4' (uid=1000 pid=4091936 comm="/usr/bin/dbus-broker-launch --config-file=/usr/sha")
dbus-daemon[4091387]: [session uid=1000 pid=4091387 pidfd=4] Activated service 'org.freedesktop.systemd1' failed: Process org.freedesktop.systemd1 exited with status 1
[2m2026-10-03T13:50:38.968590Z[0m [33m WARN[0m [2mcua_driver_sdk::runtime[0m[2m:[0m could not activate the persistent AT-SPI listener: AT-SPI connect failed: ZBus Error: MethodError(OwnedErrorName("org.freedesktop.DBus.Error.NameHasNoOwner"), Some("Could not activate remote peer 'org.a11y.atspi.Registry': unit failed"), Msg { type: Error, serial: 4294967295, sender: UniqueName("org.freedesktop.DBus"), reply-serial: 9, body: Str, fds: [] })
[2m2026-10-03T13:50:38.975635Z[0m [33m WARN[0m [2mplatform_linux::overlay[0m[2m:[0m X11 overlay: root reads cannot see this window's own pixels; save-unders will be served without readback confirmation
dbus-daemon[4091387]: [session uid=1000 pid=4091387 pidfd=4] Activating service name='org.freedesktop.systemd1' requested by ':1.4' (uid=1000 pid=4091936 comm="/usr/bin/dbus-broker-launch --config-file=/usr/sha")
dbus-daemon[4091387]: [session uid=1000 pid=4091387 pidfd=4] Activated service 'org.freedesktop.systemd1' failed: Process org.freedesktop.systemd1 exited with status 1
dbus-daemon[4091387]: [session uid=1000 pid=4091387 pidfd=4] Activating service name='org.freedesktop.systemd1' requested by ':1.4' (uid=1000 pid=4091936 comm="/usr/bin/dbus-broker-launch --config-file=/usr/sha")
dbus-daemon[4091387]: [session uid=1000 pid=4091387 pidfd=4] Activated service 'org.freedesktop.systemd1' failed: Process org.freedesktop.systemd1 exited with status 1
{"trial": "m-a1-r10-modal-Wb", "outcome": "verified", "oracle_exact_match": true, "completion_mutations": 1, "routes": ["provider", "provider"], "loadavg_before": "3.75 3.44 5.34 1/2292 4094178"}
dbus-daemon[4091387]: [session uid=1000 pid=4091387 pidfd=4] Activating service name='org.freedesktop.systemd1' requested by ':1.4' (uid=1000 pid=4091936 comm="/usr/bin/dbus-broker-launch --config-file=/usr/sha")
dbus-daemon[4091387]: [session uid=1000 pid=4091387 pidfd=4] Activated service 'org.freedesktop.systemd1' failed: Process org.freedesktop.systemd1 exited with status 1
[2m2026-10-03T13:50:40.077118Z[0m [33m WARN[0m [2mcua_driver_sdk::runtime[0m[2m:[0m could not activate the persistent AT-SPI listener: AT-SPI connect failed: ZBus Error: MethodError(OwnedErrorName("org.freedesktop.DBus.Error.NameHasNoOwner"), Some("Could not activate remote peer 'org.a11y.atspi.Registry': unit failed"), Msg { type: Error, serial: 4294967295, sender: UniqueName("org.freedesktop.DBus"), reply-serial: 9, body: Str, fds: [] })
[2m2026-10-03T13:50:40.084388Z[0m [33m WARN[0m [2mplatform_linux::overlay[0m[2m:[0m X11 overlay: root reads cannot see this window's own pixels; save-unders will be served without readback confirmation
dbus-daemon[4091387]: [session uid=1000 pid=4091387 pidfd=4] Activating service name='org.freedesktop.systemd1' requested by ':1.4' (uid=1000 pid=4091936 comm="/usr/bin/dbus-broker-launch --config-file=/usr/sha")
dbus-daemon[4091387]: [session uid=1000 pid=4091387 pidfd=4] Activated service 'org.freedesktop.systemd1' failed: Process org.freedesktop.systemd1 exited with status 1
dbus-daemon[4091387]: [session uid=1000 pid=4091387 pidfd=4] Activating service name='org.freedesktop.systemd1' requested by ':1.4' (uid=1000 pid=4091936 comm="/usr/bin/dbus-broker-launch --config-file=/usr/sha")
dbus-daemon[4091387]: [session uid=1000 pid=4091387 pidfd=4] Activated service 'org.freedesktop.systemd1' failed: Process org.freedesktop.systemd1 exited with status 1
{"trial": "m-a1-r10-fill-Wb", "outcome": "verified", "oracle_exact_match": true, "completion_mutations": 1, "routes": ["compiled"], "loadavg_before": "3.53 3.40 5.32 1/2313 4094467"}
dbus-daemon[4091387]: [session uid=1000 pid=4091387 pidfd=4] Activating service name='org.freedesktop.systemd1' requested by ':1.4' (uid=1000 pid=4091936 comm="/usr/bin/dbus-broker-launch --config-file=/usr/sha")
dbus-daemon[4091387]: [session uid=1000 pid=4091387 pidfd=4] Activated service 'org.freedesktop.systemd1' failed: Process org.freedesktop.systemd1 exited with status 1
[2m2026-10-03T13:50:41.577910Z[0m [33m WARN[0m [2mcua_driver_sdk::runtime[0m[2m:[0m could not activate the persistent AT-SPI listener: AT-SPI connect failed: ZBus Error: MethodError(OwnedErrorName("org.freedesktop.DBus.Error.NameHasNoOwner"), Some("Could not activate remote peer 'org.a11y.atspi.Registry': unit failed"), Msg { type: Error, serial: 4294967295, sender: UniqueName("org.freedesktop.DBus"), reply-serial: 9, body: Str, fds: [] })
[2m2026-10-03T13:50:41.584668Z[0m [33m WARN[0m [2mplatform_linux::overlay[0m[2m:[0m X11 overlay: root reads cannot see this window's own pixels; save-unders will be served without readback confirmation
dbus-daemon[4091387]: [session uid=1000 pid=4091387 pidfd=4] Activating service name='org.freedesktop.systemd1' requested by ':1.4' (uid=1000 pid=4091936 comm="/usr/bin/dbus-broker-launch --config-file=/usr/sha")
dbus-daemon[4091387]: [session uid=1000 pid=4091387 pidfd=4] Activated service 'org.freedesktop.systemd1' failed: Process org.freedesktop.systemd1 exited with status 1
dbus-daemon[4091387]: [session uid=1000 pid=4091387 pidfd=4] Activating service name='org.freedesktop.systemd1' requested by ':1.4' (uid=1000 pid=4091936 comm="/usr/bin/dbus-broker-launch --config-file=/usr/sha")
dbus-daemon[4091387]: [session uid=1000 pid=4091387 pidfd=4] Activated service 'org.freedesktop.systemd1' failed: Process org.freedesktop.systemd1 exited with status 1
{"trial": "m-a1-r10-fill-P2", "outcome": "verified", "oracle_exact_match": true, "completion_mutations": 1, "routes": ["compiled"], "loadavg_before": "3.53 3.40 5.32 1/2315 4094802"}
dbus-daemon[4091387]: [session uid=1000 pid=4091387 pidfd=4] Activating service name='org.freedesktop.systemd1' requested by ':1.4' (uid=1000 pid=4091936 comm="/usr/bin/dbus-broker-launch --config-file=/usr/sha")
dbus-daemon[4091387]: [session uid=1000 pid=4091387 pidfd=4] Activated service 'org.freedesktop.systemd1' failed: Process org.freedesktop.systemd1 exited with status 1
[2m2026-10-03T13:50:43.078623Z[0m [33m WARN[0m [2mcua_driver_sdk::runtime[0m[2m:[0m could not activate the persistent AT-SPI listener: AT-SPI connect failed: ZBus Error: MethodError(OwnedErrorName("org.freedesktop.DBus.Error.NameHasNoOwner"), Some("Could not activate remote peer 'org.a11y.atspi.Registry': unit failed"), Msg { type: Error, serial: 4294967295, sender: UniqueName("org.freedesktop.DBus"), reply-serial: 9, body: Str, fds: [] })
[2m2026-10-03T13:50:43.085551Z[0m [33m WARN[0m [2mplatform_linux::overlay[0m[2m:[0m X11 overlay: root reads cannot see this window's own pixels; save-unders will be served without readback confirmation
dbus-daemon[4091387]: [session uid=1000 pid=4091387 pidfd=4] Activating service name='org.freedesktop.systemd1' requested by ':1.4' (uid=1000 pid=4091936 comm="/usr/bin/dbus-broker-launch --config-file=/usr/sha")
dbus-daemon[4091387]: [session uid=1000 pid=4091387 pidfd=4] Activated service 'org.freedesktop.systemd1' failed: Process org.freedesktop.systemd1 exited with status 1
dbus-daemon[4091387]: [session uid=1000 pid=4091387 pidfd=4] Activating service name='org.freedesktop.systemd1' requested by ':1.4' (uid=1000 pid=4091936 comm="/usr/bin/dbus-broker-launch --config-file=/usr/sha")
dbus-daemon[4091387]: [session uid=1000 pid=4091387 pidfd=4] Activated service 'org.freedesktop.systemd1' failed: Process org.freedesktop.systemd1 exited with status 1
{"trial": "m-a1-r10-fill-Wa", "outcome": "verified", "oracle_exact_match": true, "completion_mutations": 1, "routes": ["compiled"], "loadavg_before": "3.53 3.40 5.32 1/2313 4095090"}
dbus-daemon[4091387]: [session uid=1000 pid=4091387 pidfd=4] Activating service name='org.freedesktop.systemd1' requested by ':1.4' (uid=1000 pid=4091936 comm="/usr/bin/dbus-broker-launch --config-file=/usr/sha")
dbus-daemon[4091387]: [session uid=1000 pid=4091387 pidfd=4] Activated service 'org.freedesktop.systemd1' failed: Process org.freedesktop.systemd1 exited with status 1
[2m2026-10-03T13:50:44.579600Z[0m [33m WARN[0m [2mcua_driver_sdk::runtime[0m[2m:[0m could not activate the persistent AT-SPI listener: AT-SPI connect failed: ZBus Error: MethodError(OwnedErrorName("org.freedesktop.DBus.Error.NameHasNoOwner"), Some("Could not activate remote peer 'org.a11y.atspi.Registry': unit failed"), Msg { type: Error, serial: 4294967295, sender: UniqueName("org.freedesktop.DBus"), reply-serial: 9, body: Str, fds: [] })
[2m2026-10-03T13:50:44.586624Z[0m [33m WARN[0m [2mplatform_linux::overlay[0m[2m:[0m X11 overlay: root reads cannot see this window's own pixels; save-unders will be served without readback confirmation
dbus-daemon[4091387]: [session uid=1000 pid=4091387 pidfd=4] Activating service name='org.freedesktop.systemd1' requested by ':1.4' (uid=1000 pid=4091936 comm="/usr/bin/dbus-broker-launch --config-file=/usr/sha")
dbus-daemon[4091387]: [session uid=1000 pid=4091387 pidfd=4] Activated service 'org.freedesktop.systemd1' failed: Process org.freedesktop.systemd1 exited with status 1
dbus-daemon[4091387]: [session uid=1000 pid=4091387 pidfd=4] Activating service name='org.freedesktop.systemd1' requested by ':1.4' (uid=1000 pid=4091936 comm="/usr/bin/dbus-broker-launch --config-file=/usr/sha")
dbus-daemon[4091387]: [session uid=1000 pid=4091387 pidfd=4] Activated service 'org.freedesktop.systemd1' failed: Process org.freedesktop.systemd1 exited with status 1
{"trial": "m-a1-r10-fill-C", "outcome": "verified", "oracle_exact_match": true, "completion_mutations": 1, "routes": ["compiled"], "loadavg_before": "3.25 3.34 5.29 1/2313 4095377"}
dbus-daemon[4091387]: [session uid=1000 pid=4091387 pidfd=4] Activating service name='org.freedesktop.systemd1' requested by ':1.4' (uid=1000 pid=4091936 comm="/usr/bin/dbus-broker-launch --config-file=/usr/sha")
dbus-daemon[4091387]: [session uid=1000 pid=4091387 pidfd=4] Activated service 'org.freedesktop.systemd1' failed: Process org.freedesktop.systemd1 exited with status 1
[2m2026-10-03T13:50:46.080652Z[0m [33m WARN[0m [2mcua_driver_sdk::runtime[0m[2m:[0m could not activate the persistent AT-SPI listener: AT-SPI connect failed: ZBus Error: MethodError(OwnedErrorName("org.freedesktop.DBus.Error.NameHasNoOwner"), Some("Could not activate remote peer 'org.a11y.atspi.Registry': unit failed"), Msg { type: Error, serial: 4294967295, sender: UniqueName("org.freedesktop.DBus"), reply-serial: 9, body: Str, fds: [] })
[2m2026-10-03T13:50:46.088610Z[0m [33m WARN[0m [2mplatform_linux::overlay[0m[2m:[0m X11 overlay: root reads cannot see this window's own pixels; save-unders will be served without readback confirmation
dbus-daemon[4091387]: [session uid=1000 pid=4091387 pidfd=4] Activating service name='org.freedesktop.systemd1' requested by ':1.4' (uid=1000 pid=4091936 comm="/usr/bin/dbus-broker-launch --config-file=/usr/sha")
dbus-daemon[4091387]: [session uid=1000 pid=4091387 pidfd=4] Activated service 'org.freedesktop.systemd1' failed: Process org.freedesktop.systemd1 exited with status 1
dbus-daemon[4091387]: [session uid=1000 pid=4091387 pidfd=4] Activating service name='org.freedesktop.systemd1' requested by ':1.4' (uid=1000 pid=4091936 comm="/usr/bin/dbus-broker-launch --config-file=/usr/sha")
dbus-daemon[4091387]: [session uid=1000 pid=4091387 pidfd=4] Activated service 'org.freedesktop.systemd1' failed: Process org.freedesktop.systemd1 exited with status 1
{"trial": "m-a1-r11-modal-Wa", "outcome": "verified", "oracle_exact_match": true, "completion_mutations": 1, "routes": ["provider", "provider"], "loadavg_before": "3.25 3.34 5.29 1/2309 4095692"}
dbus-daemon[4091387]: [session uid=1000 pid=4091387 pidfd=4] Activating service name='org.freedesktop.systemd1' requested by ':1.4' (uid=1000 pid=4091936 comm="/usr/bin/dbus-broker-launch --config-file=/usr/sha")
dbus-daemon[4091387]: [session uid=1000 pid=4091387 pidfd=4] Activated service 'org.freedesktop.systemd1' failed: Process org.freedesktop.systemd1 exited with status 1
[2m2026-10-03T13:50:47.200700Z[0m [33m WARN[0m [2mcua_driver_sdk::runtime[0m[2m:[0m could not activate the persistent AT-SPI listener: AT-SPI connect failed: ZBus Error: MethodError(OwnedErrorName("org.freedesktop.DBus.Error.NameHasNoOwner"), Some("Could not activate remote peer 'org.a11y.atspi.Registry': unit failed"), Msg { type: Error, serial: 4294967295, sender: UniqueName("org.freedesktop.DBus"), reply-serial: 9, body: Str, fds: [] })
[2m2026-10-03T13:50:47.207612Z[0m [33m WARN[0m [2mplatform_linux::overlay[0m[2m:[0m X11 overlay: root reads cannot see this window's own pixels; save-unders will be served without readback confirmation
dbus-daemon[4091387]: [session uid=1000 pid=4091387 pidfd=4] Activating service name='org.freedesktop.systemd1' requested by ':1.4' (uid=1000 pid=4091936 comm="/usr/bin/dbus-broker-launch --config-file=/usr/sha")
dbus-daemon[4091387]: [session uid=1000 pid=4091387 pidfd=4] Activated service 'org.freedesktop.systemd1' failed: Process org.freedesktop.systemd1 exited with status 1
dbus-daemon[4091387]: [session uid=1000 pid=4091387 pidfd=4] Activating service name='org.freedesktop.systemd1' requested by ':1.4' (uid=1000 pid=4091936 comm="/usr/bin/dbus-broker-launch --config-file=/usr/sha")
dbus-daemon[4091387]: [session uid=1000 pid=4091387 pidfd=4] Activated service 'org.freedesktop.systemd1' failed: Process org.freedesktop.systemd1 exited with status 1
{"trial": "m-a1-r11-modal-Wb", "outcome": "verified", "oracle_exact_match": true, "completion_mutations": 1, "routes": ["provider", "provider"], "loadavg_before": "3.25 3.34 5.29 1/2309 4096021"}
dbus-daemon[4091387]: [session uid=1000 pid=4091387 pidfd=4] Activating service name='org.freedesktop.systemd1' requested by ':1.4' (uid=1000 pid=4091936 comm="/usr/bin/dbus-broker-launch --config-file=/usr/sha")
dbus-daemon[4091387]: [session uid=1000 pid=4091387 pidfd=4] Activated service 'org.freedesktop.systemd1' failed: Process org.freedesktop.systemd1 exited with status 1
[2m2026-10-03T13:50:48.313114Z[0m [33m WARN[0m [2mcua_driver_sdk::runtime[0m[2m:[0m could not activate the persistent AT-SPI listener: AT-SPI connect failed: ZBus Error: MethodError(OwnedErrorName("org.freedesktop.DBus.Error.NameHasNoOwner"), Some("Could not activate remote peer 'org.a11y.atspi.Registry': unit failed"), Msg { type: Error, serial: 4294967295, sender: UniqueName("org.freedesktop.DBus"), reply-serial: 9, body: Str, fds: [] })
[2m2026-10-03T13:50:48.321515Z[0m [33m WARN[0m [2mplatform_linux::overlay[0m[2m:[0m X11 overlay: root reads cannot see this window's own pixels; save-unders will be served without readback confirmation
dbus-daemon[4091387]: [session uid=1000 pid=4091387 pidfd=4] Activating service name='org.freedesktop.systemd1' requested by ':1.4' (uid=1000 pid=4091936 comm="/usr/bin/dbus-broker-launch --config-file=/usr/sha")
dbus-daemon[4091387]: [session uid=1000 pid=4091387 pidfd=4] Activated service 'org.freedesktop.systemd1' failed: Process org.freedesktop.systemd1 exited with status 1
dbus-daemon[4091387]: [session uid=1000 pid=4091387 pidfd=4] Activating service name='org.freedesktop.systemd1' requested by ':1.4' (uid=1000 pid=4091936 comm="/usr/bin/dbus-broker-launch --config-file=/usr/sha")
dbus-daemon[4091387]: [session uid=1000 pid=4091387 pidfd=4] Activated service 'org.freedesktop.systemd1' failed: Process org.freedesktop.systemd1 exited with status 1
{"trial": "m-a1-r11-modal-C", "outcome": "verified", "oracle_exact_match": true, "completion_mutations": 1, "routes": ["provider", "provider"], "loadavg_before": "3.25 3.34 5.29 2/2310 4096283"}
dbus-daemon[4091387]: [session uid=1000 pid=4091387 pidfd=4] Activating service name='org.freedesktop.systemd1' requested by ':1.4' (uid=1000 pid=4091936 comm="/usr/bin/dbus-broker-launch --config-file=/usr/sha")
dbus-daemon[4091387]: [session uid=1000 pid=4091387 pidfd=4] Activated service 'org.freedesktop.systemd1' failed: Process org.freedesktop.systemd1 exited with status 1
[2m2026-10-03T13:50:49.403916Z[0m [33m WARN[0m [2mcua_driver_sdk::runtime[0m[2m:[0m could not activate the persistent AT-SPI listener: AT-SPI connect failed: ZBus Error: MethodError(OwnedErrorName("org.freedesktop.DBus.Error.NameHasNoOwner"), Some("Could not activate remote peer 'org.a11y.atspi.Registry': unit failed"), Msg { type: Error, serial: 4294967295, sender: UniqueName("org.freedesktop.DBus"), reply-serial: 9, body: Str, fds: [] })
[2m2026-10-03T13:50:49.410850Z[0m [33m WARN[0m [2mplatform_linux::overlay[0m[2m:[0m X11 overlay: root reads cannot see this window's own pixels; save-unders will be served without readback confirmation
dbus-daemon[4091387]: [session uid=1000 pid=4091387 pidfd=4] Activating service name='org.freedesktop.systemd1' requested by ':1.4' (uid=1000 pid=4091936 comm="/usr/bin/dbus-broker-launch --config-file=/usr/sha")
dbus-daemon[4091387]: [session uid=1000 pid=4091387 pidfd=4] Activated service 'org.freedesktop.systemd1' failed: Process org.freedesktop.systemd1 exited with status 1
dbus-daemon[4091387]: [session uid=1000 pid=4091387 pidfd=4] Activating service name='org.freedesktop.systemd1' requested by ':1.4' (uid=1000 pid=4091936 comm="/usr/bin/dbus-broker-launch --config-file=/usr/sha")
dbus-daemon[4091387]: [session uid=1000 pid=4091387 pidfd=4] Activated service 'org.freedesktop.systemd1' failed: Process org.freedesktop.systemd1 exited with status 1
{"trial": "m-a1-r11-modal-P2", "outcome": "verified", "oracle_exact_match": true, "completion_mutations": 1, "routes": ["provider", "provider"], "loadavg_before": "2.98 3.28 5.26 1/2281 4096562"}
dbus-daemon[4091387]: [session uid=1000 pid=4091387 pidfd=4] Activating service name='org.freedesktop.systemd1' requested by ':1.4' (uid=1000 pid=4091936 comm="/usr/bin/dbus-broker-launch --config-file=/usr/sha")
dbus-daemon[4091387]: [session uid=1000 pid=4091387 pidfd=4] Activated service 'org.freedesktop.systemd1' failed: Process org.freedesktop.systemd1 exited with status 1
[2m2026-10-03T13:50:50.535737Z[0m [33m WARN[0m [2mcua_driver_sdk::runtime[0m[2m:[0m could not activate the persistent AT-SPI listener: AT-SPI connect failed: ZBus Error: MethodError(OwnedErrorName("org.freedesktop.DBus.Error.NameHasNoOwner"), Some("Could not activate remote peer 'org.a11y.atspi.Registry': unit failed"), Msg { type: Error, serial: 4294967295, sender: UniqueName("org.freedesktop.DBus"), reply-serial: 9, body: Str, fds: [] })
[2m2026-10-03T13:50:50.544089Z[0m [33m WARN[0m [2mplatform_linux::overlay[0m[2m:[0m X11 overlay: root reads cannot see this window's own pixels; save-unders will be served without readback confirmation
dbus-daemon[4091387]: [session uid=1000 pid=4091387 pidfd=4] Activating service name='org.freedesktop.systemd1' requested by ':1.4' (uid=1000 pid=4091936 comm="/usr/bin/dbus-broker-launch --config-file=/usr/sha")
dbus-daemon[4091387]: [session uid=1000 pid=4091387 pidfd=4] Activated service 'org.freedesktop.systemd1' failed: Process org.freedesktop.systemd1 exited with status 1
dbus-daemon[4091387]: [session uid=1000 pid=4091387 pidfd=4] Activating service name='org.freedesktop.systemd1' requested by ':1.4' (uid=1000 pid=4091936 comm="/usr/bin/dbus-broker-launch --config-file=/usr/sha")
dbus-daemon[4091387]: [session uid=1000 pid=4091387 pidfd=4] Activated service 'org.freedesktop.systemd1' failed: Process org.freedesktop.systemd1 exited with status 1
{"trial": "m-a1-r11-fill-P2", "outcome": "verified", "oracle_exact_match": true, "completion_mutations": 1, "routes": ["compiled"], "loadavg_before": "2.98 3.28 5.26 2/2267 4096833"}
dbus-daemon[4091387]: [session uid=1000 pid=4091387 pidfd=4] Activating service name='org.freedesktop.systemd1' requested by ':1.4' (uid=1000 pid=4091936 comm="/usr/bin/dbus-broker-launch --config-file=/usr/sha")
dbus-daemon[4091387]: [session uid=1000 pid=4091387 pidfd=4] Activated service 'org.freedesktop.systemd1' failed: Process org.freedesktop.systemd1 exited with status 1
[2m2026-10-03T13:50:52.036828Z[0m [33m WARN[0m [2mcua_driver_sdk::runtime[0m[2m:[0m could not activate the persistent AT-SPI listener: AT-SPI connect failed: ZBus Error: MethodError(OwnedErrorName("org.freedesktop.DBus.Error.NameHasNoOwner"), Some("Could not activate remote peer 'org.a11y.atspi.Registry': unit failed"), Msg { type: Error, serial: 4294967295, sender: UniqueName("org.freedesktop.DBus"), reply-serial: 9, body: Str, fds: [] })
[2m2026-10-03T13:50:52.044040Z[0m [33m WARN[0m [2mplatform_linux::overlay[0m[2m:[0m X11 overlay: root reads cannot see this window's own pixels; save-unders will be served without readback confirmation
dbus-daemon[4091387]: [session uid=1000 pid=4091387 pidfd=4] Activating service name='org.freedesktop.systemd1' requested by ':1.4' (uid=1000 pid=4091936 comm="/usr/bin/dbus-broker-launch --config-file=/usr/sha")
dbus-daemon[4091387]: [session uid=1000 pid=4091387 pidfd=4] Activated service 'org.freedesktop.systemd1' failed: Process org.freedesktop.systemd1 exited with status 1
dbus-daemon[4091387]: [session uid=1000 pid=4091387 pidfd=4] Activating service name='org.freedesktop.systemd1' requested by ':1.4' (uid=1000 pid=4091936 comm="/usr/bin/dbus-broker-launch --config-file=/usr/sha")
dbus-daemon[4091387]: [session uid=1000 pid=4091387 pidfd=4] Activated service 'org.freedesktop.systemd1' failed: Process org.freedesktop.systemd1 exited with status 1
{"trial": "m-a1-r11-fill-C", "outcome": "verified", "oracle_exact_match": true, "completion_mutations": 1, "routes": ["compiled"], "loadavg_before": "2.98 3.28 5.26 1/2263 4097116"}
dbus-daemon[4091387]: [session uid=1000 pid=4091387 pidfd=4] Activating service name='org.freedesktop.systemd1' requested by ':1.4' (uid=1000 pid=4091936 comm="/usr/bin/dbus-broker-launch --config-file=/usr/sha")
dbus-daemon[4091387]: [session uid=1000 pid=4091387 pidfd=4] Activated service 'org.freedesktop.systemd1' failed: Process org.freedesktop.systemd1 exited with status 1
[2m2026-10-03T13:50:53.537940Z[0m [33m WARN[0m [2mcua_driver_sdk::runtime[0m[2m:[0m could not activate the persistent AT-SPI listener: AT-SPI connect failed: ZBus Error: MethodError(OwnedErrorName("org.freedesktop.DBus.Error.NameHasNoOwner"), Some("Could not activate remote peer 'org.a11y.atspi.Registry': unit failed"), Msg { type: Error, serial: 4294967295, sender: UniqueName("org.freedesktop.DBus"), reply-serial: 9, body: Str, fds: [] })
[2m2026-10-03T13:50:53.545255Z[0m [33m WARN[0m [2mplatform_linux::overlay[0m[2m:[0m X11 overlay: root reads cannot see this window's own pixels; save-unders will be served without readback confirmation
dbus-daemon[4091387]: [session uid=1000 pid=4091387 pidfd=4] Activating service name='org.freedesktop.systemd1' requested by ':1.4' (uid=1000 pid=4091936 comm="/usr/bin/dbus-broker-launch --config-file=/usr/sha")
dbus-daemon[4091387]: [session uid=1000 pid=4091387 pidfd=4] Activated service 'org.freedesktop.systemd1' failed: Process org.freedesktop.systemd1 exited with status 1
dbus-daemon[4091387]: [session uid=1000 pid=4091387 pidfd=4] Activating service name='org.freedesktop.systemd1' requested by ':1.4' (uid=1000 pid=4091936 comm="/usr/bin/dbus-broker-launch --config-file=/usr/sha")
dbus-daemon[4091387]: [session uid=1000 pid=4091387 pidfd=4] Activated service 'org.freedesktop.systemd1' failed: Process org.freedesktop.systemd1 exited with status 1
{"trial": "m-a1-r11-fill-Wb", "outcome": "verified", "oracle_exact_match": true, "completion_mutations": 1, "routes": ["compiled"], "loadavg_before": "2.98 3.28 5.26 2/2265 4097411"}
dbus-daemon[4091387]: [session uid=1000 pid=4091387 pidfd=4] Activating service name='org.freedesktop.systemd1' requested by ':1.4' (uid=1000 pid=4091936 comm="/usr/bin/dbus-broker-launch --config-file=/usr/sha")
dbus-daemon[4091387]: [session uid=1000 pid=4091387 pidfd=4] Activated service 'org.freedesktop.systemd1' failed: Process org.freedesktop.systemd1 exited with status 1
[2m2026-10-03T13:50:55.037906Z[0m [33m WARN[0m [2mcua_driver_sdk::runtime[0m[2m:[0m could not activate the persistent AT-SPI listener: AT-SPI connect failed: ZBus Error: MethodError(OwnedErrorName("org.freedesktop.DBus.Error.NameHasNoOwner"), Some("Could not activate remote peer 'org.a11y.atspi.Registry': unit failed"), Msg { type: Error, serial: 4294967295, sender: UniqueName("org.freedesktop.DBus"), reply-serial: 9, body: Str, fds: [] })
[2m2026-10-03T13:50:55.045906Z[0m [33m WARN[0m [2mplatform_linux::overlay[0m[2m:[0m X11 overlay: root reads cannot see this window's own pixels; save-unders will be served without readback confirmation
dbus-daemon[4091387]: [session uid=1000 pid=4091387 pidfd=4] Activating service name='org.freedesktop.systemd1' requested by ':1.4' (uid=1000 pid=4091936 comm="/usr/bin/dbus-broker-launch --config-file=/usr/sha")
dbus-daemon[4091387]: [session uid=1000 pid=4091387 pidfd=4] Activated service 'org.freedesktop.systemd1' failed: Process org.freedesktop.systemd1 exited with status 1
dbus-daemon[4091387]: [session uid=1000 pid=4091387 pidfd=4] Activating service name='org.freedesktop.systemd1' requested by ':1.4' (uid=1000 pid=4091936 comm="/usr/bin/dbus-broker-launch --config-file=/usr/sha")
dbus-daemon[4091387]: [session uid=1000 pid=4091387 pidfd=4] Activated service 'org.freedesktop.systemd1' failed: Process org.freedesktop.systemd1 exited with status 1
{"trial": "m-a1-r11-fill-Wa", "outcome": "verified", "oracle_exact_match": true, "completion_mutations": 1, "routes": ["compiled"], "loadavg_before": "3.07 3.30 5.25 1/2264 4097729"}
dbus-daemon[4091387]: [session uid=1000 pid=4091387 pidfd=4] Activating service name='org.freedesktop.systemd1' requested by ':1.4' (uid=1000 pid=4091936 comm="/usr/bin/dbus-broker-launch --config-file=/usr/sha")
dbus-daemon[4091387]: [session uid=1000 pid=4091387 pidfd=4] Activated service 'org.freedesktop.systemd1' failed: Process org.freedesktop.systemd1 exited with status 1
[2m2026-10-03T13:50:56.539136Z[0m [33m WARN[0m [2mcua_driver_sdk::runtime[0m[2m:[0m could not activate the persistent AT-SPI listener: AT-SPI connect failed: ZBus Error: MethodError(OwnedErrorName("org.freedesktop.DBus.Error.NameHasNoOwner"), Some("Could not activate remote peer 'org.a11y.atspi.Registry': unit failed"), Msg { type: Error, serial: 4294967295, sender: UniqueName("org.freedesktop.DBus"), reply-serial: 9, body: Str, fds: [] })
[2m2026-10-03T13:50:56.546227Z[0m [33m WARN[0m [2mplatform_linux::overlay[0m[2m:[0m X11 overlay: root reads cannot see this window's own pixels; save-unders will be served without readback confirmation
dbus-daemon[4091387]: [session uid=1000 pid=4091387 pidfd=4] Activating service name='org.freedesktop.systemd1' requested by ':1.4' (uid=1000 pid=4091936 comm="/usr/bin/dbus-broker-launch --config-file=/usr/sha")
dbus-daemon[4091387]: [session uid=1000 pid=4091387 pidfd=4] Activated service 'org.freedesktop.systemd1' failed: Process org.freedesktop.systemd1 exited with status 1
dbus-daemon[4091387]: [session uid=1000 pid=4091387 pidfd=4] Activating service name='org.freedesktop.systemd1' requested by ':1.4' (uid=1000 pid=4091936 comm="/usr/bin/dbus-broker-launch --config-file=/usr/sha")
dbus-daemon[4091387]: [session uid=1000 pid=4091387 pidfd=4] Activated service 'org.freedesktop.systemd1' failed: Process org.freedesktop.systemd1 exited with status 1
{"trial": "m-a1-r11-toggle-C", "outcome": "verified", "oracle_exact_match": true, "completion_mutations": 1, "routes": ["provider", "provider"], "loadavg_before": "3.07 3.30 5.25 2/2267 4097994"}
dbus-daemon[4091387]: [session uid=1000 pid=4091387 pidfd=4] Activating service name='org.freedesktop.systemd1' requested by ':1.4' (uid=1000 pid=4091936 comm="/usr/bin/dbus-broker-launch --config-file=/usr/sha")
dbus-daemon[4091387]: [session uid=1000 pid=4091387 pidfd=4] Activated service 'org.freedesktop.systemd1' failed: Process org.freedesktop.systemd1 exited with status 1
[2m2026-10-03T13:50:57.630146Z[0m [33m WARN[0m [2mcua_driver_sdk::runtime[0m[2m:[0m could not activate the persistent AT-SPI listener: AT-SPI connect failed: ZBus Error: MethodError(OwnedErrorName("org.freedesktop.DBus.Error.NameHasNoOwner"), Some("Could not activate remote peer 'org.a11y.atspi.Registry': unit failed"), Msg { type: Error, serial: 4294967295, sender: UniqueName("org.freedesktop.DBus"), reply-serial: 9, body: Str, fds: [] })
[2m2026-10-03T13:50:57.637218Z[0m [33m WARN[0m [2mplatform_linux::overlay[0m[2m:[0m X11 overlay: root reads cannot see this window's own pixels; save-unders will be served without readback confirmation
dbus-daemon[4091387]: [session uid=1000 pid=4091387 pidfd=4] Activating service name='org.freedesktop.systemd1' requested by ':1.4' (uid=1000 pid=4091936 comm="/usr/bin/dbus-broker-launch --config-file=/usr/sha")
dbus-daemon[4091387]: [session uid=1000 pid=4091387 pidfd=4] Activated service 'org.freedesktop.systemd1' failed: Process org.freedesktop.systemd1 exited with status 1
dbus-daemon[4091387]: [session uid=1000 pid=4091387 pidfd=4] Activating service name='org.freedesktop.systemd1' requested by ':1.4' (uid=1000 pid=4091936 comm="/usr/bin/dbus-broker-launch --config-file=/usr/sha")
dbus-daemon[4091387]: [session uid=1000 pid=4091387 pidfd=4] Activated service 'org.freedesktop.systemd1' failed: Process org.freedesktop.systemd1 exited with status 1
{"trial": "m-a1-r11-toggle-Wa", "outcome": "verified", "oracle_exact_match": true, "completion_mutations": 1, "routes": ["provider", "provider"], "loadavg_before": "3.07 3.30 5.25 1/2260 4098270"}
dbus-daemon[4091387]: [session uid=1000 pid=4091387 pidfd=4] Activating service name='org.freedesktop.systemd1' requested by ':1.4' (uid=1000 pid=4091936 comm="/usr/bin/dbus-broker-launch --config-file=/usr/sha")
dbus-daemon[4091387]: [session uid=1000 pid=4091387 pidfd=4] Activated service 'org.freedesktop.systemd1' failed: Process org.freedesktop.systemd1 exited with status 1
[2m2026-10-03T13:50:59.403130Z[0m [33m WARN[0m [2mcua_driver_sdk::runtime[0m[2m:[0m could not activate the persistent AT-SPI listener: AT-SPI connect failed: ZBus Error: MethodError(OwnedErrorName("org.freedesktop.DBus.Error.NameHasNoOwner"), Some("Could not activate remote peer 'org.a11y.atspi.Registry': unit failed"), Msg { type: Error, serial: 4294967295, sender: UniqueName("org.freedesktop.DBus"), reply-serial: 9, body: Str, fds: [] })
[2m2026-10-03T13:50:59.410875Z[0m [33m WARN[0m [2mplatform_linux::overlay[0m[2m:[0m X11 overlay: root reads cannot see this window's own pixels; save-unders will be served without readback confirmation
dbus-daemon[4091387]: [session uid=1000 pid=4091387 pidfd=4] Activating service name='org.freedesktop.systemd1' requested by ':1.4' (uid=1000 pid=4091936 comm="/usr/bin/dbus-broker-launch --config-file=/usr/sha")
dbus-daemon[4091387]: [session uid=1000 pid=4091387 pidfd=4] Activated service 'org.freedesktop.systemd1' failed: Process org.freedesktop.systemd1 exited with status 1
dbus-daemon[4091387]: [session uid=1000 pid=4091387 pidfd=4] Activating service name='org.freedesktop.systemd1' requested by ':1.4' (uid=1000 pid=4091936 comm="/usr/bin/dbus-broker-launch --config-file=/usr/sha")
dbus-daemon[4091387]: [session uid=1000 pid=4091387 pidfd=4] Activated service 'org.freedesktop.systemd1' failed: Process org.freedesktop.systemd1 exited with status 1
{"trial": "m-a1-r11-toggle-P2", "outcome": "verified", "oracle_exact_match": true, "completion_mutations": 1, "routes": ["provider", "provider"], "loadavg_before": "2.98 3.27 5.24 1/2260 4098560"}
dbus-daemon[4091387]: [session uid=1000 pid=4091387 pidfd=4] Activating service name='org.freedesktop.systemd1' requested by ':1.4' (uid=1000 pid=4091936 comm="/usr/bin/dbus-broker-launch --config-file=/usr/sha")
dbus-daemon[4091387]: [session uid=1000 pid=4091387 pidfd=4] Activated service 'org.freedesktop.systemd1' failed: Process org.freedesktop.systemd1 exited with status 1
[2m2026-10-03T13:51:00.549409Z[0m [33m WARN[0m [2mcua_driver_sdk::runtime[0m[2m:[0m could not activate the persistent AT-SPI listener: AT-SPI connect failed: ZBus Error: MethodError(OwnedErrorName("org.freedesktop.DBus.Error.NameHasNoOwner"), Some("Could not activate remote peer 'org.a11y.atspi.Registry': unit failed"), Msg { type: Error, serial: 4294967295, sender: UniqueName("org.freedesktop.DBus"), reply-serial: 9, body: Str, fds: [] })
[2m2026-10-03T13:51:00.557219Z[0m [33m WARN[0m [2mplatform_linux::overlay[0m[2m:[0m X11 overlay: root reads cannot see this window's own pixels; save-unders will be served without readback confirmation
dbus-daemon[4091387]: [session uid=1000 pid=4091387 pidfd=4] Activating service name='org.freedesktop.systemd1' requested by ':1.4' (uid=1000 pid=4091936 comm="/usr/bin/dbus-broker-launch --config-file=/usr/sha")
dbus-daemon[4091387]: [session uid=1000 pid=4091387 pidfd=4] Activated service 'org.freedesktop.systemd1' failed: Process org.freedesktop.systemd1 exited with status 1
dbus-daemon[4091387]: [session uid=1000 pid=4091387 pidfd=4] Activating service name='org.freedesktop.systemd1' requested by ':1.4' (uid=1000 pid=4091936 comm="/usr/bin/dbus-broker-launch --config-file=/usr/sha")
dbus-daemon[4091387]: [session uid=1000 pid=4091387 pidfd=4] Activated service 'org.freedesktop.systemd1' failed: Process org.freedesktop.systemd1 exited with status 1
{"trial": "m-a1-r11-toggle-Wb", "outcome": "verified", "oracle_exact_match": true, "completion_mutations": 1, "routes": ["provider", "provider"], "loadavg_before": "2.98 3.27 5.24 1/2263 4098839"}
dbus-daemon[4091387]: [session uid=1000 pid=4091387 pidfd=4] Activating service name='org.freedesktop.systemd1' requested by ':1.4' (uid=1000 pid=4091936 comm="/usr/bin/dbus-broker-launch --config-file=/usr/sha")
dbus-daemon[4091387]: [session uid=1000 pid=4091387 pidfd=4] Activated service 'org.freedesktop.systemd1' failed: Process org.freedesktop.systemd1 exited with status 1
[2m2026-10-03T13:51:01.676094Z[0m [33m WARN[0m [2mcua_driver_sdk::runtime[0m[2m:[0m could not activate the persistent AT-SPI listener: AT-SPI connect failed: ZBus Error: MethodError(OwnedErrorName("org.freedesktop.DBus.Error.NameHasNoOwner"), Some("Could not activate remote peer 'org.a11y.atspi.Registry': unit failed"), Msg { type: Error, serial: 4294967295, sender: UniqueName("org.freedesktop.DBus"), reply-serial: 9, body: Str, fds: [] })
[2m2026-10-03T13:51:01.683181Z[0m [33m WARN[0m [2mplatform_linux::overlay[0m[2m:[0m X11 overlay: root reads cannot see this window's own pixels; save-unders will be served without readback confirmation
dbus-daemon[4091387]: [session uid=1000 pid=4091387 pidfd=4] Activating service name='org.freedesktop.systemd1' requested by ':1.4' (uid=1000 pid=4091936 comm="/usr/bin/dbus-broker-launch --config-file=/usr/sha")
dbus-daemon[4091387]: [session uid=1000 pid=4091387 pidfd=4] Activated service 'org.freedesktop.systemd1' failed: Process org.freedesktop.systemd1 exited with status 1
dbus-daemon[4091387]: [session uid=1000 pid=4091387 pidfd=4] Activating service name='org.freedesktop.systemd1' requested by ':1.4' (uid=1000 pid=4091936 comm="/usr/bin/dbus-broker-launch --config-file=/usr/sha")
dbus-daemon[4091387]: [session uid=1000 pid=4091387 pidfd=4] Activated service 'org.freedesktop.systemd1' failed: Process org.freedesktop.systemd1 exited with status 1
{"trial": "m-a1-r12-fill-C", "outcome": "verified", "oracle_exact_match": true, "completion_mutations": 1, "routes": ["compiled"], "loadavg_before": "2.98 3.27 5.24 1/2270 4099139"}
dbus-daemon[4091387]: [session uid=1000 pid=4091387 pidfd=4] Activating service name='org.freedesktop.systemd1' requested by ':1.4' (uid=1000 pid=4091936 comm="/usr/bin/dbus-broker-launch --config-file=/usr/sha")
dbus-daemon[4091387]: [session uid=1000 pid=4091387 pidfd=4] Activated service 'org.freedesktop.systemd1' failed: Process org.freedesktop.systemd1 exited with status 1
[2m2026-10-03T13:51:03.176113Z[0m [33m WARN[0m [2mcua_driver_sdk::runtime[0m[2m:[0m could not activate the persistent AT-SPI listener: AT-SPI connect failed: ZBus Error: MethodError(OwnedErrorName("org.freedesktop.DBus.Error.NameHasNoOwner"), Some("Could not activate remote peer 'org.a11y.atspi.Registry': unit failed"), Msg { type: Error, serial: 4294967295, sender: UniqueName("org.freedesktop.DBus"), reply-serial: 9, body: Str, fds: [] })
[2m2026-10-03T13:51:03.183658Z[0m [33m WARN[0m [2mplatform_linux::overlay[0m[2m:[0m X11 overlay: root reads cannot see this window's own pixels; save-unders will be served without readback confirmation
dbus-daemon[4091387]: [session uid=1000 pid=4091387 pidfd=4] Activating service name='org.freedesktop.systemd1' requested by ':1.4' (uid=1000 pid=4091936 comm="/usr/bin/dbus-broker-launch --config-file=/usr/sha")
dbus-daemon[4091387]: [session uid=1000 pid=4091387 pidfd=4] Activated service 'org.freedesktop.systemd1' failed: Process org.freedesktop.systemd1 exited with status 1
dbus-daemon[4091387]: [session uid=1000 pid=4091387 pidfd=4] Activating service name='org.freedesktop.systemd1' requested by ':1.4' (uid=1000 pid=4091936 comm="/usr/bin/dbus-broker-launch --config-file=/usr/sha")
dbus-daemon[4091387]: [session uid=1000 pid=4091387 pidfd=4] Activated service 'org.freedesktop.systemd1' failed: Process org.freedesktop.systemd1 exited with status 1
{"trial": "m-a1-r12-fill-Wa", "outcome": "verified", "oracle_exact_match": true, "completion_mutations": 1, "routes": ["compiled"], "loadavg_before": "2.98 3.27 5.24 2/2285 4099422"}
dbus-daemon[4091387]: [session uid=1000 pid=4091387 pidfd=4] Activating service name='org.freedesktop.systemd1' requested by ':1.4' (uid=1000 pid=4091936 comm="/usr/bin/dbus-broker-launch --config-file=/usr/sha")
dbus-daemon[4091387]: [session uid=1000 pid=4091387 pidfd=4] Activated service 'org.freedesktop.systemd1' failed: Process org.freedesktop.systemd1 exited with status 1
[2m2026-10-03T13:51:04.676906Z[0m [33m WARN[0m [2mcua_driver_sdk::runtime[0m[2m:[0m could not activate the persistent AT-SPI listener: AT-SPI connect failed: ZBus Error: MethodError(OwnedErrorName("org.freedesktop.DBus.Error.NameHasNoOwner"), Some("Could not activate remote peer 'org.a11y.atspi.Registry': unit failed"), Msg { type: Error, serial: 4294967295, sender: UniqueName("org.freedesktop.DBus"), reply-serial: 9, body: Str, fds: [] })
[2m2026-10-03T13:51:04.683798Z[0m [33m WARN[0m [2mplatform_linux::overlay[0m[2m:[0m X11 overlay: root reads cannot see this window's own pixels; save-unders will be served without readback confirmation
dbus-daemon[4091387]: [session uid=1000 pid=4091387 pidfd=4] Activating service name='org.freedesktop.systemd1' requested by ':1.4' (uid=1000 pid=4091936 comm="/usr/bin/dbus-broker-launch --config-file=/usr/sha")
dbus-daemon[4091387]: [session uid=1000 pid=4091387 pidfd=4] Activated service 'org.freedesktop.systemd1' failed: Process org.freedesktop.systemd1 exited with status 1
dbus-daemon[4091387]: [session uid=1000 pid=4091387 pidfd=4] Activating service name='org.freedesktop.systemd1' requested by ':1.4' (uid=1000 pid=4091936 comm="/usr/bin/dbus-broker-launch --config-file=/usr/sha")
dbus-daemon[4091387]: [session uid=1000 pid=4091387 pidfd=4] Activated service 'org.freedesktop.systemd1' failed: Process org.freedesktop.systemd1 exited with status 1
{"trial": "m-a1-r12-fill-P2", "outcome": "verified", "oracle_exact_match": true, "completion_mutations": 1, "routes": ["compiled"], "loadavg_before": "2.74 3.22 5.21 1/2270 4099694"}
dbus-daemon[4091387]: [session uid=1000 pid=4091387 pidfd=4] Activating service name='org.freedesktop.systemd1' requested by ':1.4' (uid=1000 pid=4091936 comm="/usr/bin/dbus-broker-launch --config-file=/usr/sha")
dbus-daemon[4091387]: [session uid=1000 pid=4091387 pidfd=4] Activated service 'org.freedesktop.systemd1' failed: Process org.freedesktop.systemd1 exited with status 1
[2m2026-10-03T13:51:06.178120Z[0m [33m WARN[0m [2mcua_driver_sdk::runtime[0m[2m:[0m could not activate the persistent AT-SPI listener: AT-SPI connect failed: ZBus Error: MethodError(OwnedErrorName("org.freedesktop.DBus.Error.NameHasNoOwner"), Some("Could not activate remote peer 'org.a11y.atspi.Registry': unit failed"), Msg { type: Error, serial: 4294967295, sender: UniqueName("org.freedesktop.DBus"), reply-serial: 9, body: Str, fds: [] })
[2m2026-10-03T13:51:06.185329Z[0m [33m WARN[0m [2mplatform_linux::overlay[0m[2m:[0m X11 overlay: root reads cannot see this window's own pixels; save-unders will be served without readback confirmation
dbus-daemon[4091387]: [session uid=1000 pid=4091387 pidfd=4] Activating service name='org.freedesktop.systemd1' requested by ':1.4' (uid=1000 pid=4091936 comm="/usr/bin/dbus-broker-launch --config-file=/usr/sha")
dbus-daemon[4091387]: [session uid=1000 pid=4091387 pidfd=4] Activated service 'org.freedesktop.systemd1' failed: Process org.freedesktop.systemd1 exited with status 1
dbus-daemon[4091387]: [session uid=1000 pid=4091387 pidfd=4] Activating service name='org.freedesktop.systemd1' requested by ':1.4' (uid=1000 pid=4091936 comm="/usr/bin/dbus-broker-launch --config-file=/usr/sha")
dbus-daemon[4091387]: [session uid=1000 pid=4091387 pidfd=4] Activated service 'org.freedesktop.systemd1' failed: Process org.freedesktop.systemd1 exited with status 1
{"trial": "m-a1-r12-fill-Wb", "outcome": "verified", "oracle_exact_match": true, "completion_mutations": 1, "routes": ["compiled"], "loadavg_before": "2.74 3.22 5.21 2/2270 4100019"}
dbus-daemon[4091387]: [session uid=1000 pid=4091387 pidfd=4] Activating service name='org.freedesktop.systemd1' requested by ':1.4' (uid=1000 pid=4091936 comm="/usr/bin/dbus-broker-launch --config-file=/usr/sha")
dbus-daemon[4091387]: [session uid=1000 pid=4091387 pidfd=4] Activated service 'org.freedesktop.systemd1' failed: Process org.freedesktop.systemd1 exited with status 1
[2m2026-10-03T13:51:07.681282Z[0m [33m WARN[0m [2mcua_driver_sdk::runtime[0m[2m:[0m could not activate the persistent AT-SPI listener: AT-SPI connect failed: ZBus Error: MethodError(OwnedErrorName("org.freedesktop.DBus.Error.NameHasNoOwner"), Some("Could not activate remote peer 'org.a11y.atspi.Registry': unit failed"), Msg { type: Error, serial: 4294967295, sender: UniqueName("org.freedesktop.DBus"), reply-serial: 9, body: Str, fds: [] })
[2m2026-10-03T13:51:07.688122Z[0m [33m WARN[0m [2mplatform_linux::overlay[0m[2m:[0m X11 overlay: root reads cannot see this window's own pixels; save-unders will be served without readback confirmation
dbus-daemon[4091387]: [session uid=1000 pid=4091387 pidfd=4] Activating service name='org.freedesktop.systemd1' requested by ':1.4' (uid=1000 pid=4091936 comm="/usr/bin/dbus-broker-launch --config-file=/usr/sha")
dbus-daemon[4091387]: [session uid=1000 pid=4091387 pidfd=4] Activated service 'org.freedesktop.systemd1' failed: Process org.freedesktop.systemd1 exited with status 1
dbus-daemon[4091387]: [session uid=1000 pid=4091387 pidfd=4] Activating service name='org.freedesktop.systemd1' requested by ':1.4' (uid=1000 pid=4091936 comm="/usr/bin/dbus-broker-launch --config-file=/usr/sha")
dbus-daemon[4091387]: [session uid=1000 pid=4091387 pidfd=4] Activated service 'org.freedesktop.systemd1' failed: Process org.freedesktop.systemd1 exited with status 1
{"trial": "m-a1-r12-toggle-Wa", "outcome": "verified", "oracle_exact_match": true, "completion_mutations": 1, "routes": ["provider", "provider"], "loadavg_before": "2.74 3.22 5.21 1/2272 4100310"}
dbus-daemon[4091387]: [session uid=1000 pid=4091387 pidfd=4] Activating service name='org.freedesktop.systemd1' requested by ':1.4' (uid=1000 pid=4091936 comm="/usr/bin/dbus-broker-launch --config-file=/usr/sha")
dbus-daemon[4091387]: [session uid=1000 pid=4091387 pidfd=4] Activated service 'org.freedesktop.systemd1' failed: Process org.freedesktop.systemd1 exited with status 1
[2m2026-10-03T13:51:08.802173Z[0m [33m WARN[0m [2mcua_driver_sdk::runtime[0m[2m:[0m could not activate the persistent AT-SPI listener: AT-SPI connect failed: ZBus Error: MethodError(OwnedErrorName("org.freedesktop.DBus.Error.NameHasNoOwner"), Some("Could not activate remote peer 'org.a11y.atspi.Registry': unit failed"), Msg { type: Error, serial: 4294967295, sender: UniqueName("org.freedesktop.DBus"), reply-serial: 9, body: Str, fds: [] })
[2m2026-10-03T13:51:08.808618Z[0m [33m WARN[0m [2mplatform_linux::overlay[0m[2m:[0m X11 overlay: root reads cannot see this window's own pixels; save-unders will be served without readback confirmation
dbus-daemon[4091387]: [session uid=1000 pid=4091387 pidfd=4] Activating service name='org.freedesktop.systemd1' requested by ':1.4' (uid=1000 pid=4091936 comm="/usr/bin/dbus-broker-launch --config-file=/usr/sha")
dbus-daemon[4091387]: [session uid=1000 pid=4091387 pidfd=4] Activated service 'org.freedesktop.systemd1' failed: Process org.freedesktop.systemd1 exited with status 1
dbus-daemon[4091387]: [session uid=1000 pid=4091387 pidfd=4] Activating service name='org.freedesktop.systemd1' requested by ':1.4' (uid=1000 pid=4091936 comm="/usr/bin/dbus-broker-launch --config-file=/usr/sha")
dbus-daemon[4091387]: [session uid=1000 pid=4091387 pidfd=4] Activated service 'org.freedesktop.systemd1' failed: Process org.freedesktop.systemd1 exited with status 1
{"trial": "m-a1-r12-toggle-Wb", "outcome": "verified", "oracle_exact_match": true, "completion_mutations": 1, "routes": ["provider", "provider"], "loadavg_before": "2.74 3.22 5.21 1/2274 4100576"}
dbus-daemon[4091387]: [session uid=1000 pid=4091387 pidfd=4] Activating service name='org.freedesktop.systemd1' requested by ':1.4' (uid=1000 pid=4091936 comm="/usr/bin/dbus-broker-launch --config-file=/usr/sha")
dbus-daemon[4091387]: [session uid=1000 pid=4091387 pidfd=4] Activated service 'org.freedesktop.systemd1' failed: Process org.freedesktop.systemd1 exited with status 1
[2m2026-10-03T13:51:09.926199Z[0m [33m WARN[0m [2mcua_driver_sdk::runtime[0m[2m:[0m could not activate the persistent AT-SPI listener: AT-SPI connect failed: ZBus Error: MethodError(OwnedErrorName("org.freedesktop.DBus.Error.NameHasNoOwner"), Some("Could not activate remote peer 'org.a11y.atspi.Registry': unit failed"), Msg { type: Error, serial: 4294967295, sender: UniqueName("org.freedesktop.DBus"), reply-serial: 9, body: Str, fds: [] })
[2m2026-10-03T13:51:09.934515Z[0m [33m WARN[0m [2mplatform_linux::overlay[0m[2m:[0m X11 overlay: root reads cannot see this window's own pixels; save-unders will be served without readback confirmation
dbus-daemon[4091387]: [session uid=1000 pid=4091387 pidfd=4] Activating service name='org.freedesktop.systemd1' requested by ':1.4' (uid=1000 pid=4091936 comm="/usr/bin/dbus-broker-launch --config-file=/usr/sha")
dbus-daemon[4091387]: [session uid=1000 pid=4091387 pidfd=4] Activated service 'org.freedesktop.systemd1' failed: Process org.freedesktop.systemd1 exited with status 1
dbus-daemon[4091387]: [session uid=1000 pid=4091387 pidfd=4] Activating service name='org.freedesktop.systemd1' requested by ':1.4' (uid=1000 pid=4091936 comm="/usr/bin/dbus-broker-launch --config-file=/usr/sha")
dbus-daemon[4091387]: [session uid=1000 pid=4091387 pidfd=4] Activated service 'org.freedesktop.systemd1' failed: Process org.freedesktop.systemd1 exited with status 1
{"trial": "m-a1-r12-toggle-C", "outcome": "verified", "oracle_exact_match": true, "completion_mutations": 1, "routes": ["provider", "provider"], "loadavg_before": "2.68 3.20 5.19 1/2302 4100884"}
dbus-daemon[4091387]: [session uid=1000 pid=4091387 pidfd=4] Activating service name='org.freedesktop.systemd1' requested by ':1.4' (uid=1000 pid=4091936 comm="/usr/bin/dbus-broker-launch --config-file=/usr/sha")
dbus-daemon[4091387]: [session uid=1000 pid=4091387 pidfd=4] Activated service 'org.freedesktop.systemd1' failed: Process org.freedesktop.systemd1 exited with status 1
[2m2026-10-03T13:51:11.044151Z[0m [33m WARN[0m [2mcua_driver_sdk::runtime[0m[2m:[0m could not activate the persistent AT-SPI listener: AT-SPI connect failed: ZBus Error: MethodError(OwnedErrorName("org.freedesktop.DBus.Error.NameHasNoOwner"), Some("Could not activate remote peer 'org.a11y.atspi.Registry': unit failed"), Msg { type: Error, serial: 4294967295, sender: UniqueName("org.freedesktop.DBus"), reply-serial: 9, body: Str, fds: [] })
[2m2026-10-03T13:51:11.053532Z[0m [33m WARN[0m [2mplatform_linux::overlay[0m[2m:[0m X11 overlay: root reads cannot see this window's own pixels; save-unders will be served without readback confirmation
dbus-daemon[4091387]: [session uid=1000 pid=4091387 pidfd=4] Activating service name='org.freedesktop.systemd1' requested by ':1.4' (uid=1000 pid=4091936 comm="/usr/bin/dbus-broker-launch --config-file=/usr/sha")
dbus-daemon[4091387]: [session uid=1000 pid=4091387 pidfd=4] Activated service 'org.freedesktop.systemd1' failed: Process org.freedesktop.systemd1 exited with status 1
dbus-daemon[4091387]: [session uid=1000 pid=4091387 pidfd=4] Activating service name='org.freedesktop.systemd1' requested by ':1.4' (uid=1000 pid=4091936 comm="/usr/bin/dbus-broker-launch --config-file=/usr/sha")
dbus-daemon[4091387]: [session uid=1000 pid=4091387 pidfd=4] Activated service 'org.freedesktop.systemd1' failed: Process org.freedesktop.systemd1 exited with status 1
{"trial": "m-a1-r12-toggle-P2", "outcome": "verified", "oracle_exact_match": true, "completion_mutations": 1, "routes": ["provider", "provider"], "loadavg_before": "2.68 3.20 5.19 1/2316 4101164"}
dbus-daemon[4091387]: [session uid=1000 pid=4091387 pidfd=4] Activating service name='org.freedesktop.systemd1' requested by ':1.4' (uid=1000 pid=4091936 comm="/usr/bin/dbus-broker-launch --config-file=/usr/sha")
dbus-daemon[4091387]: [session uid=1000 pid=4091387 pidfd=4] Activated service 'org.freedesktop.systemd1' failed: Process org.freedesktop.systemd1 exited with status 1
[2m2026-10-03T13:51:12.185397Z[0m [33m WARN[0m [2mcua_driver_sdk::runtime[0m[2m:[0m could not activate the persistent AT-SPI listener: AT-SPI connect failed: ZBus Error: MethodError(OwnedErrorName("org.freedesktop.DBus.Error.NameHasNoOwner"), Some("Could not activate remote peer 'org.a11y.atspi.Registry': unit failed"), Msg { type: Error, serial: 4294967295, sender: UniqueName("org.freedesktop.DBus"), reply-serial: 9, body: Str, fds: [] })
[2m2026-10-03T13:51:12.192789Z[0m [33m WARN[0m [2mplatform_linux::overlay[0m[2m:[0m X11 overlay: root reads cannot see this window's own pixels; save-unders will be served without readback confirmation
dbus-daemon[4091387]: [session uid=1000 pid=4091387 pidfd=4] Activating service name='org.freedesktop.systemd1' requested by ':1.4' (uid=1000 pid=4091936 comm="/usr/bin/dbus-broker-launch --config-file=/usr/sha")
dbus-daemon[4091387]: [session uid=1000 pid=4091387 pidfd=4] Activated service 'org.freedesktop.systemd1' failed: Process org.freedesktop.systemd1 exited with status 1
dbus-daemon[4091387]: [session uid=1000 pid=4091387 pidfd=4] Activating service name='org.freedesktop.systemd1' requested by ':1.4' (uid=1000 pid=4091936 comm="/usr/bin/dbus-broker-launch --config-file=/usr/sha")
dbus-daemon[4091387]: [session uid=1000 pid=4091387 pidfd=4] Activated service 'org.freedesktop.systemd1' failed: Process org.freedesktop.systemd1 exited with status 1
{"trial": "m-a1-r12-modal-Wb", "outcome": "verified", "oracle_exact_match": true, "completion_mutations": 1, "routes": ["provider", "provider"], "loadavg_before": "2.68 3.20 5.19 1/2309 4101443"}
dbus-daemon[4091387]: [session uid=1000 pid=4091387 pidfd=4] Activating service name='org.freedesktop.systemd1' requested by ':1.4' (uid=1000 pid=4091936 comm="/usr/bin/dbus-broker-launch --config-file=/usr/sha")
dbus-daemon[4091387]: [session uid=1000 pid=4091387 pidfd=4] Activated service 'org.freedesktop.systemd1' failed: Process org.freedesktop.systemd1 exited with status 1
[2m2026-10-03T13:51:13.304615Z[0m [33m WARN[0m [2mcua_driver_sdk::runtime[0m[2m:[0m could not activate the persistent AT-SPI listener: AT-SPI connect failed: ZBus Error: MethodError(OwnedErrorName("org.freedesktop.DBus.Error.NameHasNoOwner"), Some("Could not activate remote peer 'org.a11y.atspi.Registry': unit failed"), Msg { type: Error, serial: 4294967295, sender: UniqueName("org.freedesktop.DBus"), reply-serial: 9, body: Str, fds: [] })
[2m2026-10-03T13:51:13.311813Z[0m [33m WARN[0m [2mplatform_linux::overlay[0m[2m:[0m X11 overlay: root reads cannot see this window's own pixels; save-unders will be served without readback confirmation
dbus-daemon[4091387]: [session uid=1000 pid=4091387 pidfd=4] Activating service name='org.freedesktop.systemd1' requested by ':1.4' (uid=1000 pid=4091936 comm="/usr/bin/dbus-broker-launch --config-file=/usr/sha")
dbus-daemon[4091387]: [session uid=1000 pid=4091387 pidfd=4] Activated service 'org.freedesktop.systemd1' failed: Process org.freedesktop.systemd1 exited with status 1
dbus-daemon[4091387]: [session uid=1000 pid=4091387 pidfd=4] Activating service name='org.freedesktop.systemd1' requested by ':1.4' (uid=1000 pid=4091936 comm="/usr/bin/dbus-broker-launch --config-file=/usr/sha")
dbus-daemon[4091387]: [session uid=1000 pid=4091387 pidfd=4] Activated service 'org.freedesktop.systemd1' failed: Process org.freedesktop.systemd1 exited with status 1
{"trial": "m-a1-r12-modal-P2", "outcome": "verified", "oracle_exact_match": true, "completion_mutations": 1, "routes": ["provider", "provider"], "loadavg_before": "2.68 3.20 5.19 2/2311 4101719"}
dbus-daemon[4091387]: [session uid=1000 pid=4091387 pidfd=4] Activating service name='org.freedesktop.systemd1' requested by ':1.4' (uid=1000 pid=4091936 comm="/usr/bin/dbus-broker-launch --config-file=/usr/sha")
dbus-daemon[4091387]: [session uid=1000 pid=4091387 pidfd=4] Activated service 'org.freedesktop.systemd1' failed: Process org.freedesktop.systemd1 exited with status 1
[2m2026-10-03T13:51:14.434470Z[0m [33m WARN[0m [2mcua_driver_sdk::runtime[0m[2m:[0m could not activate the persistent AT-SPI listener: AT-SPI connect failed: ZBus Error: MethodError(OwnedErrorName("org.freedesktop.DBus.Error.NameHasNoOwner"), Some("Could not activate remote peer 'org.a11y.atspi.Registry': unit failed"), Msg { type: Error, serial: 4294967295, sender: UniqueName("org.freedesktop.DBus"), reply-serial: 9, body: Str, fds: [] })
[2m2026-10-03T13:51:14.441969Z[0m [33m WARN[0m [2mplatform_linux::overlay[0m[2m:[0m X11 overlay: root reads cannot see this window's own pixels; save-unders will be served without readback confirmation
dbus-daemon[4091387]: [session uid=1000 pid=4091387 pidfd=4] Activating service name='org.freedesktop.systemd1' requested by ':1.4' (uid=1000 pid=4091936 comm="/usr/bin/dbus-broker-launch --config-file=/usr/sha")
dbus-daemon[4091387]: [session uid=1000 pid=4091387 pidfd=4] Activated service 'org.freedesktop.systemd1' failed: Process org.freedesktop.systemd1 exited with status 1
dbus-daemon[4091387]: [session uid=1000 pid=4091387 pidfd=4] Activating service name='org.freedesktop.systemd1' requested by ':1.4' (uid=1000 pid=4091936 comm="/usr/bin/dbus-broker-launch --config-file=/usr/sha")
dbus-daemon[4091387]: [session uid=1000 pid=4091387 pidfd=4] Activated service 'org.freedesktop.systemd1' failed: Process org.freedesktop.systemd1 exited with status 1
{"trial": "m-a1-r12-modal-Wa", "outcome": "verified", "oracle_exact_match": true, "completion_mutations": 1, "routes": ["provider", "provider"], "loadavg_before": "2.47 3.14 5.16 1/2314 4102017"}
dbus-daemon[4091387]: [session uid=1000 pid=4091387 pidfd=4] Activating service name='org.freedesktop.systemd1' requested by ':1.4' (uid=1000 pid=4091936 comm="/usr/bin/dbus-broker-launch --config-file=/usr/sha")
dbus-daemon[4091387]: [session uid=1000 pid=4091387 pidfd=4] Activated service 'org.freedesktop.systemd1' failed: Process org.freedesktop.systemd1 exited with status 1
[2m2026-10-03T13:51:15.564216Z[0m [33m WARN[0m [2mcua_driver_sdk::runtime[0m[2m:[0m could not activate the persistent AT-SPI listener: AT-SPI connect failed: ZBus Error: MethodError(OwnedErrorName("org.freedesktop.DBus.Error.NameHasNoOwner"), Some("Could not activate remote peer 'org.a11y.atspi.Registry': unit failed"), Msg { type: Error, serial: 4294967295, sender: UniqueName("org.freedesktop.DBus"), reply-serial: 9, body: Str, fds: [] })
[2m2026-10-03T13:51:15.571370Z[0m [33m WARN[0m [2mplatform_linux::overlay[0m[2m:[0m X11 overlay: root reads cannot see this window's own pixels; save-unders will be served without readback confirmation
dbus-daemon[4091387]: [session uid=1000 pid=4091387 pidfd=4] Activating service name='org.freedesktop.systemd1' requested by ':1.4' (uid=1000 pid=4091936 comm="/usr/bin/dbus-broker-launch --config-file=/usr/sha")
dbus-daemon[4091387]: [session uid=1000 pid=4091387 pidfd=4] Activated service 'org.freedesktop.systemd1' failed: Process org.freedesktop.systemd1 exited with status 1
dbus-daemon[4091387]: [session uid=1000 pid=4091387 pidfd=4] Activating service name='org.freedesktop.systemd1' requested by ':1.4' (uid=1000 pid=4091936 comm="/usr/bin/dbus-broker-launch --config-file=/usr/sha")
dbus-daemon[4091387]: [session uid=1000 pid=4091387 pidfd=4] Activated service 'org.freedesktop.systemd1' failed: Process org.freedesktop.systemd1 exited with status 1
{"trial": "m-a1-r12-modal-C", "outcome": "verified", "oracle_exact_match": true, "completion_mutations": 1, "routes": ["provider", "provider"], "loadavg_before": "2.47 3.14 5.16 1/2313 4102301"}
dbus-daemon[4091387]: [session uid=1000 pid=4091387 pidfd=4] Activating service name='org.freedesktop.systemd1' requested by ':1.4' (uid=1000 pid=4091936 comm="/usr/bin/dbus-broker-launch --config-file=/usr/sha")
dbus-daemon[4091387]: [session uid=1000 pid=4091387 pidfd=4] Activated service 'org.freedesktop.systemd1' failed: Process org.freedesktop.systemd1 exited with status 1
[2m2026-10-03T13:51:16.663348Z[0m [33m WARN[0m [2mcua_driver_sdk::runtime[0m[2m:[0m could not activate the persistent AT-SPI listener: AT-SPI connect failed: ZBus Error: MethodError(OwnedErrorName("org.freedesktop.DBus.Error.NameHasNoOwner"), Some("Could not activate remote peer 'org.a11y.atspi.Registry': unit failed"), Msg { type: Error, serial: 4294967295, sender: UniqueName("org.freedesktop.DBus"), reply-serial: 9, body: Str, fds: [] })
[2m2026-10-03T13:51:16.670003Z[0m [33m WARN[0m [2mplatform_linux::overlay[0m[2m:[0m X11 overlay: root reads cannot see this window's own pixels; save-unders will be served without readback confirmation
dbus-daemon[4091387]: [session uid=1000 pid=4091387 pidfd=4] Activating service name='org.freedesktop.systemd1' requested by ':1.4' (uid=1000 pid=4091936 comm="/usr/bin/dbus-broker-launch --config-file=/usr/sha")
dbus-daemon[4091387]: [session uid=1000 pid=4091387 pidfd=4] Activated service 'org.freedesktop.systemd1' failed: Process org.freedesktop.systemd1 exited with status 1
dbus-daemon[4091387]: [session uid=1000 pid=4091387 pidfd=4] Activating service name='org.freedesktop.systemd1' requested by ':1.4' (uid=1000 pid=4091936 comm="/usr/bin/dbus-broker-launch --config-file=/usr/sha")
dbus-daemon[4091387]: [session uid=1000 pid=4091387 pidfd=4] Activated service 'org.freedesktop.systemd1' failed: Process org.freedesktop.systemd1 exited with status 1
{"trial": "m-a1-r13-toggle-Wb", "outcome": "verified", "oracle_exact_match": true, "completion_mutations": 1, "routes": ["provider", "provider"], "loadavg_before": "2.47 3.14 5.16 1/2313 4102641"}
dbus-daemon[4091387]: [session uid=1000 pid=4091387 pidfd=4] Activating service name='org.freedesktop.systemd1' requested by ':1.4' (uid=1000 pid=4091936 comm="/usr/bin/dbus-broker-launch --config-file=/usr/sha")
dbus-daemon[4091387]: [session uid=1000 pid=4091387 pidfd=4] Activated service 'org.freedesktop.systemd1' failed: Process org.freedesktop.systemd1 exited with status 1
[2m2026-10-03T13:51:17.775923Z[0m [33m WARN[0m [2mcua_driver_sdk::runtime[0m[2m:[0m could not activate the persistent AT-SPI listener: AT-SPI connect failed: ZBus Error: MethodError(OwnedErrorName("org.freedesktop.DBus.Error.NameHasNoOwner"), Some("Could not activate remote peer 'org.a11y.atspi.Registry': unit failed"), Msg { type: Error, serial: 4294967295, sender: UniqueName("org.freedesktop.DBus"), reply-serial: 9, body: Str, fds: [] })
[2m2026-10-03T13:51:17.782542Z[0m [33m WARN[0m [2mplatform_linux::overlay[0m[2m:[0m X11 overlay: root reads cannot see this window's own pixels; save-unders will be served without readback confirmation
dbus-daemon[4091387]: [session uid=1000 pid=4091387 pidfd=4] Activating service name='org.freedesktop.systemd1' requested by ':1.4' (uid=1000 pid=4091936 comm="/usr/bin/dbus-broker-launch --config-file=/usr/sha")
dbus-daemon[4091387]: [session uid=1000 pid=4091387 pidfd=4] Activated service 'org.freedesktop.systemd1' failed: Process org.freedesktop.systemd1 exited with status 1
dbus-daemon[4091387]: [session uid=1000 pid=4091387 pidfd=4] Activating service name='org.freedesktop.systemd1' requested by ':1.4' (uid=1000 pid=4091936 comm="/usr/bin/dbus-broker-launch --config-file=/usr/sha")
dbus-daemon[4091387]: [session uid=1000 pid=4091387 pidfd=4] Activated service 'org.freedesktop.systemd1' failed: Process org.freedesktop.systemd1 exited with status 1
{"trial": "m-a1-r13-toggle-P2", "outcome": "verified", "oracle_exact_match": true, "completion_mutations": 1, "routes": ["provider", "provider"], "loadavg_before": "2.47 3.14 5.16 2/2312 4102924"}
dbus-daemon[4091387]: [session uid=1000 pid=4091387 pidfd=4] Activating service name='org.freedesktop.systemd1' requested by ':1.4' (uid=1000 pid=4091936 comm="/usr/bin/dbus-broker-launch --config-file=/usr/sha")
dbus-daemon[4091387]: [session uid=1000 pid=4091387 pidfd=4] Activated service 'org.freedesktop.systemd1' failed: Process org.freedesktop.systemd1 exited with status 1
[2m2026-10-03T13:51:18.924055Z[0m [33m WARN[0m [2mcua_driver_sdk::runtime[0m[2m:[0m could not activate the persistent AT-SPI listener: AT-SPI connect failed: ZBus Error: MethodError(OwnedErrorName("org.freedesktop.DBus.Error.NameHasNoOwner"), Some("Could not activate remote peer 'org.a11y.atspi.Registry': unit failed"), Msg { type: Error, serial: 4294967295, sender: UniqueName("org.freedesktop.DBus"), reply-serial: 9, body: Str, fds: [] })
[2m2026-10-03T13:51:18.931085Z[0m [33m WARN[0m [2mplatform_linux::overlay[0m[2m:[0m X11 overlay: root reads cannot see this window's own pixels; save-unders will be served without readback confirmation
dbus-daemon[4091387]: [session uid=1000 pid=4091387 pidfd=4] Activating service name='org.freedesktop.systemd1' requested by ':1.4' (uid=1000 pid=4091936 comm="/usr/bin/dbus-broker-launch --config-file=/usr/sha")
dbus-daemon[4091387]: [session uid=1000 pid=4091387 pidfd=4] Activated service 'org.freedesktop.systemd1' failed: Process org.freedesktop.systemd1 exited with status 1
dbus-daemon[4091387]: [session uid=1000 pid=4091387 pidfd=4] Activating service name='org.freedesktop.systemd1' requested by ':1.4' (uid=1000 pid=4091936 comm="/usr/bin/dbus-broker-launch --config-file=/usr/sha")
dbus-daemon[4091387]: [session uid=1000 pid=4091387 pidfd=4] Activated service 'org.freedesktop.systemd1' failed: Process org.freedesktop.systemd1 exited with status 1
{"trial": "m-a1-r13-toggle-Wa", "outcome": "verified", "oracle_exact_match": true, "completion_mutations": 1, "routes": ["provider", "provider"], "loadavg_before": "2.47 3.14 5.16 1/2305 4103191"}
dbus-daemon[4091387]: [session uid=1000 pid=4091387 pidfd=4] Activating service name='org.freedesktop.systemd1' requested by ':1.4' (uid=1000 pid=4091936 comm="/usr/bin/dbus-broker-launch --config-file=/usr/sha")
dbus-daemon[4091387]: [session uid=1000 pid=4091387 pidfd=4] Activated service 'org.freedesktop.systemd1' failed: Process org.freedesktop.systemd1 exited with status 1
[2m2026-10-03T13:51:20.051105Z[0m [33m WARN[0m [2mcua_driver_sdk::runtime[0m[2m:[0m could not activate the persistent AT-SPI listener: AT-SPI connect failed: ZBus Error: MethodError(OwnedErrorName("org.freedesktop.DBus.Error.NameHasNoOwner"), Some("Could not activate remote peer 'org.a11y.atspi.Registry': unit failed"), Msg { type: Error, serial: 4294967295, sender: UniqueName("org.freedesktop.DBus"), reply-serial: 9, body: Str, fds: [] })
[2m2026-10-03T13:51:20.058743Z[0m [33m WARN[0m [2mplatform_linux::overlay[0m[2m:[0m X11 overlay: root reads cannot see this window's own pixels; save-unders will be served without readback confirmation
dbus-daemon[4091387]: [session uid=1000 pid=4091387 pidfd=4] Activating service name='org.freedesktop.systemd1' requested by ':1.4' (uid=1000 pid=4091936 comm="/usr/bin/dbus-broker-launch --config-file=/usr/sha")
dbus-daemon[4091387]: [session uid=1000 pid=4091387 pidfd=4] Activated service 'org.freedesktop.systemd1' failed: Process org.freedesktop.systemd1 exited with status 1
dbus-daemon[4091387]: [session uid=1000 pid=4091387 pidfd=4] Activating service name='org.freedesktop.systemd1' requested by ':1.4' (uid=1000 pid=4091936 comm="/usr/bin/dbus-broker-launch --config-file=/usr/sha")
dbus-daemon[4091387]: [session uid=1000 pid=4091387 pidfd=4] Activated service 'org.freedesktop.systemd1' failed: Process org.freedesktop.systemd1 exited with status 1
{"trial": "m-a1-r13-toggle-C", "outcome": "verified", "oracle_exact_match": true, "completion_mutations": 1, "routes": ["provider", "provider"], "loadavg_before": "2.35 3.11 5.14 1/2284 4103480"}
dbus-daemon[4091387]: [session uid=1000 pid=4091387 pidfd=4] Activating service name='org.freedesktop.systemd1' requested by ':1.4' (uid=1000 pid=4091936 comm="/usr/bin/dbus-broker-launch --config-file=/usr/sha")
dbus-daemon[4091387]: [session uid=1000 pid=4091387 pidfd=4] Activated service 'org.freedesktop.systemd1' failed: Process org.freedesktop.systemd1 exited with status 1
[2m2026-10-03T13:51:21.142676Z[0m [33m WARN[0m [2mcua_driver_sdk::runtime[0m[2m:[0m could not activate the persistent AT-SPI listener: AT-SPI connect failed: ZBus Error: MethodError(OwnedErrorName("org.freedesktop.DBus.Error.NameHasNoOwner"), Some("Could not activate remote peer 'org.a11y.atspi.Registry': unit failed"), Msg { type: Error, serial: 4294967295, sender: UniqueName("org.freedesktop.DBus"), reply-serial: 9, body: Str, fds: [] })
[2m2026-10-03T13:51:21.149615Z[0m [33m WARN[0m [2mplatform_linux::overlay[0m[2m:[0m X11 overlay: root reads cannot see this window's own pixels; save-unders will be served without readback confirmation
dbus-daemon[4091387]: [session uid=1000 pid=4091387 pidfd=4] Activating service name='org.freedesktop.systemd1' requested by ':1.4' (uid=1000 pid=4091936 comm="/usr/bin/dbus-broker-launch --config-file=/usr/sha")
dbus-daemon[4091387]: [session uid=1000 pid=4091387 pidfd=4] Activated service 'org.freedesktop.systemd1' failed: Process org.freedesktop.systemd1 exited with status 1
dbus-daemon[4091387]: [session uid=1000 pid=4091387 pidfd=4] Activating service name='org.freedesktop.systemd1' requested by ':1.4' (uid=1000 pid=4091936 comm="/usr/bin/dbus-broker-launch --config-file=/usr/sha")
dbus-daemon[4091387]: [session uid=1000 pid=4091387 pidfd=4] Activated service 'org.freedesktop.systemd1' failed: Process org.freedesktop.systemd1 exited with status 1
{"trial": "m-a1-r13-modal-P2", "outcome": "verified", "oracle_exact_match": true, "completion_mutations": 1, "routes": ["provider", "provider"], "loadavg_before": "2.35 3.11 5.14 1/2270 4103741"}
dbus-daemon[4091387]: [session uid=1000 pid=4091387 pidfd=4] Activating service name='org.freedesktop.systemd1' requested by ':1.4' (uid=1000 pid=4091936 comm="/usr/bin/dbus-broker-launch --config-file=/usr/sha")
dbus-daemon[4091387]: [session uid=1000 pid=4091387 pidfd=4] Activated service 'org.freedesktop.systemd1' failed: Process org.freedesktop.systemd1 exited with status 1
[2m2026-10-03T13:51:22.277008Z[0m [33m WARN[0m [2mcua_driver_sdk::runtime[0m[2m:[0m could not activate the persistent AT-SPI listener: AT-SPI connect failed: ZBus Error: MethodError(OwnedErrorName("org.freedesktop.DBus.Error.NameHasNoOwner"), Some("Could not activate remote peer 'org.a11y.atspi.Registry': unit failed"), Msg { type: Error, serial: 4294967295, sender: UniqueName("org.freedesktop.DBus"), reply-serial: 9, body: Str, fds: [] })
[2m2026-10-03T13:51:22.284253Z[0m [33m WARN[0m [2mplatform_linux::overlay[0m[2m:[0m X11 overlay: root reads cannot see this window's own pixels; save-unders will be served without readback confirmation
dbus-daemon[4091387]: [session uid=1000 pid=4091387 pidfd=4] Activating service name='org.freedesktop.systemd1' requested by ':1.4' (uid=1000 pid=4091936 comm="/usr/bin/dbus-broker-launch --config-file=/usr/sha")
dbus-daemon[4091387]: [session uid=1000 pid=4091387 pidfd=4] Activated service 'org.freedesktop.systemd1' failed: Process org.freedesktop.systemd1 exited with status 1
dbus-daemon[4091387]: [session uid=1000 pid=4091387 pidfd=4] Activating service name='org.freedesktop.systemd1' requested by ':1.4' (uid=1000 pid=4091936 comm="/usr/bin/dbus-broker-launch --config-file=/usr/sha")
dbus-daemon[4091387]: [session uid=1000 pid=4091387 pidfd=4] Activated service 'org.freedesktop.systemd1' failed: Process org.freedesktop.systemd1 exited with status 1
{"trial": "m-a1-r13-modal-C", "outcome": "verified", "oracle_exact_match": true, "completion_mutations": 1, "routes": ["provider", "provider"], "loadavg_before": "2.35 3.11 5.14 2/2269 4104015"}
dbus-daemon[4091387]: [session uid=1000 pid=4091387 pidfd=4] Activating service name='org.freedesktop.systemd1' requested by ':1.4' (uid=1000 pid=4091936 comm="/usr/bin/dbus-broker-launch --config-file=/usr/sha")
dbus-daemon[4091387]: [session uid=1000 pid=4091387 pidfd=4] Activated service 'org.freedesktop.systemd1' failed: Process org.freedesktop.systemd1 exited with status 1
[2m2026-10-03T13:51:23.377945Z[0m [33m WARN[0m [2mcua_driver_sdk::runtime[0m[2m:[0m could not activate the persistent AT-SPI listener: AT-SPI connect failed: ZBus Error: MethodError(OwnedErrorName("org.freedesktop.DBus.Error.NameHasNoOwner"), Some("Could not activate remote peer 'org.a11y.atspi.Registry': unit failed"), Msg { type: Error, serial: 4294967295, sender: UniqueName("org.freedesktop.DBus"), reply-serial: 9, body: Str, fds: [] })
[2m2026-10-03T13:51:23.385776Z[0m [33m WARN[0m [2mplatform_linux::overlay[0m[2m:[0m X11 overlay: root reads cannot see this window's own pixels; save-unders will be served without readback confirmation
dbus-daemon[4091387]: [session uid=1000 pid=4091387 pidfd=4] Activating service name='org.freedesktop.systemd1' requested by ':1.4' (uid=1000 pid=4091936 comm="/usr/bin/dbus-broker-launch --config-file=/usr/sha")
dbus-daemon[4091387]: [session uid=1000 pid=4091387 pidfd=4] Activated service 'org.freedesktop.systemd1' failed: Process org.freedesktop.systemd1 exited with status 1
dbus-daemon[4091387]: [session uid=1000 pid=4091387 pidfd=4] Activating service name='org.freedesktop.systemd1' requested by ':1.4' (uid=1000 pid=4091936 comm="/usr/bin/dbus-broker-launch --config-file=/usr/sha")
dbus-daemon[4091387]: [session uid=1000 pid=4091387 pidfd=4] Activated service 'org.freedesktop.systemd1' failed: Process org.freedesktop.systemd1 exited with status 1
{"trial": "m-a1-r13-modal-Wb", "outcome": "verified", "oracle_exact_match": true, "completion_mutations": 1, "routes": ["provider", "provider"], "loadavg_before": "2.35 3.11 5.14 2/2271 4104280"}
dbus-daemon[4091387]: [session uid=1000 pid=4091387 pidfd=4] Activating service name='org.freedesktop.systemd1' requested by ':1.4' (uid=1000 pid=4091936 comm="/usr/bin/dbus-broker-launch --config-file=/usr/sha")
dbus-daemon[4091387]: [session uid=1000 pid=4091387 pidfd=4] Activated service 'org.freedesktop.systemd1' failed: Process org.freedesktop.systemd1 exited with status 1
[2m2026-10-03T13:51:24.502306Z[0m [33m WARN[0m [2mcua_driver_sdk::runtime[0m[2m:[0m could not activate the persistent AT-SPI listener: AT-SPI connect failed: ZBus Error: MethodError(OwnedErrorName("org.freedesktop.DBus.Error.NameHasNoOwner"), Some("Could not activate remote peer 'org.a11y.atspi.Registry': unit failed"), Msg { type: Error, serial: 4294967295, sender: UniqueName("org.freedesktop.DBus"), reply-serial: 9, body: Str, fds: [] })
[2m2026-10-03T13:51:24.509413Z[0m [33m WARN[0m [2mplatform_linux::overlay[0m[2m:[0m X11 overlay: root reads cannot see this window's own pixels; save-unders will be served without readback confirmation
dbus-daemon[4091387]: [session uid=1000 pid=4091387 pidfd=4] Activating service name='org.freedesktop.systemd1' requested by ':1.4' (uid=1000 pid=4091936 comm="/usr/bin/dbus-broker-launch --config-file=/usr/sha")
dbus-daemon[4091387]: [session uid=1000 pid=4091387 pidfd=4] Activated service 'org.freedesktop.systemd1' failed: Process org.freedesktop.systemd1 exited with status 1
dbus-daemon[4091387]: [session uid=1000 pid=4091387 pidfd=4] Activating service name='org.freedesktop.systemd1' requested by ':1.4' (uid=1000 pid=4091936 comm="/usr/bin/dbus-broker-launch --config-file=/usr/sha")
dbus-daemon[4091387]: [session uid=1000 pid=4091387 pidfd=4] Activated service 'org.freedesktop.systemd1' failed: Process org.freedesktop.systemd1 exited with status 1
{"trial": "m-a1-r13-modal-Wa", "outcome": "verified", "oracle_exact_match": true, "completion_mutations": 1, "routes": ["provider", "provider"], "loadavg_before": "2.16 3.06 5.11 1/2274 4104560"}
dbus-daemon[4091387]: [session uid=1000 pid=4091387 pidfd=4] Activating service name='org.freedesktop.systemd1' requested by ':1.4' (uid=1000 pid=4091936 comm="/usr/bin/dbus-broker-launch --config-file=/usr/sha")
dbus-daemon[4091387]: [session uid=1000 pid=4091387 pidfd=4] Activated service 'org.freedesktop.systemd1' failed: Process org.freedesktop.systemd1 exited with status 1
[2m2026-10-03T13:51:25.640264Z[0m [33m WARN[0m [2mcua_driver_sdk::runtime[0m[2m:[0m could not activate the persistent AT-SPI listener: AT-SPI connect failed: ZBus Error: MethodError(OwnedErrorName("org.freedesktop.DBus.Error.NameHasNoOwner"), Some("Could not activate remote peer 'org.a11y.atspi.Registry': unit failed"), Msg { type: Error, serial: 4294967295, sender: UniqueName("org.freedesktop.DBus"), reply-serial: 9, body: Str, fds: [] })
[2m2026-10-03T13:51:25.648124Z[0m [33m WARN[0m [2mplatform_linux::overlay[0m[2m:[0m X11 overlay: root reads cannot see this window's own pixels; save-unders will be served without readback confirmation
dbus-daemon[4091387]: [session uid=1000 pid=4091387 pidfd=4] Activating service name='org.freedesktop.systemd1' requested by ':1.4' (uid=1000 pid=4091936 comm="/usr/bin/dbus-broker-launch --config-file=/usr/sha")
dbus-daemon[4091387]: [session uid=1000 pid=4091387 pidfd=4] Activated service 'org.freedesktop.systemd1' failed: Process org.freedesktop.systemd1 exited with status 1
dbus-daemon[4091387]: [session uid=1000 pid=4091387 pidfd=4] Activating service name='org.freedesktop.systemd1' requested by ':1.4' (uid=1000 pid=4091936 comm="/usr/bin/dbus-broker-launch --config-file=/usr/sha")
dbus-daemon[4091387]: [session uid=1000 pid=4091387 pidfd=4] Activated service 'org.freedesktop.systemd1' failed: Process org.freedesktop.systemd1 exited with status 1
{"trial": "m-a1-r13-fill-Wa", "outcome": "verified", "oracle_exact_match": true, "completion_mutations": 1, "routes": ["compiled"], "loadavg_before": "2.16 3.06 5.11 1/2276 4104848"}
dbus-daemon[4091387]: [session uid=1000 pid=4091387 pidfd=4] Activating service name='org.freedesktop.systemd1' requested by ':1.4' (uid=1000 pid=4091936 comm="/usr/bin/dbus-broker-launch --config-file=/usr/sha")
dbus-daemon[4091387]: [session uid=1000 pid=4091387 pidfd=4] Activated service 'org.freedesktop.systemd1' failed: Process org.freedesktop.systemd1 exited with status 1
[2m2026-10-03T13:51:27.135657Z[0m [33m WARN[0m [2mcua_driver_sdk::runtime[0m[2m:[0m could not activate the persistent AT-SPI listener: AT-SPI connect failed: ZBus Error: MethodError(OwnedErrorName("org.freedesktop.DBus.Error.NameHasNoOwner"), Some("Could not activate remote peer 'org.a11y.atspi.Registry': unit failed"), Msg { type: Error, serial: 4294967295, sender: UniqueName("org.freedesktop.DBus"), reply-serial: 9, body: Str, fds: [] })
[2m2026-10-03T13:51:27.143058Z[0m [33m WARN[0m [2mplatform_linux::overlay[0m[2m:[0m X11 overlay: root reads cannot see this window's own pixels; save-unders will be served without readback confirmation
dbus-daemon[4091387]: [session uid=1000 pid=4091387 pidfd=4] Activating service name='org.freedesktop.systemd1' requested by ':1.4' (uid=1000 pid=4091936 comm="/usr/bin/dbus-broker-launch --config-file=/usr/sha")
dbus-daemon[4091387]: [session uid=1000 pid=4091387 pidfd=4] Activated service 'org.freedesktop.systemd1' failed: Process org.freedesktop.systemd1 exited with status 1
dbus-daemon[4091387]: [session uid=1000 pid=4091387 pidfd=4] Activating service name='org.freedesktop.systemd1' requested by ':1.4' (uid=1000 pid=4091936 comm="/usr/bin/dbus-broker-launch --config-file=/usr/sha")
dbus-daemon[4091387]: [session uid=1000 pid=4091387 pidfd=4] Activated service 'org.freedesktop.systemd1' failed: Process org.freedesktop.systemd1 exited with status 1
{"trial": "m-a1-r13-fill-Wb", "outcome": "verified", "oracle_exact_match": true, "completion_mutations": 1, "routes": ["compiled"], "loadavg_before": "2.16 3.06 5.11 2/2274 4105131"}
dbus-daemon[4091387]: [session uid=1000 pid=4091387 pidfd=4] Activating service name='org.freedesktop.systemd1' requested by ':1.4' (uid=1000 pid=4091936 comm="/usr/bin/dbus-broker-launch --config-file=/usr/sha")
dbus-daemon[4091387]: [session uid=1000 pid=4091387 pidfd=4] Activated service 'org.freedesktop.systemd1' failed: Process org.freedesktop.systemd1 exited with status 1
[2m2026-10-03T13:51:28.638860Z[0m [33m WARN[0m [2mcua_driver_sdk::runtime[0m[2m:[0m could not activate the persistent AT-SPI listener: AT-SPI connect failed: ZBus Error: MethodError(OwnedErrorName("org.freedesktop.DBus.Error.NameHasNoOwner"), Some("Could not activate remote peer 'org.a11y.atspi.Registry': unit failed"), Msg { type: Error, serial: 4294967295, sender: UniqueName("org.freedesktop.DBus"), reply-serial: 9, body: Str, fds: [] })
[2m2026-10-03T13:51:28.646904Z[0m [33m WARN[0m [2mplatform_linux::overlay[0m[2m:[0m X11 overlay: root reads cannot see this window's own pixels; save-unders will be served without readback confirmation
dbus-daemon[4091387]: [session uid=1000 pid=4091387 pidfd=4] Activating service name='org.freedesktop.systemd1' requested by ':1.4' (uid=1000 pid=4091936 comm="/usr/bin/dbus-broker-launch --config-file=/usr/sha")
dbus-daemon[4091387]: [session uid=1000 pid=4091387 pidfd=4] Activated service 'org.freedesktop.systemd1' failed: Process org.freedesktop.systemd1 exited with status 1
dbus-daemon[4091387]: [session uid=1000 pid=4091387 pidfd=4] Activating service name='org.freedesktop.systemd1' requested by ':1.4' (uid=1000 pid=4091936 comm="/usr/bin/dbus-broker-launch --config-file=/usr/sha")
dbus-daemon[4091387]: [session uid=1000 pid=4091387 pidfd=4] Activated service 'org.freedesktop.systemd1' failed: Process org.freedesktop.systemd1 exited with status 1
{"trial": "m-a1-r13-fill-C", "outcome": "verified", "oracle_exact_match": true, "completion_mutations": 1, "routes": ["compiled"], "loadavg_before": "2.16 3.06 5.11 1/2270 4105420"}
dbus-daemon[4091387]: [session uid=1000 pid=4091387 pidfd=4] Activating service name='org.freedesktop.systemd1' requested by ':1.4' (uid=1000 pid=4091936 comm="/usr/bin/dbus-broker-launch --config-file=/usr/sha")
dbus-daemon[4091387]: [session uid=1000 pid=4091387 pidfd=4] Activated service 'org.freedesktop.systemd1' failed: Process org.freedesktop.systemd1 exited with status 1
[2m2026-10-03T13:51:30.138907Z[0m [33m WARN[0m [2mcua_driver_sdk::runtime[0m[2m:[0m could not activate the persistent AT-SPI listener: AT-SPI connect failed: ZBus Error: MethodError(OwnedErrorName("org.freedesktop.DBus.Error.NameHasNoOwner"), Some("Could not activate remote peer 'org.a11y.atspi.Registry': unit failed"), Msg { type: Error, serial: 4294967295, sender: UniqueName("org.freedesktop.DBus"), reply-serial: 9, body: Str, fds: [] })
[2m2026-10-03T13:51:30.145977Z[0m [33m WARN[0m [2mplatform_linux::overlay[0m[2m:[0m X11 overlay: root reads cannot see this window's own pixels; save-unders will be served without readback confirmation
dbus-daemon[4091387]: [session uid=1000 pid=4091387 pidfd=4] Activating service name='org.freedesktop.systemd1' requested by ':1.4' (uid=1000 pid=4091936 comm="/usr/bin/dbus-broker-launch --config-file=/usr/sha")
dbus-daemon[4091387]: [session uid=1000 pid=4091387 pidfd=4] Activated service 'org.freedesktop.systemd1' failed: Process org.freedesktop.systemd1 exited with status 1
dbus-daemon[4091387]: [session uid=1000 pid=4091387 pidfd=4] Activating service name='org.freedesktop.systemd1' requested by ':1.4' (uid=1000 pid=4091936 comm="/usr/bin/dbus-broker-launch --config-file=/usr/sha")
dbus-daemon[4091387]: [session uid=1000 pid=4091387 pidfd=4] Activated service 'org.freedesktop.systemd1' failed: Process org.freedesktop.systemd1 exited with status 1
{"trial": "m-a1-r13-fill-P2", "outcome": "verified", "oracle_exact_match": true, "completion_mutations": 1, "routes": ["compiled"], "loadavg_before": "3.19 3.26 5.17 1/2271 4105713"}
dbus-daemon[4091387]: [session uid=1000 pid=4091387 pidfd=4] Activating service name='org.freedesktop.systemd1' requested by ':1.4' (uid=1000 pid=4091936 comm="/usr/bin/dbus-broker-launch --config-file=/usr/sha")
dbus-daemon[4091387]: [session uid=1000 pid=4091387 pidfd=4] Activated service 'org.freedesktop.systemd1' failed: Process org.freedesktop.systemd1 exited with status 1
[2m2026-10-03T13:51:31.640009Z[0m [33m WARN[0m [2mcua_driver_sdk::runtime[0m[2m:[0m could not activate the persistent AT-SPI listener: AT-SPI connect failed: ZBus Error: MethodError(OwnedErrorName("org.freedesktop.DBus.Error.NameHasNoOwner"), Some("Could not activate remote peer 'org.a11y.atspi.Registry': unit failed"), Msg { type: Error, serial: 4294967295, sender: UniqueName("org.freedesktop.DBus"), reply-serial: 9, body: Str, fds: [] })
[2m2026-10-03T13:51:31.648077Z[0m [33m WARN[0m [2mplatform_linux::overlay[0m[2m:[0m X11 overlay: root reads cannot see this window's own pixels; save-unders will be served without readback confirmation
dbus-daemon[4091387]: [session uid=1000 pid=4091387 pidfd=4] Activating service name='org.freedesktop.systemd1' requested by ':1.4' (uid=1000 pid=4091936 comm="/usr/bin/dbus-broker-launch --config-file=/usr/sha")
dbus-daemon[4091387]: [session uid=1000 pid=4091387 pidfd=4] Activated service 'org.freedesktop.systemd1' failed: Process org.freedesktop.systemd1 exited with status 1
dbus-daemon[4091387]: [session uid=1000 pid=4091387 pidfd=4] Activating service name='org.freedesktop.systemd1' requested by ':1.4' (uid=1000 pid=4091936 comm="/usr/bin/dbus-broker-launch --config-file=/usr/sha")
dbus-daemon[4091387]: [session uid=1000 pid=4091387 pidfd=4] Activated service 'org.freedesktop.systemd1' failed: Process org.freedesktop.systemd1 exited with status 1
{"trial": "m-a1-r14-modal-C", "outcome": "verified", "oracle_exact_match": true, "completion_mutations": 1, "routes": ["provider", "provider"], "loadavg_before": "3.19 3.26 5.17 1/2269 4105980"}
dbus-daemon[4091387]: [session uid=1000 pid=4091387 pidfd=4] Activating service name='org.freedesktop.systemd1' requested by ':1.4' (uid=1000 pid=4091936 comm="/usr/bin/dbus-broker-launch --config-file=/usr/sha")
dbus-daemon[4091387]: [session uid=1000 pid=4091387 pidfd=4] Activated service 'org.freedesktop.systemd1' failed: Process org.freedesktop.systemd1 exited with status 1
[2m2026-10-03T13:51:32.732690Z[0m [33m WARN[0m [2mcua_driver_sdk::runtime[0m[2m:[0m could not activate the persistent AT-SPI listener: AT-SPI connect failed: ZBus Error: MethodError(OwnedErrorName("org.freedesktop.DBus.Error.NameHasNoOwner"), Some("Could not activate remote peer 'org.a11y.atspi.Registry': unit failed"), Msg { type: Error, serial: 4294967295, sender: UniqueName("org.freedesktop.DBus"), reply-serial: 9, body: Str, fds: [] })
[2m2026-10-03T13:51:32.740100Z[0m [33m WARN[0m [2mplatform_linux::overlay[0m[2m:[0m X11 overlay: root reads cannot see this window's own pixels; save-unders will be served without readback confirmation
dbus-daemon[4091387]: [session uid=1000 pid=4091387 pidfd=4] Activating service name='org.freedesktop.systemd1' requested by ':1.4' (uid=1000 pid=4091936 comm="/usr/bin/dbus-broker-launch --config-file=/usr/sha")
dbus-daemon[4091387]: [session uid=1000 pid=4091387 pidfd=4] Activated service 'org.freedesktop.systemd1' failed: Process org.freedesktop.systemd1 exited with status 1
dbus-daemon[4091387]: [session uid=1000 pid=4091387 pidfd=4] Activating service name='org.freedesktop.systemd1' requested by ':1.4' (uid=1000 pid=4091936 comm="/usr/bin/dbus-broker-launch --config-file=/usr/sha")
dbus-daemon[4091387]: [session uid=1000 pid=4091387 pidfd=4] Activated service 'org.freedesktop.systemd1' failed: Process org.freedesktop.systemd1 exited with status 1
{"trial": "m-a1-r14-modal-Wa", "outcome": "verified", "oracle_exact_match": true, "completion_mutations": 1, "routes": ["provider", "provider"], "loadavg_before": "3.19 3.26 5.17 1/2269 4106263"}
dbus-daemon[4091387]: [session uid=1000 pid=4091387 pidfd=4] Activating service name='org.freedesktop.systemd1' requested by ':1.4' (uid=1000 pid=4091936 comm="/usr/bin/dbus-broker-launch --config-file=/usr/sha")
dbus-daemon[4091387]: [session uid=1000 pid=4091387 pidfd=4] Activated service 'org.freedesktop.systemd1' failed: Process org.freedesktop.systemd1 exited with status 1
[2m2026-10-03T13:51:33.848779Z[0m [33m WARN[0m [2mcua_driver_sdk::runtime[0m[2m:[0m could not activate the persistent AT-SPI listener: AT-SPI connect failed: ZBus Error: MethodError(OwnedErrorName("org.freedesktop.DBus.Error.NameHasNoOwner"), Some("Could not activate remote peer 'org.a11y.atspi.Registry': unit failed"), Msg { type: Error, serial: 4294967295, sender: UniqueName("org.freedesktop.DBus"), reply-serial: 9, body: Str, fds: [] })
[2m2026-10-03T13:51:33.855876Z[0m [33m WARN[0m [2mplatform_linux::overlay[0m[2m:[0m X11 overlay: root reads cannot see this window's own pixels; save-unders will be served without readback confirmation
dbus-daemon[4091387]: [session uid=1000 pid=4091387 pidfd=4] Activating service name='org.freedesktop.systemd1' requested by ':1.4' (uid=1000 pid=4091936 comm="/usr/bin/dbus-broker-launch --config-file=/usr/sha")
dbus-daemon[4091387]: [session uid=1000 pid=4091387 pidfd=4] Activated service 'org.freedesktop.systemd1' failed: Process org.freedesktop.systemd1 exited with status 1
dbus-daemon[4091387]: [session uid=1000 pid=4091387 pidfd=4] Activating service name='org.freedesktop.systemd1' requested by ':1.4' (uid=1000 pid=4091936 comm="/usr/bin/dbus-broker-launch --config-file=/usr/sha")
dbus-daemon[4091387]: [session uid=1000 pid=4091387 pidfd=4] Activated service 'org.freedesktop.systemd1' failed: Process org.freedesktop.systemd1 exited with status 1
{"trial": "m-a1-r14-modal-P2", "outcome": "verified", "oracle_exact_match": true, "completion_mutations": 1, "routes": ["provider", "provider"], "loadavg_before": "3.19 3.26 5.17 1/2269 4106527"}
dbus-daemon[4091387]: [session uid=1000 pid=4091387 pidfd=4] Activating service name='org.freedesktop.systemd1' requested by ':1.4' (uid=1000 pid=4091936 comm="/usr/bin/dbus-broker-launch --config-file=/usr/sha")
dbus-daemon[4091387]: [session uid=1000 pid=4091387 pidfd=4] Activated service 'org.freedesktop.systemd1' failed: Process org.freedesktop.systemd1 exited with status 1
[2m2026-10-03T13:51:34.993397Z[0m [33m WARN[0m [2mcua_driver_sdk::runtime[0m[2m:[0m could not activate the persistent AT-SPI listener: AT-SPI connect failed: ZBus Error: MethodError(OwnedErrorName("org.freedesktop.DBus.Error.NameHasNoOwner"), Some("Could not activate remote peer 'org.a11y.atspi.Registry': unit failed"), Msg { type: Error, serial: 4294967295, sender: UniqueName("org.freedesktop.DBus"), reply-serial: 9, body: Str, fds: [] })
[2m2026-10-03T13:51:35.000937Z[0m [33m WARN[0m [2mplatform_linux::overlay[0m[2m:[0m X11 overlay: root reads cannot see this window's own pixels; save-unders will be served without readback confirmation
dbus-daemon[4091387]: [session uid=1000 pid=4091387 pidfd=4] Activating service name='org.freedesktop.systemd1' requested by ':1.4' (uid=1000 pid=4091936 comm="/usr/bin/dbus-broker-launch --config-file=/usr/sha")
dbus-daemon[4091387]: [session uid=1000 pid=4091387 pidfd=4] Activated service 'org.freedesktop.systemd1' failed: Process org.freedesktop.systemd1 exited with status 1
dbus-daemon[4091387]: [session uid=1000 pid=4091387 pidfd=4] Activating service name='org.freedesktop.systemd1' requested by ':1.4' (uid=1000 pid=4091936 comm="/usr/bin/dbus-broker-launch --config-file=/usr/sha")
dbus-daemon[4091387]: [session uid=1000 pid=4091387 pidfd=4] Activated service 'org.freedesktop.systemd1' failed: Process org.freedesktop.systemd1 exited with status 1
{"trial": "m-a1-r14-modal-Wb", "outcome": "verified", "oracle_exact_match": true, "completion_mutations": 1, "routes": ["provider", "provider"], "loadavg_before": "3.01 3.22 5.14 5/2283 4106872"}
dbus-daemon[4091387]: [session uid=1000 pid=4091387 pidfd=4] Activating service name='org.freedesktop.systemd1' requested by ':1.4' (uid=1000 pid=4091936 comm="/usr/bin/dbus-broker-launch --config-file=/usr/sha")
dbus-daemon[4091387]: [session uid=1000 pid=4091387 pidfd=4] Activated service 'org.freedesktop.systemd1' failed: Process org.freedesktop.systemd1 exited with status 1
[2m2026-10-03T13:51:36.158455Z[0m [33m WARN[0m [2mcua_driver_sdk::runtime[0m[2m:[0m could not activate the persistent AT-SPI listener: AT-SPI connect failed: ZBus Error: MethodError(OwnedErrorName("org.freedesktop.DBus.Error.NameHasNoOwner"), Some("Could not activate remote peer 'org.a11y.atspi.Registry': unit failed"), Msg { type: Error, serial: 4294967295, sender: UniqueName("org.freedesktop.DBus"), reply-serial: 9, body: Str, fds: [] })
[2m2026-10-03T13:51:36.165227Z[0m [33m WARN[0m [2mplatform_linux::overlay[0m[2m:[0m X11 overlay: root reads cannot see this window's own pixels; save-unders will be served without readback confirmation
dbus-daemon[4091387]: [session uid=1000 pid=4091387 pidfd=4] Activating service name='org.freedesktop.systemd1' requested by ':1.4' (uid=1000 pid=4091936 comm="/usr/bin/dbus-broker-launch --config-file=/usr/sha")
dbus-daemon[4091387]: [session uid=1000 pid=4091387 pidfd=4] Activated service 'org.freedesktop.systemd1' failed: Process org.freedesktop.systemd1 exited with status 1
dbus-daemon[4091387]: [session uid=1000 pid=4091387 pidfd=4] Activating service name='org.freedesktop.systemd1' requested by ':1.4' (uid=1000 pid=4091936 comm="/usr/bin/dbus-broker-launch --config-file=/usr/sha")
dbus-daemon[4091387]: [session uid=1000 pid=4091387 pidfd=4] Activated service 'org.freedesktop.systemd1' failed: Process org.freedesktop.systemd1 exited with status 1
{"trial": "m-a1-r14-fill-Wb", "outcome": "verified", "oracle_exact_match": true, "completion_mutations": 1, "routes": ["compiled"], "loadavg_before": "3.01 3.22 5.14 2/2281 4107155"}
dbus-daemon[4091387]: [session uid=1000 pid=4091387 pidfd=4] Activating service name='org.freedesktop.systemd1' requested by ':1.4' (uid=1000 pid=4091936 comm="/usr/bin/dbus-broker-launch --config-file=/usr/sha")
dbus-daemon[4091387]: [session uid=1000 pid=4091387 pidfd=4] Activated service 'org.freedesktop.systemd1' failed: Process org.freedesktop.systemd1 exited with status 1
[2m2026-10-03T13:51:37.659183Z[0m [33m WARN[0m [2mcua_driver_sdk::runtime[0m[2m:[0m could not activate the persistent AT-SPI listener: AT-SPI connect failed: ZBus Error: MethodError(OwnedErrorName("org.freedesktop.DBus.Error.NameHasNoOwner"), Some("Could not activate remote peer 'org.a11y.atspi.Registry': unit failed"), Msg { type: Error, serial: 4294967295, sender: UniqueName("org.freedesktop.DBus"), reply-serial: 9, body: Str, fds: [] })
[2m2026-10-03T13:51:37.666347Z[0m [33m WARN[0m [2mplatform_linux::overlay[0m[2m:[0m X11 overlay: root reads cannot see this window's own pixels; save-unders will be served without readback confirmation
dbus-daemon[4091387]: [session uid=1000 pid=4091387 pidfd=4] Activating service name='org.freedesktop.systemd1' requested by ':1.4' (uid=1000 pid=4091936 comm="/usr/bin/dbus-broker-launch --config-file=/usr/sha")
dbus-daemon[4091387]: [session uid=1000 pid=4091387 pidfd=4] Activated service 'org.freedesktop.systemd1' failed: Process org.freedesktop.systemd1 exited with status 1
dbus-daemon[4091387]: [session uid=1000 pid=4091387 pidfd=4] Activating service name='org.freedesktop.systemd1' requested by ':1.4' (uid=1000 pid=4091936 comm="/usr/bin/dbus-broker-launch --config-file=/usr/sha")
dbus-daemon[4091387]: [session uid=1000 pid=4091387 pidfd=4] Activated service 'org.freedesktop.systemd1' failed: Process org.freedesktop.systemd1 exited with status 1
{"trial": "m-a1-r14-fill-P2", "outcome": "verified", "oracle_exact_match": true, "completion_mutations": 1, "routes": ["compiled"], "loadavg_before": "3.01 3.22 5.14 2/2289 4107492"}
dbus-daemon[4091387]: [session uid=1000 pid=4091387 pidfd=4] Activating service name='org.freedesktop.systemd1' requested by ':1.4' (uid=1000 pid=4091936 comm="/usr/bin/dbus-broker-launch --config-file=/usr/sha")
dbus-daemon[4091387]: [session uid=1000 pid=4091387 pidfd=4] Activated service 'org.freedesktop.systemd1' failed: Process org.freedesktop.systemd1 exited with status 1
[2m2026-10-03T13:51:39.159862Z[0m [33m WARN[0m [2mcua_driver_sdk::runtime[0m[2m:[0m could not activate the persistent AT-SPI listener: AT-SPI connect failed: ZBus Error: MethodError(OwnedErrorName("org.freedesktop.DBus.Error.NameHasNoOwner"), Some("Could not activate remote peer 'org.a11y.atspi.Registry': unit failed"), Msg { type: Error, serial: 4294967295, sender: UniqueName("org.freedesktop.DBus"), reply-serial: 9, body: Str, fds: [] })
[2m2026-10-03T13:51:39.166679Z[0m [33m WARN[0m [2mplatform_linux::overlay[0m[2m:[0m X11 overlay: root reads cannot see this window's own pixels; save-unders will be served without readback confirmation
dbus-daemon[4091387]: [session uid=1000 pid=4091387 pidfd=4] Activating service name='org.freedesktop.systemd1' requested by ':1.4' (uid=1000 pid=4091936 comm="/usr/bin/dbus-broker-launch --config-file=/usr/sha")
dbus-daemon[4091387]: [session uid=1000 pid=4091387 pidfd=4] Activated service 'org.freedesktop.systemd1' failed: Process org.freedesktop.systemd1 exited with status 1
dbus-daemon[4091387]: [session uid=1000 pid=4091387 pidfd=4] Activating service name='org.freedesktop.systemd1' requested by ':1.4' (uid=1000 pid=4091936 comm="/usr/bin/dbus-broker-launch --config-file=/usr/sha")
dbus-daemon[4091387]: [session uid=1000 pid=4091387 pidfd=4] Activated service 'org.freedesktop.systemd1' failed: Process org.freedesktop.systemd1 exited with status 1
{"trial": "m-a1-r14-fill-Wa", "outcome": "verified", "oracle_exact_match": true, "completion_mutations": 1, "routes": ["compiled"], "loadavg_before": "2.77 3.16 5.12 1/2293 4107812"}
dbus-daemon[4091387]: [session uid=1000 pid=4091387 pidfd=4] Activating service name='org.freedesktop.systemd1' requested by ':1.4' (uid=1000 pid=4091936 comm="/usr/bin/dbus-broker-launch --config-file=/usr/sha")
dbus-daemon[4091387]: [session uid=1000 pid=4091387 pidfd=4] Activated service 'org.freedesktop.systemd1' failed: Process org.freedesktop.systemd1 exited with status 1
[2m2026-10-03T13:51:40.661110Z[0m [33m WARN[0m [2mcua_driver_sdk::runtime[0m[2m:[0m could not activate the persistent AT-SPI listener: AT-SPI connect failed: ZBus Error: MethodError(OwnedErrorName("org.freedesktop.DBus.Error.NameHasNoOwner"), Some("Could not activate remote peer 'org.a11y.atspi.Registry': unit failed"), Msg { type: Error, serial: 4294967295, sender: UniqueName("org.freedesktop.DBus"), reply-serial: 9, body: Str, fds: [] })
[2m2026-10-03T13:51:40.667983Z[0m [33m WARN[0m [2mplatform_linux::overlay[0m[2m:[0m X11 overlay: root reads cannot see this window's own pixels; save-unders will be served without readback confirmation
dbus-daemon[4091387]: [session uid=1000 pid=4091387 pidfd=4] Activating service name='org.freedesktop.systemd1' requested by ':1.4' (uid=1000 pid=4091936 comm="/usr/bin/dbus-broker-launch --config-file=/usr/sha")
dbus-daemon[4091387]: [session uid=1000 pid=4091387 pidfd=4] Activated service 'org.freedesktop.systemd1' failed: Process org.freedesktop.systemd1 exited with status 1
dbus-daemon[4091387]: [session uid=1000 pid=4091387 pidfd=4] Activating service name='org.freedesktop.systemd1' requested by ':1.4' (uid=1000 pid=4091936 comm="/usr/bin/dbus-broker-launch --config-file=/usr/sha")
dbus-daemon[4091387]: [session uid=1000 pid=4091387 pidfd=4] Activated service 'org.freedesktop.systemd1' failed: Process org.freedesktop.systemd1 exited with status 1
{"trial": "m-a1-r14-fill-C", "outcome": "verified", "oracle_exact_match": true, "completion_mutations": 1, "routes": ["compiled"], "loadavg_before": "2.77 3.16 5.12 1/2326 4108212"}
dbus-daemon[4091387]: [session uid=1000 pid=4091387 pidfd=4] Activating service name='org.freedesktop.systemd1' requested by ':1.4' (uid=1000 pid=4091936 comm="/usr/bin/dbus-broker-launch --config-file=/usr/sha")
dbus-daemon[4091387]: [session uid=1000 pid=4091387 pidfd=4] Activated service 'org.freedesktop.systemd1' failed: Process org.freedesktop.systemd1 exited with status 1
[2m2026-10-03T13:51:42.161815Z[0m [33m WARN[0m [2mcua_driver_sdk::runtime[0m[2m:[0m could not activate the persistent AT-SPI listener: AT-SPI connect failed: ZBus Error: MethodError(OwnedErrorName("org.freedesktop.DBus.Error.NameHasNoOwner"), Some("Could not activate remote peer 'org.a11y.atspi.Registry': unit failed"), Msg { type: Error, serial: 4294967295, sender: UniqueName("org.freedesktop.DBus"), reply-serial: 9, body: Str, fds: [] })
[2m2026-10-03T13:51:42.168866Z[0m [33m WARN[0m [2mplatform_linux::overlay[0m[2m:[0m X11 overlay: root reads cannot see this window's own pixels; save-unders will be served without readback confirmation
dbus-daemon[4091387]: [session uid=1000 pid=4091387 pidfd=4] Activating service name='org.freedesktop.systemd1' requested by ':1.4' (uid=1000 pid=4091936 comm="/usr/bin/dbus-broker-launch --config-file=/usr/sha")
dbus-daemon[4091387]: [session uid=1000 pid=4091387 pidfd=4] Activated service 'org.freedesktop.systemd1' failed: Process org.freedesktop.systemd1 exited with status 1
dbus-daemon[4091387]: [session uid=1000 pid=4091387 pidfd=4] Activating service name='org.freedesktop.systemd1' requested by ':1.4' (uid=1000 pid=4091936 comm="/usr/bin/dbus-broker-launch --config-file=/usr/sha")
dbus-daemon[4091387]: [session uid=1000 pid=4091387 pidfd=4] Activated service 'org.freedesktop.systemd1' failed: Process org.freedesktop.systemd1 exited with status 1
{"trial": "m-a1-r14-toggle-P2", "outcome": "verified", "oracle_exact_match": true, "completion_mutations": 1, "routes": ["provider", "provider"], "loadavg_before": "2.77 3.16 5.12 1/2330 4108564"}
dbus-daemon[4091387]: [session uid=1000 pid=4091387 pidfd=4] Activating service name='org.freedesktop.systemd1' requested by ':1.4' (uid=1000 pid=4091936 comm="/usr/bin/dbus-broker-launch --config-file=/usr/sha")
dbus-daemon[4091387]: [session uid=1000 pid=4091387 pidfd=4] Activated service 'org.freedesktop.systemd1' failed: Process org.freedesktop.systemd1 exited with status 1
[2m2026-10-03T13:51:43.300484Z[0m [33m WARN[0m [2mcua_driver_sdk::runtime[0m[2m:[0m could not activate the persistent AT-SPI listener: AT-SPI connect failed: ZBus Error: MethodError(OwnedErrorName("org.freedesktop.DBus.Error.NameHasNoOwner"), Some("Could not activate remote peer 'org.a11y.atspi.Registry': unit failed"), Msg { type: Error, serial: 4294967295, sender: UniqueName("org.freedesktop.DBus"), reply-serial: 9, body: Str, fds: [] })
[2m2026-10-03T13:51:43.308128Z[0m [33m WARN[0m [2mplatform_linux::overlay[0m[2m:[0m X11 overlay: root reads cannot see this window's own pixels; save-unders will be served without readback confirmation
dbus-daemon[4091387]: [session uid=1000 pid=4091387 pidfd=4] Activating service name='org.freedesktop.systemd1' requested by ':1.4' (uid=1000 pid=4091936 comm="/usr/bin/dbus-broker-launch --config-file=/usr/sha")
dbus-daemon[4091387]: [session uid=1000 pid=4091387 pidfd=4] Activated service 'org.freedesktop.systemd1' failed: Process org.freedesktop.systemd1 exited with status 1
dbus-daemon[4091387]: [session uid=1000 pid=4091387 pidfd=4] Activating service name='org.freedesktop.systemd1' requested by ':1.4' (uid=1000 pid=4091936 comm="/usr/bin/dbus-broker-launch --config-file=/usr/sha")
dbus-daemon[4091387]: [session uid=1000 pid=4091387 pidfd=4] Activated service 'org.freedesktop.systemd1' failed: Process org.freedesktop.systemd1 exited with status 1
{"trial": "m-a1-r14-toggle-C", "outcome": "verified", "oracle_exact_match": true, "completion_mutations": 1, "routes": ["provider", "provider"], "loadavg_before": "2.77 3.16 5.12 2/2332 4108867"}
dbus-daemon[4091387]: [session uid=1000 pid=4091387 pidfd=4] Activating service name='org.freedesktop.systemd1' requested by ':1.4' (uid=1000 pid=4091936 comm="/usr/bin/dbus-broker-launch --config-file=/usr/sha")
dbus-daemon[4091387]: [session uid=1000 pid=4091387 pidfd=4] Activated service 'org.freedesktop.systemd1' failed: Process org.freedesktop.systemd1 exited with status 1
[2m2026-10-03T13:51:44.391702Z[0m [33m WARN[0m [2mcua_driver_sdk::runtime[0m[2m:[0m could not activate the persistent AT-SPI listener: AT-SPI connect failed: ZBus Error: MethodError(OwnedErrorName("org.freedesktop.DBus.Error.NameHasNoOwner"), Some("Could not activate remote peer 'org.a11y.atspi.Registry': unit failed"), Msg { type: Error, serial: 4294967295, sender: UniqueName("org.freedesktop.DBus"), reply-serial: 9, body: Str, fds: [] })
[2m2026-10-03T13:51:44.398803Z[0m [33m WARN[0m [2mplatform_linux::overlay[0m[2m:[0m X11 overlay: root reads cannot see this window's own pixels; save-unders will be served without readback confirmation
dbus-daemon[4091387]: [session uid=1000 pid=4091387 pidfd=4] Activating service name='org.freedesktop.systemd1' requested by ':1.4' (uid=1000 pid=4091936 comm="/usr/bin/dbus-broker-launch --config-file=/usr/sha")
dbus-daemon[4091387]: [session uid=1000 pid=4091387 pidfd=4] Activated service 'org.freedesktop.systemd1' failed: Process org.freedesktop.systemd1 exited with status 1
dbus-daemon[4091387]: [session uid=1000 pid=4091387 pidfd=4] Activating service name='org.freedesktop.systemd1' requested by ':1.4' (uid=1000 pid=4091936 comm="/usr/bin/dbus-broker-launch --config-file=/usr/sha")
dbus-daemon[4091387]: [session uid=1000 pid=4091387 pidfd=4] Activated service 'org.freedesktop.systemd1' failed: Process org.freedesktop.systemd1 exited with status 1
{"trial": "m-a1-r14-toggle-Wb", "outcome": "verified", "oracle_exact_match": true, "completion_mutations": 1, "routes": ["provider", "provider"], "loadavg_before": "2.55 3.11 5.09 1/2310 4109119"}
dbus-daemon[4091387]: [session uid=1000 pid=4091387 pidfd=4] Activating service name='org.freedesktop.systemd1' requested by ':1.4' (uid=1000 pid=4091936 comm="/usr/bin/dbus-broker-launch --config-file=/usr/sha")
dbus-daemon[4091387]: [session uid=1000 pid=4091387 pidfd=4] Activated service 'org.freedesktop.systemd1' failed: Process org.freedesktop.systemd1 exited with status 1
[2m2026-10-03T13:51:45.514565Z[0m [33m WARN[0m [2mcua_driver_sdk::runtime[0m[2m:[0m could not activate the persistent AT-SPI listener: AT-SPI connect failed: ZBus Error: MethodError(OwnedErrorName("org.freedesktop.DBus.Error.NameHasNoOwner"), Some("Could not activate remote peer 'org.a11y.atspi.Registry': unit failed"), Msg { type: Error, serial: 4294967295, sender: UniqueName("org.freedesktop.DBus"), reply-serial: 9, body: Str, fds: [] })
[2m2026-10-03T13:51:45.521216Z[0m [33m WARN[0m [2mplatform_linux::overlay[0m[2m:[0m X11 overlay: root reads cannot see this window's own pixels; save-unders will be served without readback confirmation
dbus-daemon[4091387]: [session uid=1000 pid=4091387 pidfd=4] Activating service name='org.freedesktop.systemd1' requested by ':1.4' (uid=1000 pid=4091936 comm="/usr/bin/dbus-broker-launch --config-file=/usr/sha")
dbus-daemon[4091387]: [session uid=1000 pid=4091387 pidfd=4] Activated service 'org.freedesktop.systemd1' failed: Process org.freedesktop.systemd1 exited with status 1
dbus-daemon[4091387]: [session uid=1000 pid=4091387 pidfd=4] Activating service name='org.freedesktop.systemd1' requested by ':1.4' (uid=1000 pid=4091936 comm="/usr/bin/dbus-broker-launch --config-file=/usr/sha")
dbus-daemon[4091387]: [session uid=1000 pid=4091387 pidfd=4] Activated service 'org.freedesktop.systemd1' failed: Process org.freedesktop.systemd1 exited with status 1
{"trial": "m-a1-r14-toggle-Wa", "outcome": "verified", "oracle_exact_match": true, "completion_mutations": 1, "routes": ["provider", "provider"], "loadavg_before": "2.55 3.11 5.09 1/2310 4109435"}
dbus-daemon[4091387]: [session uid=1000 pid=4091387 pidfd=4] Activating service name='org.freedesktop.systemd1' requested by ':1.4' (uid=1000 pid=4091936 comm="/usr/bin/dbus-broker-launch --config-file=/usr/sha")
dbus-daemon[4091387]: [session uid=1000 pid=4091387 pidfd=4] Activated service 'org.freedesktop.systemd1' failed: Process org.freedesktop.systemd1 exited with status 1
[2m2026-10-03T13:51:46.634340Z[0m [33m WARN[0m [2mcua_driver_sdk::runtime[0m[2m:[0m could not activate the persistent AT-SPI listener: AT-SPI connect failed: ZBus Error: MethodError(OwnedErrorName("org.freedesktop.DBus.Error.NameHasNoOwner"), Some("Could not activate remote peer 'org.a11y.atspi.Registry': unit failed"), Msg { type: Error, serial: 4294967295, sender: UniqueName("org.freedesktop.DBus"), reply-serial: 9, body: Str, fds: [] })
[2m2026-10-03T13:51:46.643757Z[0m [33m WARN[0m [2mplatform_linux::overlay[0m[2m:[0m X11 overlay: root reads cannot see this window's own pixels; save-unders will be served without readback confirmation
dbus-daemon[4091387]: [session uid=1000 pid=4091387 pidfd=4] Activating service name='org.freedesktop.systemd1' requested by ':1.4' (uid=1000 pid=4091936 comm="/usr/bin/dbus-broker-launch --config-file=/usr/sha")
dbus-daemon[4091387]: [session uid=1000 pid=4091387 pidfd=4] Activated service 'org.freedesktop.systemd1' failed: Process org.freedesktop.systemd1 exited with status 1
dbus-daemon[4091387]: [session uid=1000 pid=4091387 pidfd=4] Activating service name='org.freedesktop.systemd1' requested by ':1.4' (uid=1000 pid=4091936 comm="/usr/bin/dbus-broker-launch --config-file=/usr/sha")
dbus-daemon[4091387]: [session uid=1000 pid=4091387 pidfd=4] Activated service 'org.freedesktop.systemd1' failed: Process org.freedesktop.systemd1 exited with status 1
{"trial": "m-a1-r15-fill-P2", "outcome": "verified", "oracle_exact_match": true, "completion_mutations": 1, "routes": ["compiled"], "loadavg_before": "2.55 3.11 5.09 1/2310 4109733"}
dbus-daemon[4091387]: [session uid=1000 pid=4091387 pidfd=4] Activating service name='org.freedesktop.systemd1' requested by ':1.4' (uid=1000 pid=4091936 comm="/usr/bin/dbus-broker-launch --config-file=/usr/sha")
dbus-daemon[4091387]: [session uid=1000 pid=4091387 pidfd=4] Activated service 'org.freedesktop.systemd1' failed: Process org.freedesktop.systemd1 exited with status 1
[2m2026-10-03T13:51:48.135544Z[0m [33m WARN[0m [2mcua_driver_sdk::runtime[0m[2m:[0m could not activate the persistent AT-SPI listener: AT-SPI connect failed: ZBus Error: MethodError(OwnedErrorName("org.freedesktop.DBus.Error.NameHasNoOwner"), Some("Could not activate remote peer 'org.a11y.atspi.Registry': unit failed"), Msg { type: Error, serial: 4294967295, sender: UniqueName("org.freedesktop.DBus"), reply-serial: 9, body: Str, fds: [] })
[2m2026-10-03T13:51:48.142224Z[0m [33m WARN[0m [2mplatform_linux::overlay[0m[2m:[0m X11 overlay: root reads cannot see this window's own pixels; save-unders will be served without readback confirmation
dbus-daemon[4091387]: [session uid=1000 pid=4091387 pidfd=4] Activating service name='org.freedesktop.systemd1' requested by ':1.4' (uid=1000 pid=4091936 comm="/usr/bin/dbus-broker-launch --config-file=/usr/sha")
dbus-daemon[4091387]: [session uid=1000 pid=4091387 pidfd=4] Activated service 'org.freedesktop.systemd1' failed: Process org.freedesktop.systemd1 exited with status 1
dbus-daemon[4091387]: [session uid=1000 pid=4091387 pidfd=4] Activating service name='org.freedesktop.systemd1' requested by ':1.4' (uid=1000 pid=4091936 comm="/usr/bin/dbus-broker-launch --config-file=/usr/sha")
dbus-daemon[4091387]: [session uid=1000 pid=4091387 pidfd=4] Activated service 'org.freedesktop.systemd1' failed: Process org.freedesktop.systemd1 exited with status 1
{"trial": "m-a1-r15-fill-C", "outcome": "verified", "oracle_exact_match": true, "completion_mutations": 1, "routes": ["compiled"], "loadavg_before": "2.55 3.11 5.09 1/2310 4110049"}
dbus-daemon[4091387]: [session uid=1000 pid=4091387 pidfd=4] Activating service name='org.freedesktop.systemd1' requested by ':1.4' (uid=1000 pid=4091936 comm="/usr/bin/dbus-broker-launch --config-file=/usr/sha")
dbus-daemon[4091387]: [session uid=1000 pid=4091387 pidfd=4] Activated service 'org.freedesktop.systemd1' failed: Process org.freedesktop.systemd1 exited with status 1
[2m2026-10-03T13:51:49.636170Z[0m [33m WARN[0m [2mcua_driver_sdk::runtime[0m[2m:[0m could not activate the persistent AT-SPI listener: AT-SPI connect failed: ZBus Error: MethodError(OwnedErrorName("org.freedesktop.DBus.Error.NameHasNoOwner"), Some("Could not activate remote peer 'org.a11y.atspi.Registry': unit failed"), Msg { type: Error, serial: 4294967295, sender: UniqueName("org.freedesktop.DBus"), reply-serial: 9, body: Str, fds: [] })
[2m2026-10-03T13:51:49.643654Z[0m [33m WARN[0m [2mplatform_linux::overlay[0m[2m:[0m X11 overlay: root reads cannot see this window's own pixels; save-unders will be served without readback confirmation
dbus-daemon[4091387]: [session uid=1000 pid=4091387 pidfd=4] Activating service name='org.freedesktop.systemd1' requested by ':1.4' (uid=1000 pid=4091936 comm="/usr/bin/dbus-broker-launch --config-file=/usr/sha")
dbus-daemon[4091387]: [session uid=1000 pid=4091387 pidfd=4] Activated service 'org.freedesktop.systemd1' failed: Process org.freedesktop.systemd1 exited with status 1
dbus-daemon[4091387]: [session uid=1000 pid=4091387 pidfd=4] Activating service name='org.freedesktop.systemd1' requested by ':1.4' (uid=1000 pid=4091936 comm="/usr/bin/dbus-broker-launch --config-file=/usr/sha")
dbus-daemon[4091387]: [session uid=1000 pid=4091387 pidfd=4] Activated service 'org.freedesktop.systemd1' failed: Process org.freedesktop.systemd1 exited with status 1
{"trial": "m-a1-r15-fill-Wb", "outcome": "verified", "oracle_exact_match": true, "completion_mutations": 1, "routes": ["compiled"], "loadavg_before": "2.35 3.06 5.06 1/2282 4110337"}
dbus-daemon[4091387]: [session uid=1000 pid=4091387 pidfd=4] Activating service name='org.freedesktop.systemd1' requested by ':1.4' (uid=1000 pid=4091936 comm="/usr/bin/dbus-broker-launch --config-file=/usr/sha")
dbus-daemon[4091387]: [session uid=1000 pid=4091387 pidfd=4] Activated service 'org.freedesktop.systemd1' failed: Process org.freedesktop.systemd1 exited with status 1
[2m2026-10-03T13:51:51.139307Z[0m [33m WARN[0m [2mcua_driver_sdk::runtime[0m[2m:[0m could not activate the persistent AT-SPI listener: AT-SPI connect failed: ZBus Error: MethodError(OwnedErrorName("org.freedesktop.DBus.Error.NameHasNoOwner"), Some("Could not activate remote peer 'org.a11y.atspi.Registry': unit failed"), Msg { type: Error, serial: 4294967295, sender: UniqueName("org.freedesktop.DBus"), reply-serial: 9, body: Str, fds: [] })
[2m2026-10-03T13:51:51.145927Z[0m [33m WARN[0m [2mplatform_linux::overlay[0m[2m:[0m X11 overlay: root reads cannot see this window's own pixels; save-unders will be served without readback confirmation
dbus-daemon[4091387]: [session uid=1000 pid=4091387 pidfd=4] Activating service name='org.freedesktop.systemd1' requested by ':1.4' (uid=1000 pid=4091936 comm="/usr/bin/dbus-broker-launch --config-file=/usr/sha")
dbus-daemon[4091387]: [session uid=1000 pid=4091387 pidfd=4] Activated service 'org.freedesktop.systemd1' failed: Process org.freedesktop.systemd1 exited with status 1
dbus-daemon[4091387]: [session uid=1000 pid=4091387 pidfd=4] Activating service name='org.freedesktop.systemd1' requested by ':1.4' (uid=1000 pid=4091936 comm="/usr/bin/dbus-broker-launch --config-file=/usr/sha")
dbus-daemon[4091387]: [session uid=1000 pid=4091387 pidfd=4] Activated service 'org.freedesktop.systemd1' failed: Process org.freedesktop.systemd1 exited with status 1
{"trial": "m-a1-r15-fill-Wa", "outcome": "verified", "oracle_exact_match": true, "completion_mutations": 1, "routes": ["compiled"], "loadavg_before": "2.35 3.06 5.06 1/2268 4110624"}
dbus-daemon[4091387]: [session uid=1000 pid=4091387 pidfd=4] Activating service name='org.freedesktop.systemd1' requested by ':1.4' (uid=1000 pid=4091936 comm="/usr/bin/dbus-broker-launch --config-file=/usr/sha")
dbus-daemon[4091387]: [session uid=1000 pid=4091387 pidfd=4] Activated service 'org.freedesktop.systemd1' failed: Process org.freedesktop.systemd1 exited with status 1
[2m2026-10-03T13:51:52.638192Z[0m [33m WARN[0m [2mcua_driver_sdk::runtime[0m[2m:[0m could not activate the persistent AT-SPI listener: AT-SPI connect failed: ZBus Error: MethodError(OwnedErrorName("org.freedesktop.DBus.Error.NameHasNoOwner"), Some("Could not activate remote peer 'org.a11y.atspi.Registry': unit failed"), Msg { type: Error, serial: 4294967295, sender: UniqueName("org.freedesktop.DBus"), reply-serial: 9, body: Str, fds: [] })
[2m2026-10-03T13:51:52.645586Z[0m [33m WARN[0m [2mplatform_linux::overlay[0m[2m:[0m X11 overlay: root reads cannot see this window's own pixels; save-unders will be served without readback confirmation
dbus-daemon[4091387]: [session uid=1000 pid=4091387 pidfd=4] Activating service name='org.freedesktop.systemd1' requested by ':1.4' (uid=1000 pid=4091936 comm="/usr/bin/dbus-broker-launch --config-file=/usr/sha")
dbus-daemon[4091387]: [session uid=1000 pid=4091387 pidfd=4] Activated service 'org.freedesktop.systemd1' failed: Process org.freedesktop.systemd1 exited with status 1
dbus-daemon[4091387]: [session uid=1000 pid=4091387 pidfd=4] Activating service name='org.freedesktop.systemd1' requested by ':1.4' (uid=1000 pid=4091936 comm="/usr/bin/dbus-broker-launch --config-file=/usr/sha")
dbus-daemon[4091387]: [session uid=1000 pid=4091387 pidfd=4] Activated service 'org.freedesktop.systemd1' failed: Process org.freedesktop.systemd1 exited with status 1
{"trial": "m-a1-r15-toggle-C", "outcome": "verified", "oracle_exact_match": true, "completion_mutations": 1, "routes": ["provider", "provider"], "loadavg_before": "2.35 3.06 5.06 1/2261 4110901"}
dbus-daemon[4091387]: [session uid=1000 pid=4091387 pidfd=4] Activating service name='org.freedesktop.systemd1' requested by ':1.4' (uid=1000 pid=4091936 comm="/usr/bin/dbus-broker-launch --config-file=/usr/sha")
dbus-daemon[4091387]: [session uid=1000 pid=4091387 pidfd=4] Activated service 'org.freedesktop.systemd1' failed: Process org.freedesktop.systemd1 exited with status 1
[2m2026-10-03T13:51:53.735845Z[0m [33m WARN[0m [2mcua_driver_sdk::runtime[0m[2m:[0m could not activate the persistent AT-SPI listener: AT-SPI connect failed: ZBus Error: MethodError(OwnedErrorName("org.freedesktop.DBus.Error.NameHasNoOwner"), Some("Could not activate remote peer 'org.a11y.atspi.Registry': unit failed"), Msg { type: Error, serial: 4294967295, sender: UniqueName("org.freedesktop.DBus"), reply-serial: 9, body: Str, fds: [] })
[2m2026-10-03T13:51:53.742433Z[0m [33m WARN[0m [2mplatform_linux::overlay[0m[2m:[0m X11 overlay: root reads cannot see this window's own pixels; save-unders will be served without readback confirmation
dbus-daemon[4091387]: [session uid=1000 pid=4091387 pidfd=4] Activating service name='org.freedesktop.systemd1' requested by ':1.4' (uid=1000 pid=4091936 comm="/usr/bin/dbus-broker-launch --config-file=/usr/sha")
dbus-daemon[4091387]: [session uid=1000 pid=4091387 pidfd=4] Activated service 'org.freedesktop.systemd1' failed: Process org.freedesktop.systemd1 exited with status 1
dbus-daemon[4091387]: [session uid=1000 pid=4091387 pidfd=4] Activating service name='org.freedesktop.systemd1' requested by ':1.4' (uid=1000 pid=4091936 comm="/usr/bin/dbus-broker-launch --config-file=/usr/sha")
dbus-daemon[4091387]: [session uid=1000 pid=4091387 pidfd=4] Activated service 'org.freedesktop.systemd1' failed: Process org.freedesktop.systemd1 exited with status 1
{"trial": "m-a1-r15-toggle-Wa", "outcome": "verified", "oracle_exact_match": true, "completion_mutations": 1, "routes": ["provider", "provider"], "loadavg_before": "2.35 3.06 5.06 1/2261 4111183"}
dbus-daemon[4091387]: [session uid=1000 pid=4091387 pidfd=4] Activating service name='org.freedesktop.systemd1' requested by ':1.4' (uid=1000 pid=4091936 comm="/usr/bin/dbus-broker-launch --config-file=/usr/sha")
dbus-daemon[4091387]: [session uid=1000 pid=4091387 pidfd=4] Activated service 'org.freedesktop.systemd1' failed: Process org.freedesktop.systemd1 exited with status 1
[2m2026-10-03T13:51:54.874032Z[0m [33m WARN[0m [2mcua_driver_sdk::runtime[0m[2m:[0m could not activate the persistent AT-SPI listener: AT-SPI connect failed: ZBus Error: MethodError(OwnedErrorName("org.freedesktop.DBus.Error.NameHasNoOwner"), Some("Could not activate remote peer 'org.a11y.atspi.Registry': unit failed"), Msg { type: Error, serial: 4294967295, sender: UniqueName("org.freedesktop.DBus"), reply-serial: 9, body: Str, fds: [] })
[2m2026-10-03T13:51:54.880797Z[0m [33m WARN[0m [2mplatform_linux::overlay[0m[2m:[0m X11 overlay: root reads cannot see this window's own pixels; save-unders will be served without readback confirmation
dbus-daemon[4091387]: [session uid=1000 pid=4091387 pidfd=4] Activating service name='org.freedesktop.systemd1' requested by ':1.4' (uid=1000 pid=4091936 comm="/usr/bin/dbus-broker-launch --config-file=/usr/sha")
dbus-daemon[4091387]: [session uid=1000 pid=4091387 pidfd=4] Activated service 'org.freedesktop.systemd1' failed: Process org.freedesktop.systemd1 exited with status 1
dbus-daemon[4091387]: [session uid=1000 pid=4091387 pidfd=4] Activating service name='org.freedesktop.systemd1' requested by ':1.4' (uid=1000 pid=4091936 comm="/usr/bin/dbus-broker-launch --config-file=/usr/sha")
dbus-daemon[4091387]: [session uid=1000 pid=4091387 pidfd=4] Activated service 'org.freedesktop.systemd1' failed: Process org.freedesktop.systemd1 exited with status 1
{"trial": "m-a1-r15-toggle-P2", "outcome": "verified", "oracle_exact_match": true, "completion_mutations": 1, "routes": ["provider", "provider"], "loadavg_before": "2.32 3.04 5.04 2/2262 4111470"}
dbus-daemon[4091387]: [session uid=1000 pid=4091387 pidfd=4] Activating service name='org.freedesktop.systemd1' requested by ':1.4' (uid=1000 pid=4091936 comm="/usr/bin/dbus-broker-launch --config-file=/usr/sha")
dbus-daemon[4091387]: [session uid=1000 pid=4091387 pidfd=4] Activated service 'org.freedesktop.systemd1' failed: Process org.freedesktop.systemd1 exited with status 1
[2m2026-10-03T13:51:56.581941Z[0m [33m WARN[0m [2mcua_driver_sdk::runtime[0m[2m:[0m could not activate the persistent AT-SPI listener: AT-SPI connect failed: ZBus Error: MethodError(OwnedErrorName("org.freedesktop.DBus.Error.NameHasNoOwner"), Some("Could not activate remote peer 'org.a11y.atspi.Registry': unit failed"), Msg { type: Error, serial: 4294967295, sender: UniqueName("org.freedesktop.DBus"), reply-serial: 9, body: Str, fds: [] })
[2m2026-10-03T13:51:56.589317Z[0m [33m WARN[0m [2mplatform_linux::overlay[0m[2m:[0m X11 overlay: root reads cannot see this window's own pixels; save-unders will be served without readback confirmation
dbus-daemon[4091387]: [session uid=1000 pid=4091387 pidfd=4] Activating service name='org.freedesktop.systemd1' requested by ':1.4' (uid=1000 pid=4091936 comm="/usr/bin/dbus-broker-launch --config-file=/usr/sha")
dbus-daemon[4091387]: [session uid=1000 pid=4091387 pidfd=4] Activated service 'org.freedesktop.systemd1' failed: Process org.freedesktop.systemd1 exited with status 1
dbus-daemon[4091387]: [session uid=1000 pid=4091387 pidfd=4] Activating service name='org.freedesktop.systemd1' requested by ':1.4' (uid=1000 pid=4091936 comm="/usr/bin/dbus-broker-launch --config-file=/usr/sha")
dbus-daemon[4091387]: [session uid=1000 pid=4091387 pidfd=4] Activated service 'org.freedesktop.systemd1' failed: Process org.freedesktop.systemd1 exited with status 1
{"trial": "m-a1-r15-toggle-Wb", "outcome": "verified", "oracle_exact_match": true, "completion_mutations": 1, "routes": ["provider", "provider"], "loadavg_before": "2.32 3.04 5.04 1/2263 4111751"}
dbus-daemon[4091387]: [session uid=1000 pid=4091387 pidfd=4] Activating service name='org.freedesktop.systemd1' requested by ':1.4' (uid=1000 pid=4091936 comm="/usr/bin/dbus-broker-launch --config-file=/usr/sha")
dbus-daemon[4091387]: [session uid=1000 pid=4091387 pidfd=4] Activated service 'org.freedesktop.systemd1' failed: Process org.freedesktop.systemd1 exited with status 1
[2m2026-10-03T13:51:57.695898Z[0m [33m WARN[0m [2mcua_driver_sdk::runtime[0m[2m:[0m could not activate the persistent AT-SPI listener: AT-SPI connect failed: ZBus Error: MethodError(OwnedErrorName("org.freedesktop.DBus.Error.NameHasNoOwner"), Some("Could not activate remote peer 'org.a11y.atspi.Registry': unit failed"), Msg { type: Error, serial: 4294967295, sender: UniqueName("org.freedesktop.DBus"), reply-serial: 9, body: Str, fds: [] })
[2m2026-10-03T13:51:57.703494Z[0m [33m WARN[0m [2mplatform_linux::overlay[0m[2m:[0m X11 overlay: root reads cannot see this window's own pixels; save-unders will be served without readback confirmation
dbus-daemon[4091387]: [session uid=1000 pid=4091387 pidfd=4] Activating service name='org.freedesktop.systemd1' requested by ':1.4' (uid=1000 pid=4091936 comm="/usr/bin/dbus-broker-launch --config-file=/usr/sha")
dbus-daemon[4091387]: [session uid=1000 pid=4091387 pidfd=4] Activated service 'org.freedesktop.systemd1' failed: Process org.freedesktop.systemd1 exited with status 1
dbus-daemon[4091387]: [session uid=1000 pid=4091387 pidfd=4] Activating service name='org.freedesktop.systemd1' requested by ':1.4' (uid=1000 pid=4091936 comm="/usr/bin/dbus-broker-launch --config-file=/usr/sha")
dbus-daemon[4091387]: [session uid=1000 pid=4091387 pidfd=4] Activated service 'org.freedesktop.systemd1' failed: Process org.freedesktop.systemd1 exited with status 1
{"trial": "m-a1-r15-modal-Wa", "outcome": "verified", "oracle_exact_match": true, "completion_mutations": 1, "routes": ["provider", "provider"], "loadavg_before": "2.32 3.04 5.04 1/2263 4112034"}
dbus-daemon[4091387]: [session uid=1000 pid=4091387 pidfd=4] Activating service name='org.freedesktop.systemd1' requested by ':1.4' (uid=1000 pid=4091936 comm="/usr/bin/dbus-broker-launch --config-file=/usr/sha")
dbus-daemon[4091387]: [session uid=1000 pid=4091387 pidfd=4] Activated service 'org.freedesktop.systemd1' failed: Process org.freedesktop.systemd1 exited with status 1
[2m2026-10-03T13:51:58.821040Z[0m [33m WARN[0m [2mcua_driver_sdk::runtime[0m[2m:[0m could not activate the persistent AT-SPI listener: AT-SPI connect failed: ZBus Error: MethodError(OwnedErrorName("org.freedesktop.DBus.Error.NameHasNoOwner"), Some("Could not activate remote peer 'org.a11y.atspi.Registry': unit failed"), Msg { type: Error, serial: 4294967295, sender: UniqueName("org.freedesktop.DBus"), reply-serial: 9, body: Str, fds: [] })
[2m2026-10-03T13:51:58.828036Z[0m [33m WARN[0m [2mplatform_linux::overlay[0m[2m:[0m X11 overlay: root reads cannot see this window's own pixels; save-unders will be served without readback confirmation
dbus-daemon[4091387]: [session uid=1000 pid=4091387 pidfd=4] Activating service name='org.freedesktop.systemd1' requested by ':1.4' (uid=1000 pid=4091936 comm="/usr/bin/dbus-broker-launch --config-file=/usr/sha")
dbus-daemon[4091387]: [session uid=1000 pid=4091387 pidfd=4] Activated service 'org.freedesktop.systemd1' failed: Process org.freedesktop.systemd1 exited with status 1
dbus-daemon[4091387]: [session uid=1000 pid=4091387 pidfd=4] Activating service name='org.freedesktop.systemd1' requested by ':1.4' (uid=1000 pid=4091936 comm="/usr/bin/dbus-broker-launch --config-file=/usr/sha")
dbus-daemon[4091387]: [session uid=1000 pid=4091387 pidfd=4] Activated service 'org.freedesktop.systemd1' failed: Process org.freedesktop.systemd1 exited with status 1
{"trial": "m-a1-r15-modal-Wb", "outcome": "verified", "oracle_exact_match": true, "completion_mutations": 1, "routes": ["provider", "provider"], "loadavg_before": "2.32 3.04 5.04 3/2279 4112311"}
dbus-daemon[4091387]: [session uid=1000 pid=4091387 pidfd=4] Activating service name='org.freedesktop.systemd1' requested by ':1.4' (uid=1000 pid=4091936 comm="/usr/bin/dbus-broker-launch --config-file=/usr/sha")
dbus-daemon[4091387]: [session uid=1000 pid=4091387 pidfd=4] Activated service 'org.freedesktop.systemd1' failed: Process org.freedesktop.systemd1 exited with status 1
[2m2026-10-03T13:51:59.944872Z[0m [33m WARN[0m [2mcua_driver_sdk::runtime[0m[2m:[0m could not activate the persistent AT-SPI listener: AT-SPI connect failed: ZBus Error: MethodError(OwnedErrorName("org.freedesktop.DBus.Error.NameHasNoOwner"), Some("Could not activate remote peer 'org.a11y.atspi.Registry': unit failed"), Msg { type: Error, serial: 4294967295, sender: UniqueName("org.freedesktop.DBus"), reply-serial: 9, body: Str, fds: [] })
[2m2026-10-03T13:51:59.951639Z[0m [33m WARN[0m [2mplatform_linux::overlay[0m[2m:[0m X11 overlay: root reads cannot see this window's own pixels; save-unders will be served without readback confirmation
dbus-daemon[4091387]: [session uid=1000 pid=4091387 pidfd=4] Activating service name='org.freedesktop.systemd1' requested by ':1.4' (uid=1000 pid=4091936 comm="/usr/bin/dbus-broker-launch --config-file=/usr/sha")
dbus-daemon[4091387]: [session uid=1000 pid=4091387 pidfd=4] Activated service 'org.freedesktop.systemd1' failed: Process org.freedesktop.systemd1 exited with status 1
dbus-daemon[4091387]: [session uid=1000 pid=4091387 pidfd=4] Activating service name='org.freedesktop.systemd1' requested by ':1.4' (uid=1000 pid=4091936 comm="/usr/bin/dbus-broker-launch --config-file=/usr/sha")
dbus-daemon[4091387]: [session uid=1000 pid=4091387 pidfd=4] Activated service 'org.freedesktop.systemd1' failed: Process org.freedesktop.systemd1 exited with status 1
{"trial": "m-a1-r15-modal-C", "outcome": "verified", "oracle_exact_match": true, "completion_mutations": 1, "routes": ["provider", "provider"], "loadavg_before": "2.21 3.01 5.02 3/2265 4112579"}
dbus-daemon[4091387]: [session uid=1000 pid=4091387 pidfd=4] Activating service name='org.freedesktop.systemd1' requested by ':1.4' (uid=1000 pid=4091936 comm="/usr/bin/dbus-broker-launch --config-file=/usr/sha")
dbus-daemon[4091387]: [session uid=1000 pid=4091387 pidfd=4] Activated service 'org.freedesktop.systemd1' failed: Process org.freedesktop.systemd1 exited with status 1
[2m2026-10-03T13:52:01.032748Z[0m [33m WARN[0m [2mcua_driver_sdk::runtime[0m[2m:[0m could not activate the persistent AT-SPI listener: AT-SPI connect failed: ZBus Error: MethodError(OwnedErrorName("org.freedesktop.DBus.Error.NameHasNoOwner"), Some("Could not activate remote peer 'org.a11y.atspi.Registry': unit failed"), Msg { type: Error, serial: 4294967295, sender: UniqueName("org.freedesktop.DBus"), reply-serial: 9, body: Str, fds: [] })
[2m2026-10-03T13:52:01.040834Z[0m [33m WARN[0m [2mplatform_linux::overlay[0m[2m:[0m X11 overlay: root reads cannot see this window's own pixels; save-unders will be served without readback confirmation
dbus-daemon[4091387]: [session uid=1000 pid=4091387 pidfd=4] Activating service name='org.freedesktop.systemd1' requested by ':1.4' (uid=1000 pid=4091936 comm="/usr/bin/dbus-broker-launch --config-file=/usr/sha")
dbus-daemon[4091387]: [session uid=1000 pid=4091387 pidfd=4] Activated service 'org.freedesktop.systemd1' failed: Process org.freedesktop.systemd1 exited with status 1
dbus-daemon[4091387]: [session uid=1000 pid=4091387 pidfd=4] Activating service name='org.freedesktop.systemd1' requested by ':1.4' (uid=1000 pid=4091936 comm="/usr/bin/dbus-broker-launch --config-file=/usr/sha")
dbus-daemon[4091387]: [session uid=1000 pid=4091387 pidfd=4] Activated service 'org.freedesktop.systemd1' failed: Process org.freedesktop.systemd1 exited with status 1
{"trial": "m-a1-r15-modal-P2", "outcome": "verified", "oracle_exact_match": true, "completion_mutations": 1, "routes": ["provider", "provider"], "loadavg_before": "2.21 3.01 5.02 1/2260 4112863"}
dbus-daemon[4091387]: [session uid=1000 pid=4091387 pidfd=4] Activating service name='org.freedesktop.systemd1' requested by ':1.4' (uid=1000 pid=4091936 comm="/usr/bin/dbus-broker-launch --config-file=/usr/sha")
dbus-daemon[4091387]: [session uid=1000 pid=4091387 pidfd=4] Activated service 'org.freedesktop.systemd1' failed: Process org.freedesktop.systemd1 exited with status 1
[2m2026-10-03T13:52:02.168153Z[0m [33m WARN[0m [2mcua_driver_sdk::runtime[0m[2m:[0m could not activate the persistent AT-SPI listener: AT-SPI connect failed: ZBus Error: MethodError(OwnedErrorName("org.freedesktop.DBus.Error.NameHasNoOwner"), Some("Could not activate remote peer 'org.a11y.atspi.Registry': unit failed"), Msg { type: Error, serial: 4294967295, sender: UniqueName("org.freedesktop.DBus"), reply-serial: 9, body: Str, fds: [] })
[2m2026-10-03T13:52:02.175281Z[0m [33m WARN[0m [2mplatform_linux::overlay[0m[2m:[0m X11 overlay: root reads cannot see this window's own pixels; save-unders will be served without readback confirmation
dbus-daemon[4091387]: [session uid=1000 pid=4091387 pidfd=4] Activating service name='org.freedesktop.systemd1' requested by ':1.4' (uid=1000 pid=4091936 comm="/usr/bin/dbus-broker-launch --config-file=/usr/sha")
dbus-daemon[4091387]: [session uid=1000 pid=4091387 pidfd=4] Activated service 'org.freedesktop.systemd1' failed: Process org.freedesktop.systemd1 exited with status 1
dbus-daemon[4091387]: [session uid=1000 pid=4091387 pidfd=4] Activating service name='org.freedesktop.systemd1' requested by ':1.4' (uid=1000 pid=4091936 comm="/usr/bin/dbus-broker-launch --config-file=/usr/sha")
dbus-daemon[4091387]: [session uid=1000 pid=4091387 pidfd=4] Activated service 'org.freedesktop.systemd1' failed: Process org.freedesktop.systemd1 exited with status 1
{"trial": "m-a1-r16-toggle-Wa", "outcome": "verified", "oracle_exact_match": true, "completion_mutations": 1, "routes": ["provider", "provider"], "loadavg_before": "2.21 3.01 5.02 1/2267 4113134"}
dbus-daemon[4091387]: [session uid=1000 pid=4091387 pidfd=4] Activating service name='org.freedesktop.systemd1' requested by ':1.4' (uid=1000 pid=4091936 comm="/usr/bin/dbus-broker-launch --config-file=/usr/sha")
dbus-daemon[4091387]: [session uid=1000 pid=4091387 pidfd=4] Activated service 'org.freedesktop.systemd1' failed: Process org.freedesktop.systemd1 exited with status 1
[2m2026-10-03T13:52:03.285609Z[0m [33m WARN[0m [2mcua_driver_sdk::runtime[0m[2m:[0m could not activate the persistent AT-SPI listener: AT-SPI connect failed: ZBus Error: MethodError(OwnedErrorName("org.freedesktop.DBus.Error.NameHasNoOwner"), Some("Could not activate remote peer 'org.a11y.atspi.Registry': unit failed"), Msg { type: Error, serial: 4294967295, sender: UniqueName("org.freedesktop.DBus"), reply-serial: 9, body: Str, fds: [] })
[2m2026-10-03T13:52:03.292690Z[0m [33m WARN[0m [2mplatform_linux::overlay[0m[2m:[0m X11 overlay: root reads cannot see this window's own pixels; save-unders will be served without readback confirmation
dbus-daemon[4091387]: [session uid=1000 pid=4091387 pidfd=4] Activating service name='org.freedesktop.systemd1' requested by ':1.4' (uid=1000 pid=4091936 comm="/usr/bin/dbus-broker-launch --config-file=/usr/sha")
dbus-daemon[4091387]: [session uid=1000 pid=4091387 pidfd=4] Activated service 'org.freedesktop.systemd1' failed: Process org.freedesktop.systemd1 exited with status 1
dbus-daemon[4091387]: [session uid=1000 pid=4091387 pidfd=4] Activating service name='org.freedesktop.systemd1' requested by ':1.4' (uid=1000 pid=4091936 comm="/usr/bin/dbus-broker-launch --config-file=/usr/sha")
dbus-daemon[4091387]: [session uid=1000 pid=4091387 pidfd=4] Activated service 'org.freedesktop.systemd1' failed: Process org.freedesktop.systemd1 exited with status 1
{"trial": "m-a1-r16-toggle-Wb", "outcome": "verified", "oracle_exact_match": true, "completion_mutations": 1, "routes": ["provider", "provider"], "loadavg_before": "2.21 3.01 5.02 2/2269 4113413"}
dbus-daemon[4091387]: [session uid=1000 pid=4091387 pidfd=4] Activating service name='org.freedesktop.systemd1' requested by ':1.4' (uid=1000 pid=4091936 comm="/usr/bin/dbus-broker-launch --config-file=/usr/sha")
dbus-daemon[4091387]: [session uid=1000 pid=4091387 pidfd=4] Activated service 'org.freedesktop.systemd1' failed: Process org.freedesktop.systemd1 exited with status 1
[2m2026-10-03T13:52:04.400700Z[0m [33m WARN[0m [2mcua_driver_sdk::runtime[0m[2m:[0m could not activate the persistent AT-SPI listener: AT-SPI connect failed: ZBus Error: MethodError(OwnedErrorName("org.freedesktop.DBus.Error.NameHasNoOwner"), Some("Could not activate remote peer 'org.a11y.atspi.Registry': unit failed"), Msg { type: Error, serial: 4294967295, sender: UniqueName("org.freedesktop.DBus"), reply-serial: 9, body: Str, fds: [] })
[2m2026-10-03T13:52:04.407691Z[0m [33m WARN[0m [2mplatform_linux::overlay[0m[2m:[0m X11 overlay: root reads cannot see this window's own pixels; save-unders will be served without readback confirmation
dbus-daemon[4091387]: [session uid=1000 pid=4091387 pidfd=4] Activating service name='org.freedesktop.systemd1' requested by ':1.4' (uid=1000 pid=4091936 comm="/usr/bin/dbus-broker-launch --config-file=/usr/sha")
dbus-daemon[4091387]: [session uid=1000 pid=4091387 pidfd=4] Activated service 'org.freedesktop.systemd1' failed: Process org.freedesktop.systemd1 exited with status 1
dbus-daemon[4091387]: [session uid=1000 pid=4091387 pidfd=4] Activating service name='org.freedesktop.systemd1' requested by ':1.4' (uid=1000 pid=4091936 comm="/usr/bin/dbus-broker-launch --config-file=/usr/sha")
dbus-daemon[4091387]: [session uid=1000 pid=4091387 pidfd=4] Activated service 'org.freedesktop.systemd1' failed: Process org.freedesktop.systemd1 exited with status 1
{"trial": "m-a1-r16-toggle-C", "outcome": "verified", "oracle_exact_match": true, "completion_mutations": 1, "routes": ["provider", "provider"], "loadavg_before": "2.03 2.96 4.99 1/2265 4113672"}
dbus-daemon[4091387]: [session uid=1000 pid=4091387 pidfd=4] Activating service name='org.freedesktop.systemd1' requested by ':1.4' (uid=1000 pid=4091936 comm="/usr/bin/dbus-broker-launch --config-file=/usr/sha")
dbus-daemon[4091387]: [session uid=1000 pid=4091387 pidfd=4] Activated service 'org.freedesktop.systemd1' failed: Process org.freedesktop.systemd1 exited with status 1
[2m2026-10-03T13:52:05.505080Z[0m [33m WARN[0m [2mcua_driver_sdk::runtime[0m[2m:[0m could not activate the persistent AT-SPI listener: AT-SPI connect failed: ZBus Error: MethodError(OwnedErrorName("org.freedesktop.DBus.Error.NameHasNoOwner"), Some("Could not activate remote peer 'org.a11y.atspi.Registry': unit failed"), Msg { type: Error, serial: 4294967295, sender: UniqueName("org.freedesktop.DBus"), reply-serial: 9, body: Str, fds: [] })
[2m2026-10-03T13:52:05.512198Z[0m [33m WARN[0m [2mplatform_linux::overlay[0m[2m:[0m X11 overlay: root reads cannot see this window's own pixels; save-unders will be served without readback confirmation
dbus-daemon[4091387]: [session uid=1000 pid=4091387 pidfd=4] Activating service name='org.freedesktop.systemd1' requested by ':1.4' (uid=1000 pid=4091936 comm="/usr/bin/dbus-broker-launch --config-file=/usr/sha")
dbus-daemon[4091387]: [session uid=1000 pid=4091387 pidfd=4] Activated service 'org.freedesktop.systemd1' failed: Process org.freedesktop.systemd1 exited with status 1
dbus-daemon[4091387]: [session uid=1000 pid=4091387 pidfd=4] Activating service name='org.freedesktop.systemd1' requested by ':1.4' (uid=1000 pid=4091936 comm="/usr/bin/dbus-broker-launch --config-file=/usr/sha")
dbus-daemon[4091387]: [session uid=1000 pid=4091387 pidfd=4] Activated service 'org.freedesktop.systemd1' failed: Process org.freedesktop.systemd1 exited with status 1
{"trial": "m-a1-r16-toggle-P2", "outcome": "verified", "oracle_exact_match": true, "completion_mutations": 1, "routes": ["provider", "provider"], "loadavg_before": "2.03 2.96 4.99 1/2265 4113999"}
dbus-daemon[4091387]: [session uid=1000 pid=4091387 pidfd=4] Activating service name='org.freedesktop.systemd1' requested by ':1.4' (uid=1000 pid=4091936 comm="/usr/bin/dbus-broker-launch --config-file=/usr/sha")
dbus-daemon[4091387]: [session uid=1000 pid=4091387 pidfd=4] Activated service 'org.freedesktop.systemd1' failed: Process org.freedesktop.systemd1 exited with status 1
[2m2026-10-03T13:52:06.637902Z[0m [33m WARN[0m [2mcua_driver_sdk::runtime[0m[2m:[0m could not activate the persistent AT-SPI listener: AT-SPI connect failed: ZBus Error: MethodError(OwnedErrorName("org.freedesktop.DBus.Error.NameHasNoOwner"), Some("Could not activate remote peer 'org.a11y.atspi.Registry': unit failed"), Msg { type: Error, serial: 4294967295, sender: UniqueName("org.freedesktop.DBus"), reply-serial: 9, body: Str, fds: [] })
[2m2026-10-03T13:52:06.644862Z[0m [33m WARN[0m [2mplatform_linux::overlay[0m[2m:[0m X11 overlay: root reads cannot see this window's own pixels; save-unders will be served without readback confirmation
dbus-daemon[4091387]: [session uid=1000 pid=4091387 pidfd=4] Activating service name='org.freedesktop.systemd1' requested by ':1.4' (uid=1000 pid=4091936 comm="/usr/bin/dbus-broker-launch --config-file=/usr/sha")
dbus-daemon[4091387]: [session uid=1000 pid=4091387 pidfd=4] Activated service 'org.freedesktop.systemd1' failed: Process org.freedesktop.systemd1 exited with status 1
dbus-daemon[4091387]: [session uid=1000 pid=4091387 pidfd=4] Activating service name='org.freedesktop.systemd1' requested by ':1.4' (uid=1000 pid=4091936 comm="/usr/bin/dbus-broker-launch --config-file=/usr/sha")
dbus-daemon[4091387]: [session uid=1000 pid=4091387 pidfd=4] Activated service 'org.freedesktop.systemd1' failed: Process org.freedesktop.systemd1 exited with status 1
{"trial": "m-a1-r16-modal-Wb", "outcome": "verified", "oracle_exact_match": true, "completion_mutations": 1, "routes": ["provider", "provider"], "loadavg_before": "2.03 2.96 4.99 1/2265 4114255"}
dbus-daemon[4091387]: [session uid=1000 pid=4091387 pidfd=4] Activating service name='org.freedesktop.systemd1' requested by ':1.4' (uid=1000 pid=4091936 comm="/usr/bin/dbus-broker-launch --config-file=/usr/sha")
dbus-daemon[4091387]: [session uid=1000 pid=4091387 pidfd=4] Activated service 'org.freedesktop.systemd1' failed: Process org.freedesktop.systemd1 exited with status 1
[2m2026-10-03T13:52:07.756069Z[0m [33m WARN[0m [2mcua_driver_sdk::runtime[0m[2m:[0m could not activate the persistent AT-SPI listener: AT-SPI connect failed: ZBus Error: MethodError(OwnedErrorName("org.freedesktop.DBus.Error.NameHasNoOwner"), Some("Could not activate remote peer 'org.a11y.atspi.Registry': unit failed"), Msg { type: Error, serial: 4294967295, sender: UniqueName("org.freedesktop.DBus"), reply-serial: 9, body: Str, fds: [] })
[2m2026-10-03T13:52:07.764422Z[0m [33m WARN[0m [2mplatform_linux::overlay[0m[2m:[0m X11 overlay: root reads cannot see this window's own pixels; save-unders will be served without readback confirmation
dbus-daemon[4091387]: [session uid=1000 pid=4091387 pidfd=4] Activating service name='org.freedesktop.systemd1' requested by ':1.4' (uid=1000 pid=4091936 comm="/usr/bin/dbus-broker-launch --config-file=/usr/sha")
dbus-daemon[4091387]: [session uid=1000 pid=4091387 pidfd=4] Activated service 'org.freedesktop.systemd1' failed: Process org.freedesktop.systemd1 exited with status 1
dbus-daemon[4091387]: [session uid=1000 pid=4091387 pidfd=4] Activating service name='org.freedesktop.systemd1' requested by ':1.4' (uid=1000 pid=4091936 comm="/usr/bin/dbus-broker-launch --config-file=/usr/sha")
dbus-daemon[4091387]: [session uid=1000 pid=4091387 pidfd=4] Activated service 'org.freedesktop.systemd1' failed: Process org.freedesktop.systemd1 exited with status 1
{"trial": "m-a1-r16-modal-P2", "outcome": "verified", "oracle_exact_match": true, "completion_mutations": 1, "routes": ["provider", "provider"], "loadavg_before": "2.03 2.96 4.99 1/2265 4114538"}
dbus-daemon[4091387]: [session uid=1000 pid=4091387 pidfd=4] Activating service name='org.freedesktop.systemd1' requested by ':1.4' (uid=1000 pid=4091936 comm="/usr/bin/dbus-broker-launch --config-file=/usr/sha")
dbus-daemon[4091387]: [session uid=1000 pid=4091387 pidfd=4] Activated service 'org.freedesktop.systemd1' failed: Process org.freedesktop.systemd1 exited with status 1
[2m2026-10-03T13:52:08.887825Z[0m [33m WARN[0m [2mcua_driver_sdk::runtime[0m[2m:[0m could not activate the persistent AT-SPI listener: AT-SPI connect failed: ZBus Error: MethodError(OwnedErrorName("org.freedesktop.DBus.Error.NameHasNoOwner"), Some("Could not activate remote peer 'org.a11y.atspi.Registry': unit failed"), Msg { type: Error, serial: 4294967295, sender: UniqueName("org.freedesktop.DBus"), reply-serial: 9, body: Str, fds: [] })
[2m2026-10-03T13:52:08.895768Z[0m [33m WARN[0m [2mplatform_linux::overlay[0m[2m:[0m X11 overlay: root reads cannot see this window's own pixels; save-unders will be served without readback confirmation
dbus-daemon[4091387]: [session uid=1000 pid=4091387 pidfd=4] Activating service name='org.freedesktop.systemd1' requested by ':1.4' (uid=1000 pid=4091936 comm="/usr/bin/dbus-broker-launch --config-file=/usr/sha")
dbus-daemon[4091387]: [session uid=1000 pid=4091387 pidfd=4] Activated service 'org.freedesktop.systemd1' failed: Process org.freedesktop.systemd1 exited with status 1
dbus-daemon[4091387]: [session uid=1000 pid=4091387 pidfd=4] Activating service name='org.freedesktop.systemd1' requested by ':1.4' (uid=1000 pid=4091936 comm="/usr/bin/dbus-broker-launch --config-file=/usr/sha")
dbus-daemon[4091387]: [session uid=1000 pid=4091387 pidfd=4] Activated service 'org.freedesktop.systemd1' failed: Process org.freedesktop.systemd1 exited with status 1
{"trial": "m-a1-r16-modal-Wa", "outcome": "verified", "oracle_exact_match": true, "completion_mutations": 1, "routes": ["provider", "provider"], "loadavg_before": "2.03 2.96 4.99 1/2266 4114802"}
dbus-daemon[4091387]: [session uid=1000 pid=4091387 pidfd=4] Activating service name='org.freedesktop.systemd1' requested by ':1.4' (uid=1000 pid=4091936 comm="/usr/bin/dbus-broker-launch --config-file=/usr/sha")
dbus-daemon[4091387]: [session uid=1000 pid=4091387 pidfd=4] Activated service 'org.freedesktop.systemd1' failed: Process org.freedesktop.systemd1 exited with status 1
[2m2026-10-03T13:52:10.002803Z[0m [33m WARN[0m [2mcua_driver_sdk::runtime[0m[2m:[0m could not activate the persistent AT-SPI listener: AT-SPI connect failed: ZBus Error: MethodError(OwnedErrorName("org.freedesktop.DBus.Error.NameHasNoOwner"), Some("Could not activate remote peer 'org.a11y.atspi.Registry': unit failed"), Msg { type: Error, serial: 4294967295, sender: UniqueName("org.freedesktop.DBus"), reply-serial: 9, body: Str, fds: [] })
[2m2026-10-03T13:52:10.010148Z[0m [33m WARN[0m [2mplatform_linux::overlay[0m[2m:[0m X11 overlay: root reads cannot see this window's own pixels; save-unders will be served without readback confirmation
dbus-daemon[4091387]: [session uid=1000 pid=4091387 pidfd=4] Activating service name='org.freedesktop.systemd1' requested by ':1.4' (uid=1000 pid=4091936 comm="/usr/bin/dbus-broker-launch --config-file=/usr/sha")
dbus-daemon[4091387]: [session uid=1000 pid=4091387 pidfd=4] Activated service 'org.freedesktop.systemd1' failed: Process org.freedesktop.systemd1 exited with status 1
dbus-daemon[4091387]: [session uid=1000 pid=4091387 pidfd=4] Activating service name='org.freedesktop.systemd1' requested by ':1.4' (uid=1000 pid=4091936 comm="/usr/bin/dbus-broker-launch --config-file=/usr/sha")
dbus-daemon[4091387]: [session uid=1000 pid=4091387 pidfd=4] Activated service 'org.freedesktop.systemd1' failed: Process org.freedesktop.systemd1 exited with status 1
{"trial": "m-a1-r16-modal-C", "outcome": "verified", "oracle_exact_match": true, "completion_mutations": 1, "routes": ["provider", "provider"], "loadavg_before": "2.03 2.94 4.98 1/2294 4115124"}
dbus-daemon[4091387]: [session uid=1000 pid=4091387 pidfd=4] Activating service name='org.freedesktop.systemd1' requested by ':1.4' (uid=1000 pid=4091936 comm="/usr/bin/dbus-broker-launch --config-file=/usr/sha")
dbus-daemon[4091387]: [session uid=1000 pid=4091387 pidfd=4] Activated service 'org.freedesktop.systemd1' failed: Process org.freedesktop.systemd1 exited with status 1
[2m2026-10-03T13:52:11.149677Z[0m [33m WARN[0m [2mcua_driver_sdk::runtime[0m[2m:[0m could not activate the persistent AT-SPI listener: AT-SPI connect failed: ZBus Error: MethodError(OwnedErrorName("org.freedesktop.DBus.Error.NameHasNoOwner"), Some("Could not activate remote peer 'org.a11y.atspi.Registry': unit failed"), Msg { type: Error, serial: 4294967295, sender: UniqueName("org.freedesktop.DBus"), reply-serial: 9, body: Str, fds: [] })
[2m2026-10-03T13:52:11.156953Z[0m [33m WARN[0m [2mplatform_linux::overlay[0m[2m:[0m X11 overlay: root reads cannot see this window's own pixels; save-unders will be served without readback confirmation
dbus-daemon[4091387]: [session uid=1000 pid=4091387 pidfd=4] Activating service name='org.freedesktop.systemd1' requested by ':1.4' (uid=1000 pid=4091936 comm="/usr/bin/dbus-broker-launch --config-file=/usr/sha")
dbus-daemon[4091387]: [session uid=1000 pid=4091387 pidfd=4] Activated service 'org.freedesktop.systemd1' failed: Process org.freedesktop.systemd1 exited with status 1
dbus-daemon[4091387]: [session uid=1000 pid=4091387 pidfd=4] Activating service name='org.freedesktop.systemd1' requested by ':1.4' (uid=1000 pid=4091936 comm="/usr/bin/dbus-broker-launch --config-file=/usr/sha")
dbus-daemon[4091387]: [session uid=1000 pid=4091387 pidfd=4] Activated service 'org.freedesktop.systemd1' failed: Process org.freedesktop.systemd1 exited with status 1
{"trial": "m-a1-r16-fill-C", "outcome": "verified", "oracle_exact_match": true, "completion_mutations": 1, "routes": ["compiled"], "loadavg_before": "2.03 2.94 4.98 3/2324 4115411"}
dbus-daemon[4091387]: [session uid=1000 pid=4091387 pidfd=4] Activating service name='org.freedesktop.systemd1' requested by ':1.4' (uid=1000 pid=4091936 comm="/usr/bin/dbus-broker-launch --config-file=/usr/sha")
dbus-daemon[4091387]: [session uid=1000 pid=4091387 pidfd=4] Activated service 'org.freedesktop.systemd1' failed: Process org.freedesktop.systemd1 exited with status 1
[2m2026-10-03T13:52:12.650745Z[0m [33m WARN[0m [2mcua_driver_sdk::runtime[0m[2m:[0m could not activate the persistent AT-SPI listener: AT-SPI connect failed: ZBus Error: MethodError(OwnedErrorName("org.freedesktop.DBus.Error.NameHasNoOwner"), Some("Could not activate remote peer 'org.a11y.atspi.Registry': unit failed"), Msg { type: Error, serial: 4294967295, sender: UniqueName("org.freedesktop.DBus"), reply-serial: 9, body: Str, fds: [] })
[2m2026-10-03T13:52:12.657410Z[0m [33m WARN[0m [2mplatform_linux::overlay[0m[2m:[0m X11 overlay: root reads cannot see this window's own pixels; save-unders will be served without readback confirmation
dbus-daemon[4091387]: [session uid=1000 pid=4091387 pidfd=4] Activating service name='org.freedesktop.systemd1' requested by ':1.4' (uid=1000 pid=4091936 comm="/usr/bin/dbus-broker-launch --config-file=/usr/sha")
dbus-daemon[4091387]: [session uid=1000 pid=4091387 pidfd=4] Activated service 'org.freedesktop.systemd1' failed: Process org.freedesktop.systemd1 exited with status 1
dbus-daemon[4091387]: [session uid=1000 pid=4091387 pidfd=4] Activating service name='org.freedesktop.systemd1' requested by ':1.4' (uid=1000 pid=4091936 comm="/usr/bin/dbus-broker-launch --config-file=/usr/sha")
dbus-daemon[4091387]: [session uid=1000 pid=4091387 pidfd=4] Activated service 'org.freedesktop.systemd1' failed: Process org.freedesktop.systemd1 exited with status 1
{"trial": "m-a1-r16-fill-Wa", "outcome": "verified", "oracle_exact_match": true, "completion_mutations": 1, "routes": ["compiled"], "loadavg_before": "2.03 2.94 4.98 1/2309 4115690"}
dbus-daemon[4091387]: [session uid=1000 pid=4091387 pidfd=4] Activating service name='org.freedesktop.systemd1' requested by ':1.4' (uid=1000 pid=4091936 comm="/usr/bin/dbus-broker-launch --config-file=/usr/sha")
dbus-daemon[4091387]: [session uid=1000 pid=4091387 pidfd=4] Activated service 'org.freedesktop.systemd1' failed: Process org.freedesktop.systemd1 exited with status 1
[2m2026-10-03T13:52:14.152139Z[0m [33m WARN[0m [2mcua_driver_sdk::runtime[0m[2m:[0m could not activate the persistent AT-SPI listener: AT-SPI connect failed: ZBus Error: MethodError(OwnedErrorName("org.freedesktop.DBus.Error.NameHasNoOwner"), Some("Could not activate remote peer 'org.a11y.atspi.Registry': unit failed"), Msg { type: Error, serial: 4294967295, sender: UniqueName("org.freedesktop.DBus"), reply-serial: 9, body: Str, fds: [] })
[2m2026-10-03T13:52:14.159290Z[0m [33m WARN[0m [2mplatform_linux::overlay[0m[2m:[0m X11 overlay: root reads cannot see this window's own pixels; save-unders will be served without readback confirmation
dbus-daemon[4091387]: [session uid=1000 pid=4091387 pidfd=4] Activating service name='org.freedesktop.systemd1' requested by ':1.4' (uid=1000 pid=4091936 comm="/usr/bin/dbus-broker-launch --config-file=/usr/sha")
dbus-daemon[4091387]: [session uid=1000 pid=4091387 pidfd=4] Activated service 'org.freedesktop.systemd1' failed: Process org.freedesktop.systemd1 exited with status 1
dbus-daemon[4091387]: [session uid=1000 pid=4091387 pidfd=4] Activating service name='org.freedesktop.systemd1' requested by ':1.4' (uid=1000 pid=4091936 comm="/usr/bin/dbus-broker-launch --config-file=/usr/sha")
dbus-daemon[4091387]: [session uid=1000 pid=4091387 pidfd=4] Activated service 'org.freedesktop.systemd1' failed: Process org.freedesktop.systemd1 exited with status 1
{"trial": "m-a1-r16-fill-P2", "outcome": "verified", "oracle_exact_match": true, "completion_mutations": 1, "routes": ["compiled"], "loadavg_before": "1.87 2.89 4.95 1/2309 4115978"}
dbus-daemon[4091387]: [session uid=1000 pid=4091387 pidfd=4] Activating service name='org.freedesktop.systemd1' requested by ':1.4' (uid=1000 pid=4091936 comm="/usr/bin/dbus-broker-launch --config-file=/usr/sha")
dbus-daemon[4091387]: [session uid=1000 pid=4091387 pidfd=4] Activated service 'org.freedesktop.systemd1' failed: Process org.freedesktop.systemd1 exited with status 1
[2m2026-10-03T13:52:15.652279Z[0m [33m WARN[0m [2mcua_driver_sdk::runtime[0m[2m:[0m could not activate the persistent AT-SPI listener: AT-SPI connect failed: ZBus Error: MethodError(OwnedErrorName("org.freedesktop.DBus.Error.NameHasNoOwner"), Some("Could not activate remote peer 'org.a11y.atspi.Registry': unit failed"), Msg { type: Error, serial: 4294967295, sender: UniqueName("org.freedesktop.DBus"), reply-serial: 9, body: Str, fds: [] })
[2m2026-10-03T13:52:15.659299Z[0m [33m WARN[0m [2mplatform_linux::overlay[0m[2m:[0m X11 overlay: root reads cannot see this window's own pixels; save-unders will be served without readback confirmation
dbus-daemon[4091387]: [session uid=1000 pid=4091387 pidfd=4] Activating service name='org.freedesktop.systemd1' requested by ':1.4' (uid=1000 pid=4091936 comm="/usr/bin/dbus-broker-launch --config-file=/usr/sha")
dbus-daemon[4091387]: [session uid=1000 pid=4091387 pidfd=4] Activated service 'org.freedesktop.systemd1' failed: Process org.freedesktop.systemd1 exited with status 1
dbus-daemon[4091387]: [session uid=1000 pid=4091387 pidfd=4] Activating service name='org.freedesktop.systemd1' requested by ':1.4' (uid=1000 pid=4091936 comm="/usr/bin/dbus-broker-launch --config-file=/usr/sha")
dbus-daemon[4091387]: [session uid=1000 pid=4091387 pidfd=4] Activated service 'org.freedesktop.systemd1' failed: Process org.freedesktop.systemd1 exited with status 1
{"trial": "m-a1-r16-fill-Wb", "outcome": "verified", "oracle_exact_match": true, "completion_mutations": 1, "routes": ["compiled"], "loadavg_before": "1.87 2.89 4.95 1/2309 4116309"}
dbus-daemon[4091387]: [session uid=1000 pid=4091387 pidfd=4] Activating service name='org.freedesktop.systemd1' requested by ':1.4' (uid=1000 pid=4091936 comm="/usr/bin/dbus-broker-launch --config-file=/usr/sha")
dbus-daemon[4091387]: [session uid=1000 pid=4091387 pidfd=4] Activated service 'org.freedesktop.systemd1' failed: Process org.freedesktop.systemd1 exited with status 1
[2m2026-10-03T13:52:17.153282Z[0m [33m WARN[0m [2mcua_driver_sdk::runtime[0m[2m:[0m could not activate the persistent AT-SPI listener: AT-SPI connect failed: ZBus Error: MethodError(OwnedErrorName("org.freedesktop.DBus.Error.NameHasNoOwner"), Some("Could not activate remote peer 'org.a11y.atspi.Registry': unit failed"), Msg { type: Error, serial: 4294967295, sender: UniqueName("org.freedesktop.DBus"), reply-serial: 9, body: Str, fds: [] })
[2m2026-10-03T13:52:17.160179Z[0m [33m WARN[0m [2mplatform_linux::overlay[0m[2m:[0m X11 overlay: root reads cannot see this window's own pixels; save-unders will be served without readback confirmation
dbus-daemon[4091387]: [session uid=1000 pid=4091387 pidfd=4] Activating service name='org.freedesktop.systemd1' requested by ':1.4' (uid=1000 pid=4091936 comm="/usr/bin/dbus-broker-launch --config-file=/usr/sha")
dbus-daemon[4091387]: [session uid=1000 pid=4091387 pidfd=4] Activated service 'org.freedesktop.systemd1' failed: Process org.freedesktop.systemd1 exited with status 1
dbus-daemon[4091387]: [session uid=1000 pid=4091387 pidfd=4] Activating service name='org.freedesktop.systemd1' requested by ':1.4' (uid=1000 pid=4091936 comm="/usr/bin/dbus-broker-launch --config-file=/usr/sha")
dbus-daemon[4091387]: [session uid=1000 pid=4091387 pidfd=4] Activated service 'org.freedesktop.systemd1' failed: Process org.freedesktop.systemd1 exited with status 1
{"trial": "m-a1-r17-modal-P2", "outcome": "verified", "oracle_exact_match": true, "completion_mutations": 1, "routes": ["provider", "provider"], "loadavg_before": "1.87 2.89 4.95 5/2311 4116594"}
dbus-daemon[4091387]: [session uid=1000 pid=4091387 pidfd=4] Activating service name='org.freedesktop.systemd1' requested by ':1.4' (uid=1000 pid=4091936 comm="/usr/bin/dbus-broker-launch --config-file=/usr/sha")
dbus-daemon[4091387]: [session uid=1000 pid=4091387 pidfd=4] Activated service 'org.freedesktop.systemd1' failed: Process org.freedesktop.systemd1 exited with status 1
[2m2026-10-03T13:52:18.291883Z[0m [33m WARN[0m [2mcua_driver_sdk::runtime[0m[2m:[0m could not activate the persistent AT-SPI listener: AT-SPI connect failed: ZBus Error: MethodError(OwnedErrorName("org.freedesktop.DBus.Error.NameHasNoOwner"), Some("Could not activate remote peer 'org.a11y.atspi.Registry': unit failed"), Msg { type: Error, serial: 4294967295, sender: UniqueName("org.freedesktop.DBus"), reply-serial: 9, body: Str, fds: [] })
[2m2026-10-03T13:52:18.299097Z[0m [33m WARN[0m [2mplatform_linux::overlay[0m[2m:[0m X11 overlay: root reads cannot see this window's own pixels; save-unders will be served without readback confirmation
dbus-daemon[4091387]: [session uid=1000 pid=4091387 pidfd=4] Activating service name='org.freedesktop.systemd1' requested by ':1.4' (uid=1000 pid=4091936 comm="/usr/bin/dbus-broker-launch --config-file=/usr/sha")
dbus-daemon[4091387]: [session uid=1000 pid=4091387 pidfd=4] Activated service 'org.freedesktop.systemd1' failed: Process org.freedesktop.systemd1 exited with status 1
dbus-daemon[4091387]: [session uid=1000 pid=4091387 pidfd=4] Activating service name='org.freedesktop.systemd1' requested by ':1.4' (uid=1000 pid=4091936 comm="/usr/bin/dbus-broker-launch --config-file=/usr/sha")
dbus-daemon[4091387]: [session uid=1000 pid=4091387 pidfd=4] Activated service 'org.freedesktop.systemd1' failed: Process org.freedesktop.systemd1 exited with status 1
{"trial": "m-a1-r17-modal-C", "outcome": "verified", "oracle_exact_match": true, "completion_mutations": 1, "routes": ["provider", "provider"], "loadavg_before": "1.87 2.89 4.95 2/2313 4116927"}
dbus-daemon[4091387]: [session uid=1000 pid=4091387 pidfd=4] Activating service name='org.freedesktop.systemd1' requested by ':1.4' (uid=1000 pid=4091936 comm="/usr/bin/dbus-broker-launch --config-file=/usr/sha")
dbus-daemon[4091387]: [session uid=1000 pid=4091387 pidfd=4] Activated service 'org.freedesktop.systemd1' failed: Process org.freedesktop.systemd1 exited with status 1
[2m2026-10-03T13:52:19.390758Z[0m [33m WARN[0m [2mcua_driver_sdk::runtime[0m[2m:[0m could not activate the persistent AT-SPI listener: AT-SPI connect failed: ZBus Error: MethodError(OwnedErrorName("org.freedesktop.DBus.Error.NameHasNoOwner"), Some("Could not activate remote peer 'org.a11y.atspi.Registry': unit failed"), Msg { type: Error, serial: 4294967295, sender: UniqueName("org.freedesktop.DBus"), reply-serial: 9, body: Str, fds: [] })
[2m2026-10-03T13:52:19.398057Z[0m [33m WARN[0m [2mplatform_linux::overlay[0m[2m:[0m X11 overlay: root reads cannot see this window's own pixels; save-unders will be served without readback confirmation
dbus-daemon[4091387]: [session uid=1000 pid=4091387 pidfd=4] Activating service name='org.freedesktop.systemd1' requested by ':1.4' (uid=1000 pid=4091936 comm="/usr/bin/dbus-broker-launch --config-file=/usr/sha")
dbus-daemon[4091387]: [session uid=1000 pid=4091387 pidfd=4] Activated service 'org.freedesktop.systemd1' failed: Process org.freedesktop.systemd1 exited with status 1
dbus-daemon[4091387]: [session uid=1000 pid=4091387 pidfd=4] Activating service name='org.freedesktop.systemd1' requested by ':1.4' (uid=1000 pid=4091936 comm="/usr/bin/dbus-broker-launch --config-file=/usr/sha")
dbus-daemon[4091387]: [session uid=1000 pid=4091387 pidfd=4] Activated service 'org.freedesktop.systemd1' failed: Process org.freedesktop.systemd1 exited with status 1
{"trial": "m-a1-r17-modal-Wb", "outcome": "verified", "oracle_exact_match": true, "completion_mutations": 1, "routes": ["provider", "provider"], "loadavg_before": "1.72 2.84 4.92 2/2278 4117208"}
dbus-daemon[4091387]: [session uid=1000 pid=4091387 pidfd=4] Activating service name='org.freedesktop.systemd1' requested by ':1.4' (uid=1000 pid=4091936 comm="/usr/bin/dbus-broker-launch --config-file=/usr/sha")
dbus-daemon[4091387]: [session uid=1000 pid=4091387 pidfd=4] Activated service 'org.freedesktop.systemd1' failed: Process org.freedesktop.systemd1 exited with status 1
[2m2026-10-03T13:52:20.534012Z[0m [33m WARN[0m [2mcua_driver_sdk::runtime[0m[2m:[0m could not activate the persistent AT-SPI listener: AT-SPI connect failed: ZBus Error: MethodError(OwnedErrorName("org.freedesktop.DBus.Error.NameHasNoOwner"), Some("Could not activate remote peer 'org.a11y.atspi.Registry': unit failed"), Msg { type: Error, serial: 4294967295, sender: UniqueName("org.freedesktop.DBus"), reply-serial: 9, body: Str, fds: [] })
[2m2026-10-03T13:52:20.541200Z[0m [33m WARN[0m [2mplatform_linux::overlay[0m[2m:[0m X11 overlay: root reads cannot see this window's own pixels; save-unders will be served without readback confirmation
dbus-daemon[4091387]: [session uid=1000 pid=4091387 pidfd=4] Activating service name='org.freedesktop.systemd1' requested by ':1.4' (uid=1000 pid=4091936 comm="/usr/bin/dbus-broker-launch --config-file=/usr/sha")
dbus-daemon[4091387]: [session uid=1000 pid=4091387 pidfd=4] Activated service 'org.freedesktop.systemd1' failed: Process org.freedesktop.systemd1 exited with status 1
dbus-daemon[4091387]: [session uid=1000 pid=4091387 pidfd=4] Activating service name='org.freedesktop.systemd1' requested by ':1.4' (uid=1000 pid=4091936 comm="/usr/bin/dbus-broker-launch --config-file=/usr/sha")
dbus-daemon[4091387]: [session uid=1000 pid=4091387 pidfd=4] Activated service 'org.freedesktop.systemd1' failed: Process org.freedesktop.systemd1 exited with status 1
{"trial": "m-a1-r17-modal-Wa", "outcome": "verified", "oracle_exact_match": true, "completion_mutations": 1, "routes": ["provider", "provider"], "loadavg_before": "1.72 2.84 4.92 1/2262 4117479"}
dbus-daemon[4091387]: [session uid=1000 pid=4091387 pidfd=4] Activating service name='org.freedesktop.systemd1' requested by ':1.4' (uid=1000 pid=4091936 comm="/usr/bin/dbus-broker-launch --config-file=/usr/sha")
dbus-daemon[4091387]: [session uid=1000 pid=4091387 pidfd=4] Activated service 'org.freedesktop.systemd1' failed: Process org.freedesktop.systemd1 exited with status 1
[2m2026-10-03T13:52:21.662741Z[0m [33m WARN[0m [2mcua_driver_sdk::runtime[0m[2m:[0m could not activate the persistent AT-SPI listener: AT-SPI connect failed: ZBus Error: MethodError(OwnedErrorName("org.freedesktop.DBus.Error.NameHasNoOwner"), Some("Could not activate remote peer 'org.a11y.atspi.Registry': unit failed"), Msg { type: Error, serial: 4294967295, sender: UniqueName("org.freedesktop.DBus"), reply-serial: 9, body: Str, fds: [] })
[2m2026-10-03T13:52:21.670070Z[0m [33m WARN[0m [2mplatform_linux::overlay[0m[2m:[0m X11 overlay: root reads cannot see this window's own pixels; save-unders will be served without readback confirmation
dbus-daemon[4091387]: [session uid=1000 pid=4091387 pidfd=4] Activating service name='org.freedesktop.systemd1' requested by ':1.4' (uid=1000 pid=4091936 comm="/usr/bin/dbus-broker-launch --config-file=/usr/sha")
dbus-daemon[4091387]: [session uid=1000 pid=4091387 pidfd=4] Activated service 'org.freedesktop.systemd1' failed: Process org.freedesktop.systemd1 exited with status 1
dbus-daemon[4091387]: [session uid=1000 pid=4091387 pidfd=4] Activating service name='org.freedesktop.systemd1' requested by ':1.4' (uid=1000 pid=4091936 comm="/usr/bin/dbus-broker-launch --config-file=/usr/sha")
dbus-daemon[4091387]: [session uid=1000 pid=4091387 pidfd=4] Activated service 'org.freedesktop.systemd1' failed: Process org.freedesktop.systemd1 exited with status 1
{"trial": "m-a1-r17-fill-Wa", "outcome": "verified", "oracle_exact_match": true, "completion_mutations": 1, "routes": ["compiled"], "loadavg_before": "1.72 2.84 4.92 1/2262 4117761"}
dbus-daemon[4091387]: [session uid=1000 pid=4091387 pidfd=4] Activating service name='org.freedesktop.systemd1' requested by ':1.4' (uid=1000 pid=4091936 comm="/usr/bin/dbus-broker-launch --config-file=/usr/sha")
dbus-daemon[4091387]: [session uid=1000 pid=4091387 pidfd=4] Activated service 'org.freedesktop.systemd1' failed: Process org.freedesktop.systemd1 exited with status 1
[2m2026-10-03T13:52:23.164546Z[0m [33m WARN[0m [2mcua_driver_sdk::runtime[0m[2m:[0m could not activate the persistent AT-SPI listener: AT-SPI connect failed: ZBus Error: MethodError(OwnedErrorName("org.freedesktop.DBus.Error.NameHasNoOwner"), Some("Could not activate remote peer 'org.a11y.atspi.Registry': unit failed"), Msg { type: Error, serial: 4294967295, sender: UniqueName("org.freedesktop.DBus"), reply-serial: 9, body: Str, fds: [] })
[2m2026-10-03T13:52:23.172265Z[0m [33m WARN[0m [2mplatform_linux::overlay[0m[2m:[0m X11 overlay: root reads cannot see this window's own pixels; save-unders will be served without readback confirmation
dbus-daemon[4091387]: [session uid=1000 pid=4091387 pidfd=4] Activating service name='org.freedesktop.systemd1' requested by ':1.4' (uid=1000 pid=4091936 comm="/usr/bin/dbus-broker-launch --config-file=/usr/sha")
dbus-daemon[4091387]: [session uid=1000 pid=4091387 pidfd=4] Activated service 'org.freedesktop.systemd1' failed: Process org.freedesktop.systemd1 exited with status 1
dbus-daemon[4091387]: [session uid=1000 pid=4091387 pidfd=4] Activating service name='org.freedesktop.systemd1' requested by ':1.4' (uid=1000 pid=4091936 comm="/usr/bin/dbus-broker-launch --config-file=/usr/sha")
dbus-daemon[4091387]: [session uid=1000 pid=4091387 pidfd=4] Activated service 'org.freedesktop.systemd1' failed: Process org.freedesktop.systemd1 exited with status 1
{"trial": "m-a1-r17-fill-Wb", "outcome": "verified", "oracle_exact_match": true, "completion_mutations": 1, "routes": ["compiled"], "loadavg_before": "1.72 2.84 4.92 1/2269 4118033"}
dbus-daemon[4091387]: [session uid=1000 pid=4091387 pidfd=4] Activating service name='org.freedesktop.systemd1' requested by ':1.4' (uid=1000 pid=4091936 comm="/usr/bin/dbus-broker-launch --config-file=/usr/sha")
dbus-daemon[4091387]: [session uid=1000 pid=4091387 pidfd=4] Activated service 'org.freedesktop.systemd1' failed: Process org.freedesktop.systemd1 exited with status 1
[2m2026-10-03T13:52:24.662728Z[0m [33m WARN[0m [2mcua_driver_sdk::runtime[0m[2m:[0m could not activate the persistent AT-SPI listener: AT-SPI connect failed: ZBus Error: MethodError(OwnedErrorName("org.freedesktop.DBus.Error.NameHasNoOwner"), Some("Could not activate remote peer 'org.a11y.atspi.Registry': unit failed"), Msg { type: Error, serial: 4294967295, sender: UniqueName("org.freedesktop.DBus"), reply-serial: 9, body: Str, fds: [] })
[2m2026-10-03T13:52:24.669107Z[0m [33m WARN[0m [2mplatform_linux::overlay[0m[2m:[0m X11 overlay: root reads cannot see this window's own pixels; save-unders will be served without readback confirmation
dbus-daemon[4091387]: [session uid=1000 pid=4091387 pidfd=4] Activating service name='org.freedesktop.systemd1' requested by ':1.4' (uid=1000 pid=4091936 comm="/usr/bin/dbus-broker-launch --config-file=/usr/sha")
dbus-daemon[4091387]: [session uid=1000 pid=4091387 pidfd=4] Activated service 'org.freedesktop.systemd1' failed: Process org.freedesktop.systemd1 exited with status 1
dbus-daemon[4091387]: [session uid=1000 pid=4091387 pidfd=4] Activating service name='org.freedesktop.systemd1' requested by ':1.4' (uid=1000 pid=4091936 comm="/usr/bin/dbus-broker-launch --config-file=/usr/sha")
dbus-daemon[4091387]: [session uid=1000 pid=4091387 pidfd=4] Activated service 'org.freedesktop.systemd1' failed: Process org.freedesktop.systemd1 exited with status 1
{"trial": "m-a1-r17-fill-C", "outcome": "verified", "oracle_exact_match": true, "completion_mutations": 1, "routes": ["compiled"], "loadavg_before": "1.58 2.80 4.90 1/2270 4118325"}
dbus-daemon[4091387]: [session uid=1000 pid=4091387 pidfd=4] Activating service name='org.freedesktop.systemd1' requested by ':1.4' (uid=1000 pid=4091936 comm="/usr/bin/dbus-broker-launch --config-file=/usr/sha")
dbus-daemon[4091387]: [session uid=1000 pid=4091387 pidfd=4] Activated service 'org.freedesktop.systemd1' failed: Process org.freedesktop.systemd1 exited with status 1
[2m2026-10-03T13:52:26.164367Z[0m [33m WARN[0m [2mcua_driver_sdk::runtime[0m[2m:[0m could not activate the persistent AT-SPI listener: AT-SPI connect failed: ZBus Error: MethodError(OwnedErrorName("org.freedesktop.DBus.Error.NameHasNoOwner"), Some("Could not activate remote peer 'org.a11y.atspi.Registry': unit failed"), Msg { type: Error, serial: 4294967295, sender: UniqueName("org.freedesktop.DBus"), reply-serial: 9, body: Str, fds: [] })
[2m2026-10-03T13:52:26.171086Z[0m [33m WARN[0m [2mplatform_linux::overlay[0m[2m:[0m X11 overlay: root reads cannot see this window's own pixels; save-unders will be served without readback confirmation
dbus-daemon[4091387]: [session uid=1000 pid=4091387 pidfd=4] Activating service name='org.freedesktop.systemd1' requested by ':1.4' (uid=1000 pid=4091936 comm="/usr/bin/dbus-broker-launch --config-file=/usr/sha")
dbus-daemon[4091387]: [session uid=1000 pid=4091387 pidfd=4] Activated service 'org.freedesktop.systemd1' failed: Process org.freedesktop.systemd1 exited with status 1
dbus-daemon[4091387]: [session uid=1000 pid=4091387 pidfd=4] Activating service name='org.freedesktop.systemd1' requested by ':1.4' (uid=1000 pid=4091936 comm="/usr/bin/dbus-broker-launch --config-file=/usr/sha")
dbus-daemon[4091387]: [session uid=1000 pid=4091387 pidfd=4] Activated service 'org.freedesktop.systemd1' failed: Process org.freedesktop.systemd1 exited with status 1
{"trial": "m-a1-r17-fill-P2", "outcome": "verified", "oracle_exact_match": true, "completion_mutations": 1, "routes": ["compiled"], "loadavg_before": "1.58 2.80 4.90 1/2270 4118627"}
dbus-daemon[4091387]: [session uid=1000 pid=4091387 pidfd=4] Activating service name='org.freedesktop.systemd1' requested by ':1.4' (uid=1000 pid=4091936 comm="/usr/bin/dbus-broker-launch --config-file=/usr/sha")
dbus-daemon[4091387]: [session uid=1000 pid=4091387 pidfd=4] Activated service 'org.freedesktop.systemd1' failed: Process org.freedesktop.systemd1 exited with status 1
[2m2026-10-03T13:52:27.664654Z[0m [33m WARN[0m [2mcua_driver_sdk::runtime[0m[2m:[0m could not activate the persistent AT-SPI listener: AT-SPI connect failed: ZBus Error: MethodError(OwnedErrorName("org.freedesktop.DBus.Error.NameHasNoOwner"), Some("Could not activate remote peer 'org.a11y.atspi.Registry': unit failed"), Msg { type: Error, serial: 4294967295, sender: UniqueName("org.freedesktop.DBus"), reply-serial: 9, body: Str, fds: [] })
[2m2026-10-03T13:52:27.671416Z[0m [33m WARN[0m [2mplatform_linux::overlay[0m[2m:[0m X11 overlay: root reads cannot see this window's own pixels; save-unders will be served without readback confirmation
dbus-daemon[4091387]: [session uid=1000 pid=4091387 pidfd=4] Activating service name='org.freedesktop.systemd1' requested by ':1.4' (uid=1000 pid=4091936 comm="/usr/bin/dbus-broker-launch --config-file=/usr/sha")
dbus-daemon[4091387]: [session uid=1000 pid=4091387 pidfd=4] Activated service 'org.freedesktop.systemd1' failed: Process org.freedesktop.systemd1 exited with status 1
dbus-daemon[4091387]: [session uid=1000 pid=4091387 pidfd=4] Activating service name='org.freedesktop.systemd1' requested by ':1.4' (uid=1000 pid=4091936 comm="/usr/bin/dbus-broker-launch --config-file=/usr/sha")
dbus-daemon[4091387]: [session uid=1000 pid=4091387 pidfd=4] Activated service 'org.freedesktop.systemd1' failed: Process org.freedesktop.systemd1 exited with status 1
{"trial": "m-a1-r17-toggle-Wb", "outcome": "verified", "oracle_exact_match": true, "completion_mutations": 1, "routes": ["provider", "provider"], "loadavg_before": "1.58 2.80 4.90 1/2270 4118912"}
dbus-daemon[4091387]: [session uid=1000 pid=4091387 pidfd=4] Activating service name='org.freedesktop.systemd1' requested by ':1.4' (uid=1000 pid=4091936 comm="/usr/bin/dbus-broker-launch --config-file=/usr/sha")
dbus-daemon[4091387]: [session uid=1000 pid=4091387 pidfd=4] Activated service 'org.freedesktop.systemd1' failed: Process org.freedesktop.systemd1 exited with status 1
[2m2026-10-03T13:52:28.784064Z[0m [33m WARN[0m [2mcua_driver_sdk::runtime[0m[2m:[0m could not activate the persistent AT-SPI listener: AT-SPI connect failed: ZBus Error: MethodError(OwnedErrorName("org.freedesktop.DBus.Error.NameHasNoOwner"), Some("Could not activate remote peer 'org.a11y.atspi.Registry': unit failed"), Msg { type: Error, serial: 4294967295, sender: UniqueName("org.freedesktop.DBus"), reply-serial: 9, body: Str, fds: [] })
[2m2026-10-03T13:52:28.790976Z[0m [33m WARN[0m [2mplatform_linux::overlay[0m[2m:[0m X11 overlay: root reads cannot see this window's own pixels; save-unders will be served without readback confirmation
dbus-daemon[4091387]: [session uid=1000 pid=4091387 pidfd=4] Activating service name='org.freedesktop.systemd1' requested by ':1.4' (uid=1000 pid=4091936 comm="/usr/bin/dbus-broker-launch --config-file=/usr/sha")
dbus-daemon[4091387]: [session uid=1000 pid=4091387 pidfd=4] Activated service 'org.freedesktop.systemd1' failed: Process org.freedesktop.systemd1 exited with status 1
dbus-daemon[4091387]: [session uid=1000 pid=4091387 pidfd=4] Activating service name='org.freedesktop.systemd1' requested by ':1.4' (uid=1000 pid=4091936 comm="/usr/bin/dbus-broker-launch --config-file=/usr/sha")
dbus-daemon[4091387]: [session uid=1000 pid=4091387 pidfd=4] Activated service 'org.freedesktop.systemd1' failed: Process org.freedesktop.systemd1 exited with status 1
{"trial": "m-a1-r17-toggle-P2", "outcome": "verified", "oracle_exact_match": true, "completion_mutations": 1, "routes": ["provider", "provider"], "loadavg_before": "1.58 2.80 4.90 1/2270 4119171"}
dbus-daemon[4091387]: [session uid=1000 pid=4091387 pidfd=4] Activating service name='org.freedesktop.systemd1' requested by ':1.4' (uid=1000 pid=4091936 comm="/usr/bin/dbus-broker-launch --config-file=/usr/sha")
dbus-daemon[4091387]: [session uid=1000 pid=4091387 pidfd=4] Activated service 'org.freedesktop.systemd1' failed: Process org.freedesktop.systemd1 exited with status 1
[2m2026-10-03T13:52:29.914619Z[0m [33m WARN[0m [2mcua_driver_sdk::runtime[0m[2m:[0m could not activate the persistent AT-SPI listener: AT-SPI connect failed: ZBus Error: MethodError(OwnedErrorName("org.freedesktop.DBus.Error.NameHasNoOwner"), Some("Could not activate remote peer 'org.a11y.atspi.Registry': unit failed"), Msg { type: Error, serial: 4294967295, sender: UniqueName("org.freedesktop.DBus"), reply-serial: 9, body: Str, fds: [] })
[2m2026-10-03T13:52:29.922358Z[0m [33m WARN[0m [2mplatform_linux::overlay[0m[2m:[0m X11 overlay: root reads cannot see this window's own pixels; save-unders will be served without readback confirmation
dbus-daemon[4091387]: [session uid=1000 pid=4091387 pidfd=4] Activating service name='org.freedesktop.systemd1' requested by ':1.4' (uid=1000 pid=4091936 comm="/usr/bin/dbus-broker-launch --config-file=/usr/sha")
dbus-daemon[4091387]: [session uid=1000 pid=4091387 pidfd=4] Activated service 'org.freedesktop.systemd1' failed: Process org.freedesktop.systemd1 exited with status 1
dbus-daemon[4091387]: [session uid=1000 pid=4091387 pidfd=4] Activating service name='org.freedesktop.systemd1' requested by ':1.4' (uid=1000 pid=4091936 comm="/usr/bin/dbus-broker-launch --config-file=/usr/sha")
dbus-daemon[4091387]: [session uid=1000 pid=4091387 pidfd=4] Activated service 'org.freedesktop.systemd1' failed: Process org.freedesktop.systemd1 exited with status 1
{"trial": "m-a1-r17-toggle-Wa", "outcome": "verified", "oracle_exact_match": true, "completion_mutations": 1, "routes": ["provider", "provider"], "loadavg_before": "1.53 2.77 4.88 2/2270 4119456"}
dbus-daemon[4091387]: [session uid=1000 pid=4091387 pidfd=4] Activating service name='org.freedesktop.systemd1' requested by ':1.4' (uid=1000 pid=4091936 comm="/usr/bin/dbus-broker-launch --config-file=/usr/sha")
dbus-daemon[4091387]: [session uid=1000 pid=4091387 pidfd=4] Activated service 'org.freedesktop.systemd1' failed: Process org.freedesktop.systemd1 exited with status 1
[2m2026-10-03T13:52:31.038182Z[0m [33m WARN[0m [2mcua_driver_sdk::runtime[0m[2m:[0m could not activate the persistent AT-SPI listener: AT-SPI connect failed: ZBus Error: MethodError(OwnedErrorName("org.freedesktop.DBus.Error.NameHasNoOwner"), Some("Could not activate remote peer 'org.a11y.atspi.Registry': unit failed"), Msg { type: Error, serial: 4294967295, sender: UniqueName("org.freedesktop.DBus"), reply-serial: 9, body: Str, fds: [] })
[2m2026-10-03T13:52:31.046321Z[0m [33m WARN[0m [2mplatform_linux::overlay[0m[2m:[0m X11 overlay: root reads cannot see this window's own pixels; save-unders will be served without readback confirmation
dbus-daemon[4091387]: [session uid=1000 pid=4091387 pidfd=4] Activating service name='org.freedesktop.systemd1' requested by ':1.4' (uid=1000 pid=4091936 comm="/usr/bin/dbus-broker-launch --config-file=/usr/sha")
dbus-daemon[4091387]: [session uid=1000 pid=4091387 pidfd=4] Activated service 'org.freedesktop.systemd1' failed: Process org.freedesktop.systemd1 exited with status 1
dbus-daemon[4091387]: [session uid=1000 pid=4091387 pidfd=4] Activating service name='org.freedesktop.systemd1' requested by ':1.4' (uid=1000 pid=4091936 comm="/usr/bin/dbus-broker-launch --config-file=/usr/sha")
dbus-daemon[4091387]: [session uid=1000 pid=4091387 pidfd=4] Activated service 'org.freedesktop.systemd1' failed: Process org.freedesktop.systemd1 exited with status 1
{"trial": "m-a1-r17-toggle-C", "outcome": "verified", "oracle_exact_match": true, "completion_mutations": 1, "routes": ["provider", "provider"], "loadavg_before": "1.53 2.77 4.88 1/2269 4119717"}
dbus-daemon[4091387]: [session uid=1000 pid=4091387 pidfd=4] Activating service name='org.freedesktop.systemd1' requested by ':1.4' (uid=1000 pid=4091936 comm="/usr/bin/dbus-broker-launch --config-file=/usr/sha")
dbus-daemon[4091387]: [session uid=1000 pid=4091387 pidfd=4] Activated service 'org.freedesktop.systemd1' failed: Process org.freedesktop.systemd1 exited with status 1
[2m2026-10-03T13:52:32.134912Z[0m [33m WARN[0m [2mcua_driver_sdk::runtime[0m[2m:[0m could not activate the persistent AT-SPI listener: AT-SPI connect failed: ZBus Error: MethodError(OwnedErrorName("org.freedesktop.DBus.Error.NameHasNoOwner"), Some("Could not activate remote peer 'org.a11y.atspi.Registry': unit failed"), Msg { type: Error, serial: 4294967295, sender: UniqueName("org.freedesktop.DBus"), reply-serial: 9, body: Str, fds: [] })
[2m2026-10-03T13:52:32.142960Z[0m [33m WARN[0m [2mplatform_linux::overlay[0m[2m:[0m X11 overlay: root reads cannot see this window's own pixels; save-unders will be served without readback confirmation
dbus-daemon[4091387]: [session uid=1000 pid=4091387 pidfd=4] Activating service name='org.freedesktop.systemd1' requested by ':1.4' (uid=1000 pid=4091936 comm="/usr/bin/dbus-broker-launch --config-file=/usr/sha")
dbus-daemon[4091387]: [session uid=1000 pid=4091387 pidfd=4] Activated service 'org.freedesktop.systemd1' failed: Process org.freedesktop.systemd1 exited with status 1
dbus-daemon[4091387]: [session uid=1000 pid=4091387 pidfd=4] Activating service name='org.freedesktop.systemd1' requested by ':1.4' (uid=1000 pid=4091936 comm="/usr/bin/dbus-broker-launch --config-file=/usr/sha")
dbus-daemon[4091387]: [session uid=1000 pid=4091387 pidfd=4] Activated service 'org.freedesktop.systemd1' failed: Process org.freedesktop.systemd1 exited with status 1
{"trial": "m-a1-r18-fill-Wb", "outcome": "verified", "oracle_exact_match": true, "completion_mutations": 1, "routes": ["compiled"], "loadavg_before": "1.53 2.77 4.88 1/2269 4119995"}
dbus-daemon[4091387]: [session uid=1000 pid=4091387 pidfd=4] Activating service name='org.freedesktop.systemd1' requested by ':1.4' (uid=1000 pid=4091936 comm="/usr/bin/dbus-broker-launch --config-file=/usr/sha")
dbus-daemon[4091387]: [session uid=1000 pid=4091387 pidfd=4] Activated service 'org.freedesktop.systemd1' failed: Process org.freedesktop.systemd1 exited with status 1
[2m2026-10-03T13:52:33.635154Z[0m [33m WARN[0m [2mcua_driver_sdk::runtime[0m[2m:[0m could not activate the persistent AT-SPI listener: AT-SPI connect failed: ZBus Error: MethodError(OwnedErrorName("org.freedesktop.DBus.Error.NameHasNoOwner"), Some("Could not activate remote peer 'org.a11y.atspi.Registry': unit failed"), Msg { type: Error, serial: 4294967295, sender: UniqueName("org.freedesktop.DBus"), reply-serial: 9, body: Str, fds: [] })
[2m2026-10-03T13:52:33.644506Z[0m [33m WARN[0m [2mplatform_linux::overlay[0m[2m:[0m X11 overlay: root reads cannot see this window's own pixels; save-unders will be served without readback confirmation
dbus-daemon[4091387]: [session uid=1000 pid=4091387 pidfd=4] Activating service name='org.freedesktop.systemd1' requested by ':1.4' (uid=1000 pid=4091936 comm="/usr/bin/dbus-broker-launch --config-file=/usr/sha")
dbus-daemon[4091387]: [session uid=1000 pid=4091387 pidfd=4] Activated service 'org.freedesktop.systemd1' failed: Process org.freedesktop.systemd1 exited with status 1
dbus-daemon[4091387]: [session uid=1000 pid=4091387 pidfd=4] Activating service name='org.freedesktop.systemd1' requested by ':1.4' (uid=1000 pid=4091936 comm="/usr/bin/dbus-broker-launch --config-file=/usr/sha")
dbus-daemon[4091387]: [session uid=1000 pid=4091387 pidfd=4] Activated service 'org.freedesktop.systemd1' failed: Process org.freedesktop.systemd1 exited with status 1
{"trial": "m-a1-r18-fill-P2", "outcome": "verified", "oracle_exact_match": true, "completion_mutations": 1, "routes": ["compiled"], "loadavg_before": "1.53 2.77 4.88 1/2269 4120266"}
dbus-daemon[4091387]: [session uid=1000 pid=4091387 pidfd=4] Activating service name='org.freedesktop.systemd1' requested by ':1.4' (uid=1000 pid=4091936 comm="/usr/bin/dbus-broker-launch --config-file=/usr/sha")
dbus-daemon[4091387]: [session uid=1000 pid=4091387 pidfd=4] Activated service 'org.freedesktop.systemd1' failed: Process org.freedesktop.systemd1 exited with status 1
[2m2026-10-03T13:52:35.136833Z[0m [33m WARN[0m [2mcua_driver_sdk::runtime[0m[2m:[0m could not activate the persistent AT-SPI listener: AT-SPI connect failed: ZBus Error: MethodError(OwnedErrorName("org.freedesktop.DBus.Error.NameHasNoOwner"), Some("Could not activate remote peer 'org.a11y.atspi.Registry': unit failed"), Msg { type: Error, serial: 4294967295, sender: UniqueName("org.freedesktop.DBus"), reply-serial: 9, body: Str, fds: [] })
[2m2026-10-03T13:52:35.144202Z[0m [33m WARN[0m [2mplatform_linux::overlay[0m[2m:[0m X11 overlay: root reads cannot see this window's own pixels; save-unders will be served without readback confirmation
dbus-daemon[4091387]: [session uid=1000 pid=4091387 pidfd=4] Activating service name='org.freedesktop.systemd1' requested by ':1.4' (uid=1000 pid=4091936 comm="/usr/bin/dbus-broker-launch --config-file=/usr/sha")
dbus-daemon[4091387]: [session uid=1000 pid=4091387 pidfd=4] Activated service 'org.freedesktop.systemd1' failed: Process org.freedesktop.systemd1 exited with status 1
dbus-daemon[4091387]: [session uid=1000 pid=4091387 pidfd=4] Activating service name='org.freedesktop.systemd1' requested by ':1.4' (uid=1000 pid=4091936 comm="/usr/bin/dbus-broker-launch --config-file=/usr/sha")
dbus-daemon[4091387]: [session uid=1000 pid=4091387 pidfd=4] Activated service 'org.freedesktop.systemd1' failed: Process org.freedesktop.systemd1 exited with status 1
{"trial": "m-a1-r18-fill-Wa", "outcome": "verified", "oracle_exact_match": true, "completion_mutations": 1, "routes": ["compiled"], "loadavg_before": "2.29 2.90 4.91 1/2275 4120628"}
dbus-daemon[4091387]: [session uid=1000 pid=4091387 pidfd=4] Activating service name='org.freedesktop.systemd1' requested by ':1.4' (uid=1000 pid=4091936 comm="/usr/bin/dbus-broker-launch --config-file=/usr/sha")
dbus-daemon[4091387]: [session uid=1000 pid=4091387 pidfd=4] Activated service 'org.freedesktop.systemd1' failed: Process org.freedesktop.systemd1 exited with status 1
[2m2026-10-03T13:52:36.637583Z[0m [33m WARN[0m [2mcua_driver_sdk::runtime[0m[2m:[0m could not activate the persistent AT-SPI listener: AT-SPI connect failed: ZBus Error: MethodError(OwnedErrorName("org.freedesktop.DBus.Error.NameHasNoOwner"), Some("Could not activate remote peer 'org.a11y.atspi.Registry': unit failed"), Msg { type: Error, serial: 4294967295, sender: UniqueName("org.freedesktop.DBus"), reply-serial: 9, body: Str, fds: [] })
[2m2026-10-03T13:52:36.645293Z[0m [33m WARN[0m [2mplatform_linux::overlay[0m[2m:[0m X11 overlay: root reads cannot see this window's own pixels; save-unders will be served without readback confirmation
dbus-daemon[4091387]: [session uid=1000 pid=4091387 pidfd=4] Activating service name='org.freedesktop.systemd1' requested by ':1.4' (uid=1000 pid=4091936 comm="/usr/bin/dbus-broker-launch --config-file=/usr/sha")
dbus-daemon[4091387]: [session uid=1000 pid=4091387 pidfd=4] Activated service 'org.freedesktop.systemd1' failed: Process org.freedesktop.systemd1 exited with status 1
dbus-daemon[4091387]: [session uid=1000 pid=4091387 pidfd=4] Activating service name='org.freedesktop.systemd1' requested by ':1.4' (uid=1000 pid=4091936 comm="/usr/bin/dbus-broker-launch --config-file=/usr/sha")
dbus-daemon[4091387]: [session uid=1000 pid=4091387 pidfd=4] Activated service 'org.freedesktop.systemd1' failed: Process org.freedesktop.systemd1 exited with status 1
{"trial": "m-a1-r18-fill-C", "outcome": "verified", "oracle_exact_match": true, "completion_mutations": 1, "routes": ["compiled"], "loadavg_before": "2.29 2.90 4.91 2/2270 4120957"}
dbus-daemon[4091387]: [session uid=1000 pid=4091387 pidfd=4] Activating service name='org.freedesktop.systemd1' requested by ':1.4' (uid=1000 pid=4091936 comm="/usr/bin/dbus-broker-launch --config-file=/usr/sha")
dbus-daemon[4091387]: [session uid=1000 pid=4091387 pidfd=4] Activated service 'org.freedesktop.systemd1' failed: Process org.freedesktop.systemd1 exited with status 1
[2m2026-10-03T13:52:38.137399Z[0m [33m WARN[0m [2mcua_driver_sdk::runtime[0m[2m:[0m could not activate the persistent AT-SPI listener: AT-SPI connect failed: ZBus Error: MethodError(OwnedErrorName("org.freedesktop.DBus.Error.NameHasNoOwner"), Some("Could not activate remote peer 'org.a11y.atspi.Registry': unit failed"), Msg { type: Error, serial: 4294967295, sender: UniqueName("org.freedesktop.DBus"), reply-serial: 9, body: Str, fds: [] })
[2m2026-10-03T13:52:38.144488Z[0m [33m WARN[0m [2mplatform_linux::overlay[0m[2m:[0m X11 overlay: root reads cannot see this window's own pixels; save-unders will be served without readback confirmation
dbus-daemon[4091387]: [session uid=1000 pid=4091387 pidfd=4] Activating service name='org.freedesktop.systemd1' requested by ':1.4' (uid=1000 pid=4091936 comm="/usr/bin/dbus-broker-launch --config-file=/usr/sha")
dbus-daemon[4091387]: [session uid=1000 pid=4091387 pidfd=4] Activated service 'org.freedesktop.systemd1' failed: Process org.freedesktop.systemd1 exited with status 1
dbus-daemon[4091387]: [session uid=1000 pid=4091387 pidfd=4] Activating service name='org.freedesktop.systemd1' requested by ':1.4' (uid=1000 pid=4091936 comm="/usr/bin/dbus-broker-launch --config-file=/usr/sha")
dbus-daemon[4091387]: [session uid=1000 pid=4091387 pidfd=4] Activated service 'org.freedesktop.systemd1' failed: Process org.freedesktop.systemd1 exited with status 1
{"trial": "m-a1-r18-toggle-P2", "outcome": "verified", "oracle_exact_match": true, "completion_mutations": 1, "routes": ["provider", "provider"], "loadavg_before": "2.29 2.90 4.91 2/2279 4121286"}
dbus-daemon[4091387]: [session uid=1000 pid=4091387 pidfd=4] Activating service name='org.freedesktop.systemd1' requested by ':1.4' (uid=1000 pid=4091936 comm="/usr/bin/dbus-broker-launch --config-file=/usr/sha")
dbus-daemon[4091387]: [session uid=1000 pid=4091387 pidfd=4] Activated service 'org.freedesktop.systemd1' failed: Process org.freedesktop.systemd1 exited with status 1
[2m2026-10-03T13:52:39.292590Z[0m [33m WARN[0m [2mcua_driver_sdk::runtime[0m[2m:[0m could not activate the persistent AT-SPI listener: AT-SPI connect failed: ZBus Error: MethodError(OwnedErrorName("org.freedesktop.DBus.Error.NameHasNoOwner"), Some("Could not activate remote peer 'org.a11y.atspi.Registry': unit failed"), Msg { type: Error, serial: 4294967295, sender: UniqueName("org.freedesktop.DBus"), reply-serial: 9, body: Str, fds: [] })
[2m2026-10-03T13:52:39.299619Z[0m [33m WARN[0m [2mplatform_linux::overlay[0m[2m:[0m X11 overlay: root reads cannot see this window's own pixels; save-unders will be served without readback confirmation
dbus-daemon[4091387]: [session uid=1000 pid=4091387 pidfd=4] Activating service name='org.freedesktop.systemd1' requested by ':1.4' (uid=1000 pid=4091936 comm="/usr/bin/dbus-broker-launch --config-file=/usr/sha")
dbus-daemon[4091387]: [session uid=1000 pid=4091387 pidfd=4] Activated service 'org.freedesktop.systemd1' failed: Process org.freedesktop.systemd1 exited with status 1
dbus-daemon[4091387]: [session uid=1000 pid=4091387 pidfd=4] Activating service name='org.freedesktop.systemd1' requested by ':1.4' (uid=1000 pid=4091936 comm="/usr/bin/dbus-broker-launch --config-file=/usr/sha")
dbus-daemon[4091387]: [session uid=1000 pid=4091387 pidfd=4] Activated service 'org.freedesktop.systemd1' failed: Process org.freedesktop.systemd1 exited with status 1
{"trial": "m-a1-r18-toggle-C", "outcome": "verified", "oracle_exact_match": true, "completion_mutations": 1, "routes": ["provider", "provider"], "loadavg_before": "2.11 2.85 4.88 5/2290 4121583"}
dbus-daemon[4091387]: [session uid=1000 pid=4091387 pidfd=4] Activating service name='org.freedesktop.systemd1' requested by ':1.4' (uid=1000 pid=4091936 comm="/usr/bin/dbus-broker-launch --config-file=/usr/sha")
dbus-daemon[4091387]: [session uid=1000 pid=4091387 pidfd=4] Activated service 'org.freedesktop.systemd1' failed: Process org.freedesktop.systemd1 exited with status 1
[2m2026-10-03T13:52:40.382106Z[0m [33m WARN[0m [2mcua_driver_sdk::runtime[0m[2m:[0m could not activate the persistent AT-SPI listener: AT-SPI connect failed: ZBus Error: MethodError(OwnedErrorName("org.freedesktop.DBus.Error.NameHasNoOwner"), Some("Could not activate remote peer 'org.a11y.atspi.Registry': unit failed"), Msg { type: Error, serial: 4294967295, sender: UniqueName("org.freedesktop.DBus"), reply-serial: 9, body: Str, fds: [] })
[2m2026-10-03T13:52:40.389234Z[0m [33m WARN[0m [2mplatform_linux::overlay[0m[2m:[0m X11 overlay: root reads cannot see this window's own pixels; save-unders will be served without readback confirmation
dbus-daemon[4091387]: [session uid=1000 pid=4091387 pidfd=4] Activating service name='org.freedesktop.systemd1' requested by ':1.4' (uid=1000 pid=4091936 comm="/usr/bin/dbus-broker-launch --config-file=/usr/sha")
dbus-daemon[4091387]: [session uid=1000 pid=4091387 pidfd=4] Activated service 'org.freedesktop.systemd1' failed: Process org.freedesktop.systemd1 exited with status 1
dbus-daemon[4091387]: [session uid=1000 pid=4091387 pidfd=4] Activating service name='org.freedesktop.systemd1' requested by ':1.4' (uid=1000 pid=4091936 comm="/usr/bin/dbus-broker-launch --config-file=/usr/sha")
dbus-daemon[4091387]: [session uid=1000 pid=4091387 pidfd=4] Activated service 'org.freedesktop.systemd1' failed: Process org.freedesktop.systemd1 exited with status 1
{"trial": "m-a1-r18-toggle-Wb", "outcome": "verified", "oracle_exact_match": true, "completion_mutations": 1, "routes": ["provider", "provider"], "loadavg_before": "2.11 2.85 4.88 1/2302 4121920"}
dbus-daemon[4091387]: [session uid=1000 pid=4091387 pidfd=4] Activating service name='org.freedesktop.systemd1' requested by ':1.4' (uid=1000 pid=4091936 comm="/usr/bin/dbus-broker-launch --config-file=/usr/sha")
dbus-daemon[4091387]: [session uid=1000 pid=4091387 pidfd=4] Activated service 'org.freedesktop.systemd1' failed: Process org.freedesktop.systemd1 exited with status 1
[2m2026-10-03T13:52:41.498683Z[0m [33m WARN[0m [2mcua_driver_sdk::runtime[0m[2m:[0m could not activate the persistent AT-SPI listener: AT-SPI connect failed: ZBus Error: MethodError(OwnedErrorName("org.freedesktop.DBus.Error.NameHasNoOwner"), Some("Could not activate remote peer 'org.a11y.atspi.Registry': unit failed"), Msg { type: Error, serial: 4294967295, sender: UniqueName("org.freedesktop.DBus"), reply-serial: 9, body: Str, fds: [] })
[2m2026-10-03T13:52:41.506074Z[0m [33m WARN[0m [2mplatform_linux::overlay[0m[2m:[0m X11 overlay: root reads cannot see this window's own pixels; save-unders will be served without readback confirmation
dbus-daemon[4091387]: [session uid=1000 pid=4091387 pidfd=4] Activating service name='org.freedesktop.systemd1' requested by ':1.4' (uid=1000 pid=4091936 comm="/usr/bin/dbus-broker-launch --config-file=/usr/sha")
dbus-daemon[4091387]: [session uid=1000 pid=4091387 pidfd=4] Activated service 'org.freedesktop.systemd1' failed: Process org.freedesktop.systemd1 exited with status 1
dbus-daemon[4091387]: [session uid=1000 pid=4091387 pidfd=4] Activating service name='org.freedesktop.systemd1' requested by ':1.4' (uid=1000 pid=4091936 comm="/usr/bin/dbus-broker-launch --config-file=/usr/sha")
dbus-daemon[4091387]: [session uid=1000 pid=4091387 pidfd=4] Activated service 'org.freedesktop.systemd1' failed: Process org.freedesktop.systemd1 exited with status 1
{"trial": "m-a1-r18-toggle-Wa", "outcome": "verified", "oracle_exact_match": true, "completion_mutations": 1, "routes": ["provider", "provider"], "loadavg_before": "2.11 2.85 4.88 1/2310 4122186"}
dbus-daemon[4091387]: [session uid=1000 pid=4091387 pidfd=4] Activating service name='org.freedesktop.systemd1' requested by ':1.4' (uid=1000 pid=4091936 comm="/usr/bin/dbus-broker-launch --config-file=/usr/sha")
dbus-daemon[4091387]: [session uid=1000 pid=4091387 pidfd=4] Activated service 'org.freedesktop.systemd1' failed: Process org.freedesktop.systemd1 exited with status 1
[2m2026-10-03T13:52:42.620949Z[0m [33m WARN[0m [2mcua_driver_sdk::runtime[0m[2m:[0m could not activate the persistent AT-SPI listener: AT-SPI connect failed: ZBus Error: MethodError(OwnedErrorName("org.freedesktop.DBus.Error.NameHasNoOwner"), Some("Could not activate remote peer 'org.a11y.atspi.Registry': unit failed"), Msg { type: Error, serial: 4294967295, sender: UniqueName("org.freedesktop.DBus"), reply-serial: 9, body: Str, fds: [] })
[2m2026-10-03T13:52:42.627755Z[0m [33m WARN[0m [2mplatform_linux::overlay[0m[2m:[0m X11 overlay: root reads cannot see this window's own pixels; save-unders will be served without readback confirmation
dbus-daemon[4091387]: [session uid=1000 pid=4091387 pidfd=4] Activating service name='org.freedesktop.systemd1' requested by ':1.4' (uid=1000 pid=4091936 comm="/usr/bin/dbus-broker-launch --config-file=/usr/sha")
dbus-daemon[4091387]: [session uid=1000 pid=4091387 pidfd=4] Activated service 'org.freedesktop.systemd1' failed: Process org.freedesktop.systemd1 exited with status 1
dbus-daemon[4091387]: [session uid=1000 pid=4091387 pidfd=4] Activating service name='org.freedesktop.systemd1' requested by ':1.4' (uid=1000 pid=4091936 comm="/usr/bin/dbus-broker-launch --config-file=/usr/sha")
dbus-daemon[4091387]: [session uid=1000 pid=4091387 pidfd=4] Activated service 'org.freedesktop.systemd1' failed: Process org.freedesktop.systemd1 exited with status 1
{"trial": "m-a1-r18-modal-C", "outcome": "verified", "oracle_exact_match": true, "completion_mutations": 1, "routes": ["provider", "provider"], "loadavg_before": "2.11 2.85 4.88 2/2310 4122470"}
dbus-daemon[4091387]: [session uid=1000 pid=4091387 pidfd=4] Activating service name='org.freedesktop.systemd1' requested by ':1.4' (uid=1000 pid=4091936 comm="/usr/bin/dbus-broker-launch --config-file=/usr/sha")
dbus-daemon[4091387]: [session uid=1000 pid=4091387 pidfd=4] Activated service 'org.freedesktop.systemd1' failed: Process org.freedesktop.systemd1 exited with status 1
[2m2026-10-03T13:52:43.730059Z[0m [33m WARN[0m [2mcua_driver_sdk::runtime[0m[2m:[0m could not activate the persistent AT-SPI listener: AT-SPI connect failed: ZBus Error: MethodError(OwnedErrorName("org.freedesktop.DBus.Error.NameHasNoOwner"), Some("Could not activate remote peer 'org.a11y.atspi.Registry': unit failed"), Msg { type: Error, serial: 4294967295, sender: UniqueName("org.freedesktop.DBus"), reply-serial: 9, body: Str, fds: [] })
[2m2026-10-03T13:52:43.737228Z[0m [33m WARN[0m [2mplatform_linux::overlay[0m[2m:[0m X11 overlay: root reads cannot see this window's own pixels; save-unders will be served without readback confirmation
dbus-daemon[4091387]: [session uid=1000 pid=4091387 pidfd=4] Activating service name='org.freedesktop.systemd1' requested by ':1.4' (uid=1000 pid=4091936 comm="/usr/bin/dbus-broker-launch --config-file=/usr/sha")
dbus-daemon[4091387]: [session uid=1000 pid=4091387 pidfd=4] Activated service 'org.freedesktop.systemd1' failed: Process org.freedesktop.systemd1 exited with status 1
dbus-daemon[4091387]: [session uid=1000 pid=4091387 pidfd=4] Activating service name='org.freedesktop.systemd1' requested by ':1.4' (uid=1000 pid=4091936 comm="/usr/bin/dbus-broker-launch --config-file=/usr/sha")
dbus-daemon[4091387]: [session uid=1000 pid=4091387 pidfd=4] Activated service 'org.freedesktop.systemd1' failed: Process org.freedesktop.systemd1 exited with status 1
{"trial": "m-a1-r18-modal-Wa", "outcome": "verified", "oracle_exact_match": true, "completion_mutations": 1, "routes": ["provider", "provider"], "loadavg_before": "2.11 2.85 4.88 2/2310 4122727"}
dbus-daemon[4091387]: [session uid=1000 pid=4091387 pidfd=4] Activating service name='org.freedesktop.systemd1' requested by ':1.4' (uid=1000 pid=4091936 comm="/usr/bin/dbus-broker-launch --config-file=/usr/sha")
dbus-daemon[4091387]: [session uid=1000 pid=4091387 pidfd=4] Activated service 'org.freedesktop.systemd1' failed: Process org.freedesktop.systemd1 exited with status 1
[2m2026-10-03T13:52:44.850384Z[0m [33m WARN[0m [2mcua_driver_sdk::runtime[0m[2m:[0m could not activate the persistent AT-SPI listener: AT-SPI connect failed: ZBus Error: MethodError(OwnedErrorName("org.freedesktop.DBus.Error.NameHasNoOwner"), Some("Could not activate remote peer 'org.a11y.atspi.Registry': unit failed"), Msg { type: Error, serial: 4294967295, sender: UniqueName("org.freedesktop.DBus"), reply-serial: 9, body: Str, fds: [] })
[2m2026-10-03T13:52:44.857567Z[0m [33m WARN[0m [2mplatform_linux::overlay[0m[2m:[0m X11 overlay: root reads cannot see this window's own pixels; save-unders will be served without readback confirmation
dbus-daemon[4091387]: [session uid=1000 pid=4091387 pidfd=4] Activating service name='org.freedesktop.systemd1' requested by ':1.4' (uid=1000 pid=4091936 comm="/usr/bin/dbus-broker-launch --config-file=/usr/sha")
dbus-daemon[4091387]: [session uid=1000 pid=4091387 pidfd=4] Activated service 'org.freedesktop.systemd1' failed: Process org.freedesktop.systemd1 exited with status 1
dbus-daemon[4091387]: [session uid=1000 pid=4091387 pidfd=4] Activating service name='org.freedesktop.systemd1' requested by ':1.4' (uid=1000 pid=4091936 comm="/usr/bin/dbus-broker-launch --config-file=/usr/sha")
dbus-daemon[4091387]: [session uid=1000 pid=4091387 pidfd=4] Activated service 'org.freedesktop.systemd1' failed: Process org.freedesktop.systemd1 exited with status 1
{"trial": "m-a1-r18-modal-P2", "outcome": "verified", "oracle_exact_match": true, "completion_mutations": 1, "routes": ["provider", "provider"], "loadavg_before": "2.18 2.86 4.87 2/2310 4123027"}
dbus-daemon[4091387]: [session uid=1000 pid=4091387 pidfd=4] Activating service name='org.freedesktop.systemd1' requested by ':1.4' (uid=1000 pid=4091936 comm="/usr/bin/dbus-broker-launch --config-file=/usr/sha")
dbus-daemon[4091387]: [session uid=1000 pid=4091387 pidfd=4] Activated service 'org.freedesktop.systemd1' failed: Process org.freedesktop.systemd1 exited with status 1
[2m2026-10-03T13:52:46.025613Z[0m [33m WARN[0m [2mcua_driver_sdk::runtime[0m[2m:[0m could not activate the persistent AT-SPI listener: AT-SPI connect failed: ZBus Error: MethodError(OwnedErrorName("org.freedesktop.DBus.Error.NameHasNoOwner"), Some("Could not activate remote peer 'org.a11y.atspi.Registry': unit failed"), Msg { type: Error, serial: 4294967295, sender: UniqueName("org.freedesktop.DBus"), reply-serial: 9, body: Str, fds: [] })
[2m2026-10-03T13:52:46.032289Z[0m [33m WARN[0m [2mplatform_linux::overlay[0m[2m:[0m X11 overlay: root reads cannot see this window's own pixels; save-unders will be served without readback confirmation
dbus-daemon[4091387]: [session uid=1000 pid=4091387 pidfd=4] Activating service name='org.freedesktop.systemd1' requested by ':1.4' (uid=1000 pid=4091936 comm="/usr/bin/dbus-broker-launch --config-file=/usr/sha")
dbus-daemon[4091387]: [session uid=1000 pid=4091387 pidfd=4] Activated service 'org.freedesktop.systemd1' failed: Process org.freedesktop.systemd1 exited with status 1
dbus-daemon[4091387]: [session uid=1000 pid=4091387 pidfd=4] Activating service name='org.freedesktop.systemd1' requested by ':1.4' (uid=1000 pid=4091936 comm="/usr/bin/dbus-broker-launch --config-file=/usr/sha")
dbus-daemon[4091387]: [session uid=1000 pid=4091387 pidfd=4] Activated service 'org.freedesktop.systemd1' failed: Process org.freedesktop.systemd1 exited with status 1
{"trial": "m-a1-r18-modal-Wb", "outcome": "verified", "oracle_exact_match": true, "completion_mutations": 1, "routes": ["provider", "provider"], "loadavg_before": "2.18 2.86 4.87 1/2309 4123306"}
dbus-daemon[4091387]: [session uid=1000 pid=4091387 pidfd=4] Activating service name='org.freedesktop.systemd1' requested by ':1.4' (uid=1000 pid=4091936 comm="/usr/bin/dbus-broker-launch --config-file=/usr/sha")
dbus-daemon[4091387]: [session uid=1000 pid=4091387 pidfd=4] Activated service 'org.freedesktop.systemd1' failed: Process org.freedesktop.systemd1 exited with status 1
[2m2026-10-03T13:52:47.139903Z[0m [33m WARN[0m [2mcua_driver_sdk::runtime[0m[2m:[0m could not activate the persistent AT-SPI listener: AT-SPI connect failed: ZBus Error: MethodError(OwnedErrorName("org.freedesktop.DBus.Error.NameHasNoOwner"), Some("Could not activate remote peer 'org.a11y.atspi.Registry': unit failed"), Msg { type: Error, serial: 4294967295, sender: UniqueName("org.freedesktop.DBus"), reply-serial: 9, body: Str, fds: [] })
[2m2026-10-03T13:52:47.146726Z[0m [33m WARN[0m [2mplatform_linux::overlay[0m[2m:[0m X11 overlay: root reads cannot see this window's own pixels; save-unders will be served without readback confirmation
dbus-daemon[4091387]: [session uid=1000 pid=4091387 pidfd=4] Activating service name='org.freedesktop.systemd1' requested by ':1.4' (uid=1000 pid=4091936 comm="/usr/bin/dbus-broker-launch --config-file=/usr/sha")
dbus-daemon[4091387]: [session uid=1000 pid=4091387 pidfd=4] Activated service 'org.freedesktop.systemd1' failed: Process org.freedesktop.systemd1 exited with status 1
dbus-daemon[4091387]: [session uid=1000 pid=4091387 pidfd=4] Activating service name='org.freedesktop.systemd1' requested by ':1.4' (uid=1000 pid=4091936 comm="/usr/bin/dbus-broker-launch --config-file=/usr/sha")
dbus-daemon[4091387]: [session uid=1000 pid=4091387 pidfd=4] Activated service 'org.freedesktop.systemd1' failed: Process org.freedesktop.systemd1 exited with status 1
{"trial": "m-a1-r19-toggle-C", "outcome": "verified", "oracle_exact_match": true, "completion_mutations": 1, "routes": ["provider", "provider"], "loadavg_before": "2.18 2.86 4.87 2/2309 4123611"}
dbus-daemon[4091387]: [session uid=1000 pid=4091387 pidfd=4] Activating service name='org.freedesktop.systemd1' requested by ':1.4' (uid=1000 pid=4091936 comm="/usr/bin/dbus-broker-launch --config-file=/usr/sha")
dbus-daemon[4091387]: [session uid=1000 pid=4091387 pidfd=4] Activated service 'org.freedesktop.systemd1' failed: Process org.freedesktop.systemd1 exited with status 1
[2m2026-10-03T13:52:48.245837Z[0m [33m WARN[0m [2mcua_driver_sdk::runtime[0m[2m:[0m could not activate the persistent AT-SPI listener: AT-SPI connect failed: ZBus Error: MethodError(OwnedErrorName("org.freedesktop.DBus.Error.NameHasNoOwner"), Some("Could not activate remote peer 'org.a11y.atspi.Registry': unit failed"), Msg { type: Error, serial: 4294967295, sender: UniqueName("org.freedesktop.DBus"), reply-serial: 9, body: Str, fds: [] })
[2m2026-10-03T13:52:48.252557Z[0m [33m WARN[0m [2mplatform_linux::overlay[0m[2m:[0m X11 overlay: root reads cannot see this window's own pixels; save-unders will be served without readback confirmation
dbus-daemon[4091387]: [session uid=1000 pid=4091387 pidfd=4] Activating service name='org.freedesktop.systemd1' requested by ':1.4' (uid=1000 pid=4091936 comm="/usr/bin/dbus-broker-launch --config-file=/usr/sha")
dbus-daemon[4091387]: [session uid=1000 pid=4091387 pidfd=4] Activated service 'org.freedesktop.systemd1' failed: Process org.freedesktop.systemd1 exited with status 1
dbus-daemon[4091387]: [session uid=1000 pid=4091387 pidfd=4] Activating service name='org.freedesktop.systemd1' requested by ':1.4' (uid=1000 pid=4091936 comm="/usr/bin/dbus-broker-launch --config-file=/usr/sha")
dbus-daemon[4091387]: [session uid=1000 pid=4091387 pidfd=4] Activated service 'org.freedesktop.systemd1' failed: Process org.freedesktop.systemd1 exited with status 1
{"trial": "m-a1-r19-toggle-Wa", "outcome": "verified", "oracle_exact_match": true, "completion_mutations": 1, "routes": ["provider", "provider"], "loadavg_before": "2.18 2.86 4.87 1/2309 4123936"}
dbus-daemon[4091387]: [session uid=1000 pid=4091387 pidfd=4] Activating service name='org.freedesktop.systemd1' requested by ':1.4' (uid=1000 pid=4091936 comm="/usr/bin/dbus-broker-launch --config-file=/usr/sha")
dbus-daemon[4091387]: [session uid=1000 pid=4091387 pidfd=4] Activated service 'org.freedesktop.systemd1' failed: Process org.freedesktop.systemd1 exited with status 1
[2m2026-10-03T13:52:49.367543Z[0m [33m WARN[0m [2mcua_driver_sdk::runtime[0m[2m:[0m could not activate the persistent AT-SPI listener: AT-SPI connect failed: ZBus Error: MethodError(OwnedErrorName("org.freedesktop.DBus.Error.NameHasNoOwner"), Some("Could not activate remote peer 'org.a11y.atspi.Registry': unit failed"), Msg { type: Error, serial: 4294967295, sender: UniqueName("org.freedesktop.DBus"), reply-serial: 9, body: Str, fds: [] })
[2m2026-10-03T13:52:49.374445Z[0m [33m WARN[0m [2mplatform_linux::overlay[0m[2m:[0m X11 overlay: root reads cannot see this window's own pixels; save-unders will be served without readback confirmation
dbus-daemon[4091387]: [session uid=1000 pid=4091387 pidfd=4] Activating service name='org.freedesktop.systemd1' requested by ':1.4' (uid=1000 pid=4091936 comm="/usr/bin/dbus-broker-launch --config-file=/usr/sha")
dbus-daemon[4091387]: [session uid=1000 pid=4091387 pidfd=4] Activated service 'org.freedesktop.systemd1' failed: Process org.freedesktop.systemd1 exited with status 1
dbus-daemon[4091387]: [session uid=1000 pid=4091387 pidfd=4] Activating service name='org.freedesktop.systemd1' requested by ':1.4' (uid=1000 pid=4091936 comm="/usr/bin/dbus-broker-launch --config-file=/usr/sha")
dbus-daemon[4091387]: [session uid=1000 pid=4091387 pidfd=4] Activated service 'org.freedesktop.systemd1' failed: Process org.freedesktop.systemd1 exited with status 1
{"trial": "m-a1-r19-toggle-P2", "outcome": "verified", "oracle_exact_match": true, "completion_mutations": 1, "routes": ["provider", "provider"], "loadavg_before": "2.01 2.81 4.85 1/2288 4124192"}
dbus-daemon[4091387]: [session uid=1000 pid=4091387 pidfd=4] Activating service name='org.freedesktop.systemd1' requested by ':1.4' (uid=1000 pid=4091936 comm="/usr/bin/dbus-broker-launch --config-file=/usr/sha")
dbus-daemon[4091387]: [session uid=1000 pid=4091387 pidfd=4] Activated service 'org.freedesktop.systemd1' failed: Process org.freedesktop.systemd1 exited with status 1
[2m2026-10-03T13:52:50.501147Z[0m [33m WARN[0m [2mcua_driver_sdk::runtime[0m[2m:[0m could not activate the persistent AT-SPI listener: AT-SPI connect failed: ZBus Error: MethodError(OwnedErrorName("org.freedesktop.DBus.Error.NameHasNoOwner"), Some("Could not activate remote peer 'org.a11y.atspi.Registry': unit failed"), Msg { type: Error, serial: 4294967295, sender: UniqueName("org.freedesktop.DBus"), reply-serial: 9, body: Str, fds: [] })
[2m2026-10-03T13:52:50.508522Z[0m [33m WARN[0m [2mplatform_linux::overlay[0m[2m:[0m X11 overlay: root reads cannot see this window's own pixels; save-unders will be served without readback confirmation
dbus-daemon[4091387]: [session uid=1000 pid=4091387 pidfd=4] Activating service name='org.freedesktop.systemd1' requested by ':1.4' (uid=1000 pid=4091936 comm="/usr/bin/dbus-broker-launch --config-file=/usr/sha")
dbus-daemon[4091387]: [session uid=1000 pid=4091387 pidfd=4] Activated service 'org.freedesktop.systemd1' failed: Process org.freedesktop.systemd1 exited with status 1
dbus-daemon[4091387]: [session uid=1000 pid=4091387 pidfd=4] Activating service name='org.freedesktop.systemd1' requested by ':1.4' (uid=1000 pid=4091936 comm="/usr/bin/dbus-broker-launch --config-file=/usr/sha")
dbus-daemon[4091387]: [session uid=1000 pid=4091387 pidfd=4] Activated service 'org.freedesktop.systemd1' failed: Process org.freedesktop.systemd1 exited with status 1
{"trial": "m-a1-r19-toggle-Wb", "outcome": "verified", "oracle_exact_match": true, "completion_mutations": 1, "routes": ["provider", "provider"], "loadavg_before": "2.01 2.81 4.85 1/2268 4124481"}
dbus-daemon[4091387]: [session uid=1000 pid=4091387 pidfd=4] Activating service name='org.freedesktop.systemd1' requested by ':1.4' (uid=1000 pid=4091936 comm="/usr/bin/dbus-broker-launch --config-file=/usr/sha")
dbus-daemon[4091387]: [session uid=1000 pid=4091387 pidfd=4] Activated service 'org.freedesktop.systemd1' failed: Process org.freedesktop.systemd1 exited with status 1
[2m2026-10-03T13:52:51.627698Z[0m [33m WARN[0m [2mcua_driver_sdk::runtime[0m[2m:[0m could not activate the persistent AT-SPI listener: AT-SPI connect failed: ZBus Error: MethodError(OwnedErrorName("org.freedesktop.DBus.Error.NameHasNoOwner"), Some("Could not activate remote peer 'org.a11y.atspi.Registry': unit failed"), Msg { type: Error, serial: 4294967295, sender: UniqueName("org.freedesktop.DBus"), reply-serial: 9, body: Str, fds: [] })
[2m2026-10-03T13:52:51.634612Z[0m [33m WARN[0m [2mplatform_linux::overlay[0m[2m:[0m X11 overlay: root reads cannot see this window's own pixels; save-unders will be served without readback confirmation
dbus-daemon[4091387]: [session uid=1000 pid=4091387 pidfd=4] Activating service name='org.freedesktop.systemd1' requested by ':1.4' (uid=1000 pid=4091936 comm="/usr/bin/dbus-broker-launch --config-file=/usr/sha")
dbus-daemon[4091387]: [session uid=1000 pid=4091387 pidfd=4] Activated service 'org.freedesktop.systemd1' failed: Process org.freedesktop.systemd1 exited with status 1
dbus-daemon[4091387]: [session uid=1000 pid=4091387 pidfd=4] Activating service name='org.freedesktop.systemd1' requested by ':1.4' (uid=1000 pid=4091936 comm="/usr/bin/dbus-broker-launch --config-file=/usr/sha")
dbus-daemon[4091387]: [session uid=1000 pid=4091387 pidfd=4] Activated service 'org.freedesktop.systemd1' failed: Process org.freedesktop.systemd1 exited with status 1
{"trial": "m-a1-r19-modal-Wa", "outcome": "verified", "oracle_exact_match": true, "completion_mutations": 1, "routes": ["provider", "provider"], "loadavg_before": "2.01 2.81 4.85 1/2260 4124737"}
dbus-daemon[4091387]: [session uid=1000 pid=4091387 pidfd=4] Activating service name='org.freedesktop.systemd1' requested by ':1.4' (uid=1000 pid=4091936 comm="/usr/bin/dbus-broker-launch --config-file=/usr/sha")
dbus-daemon[4091387]: [session uid=1000 pid=4091387 pidfd=4] Activated service 'org.freedesktop.systemd1' failed: Process org.freedesktop.systemd1 exited with status 1
[2m2026-10-03T13:52:52.751283Z[0m [33m WARN[0m [2mcua_driver_sdk::runtime[0m[2m:[0m could not activate the persistent AT-SPI listener: AT-SPI connect failed: ZBus Error: MethodError(OwnedErrorName("org.freedesktop.DBus.Error.NameHasNoOwner"), Some("Could not activate remote peer 'org.a11y.atspi.Registry': unit failed"), Msg { type: Error, serial: 4294967295, sender: UniqueName("org.freedesktop.DBus"), reply-serial: 9, body: Str, fds: [] })
[2m2026-10-03T13:52:52.758272Z[0m [33m WARN[0m [2mplatform_linux::overlay[0m[2m:[0m X11 overlay: root reads cannot see this window's own pixels; save-unders will be served without readback confirmation
dbus-daemon[4091387]: [session uid=1000 pid=4091387 pidfd=4] Activating service name='org.freedesktop.systemd1' requested by ':1.4' (uid=1000 pid=4091936 comm="/usr/bin/dbus-broker-launch --config-file=/usr/sha")
dbus-daemon[4091387]: [session uid=1000 pid=4091387 pidfd=4] Activated service 'org.freedesktop.systemd1' failed: Process org.freedesktop.systemd1 exited with status 1
dbus-daemon[4091387]: [session uid=1000 pid=4091387 pidfd=4] Activating service name='org.freedesktop.systemd1' requested by ':1.4' (uid=1000 pid=4091936 comm="/usr/bin/dbus-broker-launch --config-file=/usr/sha")
dbus-daemon[4091387]: [session uid=1000 pid=4091387 pidfd=4] Activated service 'org.freedesktop.systemd1' failed: Process org.freedesktop.systemd1 exited with status 1
{"trial": "m-a1-r19-modal-Wb", "outcome": "verified", "oracle_exact_match": true, "completion_mutations": 1, "routes": ["provider", "provider"], "loadavg_before": "2.01 2.81 4.85 1/2261 4125029"}
dbus-daemon[4091387]: [session uid=1000 pid=4091387 pidfd=4] Activating service name='org.freedesktop.systemd1' requested by ':1.4' (uid=1000 pid=4091936 comm="/usr/bin/dbus-broker-launch --config-file=/usr/sha")
dbus-daemon[4091387]: [session uid=1000 pid=4091387 pidfd=4] Activated service 'org.freedesktop.systemd1' failed: Process org.freedesktop.systemd1 exited with status 1
[2m2026-10-03T13:52:53.869145Z[0m [33m WARN[0m [2mcua_driver_sdk::runtime[0m[2m:[0m could not activate the persistent AT-SPI listener: AT-SPI connect failed: ZBus Error: MethodError(OwnedErrorName("org.freedesktop.DBus.Error.NameHasNoOwner"), Some("Could not activate remote peer 'org.a11y.atspi.Registry': unit failed"), Msg { type: Error, serial: 4294967295, sender: UniqueName("org.freedesktop.DBus"), reply-serial: 9, body: Str, fds: [] })
[2m2026-10-03T13:52:53.876430Z[0m [33m WARN[0m [2mplatform_linux::overlay[0m[2m:[0m X11 overlay: root reads cannot see this window's own pixels; save-unders will be served without readback confirmation
dbus-daemon[4091387]: [session uid=1000 pid=4091387 pidfd=4] Activating service name='org.freedesktop.systemd1' requested by ':1.4' (uid=1000 pid=4091936 comm="/usr/bin/dbus-broker-launch --config-file=/usr/sha")
dbus-daemon[4091387]: [session uid=1000 pid=4091387 pidfd=4] Activated service 'org.freedesktop.systemd1' failed: Process org.freedesktop.systemd1 exited with status 1
dbus-daemon[4091387]: [session uid=1000 pid=4091387 pidfd=4] Activating service name='org.freedesktop.systemd1' requested by ':1.4' (uid=1000 pid=4091936 comm="/usr/bin/dbus-broker-launch --config-file=/usr/sha")
dbus-daemon[4091387]: [session uid=1000 pid=4091387 pidfd=4] Activated service 'org.freedesktop.systemd1' failed: Process org.freedesktop.systemd1 exited with status 1
{"trial": "m-a1-r19-modal-C", "outcome": "verified", "oracle_exact_match": true, "completion_mutations": 1, "routes": ["provider", "provider"], "loadavg_before": "2.01 2.81 4.85 1/2261 4125290"}
dbus-daemon[4091387]: [session uid=1000 pid=4091387 pidfd=4] Activating service name='org.freedesktop.systemd1' requested by ':1.4' (uid=1000 pid=4091936 comm="/usr/bin/dbus-broker-launch --config-file=/usr/sha")
dbus-daemon[4091387]: [session uid=1000 pid=4091387 pidfd=4] Activated service 'org.freedesktop.systemd1' failed: Process org.freedesktop.systemd1 exited with status 1
[2m2026-10-03T13:52:54.972557Z[0m [33m WARN[0m [2mcua_driver_sdk::runtime[0m[2m:[0m could not activate the persistent AT-SPI listener: AT-SPI connect failed: ZBus Error: MethodError(OwnedErrorName("org.freedesktop.DBus.Error.NameHasNoOwner"), Some("Could not activate remote peer 'org.a11y.atspi.Registry': unit failed"), Msg { type: Error, serial: 4294967295, sender: UniqueName("org.freedesktop.DBus"), reply-serial: 9, body: Str, fds: [] })
[2m2026-10-03T13:52:54.980082Z[0m [33m WARN[0m [2mplatform_linux::overlay[0m[2m:[0m X11 overlay: root reads cannot see this window's own pixels; save-unders will be served without readback confirmation
dbus-daemon[4091387]: [session uid=1000 pid=4091387 pidfd=4] Activating service name='org.freedesktop.systemd1' requested by ':1.4' (uid=1000 pid=4091936 comm="/usr/bin/dbus-broker-launch --config-file=/usr/sha")
dbus-daemon[4091387]: [session uid=1000 pid=4091387 pidfd=4] Activated service 'org.freedesktop.systemd1' failed: Process org.freedesktop.systemd1 exited with status 1
dbus-daemon[4091387]: [session uid=1000 pid=4091387 pidfd=4] Activating service name='org.freedesktop.systemd1' requested by ':1.4' (uid=1000 pid=4091936 comm="/usr/bin/dbus-broker-launch --config-file=/usr/sha")
dbus-daemon[4091387]: [session uid=1000 pid=4091387 pidfd=4] Activated service 'org.freedesktop.systemd1' failed: Process org.freedesktop.systemd1 exited with status 1
{"trial": "m-a1-r19-modal-P2", "outcome": "verified", "oracle_exact_match": true, "completion_mutations": 1, "routes": ["provider", "provider"], "loadavg_before": "1.93 2.78 4.83 4/2264 4125598"}
dbus-daemon[4091387]: [session uid=1000 pid=4091387 pidfd=4] Activating service name='org.freedesktop.systemd1' requested by ':1.4' (uid=1000 pid=4091936 comm="/usr/bin/dbus-broker-launch --config-file=/usr/sha")
dbus-daemon[4091387]: [session uid=1000 pid=4091387 pidfd=4] Activated service 'org.freedesktop.systemd1' failed: Process org.freedesktop.systemd1 exited with status 1
[2m2026-10-03T13:52:56.109744Z[0m [33m WARN[0m [2mcua_driver_sdk::runtime[0m[2m:[0m could not activate the persistent AT-SPI listener: AT-SPI connect failed: ZBus Error: MethodError(OwnedErrorName("org.freedesktop.DBus.Error.NameHasNoOwner"), Some("Could not activate remote peer 'org.a11y.atspi.Registry': unit failed"), Msg { type: Error, serial: 4294967295, sender: UniqueName("org.freedesktop.DBus"), reply-serial: 9, body: Str, fds: [] })
[2m2026-10-03T13:52:56.116499Z[0m [33m WARN[0m [2mplatform_linux::overlay[0m[2m:[0m X11 overlay: root reads cannot see this window's own pixels; save-unders will be served without readback confirmation
dbus-daemon[4091387]: [session uid=1000 pid=4091387 pidfd=4] Activating service name='org.freedesktop.systemd1' requested by ':1.4' (uid=1000 pid=4091936 comm="/usr/bin/dbus-broker-launch --config-file=/usr/sha")
dbus-daemon[4091387]: [session uid=1000 pid=4091387 pidfd=4] Activated service 'org.freedesktop.systemd1' failed: Process org.freedesktop.systemd1 exited with status 1
dbus-daemon[4091387]: [session uid=1000 pid=4091387 pidfd=4] Activating service name='org.freedesktop.systemd1' requested by ':1.4' (uid=1000 pid=4091936 comm="/usr/bin/dbus-broker-launch --config-file=/usr/sha")
dbus-daemon[4091387]: [session uid=1000 pid=4091387 pidfd=4] Activated service 'org.freedesktop.systemd1' failed: Process org.freedesktop.systemd1 exited with status 1
{"trial": "m-a1-r19-fill-P2", "outcome": "verified", "oracle_exact_match": true, "completion_mutations": 1, "routes": ["compiled"], "loadavg_before": "1.93 2.78 4.83 1/2260 4125861"}
dbus-daemon[4091387]: [session uid=1000 pid=4091387 pidfd=4] Activating service name='org.freedesktop.systemd1' requested by ':1.4' (uid=1000 pid=4091936 comm="/usr/bin/dbus-broker-launch --config-file=/usr/sha")
dbus-daemon[4091387]: [session uid=1000 pid=4091387 pidfd=4] Activated service 'org.freedesktop.systemd1' failed: Process org.freedesktop.systemd1 exited with status 1
[2m2026-10-03T13:52:57.611092Z[0m [33m WARN[0m [2mcua_driver_sdk::runtime[0m[2m:[0m could not activate the persistent AT-SPI listener: AT-SPI connect failed: ZBus Error: MethodError(OwnedErrorName("org.freedesktop.DBus.Error.NameHasNoOwner"), Some("Could not activate remote peer 'org.a11y.atspi.Registry': unit failed"), Msg { type: Error, serial: 4294967295, sender: UniqueName("org.freedesktop.DBus"), reply-serial: 9, body: Str, fds: [] })
[2m2026-10-03T13:52:57.618476Z[0m [33m WARN[0m [2mplatform_linux::overlay[0m[2m:[0m X11 overlay: root reads cannot see this window's own pixels; save-unders will be served without readback confirmation
dbus-daemon[4091387]: [session uid=1000 pid=4091387 pidfd=4] Activating service name='org.freedesktop.systemd1' requested by ':1.4' (uid=1000 pid=4091936 comm="/usr/bin/dbus-broker-launch --config-file=/usr/sha")
dbus-daemon[4091387]: [session uid=1000 pid=4091387 pidfd=4] Activated service 'org.freedesktop.systemd1' failed: Process org.freedesktop.systemd1 exited with status 1
dbus-daemon[4091387]: [session uid=1000 pid=4091387 pidfd=4] Activating service name='org.freedesktop.systemd1' requested by ':1.4' (uid=1000 pid=4091936 comm="/usr/bin/dbus-broker-launch --config-file=/usr/sha")
dbus-daemon[4091387]: [session uid=1000 pid=4091387 pidfd=4] Activated service 'org.freedesktop.systemd1' failed: Process org.freedesktop.systemd1 exited with status 1
{"trial": "m-a1-r19-fill-C", "outcome": "verified", "oracle_exact_match": true, "completion_mutations": 1, "routes": ["compiled"], "loadavg_before": "1.93 2.78 4.83 1/2260 4126141"}
dbus-daemon[4091387]: [session uid=1000 pid=4091387 pidfd=4] Activating service name='org.freedesktop.systemd1' requested by ':1.4' (uid=1000 pid=4091936 comm="/usr/bin/dbus-broker-launch --config-file=/usr/sha")
dbus-daemon[4091387]: [session uid=1000 pid=4091387 pidfd=4] Activated service 'org.freedesktop.systemd1' failed: Process org.freedesktop.systemd1 exited with status 1
[2m2026-10-03T13:52:59.110916Z[0m [33m WARN[0m [2mcua_driver_sdk::runtime[0m[2m:[0m could not activate the persistent AT-SPI listener: AT-SPI connect failed: ZBus Error: MethodError(OwnedErrorName("org.freedesktop.DBus.Error.NameHasNoOwner"), Some("Could not activate remote peer 'org.a11y.atspi.Registry': unit failed"), Msg { type: Error, serial: 4294967295, sender: UniqueName("org.freedesktop.DBus"), reply-serial: 9, body: Str, fds: [] })
[2m2026-10-03T13:52:59.117951Z[0m [33m WARN[0m [2mplatform_linux::overlay[0m[2m:[0m X11 overlay: root reads cannot see this window's own pixels; save-unders will be served without readback confirmation
dbus-daemon[4091387]: [session uid=1000 pid=4091387 pidfd=4] Activating service name='org.freedesktop.systemd1' requested by ':1.4' (uid=1000 pid=4091936 comm="/usr/bin/dbus-broker-launch --config-file=/usr/sha")
dbus-daemon[4091387]: [session uid=1000 pid=4091387 pidfd=4] Activated service 'org.freedesktop.systemd1' failed: Process org.freedesktop.systemd1 exited with status 1
dbus-daemon[4091387]: [session uid=1000 pid=4091387 pidfd=4] Activating service name='org.freedesktop.systemd1' requested by ':1.4' (uid=1000 pid=4091936 comm="/usr/bin/dbus-broker-launch --config-file=/usr/sha")
dbus-daemon[4091387]: [session uid=1000 pid=4091387 pidfd=4] Activated service 'org.freedesktop.systemd1' failed: Process org.freedesktop.systemd1 exited with status 1
{"trial": "m-a1-r19-fill-Wb", "outcome": "verified", "oracle_exact_match": true, "completion_mutations": 1, "routes": ["compiled"], "loadavg_before": "1.93 2.78 4.83 1/2260 4126431"}
dbus-daemon[4091387]: [session uid=1000 pid=4091387 pidfd=4] Activating service name='org.freedesktop.systemd1' requested by ':1.4' (uid=1000 pid=4091936 comm="/usr/bin/dbus-broker-launch --config-file=/usr/sha")
dbus-daemon[4091387]: [session uid=1000 pid=4091387 pidfd=4] Activated service 'org.freedesktop.systemd1' failed: Process org.freedesktop.systemd1 exited with status 1
[2m2026-10-03T13:53:00.611918Z[0m [33m WARN[0m [2mcua_driver_sdk::runtime[0m[2m:[0m could not activate the persistent AT-SPI listener: AT-SPI connect failed: ZBus Error: MethodError(OwnedErrorName("org.freedesktop.DBus.Error.NameHasNoOwner"), Some("Could not activate remote peer 'org.a11y.atspi.Registry': unit failed"), Msg { type: Error, serial: 4294967295, sender: UniqueName("org.freedesktop.DBus"), reply-serial: 9, body: Str, fds: [] })
[2m2026-10-03T13:53:00.618331Z[0m [33m WARN[0m [2mplatform_linux::overlay[0m[2m:[0m X11 overlay: root reads cannot see this window's own pixels; save-unders will be served without readback confirmation
dbus-daemon[4091387]: [session uid=1000 pid=4091387 pidfd=4] Activating service name='org.freedesktop.systemd1' requested by ':1.4' (uid=1000 pid=4091936 comm="/usr/bin/dbus-broker-launch --config-file=/usr/sha")
dbus-daemon[4091387]: [session uid=1000 pid=4091387 pidfd=4] Activated service 'org.freedesktop.systemd1' failed: Process org.freedesktop.systemd1 exited with status 1
dbus-daemon[4091387]: [session uid=1000 pid=4091387 pidfd=4] Activating service name='org.freedesktop.systemd1' requested by ':1.4' (uid=1000 pid=4091936 comm="/usr/bin/dbus-broker-launch --config-file=/usr/sha")
dbus-daemon[4091387]: [session uid=1000 pid=4091387 pidfd=4] Activated service 'org.freedesktop.systemd1' failed: Process org.freedesktop.systemd1 exited with status 1
{"trial": "m-a1-r19-fill-Wa", "outcome": "verified", "oracle_exact_match": true, "completion_mutations": 1, "routes": ["compiled"], "loadavg_before": "1.93 2.77 4.81 1/2260 4126725"}
[b08] end_utc=2026-10-03T13:53:02.193Z rc=0 loadavg=1.93 2.77 4.81
CRITICAL: [dbus_cb_name_lost:1438] Cannot connect to DBus.
A connection to the bus can't be made
[session] exit rc=0 run_dir=<lane-tmp-root>/x11-session.fEJdCr
[2026-10-03T13:53:02.225Z] chunk b08-main-a1-r10-19-k5 rc=0 loadavg=1.93 2.77 4.81
