[2026-10-03T08:59:02.851Z] chunk b06-main-a1-r16-21 plan=main rounds=16-21 block=m attempt=1 loadavg=2.33 3.91 3.99 hostless=1
[b06] session_attempt=1 jitter_ms=2952 utc=2026-10-03T09:36:38.348Z
[session] DISPLAY=:100 openbox=2111249 picom=2111250 dbus=unix:path=<tmp>/dbus-FLtG4yi6Fb,guid=96aa271e317e7c4b2fd646706ac0cca9
[b06] display=:100 xdpyinfo=ok start_utc=2026-10-03T09:36:43.381Z loadavg=1.34 2.54 3.72 telemetry_env=0 dnt=1 lock=exclusive wayland=unset hostless=1
dbus-daemon[2111247]: [session uid=1000 pid=2111247 pidfd=4] Activating service name='org.a11y.Bus' requested by ':1.0' (uid=1000 pid=2111359 comm="<lanes>/bin/cua-driver-r2")
dbus-daemon[2111247]: [session uid=1000 pid=2111247 pidfd=4] Successfully activated service 'org.a11y.Bus'
dbus-daemon[2111247]: [session uid=1000 pid=2111247 pidfd=4] Activating service name='ca.desrt.dconf' requested by ':1.1' (uid=1000 pid=2111366 comm="/usr/lib/at-spi-bus-launcher")
dbus-daemon[2111247]: [session uid=1000 pid=2111247 pidfd=4] Successfully activated service 'ca.desrt.dconf'
dbus-daemon[2111247]: [session uid=1000 pid=2111247 pidfd=4] Activating service name='org.freedesktop.systemd1' requested by ':1.4' (uid=1000 pid=2111392 comm="/usr/bin/dbus-broker-launch --config-file=/usr/sha")
dbus-daemon[2111247]: [session uid=1000 pid=2111247 pidfd=4] Activated service 'org.freedesktop.systemd1' failed: Process org.freedesktop.systemd1 exited with status 1
[2m2026-10-03T09:36:44.433065Z[0m [33m WARN[0m [2mcua_driver_sdk::runtime[0m[2m:[0m could not activate the persistent AT-SPI listener: AT-SPI connect failed: ZBus Error: MethodError(OwnedErrorName("org.freedesktop.DBus.Error.NameHasNoOwner"), Some("Could not activate remote peer 'org.a11y.atspi.Registry': unit failed"), Msg { type: Error, serial: 4294967295, sender: UniqueName("org.freedesktop.DBus"), reply-serial: 10, body: Str, fds: [] })
[2m2026-10-03T09:36:44.440880Z[0m [33m WARN[0m [2mplatform_linux::overlay[0m[2m:[0m X11 overlay: root reads cannot see this window's own pixels; save-unders will be served without readback confirmation
dbus-daemon[2111247]: [session uid=1000 pid=2111247 pidfd=4] Activating service name='org.gtk.vfs.Daemon' requested by ':1.5' (uid=1000 pid=2111462 comm="/opt/google/chrome/chrome --remote-debugging-port=")
dbus-daemon[2111247]: [session uid=1000 pid=2111247 pidfd=4] Successfully activated service 'org.gtk.vfs.Daemon'
fusermount3: mount failed: Operation not permitted
dbus-daemon[2111247]: [session uid=1000 pid=2111247 pidfd=4] Activating service name='org.freedesktop.systemd1' requested by ':1.4' (uid=1000 pid=2111392 comm="/usr/bin/dbus-broker-launch --config-file=/usr/sha")
dbus-daemon[2111247]: [session uid=1000 pid=2111247 pidfd=4] Activated service 'org.freedesktop.systemd1' failed: Process org.freedesktop.systemd1 exited with status 1
dbus-daemon[2111247]: [session uid=1000 pid=2111247 pidfd=4] Activating service name='org.freedesktop.systemd1' requested by ':1.4' (uid=1000 pid=2111392 comm="/usr/bin/dbus-broker-launch --config-file=/usr/sha")
dbus-daemon[2111247]: [session uid=1000 pid=2111247 pidfd=4] Activated service 'org.freedesktop.systemd1' failed: Process org.freedesktop.systemd1 exited with status 1
dbus-daemon[2111247]: [session uid=1000 pid=2111247 pidfd=4] Activating service name='org.freedesktop.Notifications' requested by ':1.7' (uid=1000 pid=2111462 comm="/opt/google/chrome/chrome --remote-debugging-port=")
dbus-daemon[2111247]: [session uid=1000 pid=2111247 pidfd=4] Activating service name='org.freedesktop.portal.Desktop' requested by ':1.7' (uid=1000 pid=2111462 comm="/opt/google/chrome/chrome --remote-debugging-port=")
dbus-daemon[2111247]: [session uid=1000 pid=2111247 pidfd=4] Activating service name='org.freedesktop.impl.portal.PermissionStore' requested by ':1.9' (uid=1000 pid=2111596 comm="/usr/lib/xdg-desktop-portal")
dbus-daemon[2111247]: [session uid=1000 pid=2111247 pidfd=4] Successfully activated service 'org.freedesktop.impl.portal.PermissionStore'
dbus-daemon[2111247]: [session uid=1000 pid=2111247 pidfd=4] Successfully activated service 'org.freedesktop.Notifications'
dbus-daemon[2111247]: [session uid=1000 pid=2111247 pidfd=4] Activating service name='org.freedesktop.portal.Documents' requested by ':1.9' (uid=1000 pid=2111596 comm="/usr/lib/xdg-desktop-portal")
dbus-daemon[2111247]: [session uid=1000 pid=2111247 pidfd=4] Successfully activated service 'org.freedesktop.portal.Documents'
fusermount3: mount failed: Operation not permitted
error: fuse init failed: Can't mount path <lane-tmp>/x11-session.tI5dNO/xdg-runtime/doc

(/usr/lib/xdg-desktop-portal:2111596): xdg-desktop-portal-WARNING **: 04:36:44.943: Document portal fuse mount point unknown: GDBus.Error:org.freedesktop.DBus.Error.ServiceUnknown: The name :1.11 was not provided by any .service files

(/usr/lib/xdg-desktop-portal:2111596): xdg-desktop-portal-WARNING **: 04:36:44.943: Choosing gtk.portal for org.freedesktop.impl.portal.Lockdown as a last-resort fallback
dbus-daemon[2111247]: [session uid=1000 pid=2111247 pidfd=4] Activating service name='org.freedesktop.impl.portal.desktop.gtk' requested by ':1.9' (uid=1000 pid=2111596 comm="/usr/lib/xdg-desktop-portal")
dbus-daemon[2111247]: [session uid=1000 pid=2111247 pidfd=4] Activating service name='org.freedesktop.systemd1' requested by ':1.4' (uid=1000 pid=2111392 comm="/usr/bin/dbus-broker-launch --config-file=/usr/sha")
dbus-daemon[2111247]: [session uid=1000 pid=2111247 pidfd=4] Activated service 'org.freedesktop.systemd1' failed: Process org.freedesktop.systemd1 exited with status 1
dbus-daemon[2111247]: 
** (xdg-desktop-portal-gtk:2111673): WARNING **: 04:36:44.967: AT-SPI: Could not obtain desktop path or name

[session uid=1000 pid=2111247 pidfd=4] Successfully activated service 'org.freedesktop.impl.portal.desktop.gtk'
dbus-daemon[2111247]: [session uid=1000 pid=2111247 pidfd=4] Activating service name='org.freedesktop.systemd1' requested by ':1.4' (uid=1000 pid=2111392 comm="/usr/bin/dbus-broker-launch --config-file=/usr/sha")

(/usr/lib/xdg-desktop-portal:2111596): xdg-desktop-portal-WARNING **: 04:36:44.968: Choosing gtk.portal for org.freedesktop.impl.portal.Access as a last-resort fallback
dbus-daemon[2111247]: [session uid=1000 pid=2111247 pidfd=4] Activated service 'org.freedesktop.systemd1' failed: Process org.freedesktop.systemd1 exited with status 1

** (xdg-desktop-portal-gtk:2111673): WARNING **: 04:36:44.968: atk-bridge: GetRegisteredEvents returned message with unknown signature

** (xdg-desktop-portal-gtk:2111673): WARNING **: 04:36:44.968: atk-bridge: get_device_events_reply: unknown signature

(/usr/lib/xdg-desktop-portal:2111596): xdg-desktop-portal-WARNING **: 04:36:44.975: Choosing gtk.portal for org.freedesktop.impl.portal.Settings as a last-resort fallback

(/usr/lib/xdg-desktop-portal:2111596): xdg-desktop-portal-WARNING **: 04:36:44.976: Choosing gtk.portal for org.freedesktop.impl.portal.FileChooser as a last-resort fallback

(/usr/lib/xdg-desktop-portal:2111596): xdg-desktop-portal-WARNING **: 04:36:44.976: Choosing gtk.portal for org.freedesktop.impl.portal.AppChooser as a last-resort fallback

(/usr/lib/xdg-desktop-portal:2111596): xdg-desktop-portal-WARNING **: 04:36:44.976: Choosing gtk.portal for org.freedesktop.impl.portal.Print as a last-resort fallback

(/usr/lib/xdg-desktop-portal:2111596): xdg-desktop-portal-WARNING **: 04:36:44.976: Choosing gtk.portal for org.freedesktop.impl.portal.Notification as a last-resort fallback

(/usr/lib/xdg-desktop-portal:2111596): xdg-desktop-portal-WARNING **: 04:36:44.977: Choosing gtk.portal for org.freedesktop.impl.portal.Inhibit as a last-resort fallback

(/usr/lib/xdg-desktop-portal:2111596): xdg-desktop-portal-WARNING **: 04:36:44.978: Failed to connect to PipeWire: Couldn't connect to PipeWire

(/usr/lib/xdg-desktop-portal:2111596): xdg-desktop-portal-WARNING **: 04:36:44.978: Choosing gtk.portal for org.freedesktop.impl.portal.Account as a last-resort fallback

(/usr/lib/xdg-desktop-portal:2111596): xdg-desktop-portal-WARNING **: 04:36:44.979: Choosing gtk.portal for org.freedesktop.impl.portal.Email as a last-resort fallback

(/usr/lib/xdg-desktop-portal:2111596): xdg-desktop-portal-WARNING **: 04:36:44.979: Choosing gtk.portal for org.freedesktop.impl.portal.DynamicLauncher as a last-resort fallback
dbus-daemon[2111247]: [session uid=1000 pid=2111247 pidfd=4] Successfully activated service 'org.freedesktop.portal.Desktop'
{"trial": "m-a1-r16-fill-C", "outcome": "verified", "oracle_exact_match": true, "completion_mutations": 1, "routes": ["compiled"], "loadavg_before": "1.34 2.54 3.72 1/2285 2111353"}
dbus-daemon[2111247]: [session uid=1000 pid=2111247 pidfd=4] Activating service name='org.freedesktop.systemd1' requested by ':1.4' (uid=1000 pid=2111392 comm="/usr/bin/dbus-broker-launch --config-file=/usr/sha")
dbus-daemon[2111247]: [session uid=1000 pid=2111247 pidfd=4] Activated service 'org.freedesktop.systemd1' failed: Process org.freedesktop.systemd1 exited with status 1
[2m2026-10-03T09:36:45.859330Z[0m [33m WARN[0m [2mcua_driver_sdk::runtime[0m[2m:[0m could not activate the persistent AT-SPI listener: AT-SPI connect failed: ZBus Error: MethodError(OwnedErrorName("org.freedesktop.DBus.Error.NameHasNoOwner"), Some("Could not activate remote peer 'org.a11y.atspi.Registry': unit failed"), Msg { type: Error, serial: 4294967295, sender: UniqueName("org.freedesktop.DBus"), reply-serial: 9, body: Str, fds: [] })
[2m2026-10-03T09:36:45.866066Z[0m [33m WARN[0m [2mplatform_linux::overlay[0m[2m:[0m X11 overlay: root reads cannot see this window's own pixels; save-unders will be served without readback confirmation
dbus-daemon[2111247]: [session uid=1000 pid=2111247 pidfd=4] Activating service name='org.freedesktop.systemd1' requested by ':1.4' (uid=1000 pid=2111392 comm="/usr/bin/dbus-broker-launch --config-file=/usr/sha")
dbus-daemon[2111247]: [session uid=1000 pid=2111247 pidfd=4] Activated service 'org.freedesktop.systemd1' failed: Process org.freedesktop.systemd1 exited with status 1
dbus-daemon[2111247]: [session uid=1000 pid=2111247 pidfd=4] Activating service name='org.freedesktop.systemd1' requested by ':1.4' (uid=1000 pid=2111392 comm="/usr/bin/dbus-broker-launch --config-file=/usr/sha")
dbus-daemon[2111247]: [session uid=1000 pid=2111247 pidfd=4] Activated service 'org.freedesktop.systemd1' failed: Process org.freedesktop.systemd1 exited with status 1
{"trial": "m-a1-r16-fill-Wa", "outcome": "verified", "oracle_exact_match": true, "completion_mutations": 1, "routes": ["compiled"], "loadavg_before": "1.34 2.54 3.72 1/2322 2111725"}
dbus-daemon[2111247]: [session uid=1000 pid=2111247 pidfd=4] Activating service name='org.freedesktop.systemd1' requested by ':1.4' (uid=1000 pid=2111392 comm="/usr/bin/dbus-broker-launch --config-file=/usr/sha")
dbus-daemon[2111247]: [session uid=1000 pid=2111247 pidfd=4] Activated service 'org.freedesktop.systemd1' failed: Process org.freedesktop.systemd1 exited with status 1
[2m2026-10-03T09:36:47.359562Z[0m [33m WARN[0m [2mcua_driver_sdk::runtime[0m[2m:[0m could not activate the persistent AT-SPI listener: AT-SPI connect failed: ZBus Error: MethodError(OwnedErrorName("org.freedesktop.DBus.Error.NameHasNoOwner"), Some("Could not activate remote peer 'org.a11y.atspi.Registry': unit failed"), Msg { type: Error, serial: 4294967295, sender: UniqueName("org.freedesktop.DBus"), reply-serial: 9, body: Str, fds: [] })
[2m2026-10-03T09:36:47.366228Z[0m [33m WARN[0m [2mplatform_linux::overlay[0m[2m:[0m X11 overlay: root reads cannot see this window's own pixels; save-unders will be served without readback confirmation
dbus-daemon[2111247]: [session uid=1000 pid=2111247 pidfd=4] Activating service name='org.freedesktop.systemd1' requested by ':1.4' (uid=1000 pid=2111392 comm="/usr/bin/dbus-broker-launch --config-file=/usr/sha")
dbus-daemon[2111247]: [session uid=1000 pid=2111247 pidfd=4] Activated service 'org.freedesktop.systemd1' failed: Process org.freedesktop.systemd1 exited with status 1
dbus-daemon[2111247]: [session uid=1000 pid=2111247 pidfd=4] Activating service name='org.freedesktop.systemd1' requested by ':1.4' (uid=1000 pid=2111392 comm="/usr/bin/dbus-broker-launch --config-file=/usr/sha")
dbus-daemon[2111247]: [session uid=1000 pid=2111247 pidfd=4] Activated service 'org.freedesktop.systemd1' failed: Process org.freedesktop.systemd1 exited with status 1
{"trial": "m-a1-r16-fill-P", "outcome": "verified", "oracle_exact_match": true, "completion_mutations": 1, "routes": ["compiled"], "loadavg_before": "1.39 2.54 3.71 3/2323 2112061"}
dbus-daemon[2111247]: [session uid=1000 pid=2111247 pidfd=4] Activating service name='org.freedesktop.systemd1' requested by ':1.4' (uid=1000 pid=2111392 comm="/usr/bin/dbus-broker-launch --config-file=/usr/sha")
dbus-daemon[2111247]: [session uid=1000 pid=2111247 pidfd=4] Activated service 'org.freedesktop.systemd1' failed: Process org.freedesktop.systemd1 exited with status 1
[2m2026-10-03T09:36:48.859948Z[0m [33m WARN[0m [2mcua_driver_sdk::runtime[0m[2m:[0m could not activate the persistent AT-SPI listener: AT-SPI connect failed: ZBus Error: MethodError(OwnedErrorName("org.freedesktop.DBus.Error.NameHasNoOwner"), Some("Could not activate remote peer 'org.a11y.atspi.Registry': unit failed"), Msg { type: Error, serial: 4294967295, sender: UniqueName("org.freedesktop.DBus"), reply-serial: 9, body: Str, fds: [] })
[2m2026-10-03T09:36:48.869774Z[0m [33m WARN[0m [2mplatform_linux::overlay[0m[2m:[0m X11 overlay: root reads cannot see this window's own pixels; save-unders will be served without readback confirmation
dbus-daemon[2111247]: [session uid=1000 pid=2111247 pidfd=4] Activating service name='org.freedesktop.systemd1' requested by ':1.4' (uid=1000 pid=2111392 comm="/usr/bin/dbus-broker-launch --config-file=/usr/sha")
dbus-daemon[2111247]: [session uid=1000 pid=2111247 pidfd=4] Activated service 'org.freedesktop.systemd1' failed: Process org.freedesktop.systemd1 exited with status 1
dbus-daemon[2111247]: [session uid=1000 pid=2111247 pidfd=4] Activating service name='org.freedesktop.systemd1' requested by ':1.4' (uid=1000 pid=2111392 comm="/usr/bin/dbus-broker-launch --config-file=/usr/sha")
dbus-daemon[2111247]: [session uid=1000 pid=2111247 pidfd=4] Activated service 'org.freedesktop.systemd1' failed: Process org.freedesktop.systemd1 exited with status 1
{"trial": "m-a1-r16-fill-Wb", "outcome": "verified", "oracle_exact_match": true, "completion_mutations": 1, "routes": ["compiled"], "loadavg_before": "1.39 2.54 3.71 2/2317 2112380"}
dbus-daemon[2111247]: [session uid=1000 pid=2111247 pidfd=4] Activating service name='org.freedesktop.systemd1' requested by ':1.4' (uid=1000 pid=2111392 comm="/usr/bin/dbus-broker-launch --config-file=/usr/sha")
dbus-daemon[2111247]: [session uid=1000 pid=2111247 pidfd=4] Activated service 'org.freedesktop.systemd1' failed: Process org.freedesktop.systemd1 exited with status 1
[2m2026-10-03T09:36:50.361111Z[0m [33m WARN[0m [2mcua_driver_sdk::runtime[0m[2m:[0m could not activate the persistent AT-SPI listener: AT-SPI connect failed: ZBus Error: MethodError(OwnedErrorName("org.freedesktop.DBus.Error.NameHasNoOwner"), Some("Could not activate remote peer 'org.a11y.atspi.Registry': unit failed"), Msg { type: Error, serial: 4294967295, sender: UniqueName("org.freedesktop.DBus"), reply-serial: 9, body: Str, fds: [] })
[2m2026-10-03T09:36:50.368290Z[0m [33m WARN[0m [2mplatform_linux::overlay[0m[2m:[0m X11 overlay: root reads cannot see this window's own pixels; save-unders will be served without readback confirmation
dbus-daemon[2111247]: [session uid=1000 pid=2111247 pidfd=4] Activating service name='org.freedesktop.systemd1' requested by ':1.4' (uid=1000 pid=2111392 comm="/usr/bin/dbus-broker-launch --config-file=/usr/sha")
dbus-daemon[2111247]: [session uid=1000 pid=2111247 pidfd=4] Activated service 'org.freedesktop.systemd1' failed: Process org.freedesktop.systemd1 exited with status 1
dbus-daemon[2111247]: [session uid=1000 pid=2111247 pidfd=4] Activating service name='org.freedesktop.systemd1' requested by ':1.4' (uid=1000 pid=2111392 comm="/usr/bin/dbus-broker-launch --config-file=/usr/sha")
dbus-daemon[2111247]: [session uid=1000 pid=2111247 pidfd=4] Activated service 'org.freedesktop.systemd1' failed: Process org.freedesktop.systemd1 exited with status 1
{"trial": "m-a1-r16-toggle-Wa", "outcome": "verified", "oracle_exact_match": true, "completion_mutations": 1, "routes": ["provider", "provider"], "loadavg_before": "1.39 2.54 3.71 1/2307 2112679"}
dbus-daemon[2111247]: [session uid=1000 pid=2111247 pidfd=4] Activating service name='org.freedesktop.systemd1' requested by ':1.4' (uid=1000 pid=2111392 comm="/usr/bin/dbus-broker-launch --config-file=/usr/sha")
dbus-daemon[2111247]: [session uid=1000 pid=2111247 pidfd=4] Activated service 'org.freedesktop.systemd1' failed: Process org.freedesktop.systemd1 exited with status 1
[2m2026-10-03T09:36:51.477688Z[0m [33m WARN[0m [2mcua_driver_sdk::runtime[0m[2m:[0m could not activate the persistent AT-SPI listener: AT-SPI connect failed: ZBus Error: MethodError(OwnedErrorName("org.freedesktop.DBus.Error.NameHasNoOwner"), Some("Could not activate remote peer 'org.a11y.atspi.Registry': unit failed"), Msg { type: Error, serial: 4294967295, sender: UniqueName("org.freedesktop.DBus"), reply-serial: 9, body: Str, fds: [] })
[2m2026-10-03T09:36:51.484197Z[0m [33m WARN[0m [2mplatform_linux::overlay[0m[2m:[0m X11 overlay: root reads cannot see this window's own pixels; save-unders will be served without readback confirmation
dbus-daemon[2111247]: [session uid=1000 pid=2111247 pidfd=4] Activating service name='org.freedesktop.systemd1' requested by ':1.4' (uid=1000 pid=2111392 comm="/usr/bin/dbus-broker-launch --config-file=/usr/sha")
dbus-daemon[2111247]: [session uid=1000 pid=2111247 pidfd=4] Activated service 'org.freedesktop.systemd1' failed: Process org.freedesktop.systemd1 exited with status 1
dbus-daemon[2111247]: [session uid=1000 pid=2111247 pidfd=4] Activating service name='org.freedesktop.systemd1' requested by ':1.4' (uid=1000 pid=2111392 comm="/usr/bin/dbus-broker-launch --config-file=/usr/sha")
dbus-daemon[2111247]: [session uid=1000 pid=2111247 pidfd=4] Activated service 'org.freedesktop.systemd1' failed: Process org.freedesktop.systemd1 exited with status 1
{"trial": "m-a1-r16-toggle-Wb", "outcome": "verified", "oracle_exact_match": true, "completion_mutations": 1, "routes": ["provider", "provider"], "loadavg_before": "1.28 2.49 3.69 1/2299 2112958"}
dbus-daemon[2111247]: [session uid=1000 pid=2111247 pidfd=4] Activating service name='org.freedesktop.systemd1' requested by ':1.4' (uid=1000 pid=2111392 comm="/usr/bin/dbus-broker-launch --config-file=/usr/sha")
dbus-daemon[2111247]: [session uid=1000 pid=2111247 pidfd=4] Activated service 'org.freedesktop.systemd1' failed: Process org.freedesktop.systemd1 exited with status 1
[2m2026-10-03T09:36:52.587302Z[0m [33m WARN[0m [2mcua_driver_sdk::runtime[0m[2m:[0m could not activate the persistent AT-SPI listener: AT-SPI connect failed: ZBus Error: MethodError(OwnedErrorName("org.freedesktop.DBus.Error.NameHasNoOwner"), Some("Could not activate remote peer 'org.a11y.atspi.Registry': unit failed"), Msg { type: Error, serial: 4294967295, sender: UniqueName("org.freedesktop.DBus"), reply-serial: 9, body: Str, fds: [] })
[2m2026-10-03T09:36:52.594106Z[0m [33m WARN[0m [2mplatform_linux::overlay[0m[2m:[0m X11 overlay: root reads cannot see this window's own pixels; save-unders will be served without readback confirmation
dbus-daemon[2111247]: [session uid=1000 pid=2111247 pidfd=4] Activating service name='org.freedesktop.systemd1' requested by ':1.4' (uid=1000 pid=2111392 comm="/usr/bin/dbus-broker-launch --config-file=/usr/sha")
dbus-daemon[2111247]: [session uid=1000 pid=2111247 pidfd=4] Activated service 'org.freedesktop.systemd1' failed: Process org.freedesktop.systemd1 exited with status 1
dbus-daemon[2111247]: [session uid=1000 pid=2111247 pidfd=4] Activating service name='org.freedesktop.systemd1' requested by ':1.4' (uid=1000 pid=2111392 comm="/usr/bin/dbus-broker-launch --config-file=/usr/sha")
dbus-daemon[2111247]: [session uid=1000 pid=2111247 pidfd=4] Activated service 'org.freedesktop.systemd1' failed: Process org.freedesktop.systemd1 exited with status 1
{"trial": "m-a1-r16-toggle-C", "outcome": "verified", "oracle_exact_match": true, "completion_mutations": 1, "routes": ["provider", "provider"], "loadavg_before": "1.28 2.49 3.69 1/2299 2113248"}
dbus-daemon[2111247]: [session uid=1000 pid=2111247 pidfd=4] Activating service name='org.freedesktop.systemd1' requested by ':1.4' (uid=1000 pid=2111392 comm="/usr/bin/dbus-broker-launch --config-file=/usr/sha")
dbus-daemon[2111247]: [session uid=1000 pid=2111247 pidfd=4] Activated service 'org.freedesktop.systemd1' failed: Process org.freedesktop.systemd1 exited with status 1
[2m2026-10-03T09:36:53.684934Z[0m [33m WARN[0m [2mcua_driver_sdk::runtime[0m[2m:[0m could not activate the persistent AT-SPI listener: AT-SPI connect failed: ZBus Error: MethodError(OwnedErrorName("org.freedesktop.DBus.Error.NameHasNoOwner"), Some("Could not activate remote peer 'org.a11y.atspi.Registry': unit failed"), Msg { type: Error, serial: 4294967295, sender: UniqueName("org.freedesktop.DBus"), reply-serial: 9, body: Str, fds: [] })
[2m2026-10-03T09:36:53.691487Z[0m [33m WARN[0m [2mplatform_linux::overlay[0m[2m:[0m X11 overlay: root reads cannot see this window's own pixels; save-unders will be served without readback confirmation
dbus-daemon[2111247]: [session uid=1000 pid=2111247 pidfd=4] Activating service name='org.freedesktop.systemd1' requested by ':1.4' (uid=1000 pid=2111392 comm="/usr/bin/dbus-broker-launch --config-file=/usr/sha")
dbus-daemon[2111247]: [session uid=1000 pid=2111247 pidfd=4] Activated service 'org.freedesktop.systemd1' failed: Process org.freedesktop.systemd1 exited with status 1
dbus-daemon[2111247]: [session uid=1000 pid=2111247 pidfd=4] Activating service name='org.freedesktop.systemd1' requested by ':1.4' (uid=1000 pid=2111392 comm="/usr/bin/dbus-broker-launch --config-file=/usr/sha")
dbus-daemon[2111247]: [session uid=1000 pid=2111247 pidfd=4] Activated service 'org.freedesktop.systemd1' failed: Process org.freedesktop.systemd1 exited with status 1
{"trial": "m-a1-r16-toggle-P", "outcome": "verified", "oracle_exact_match": true, "completion_mutations": 1, "routes": ["provider", "provider"], "loadavg_before": "1.28 2.49 3.69 1/2299 2113507"}
dbus-daemon[2111247]: [session uid=1000 pid=2111247 pidfd=4] Activating service name='org.freedesktop.systemd1' requested by ':1.4' (uid=1000 pid=2111392 comm="/usr/bin/dbus-broker-launch --config-file=/usr/sha")
dbus-daemon[2111247]: [session uid=1000 pid=2111247 pidfd=4] Activated service 'org.freedesktop.systemd1' failed: Process org.freedesktop.systemd1 exited with status 1
[2m2026-10-03T09:36:54.813999Z[0m [33m WARN[0m [2mcua_driver_sdk::runtime[0m[2m:[0m could not activate the persistent AT-SPI listener: AT-SPI connect failed: ZBus Error: MethodError(OwnedErrorName("org.freedesktop.DBus.Error.NameHasNoOwner"), Some("Could not activate remote peer 'org.a11y.atspi.Registry': unit failed"), Msg { type: Error, serial: 4294967295, sender: UniqueName("org.freedesktop.DBus"), reply-serial: 9, body: Str, fds: [] })
[2m2026-10-03T09:36:54.820809Z[0m [33m WARN[0m [2mplatform_linux::overlay[0m[2m:[0m X11 overlay: root reads cannot see this window's own pixels; save-unders will be served without readback confirmation
dbus-daemon[2111247]: [session uid=1000 pid=2111247 pidfd=4] Activating service name='org.freedesktop.systemd1' requested by ':1.4' (uid=1000 pid=2111392 comm="/usr/bin/dbus-broker-launch --config-file=/usr/sha")
dbus-daemon[2111247]: [session uid=1000 pid=2111247 pidfd=4] Activated service 'org.freedesktop.systemd1' failed: Process org.freedesktop.systemd1 exited with status 1
dbus-daemon[2111247]: [session uid=1000 pid=2111247 pidfd=4] Activating service name='org.freedesktop.systemd1' requested by ':1.4' (uid=1000 pid=2111392 comm="/usr/bin/dbus-broker-launch --config-file=/usr/sha")
dbus-daemon[2111247]: [session uid=1000 pid=2111247 pidfd=4] Activated service 'org.freedesktop.systemd1' failed: Process org.freedesktop.systemd1 exited with status 1
{"trial": "m-a1-r17-toggle-Wb", "outcome": "verified", "oracle_exact_match": true, "completion_mutations": 1, "routes": ["provider", "provider"], "loadavg_before": "1.28 2.49 3.69 1/2299 2113793"}
dbus-daemon[2111247]: [session uid=1000 pid=2111247 pidfd=4] Activating service name='org.freedesktop.systemd1' requested by ':1.4' (uid=1000 pid=2111392 comm="/usr/bin/dbus-broker-launch --config-file=/usr/sha")
dbus-daemon[2111247]: [session uid=1000 pid=2111247 pidfd=4] Activated service 'org.freedesktop.systemd1' failed: Process org.freedesktop.systemd1 exited with status 1
[2m2026-10-03T09:36:55.934273Z[0m [33m WARN[0m [2mcua_driver_sdk::runtime[0m[2m:[0m could not activate the persistent AT-SPI listener: AT-SPI connect failed: ZBus Error: MethodError(OwnedErrorName("org.freedesktop.DBus.Error.NameHasNoOwner"), Some("Could not activate remote peer 'org.a11y.atspi.Registry': unit failed"), Msg { type: Error, serial: 4294967295, sender: UniqueName("org.freedesktop.DBus"), reply-serial: 9, body: Str, fds: [] })
[2m2026-10-03T09:36:55.941112Z[0m [33m WARN[0m [2mplatform_linux::overlay[0m[2m:[0m X11 overlay: root reads cannot see this window's own pixels; save-unders will be served without readback confirmation
dbus-daemon[2111247]: [session uid=1000 pid=2111247 pidfd=4] Activating service name='org.freedesktop.systemd1' requested by ':1.4' (uid=1000 pid=2111392 comm="/usr/bin/dbus-broker-launch --config-file=/usr/sha")
dbus-daemon[2111247]: [session uid=1000 pid=2111247 pidfd=4] Activated service 'org.freedesktop.systemd1' failed: Process org.freedesktop.systemd1 exited with status 1
dbus-daemon[2111247]: [session uid=1000 pid=2111247 pidfd=4] Activating service name='org.freedesktop.systemd1' requested by ':1.4' (uid=1000 pid=2111392 comm="/usr/bin/dbus-broker-launch --config-file=/usr/sha")
dbus-daemon[2111247]: [session uid=1000 pid=2111247 pidfd=4] Activated service 'org.freedesktop.systemd1' failed: Process org.freedesktop.systemd1 exited with status 1
{"trial": "m-a1-r17-toggle-P", "outcome": "verified", "oracle_exact_match": true, "completion_mutations": 1, "routes": ["provider", "provider"], "loadavg_before": "1.28 2.49 3.69 1/2300 2114073"}
dbus-daemon[2111247]: [session uid=1000 pid=2111247 pidfd=4] Activating service name='org.freedesktop.systemd1' requested by ':1.4' (uid=1000 pid=2111392 comm="/usr/bin/dbus-broker-launch --config-file=/usr/sha")
dbus-daemon[2111247]: [session uid=1000 pid=2111247 pidfd=4] Activated service 'org.freedesktop.systemd1' failed: Process org.freedesktop.systemd1 exited with status 1
[2m2026-10-03T09:36:57.065774Z[0m [33m WARN[0m [2mcua_driver_sdk::runtime[0m[2m:[0m could not activate the persistent AT-SPI listener: AT-SPI connect failed: ZBus Error: MethodError(OwnedErrorName("org.freedesktop.DBus.Error.NameHasNoOwner"), Some("Could not activate remote peer 'org.a11y.atspi.Registry': unit failed"), Msg { type: Error, serial: 4294967295, sender: UniqueName("org.freedesktop.DBus"), reply-serial: 9, body: Str, fds: [] })
[2m2026-10-03T09:36:57.072225Z[0m [33m WARN[0m [2mplatform_linux::overlay[0m[2m:[0m X11 overlay: root reads cannot see this window's own pixels; save-unders will be served without readback confirmation
dbus-daemon[2111247]: [session uid=1000 pid=2111247 pidfd=4] Activating service name='org.freedesktop.systemd1' requested by ':1.4' (uid=1000 pid=2111392 comm="/usr/bin/dbus-broker-launch --config-file=/usr/sha")
dbus-daemon[2111247]: [session uid=1000 pid=2111247 pidfd=4] Activated service 'org.freedesktop.systemd1' failed: Process org.freedesktop.systemd1 exited with status 1
dbus-daemon[2111247]: [session uid=1000 pid=2111247 pidfd=4] Activating service name='org.freedesktop.systemd1' requested by ':1.4' (uid=1000 pid=2111392 comm="/usr/bin/dbus-broker-launch --config-file=/usr/sha")
dbus-daemon[2111247]: [session uid=1000 pid=2111247 pidfd=4] Activated service 'org.freedesktop.systemd1' failed: Process org.freedesktop.systemd1 exited with status 1
{"trial": "m-a1-r17-toggle-Wa", "outcome": "verified", "oracle_exact_match": true, "completion_mutations": 1, "routes": ["provider", "provider"], "loadavg_before": "1.50 2.52 3.69 1/2300 2114358"}
dbus-daemon[2111247]: [session uid=1000 pid=2111247 pidfd=4] Activating service name='org.freedesktop.systemd1' requested by ':1.4' (uid=1000 pid=2111392 comm="/usr/bin/dbus-broker-launch --config-file=/usr/sha")
dbus-daemon[2111247]: [session uid=1000 pid=2111247 pidfd=4] Activated service 'org.freedesktop.systemd1' failed: Process org.freedesktop.systemd1 exited with status 1
[2m2026-10-03T09:36:58.178202Z[0m [33m WARN[0m [2mcua_driver_sdk::runtime[0m[2m:[0m could not activate the persistent AT-SPI listener: AT-SPI connect failed: ZBus Error: MethodError(OwnedErrorName("org.freedesktop.DBus.Error.NameHasNoOwner"), Some("Could not activate remote peer 'org.a11y.atspi.Registry': unit failed"), Msg { type: Error, serial: 4294967295, sender: UniqueName("org.freedesktop.DBus"), reply-serial: 9, body: Str, fds: [] })
[2m2026-10-03T09:36:58.184321Z[0m [33m WARN[0m [2mplatform_linux::overlay[0m[2m:[0m X11 overlay: root reads cannot see this window's own pixels; save-unders will be served without readback confirmation
dbus-daemon[2111247]: [session uid=1000 pid=2111247 pidfd=4] Activating service name='org.freedesktop.systemd1' requested by ':1.4' (uid=1000 pid=2111392 comm="/usr/bin/dbus-broker-launch --config-file=/usr/sha")
dbus-daemon[2111247]: [session uid=1000 pid=2111247 pidfd=4] Activated service 'org.freedesktop.systemd1' failed: Process org.freedesktop.systemd1 exited with status 1
dbus-daemon[2111247]: [session uid=1000 pid=2111247 pidfd=4] Activating service name='org.freedesktop.systemd1' requested by ':1.4' (uid=1000 pid=2111392 comm="/usr/bin/dbus-broker-launch --config-file=/usr/sha")
dbus-daemon[2111247]: [session uid=1000 pid=2111247 pidfd=4] Activated service 'org.freedesktop.systemd1' failed: Process org.freedesktop.systemd1 exited with status 1
{"trial": "m-a1-r17-toggle-C", "outcome": "verified", "oracle_exact_match": true, "completion_mutations": 1, "routes": ["provider", "provider"], "loadavg_before": "1.50 2.52 3.69 2/2300 2114626"}
dbus-daemon[2111247]: [session uid=1000 pid=2111247 pidfd=4] Activating service name='org.freedesktop.systemd1' requested by ':1.4' (uid=1000 pid=2111392 comm="/usr/bin/dbus-broker-launch --config-file=/usr/sha")
dbus-daemon[2111247]: [session uid=1000 pid=2111247 pidfd=4] Activated service 'org.freedesktop.systemd1' failed: Process org.freedesktop.systemd1 exited with status 1
[2m2026-10-03T09:36:59.301684Z[0m [33m WARN[0m [2mcua_driver_sdk::runtime[0m[2m:[0m could not activate the persistent AT-SPI listener: AT-SPI connect failed: ZBus Error: MethodError(OwnedErrorName("org.freedesktop.DBus.Error.NameHasNoOwner"), Some("Could not activate remote peer 'org.a11y.atspi.Registry': unit failed"), Msg { type: Error, serial: 4294967295, sender: UniqueName("org.freedesktop.DBus"), reply-serial: 9, body: Str, fds: [] })
[2m2026-10-03T09:36:59.308327Z[0m [33m WARN[0m [2mplatform_linux::overlay[0m[2m:[0m X11 overlay: root reads cannot see this window's own pixels; save-unders will be served without readback confirmation
dbus-daemon[2111247]: [session uid=1000 pid=2111247 pidfd=4] Activating service name='org.freedesktop.systemd1' requested by ':1.4' (uid=1000 pid=2111392 comm="/usr/bin/dbus-broker-launch --config-file=/usr/sha")
dbus-daemon[2111247]: [session uid=1000 pid=2111247 pidfd=4] Activated service 'org.freedesktop.systemd1' failed: Process org.freedesktop.systemd1 exited with status 1
dbus-daemon[2111247]: [session uid=1000 pid=2111247 pidfd=4] Activating service name='org.freedesktop.systemd1' requested by ':1.4' (uid=1000 pid=2111392 comm="/usr/bin/dbus-broker-launch --config-file=/usr/sha")
dbus-daemon[2111247]: [session uid=1000 pid=2111247 pidfd=4] Activated service 'org.freedesktop.systemd1' failed: Process org.freedesktop.systemd1 exited with status 1
{"trial": "m-a1-r17-fill-Wa", "outcome": "verified", "oracle_exact_match": true, "completion_mutations": 1, "routes": ["compiled"], "loadavg_before": "1.50 2.52 3.69 1/2296 2114912"}
dbus-daemon[2111247]: [session uid=1000 pid=2111247 pidfd=4] Activating service name='org.freedesktop.systemd1' requested by ':1.4' (uid=1000 pid=2111392 comm="/usr/bin/dbus-broker-launch --config-file=/usr/sha")
dbus-daemon[2111247]: [session uid=1000 pid=2111247 pidfd=4] Activated service 'org.freedesktop.systemd1' failed: Process org.freedesktop.systemd1 exited with status 1
[2m2026-10-03T09:37:00.802367Z[0m [33m WARN[0m [2mcua_driver_sdk::runtime[0m[2m:[0m could not activate the persistent AT-SPI listener: AT-SPI connect failed: ZBus Error: MethodError(OwnedErrorName("org.freedesktop.DBus.Error.NameHasNoOwner"), Some("Could not activate remote peer 'org.a11y.atspi.Registry': unit failed"), Msg { type: Error, serial: 4294967295, sender: UniqueName("org.freedesktop.DBus"), reply-serial: 9, body: Str, fds: [] })
[2m2026-10-03T09:37:00.808976Z[0m [33m WARN[0m [2mplatform_linux::overlay[0m[2m:[0m X11 overlay: root reads cannot see this window's own pixels; save-unders will be served without readback confirmation
dbus-daemon[2111247]: [session uid=1000 pid=2111247 pidfd=4] Activating service name='org.freedesktop.systemd1' requested by ':1.4' (uid=1000 pid=2111392 comm="/usr/bin/dbus-broker-launch --config-file=/usr/sha")
dbus-daemon[2111247]: [session uid=1000 pid=2111247 pidfd=4] Activated service 'org.freedesktop.systemd1' failed: Process org.freedesktop.systemd1 exited with status 1
dbus-daemon[2111247]: [session uid=1000 pid=2111247 pidfd=4] Activating service name='org.freedesktop.systemd1' requested by ':1.4' (uid=1000 pid=2111392 comm="/usr/bin/dbus-broker-launch --config-file=/usr/sha")
dbus-daemon[2111247]: [session uid=1000 pid=2111247 pidfd=4] Activated service 'org.freedesktop.systemd1' failed: Process org.freedesktop.systemd1 exited with status 1
{"trial": "m-a1-r17-fill-Wb", "outcome": "verified", "oracle_exact_match": true, "completion_mutations": 1, "routes": ["compiled"], "loadavg_before": "1.50 2.52 3.69 1/2289 2115253"}
dbus-daemon[2111247]: [session uid=1000 pid=2111247 pidfd=4] Activating service name='org.freedesktop.systemd1' requested by ':1.4' (uid=1000 pid=2111392 comm="/usr/bin/dbus-broker-launch --config-file=/usr/sha")
dbus-daemon[2111247]: [session uid=1000 pid=2111247 pidfd=4] Activated service 'org.freedesktop.systemd1' failed: Process org.freedesktop.systemd1 exited with status 1
[2m2026-10-03T09:37:02.302749Z[0m [33m WARN[0m [2mcua_driver_sdk::runtime[0m[2m:[0m could not activate the persistent AT-SPI listener: AT-SPI connect failed: ZBus Error: MethodError(OwnedErrorName("org.freedesktop.DBus.Error.NameHasNoOwner"), Some("Could not activate remote peer 'org.a11y.atspi.Registry': unit failed"), Msg { type: Error, serial: 4294967295, sender: UniqueName("org.freedesktop.DBus"), reply-serial: 9, body: Str, fds: [] })
[2m2026-10-03T09:37:02.309431Z[0m [33m WARN[0m [2mplatform_linux::overlay[0m[2m:[0m X11 overlay: root reads cannot see this window's own pixels; save-unders will be served without readback confirmation
dbus-daemon[2111247]: [session uid=1000 pid=2111247 pidfd=4] Activating service name='org.freedesktop.systemd1' requested by ':1.4' (uid=1000 pid=2111392 comm="/usr/bin/dbus-broker-launch --config-file=/usr/sha")
dbus-daemon[2111247]: [session uid=1000 pid=2111247 pidfd=4] Activated service 'org.freedesktop.systemd1' failed: Process org.freedesktop.systemd1 exited with status 1
dbus-daemon[2111247]: [session uid=1000 pid=2111247 pidfd=4] Activating service name='org.freedesktop.systemd1' requested by ':1.4' (uid=1000 pid=2111392 comm="/usr/bin/dbus-broker-launch --config-file=/usr/sha")
dbus-daemon[2111247]: [session uid=1000 pid=2111247 pidfd=4] Activated service 'org.freedesktop.systemd1' failed: Process org.freedesktop.systemd1 exited with status 1
{"trial": "m-a1-r17-fill-C", "outcome": "verified", "oracle_exact_match": true, "completion_mutations": 1, "routes": ["compiled"], "loadavg_before": "1.62 2.53 3.69 2/2285 2115565"}
dbus-daemon[2111247]: [session uid=1000 pid=2111247 pidfd=4] Activating service name='org.freedesktop.systemd1' requested by ':1.4' (uid=1000 pid=2111392 comm="/usr/bin/dbus-broker-launch --config-file=/usr/sha")
dbus-daemon[2111247]: [session uid=1000 pid=2111247 pidfd=4] Activated service 'org.freedesktop.systemd1' failed: Process org.freedesktop.systemd1 exited with status 1
[2m2026-10-03T09:37:03.804395Z[0m [33m WARN[0m [2mcua_driver_sdk::runtime[0m[2m:[0m could not activate the persistent AT-SPI listener: AT-SPI connect failed: ZBus Error: MethodError(OwnedErrorName("org.freedesktop.DBus.Error.NameHasNoOwner"), Some("Could not activate remote peer 'org.a11y.atspi.Registry': unit failed"), Msg { type: Error, serial: 4294967295, sender: UniqueName("org.freedesktop.DBus"), reply-serial: 9, body: Str, fds: [] })
[2m2026-10-03T09:37:03.811413Z[0m [33m WARN[0m [2mplatform_linux::overlay[0m[2m:[0m X11 overlay: root reads cannot see this window's own pixels; save-unders will be served without readback confirmation
dbus-daemon[2111247]: [session uid=1000 pid=2111247 pidfd=4] Activating service name='org.freedesktop.systemd1' requested by ':1.4' (uid=1000 pid=2111392 comm="/usr/bin/dbus-broker-launch --config-file=/usr/sha")
dbus-daemon[2111247]: [session uid=1000 pid=2111247 pidfd=4] Activated service 'org.freedesktop.systemd1' failed: Process org.freedesktop.systemd1 exited with status 1
dbus-daemon[2111247]: [session uid=1000 pid=2111247 pidfd=4] Activating service name='org.freedesktop.systemd1' requested by ':1.4' (uid=1000 pid=2111392 comm="/usr/bin/dbus-broker-launch --config-file=/usr/sha")
dbus-daemon[2111247]: [session uid=1000 pid=2111247 pidfd=4] Activated service 'org.freedesktop.systemd1' failed: Process org.freedesktop.systemd1 exited with status 1
{"trial": "m-a1-r17-fill-P", "outcome": "verified", "oracle_exact_match": true, "completion_mutations": 1, "routes": ["compiled"], "loadavg_before": "1.62 2.53 3.69 5/2313 2115939"}
dbus-daemon[2111247]: [session uid=1000 pid=2111247 pidfd=4] Activating service name='org.freedesktop.systemd1' requested by ':1.4' (uid=1000 pid=2111392 comm="/usr/bin/dbus-broker-launch --config-file=/usr/sha")
dbus-daemon[2111247]: [session uid=1000 pid=2111247 pidfd=4] Activated service 'org.freedesktop.systemd1' failed: Process org.freedesktop.systemd1 exited with status 1
[2m2026-10-03T09:37:05.304802Z[0m [33m WARN[0m [2mcua_driver_sdk::runtime[0m[2m:[0m could not activate the persistent AT-SPI listener: AT-SPI connect failed: ZBus Error: MethodError(OwnedErrorName("org.freedesktop.DBus.Error.NameHasNoOwner"), Some("Could not activate remote peer 'org.a11y.atspi.Registry': unit failed"), Msg { type: Error, serial: 4294967295, sender: UniqueName("org.freedesktop.DBus"), reply-serial: 9, body: Str, fds: [] })
[2m2026-10-03T09:37:05.311154Z[0m [33m WARN[0m [2mplatform_linux::overlay[0m[2m:[0m X11 overlay: root reads cannot see this window's own pixels; save-unders will be served without readback confirmation
dbus-daemon[2111247]: [session uid=1000 pid=2111247 pidfd=4] Activating service name='org.freedesktop.systemd1' requested by ':1.4' (uid=1000 pid=2111392 comm="/usr/bin/dbus-broker-launch --config-file=/usr/sha")
dbus-daemon[2111247]: [session uid=1000 pid=2111247 pidfd=4] Activated service 'org.freedesktop.systemd1' failed: Process org.freedesktop.systemd1 exited with status 1
dbus-daemon[2111247]: [session uid=1000 pid=2111247 pidfd=4] Activating service name='org.freedesktop.systemd1' requested by ':1.4' (uid=1000 pid=2111392 comm="/usr/bin/dbus-broker-launch --config-file=/usr/sha")
dbus-daemon[2111247]: [session uid=1000 pid=2111247 pidfd=4] Activated service 'org.freedesktop.systemd1' failed: Process org.freedesktop.systemd1 exited with status 1
{"trial": "m-a1-r18-fill-Wb", "outcome": "verified", "oracle_exact_match": true, "completion_mutations": 1, "routes": ["compiled"], "loadavg_before": "1.62 2.53 3.69 2/2292 2116322"}
dbus-daemon[2111247]: [session uid=1000 pid=2111247 pidfd=4] Activating service name='org.freedesktop.systemd1' requested by ':1.4' (uid=1000 pid=2111392 comm="/usr/bin/dbus-broker-launch --config-file=/usr/sha")
dbus-daemon[2111247]: [session uid=1000 pid=2111247 pidfd=4] Activated service 'org.freedesktop.systemd1' failed: Process org.freedesktop.systemd1 exited with status 1
[2m2026-10-03T09:37:06.805924Z[0m [33m WARN[0m [2mcua_driver_sdk::runtime[0m[2m:[0m could not activate the persistent AT-SPI listener: AT-SPI connect failed: ZBus Error: MethodError(OwnedErrorName("org.freedesktop.DBus.Error.NameHasNoOwner"), Some("Could not activate remote peer 'org.a11y.atspi.Registry': unit failed"), Msg { type: Error, serial: 4294967295, sender: UniqueName("org.freedesktop.DBus"), reply-serial: 9, body: Str, fds: [] })
[2m2026-10-03T09:37:06.812084Z[0m [33m WARN[0m [2mplatform_linux::overlay[0m[2m:[0m X11 overlay: root reads cannot see this window's own pixels; save-unders will be served without readback confirmation
dbus-daemon[2111247]: [session uid=1000 pid=2111247 pidfd=4] Activating service name='org.freedesktop.systemd1' requested by ':1.4' (uid=1000 pid=2111392 comm="/usr/bin/dbus-broker-launch --config-file=/usr/sha")
dbus-daemon[2111247]: [session uid=1000 pid=2111247 pidfd=4] Activated service 'org.freedesktop.systemd1' failed: Process org.freedesktop.systemd1 exited with status 1
dbus-daemon[2111247]: [session uid=1000 pid=2111247 pidfd=4] Activating service name='org.freedesktop.systemd1' requested by ':1.4' (uid=1000 pid=2111392 comm="/usr/bin/dbus-broker-launch --config-file=/usr/sha")
dbus-daemon[2111247]: [session uid=1000 pid=2111247 pidfd=4] Activated service 'org.freedesktop.systemd1' failed: Process org.freedesktop.systemd1 exited with status 1
{"trial": "m-a1-r18-fill-P", "outcome": "verified", "oracle_exact_match": true, "completion_mutations": 1, "routes": ["compiled"], "loadavg_before": "1.65 2.52 3.68 1/2292 2116609"}
dbus-daemon[2111247]: [session uid=1000 pid=2111247 pidfd=4] Activating service name='org.freedesktop.systemd1' requested by ':1.4' (uid=1000 pid=2111392 comm="/usr/bin/dbus-broker-launch --config-file=/usr/sha")
dbus-daemon[2111247]: [session uid=1000 pid=2111247 pidfd=4] Activated service 'org.freedesktop.systemd1' failed: Process org.freedesktop.systemd1 exited with status 1
[2m2026-10-03T09:37:08.306129Z[0m [33m WARN[0m [2mcua_driver_sdk::runtime[0m[2m:[0m could not activate the persistent AT-SPI listener: AT-SPI connect failed: ZBus Error: MethodError(OwnedErrorName("org.freedesktop.DBus.Error.NameHasNoOwner"), Some("Could not activate remote peer 'org.a11y.atspi.Registry': unit failed"), Msg { type: Error, serial: 4294967295, sender: UniqueName("org.freedesktop.DBus"), reply-serial: 9, body: Str, fds: [] })
[2m2026-10-03T09:37:08.312800Z[0m [33m WARN[0m [2mplatform_linux::overlay[0m[2m:[0m X11 overlay: root reads cannot see this window's own pixels; save-unders will be served without readback confirmation
dbus-daemon[2111247]: [session uid=1000 pid=2111247 pidfd=4] Activating service name='org.freedesktop.systemd1' requested by ':1.4' (uid=1000 pid=2111392 comm="/usr/bin/dbus-broker-launch --config-file=/usr/sha")
dbus-daemon[2111247]: [session uid=1000 pid=2111247 pidfd=4] Activated service 'org.freedesktop.systemd1' failed: Process org.freedesktop.systemd1 exited with status 1
dbus-daemon[2111247]: [session uid=1000 pid=2111247 pidfd=4] Activating service name='org.freedesktop.systemd1' requested by ':1.4' (uid=1000 pid=2111392 comm="/usr/bin/dbus-broker-launch --config-file=/usr/sha")
dbus-daemon[2111247]: [session uid=1000 pid=2111247 pidfd=4] Activated service 'org.freedesktop.systemd1' failed: Process org.freedesktop.systemd1 exited with status 1
{"trial": "m-a1-r18-fill-Wa", "outcome": "verified", "oracle_exact_match": true, "completion_mutations": 1, "routes": ["compiled"], "loadavg_before": "1.65 2.52 3.68 1/2292 2116904"}
dbus-daemon[2111247]: [session uid=1000 pid=2111247 pidfd=4] Activating service name='org.freedesktop.systemd1' requested by ':1.4' (uid=1000 pid=2111392 comm="/usr/bin/dbus-broker-launch --config-file=/usr/sha")
dbus-daemon[2111247]: [session uid=1000 pid=2111247 pidfd=4] Activated service 'org.freedesktop.systemd1' failed: Process org.freedesktop.systemd1 exited with status 1
[2m2026-10-03T09:37:09.806677Z[0m [33m WARN[0m [2mcua_driver_sdk::runtime[0m[2m:[0m could not activate the persistent AT-SPI listener: AT-SPI connect failed: ZBus Error: MethodError(OwnedErrorName("org.freedesktop.DBus.Error.NameHasNoOwner"), Some("Could not activate remote peer 'org.a11y.atspi.Registry': unit failed"), Msg { type: Error, serial: 4294967295, sender: UniqueName("org.freedesktop.DBus"), reply-serial: 9, body: Str, fds: [] })
[2m2026-10-03T09:37:09.814422Z[0m [33m WARN[0m [2mplatform_linux::overlay[0m[2m:[0m X11 overlay: root reads cannot see this window's own pixels; save-unders will be served without readback confirmation
dbus-daemon[2111247]: [session uid=1000 pid=2111247 pidfd=4] Activating service name='org.freedesktop.systemd1' requested by ':1.4' (uid=1000 pid=2111392 comm="/usr/bin/dbus-broker-launch --config-file=/usr/sha")
dbus-daemon[2111247]: [session uid=1000 pid=2111247 pidfd=4] Activated service 'org.freedesktop.systemd1' failed: Process org.freedesktop.systemd1 exited with status 1
dbus-daemon[2111247]: [session uid=1000 pid=2111247 pidfd=4] Activating service name='org.freedesktop.systemd1' requested by ':1.4' (uid=1000 pid=2111392 comm="/usr/bin/dbus-broker-launch --config-file=/usr/sha")
dbus-daemon[2111247]: [session uid=1000 pid=2111247 pidfd=4] Activated service 'org.freedesktop.systemd1' failed: Process org.freedesktop.systemd1 exited with status 1
{"trial": "m-a1-r18-fill-C", "outcome": "verified", "oracle_exact_match": true, "completion_mutations": 1, "routes": ["compiled"], "loadavg_before": "1.65 2.52 3.68 3/2314 2117250"}
dbus-daemon[2111247]: [session uid=1000 pid=2111247 pidfd=4] Activating service name='org.freedesktop.systemd1' requested by ':1.4' (uid=1000 pid=2111392 comm="/usr/bin/dbus-broker-launch --config-file=/usr/sha")
dbus-daemon[2111247]: [session uid=1000 pid=2111247 pidfd=4] Activated service 'org.freedesktop.systemd1' failed: Process org.freedesktop.systemd1 exited with status 1
[2m2026-10-03T09:37:11.307742Z[0m [33m WARN[0m [2mcua_driver_sdk::runtime[0m[2m:[0m could not activate the persistent AT-SPI listener: AT-SPI connect failed: ZBus Error: MethodError(OwnedErrorName("org.freedesktop.DBus.Error.NameHasNoOwner"), Some("Could not activate remote peer 'org.a11y.atspi.Registry': unit failed"), Msg { type: Error, serial: 4294967295, sender: UniqueName("org.freedesktop.DBus"), reply-serial: 9, body: Str, fds: [] })
[2m2026-10-03T09:37:11.314339Z[0m [33m WARN[0m [2mplatform_linux::overlay[0m[2m:[0m X11 overlay: root reads cannot see this window's own pixels; save-unders will be served without readback confirmation
dbus-daemon[2111247]: [session uid=1000 pid=2111247 pidfd=4] Activating service name='org.freedesktop.systemd1' requested by ':1.4' (uid=1000 pid=2111392 comm="/usr/bin/dbus-broker-launch --config-file=/usr/sha")
dbus-daemon[2111247]: [session uid=1000 pid=2111247 pidfd=4] Activated service 'org.freedesktop.systemd1' failed: Process org.freedesktop.systemd1 exited with status 1
dbus-daemon[2111247]: [session uid=1000 pid=2111247 pidfd=4] Activating service name='org.freedesktop.systemd1' requested by ':1.4' (uid=1000 pid=2111392 comm="/usr/bin/dbus-broker-launch --config-file=/usr/sha")
dbus-daemon[2111247]: [session uid=1000 pid=2111247 pidfd=4] Activated service 'org.freedesktop.systemd1' failed: Process org.freedesktop.systemd1 exited with status 1
{"trial": "m-a1-r18-toggle-P", "outcome": "verified", "oracle_exact_match": true, "completion_mutations": 1, "routes": ["provider", "provider"], "loadavg_before": "1.60 2.49 3.67 1/2325 2117571"}
dbus-daemon[2111247]: [session uid=1000 pid=2111247 pidfd=4] Activating service name='org.freedesktop.systemd1' requested by ':1.4' (uid=1000 pid=2111392 comm="/usr/bin/dbus-broker-launch --config-file=/usr/sha")
dbus-daemon[2111247]: [session uid=1000 pid=2111247 pidfd=4] Activated service 'org.freedesktop.systemd1' failed: Process org.freedesktop.systemd1 exited with status 1
[2m2026-10-03T09:37:12.437090Z[0m [33m WARN[0m [2mcua_driver_sdk::runtime[0m[2m:[0m could not activate the persistent AT-SPI listener: AT-SPI connect failed: ZBus Error: MethodError(OwnedErrorName("org.freedesktop.DBus.Error.NameHasNoOwner"), Some("Could not activate remote peer 'org.a11y.atspi.Registry': unit failed"), Msg { type: Error, serial: 4294967295, sender: UniqueName("org.freedesktop.DBus"), reply-serial: 9, body: Str, fds: [] })
[2m2026-10-03T09:37:12.444750Z[0m [33m WARN[0m [2mplatform_linux::overlay[0m[2m:[0m X11 overlay: root reads cannot see this window's own pixels; save-unders will be served without readback confirmation
dbus-daemon[2111247]: [session uid=1000 pid=2111247 pidfd=4] Activating service name='org.freedesktop.systemd1' requested by ':1.4' (uid=1000 pid=2111392 comm="/usr/bin/dbus-broker-launch --config-file=/usr/sha")
dbus-daemon[2111247]: [session uid=1000 pid=2111247 pidfd=4] Activated service 'org.freedesktop.systemd1' failed: Process org.freedesktop.systemd1 exited with status 1
dbus-daemon[2111247]: [session uid=1000 pid=2111247 pidfd=4] Activating service name='org.freedesktop.systemd1' requested by ':1.4' (uid=1000 pid=2111392 comm="/usr/bin/dbus-broker-launch --config-file=/usr/sha")
dbus-daemon[2111247]: [session uid=1000 pid=2111247 pidfd=4] Activated service 'org.freedesktop.systemd1' failed: Process org.freedesktop.systemd1 exited with status 1
{"trial": "m-a1-r18-toggle-C", "outcome": "verified", "oracle_exact_match": true, "completion_mutations": 1, "routes": ["provider", "provider"], "loadavg_before": "1.60 2.49 3.67 3/2329 2117838"}
dbus-daemon[2111247]: [session uid=1000 pid=2111247 pidfd=4] Activating service name='org.freedesktop.systemd1' requested by ':1.4' (uid=1000 pid=2111392 comm="/usr/bin/dbus-broker-launch --config-file=/usr/sha")
dbus-daemon[2111247]: [session uid=1000 pid=2111247 pidfd=4] Activated service 'org.freedesktop.systemd1' failed: Process org.freedesktop.systemd1 exited with status 1
[2m2026-10-03T09:37:13.539749Z[0m [33m WARN[0m [2mcua_driver_sdk::runtime[0m[2m:[0m could not activate the persistent AT-SPI listener: AT-SPI connect failed: ZBus Error: MethodError(OwnedErrorName("org.freedesktop.DBus.Error.NameHasNoOwner"), Some("Could not activate remote peer 'org.a11y.atspi.Registry': unit failed"), Msg { type: Error, serial: 4294967295, sender: UniqueName("org.freedesktop.DBus"), reply-serial: 9, body: Str, fds: [] })
[2m2026-10-03T09:37:13.546237Z[0m [33m WARN[0m [2mplatform_linux::overlay[0m[2m:[0m X11 overlay: root reads cannot see this window's own pixels; save-unders will be served without readback confirmation
dbus-daemon[2111247]: [session uid=1000 pid=2111247 pidfd=4] Activating service name='org.freedesktop.systemd1' requested by ':1.4' (uid=1000 pid=2111392 comm="/usr/bin/dbus-broker-launch --config-file=/usr/sha")
dbus-daemon[2111247]: [session uid=1000 pid=2111247 pidfd=4] Activated service 'org.freedesktop.systemd1' failed: Process org.freedesktop.systemd1 exited with status 1
dbus-daemon[2111247]: [session uid=1000 pid=2111247 pidfd=4] Activating service name='org.freedesktop.systemd1' requested by ':1.4' (uid=1000 pid=2111392 comm="/usr/bin/dbus-broker-launch --config-file=/usr/sha")
dbus-daemon[2111247]: [session uid=1000 pid=2111247 pidfd=4] Activated service 'org.freedesktop.systemd1' failed: Process org.freedesktop.systemd1 exited with status 1
{"trial": "m-a1-r18-toggle-Wb", "outcome": "verified", "oracle_exact_match": true, "completion_mutations": 1, "routes": ["provider", "provider"], "loadavg_before": "1.60 2.49 3.67 1/2326 2118120"}
dbus-daemon[2111247]: [session uid=1000 pid=2111247 pidfd=4] Activating service name='org.freedesktop.systemd1' requested by ':1.4' (uid=1000 pid=2111392 comm="/usr/bin/dbus-broker-launch --config-file=/usr/sha")
dbus-daemon[2111247]: [session uid=1000 pid=2111247 pidfd=4] Activated service 'org.freedesktop.systemd1' failed: Process org.freedesktop.systemd1 exited with status 1
[2m2026-10-03T09:37:14.650223Z[0m [33m WARN[0m [2mcua_driver_sdk::runtime[0m[2m:[0m could not activate the persistent AT-SPI listener: AT-SPI connect failed: ZBus Error: MethodError(OwnedErrorName("org.freedesktop.DBus.Error.NameHasNoOwner"), Some("Could not activate remote peer 'org.a11y.atspi.Registry': unit failed"), Msg { type: Error, serial: 4294967295, sender: UniqueName("org.freedesktop.DBus"), reply-serial: 9, body: Str, fds: [] })
[2m2026-10-03T09:37:14.656945Z[0m [33m WARN[0m [2mplatform_linux::overlay[0m[2m:[0m X11 overlay: root reads cannot see this window's own pixels; save-unders will be served without readback confirmation
dbus-daemon[2111247]: [session uid=1000 pid=2111247 pidfd=4] Activating service name='org.freedesktop.systemd1' requested by ':1.4' (uid=1000 pid=2111392 comm="/usr/bin/dbus-broker-launch --config-file=/usr/sha")
dbus-daemon[2111247]: [session uid=1000 pid=2111247 pidfd=4] Activated service 'org.freedesktop.systemd1' failed: Process org.freedesktop.systemd1 exited with status 1
dbus-daemon[2111247]: [session uid=1000 pid=2111247 pidfd=4] Activating service name='org.freedesktop.systemd1' requested by ':1.4' (uid=1000 pid=2111392 comm="/usr/bin/dbus-broker-launch --config-file=/usr/sha")
dbus-daemon[2111247]: [session uid=1000 pid=2111247 pidfd=4] Activated service 'org.freedesktop.systemd1' failed: Process org.freedesktop.systemd1 exited with status 1
{"trial": "m-a1-r18-toggle-Wa", "outcome": "verified", "oracle_exact_match": true, "completion_mutations": 1, "routes": ["provider", "provider"], "loadavg_before": "1.60 2.49 3.67 1/2325 2118387"}
dbus-daemon[2111247]: [session uid=1000 pid=2111247 pidfd=4] Activating service name='org.freedesktop.systemd1' requested by ':1.4' (uid=1000 pid=2111392 comm="/usr/bin/dbus-broker-launch --config-file=/usr/sha")
dbus-daemon[2111247]: [session uid=1000 pid=2111247 pidfd=4] Activated service 'org.freedesktop.systemd1' failed: Process org.freedesktop.systemd1 exited with status 1
[2m2026-10-03T09:37:15.780250Z[0m [33m WARN[0m [2mcua_driver_sdk::runtime[0m[2m:[0m could not activate the persistent AT-SPI listener: AT-SPI connect failed: ZBus Error: MethodError(OwnedErrorName("org.freedesktop.DBus.Error.NameHasNoOwner"), Some("Could not activate remote peer 'org.a11y.atspi.Registry': unit failed"), Msg { type: Error, serial: 4294967295, sender: UniqueName("org.freedesktop.DBus"), reply-serial: 9, body: Str, fds: [] })
[2m2026-10-03T09:37:15.786787Z[0m [33m WARN[0m [2mplatform_linux::overlay[0m[2m:[0m X11 overlay: root reads cannot see this window's own pixels; save-unders will be served without readback confirmation
dbus-daemon[2111247]: [session uid=1000 pid=2111247 pidfd=4] Activating service name='org.freedesktop.systemd1' requested by ':1.4' (uid=1000 pid=2111392 comm="/usr/bin/dbus-broker-launch --config-file=/usr/sha")
dbus-daemon[2111247]: [session uid=1000 pid=2111247 pidfd=4] Activated service 'org.freedesktop.systemd1' failed: Process org.freedesktop.systemd1 exited with status 1
dbus-daemon[2111247]: [session uid=1000 pid=2111247 pidfd=4] Activating service name='org.freedesktop.systemd1' requested by ':1.4' (uid=1000 pid=2111392 comm="/usr/bin/dbus-broker-launch --config-file=/usr/sha")
dbus-daemon[2111247]: [session uid=1000 pid=2111247 pidfd=4] Activated service 'org.freedesktop.systemd1' failed: Process org.freedesktop.systemd1 exited with status 1
{"trial": "m-a1-r19-toggle-C", "outcome": "verified", "oracle_exact_match": true, "completion_mutations": 1, "routes": ["provider", "provider"], "loadavg_before": "1.60 2.49 3.67 1/2327 2118690"}
dbus-daemon[2111247]: [session uid=1000 pid=2111247 pidfd=4] Activating service name='org.freedesktop.systemd1' requested by ':1.4' (uid=1000 pid=2111392 comm="/usr/bin/dbus-broker-launch --config-file=/usr/sha")
dbus-daemon[2111247]: [session uid=1000 pid=2111247 pidfd=4] Activated service 'org.freedesktop.systemd1' failed: Process org.freedesktop.systemd1 exited with status 1
[2m2026-10-03T09:37:16.878859Z[0m [33m WARN[0m [2mcua_driver_sdk::runtime[0m[2m:[0m could not activate the persistent AT-SPI listener: AT-SPI connect failed: ZBus Error: MethodError(OwnedErrorName("org.freedesktop.DBus.Error.NameHasNoOwner"), Some("Could not activate remote peer 'org.a11y.atspi.Registry': unit failed"), Msg { type: Error, serial: 4294967295, sender: UniqueName("org.freedesktop.DBus"), reply-serial: 9, body: Str, fds: [] })
[2m2026-10-03T09:37:16.885138Z[0m [33m WARN[0m [2mplatform_linux::overlay[0m[2m:[0m X11 overlay: root reads cannot see this window's own pixels; save-unders will be served without readback confirmation
dbus-daemon[2111247]: [session uid=1000 pid=2111247 pidfd=4] Activating service name='org.freedesktop.systemd1' requested by ':1.4' (uid=1000 pid=2111392 comm="/usr/bin/dbus-broker-launch --config-file=/usr/sha")
dbus-daemon[2111247]: [session uid=1000 pid=2111247 pidfd=4] Activated service 'org.freedesktop.systemd1' failed: Process org.freedesktop.systemd1 exited with status 1
dbus-daemon[2111247]: [session uid=1000 pid=2111247 pidfd=4] Activating service name='org.freedesktop.systemd1' requested by ':1.4' (uid=1000 pid=2111392 comm="/usr/bin/dbus-broker-launch --config-file=/usr/sha")
dbus-daemon[2111247]: [session uid=1000 pid=2111247 pidfd=4] Activated service 'org.freedesktop.systemd1' failed: Process org.freedesktop.systemd1 exited with status 1
{"trial": "m-a1-r19-toggle-Wa", "outcome": "verified", "oracle_exact_match": true, "completion_mutations": 1, "routes": ["provider", "provider"], "loadavg_before": "1.63 2.48 3.66 1/2327 2118948"}
dbus-daemon[2111247]: [session uid=1000 pid=2111247 pidfd=4] Activating service name='org.freedesktop.systemd1' requested by ':1.4' (uid=1000 pid=2111392 comm="/usr/bin/dbus-broker-launch --config-file=/usr/sha")
dbus-daemon[2111247]: [session uid=1000 pid=2111247 pidfd=4] Activated service 'org.freedesktop.systemd1' failed: Process org.freedesktop.systemd1 exited with status 1
[2m2026-10-03T09:37:18.019457Z[0m [33m WARN[0m [2mcua_driver_sdk::runtime[0m[2m:[0m could not activate the persistent AT-SPI listener: AT-SPI connect failed: ZBus Error: MethodError(OwnedErrorName("org.freedesktop.DBus.Error.NameHasNoOwner"), Some("Could not activate remote peer 'org.a11y.atspi.Registry': unit failed"), Msg { type: Error, serial: 4294967295, sender: UniqueName("org.freedesktop.DBus"), reply-serial: 9, body: Str, fds: [] })
[2m2026-10-03T09:37:18.026647Z[0m [33m WARN[0m [2mplatform_linux::overlay[0m[2m:[0m X11 overlay: root reads cannot see this window's own pixels; save-unders will be served without readback confirmation
dbus-daemon[2111247]: [session uid=1000 pid=2111247 pidfd=4] Activating service name='org.freedesktop.systemd1' requested by ':1.4' (uid=1000 pid=2111392 comm="/usr/bin/dbus-broker-launch --config-file=/usr/sha")
dbus-daemon[2111247]: [session uid=1000 pid=2111247 pidfd=4] Activated service 'org.freedesktop.systemd1' failed: Process org.freedesktop.systemd1 exited with status 1
dbus-daemon[2111247]: [session uid=1000 pid=2111247 pidfd=4] Activating service name='org.freedesktop.systemd1' requested by ':1.4' (uid=1000 pid=2111392 comm="/usr/bin/dbus-broker-launch --config-file=/usr/sha")
dbus-daemon[2111247]: [session uid=1000 pid=2111247 pidfd=4] Activated service 'org.freedesktop.systemd1' failed: Process org.freedesktop.systemd1 exited with status 1
{"trial": "m-a1-r19-toggle-P", "outcome": "verified", "oracle_exact_match": true, "completion_mutations": 1, "routes": ["provider", "provider"], "loadavg_before": "1.63 2.48 3.66 3/2327 2119229"}
dbus-daemon[2111247]: [session uid=1000 pid=2111247 pidfd=4] Activating service name='org.freedesktop.systemd1' requested by ':1.4' (uid=1000 pid=2111392 comm="/usr/bin/dbus-broker-launch --config-file=/usr/sha")
dbus-daemon[2111247]: [session uid=1000 pid=2111247 pidfd=4] Activated service 'org.freedesktop.systemd1' failed: Process org.freedesktop.systemd1 exited with status 1
[2m2026-10-03T09:37:19.159538Z[0m [33m WARN[0m [2mcua_driver_sdk::runtime[0m[2m:[0m could not activate the persistent AT-SPI listener: AT-SPI connect failed: ZBus Error: MethodError(OwnedErrorName("org.freedesktop.DBus.Error.NameHasNoOwner"), Some("Could not activate remote peer 'org.a11y.atspi.Registry': unit failed"), Msg { type: Error, serial: 4294967295, sender: UniqueName("org.freedesktop.DBus"), reply-serial: 9, body: Str, fds: [] })
[2m2026-10-03T09:37:19.165895Z[0m [33m WARN[0m [2mplatform_linux::overlay[0m[2m:[0m X11 overlay: root reads cannot see this window's own pixels; save-unders will be served without readback confirmation
dbus-daemon[2111247]: [session uid=1000 pid=2111247 pidfd=4] Activating service name='org.freedesktop.systemd1' requested by ':1.4' (uid=1000 pid=2111392 comm="/usr/bin/dbus-broker-launch --config-file=/usr/sha")
dbus-daemon[2111247]: [session uid=1000 pid=2111247 pidfd=4] Activated service 'org.freedesktop.systemd1' failed: Process org.freedesktop.systemd1 exited with status 1
dbus-daemon[2111247]: [session uid=1000 pid=2111247 pidfd=4] Activating service name='org.freedesktop.systemd1' requested by ':1.4' (uid=1000 pid=2111392 comm="/usr/bin/dbus-broker-launch --config-file=/usr/sha")
dbus-daemon[2111247]: [session uid=1000 pid=2111247 pidfd=4] Activated service 'org.freedesktop.systemd1' failed: Process org.freedesktop.systemd1 exited with status 1
{"trial": "m-a1-r19-toggle-Wb", "outcome": "verified", "oracle_exact_match": true, "completion_mutations": 1, "routes": ["provider", "provider"], "loadavg_before": "1.63 2.48 3.66 2/2320 2119507"}
dbus-daemon[2111247]: [session uid=1000 pid=2111247 pidfd=4] Activating service name='org.freedesktop.systemd1' requested by ':1.4' (uid=1000 pid=2111392 comm="/usr/bin/dbus-broker-launch --config-file=/usr/sha")
dbus-daemon[2111247]: [session uid=1000 pid=2111247 pidfd=4] Activated service 'org.freedesktop.systemd1' failed: Process org.freedesktop.systemd1 exited with status 1
[2m2026-10-03T09:37:20.278961Z[0m [33m WARN[0m [2mcua_driver_sdk::runtime[0m[2m:[0m could not activate the persistent AT-SPI listener: AT-SPI connect failed: ZBus Error: MethodError(OwnedErrorName("org.freedesktop.DBus.Error.NameHasNoOwner"), Some("Could not activate remote peer 'org.a11y.atspi.Registry': unit failed"), Msg { type: Error, serial: 4294967295, sender: UniqueName("org.freedesktop.DBus"), reply-serial: 9, body: Str, fds: [] })
[2m2026-10-03T09:37:20.285403Z[0m [33m WARN[0m [2mplatform_linux::overlay[0m[2m:[0m X11 overlay: root reads cannot see this window's own pixels; save-unders will be served without readback confirmation
dbus-daemon[2111247]: [session uid=1000 pid=2111247 pidfd=4] Activating service name='org.freedesktop.systemd1' requested by ':1.4' (uid=1000 pid=2111392 comm="/usr/bin/dbus-broker-launch --config-file=/usr/sha")
dbus-daemon[2111247]: [session uid=1000 pid=2111247 pidfd=4] Activated service 'org.freedesktop.systemd1' failed: Process org.freedesktop.systemd1 exited with status 1
dbus-daemon[2111247]: [session uid=1000 pid=2111247 pidfd=4] Activating service name='org.freedesktop.systemd1' requested by ':1.4' (uid=1000 pid=2111392 comm="/usr/bin/dbus-broker-launch --config-file=/usr/sha")
dbus-daemon[2111247]: [session uid=1000 pid=2111247 pidfd=4] Activated service 'org.freedesktop.systemd1' failed: Process org.freedesktop.systemd1 exited with status 1
{"trial": "m-a1-r19-fill-P", "outcome": "verified", "oracle_exact_match": true, "completion_mutations": 1, "routes": ["compiled"], "loadavg_before": "1.63 2.48 3.66 1/2305 2119802"}
dbus-daemon[2111247]: [session uid=1000 pid=2111247 pidfd=4] Activating service name='org.freedesktop.systemd1' requested by ':1.4' (uid=1000 pid=2111392 comm="/usr/bin/dbus-broker-launch --config-file=/usr/sha")
dbus-daemon[2111247]: [session uid=1000 pid=2111247 pidfd=4] Activated service 'org.freedesktop.systemd1' failed: Process org.freedesktop.systemd1 exited with status 1
[2m2026-10-03T09:37:21.779251Z[0m [33m WARN[0m [2mcua_driver_sdk::runtime[0m[2m:[0m could not activate the persistent AT-SPI listener: AT-SPI connect failed: ZBus Error: MethodError(OwnedErrorName("org.freedesktop.DBus.Error.NameHasNoOwner"), Some("Could not activate remote peer 'org.a11y.atspi.Registry': unit failed"), Msg { type: Error, serial: 4294967295, sender: UniqueName("org.freedesktop.DBus"), reply-serial: 9, body: Str, fds: [] })
[2m2026-10-03T09:37:21.785627Z[0m [33m WARN[0m [2mplatform_linux::overlay[0m[2m:[0m X11 overlay: root reads cannot see this window's own pixels; save-unders will be served without readback confirmation
dbus-daemon[2111247]: [session uid=1000 pid=2111247 pidfd=4] Activating service name='org.freedesktop.systemd1' requested by ':1.4' (uid=1000 pid=2111392 comm="/usr/bin/dbus-broker-launch --config-file=/usr/sha")
dbus-daemon[2111247]: [session uid=1000 pid=2111247 pidfd=4] Activated service 'org.freedesktop.systemd1' failed: Process org.freedesktop.systemd1 exited with status 1
dbus-daemon[2111247]: [session uid=1000 pid=2111247 pidfd=4] Activating service name='org.freedesktop.systemd1' requested by ':1.4' (uid=1000 pid=2111392 comm="/usr/bin/dbus-broker-launch --config-file=/usr/sha")
dbus-daemon[2111247]: [session uid=1000 pid=2111247 pidfd=4] Activated service 'org.freedesktop.systemd1' failed: Process org.freedesktop.systemd1 exited with status 1
{"trial": "m-a1-r19-fill-C", "outcome": "verified", "oracle_exact_match": true, "completion_mutations": 1, "routes": ["compiled"], "loadavg_before": "1.66 2.48 3.65 1/2297 2120084"}
dbus-daemon[2111247]: [session uid=1000 pid=2111247 pidfd=4] Activating service name='org.freedesktop.systemd1' requested by ':1.4' (uid=1000 pid=2111392 comm="/usr/bin/dbus-broker-launch --config-file=/usr/sha")
dbus-daemon[2111247]: [session uid=1000 pid=2111247 pidfd=4] Activated service 'org.freedesktop.systemd1' failed: Process org.freedesktop.systemd1 exited with status 1
[2m2026-10-03T09:37:23.279616Z[0m [33m WARN[0m [2mcua_driver_sdk::runtime[0m[2m:[0m could not activate the persistent AT-SPI listener: AT-SPI connect failed: ZBus Error: MethodError(OwnedErrorName("org.freedesktop.DBus.Error.NameHasNoOwner"), Some("Could not activate remote peer 'org.a11y.atspi.Registry': unit failed"), Msg { type: Error, serial: 4294967295, sender: UniqueName("org.freedesktop.DBus"), reply-serial: 9, body: Str, fds: [] })
[2m2026-10-03T09:37:23.286129Z[0m [33m WARN[0m [2mplatform_linux::overlay[0m[2m:[0m X11 overlay: root reads cannot see this window's own pixels; save-unders will be served without readback confirmation
dbus-daemon[2111247]: [session uid=1000 pid=2111247 pidfd=4] Activating service name='org.freedesktop.systemd1' requested by ':1.4' (uid=1000 pid=2111392 comm="/usr/bin/dbus-broker-launch --config-file=/usr/sha")
dbus-daemon[2111247]: [session uid=1000 pid=2111247 pidfd=4] Activated service 'org.freedesktop.systemd1' failed: Process org.freedesktop.systemd1 exited with status 1
dbus-daemon[2111247]: [session uid=1000 pid=2111247 pidfd=4] Activating service name='org.freedesktop.systemd1' requested by ':1.4' (uid=1000 pid=2111392 comm="/usr/bin/dbus-broker-launch --config-file=/usr/sha")
dbus-daemon[2111247]: [session uid=1000 pid=2111247 pidfd=4] Activated service 'org.freedesktop.systemd1' failed: Process org.freedesktop.systemd1 exited with status 1
{"trial": "m-a1-r19-fill-Wb", "outcome": "verified", "oracle_exact_match": true, "completion_mutations": 1, "routes": ["compiled"], "loadavg_before": "1.66 2.48 3.65 1/2297 2120362"}
dbus-daemon[2111247]: [session uid=1000 pid=2111247 pidfd=4] Activating service name='org.freedesktop.systemd1' requested by ':1.4' (uid=1000 pid=2111392 comm="/usr/bin/dbus-broker-launch --config-file=/usr/sha")
dbus-daemon[2111247]: [session uid=1000 pid=2111247 pidfd=4] Activated service 'org.freedesktop.systemd1' failed: Process org.freedesktop.systemd1 exited with status 1
[2m2026-10-03T09:37:24.781037Z[0m [33m WARN[0m [2mcua_driver_sdk::runtime[0m[2m:[0m could not activate the persistent AT-SPI listener: AT-SPI connect failed: ZBus Error: MethodError(OwnedErrorName("org.freedesktop.DBus.Error.NameHasNoOwner"), Some("Could not activate remote peer 'org.a11y.atspi.Registry': unit failed"), Msg { type: Error, serial: 4294967295, sender: UniqueName("org.freedesktop.DBus"), reply-serial: 9, body: Str, fds: [] })
[2m2026-10-03T09:37:24.787518Z[0m [33m WARN[0m [2mplatform_linux::overlay[0m[2m:[0m X11 overlay: root reads cannot see this window's own pixels; save-unders will be served without readback confirmation
dbus-daemon[2111247]: [session uid=1000 pid=2111247 pidfd=4] Activating service name='org.freedesktop.systemd1' requested by ':1.4' (uid=1000 pid=2111392 comm="/usr/bin/dbus-broker-launch --config-file=/usr/sha")
dbus-daemon[2111247]: [session uid=1000 pid=2111247 pidfd=4] Activated service 'org.freedesktop.systemd1' failed: Process org.freedesktop.systemd1 exited with status 1
dbus-daemon[2111247]: [session uid=1000 pid=2111247 pidfd=4] Activating service name='org.freedesktop.systemd1' requested by ':1.4' (uid=1000 pid=2111392 comm="/usr/bin/dbus-broker-launch --config-file=/usr/sha")
dbus-daemon[2111247]: [session uid=1000 pid=2111247 pidfd=4] Activated service 'org.freedesktop.systemd1' failed: Process org.freedesktop.systemd1 exited with status 1
{"trial": "m-a1-r19-fill-Wa", "outcome": "verified", "oracle_exact_match": true, "completion_mutations": 1, "routes": ["compiled"], "loadavg_before": "1.66 2.48 3.65 1/2298 2120661"}
dbus-daemon[2111247]: [session uid=1000 pid=2111247 pidfd=4] Activating service name='org.freedesktop.systemd1' requested by ':1.4' (uid=1000 pid=2111392 comm="/usr/bin/dbus-broker-launch --config-file=/usr/sha")
dbus-daemon[2111247]: [session uid=1000 pid=2111247 pidfd=4] Activated service 'org.freedesktop.systemd1' failed: Process org.freedesktop.systemd1 exited with status 1
[2m2026-10-03T09:37:26.281115Z[0m [33m WARN[0m [2mcua_driver_sdk::runtime[0m[2m:[0m could not activate the persistent AT-SPI listener: AT-SPI connect failed: ZBus Error: MethodError(OwnedErrorName("org.freedesktop.DBus.Error.NameHasNoOwner"), Some("Could not activate remote peer 'org.a11y.atspi.Registry': unit failed"), Msg { type: Error, serial: 4294967295, sender: UniqueName("org.freedesktop.DBus"), reply-serial: 9, body: Str, fds: [] })
[2m2026-10-03T09:37:26.287791Z[0m [33m WARN[0m [2mplatform_linux::overlay[0m[2m:[0m X11 overlay: root reads cannot see this window's own pixels; save-unders will be served without readback confirmation
dbus-daemon[2111247]: [session uid=1000 pid=2111247 pidfd=4] Activating service name='org.freedesktop.systemd1' requested by ':1.4' (uid=1000 pid=2111392 comm="/usr/bin/dbus-broker-launch --config-file=/usr/sha")
dbus-daemon[2111247]: [session uid=1000 pid=2111247 pidfd=4] Activated service 'org.freedesktop.systemd1' failed: Process org.freedesktop.systemd1 exited with status 1
dbus-daemon[2111247]: [session uid=1000 pid=2111247 pidfd=4] Activating service name='org.freedesktop.systemd1' requested by ':1.4' (uid=1000 pid=2111392 comm="/usr/bin/dbus-broker-launch --config-file=/usr/sha")
dbus-daemon[2111247]: [session uid=1000 pid=2111247 pidfd=4] Activated service 'org.freedesktop.systemd1' failed: Process org.freedesktop.systemd1 exited with status 1
{"trial": "m-a1-r20-fill-C", "outcome": "verified", "oracle_exact_match": true, "completion_mutations": 1, "routes": ["compiled"], "loadavg_before": "1.61 2.45 3.63 2/2298 2120962"}
dbus-daemon[2111247]: [session uid=1000 pid=2111247 pidfd=4] Activating service name='org.freedesktop.systemd1' requested by ':1.4' (uid=1000 pid=2111392 comm="/usr/bin/dbus-broker-launch --config-file=/usr/sha")
dbus-daemon[2111247]: [session uid=1000 pid=2111247 pidfd=4] Activated service 'org.freedesktop.systemd1' failed: Process org.freedesktop.systemd1 exited with status 1
[2m2026-10-03T09:37:27.781929Z[0m [33m WARN[0m [2mcua_driver_sdk::runtime[0m[2m:[0m could not activate the persistent AT-SPI listener: AT-SPI connect failed: ZBus Error: MethodError(OwnedErrorName("org.freedesktop.DBus.Error.NameHasNoOwner"), Some("Could not activate remote peer 'org.a11y.atspi.Registry': unit failed"), Msg { type: Error, serial: 4294967295, sender: UniqueName("org.freedesktop.DBus"), reply-serial: 9, body: Str, fds: [] })
[2m2026-10-03T09:37:27.788150Z[0m [33m WARN[0m [2mplatform_linux::overlay[0m[2m:[0m X11 overlay: root reads cannot see this window's own pixels; save-unders will be served without readback confirmation
dbus-daemon[2111247]: [session uid=1000 pid=2111247 pidfd=4] Activating service name='org.freedesktop.systemd1' requested by ':1.4' (uid=1000 pid=2111392 comm="/usr/bin/dbus-broker-launch --config-file=/usr/sha")
dbus-daemon[2111247]: [session uid=1000 pid=2111247 pidfd=4] Activated service 'org.freedesktop.systemd1' failed: Process org.freedesktop.systemd1 exited with status 1
dbus-daemon[2111247]: [session uid=1000 pid=2111247 pidfd=4] Activating service name='org.freedesktop.systemd1' requested by ':1.4' (uid=1000 pid=2111392 comm="/usr/bin/dbus-broker-launch --config-file=/usr/sha")
dbus-daemon[2111247]: [session uid=1000 pid=2111247 pidfd=4] Activated service 'org.freedesktop.systemd1' failed: Process org.freedesktop.systemd1 exited with status 1
{"trial": "m-a1-r20-fill-Wa", "outcome": "verified", "oracle_exact_match": true, "completion_mutations": 1, "routes": ["compiled"], "loadavg_before": "1.61 2.45 3.63 1/2298 2121255"}
dbus-daemon[2111247]: [session uid=1000 pid=2111247 pidfd=4] Activating service name='org.freedesktop.systemd1' requested by ':1.4' (uid=1000 pid=2111392 comm="/usr/bin/dbus-broker-launch --config-file=/usr/sha")
dbus-daemon[2111247]: [session uid=1000 pid=2111247 pidfd=4] Activated service 'org.freedesktop.systemd1' failed: Process org.freedesktop.systemd1 exited with status 1
[2m2026-10-03T09:37:29.282787Z[0m [33m WARN[0m [2mcua_driver_sdk::runtime[0m[2m:[0m could not activate the persistent AT-SPI listener: AT-SPI connect failed: ZBus Error: MethodError(OwnedErrorName("org.freedesktop.DBus.Error.NameHasNoOwner"), Some("Could not activate remote peer 'org.a11y.atspi.Registry': unit failed"), Msg { type: Error, serial: 4294967295, sender: UniqueName("org.freedesktop.DBus"), reply-serial: 9, body: Str, fds: [] })
[2m2026-10-03T09:37:29.289123Z[0m [33m WARN[0m [2mplatform_linux::overlay[0m[2m:[0m X11 overlay: root reads cannot see this window's own pixels; save-unders will be served without readback confirmation
dbus-daemon[2111247]: [session uid=1000 pid=2111247 pidfd=4] Activating service name='org.freedesktop.systemd1' requested by ':1.4' (uid=1000 pid=2111392 comm="/usr/bin/dbus-broker-launch --config-file=/usr/sha")
dbus-daemon[2111247]: [session uid=1000 pid=2111247 pidfd=4] Activated service 'org.freedesktop.systemd1' failed: Process org.freedesktop.systemd1 exited with status 1
dbus-daemon[2111247]: [session uid=1000 pid=2111247 pidfd=4] Activating service name='org.freedesktop.systemd1' requested by ':1.4' (uid=1000 pid=2111392 comm="/usr/bin/dbus-broker-launch --config-file=/usr/sha")
dbus-daemon[2111247]: [session uid=1000 pid=2111247 pidfd=4] Activated service 'org.freedesktop.systemd1' failed: Process org.freedesktop.systemd1 exited with status 1
{"trial": "m-a1-r20-fill-P", "outcome": "verified", "oracle_exact_match": true, "completion_mutations": 1, "routes": ["compiled"], "loadavg_before": "1.61 2.45 3.63 1/2296 2121525"}
dbus-daemon[2111247]: [session uid=1000 pid=2111247 pidfd=4] Activating service name='org.freedesktop.systemd1' requested by ':1.4' (uid=1000 pid=2111392 comm="/usr/bin/dbus-broker-launch --config-file=/usr/sha")
dbus-daemon[2111247]: [session uid=1000 pid=2111247 pidfd=4] Activated service 'org.freedesktop.systemd1' failed: Process org.freedesktop.systemd1 exited with status 1
[2m2026-10-03T09:37:30.783113Z[0m [33m WARN[0m [2mcua_driver_sdk::runtime[0m[2m:[0m could not activate the persistent AT-SPI listener: AT-SPI connect failed: ZBus Error: MethodError(OwnedErrorName("org.freedesktop.DBus.Error.NameHasNoOwner"), Some("Could not activate remote peer 'org.a11y.atspi.Registry': unit failed"), Msg { type: Error, serial: 4294967295, sender: UniqueName("org.freedesktop.DBus"), reply-serial: 9, body: Str, fds: [] })
[2m2026-10-03T09:37:30.789464Z[0m [33m WARN[0m [2mplatform_linux::overlay[0m[2m:[0m X11 overlay: root reads cannot see this window's own pixels; save-unders will be served without readback confirmation
dbus-daemon[2111247]: [session uid=1000 pid=2111247 pidfd=4] Activating service name='org.freedesktop.systemd1' requested by ':1.4' (uid=1000 pid=2111392 comm="/usr/bin/dbus-broker-launch --config-file=/usr/sha")
dbus-daemon[2111247]: [session uid=1000 pid=2111247 pidfd=4] Activated service 'org.freedesktop.systemd1' failed: Process org.freedesktop.systemd1 exited with status 1
dbus-daemon[2111247]: [session uid=1000 pid=2111247 pidfd=4] Activating service name='org.freedesktop.systemd1' requested by ':1.4' (uid=1000 pid=2111392 comm="/usr/bin/dbus-broker-launch --config-file=/usr/sha")
dbus-daemon[2111247]: [session uid=1000 pid=2111247 pidfd=4] Activated service 'org.freedesktop.systemd1' failed: Process org.freedesktop.systemd1 exited with status 1
{"trial": "m-a1-r20-fill-Wb", "outcome": "verified", "oracle_exact_match": true, "completion_mutations": 1, "routes": ["compiled"], "loadavg_before": "1.61 2.45 3.63 1/2289 2121872"}
dbus-daemon[2111247]: [session uid=1000 pid=2111247 pidfd=4] Activating service name='org.freedesktop.systemd1' requested by ':1.4' (uid=1000 pid=2111392 comm="/usr/bin/dbus-broker-launch --config-file=/usr/sha")
dbus-daemon[2111247]: [session uid=1000 pid=2111247 pidfd=4] Activated service 'org.freedesktop.systemd1' failed: Process org.freedesktop.systemd1 exited with status 1
[2m2026-10-03T09:37:32.284426Z[0m [33m WARN[0m [2mcua_driver_sdk::runtime[0m[2m:[0m could not activate the persistent AT-SPI listener: AT-SPI connect failed: ZBus Error: MethodError(OwnedErrorName("org.freedesktop.DBus.Error.NameHasNoOwner"), Some("Could not activate remote peer 'org.a11y.atspi.Registry': unit failed"), Msg { type: Error, serial: 4294967295, sender: UniqueName("org.freedesktop.DBus"), reply-serial: 9, body: Str, fds: [] })
[2m2026-10-03T09:37:32.291021Z[0m [33m WARN[0m [2mplatform_linux::overlay[0m[2m:[0m X11 overlay: root reads cannot see this window's own pixels; save-unders will be served without readback confirmation
dbus-daemon[2111247]: [session uid=1000 pid=2111247 pidfd=4] Activating service name='org.freedesktop.systemd1' requested by ':1.4' (uid=1000 pid=2111392 comm="/usr/bin/dbus-broker-launch --config-file=/usr/sha")
dbus-daemon[2111247]: [session uid=1000 pid=2111247 pidfd=4] Activated service 'org.freedesktop.systemd1' failed: Process org.freedesktop.systemd1 exited with status 1
dbus-daemon[2111247]: [session uid=1000 pid=2111247 pidfd=4] Activating service name='org.freedesktop.systemd1' requested by ':1.4' (uid=1000 pid=2111392 comm="/usr/bin/dbus-broker-launch --config-file=/usr/sha")
dbus-daemon[2111247]: [session uid=1000 pid=2111247 pidfd=4] Activated service 'org.freedesktop.systemd1' failed: Process org.freedesktop.systemd1 exited with status 1
{"trial": "m-a1-r20-toggle-Wa", "outcome": "verified", "oracle_exact_match": true, "completion_mutations": 1, "routes": ["provider", "provider"], "loadavg_before": "1.80 2.48 3.64 2/2291 2122197"}
dbus-daemon[2111247]: [session uid=1000 pid=2111247 pidfd=4] Activating service name='org.freedesktop.systemd1' requested by ':1.4' (uid=1000 pid=2111392 comm="/usr/bin/dbus-broker-launch --config-file=/usr/sha")
dbus-daemon[2111247]: [session uid=1000 pid=2111247 pidfd=4] Activated service 'org.freedesktop.systemd1' failed: Process org.freedesktop.systemd1 exited with status 1
[2m2026-10-03T09:37:33.421692Z[0m [33m WARN[0m [2mcua_driver_sdk::runtime[0m[2m:[0m could not activate the persistent AT-SPI listener: AT-SPI connect failed: ZBus Error: MethodError(OwnedErrorName("org.freedesktop.DBus.Error.NameHasNoOwner"), Some("Could not activate remote peer 'org.a11y.atspi.Registry': unit failed"), Msg { type: Error, serial: 4294967295, sender: UniqueName("org.freedesktop.DBus"), reply-serial: 9, body: Str, fds: [] })
[2m2026-10-03T09:37:33.428279Z[0m [33m WARN[0m [2mplatform_linux::overlay[0m[2m:[0m X11 overlay: root reads cannot see this window's own pixels; save-unders will be served without readback confirmation
dbus-daemon[2111247]: [session uid=1000 pid=2111247 pidfd=4] Activating service name='org.freedesktop.systemd1' requested by ':1.4' (uid=1000 pid=2111392 comm="/usr/bin/dbus-broker-launch --config-file=/usr/sha")
dbus-daemon[2111247]: [session uid=1000 pid=2111247 pidfd=4] Activated service 'org.freedesktop.systemd1' failed: Process org.freedesktop.systemd1 exited with status 1
dbus-daemon[2111247]: [session uid=1000 pid=2111247 pidfd=4] Activating service name='org.freedesktop.systemd1' requested by ':1.4' (uid=1000 pid=2111392 comm="/usr/bin/dbus-broker-launch --config-file=/usr/sha")
dbus-daemon[2111247]: [session uid=1000 pid=2111247 pidfd=4] Activated service 'org.freedesktop.systemd1' failed: Process org.freedesktop.systemd1 exited with status 1
{"trial": "m-a1-r20-toggle-Wb", "outcome": "verified", "oracle_exact_match": true, "completion_mutations": 1, "routes": ["provider", "provider"], "loadavg_before": "1.80 2.48 3.64 2/2289 2122470"}
dbus-daemon[2111247]: [session uid=1000 pid=2111247 pidfd=4] Activating service name='org.freedesktop.systemd1' requested by ':1.4' (uid=1000 pid=2111392 comm="/usr/bin/dbus-broker-launch --config-file=/usr/sha")
dbus-daemon[2111247]: [session uid=1000 pid=2111247 pidfd=4] Activated service 'org.freedesktop.systemd1' failed: Process org.freedesktop.systemd1 exited with status 1
[2m2026-10-03T09:37:34.538681Z[0m [33m WARN[0m [2mcua_driver_sdk::runtime[0m[2m:[0m could not activate the persistent AT-SPI listener: AT-SPI connect failed: ZBus Error: MethodError(OwnedErrorName("org.freedesktop.DBus.Error.NameHasNoOwner"), Some("Could not activate remote peer 'org.a11y.atspi.Registry': unit failed"), Msg { type: Error, serial: 4294967295, sender: UniqueName("org.freedesktop.DBus"), reply-serial: 9, body: Str, fds: [] })
[2m2026-10-03T09:37:34.545217Z[0m [33m WARN[0m [2mplatform_linux::overlay[0m[2m:[0m X11 overlay: root reads cannot see this window's own pixels; save-unders will be served without readback confirmation
dbus-daemon[2111247]: [session uid=1000 pid=2111247 pidfd=4] Activating service name='org.freedesktop.systemd1' requested by ':1.4' (uid=1000 pid=2111392 comm="/usr/bin/dbus-broker-launch --config-file=/usr/sha")
dbus-daemon[2111247]: [session uid=1000 pid=2111247 pidfd=4] Activated service 'org.freedesktop.systemd1' failed: Process org.freedesktop.systemd1 exited with status 1
dbus-daemon[2111247]: [session uid=1000 pid=2111247 pidfd=4] Activating service name='org.freedesktop.systemd1' requested by ':1.4' (uid=1000 pid=2111392 comm="/usr/bin/dbus-broker-launch --config-file=/usr/sha")
dbus-daemon[2111247]: [session uid=1000 pid=2111247 pidfd=4] Activated service 'org.freedesktop.systemd1' failed: Process org.freedesktop.systemd1 exited with status 1
{"trial": "m-a1-r20-toggle-C", "outcome": "verified", "oracle_exact_match": true, "completion_mutations": 1, "routes": ["provider", "provider"], "loadavg_before": "1.80 2.48 3.64 3/2292 2122751"}
dbus-daemon[2111247]: [session uid=1000 pid=2111247 pidfd=4] Activating service name='org.freedesktop.systemd1' requested by ':1.4' (uid=1000 pid=2111392 comm="/usr/bin/dbus-broker-launch --config-file=/usr/sha")
dbus-daemon[2111247]: [session uid=1000 pid=2111247 pidfd=4] Activated service 'org.freedesktop.systemd1' failed: Process org.freedesktop.systemd1 exited with status 1
[2m2026-10-03T09:37:35.647009Z[0m [33m WARN[0m [2mcua_driver_sdk::runtime[0m[2m:[0m could not activate the persistent AT-SPI listener: AT-SPI connect failed: ZBus Error: MethodError(OwnedErrorName("org.freedesktop.DBus.Error.NameHasNoOwner"), Some("Could not activate remote peer 'org.a11y.atspi.Registry': unit failed"), Msg { type: Error, serial: 4294967295, sender: UniqueName("org.freedesktop.DBus"), reply-serial: 9, body: Str, fds: [] })
[2m2026-10-03T09:37:35.653494Z[0m [33m WARN[0m [2mplatform_linux::overlay[0m[2m:[0m X11 overlay: root reads cannot see this window's own pixels; save-unders will be served without readback confirmation
dbus-daemon[2111247]: [session uid=1000 pid=2111247 pidfd=4] Activating service name='org.freedesktop.systemd1' requested by ':1.4' (uid=1000 pid=2111392 comm="/usr/bin/dbus-broker-launch --config-file=/usr/sha")
dbus-daemon[2111247]: [session uid=1000 pid=2111247 pidfd=4] Activated service 'org.freedesktop.systemd1' failed: Process org.freedesktop.systemd1 exited with status 1
dbus-daemon[2111247]: [session uid=1000 pid=2111247 pidfd=4] Activating service name='org.freedesktop.systemd1' requested by ':1.4' (uid=1000 pid=2111392 comm="/usr/bin/dbus-broker-launch --config-file=/usr/sha")
dbus-daemon[2111247]: [session uid=1000 pid=2111247 pidfd=4] Activated service 'org.freedesktop.systemd1' failed: Process org.freedesktop.systemd1 exited with status 1
{"trial": "m-a1-r20-toggle-P", "outcome": "verified", "oracle_exact_match": true, "completion_mutations": 1, "routes": ["provider", "provider"], "loadavg_before": "1.80 2.48 3.64 6/2303 2123115"}
dbus-daemon[2111247]: [session uid=1000 pid=2111247 pidfd=4] Activating service name='org.freedesktop.systemd1' requested by ':1.4' (uid=1000 pid=2111392 comm="/usr/bin/dbus-broker-launch --config-file=/usr/sha")
dbus-daemon[2111247]: [session uid=1000 pid=2111247 pidfd=4] Activated service 'org.freedesktop.systemd1' failed: Process org.freedesktop.systemd1 exited with status 1
[2m2026-10-03T09:37:36.775660Z[0m [33m WARN[0m [2mcua_driver_sdk::runtime[0m[2m:[0m could not activate the persistent AT-SPI listener: AT-SPI connect failed: ZBus Error: MethodError(OwnedErrorName("org.freedesktop.DBus.Error.NameHasNoOwner"), Some("Could not activate remote peer 'org.a11y.atspi.Registry': unit failed"), Msg { type: Error, serial: 4294967295, sender: UniqueName("org.freedesktop.DBus"), reply-serial: 9, body: Str, fds: [] })
[2m2026-10-03T09:37:36.783109Z[0m [33m WARN[0m [2mplatform_linux::overlay[0m[2m:[0m X11 overlay: root reads cannot see this window's own pixels; save-unders will be served without readback confirmation
dbus-daemon[2111247]: [session uid=1000 pid=2111247 pidfd=4] Activating service name='org.freedesktop.systemd1' requested by ':1.4' (uid=1000 pid=2111392 comm="/usr/bin/dbus-broker-launch --config-file=/usr/sha")
dbus-daemon[2111247]: [session uid=1000 pid=2111247 pidfd=4] Activated service 'org.freedesktop.systemd1' failed: Process org.freedesktop.systemd1 exited with status 1
dbus-daemon[2111247]: [session uid=1000 pid=2111247 pidfd=4] Activating service name='org.freedesktop.systemd1' requested by ':1.4' (uid=1000 pid=2111392 comm="/usr/bin/dbus-broker-launch --config-file=/usr/sha")
dbus-daemon[2111247]: [session uid=1000 pid=2111247 pidfd=4] Activated service 'org.freedesktop.systemd1' failed: Process org.freedesktop.systemd1 exited with status 1
{"trial": "m-a1-r21-toggle-Wb", "outcome": "verified", "oracle_exact_match": true, "completion_mutations": 1, "routes": ["provider", "provider"], "loadavg_before": "2.53 2.62 3.68 3/2294 2123411"}
dbus-daemon[2111247]: [session uid=1000 pid=2111247 pidfd=4] Activating service name='org.freedesktop.systemd1' requested by ':1.4' (uid=1000 pid=2111392 comm="/usr/bin/dbus-broker-launch --config-file=/usr/sha")
dbus-daemon[2111247]: [session uid=1000 pid=2111247 pidfd=4] Activated service 'org.freedesktop.systemd1' failed: Process org.freedesktop.systemd1 exited with status 1
[2m2026-10-03T09:37:37.917239Z[0m [33m WARN[0m [2mcua_driver_sdk::runtime[0m[2m:[0m could not activate the persistent AT-SPI listener: AT-SPI connect failed: ZBus Error: MethodError(OwnedErrorName("org.freedesktop.DBus.Error.NameHasNoOwner"), Some("Could not activate remote peer 'org.a11y.atspi.Registry': unit failed"), Msg { type: Error, serial: 4294967295, sender: UniqueName("org.freedesktop.DBus"), reply-serial: 9, body: Str, fds: [] })
[2m2026-10-03T09:37:37.923715Z[0m [33m WARN[0m [2mplatform_linux::overlay[0m[2m:[0m X11 overlay: root reads cannot see this window's own pixels; save-unders will be served without readback confirmation
dbus-daemon[2111247]: [session uid=1000 pid=2111247 pidfd=4] Activating service name='org.freedesktop.systemd1' requested by ':1.4' (uid=1000 pid=2111392 comm="/usr/bin/dbus-broker-launch --config-file=/usr/sha")
dbus-daemon[2111247]: [session uid=1000 pid=2111247 pidfd=4] Activated service 'org.freedesktop.systemd1' failed: Process org.freedesktop.systemd1 exited with status 1
dbus-daemon[2111247]: [session uid=1000 pid=2111247 pidfd=4] Activating service name='org.freedesktop.systemd1' requested by ':1.4' (uid=1000 pid=2111392 comm="/usr/bin/dbus-broker-launch --config-file=/usr/sha")
dbus-daemon[2111247]: [session uid=1000 pid=2111247 pidfd=4] Activated service 'org.freedesktop.systemd1' failed: Process org.freedesktop.systemd1 exited with status 1
{"trial": "m-a1-r21-toggle-P", "outcome": "verified", "oracle_exact_match": true, "completion_mutations": 1, "routes": ["provider", "provider"], "loadavg_before": "2.53 2.62 3.68 2/2305 2123737"}
dbus-daemon[2111247]: [session uid=1000 pid=2111247 pidfd=4] Activating service name='org.freedesktop.systemd1' requested by ':1.4' (uid=1000 pid=2111392 comm="/usr/bin/dbus-broker-launch --config-file=/usr/sha")
dbus-daemon[2111247]: [session uid=1000 pid=2111247 pidfd=4] Activated service 'org.freedesktop.systemd1' failed: Process org.freedesktop.systemd1 exited with status 1
[2m2026-10-03T09:37:39.055345Z[0m [33m WARN[0m [2mcua_driver_sdk::runtime[0m[2m:[0m could not activate the persistent AT-SPI listener: AT-SPI connect failed: ZBus Error: MethodError(OwnedErrorName("org.freedesktop.DBus.Error.NameHasNoOwner"), Some("Could not activate remote peer 'org.a11y.atspi.Registry': unit failed"), Msg { type: Error, serial: 4294967295, sender: UniqueName("org.freedesktop.DBus"), reply-serial: 9, body: Str, fds: [] })
[2m2026-10-03T09:37:39.061650Z[0m [33m WARN[0m [2mplatform_linux::overlay[0m[2m:[0m X11 overlay: root reads cannot see this window's own pixels; save-unders will be served without readback confirmation
dbus-daemon[2111247]: [session uid=1000 pid=2111247 pidfd=4] Activating service name='org.freedesktop.systemd1' requested by ':1.4' (uid=1000 pid=2111392 comm="/usr/bin/dbus-broker-launch --config-file=/usr/sha")
dbus-daemon[2111247]: [session uid=1000 pid=2111247 pidfd=4] Activated service 'org.freedesktop.systemd1' failed: Process org.freedesktop.systemd1 exited with status 1
dbus-daemon[2111247]: [session uid=1000 pid=2111247 pidfd=4] Activating service name='org.freedesktop.systemd1' requested by ':1.4' (uid=1000 pid=2111392 comm="/usr/bin/dbus-broker-launch --config-file=/usr/sha")
dbus-daemon[2111247]: [session uid=1000 pid=2111247 pidfd=4] Activated service 'org.freedesktop.systemd1' failed: Process org.freedesktop.systemd1 exited with status 1
{"trial": "m-a1-r21-toggle-Wa", "outcome": "verified", "oracle_exact_match": true, "completion_mutations": 1, "routes": ["provider", "provider"], "loadavg_before": "2.53 2.62 3.68 1/2302 2124026"}
dbus-daemon[2111247]: [session uid=1000 pid=2111247 pidfd=4] Activating service name='org.freedesktop.systemd1' requested by ':1.4' (uid=1000 pid=2111392 comm="/usr/bin/dbus-broker-launch --config-file=/usr/sha")
dbus-daemon[2111247]: [session uid=1000 pid=2111247 pidfd=4] Activated service 'org.freedesktop.systemd1' failed: Process org.freedesktop.systemd1 exited with status 1
[2m2026-10-03T09:37:40.179937Z[0m [33m WARN[0m [2mcua_driver_sdk::runtime[0m[2m:[0m could not activate the persistent AT-SPI listener: AT-SPI connect failed: ZBus Error: MethodError(OwnedErrorName("org.freedesktop.DBus.Error.NameHasNoOwner"), Some("Could not activate remote peer 'org.a11y.atspi.Registry': unit failed"), Msg { type: Error, serial: 4294967295, sender: UniqueName("org.freedesktop.DBus"), reply-serial: 9, body: Str, fds: [] })
[2m2026-10-03T09:37:40.186730Z[0m [33m WARN[0m [2mplatform_linux::overlay[0m[2m:[0m X11 overlay: root reads cannot see this window's own pixels; save-unders will be served without readback confirmation
dbus-daemon[2111247]: [session uid=1000 pid=2111247 pidfd=4] Activating service name='org.freedesktop.systemd1' requested by ':1.4' (uid=1000 pid=2111392 comm="/usr/bin/dbus-broker-launch --config-file=/usr/sha")
dbus-daemon[2111247]: [session uid=1000 pid=2111247 pidfd=4] Activated service 'org.freedesktop.systemd1' failed: Process org.freedesktop.systemd1 exited with status 1
dbus-daemon[2111247]: [session uid=1000 pid=2111247 pidfd=4] Activating service name='org.freedesktop.systemd1' requested by ':1.4' (uid=1000 pid=2111392 comm="/usr/bin/dbus-broker-launch --config-file=/usr/sha")
dbus-daemon[2111247]: [session uid=1000 pid=2111247 pidfd=4] Activated service 'org.freedesktop.systemd1' failed: Process org.freedesktop.systemd1 exited with status 1
{"trial": "m-a1-r21-toggle-C", "outcome": "verified", "oracle_exact_match": true, "completion_mutations": 1, "routes": ["provider", "provider"], "loadavg_before": "2.53 2.62 3.68 1/2319 2124389"}
dbus-daemon[2111247]: [session uid=1000 pid=2111247 pidfd=4] Activating service name='org.freedesktop.systemd1' requested by ':1.4' (uid=1000 pid=2111392 comm="/usr/bin/dbus-broker-launch --config-file=/usr/sha")
dbus-daemon[2111247]: [session uid=1000 pid=2111247 pidfd=4] Activated service 'org.freedesktop.systemd1' failed: Process org.freedesktop.systemd1 exited with status 1
[2m2026-10-03T09:37:41.275353Z[0m [33m WARN[0m [2mcua_driver_sdk::runtime[0m[2m:[0m could not activate the persistent AT-SPI listener: AT-SPI connect failed: ZBus Error: MethodError(OwnedErrorName("org.freedesktop.DBus.Error.NameHasNoOwner"), Some("Could not activate remote peer 'org.a11y.atspi.Registry': unit failed"), Msg { type: Error, serial: 4294967295, sender: UniqueName("org.freedesktop.DBus"), reply-serial: 9, body: Str, fds: [] })
[2m2026-10-03T09:37:41.281572Z[0m [33m WARN[0m [2mplatform_linux::overlay[0m[2m:[0m X11 overlay: root reads cannot see this window's own pixels; save-unders will be served without readback confirmation
dbus-daemon[2111247]: [session uid=1000 pid=2111247 pidfd=4] Activating service name='org.freedesktop.systemd1' requested by ':1.4' (uid=1000 pid=2111392 comm="/usr/bin/dbus-broker-launch --config-file=/usr/sha")
dbus-daemon[2111247]: [session uid=1000 pid=2111247 pidfd=4] Activated service 'org.freedesktop.systemd1' failed: Process org.freedesktop.systemd1 exited with status 1
dbus-daemon[2111247]: [session uid=1000 pid=2111247 pidfd=4] Activating service name='org.freedesktop.systemd1' requested by ':1.4' (uid=1000 pid=2111392 comm="/usr/bin/dbus-broker-launch --config-file=/usr/sha")
dbus-daemon[2111247]: [session uid=1000 pid=2111247 pidfd=4] Activated service 'org.freedesktop.systemd1' failed: Process org.freedesktop.systemd1 exited with status 1
{"trial": "m-a1-r21-fill-Wa", "outcome": "verified", "oracle_exact_match": true, "completion_mutations": 1, "routes": ["compiled"], "loadavg_before": "2.57 2.62 3.67 1/2326 2124656"}
dbus-daemon[2111247]: [session uid=1000 pid=2111247 pidfd=4] Activating service name='org.freedesktop.systemd1' requested by ':1.4' (uid=1000 pid=2111392 comm="/usr/bin/dbus-broker-launch --config-file=/usr/sha")
dbus-daemon[2111247]: [session uid=1000 pid=2111247 pidfd=4] Activated service 'org.freedesktop.systemd1' failed: Process org.freedesktop.systemd1 exited with status 1
[2m2026-10-03T09:37:42.775826Z[0m [33m WARN[0m [2mcua_driver_sdk::runtime[0m[2m:[0m could not activate the persistent AT-SPI listener: AT-SPI connect failed: ZBus Error: MethodError(OwnedErrorName("org.freedesktop.DBus.Error.NameHasNoOwner"), Some("Could not activate remote peer 'org.a11y.atspi.Registry': unit failed"), Msg { type: Error, serial: 4294967295, sender: UniqueName("org.freedesktop.DBus"), reply-serial: 9, body: Str, fds: [] })
[2m2026-10-03T09:37:42.782426Z[0m [33m WARN[0m [2mplatform_linux::overlay[0m[2m:[0m X11 overlay: root reads cannot see this window's own pixels; save-unders will be served without readback confirmation
dbus-daemon[2111247]: [session uid=1000 pid=2111247 pidfd=4] Activating service name='org.freedesktop.systemd1' requested by ':1.4' (uid=1000 pid=2111392 comm="/usr/bin/dbus-broker-launch --config-file=/usr/sha")
dbus-daemon[2111247]: [session uid=1000 pid=2111247 pidfd=4] Activated service 'org.freedesktop.systemd1' failed: Process org.freedesktop.systemd1 exited with status 1
dbus-daemon[2111247]: [session uid=1000 pid=2111247 pidfd=4] Activating service name='org.freedesktop.systemd1' requested by ':1.4' (uid=1000 pid=2111392 comm="/usr/bin/dbus-broker-launch --config-file=/usr/sha")
dbus-daemon[2111247]: [session uid=1000 pid=2111247 pidfd=4] Activated service 'org.freedesktop.systemd1' failed: Process org.freedesktop.systemd1 exited with status 1
{"trial": "m-a1-r21-fill-Wb", "outcome": "verified", "oracle_exact_match": true, "completion_mutations": 1, "routes": ["compiled"], "loadavg_before": "2.57 2.62 3.67 1/2331 2124952"}
dbus-daemon[2111247]: [session uid=1000 pid=2111247 pidfd=4] Activating service name='org.freedesktop.systemd1' requested by ':1.4' (uid=1000 pid=2111392 comm="/usr/bin/dbus-broker-launch --config-file=/usr/sha")
dbus-daemon[2111247]: [session uid=1000 pid=2111247 pidfd=4] Activated service 'org.freedesktop.systemd1' failed: Process org.freedesktop.systemd1 exited with status 1
[2m2026-10-03T09:37:44.276785Z[0m [33m WARN[0m [2mcua_driver_sdk::runtime[0m[2m:[0m could not activate the persistent AT-SPI listener: AT-SPI connect failed: ZBus Error: MethodError(OwnedErrorName("org.freedesktop.DBus.Error.NameHasNoOwner"), Some("Could not activate remote peer 'org.a11y.atspi.Registry': unit failed"), Msg { type: Error, serial: 4294967295, sender: UniqueName("org.freedesktop.DBus"), reply-serial: 9, body: Str, fds: [] })
[2m2026-10-03T09:37:44.283740Z[0m [33m WARN[0m [2mplatform_linux::overlay[0m[2m:[0m X11 overlay: root reads cannot see this window's own pixels; save-unders will be served without readback confirmation
dbus-daemon[2111247]: [session uid=1000 pid=2111247 pidfd=4] Activating service name='org.freedesktop.systemd1' requested by ':1.4' (uid=1000 pid=2111392 comm="/usr/bin/dbus-broker-launch --config-file=/usr/sha")
dbus-daemon[2111247]: [session uid=1000 pid=2111247 pidfd=4] Activated service 'org.freedesktop.systemd1' failed: Process org.freedesktop.systemd1 exited with status 1
dbus-daemon[2111247]: [session uid=1000 pid=2111247 pidfd=4] Activating service name='org.freedesktop.systemd1' requested by ':1.4' (uid=1000 pid=2111392 comm="/usr/bin/dbus-broker-launch --config-file=/usr/sha")
dbus-daemon[2111247]: [session uid=1000 pid=2111247 pidfd=4] Activated service 'org.freedesktop.systemd1' failed: Process org.freedesktop.systemd1 exited with status 1
{"trial": "m-a1-r21-fill-C", "outcome": "verified", "oracle_exact_match": true, "completion_mutations": 1, "routes": ["compiled"], "loadavg_before": "2.57 2.62 3.67 1/2332 2125297"}
dbus-daemon[2111247]: [session uid=1000 pid=2111247 pidfd=4] Activating service name='org.freedesktop.systemd1' requested by ':1.4' (uid=1000 pid=2111392 comm="/usr/bin/dbus-broker-launch --config-file=/usr/sha")
dbus-daemon[2111247]: [session uid=1000 pid=2111247 pidfd=4] Activated service 'org.freedesktop.systemd1' failed: Process org.freedesktop.systemd1 exited with status 1
[2m2026-10-03T09:37:45.777203Z[0m [33m WARN[0m [2mcua_driver_sdk::runtime[0m[2m:[0m could not activate the persistent AT-SPI listener: AT-SPI connect failed: ZBus Error: MethodError(OwnedErrorName("org.freedesktop.DBus.Error.NameHasNoOwner"), Some("Could not activate remote peer 'org.a11y.atspi.Registry': unit failed"), Msg { type: Error, serial: 4294967295, sender: UniqueName("org.freedesktop.DBus"), reply-serial: 9, body: Str, fds: [] })
[2m2026-10-03T09:37:45.783324Z[0m [33m WARN[0m [2mplatform_linux::overlay[0m[2m:[0m X11 overlay: root reads cannot see this window's own pixels; save-unders will be served without readback confirmation
dbus-daemon[2111247]: [session uid=1000 pid=2111247 pidfd=4] Activating service name='org.freedesktop.systemd1' requested by ':1.4' (uid=1000 pid=2111392 comm="/usr/bin/dbus-broker-launch --config-file=/usr/sha")
dbus-daemon[2111247]: [session uid=1000 pid=2111247 pidfd=4] Activated service 'org.freedesktop.systemd1' failed: Process org.freedesktop.systemd1 exited with status 1
dbus-daemon[2111247]: [session uid=1000 pid=2111247 pidfd=4] Activating service name='org.freedesktop.systemd1' requested by ':1.4' (uid=1000 pid=2111392 comm="/usr/bin/dbus-broker-launch --config-file=/usr/sha")
dbus-daemon[2111247]: [session uid=1000 pid=2111247 pidfd=4] Activated service 'org.freedesktop.systemd1' failed: Process org.freedesktop.systemd1 exited with status 1
{"trial": "m-a1-r21-fill-P", "outcome": "verified", "oracle_exact_match": true, "completion_mutations": 1, "routes": ["compiled"], "loadavg_before": "2.57 2.62 3.67 1/2332 2125579"}
[b06] end_utc=2026-10-03T09:37:47.348Z rc=0 loadavg=2.53 2.61 3.66
A connection to the bus can't be made
CRITICAL: [dbus_cb_name_lost:1438] Cannot connect to DBus.
[session] exit rc=0 run_dir=<lane-tmp>/x11-session.tI5dNO
[2026-10-03T09:37:47.367Z] chunk b06-main-a1-r16-21 rc=0 loadavg=2.53 2.61 3.66
