[2026-10-03T07:56:00.376Z] chunk b06-main-a1-r22-31 plan=main rounds=22-31 block=m attempt=1 loadavg=5.51 5.74 6.24 hostless=1
[b06] session_attempt=1 jitter_ms=1452 utc=2026-10-03T08:56:59.326Z
[session] DISPLAY=:100 openbox=1860558 picom=1860559 dbus=unix:path=<tmp>/dbus-ZVgoY1wH3p,guid=088d72f66fdf09a706c46e416ac0c35e
[b06] display=:100 xdpyinfo=ok start_utc=2026-10-03T08:57:04.366Z loadavg=2.54 4.87 4.28 telemetry_env=0 dnt=1 lock=exclusive wayland=unset hostless=1
dbus-daemon[1860556]: [session uid=1000 pid=1860556 pidfd=4] Activating service name='org.a11y.Bus' requested by ':1.0' (uid=1000 pid=1860809 comm="<lanes>/bin/cua-driver-r2")
dbus-daemon[1860556]: [session uid=1000 pid=1860556 pidfd=4] Successfully activated service 'org.a11y.Bus'
dbus-daemon[1860556]: [session uid=1000 pid=1860556 pidfd=4] Activating service name='ca.desrt.dconf' requested by ':1.1' (uid=1000 pid=1860816 comm="/usr/lib/at-spi-bus-launcher")
dbus-daemon[1860556]: [session uid=1000 pid=1860556 pidfd=4] Successfully activated service 'ca.desrt.dconf'
dbus-daemon[1860556]: [session uid=1000 pid=1860556 pidfd=4] Activating service name='org.freedesktop.systemd1' requested by ':1.4' (uid=1000 pid=1860842 comm="/usr/bin/dbus-broker-launch --config-file=/usr/sha")
dbus-daemon[1860556]: [session uid=1000 pid=1860556 pidfd=4] Activated service 'org.freedesktop.systemd1' failed: Process org.freedesktop.systemd1 exited with status 1
[2m2026-10-03T08:57:05.502983Z[0m [33m WARN[0m [2mcua_driver_sdk::runtime[0m[2m:[0m could not activate the persistent AT-SPI listener: AT-SPI connect failed: ZBus Error: MethodError(OwnedErrorName("org.freedesktop.DBus.Error.NameHasNoOwner"), Some("Could not activate remote peer 'org.a11y.atspi.Registry': unit failed"), Msg { type: Error, serial: 4294967295, sender: UniqueName("org.freedesktop.DBus"), reply-serial: 10, body: Str, fds: [] })
[2m2026-10-03T08:57:05.510565Z[0m [33m WARN[0m [2mplatform_linux::overlay[0m[2m:[0m X11 overlay: root reads cannot see this window's own pixels; save-unders will be served without readback confirmation
dbus-daemon[1860556]: [session uid=1000 pid=1860556 pidfd=4] Activating service name='org.gtk.vfs.Daemon' requested by ':1.5' (uid=1000 pid=1860918 comm="/opt/google/chrome/chrome --remote-debugging-port=")
dbus-daemon[1860556]: [session uid=1000 pid=1860556 pidfd=4] Successfully activated service 'org.gtk.vfs.Daemon'
fusermount3: mount failed: Operation not permitted
dbus-daemon[1860556]: [session uid=1000 pid=1860556 pidfd=4] Activating service name='org.freedesktop.systemd1' requested by ':1.4' (uid=1000 pid=1860842 comm="/usr/bin/dbus-broker-launch --config-file=/usr/sha")
dbus-daemon[1860556]: [session uid=1000 pid=1860556 pidfd=4] Activated service 'org.freedesktop.systemd1' failed: Process org.freedesktop.systemd1 exited with status 1
dbus-daemon[1860556]: [session uid=1000 pid=1860556 pidfd=4] Activating service name='org.freedesktop.systemd1' requested by ':1.4' (uid=1000 pid=1860842 comm="/usr/bin/dbus-broker-launch --config-file=/usr/sha")
dbus-daemon[1860556]: [session uid=1000 pid=1860556 pidfd=4] Activated service 'org.freedesktop.systemd1' failed: Process org.freedesktop.systemd1 exited with status 1
dbus-daemon[1860556]: [session uid=1000 pid=1860556 pidfd=4] Activating service name='org.freedesktop.Notifications' requested by ':1.7' (uid=1000 pid=1860918 comm="/opt/google/chrome/chrome --remote-debugging-port=")
dbus-daemon[1860556]: [session uid=1000 pid=1860556 pidfd=4] Activating service name='org.freedesktop.portal.Desktop' requested by ':1.7' (uid=1000 pid=1860918 comm="/opt/google/chrome/chrome --remote-debugging-port=")
dbus-daemon[1860556]: [session uid=1000 pid=1860556 pidfd=4] Successfully activated service 'org.freedesktop.Notifications'
dbus-daemon[1860556]: [session uid=1000 pid=1860556 pidfd=4] Activating service name='org.freedesktop.impl.portal.PermissionStore' requested by ':1.9' (uid=1000 pid=1861091 comm="/usr/lib/xdg-desktop-portal")
dbus-daemon[1860556]: [session uid=1000 pid=1860556 pidfd=4] Successfully activated service 'org.freedesktop.impl.portal.PermissionStore'
dbus-daemon[1860556]: [session uid=1000 pid=1860556 pidfd=4] Activating service name='org.freedesktop.portal.Documents' requested by ':1.9' (uid=1000 pid=1861091 comm="/usr/lib/xdg-desktop-portal")
dbus-daemon[1860556]: [session uid=1000 pid=1860556 pidfd=4] Successfully activated service 'org.freedesktop.portal.Documents'
fusermount3: mount failed: Operation not permitted
error: fuse init failed: Can't mount path <lane-tmp>/x11-session.rNcHhs/xdg-runtime/doc

(/usr/lib/xdg-desktop-portal:1861091): xdg-desktop-portal-WARNING **: 03:57:06.572: Document portal fuse mount point unknown: GDBus.Error:org.freedesktop.DBus.Error.ServiceUnknown: The name :1.11 was not provided by any .service files

(/usr/lib/xdg-desktop-portal:1861091): xdg-desktop-portal-WARNING **: 03:57:06.572: Choosing gtk.portal for org.freedesktop.impl.portal.Lockdown as a last-resort fallback
dbus-daemon[1860556]: [session uid=1000 pid=1860556 pidfd=4] Activating service name='org.freedesktop.impl.portal.desktop.gtk' requested by ':1.9' (uid=1000 pid=1861091 comm="/usr/lib/xdg-desktop-portal")
dbus-daemon[1860556]: [session uid=1000 pid=1860556 pidfd=4] Activating service name='org.freedesktop.systemd1' requested by ':1.4' (uid=1000 pid=1860842 comm="/usr/bin/dbus-broker-launch --config-file=/usr/sha")
dbus-daemon[1860556]: [session uid=1000 pid=1860556 pidfd=4] Activated service 'org.freedesktop.systemd1' failed: Process org.freedesktop.systemd1 exited with status 1
dbus-daemon[1860556]: [session uid=1000 pid=1860556 pidfd=4] Successfully activated service 'org.freedesktop.impl.portal.desktop.gtk'

** (xdg-desktop-portal-gtk:1861113): WARNING **: 03:57:06.591: AT-SPI: Could not obtain desktop path or name

dbus-daemon[1860556]: [session uid=1000 pid=1860556 pidfd=4] Activating service name='org.freedesktop.systemd1' requested by ':1.4' (uid=1000 pid=1860842 comm="/usr/bin/dbus-broker-launch --config-file=/usr/sha")

(/usr/lib/xdg-desktop-portal:1861091): xdg-desktop-portal-WARNING **: 03:57:06.592: Choosing gtk.portal for org.freedesktop.impl.portal.Access as a last-resort fallback
dbus-daemon[1860556]: [session uid=1000 pid=1860556 pidfd=4] Activated service 'org.freedesktop.systemd1' failed: Process org.freedesktop.systemd1 exited with status 1

** (xdg-desktop-portal-gtk:1861113): WARNING **: 03:57:06.592: atk-bridge: GetRegisteredEvents returned message with unknown signature

** (xdg-desktop-portal-gtk:1861113): WARNING **: 03:57:06.593: atk-bridge: get_device_events_reply: unknown signature

(/usr/lib/xdg-desktop-portal:1861091): xdg-desktop-portal-WARNING **: 03:57:06.617: Choosing gtk.portal for org.freedesktop.impl.portal.Settings as a last-resort fallback

(/usr/lib/xdg-desktop-portal:1861091): xdg-desktop-portal-WARNING **: 03:57:06.617: Choosing gtk.portal for org.freedesktop.impl.portal.FileChooser as a last-resort fallback

(/usr/lib/xdg-desktop-portal:1861091): xdg-desktop-portal-WARNING **: 03:57:06.618: Choosing gtk.portal for org.freedesktop.impl.portal.AppChooser as a last-resort fallback

(/usr/lib/xdg-desktop-portal:1861091): xdg-desktop-portal-WARNING **: 03:57:06.618: Choosing gtk.portal for org.freedesktop.impl.portal.Print as a last-resort fallback

(/usr/lib/xdg-desktop-portal:1861091): xdg-desktop-portal-WARNING **: 03:57:06.618: Choosing gtk.portal for org.freedesktop.impl.portal.Notification as a last-resort fallback

(/usr/lib/xdg-desktop-portal:1861091): xdg-desktop-portal-WARNING **: 03:57:06.619: Choosing gtk.portal for org.freedesktop.impl.portal.Inhibit as a last-resort fallback

(/usr/lib/xdg-desktop-portal:1861091): xdg-desktop-portal-WARNING **: 03:57:06.620: Failed to connect to PipeWire: Couldn't connect to PipeWire

(/usr/lib/xdg-desktop-portal:1861091): xdg-desktop-portal-WARNING **: 03:57:06.620: Choosing gtk.portal for org.freedesktop.impl.portal.Account as a last-resort fallback

(/usr/lib/xdg-desktop-portal:1861091): xdg-desktop-portal-WARNING **: 03:57:06.620: Choosing gtk.portal for org.freedesktop.impl.portal.Email as a last-resort fallback

(/usr/lib/xdg-desktop-portal:1861091): xdg-desktop-portal-WARNING **: 03:57:06.621: Choosing gtk.portal for org.freedesktop.impl.portal.DynamicLauncher as a last-resort fallback
dbus-daemon[1860556]: [session uid=1000 pid=1860556 pidfd=4] Successfully activated service 'org.freedesktop.portal.Desktop'
{"trial": "m-a1-r22-fill-Wb", "outcome": "verified", "oracle_exact_match": true, "completion_mutations": 1, "routes": ["compiled"], "loadavg_before": "2.54 4.87 4.28 1/2264 1860744"}
dbus-daemon[1860556]: [session uid=1000 pid=1860556 pidfd=4] Activating service name='org.freedesktop.systemd1' requested by ':1.4' (uid=1000 pid=1860842 comm="/usr/bin/dbus-broker-launch --config-file=/usr/sha")
dbus-daemon[1860556]: [session uid=1000 pid=1860556 pidfd=4] Activated service 'org.freedesktop.systemd1' failed: Process org.freedesktop.systemd1 exited with status 1
[2m2026-10-03T08:57:07.415491Z[0m [33m WARN[0m [2mcua_driver_sdk::runtime[0m[2m:[0m could not activate the persistent AT-SPI listener: AT-SPI connect failed: ZBus Error: MethodError(OwnedErrorName("org.freedesktop.DBus.Error.NameHasNoOwner"), Some("Could not activate remote peer 'org.a11y.atspi.Registry': unit failed"), Msg { type: Error, serial: 4294967295, sender: UniqueName("org.freedesktop.DBus"), reply-serial: 9, body: Str, fds: [] })
[2m2026-10-03T08:57:07.422509Z[0m [33m WARN[0m [2mplatform_linux::overlay[0m[2m:[0m X11 overlay: root reads cannot see this window's own pixels; save-unders will be served without readback confirmation
dbus-daemon[1860556]: [session uid=1000 pid=1860556 pidfd=4] Activating service name='org.freedesktop.systemd1' requested by ':1.4' (uid=1000 pid=1860842 comm="/usr/bin/dbus-broker-launch --config-file=/usr/sha")
dbus-daemon[1860556]: [session uid=1000 pid=1860556 pidfd=4] Activated service 'org.freedesktop.systemd1' failed: Process org.freedesktop.systemd1 exited with status 1
dbus-daemon[1860556]: [session uid=1000 pid=1860556 pidfd=4] Activating service name='org.freedesktop.systemd1' requested by ':1.4' (uid=1000 pid=1860842 comm="/usr/bin/dbus-broker-launch --config-file=/usr/sha")
dbus-daemon[1860556]: [session uid=1000 pid=1860556 pidfd=4] Activated service 'org.freedesktop.systemd1' failed: Process org.freedesktop.systemd1 exited with status 1
{"trial": "m-a1-r22-fill-P", "outcome": "verified", "oracle_exact_match": true, "completion_mutations": 1, "routes": ["compiled"], "loadavg_before": "2.58 4.84 4.27 3/2309 1861226"}
dbus-daemon[1860556]: [session uid=1000 pid=1860556 pidfd=4] Activating service name='org.freedesktop.systemd1' requested by ':1.4' (uid=1000 pid=1860842 comm="/usr/bin/dbus-broker-launch --config-file=/usr/sha")
dbus-daemon[1860556]: [session uid=1000 pid=1860556 pidfd=4] Activated service 'org.freedesktop.systemd1' failed: Process org.freedesktop.systemd1 exited with status 1
[2m2026-10-03T08:57:08.915889Z[0m [33m WARN[0m [2mcua_driver_sdk::runtime[0m[2m:[0m could not activate the persistent AT-SPI listener: AT-SPI connect failed: ZBus Error: MethodError(OwnedErrorName("org.freedesktop.DBus.Error.NameHasNoOwner"), Some("Could not activate remote peer 'org.a11y.atspi.Registry': unit failed"), Msg { type: Error, serial: 4294967295, sender: UniqueName("org.freedesktop.DBus"), reply-serial: 9, body: Str, fds: [] })
[2m2026-10-03T08:57:08.923565Z[0m [33m WARN[0m [2mplatform_linux::overlay[0m[2m:[0m X11 overlay: root reads cannot see this window's own pixels; save-unders will be served without readback confirmation
dbus-daemon[1860556]: [session uid=1000 pid=1860556 pidfd=4] Activating service name='org.freedesktop.systemd1' requested by ':1.4' (uid=1000 pid=1860842 comm="/usr/bin/dbus-broker-launch --config-file=/usr/sha")
dbus-daemon[1860556]: [session uid=1000 pid=1860556 pidfd=4] Activated service 'org.freedesktop.systemd1' failed: Process org.freedesktop.systemd1 exited with status 1
dbus-daemon[1860556]: [session uid=1000 pid=1860556 pidfd=4] Activating service name='org.freedesktop.systemd1' requested by ':1.4' (uid=1000 pid=1860842 comm="/usr/bin/dbus-broker-launch --config-file=/usr/sha")
dbus-daemon[1860556]: [session uid=1000 pid=1860556 pidfd=4] Activated service 'org.freedesktop.systemd1' failed: Process org.freedesktop.systemd1 exited with status 1
{"trial": "m-a1-r22-fill-Wa", "outcome": "verified", "oracle_exact_match": true, "completion_mutations": 1, "routes": ["compiled"], "loadavg_before": "2.58 4.84 4.27 1/2314 1861510"}
dbus-daemon[1860556]: [session uid=1000 pid=1860556 pidfd=4] Activating service name='org.freedesktop.systemd1' requested by ':1.4' (uid=1000 pid=1860842 comm="/usr/bin/dbus-broker-launch --config-file=/usr/sha")
dbus-daemon[1860556]: [session uid=1000 pid=1860556 pidfd=4] Activated service 'org.freedesktop.systemd1' failed: Process org.freedesktop.systemd1 exited with status 1
[2m2026-10-03T08:57:10.417255Z[0m [33m WARN[0m [2mcua_driver_sdk::runtime[0m[2m:[0m could not activate the persistent AT-SPI listener: AT-SPI connect failed: ZBus Error: MethodError(OwnedErrorName("org.freedesktop.DBus.Error.NameHasNoOwner"), Some("Could not activate remote peer 'org.a11y.atspi.Registry': unit failed"), Msg { type: Error, serial: 4294967295, sender: UniqueName("org.freedesktop.DBus"), reply-serial: 9, body: Str, fds: [] })
[2m2026-10-03T08:57:10.423564Z[0m [33m WARN[0m [2mplatform_linux::overlay[0m[2m:[0m X11 overlay: root reads cannot see this window's own pixels; save-unders will be served without readback confirmation
dbus-daemon[1860556]: [session uid=1000 pid=1860556 pidfd=4] Activating service name='org.freedesktop.systemd1' requested by ':1.4' (uid=1000 pid=1860842 comm="/usr/bin/dbus-broker-launch --config-file=/usr/sha")
dbus-daemon[1860556]: [session uid=1000 pid=1860556 pidfd=4] Activated service 'org.freedesktop.systemd1' failed: Process org.freedesktop.systemd1 exited with status 1
dbus-daemon[1860556]: [session uid=1000 pid=1860556 pidfd=4] Activating service name='org.freedesktop.systemd1' requested by ':1.4' (uid=1000 pid=1860842 comm="/usr/bin/dbus-broker-launch --config-file=/usr/sha")
dbus-daemon[1860556]: [session uid=1000 pid=1860556 pidfd=4] Activated service 'org.freedesktop.systemd1' failed: Process org.freedesktop.systemd1 exited with status 1
{"trial": "m-a1-r22-fill-C", "outcome": "verified", "oracle_exact_match": true, "completion_mutations": 1, "routes": ["compiled"], "loadavg_before": "2.58 4.84 4.27 1/2342 1861842"}
dbus-daemon[1860556]: [session uid=1000 pid=1860556 pidfd=4] Activating service name='org.freedesktop.systemd1' requested by ':1.4' (uid=1000 pid=1860842 comm="/usr/bin/dbus-broker-launch --config-file=/usr/sha")
dbus-daemon[1860556]: [session uid=1000 pid=1860556 pidfd=4] Activated service 'org.freedesktop.systemd1' failed: Process org.freedesktop.systemd1 exited with status 1
[2m2026-10-03T08:57:11.917983Z[0m [33m WARN[0m [2mcua_driver_sdk::runtime[0m[2m:[0m could not activate the persistent AT-SPI listener: AT-SPI connect failed: ZBus Error: MethodError(OwnedErrorName("org.freedesktop.DBus.Error.NameHasNoOwner"), Some("Could not activate remote peer 'org.a11y.atspi.Registry': unit failed"), Msg { type: Error, serial: 4294967295, sender: UniqueName("org.freedesktop.DBus"), reply-serial: 9, body: Str, fds: [] })
[2m2026-10-03T08:57:11.925086Z[0m [33m WARN[0m [2mplatform_linux::overlay[0m[2m:[0m X11 overlay: root reads cannot see this window's own pixels; save-unders will be served without readback confirmation
dbus-daemon[1860556]: [session uid=1000 pid=1860556 pidfd=4] Activating service name='org.freedesktop.systemd1' requested by ':1.4' (uid=1000 pid=1860842 comm="/usr/bin/dbus-broker-launch --config-file=/usr/sha")
dbus-daemon[1860556]: [session uid=1000 pid=1860556 pidfd=4] Activated service 'org.freedesktop.systemd1' failed: Process org.freedesktop.systemd1 exited with status 1
dbus-daemon[1860556]: [session uid=1000 pid=1860556 pidfd=4] Activating service name='org.freedesktop.systemd1' requested by ':1.4' (uid=1000 pid=1860842 comm="/usr/bin/dbus-broker-launch --config-file=/usr/sha")
dbus-daemon[1860556]: [session uid=1000 pid=1860556 pidfd=4] Activated service 'org.freedesktop.systemd1' failed: Process org.freedesktop.systemd1 exited with status 1
{"trial": "m-a1-r22-toggle-P", "outcome": "verified", "oracle_exact_match": true, "completion_mutations": 1, "routes": ["provider", "provider"], "loadavg_before": "2.61 4.81 4.26 2/2343 1862132"}
dbus-daemon[1860556]: [session uid=1000 pid=1860556 pidfd=4] Activating service name='org.freedesktop.systemd1' requested by ':1.4' (uid=1000 pid=1860842 comm="/usr/bin/dbus-broker-launch --config-file=/usr/sha")
dbus-daemon[1860556]: [session uid=1000 pid=1860556 pidfd=4] Activated service 'org.freedesktop.systemd1' failed: Process org.freedesktop.systemd1 exited with status 1
[2m2026-10-03T08:57:13.051058Z[0m [33m WARN[0m [2mcua_driver_sdk::runtime[0m[2m:[0m could not activate the persistent AT-SPI listener: AT-SPI connect failed: ZBus Error: MethodError(OwnedErrorName("org.freedesktop.DBus.Error.NameHasNoOwner"), Some("Could not activate remote peer 'org.a11y.atspi.Registry': unit failed"), Msg { type: Error, serial: 4294967295, sender: UniqueName("org.freedesktop.DBus"), reply-serial: 9, body: Str, fds: [] })
[2m2026-10-03T08:57:13.057708Z[0m [33m WARN[0m [2mplatform_linux::overlay[0m[2m:[0m X11 overlay: root reads cannot see this window's own pixels; save-unders will be served without readback confirmation
dbus-daemon[1860556]: [session uid=1000 pid=1860556 pidfd=4] Activating service name='org.freedesktop.systemd1' requested by ':1.4' (uid=1000 pid=1860842 comm="/usr/bin/dbus-broker-launch --config-file=/usr/sha")
dbus-daemon[1860556]: [session uid=1000 pid=1860556 pidfd=4] Activated service 'org.freedesktop.systemd1' failed: Process org.freedesktop.systemd1 exited with status 1
dbus-daemon[1860556]: [session uid=1000 pid=1860556 pidfd=4] Activating service name='org.freedesktop.systemd1' requested by ':1.4' (uid=1000 pid=1860842 comm="/usr/bin/dbus-broker-launch --config-file=/usr/sha")
dbus-daemon[1860556]: [session uid=1000 pid=1860556 pidfd=4] Activated service 'org.freedesktop.systemd1' failed: Process org.freedesktop.systemd1 exited with status 1
{"trial": "m-a1-r22-toggle-C", "outcome": "verified", "oracle_exact_match": true, "completion_mutations": 1, "routes": ["provider", "provider"], "loadavg_before": "2.61 4.81 4.26 1/2345 1862405"}
dbus-daemon[1860556]: [session uid=1000 pid=1860556 pidfd=4] Activating service name='org.freedesktop.systemd1' requested by ':1.4' (uid=1000 pid=1860842 comm="/usr/bin/dbus-broker-launch --config-file=/usr/sha")
dbus-daemon[1860556]: [session uid=1000 pid=1860556 pidfd=4] Activated service 'org.freedesktop.systemd1' failed: Process org.freedesktop.systemd1 exited with status 1
[2m2026-10-03T08:57:14.136172Z[0m [33m WARN[0m [2mcua_driver_sdk::runtime[0m[2m:[0m could not activate the persistent AT-SPI listener: AT-SPI connect failed: ZBus Error: MethodError(OwnedErrorName("org.freedesktop.DBus.Error.NameHasNoOwner"), Some("Could not activate remote peer 'org.a11y.atspi.Registry': unit failed"), Msg { type: Error, serial: 4294967295, sender: UniqueName("org.freedesktop.DBus"), reply-serial: 9, body: Str, fds: [] })
[2m2026-10-03T08:57:14.142796Z[0m [33m WARN[0m [2mplatform_linux::overlay[0m[2m:[0m X11 overlay: root reads cannot see this window's own pixels; save-unders will be served without readback confirmation
dbus-daemon[1860556]: [session uid=1000 pid=1860556 pidfd=4] Activating service name='org.freedesktop.systemd1' requested by ':1.4' (uid=1000 pid=1860842 comm="/usr/bin/dbus-broker-launch --config-file=/usr/sha")
dbus-daemon[1860556]: [session uid=1000 pid=1860556 pidfd=4] Activated service 'org.freedesktop.systemd1' failed: Process org.freedesktop.systemd1 exited with status 1
dbus-daemon[1860556]: [session uid=1000 pid=1860556 pidfd=4] Activating service name='org.freedesktop.systemd1' requested by ':1.4' (uid=1000 pid=1860842 comm="/usr/bin/dbus-broker-launch --config-file=/usr/sha")
dbus-daemon[1860556]: [session uid=1000 pid=1860556 pidfd=4] Activated service 'org.freedesktop.systemd1' failed: Process org.freedesktop.systemd1 exited with status 1
{"trial": "m-a1-r22-toggle-Wb", "outcome": "verified", "oracle_exact_match": true, "completion_mutations": 1, "routes": ["provider", "provider"], "loadavg_before": "2.61 4.81 4.26 1/2346 1862680"}
dbus-daemon[1860556]: [session uid=1000 pid=1860556 pidfd=4] Activating service name='org.freedesktop.systemd1' requested by ':1.4' (uid=1000 pid=1860842 comm="/usr/bin/dbus-broker-launch --config-file=/usr/sha")
dbus-daemon[1860556]: [session uid=1000 pid=1860556 pidfd=4] Activated service 'org.freedesktop.systemd1' failed: Process org.freedesktop.systemd1 exited with status 1
[2m2026-10-03T08:57:15.265114Z[0m [33m WARN[0m [2mcua_driver_sdk::runtime[0m[2m:[0m could not activate the persistent AT-SPI listener: AT-SPI connect failed: ZBus Error: MethodError(OwnedErrorName("org.freedesktop.DBus.Error.NameHasNoOwner"), Some("Could not activate remote peer 'org.a11y.atspi.Registry': unit failed"), Msg { type: Error, serial: 4294967295, sender: UniqueName("org.freedesktop.DBus"), reply-serial: 9, body: Str, fds: [] })
[2m2026-10-03T08:57:15.271753Z[0m [33m WARN[0m [2mplatform_linux::overlay[0m[2m:[0m X11 overlay: root reads cannot see this window's own pixels; save-unders will be served without readback confirmation
dbus-daemon[1860556]: [session uid=1000 pid=1860556 pidfd=4] Activating service name='org.freedesktop.systemd1' requested by ':1.4' (uid=1000 pid=1860842 comm="/usr/bin/dbus-broker-launch --config-file=/usr/sha")
dbus-daemon[1860556]: [session uid=1000 pid=1860556 pidfd=4] Activated service 'org.freedesktop.systemd1' failed: Process org.freedesktop.systemd1 exited with status 1
dbus-daemon[1860556]: [session uid=1000 pid=1860556 pidfd=4] Activating service name='org.freedesktop.systemd1' requested by ':1.4' (uid=1000 pid=1860842 comm="/usr/bin/dbus-broker-launch --config-file=/usr/sha")
dbus-daemon[1860556]: [session uid=1000 pid=1860556 pidfd=4] Activated service 'org.freedesktop.systemd1' failed: Process org.freedesktop.systemd1 exited with status 1
{"trial": "m-a1-r22-toggle-Wa", "outcome": "verified", "oracle_exact_match": true, "completion_mutations": 1, "routes": ["provider", "provider"], "loadavg_before": "2.61 4.81 4.26 1/2346 1862988"}
dbus-daemon[1860556]: [session uid=1000 pid=1860556 pidfd=4] Activating service name='org.freedesktop.systemd1' requested by ':1.4' (uid=1000 pid=1860842 comm="/usr/bin/dbus-broker-launch --config-file=/usr/sha")
dbus-daemon[1860556]: [session uid=1000 pid=1860556 pidfd=4] Activated service 'org.freedesktop.systemd1' failed: Process org.freedesktop.systemd1 exited with status 1
[2m2026-10-03T08:57:16.381505Z[0m [33m WARN[0m [2mcua_driver_sdk::runtime[0m[2m:[0m could not activate the persistent AT-SPI listener: AT-SPI connect failed: ZBus Error: MethodError(OwnedErrorName("org.freedesktop.DBus.Error.NameHasNoOwner"), Some("Could not activate remote peer 'org.a11y.atspi.Registry': unit failed"), Msg { type: Error, serial: 4294967295, sender: UniqueName("org.freedesktop.DBus"), reply-serial: 9, body: Str, fds: [] })
[2m2026-10-03T08:57:16.387914Z[0m [33m WARN[0m [2mplatform_linux::overlay[0m[2m:[0m X11 overlay: root reads cannot see this window's own pixels; save-unders will be served without readback confirmation
dbus-daemon[1860556]: [session uid=1000 pid=1860556 pidfd=4] Activating service name='org.freedesktop.systemd1' requested by ':1.4' (uid=1000 pid=1860842 comm="/usr/bin/dbus-broker-launch --config-file=/usr/sha")
dbus-daemon[1860556]: [session uid=1000 pid=1860556 pidfd=4] Activated service 'org.freedesktop.systemd1' failed: Process org.freedesktop.systemd1 exited with status 1
dbus-daemon[1860556]: [session uid=1000 pid=1860556 pidfd=4] Activating service name='org.freedesktop.systemd1' requested by ':1.4' (uid=1000 pid=1860842 comm="/usr/bin/dbus-broker-launch --config-file=/usr/sha")
dbus-daemon[1860556]: [session uid=1000 pid=1860556 pidfd=4] Activated service 'org.freedesktop.systemd1' failed: Process org.freedesktop.systemd1 exited with status 1
{"trial": "m-a1-r23-toggle-C", "outcome": "verified", "oracle_exact_match": true, "completion_mutations": 1, "routes": ["provider", "provider"], "loadavg_before": "2.56 4.76 4.25 1/2346 1863246"}
dbus-daemon[1860556]: [session uid=1000 pid=1860556 pidfd=4] Activating service name='org.freedesktop.systemd1' requested by ':1.4' (uid=1000 pid=1860842 comm="/usr/bin/dbus-broker-launch --config-file=/usr/sha")
dbus-daemon[1860556]: [session uid=1000 pid=1860556 pidfd=4] Activated service 'org.freedesktop.systemd1' failed: Process org.freedesktop.systemd1 exited with status 1
[2m2026-10-03T08:57:17.469553Z[0m [33m WARN[0m [2mcua_driver_sdk::runtime[0m[2m:[0m could not activate the persistent AT-SPI listener: AT-SPI connect failed: ZBus Error: MethodError(OwnedErrorName("org.freedesktop.DBus.Error.NameHasNoOwner"), Some("Could not activate remote peer 'org.a11y.atspi.Registry': unit failed"), Msg { type: Error, serial: 4294967295, sender: UniqueName("org.freedesktop.DBus"), reply-serial: 9, body: Str, fds: [] })
[2m2026-10-03T08:57:17.476496Z[0m [33m WARN[0m [2mplatform_linux::overlay[0m[2m:[0m X11 overlay: root reads cannot see this window's own pixels; save-unders will be served without readback confirmation
dbus-daemon[1860556]: [session uid=1000 pid=1860556 pidfd=4] Activating service name='org.freedesktop.systemd1' requested by ':1.4' (uid=1000 pid=1860842 comm="/usr/bin/dbus-broker-launch --config-file=/usr/sha")
dbus-daemon[1860556]: [session uid=1000 pid=1860556 pidfd=4] Activated service 'org.freedesktop.systemd1' failed: Process org.freedesktop.systemd1 exited with status 1
dbus-daemon[1860556]: [session uid=1000 pid=1860556 pidfd=4] Activating service name='org.freedesktop.systemd1' requested by ':1.4' (uid=1000 pid=1860842 comm="/usr/bin/dbus-broker-launch --config-file=/usr/sha")
dbus-daemon[1860556]: [session uid=1000 pid=1860556 pidfd=4] Activated service 'org.freedesktop.systemd1' failed: Process org.freedesktop.systemd1 exited with status 1
{"trial": "m-a1-r23-toggle-Wa", "outcome": "verified", "oracle_exact_match": true, "completion_mutations": 1, "routes": ["provider", "provider"], "loadavg_before": "2.56 4.76 4.25 3/2349 1863537"}
dbus-daemon[1860556]: [session uid=1000 pid=1860556 pidfd=4] Activating service name='org.freedesktop.systemd1' requested by ':1.4' (uid=1000 pid=1860842 comm="/usr/bin/dbus-broker-launch --config-file=/usr/sha")
dbus-daemon[1860556]: [session uid=1000 pid=1860556 pidfd=4] Activated service 'org.freedesktop.systemd1' failed: Process org.freedesktop.systemd1 exited with status 1
[2m2026-10-03T08:57:18.579170Z[0m [33m WARN[0m [2mcua_driver_sdk::runtime[0m[2m:[0m could not activate the persistent AT-SPI listener: AT-SPI connect failed: ZBus Error: MethodError(OwnedErrorName("org.freedesktop.DBus.Error.NameHasNoOwner"), Some("Could not activate remote peer 'org.a11y.atspi.Registry': unit failed"), Msg { type: Error, serial: 4294967295, sender: UniqueName("org.freedesktop.DBus"), reply-serial: 9, body: Str, fds: [] })
[2m2026-10-03T08:57:18.585927Z[0m [33m WARN[0m [2mplatform_linux::overlay[0m[2m:[0m X11 overlay: root reads cannot see this window's own pixels; save-unders will be served without readback confirmation
dbus-daemon[1860556]: [session uid=1000 pid=1860556 pidfd=4] Activating service name='org.freedesktop.systemd1' requested by ':1.4' (uid=1000 pid=1860842 comm="/usr/bin/dbus-broker-launch --config-file=/usr/sha")
dbus-daemon[1860556]: [session uid=1000 pid=1860556 pidfd=4] Activated service 'org.freedesktop.systemd1' failed: Process org.freedesktop.systemd1 exited with status 1
dbus-daemon[1860556]: [session uid=1000 pid=1860556 pidfd=4] Activating service name='org.freedesktop.systemd1' requested by ':1.4' (uid=1000 pid=1860842 comm="/usr/bin/dbus-broker-launch --config-file=/usr/sha")
dbus-daemon[1860556]: [session uid=1000 pid=1860556 pidfd=4] Activated service 'org.freedesktop.systemd1' failed: Process org.freedesktop.systemd1 exited with status 1
{"trial": "m-a1-r23-toggle-P", "outcome": "verified", "oracle_exact_match": true, "completion_mutations": 1, "routes": ["provider", "provider"], "loadavg_before": "2.56 4.76 4.25 1/2346 1863794"}
dbus-daemon[1860556]: [session uid=1000 pid=1860556 pidfd=4] Activating service name='org.freedesktop.systemd1' requested by ':1.4' (uid=1000 pid=1860842 comm="/usr/bin/dbus-broker-launch --config-file=/usr/sha")
dbus-daemon[1860556]: [session uid=1000 pid=1860556 pidfd=4] Activated service 'org.freedesktop.systemd1' failed: Process org.freedesktop.systemd1 exited with status 1
[2m2026-10-03T08:57:19.711824Z[0m [33m WARN[0m [2mcua_driver_sdk::runtime[0m[2m:[0m could not activate the persistent AT-SPI listener: AT-SPI connect failed: ZBus Error: MethodError(OwnedErrorName("org.freedesktop.DBus.Error.NameHasNoOwner"), Some("Could not activate remote peer 'org.a11y.atspi.Registry': unit failed"), Msg { type: Error, serial: 4294967295, sender: UniqueName("org.freedesktop.DBus"), reply-serial: 9, body: Str, fds: [] })
[2m2026-10-03T08:57:19.718380Z[0m [33m WARN[0m [2mplatform_linux::overlay[0m[2m:[0m X11 overlay: root reads cannot see this window's own pixels; save-unders will be served without readback confirmation
dbus-daemon[1860556]: [session uid=1000 pid=1860556 pidfd=4] Activating service name='org.freedesktop.systemd1' requested by ':1.4' (uid=1000 pid=1860842 comm="/usr/bin/dbus-broker-launch --config-file=/usr/sha")
dbus-daemon[1860556]: [session uid=1000 pid=1860556 pidfd=4] Activated service 'org.freedesktop.systemd1' failed: Process org.freedesktop.systemd1 exited with status 1
dbus-daemon[1860556]: [session uid=1000 pid=1860556 pidfd=4] Activating service name='org.freedesktop.systemd1' requested by ':1.4' (uid=1000 pid=1860842 comm="/usr/bin/dbus-broker-launch --config-file=/usr/sha")
dbus-daemon[1860556]: [session uid=1000 pid=1860556 pidfd=4] Activated service 'org.freedesktop.systemd1' failed: Process org.freedesktop.systemd1 exited with status 1
{"trial": "m-a1-r23-toggle-Wb", "outcome": "verified", "oracle_exact_match": true, "completion_mutations": 1, "routes": ["provider", "provider"], "loadavg_before": "2.56 4.76 4.25 1/2332 1864094"}
dbus-daemon[1860556]: [session uid=1000 pid=1860556 pidfd=4] Activating service name='org.freedesktop.systemd1' requested by ':1.4' (uid=1000 pid=1860842 comm="/usr/bin/dbus-broker-launch --config-file=/usr/sha")
dbus-daemon[1860556]: [session uid=1000 pid=1860556 pidfd=4] Activated service 'org.freedesktop.systemd1' failed: Process org.freedesktop.systemd1 exited with status 1
[2m2026-10-03T08:57:20.839733Z[0m [33m WARN[0m [2mcua_driver_sdk::runtime[0m[2m:[0m could not activate the persistent AT-SPI listener: AT-SPI connect failed: ZBus Error: MethodError(OwnedErrorName("org.freedesktop.DBus.Error.NameHasNoOwner"), Some("Could not activate remote peer 'org.a11y.atspi.Registry': unit failed"), Msg { type: Error, serial: 4294967295, sender: UniqueName("org.freedesktop.DBus"), reply-serial: 9, body: Str, fds: [] })
[2m2026-10-03T08:57:20.846173Z[0m [33m WARN[0m [2mplatform_linux::overlay[0m[2m:[0m X11 overlay: root reads cannot see this window's own pixels; save-unders will be served without readback confirmation
dbus-daemon[1860556]: [session uid=1000 pid=1860556 pidfd=4] Activating service name='org.freedesktop.systemd1' requested by ':1.4' (uid=1000 pid=1860842 comm="/usr/bin/dbus-broker-launch --config-file=/usr/sha")
dbus-daemon[1860556]: [session uid=1000 pid=1860556 pidfd=4] Activated service 'org.freedesktop.systemd1' failed: Process org.freedesktop.systemd1 exited with status 1
dbus-daemon[1860556]: [session uid=1000 pid=1860556 pidfd=4] Activating service name='org.freedesktop.systemd1' requested by ':1.4' (uid=1000 pid=1860842 comm="/usr/bin/dbus-broker-launch --config-file=/usr/sha")
dbus-daemon[1860556]: [session uid=1000 pid=1860556 pidfd=4] Activated service 'org.freedesktop.systemd1' failed: Process org.freedesktop.systemd1 exited with status 1
{"trial": "m-a1-r23-fill-P", "outcome": "verified", "oracle_exact_match": true, "completion_mutations": 1, "routes": ["compiled"], "loadavg_before": "2.36 4.68 4.23 1/2318 1864381"}
dbus-daemon[1860556]: [session uid=1000 pid=1860556 pidfd=4] Activating service name='org.freedesktop.systemd1' requested by ':1.4' (uid=1000 pid=1860842 comm="/usr/bin/dbus-broker-launch --config-file=/usr/sha")
dbus-daemon[1860556]: [session uid=1000 pid=1860556 pidfd=4] Activated service 'org.freedesktop.systemd1' failed: Process org.freedesktop.systemd1 exited with status 1
[2m2026-10-03T08:57:22.340086Z[0m [33m WARN[0m [2mcua_driver_sdk::runtime[0m[2m:[0m could not activate the persistent AT-SPI listener: AT-SPI connect failed: ZBus Error: MethodError(OwnedErrorName("org.freedesktop.DBus.Error.NameHasNoOwner"), Some("Could not activate remote peer 'org.a11y.atspi.Registry': unit failed"), Msg { type: Error, serial: 4294967295, sender: UniqueName("org.freedesktop.DBus"), reply-serial: 9, body: Str, fds: [] })
[2m2026-10-03T08:57:22.346754Z[0m [33m WARN[0m [2mplatform_linux::overlay[0m[2m:[0m X11 overlay: root reads cannot see this window's own pixels; save-unders will be served without readback confirmation
dbus-daemon[1860556]: [session uid=1000 pid=1860556 pidfd=4] Activating service name='org.freedesktop.systemd1' requested by ':1.4' (uid=1000 pid=1860842 comm="/usr/bin/dbus-broker-launch --config-file=/usr/sha")
dbus-daemon[1860556]: [session uid=1000 pid=1860556 pidfd=4] Activated service 'org.freedesktop.systemd1' failed: Process org.freedesktop.systemd1 exited with status 1
dbus-daemon[1860556]: [session uid=1000 pid=1860556 pidfd=4] Activating service name='org.freedesktop.systemd1' requested by ':1.4' (uid=1000 pid=1860842 comm="/usr/bin/dbus-broker-launch --config-file=/usr/sha")
dbus-daemon[1860556]: [session uid=1000 pid=1860556 pidfd=4] Activated service 'org.freedesktop.systemd1' failed: Process org.freedesktop.systemd1 exited with status 1
{"trial": "m-a1-r23-fill-C", "outcome": "verified", "oracle_exact_match": true, "completion_mutations": 1, "routes": ["compiled"], "loadavg_before": "2.36 4.68 4.23 2/2317 1864678"}
dbus-daemon[1860556]: [session uid=1000 pid=1860556 pidfd=4] Activating service name='org.freedesktop.systemd1' requested by ':1.4' (uid=1000 pid=1860842 comm="/usr/bin/dbus-broker-launch --config-file=/usr/sha")
dbus-daemon[1860556]: [session uid=1000 pid=1860556 pidfd=4] Activated service 'org.freedesktop.systemd1' failed: Process org.freedesktop.systemd1 exited with status 1
[2m2026-10-03T08:57:23.841149Z[0m [33m WARN[0m [2mcua_driver_sdk::runtime[0m[2m:[0m could not activate the persistent AT-SPI listener: AT-SPI connect failed: ZBus Error: MethodError(OwnedErrorName("org.freedesktop.DBus.Error.NameHasNoOwner"), Some("Could not activate remote peer 'org.a11y.atspi.Registry': unit failed"), Msg { type: Error, serial: 4294967295, sender: UniqueName("org.freedesktop.DBus"), reply-serial: 9, body: Str, fds: [] })
[2m2026-10-03T08:57:23.848153Z[0m [33m WARN[0m [2mplatform_linux::overlay[0m[2m:[0m X11 overlay: root reads cannot see this window's own pixels; save-unders will be served without readback confirmation
dbus-daemon[1860556]: [session uid=1000 pid=1860556 pidfd=4] Activating service name='org.freedesktop.systemd1' requested by ':1.4' (uid=1000 pid=1860842 comm="/usr/bin/dbus-broker-launch --config-file=/usr/sha")
dbus-daemon[1860556]: [session uid=1000 pid=1860556 pidfd=4] Activated service 'org.freedesktop.systemd1' failed: Process org.freedesktop.systemd1 exited with status 1
dbus-daemon[1860556]: [session uid=1000 pid=1860556 pidfd=4] Activating service name='org.freedesktop.systemd1' requested by ':1.4' (uid=1000 pid=1860842 comm="/usr/bin/dbus-broker-launch --config-file=/usr/sha")
dbus-daemon[1860556]: [session uid=1000 pid=1860556 pidfd=4] Activated service 'org.freedesktop.systemd1' failed: Process org.freedesktop.systemd1 exited with status 1
{"trial": "m-a1-r23-fill-Wb", "outcome": "verified", "oracle_exact_match": true, "completion_mutations": 1, "routes": ["compiled"], "loadavg_before": "2.36 4.68 4.23 2/2314 1864967"}
dbus-daemon[1860556]: [session uid=1000 pid=1860556 pidfd=4] Activating service name='org.freedesktop.systemd1' requested by ':1.4' (uid=1000 pid=1860842 comm="/usr/bin/dbus-broker-launch --config-file=/usr/sha")
dbus-daemon[1860556]: [session uid=1000 pid=1860556 pidfd=4] Activated service 'org.freedesktop.systemd1' failed: Process org.freedesktop.systemd1 exited with status 1
[2m2026-10-03T08:57:25.341182Z[0m [33m WARN[0m [2mcua_driver_sdk::runtime[0m[2m:[0m could not activate the persistent AT-SPI listener: AT-SPI connect failed: ZBus Error: MethodError(OwnedErrorName("org.freedesktop.DBus.Error.NameHasNoOwner"), Some("Could not activate remote peer 'org.a11y.atspi.Registry': unit failed"), Msg { type: Error, serial: 4294967295, sender: UniqueName("org.freedesktop.DBus"), reply-serial: 9, body: Str, fds: [] })
[2m2026-10-03T08:57:25.347251Z[0m [33m WARN[0m [2mplatform_linux::overlay[0m[2m:[0m X11 overlay: root reads cannot see this window's own pixels; save-unders will be served without readback confirmation
dbus-daemon[1860556]: [session uid=1000 pid=1860556 pidfd=4] Activating service name='org.freedesktop.systemd1' requested by ':1.4' (uid=1000 pid=1860842 comm="/usr/bin/dbus-broker-launch --config-file=/usr/sha")
dbus-daemon[1860556]: [session uid=1000 pid=1860556 pidfd=4] Activated service 'org.freedesktop.systemd1' failed: Process org.freedesktop.systemd1 exited with status 1
dbus-daemon[1860556]: [session uid=1000 pid=1860556 pidfd=4] Activating service name='org.freedesktop.systemd1' requested by ':1.4' (uid=1000 pid=1860842 comm="/usr/bin/dbus-broker-launch --config-file=/usr/sha")
dbus-daemon[1860556]: [session uid=1000 pid=1860556 pidfd=4] Activated service 'org.freedesktop.systemd1' failed: Process org.freedesktop.systemd1 exited with status 1
{"trial": "m-a1-r23-fill-Wa", "outcome": "verified", "oracle_exact_match": true, "completion_mutations": 1, "routes": ["compiled"], "loadavg_before": "2.36 4.68 4.23 1/2314 1865259"}
dbus-daemon[1860556]: [session uid=1000 pid=1860556 pidfd=4] Activating service name='org.freedesktop.systemd1' requested by ':1.4' (uid=1000 pid=1860842 comm="/usr/bin/dbus-broker-launch --config-file=/usr/sha")
dbus-daemon[1860556]: [session uid=1000 pid=1860556 pidfd=4] Activated service 'org.freedesktop.systemd1' failed: Process org.freedesktop.systemd1 exited with status 1
[2m2026-10-03T08:57:26.842953Z[0m [33m WARN[0m [2mcua_driver_sdk::runtime[0m[2m:[0m could not activate the persistent AT-SPI listener: AT-SPI connect failed: ZBus Error: MethodError(OwnedErrorName("org.freedesktop.DBus.Error.NameHasNoOwner"), Some("Could not activate remote peer 'org.a11y.atspi.Registry': unit failed"), Msg { type: Error, serial: 4294967295, sender: UniqueName("org.freedesktop.DBus"), reply-serial: 9, body: Str, fds: [] })
[2m2026-10-03T08:57:26.850011Z[0m [33m WARN[0m [2mplatform_linux::overlay[0m[2m:[0m X11 overlay: root reads cannot see this window's own pixels; save-unders will be served without readback confirmation
dbus-daemon[1860556]: [session uid=1000 pid=1860556 pidfd=4] Activating service name='org.freedesktop.systemd1' requested by ':1.4' (uid=1000 pid=1860842 comm="/usr/bin/dbus-broker-launch --config-file=/usr/sha")
dbus-daemon[1860556]: [session uid=1000 pid=1860556 pidfd=4] Activated service 'org.freedesktop.systemd1' failed: Process org.freedesktop.systemd1 exited with status 1
dbus-daemon[1860556]: [session uid=1000 pid=1860556 pidfd=4] Activating service name='org.freedesktop.systemd1' requested by ':1.4' (uid=1000 pid=1860842 comm="/usr/bin/dbus-broker-launch --config-file=/usr/sha")
dbus-daemon[1860556]: [session uid=1000 pid=1860556 pidfd=4] Activated service 'org.freedesktop.systemd1' failed: Process org.freedesktop.systemd1 exited with status 1
{"trial": "m-a1-r24-fill-C", "outcome": "verified", "oracle_exact_match": true, "completion_mutations": 1, "routes": ["compiled"], "loadavg_before": "2.25 4.62 4.21 1/2314 1865538"}
dbus-daemon[1860556]: [session uid=1000 pid=1860556 pidfd=4] Activating service name='org.freedesktop.systemd1' requested by ':1.4' (uid=1000 pid=1860842 comm="/usr/bin/dbus-broker-launch --config-file=/usr/sha")
dbus-daemon[1860556]: [session uid=1000 pid=1860556 pidfd=4] Activated service 'org.freedesktop.systemd1' failed: Process org.freedesktop.systemd1 exited with status 1
[2m2026-10-03T08:57:28.343247Z[0m [33m WARN[0m [2mcua_driver_sdk::runtime[0m[2m:[0m could not activate the persistent AT-SPI listener: AT-SPI connect failed: ZBus Error: MethodError(OwnedErrorName("org.freedesktop.DBus.Error.NameHasNoOwner"), Some("Could not activate remote peer 'org.a11y.atspi.Registry': unit failed"), Msg { type: Error, serial: 4294967295, sender: UniqueName("org.freedesktop.DBus"), reply-serial: 9, body: Str, fds: [] })
[2m2026-10-03T08:57:28.350166Z[0m [33m WARN[0m [2mplatform_linux::overlay[0m[2m:[0m X11 overlay: root reads cannot see this window's own pixels; save-unders will be served without readback confirmation
dbus-daemon[1860556]: [session uid=1000 pid=1860556 pidfd=4] Activating service name='org.freedesktop.systemd1' requested by ':1.4' (uid=1000 pid=1860842 comm="/usr/bin/dbus-broker-launch --config-file=/usr/sha")
dbus-daemon[1860556]: [session uid=1000 pid=1860556 pidfd=4] Activated service 'org.freedesktop.systemd1' failed: Process org.freedesktop.systemd1 exited with status 1
dbus-daemon[1860556]: [session uid=1000 pid=1860556 pidfd=4] Activating service name='org.freedesktop.systemd1' requested by ':1.4' (uid=1000 pid=1860842 comm="/usr/bin/dbus-broker-launch --config-file=/usr/sha")
dbus-daemon[1860556]: [session uid=1000 pid=1860556 pidfd=4] Activated service 'org.freedesktop.systemd1' failed: Process org.freedesktop.systemd1 exited with status 1
{"trial": "m-a1-r24-fill-Wa", "outcome": "verified", "oracle_exact_match": true, "completion_mutations": 1, "routes": ["compiled"], "loadavg_before": "2.25 4.62 4.21 1/2312 1865849"}
dbus-daemon[1860556]: [session uid=1000 pid=1860556 pidfd=4] Activating service name='org.freedesktop.systemd1' requested by ':1.4' (uid=1000 pid=1860842 comm="/usr/bin/dbus-broker-launch --config-file=/usr/sha")
dbus-daemon[1860556]: [session uid=1000 pid=1860556 pidfd=4] Activated service 'org.freedesktop.systemd1' failed: Process org.freedesktop.systemd1 exited with status 1
[2m2026-10-03T08:57:29.843912Z[0m [33m WARN[0m [2mcua_driver_sdk::runtime[0m[2m:[0m could not activate the persistent AT-SPI listener: AT-SPI connect failed: ZBus Error: MethodError(OwnedErrorName("org.freedesktop.DBus.Error.NameHasNoOwner"), Some("Could not activate remote peer 'org.a11y.atspi.Registry': unit failed"), Msg { type: Error, serial: 4294967295, sender: UniqueName("org.freedesktop.DBus"), reply-serial: 9, body: Str, fds: [] })
[2m2026-10-03T08:57:29.851126Z[0m [33m WARN[0m [2mplatform_linux::overlay[0m[2m:[0m X11 overlay: root reads cannot see this window's own pixels; save-unders will be served without readback confirmation
dbus-daemon[1860556]: [session uid=1000 pid=1860556 pidfd=4] Activating service name='org.freedesktop.systemd1' requested by ':1.4' (uid=1000 pid=1860842 comm="/usr/bin/dbus-broker-launch --config-file=/usr/sha")
dbus-daemon[1860556]: [session uid=1000 pid=1860556 pidfd=4] Activated service 'org.freedesktop.systemd1' failed: Process org.freedesktop.systemd1 exited with status 1
dbus-daemon[1860556]: [session uid=1000 pid=1860556 pidfd=4] Activating service name='org.freedesktop.systemd1' requested by ':1.4' (uid=1000 pid=1860842 comm="/usr/bin/dbus-broker-launch --config-file=/usr/sha")
dbus-daemon[1860556]: [session uid=1000 pid=1860556 pidfd=4] Activated service 'org.freedesktop.systemd1' failed: Process org.freedesktop.systemd1 exited with status 1
{"trial": "m-a1-r24-fill-P", "outcome": "verified", "oracle_exact_match": true, "completion_mutations": 1, "routes": ["compiled"], "loadavg_before": "2.25 4.62 4.21 2/2304 1866146"}
dbus-daemon[1860556]: [session uid=1000 pid=1860556 pidfd=4] Activating service name='org.freedesktop.systemd1' requested by ':1.4' (uid=1000 pid=1860842 comm="/usr/bin/dbus-broker-launch --config-file=/usr/sha")
dbus-daemon[1860556]: [session uid=1000 pid=1860556 pidfd=4] Activated service 'org.freedesktop.systemd1' failed: Process org.freedesktop.systemd1 exited with status 1
[2m2026-10-03T08:57:31.345395Z[0m [33m WARN[0m [2mcua_driver_sdk::runtime[0m[2m:[0m could not activate the persistent AT-SPI listener: AT-SPI connect failed: ZBus Error: MethodError(OwnedErrorName("org.freedesktop.DBus.Error.NameHasNoOwner"), Some("Could not activate remote peer 'org.a11y.atspi.Registry': unit failed"), Msg { type: Error, serial: 4294967295, sender: UniqueName("org.freedesktop.DBus"), reply-serial: 9, body: Str, fds: [] })
[2m2026-10-03T08:57:31.352034Z[0m [33m WARN[0m [2mplatform_linux::overlay[0m[2m:[0m X11 overlay: root reads cannot see this window's own pixels; save-unders will be served without readback confirmation
dbus-daemon[1860556]: [session uid=1000 pid=1860556 pidfd=4] Activating service name='org.freedesktop.systemd1' requested by ':1.4' (uid=1000 pid=1860842 comm="/usr/bin/dbus-broker-launch --config-file=/usr/sha")
dbus-daemon[1860556]: [session uid=1000 pid=1860556 pidfd=4] Activated service 'org.freedesktop.systemd1' failed: Process org.freedesktop.systemd1 exited with status 1
dbus-daemon[1860556]: [session uid=1000 pid=1860556 pidfd=4] Activating service name='org.freedesktop.systemd1' requested by ':1.4' (uid=1000 pid=1860842 comm="/usr/bin/dbus-broker-launch --config-file=/usr/sha")
dbus-daemon[1860556]: [session uid=1000 pid=1860556 pidfd=4] Activated service 'org.freedesktop.systemd1' failed: Process org.freedesktop.systemd1 exited with status 1
{"trial": "m-a1-r24-fill-Wb", "outcome": "verified", "oracle_exact_match": true, "completion_mutations": 1, "routes": ["compiled"], "loadavg_before": "2.07 4.54 4.19 1/2304 1866434"}
dbus-daemon[1860556]: [session uid=1000 pid=1860556 pidfd=4] Activating service name='org.freedesktop.systemd1' requested by ':1.4' (uid=1000 pid=1860842 comm="/usr/bin/dbus-broker-launch --config-file=/usr/sha")
dbus-daemon[1860556]: [session uid=1000 pid=1860556 pidfd=4] Activated service 'org.freedesktop.systemd1' failed: Process org.freedesktop.systemd1 exited with status 1
[2m2026-10-03T08:57:32.846037Z[0m [33m WARN[0m [2mcua_driver_sdk::runtime[0m[2m:[0m could not activate the persistent AT-SPI listener: AT-SPI connect failed: ZBus Error: MethodError(OwnedErrorName("org.freedesktop.DBus.Error.NameHasNoOwner"), Some("Could not activate remote peer 'org.a11y.atspi.Registry': unit failed"), Msg { type: Error, serial: 4294967295, sender: UniqueName("org.freedesktop.DBus"), reply-serial: 9, body: Str, fds: [] })
[2m2026-10-03T08:57:32.852506Z[0m [33m WARN[0m [2mplatform_linux::overlay[0m[2m:[0m X11 overlay: root reads cannot see this window's own pixels; save-unders will be served without readback confirmation
dbus-daemon[1860556]: [session uid=1000 pid=1860556 pidfd=4] Activating service name='org.freedesktop.systemd1' requested by ':1.4' (uid=1000 pid=1860842 comm="/usr/bin/dbus-broker-launch --config-file=/usr/sha")
dbus-daemon[1860556]: [session uid=1000 pid=1860556 pidfd=4] Activated service 'org.freedesktop.systemd1' failed: Process org.freedesktop.systemd1 exited with status 1
dbus-daemon[1860556]: [session uid=1000 pid=1860556 pidfd=4] Activating service name='org.freedesktop.systemd1' requested by ':1.4' (uid=1000 pid=1860842 comm="/usr/bin/dbus-broker-launch --config-file=/usr/sha")
dbus-daemon[1860556]: [session uid=1000 pid=1860556 pidfd=4] Activated service 'org.freedesktop.systemd1' failed: Process org.freedesktop.systemd1 exited with status 1
{"trial": "m-a1-r24-toggle-Wa", "outcome": "verified", "oracle_exact_match": true, "completion_mutations": 1, "routes": ["provider", "provider"], "loadavg_before": "2.07 4.54 4.19 1/2305 1866736"}
dbus-daemon[1860556]: [session uid=1000 pid=1860556 pidfd=4] Activating service name='org.freedesktop.systemd1' requested by ':1.4' (uid=1000 pid=1860842 comm="/usr/bin/dbus-broker-launch --config-file=/usr/sha")
dbus-daemon[1860556]: [session uid=1000 pid=1860556 pidfd=4] Activated service 'org.freedesktop.systemd1' failed: Process org.freedesktop.systemd1 exited with status 1
[2m2026-10-03T08:57:33.963441Z[0m [33m WARN[0m [2mcua_driver_sdk::runtime[0m[2m:[0m could not activate the persistent AT-SPI listener: AT-SPI connect failed: ZBus Error: MethodError(OwnedErrorName("org.freedesktop.DBus.Error.NameHasNoOwner"), Some("Could not activate remote peer 'org.a11y.atspi.Registry': unit failed"), Msg { type: Error, serial: 4294967295, sender: UniqueName("org.freedesktop.DBus"), reply-serial: 9, body: Str, fds: [] })
[2m2026-10-03T08:57:33.970066Z[0m [33m WARN[0m [2mplatform_linux::overlay[0m[2m:[0m X11 overlay: root reads cannot see this window's own pixels; save-unders will be served without readback confirmation
dbus-daemon[1860556]: [session uid=1000 pid=1860556 pidfd=4] Activating service name='org.freedesktop.systemd1' requested by ':1.4' (uid=1000 pid=1860842 comm="/usr/bin/dbus-broker-launch --config-file=/usr/sha")
dbus-daemon[1860556]: [session uid=1000 pid=1860556 pidfd=4] Activated service 'org.freedesktop.systemd1' failed: Process org.freedesktop.systemd1 exited with status 1
dbus-daemon[1860556]: [session uid=1000 pid=1860556 pidfd=4] Activating service name='org.freedesktop.systemd1' requested by ':1.4' (uid=1000 pid=1860842 comm="/usr/bin/dbus-broker-launch --config-file=/usr/sha")
dbus-daemon[1860556]: [session uid=1000 pid=1860556 pidfd=4] Activated service 'org.freedesktop.systemd1' failed: Process org.freedesktop.systemd1 exited with status 1
{"trial": "m-a1-r24-toggle-Wb", "outcome": "verified", "oracle_exact_match": true, "completion_mutations": 1, "routes": ["provider", "provider"], "loadavg_before": "2.07 4.54 4.19 1/2305 1867019"}
dbus-daemon[1860556]: [session uid=1000 pid=1860556 pidfd=4] Activating service name='org.freedesktop.systemd1' requested by ':1.4' (uid=1000 pid=1860842 comm="/usr/bin/dbus-broker-launch --config-file=/usr/sha")
dbus-daemon[1860556]: [session uid=1000 pid=1860556 pidfd=4] Activated service 'org.freedesktop.systemd1' failed: Process org.freedesktop.systemd1 exited with status 1
[2m2026-10-03T08:57:35.092011Z[0m [33m WARN[0m [2mcua_driver_sdk::runtime[0m[2m:[0m could not activate the persistent AT-SPI listener: AT-SPI connect failed: ZBus Error: MethodError(OwnedErrorName("org.freedesktop.DBus.Error.NameHasNoOwner"), Some("Could not activate remote peer 'org.a11y.atspi.Registry': unit failed"), Msg { type: Error, serial: 4294967295, sender: UniqueName("org.freedesktop.DBus"), reply-serial: 9, body: Str, fds: [] })
[2m2026-10-03T08:57:35.098573Z[0m [33m WARN[0m [2mplatform_linux::overlay[0m[2m:[0m X11 overlay: root reads cannot see this window's own pixels; save-unders will be served without readback confirmation
dbus-daemon[1860556]: [session uid=1000 pid=1860556 pidfd=4] Activating service name='org.freedesktop.systemd1' requested by ':1.4' (uid=1000 pid=1860842 comm="/usr/bin/dbus-broker-launch --config-file=/usr/sha")
dbus-daemon[1860556]: [session uid=1000 pid=1860556 pidfd=4] Activated service 'org.freedesktop.systemd1' failed: Process org.freedesktop.systemd1 exited with status 1
dbus-daemon[1860556]: [session uid=1000 pid=1860556 pidfd=4] Activating service name='org.freedesktop.systemd1' requested by ':1.4' (uid=1000 pid=1860842 comm="/usr/bin/dbus-broker-launch --config-file=/usr/sha")
dbus-daemon[1860556]: [session uid=1000 pid=1860556 pidfd=4] Activated service 'org.freedesktop.systemd1' failed: Process org.freedesktop.systemd1 exited with status 1
{"trial": "m-a1-r24-toggle-C", "outcome": "verified", "oracle_exact_match": true, "completion_mutations": 1, "routes": ["provider", "provider"], "loadavg_before": "2.07 4.54 4.19 1/2313 1867400"}
dbus-daemon[1860556]: [session uid=1000 pid=1860556 pidfd=4] Activating service name='org.freedesktop.systemd1' requested by ':1.4' (uid=1000 pid=1860842 comm="/usr/bin/dbus-broker-launch --config-file=/usr/sha")
dbus-daemon[1860556]: [session uid=1000 pid=1860556 pidfd=4] Activated service 'org.freedesktop.systemd1' failed: Process org.freedesktop.systemd1 exited with status 1
[2m2026-10-03T08:57:36.189925Z[0m [33m WARN[0m [2mcua_driver_sdk::runtime[0m[2m:[0m could not activate the persistent AT-SPI listener: AT-SPI connect failed: ZBus Error: MethodError(OwnedErrorName("org.freedesktop.DBus.Error.NameHasNoOwner"), Some("Could not activate remote peer 'org.a11y.atspi.Registry': unit failed"), Msg { type: Error, serial: 4294967295, sender: UniqueName("org.freedesktop.DBus"), reply-serial: 9, body: Str, fds: [] })
[2m2026-10-03T08:57:36.196457Z[0m [33m WARN[0m [2mplatform_linux::overlay[0m[2m:[0m X11 overlay: root reads cannot see this window's own pixels; save-unders will be served without readback confirmation
dbus-daemon[1860556]: [session uid=1000 pid=1860556 pidfd=4] Activating service name='org.freedesktop.systemd1' requested by ':1.4' (uid=1000 pid=1860842 comm="/usr/bin/dbus-broker-launch --config-file=/usr/sha")
dbus-daemon[1860556]: [session uid=1000 pid=1860556 pidfd=4] Activated service 'org.freedesktop.systemd1' failed: Process org.freedesktop.systemd1 exited with status 1
dbus-daemon[1860556]: [session uid=1000 pid=1860556 pidfd=4] Activating service name='org.freedesktop.systemd1' requested by ':1.4' (uid=1000 pid=1860842 comm="/usr/bin/dbus-broker-launch --config-file=/usr/sha")
dbus-daemon[1860556]: [session uid=1000 pid=1860556 pidfd=4] Activated service 'org.freedesktop.systemd1' failed: Process org.freedesktop.systemd1 exited with status 1
{"trial": "m-a1-r24-toggle-P", "outcome": "verified", "oracle_exact_match": true, "completion_mutations": 1, "routes": ["provider", "provider"], "loadavg_before": "2.54 4.60 4.21 1/2309 1867713"}
dbus-daemon[1860556]: [session uid=1000 pid=1860556 pidfd=4] Activating service name='org.freedesktop.systemd1' requested by ':1.4' (uid=1000 pid=1860842 comm="/usr/bin/dbus-broker-launch --config-file=/usr/sha")
dbus-daemon[1860556]: [session uid=1000 pid=1860556 pidfd=4] Activated service 'org.freedesktop.systemd1' failed: Process org.freedesktop.systemd1 exited with status 1
[2m2026-10-03T08:57:37.326608Z[0m [33m WARN[0m [2mcua_driver_sdk::runtime[0m[2m:[0m could not activate the persistent AT-SPI listener: AT-SPI connect failed: ZBus Error: MethodError(OwnedErrorName("org.freedesktop.DBus.Error.NameHasNoOwner"), Some("Could not activate remote peer 'org.a11y.atspi.Registry': unit failed"), Msg { type: Error, serial: 4294967295, sender: UniqueName("org.freedesktop.DBus"), reply-serial: 9, body: Str, fds: [] })
[2m2026-10-03T08:57:37.333153Z[0m [33m WARN[0m [2mplatform_linux::overlay[0m[2m:[0m X11 overlay: root reads cannot see this window's own pixels; save-unders will be served without readback confirmation
dbus-daemon[1860556]: [session uid=1000 pid=1860556 pidfd=4] Activating service name='org.freedesktop.systemd1' requested by ':1.4' (uid=1000 pid=1860842 comm="/usr/bin/dbus-broker-launch --config-file=/usr/sha")
dbus-daemon[1860556]: [session uid=1000 pid=1860556 pidfd=4] Activated service 'org.freedesktop.systemd1' failed: Process org.freedesktop.systemd1 exited with status 1
dbus-daemon[1860556]: [session uid=1000 pid=1860556 pidfd=4] Activating service name='org.freedesktop.systemd1' requested by ':1.4' (uid=1000 pid=1860842 comm="/usr/bin/dbus-broker-launch --config-file=/usr/sha")
dbus-daemon[1860556]: [session uid=1000 pid=1860556 pidfd=4] Activated service 'org.freedesktop.systemd1' failed: Process org.freedesktop.systemd1 exited with status 1
{"trial": "m-a1-r25-toggle-Wb", "outcome": "verified", "oracle_exact_match": true, "completion_mutations": 1, "routes": ["provider", "provider"], "loadavg_before": "2.54 4.60 4.21 3/2312 1868045"}
dbus-daemon[1860556]: [session uid=1000 pid=1860556 pidfd=4] Activating service name='org.freedesktop.systemd1' requested by ':1.4' (uid=1000 pid=1860842 comm="/usr/bin/dbus-broker-launch --config-file=/usr/sha")
dbus-daemon[1860556]: [session uid=1000 pid=1860556 pidfd=4] Activated service 'org.freedesktop.systemd1' failed: Process org.freedesktop.systemd1 exited with status 1
[2m2026-10-03T08:57:38.466544Z[0m [33m WARN[0m [2mcua_driver_sdk::runtime[0m[2m:[0m could not activate the persistent AT-SPI listener: AT-SPI connect failed: ZBus Error: MethodError(OwnedErrorName("org.freedesktop.DBus.Error.NameHasNoOwner"), Some("Could not activate remote peer 'org.a11y.atspi.Registry': unit failed"), Msg { type: Error, serial: 4294967295, sender: UniqueName("org.freedesktop.DBus"), reply-serial: 9, body: Str, fds: [] })
[2m2026-10-03T08:57:38.473747Z[0m [33m WARN[0m [2mplatform_linux::overlay[0m[2m:[0m X11 overlay: root reads cannot see this window's own pixels; save-unders will be served without readback confirmation
dbus-daemon[1860556]: [session uid=1000 pid=1860556 pidfd=4] Activating service name='org.freedesktop.systemd1' requested by ':1.4' (uid=1000 pid=1860842 comm="/usr/bin/dbus-broker-launch --config-file=/usr/sha")
dbus-daemon[1860556]: [session uid=1000 pid=1860556 pidfd=4] Activated service 'org.freedesktop.systemd1' failed: Process org.freedesktop.systemd1 exited with status 1
dbus-daemon[1860556]: [session uid=1000 pid=1860556 pidfd=4] Activating service name='org.freedesktop.systemd1' requested by ':1.4' (uid=1000 pid=1860842 comm="/usr/bin/dbus-broker-launch --config-file=/usr/sha")
dbus-daemon[1860556]: [session uid=1000 pid=1860556 pidfd=4] Activated service 'org.freedesktop.systemd1' failed: Process org.freedesktop.systemd1 exited with status 1
{"trial": "m-a1-r25-toggle-P", "outcome": "verified", "oracle_exact_match": true, "completion_mutations": 1, "routes": ["provider", "provider"], "loadavg_before": "2.54 4.60 4.21 1/2314 1868363"}
dbus-daemon[1860556]: [session uid=1000 pid=1860556 pidfd=4] Activating service name='org.freedesktop.systemd1' requested by ':1.4' (uid=1000 pid=1860842 comm="/usr/bin/dbus-broker-launch --config-file=/usr/sha")
dbus-daemon[1860556]: [session uid=1000 pid=1860556 pidfd=4] Activated service 'org.freedesktop.systemd1' failed: Process org.freedesktop.systemd1 exited with status 1
[2m2026-10-03T08:57:39.606244Z[0m [33m WARN[0m [2mcua_driver_sdk::runtime[0m[2m:[0m could not activate the persistent AT-SPI listener: AT-SPI connect failed: ZBus Error: MethodError(OwnedErrorName("org.freedesktop.DBus.Error.NameHasNoOwner"), Some("Could not activate remote peer 'org.a11y.atspi.Registry': unit failed"), Msg { type: Error, serial: 4294967295, sender: UniqueName("org.freedesktop.DBus"), reply-serial: 9, body: Str, fds: [] })
[2m2026-10-03T08:57:39.612976Z[0m [33m WARN[0m [2mplatform_linux::overlay[0m[2m:[0m X11 overlay: root reads cannot see this window's own pixels; save-unders will be served without readback confirmation
dbus-daemon[1860556]: [session uid=1000 pid=1860556 pidfd=4] Activating service name='org.freedesktop.systemd1' requested by ':1.4' (uid=1000 pid=1860842 comm="/usr/bin/dbus-broker-launch --config-file=/usr/sha")
dbus-daemon[1860556]: [session uid=1000 pid=1860556 pidfd=4] Activated service 'org.freedesktop.systemd1' failed: Process org.freedesktop.systemd1 exited with status 1
dbus-daemon[1860556]: [session uid=1000 pid=1860556 pidfd=4] Activating service name='org.freedesktop.systemd1' requested by ':1.4' (uid=1000 pid=1860842 comm="/usr/bin/dbus-broker-launch --config-file=/usr/sha")
dbus-daemon[1860556]: [session uid=1000 pid=1860556 pidfd=4] Activated service 'org.freedesktop.systemd1' failed: Process org.freedesktop.systemd1 exited with status 1
{"trial": "m-a1-r25-toggle-Wa", "outcome": "verified", "oracle_exact_match": true, "completion_mutations": 1, "routes": ["provider", "provider"], "loadavg_before": "2.54 4.60 4.21 2/2336 1868873"}
dbus-daemon[1860556]: [session uid=1000 pid=1860556 pidfd=4] Activating service name='org.freedesktop.systemd1' requested by ':1.4' (uid=1000 pid=1860842 comm="/usr/bin/dbus-broker-launch --config-file=/usr/sha")
dbus-daemon[1860556]: [session uid=1000 pid=1860556 pidfd=4] Activated service 'org.freedesktop.systemd1' failed: Process org.freedesktop.systemd1 exited with status 1
[2m2026-10-03T08:57:40.726686Z[0m [33m WARN[0m [2mcua_driver_sdk::runtime[0m[2m:[0m could not activate the persistent AT-SPI listener: AT-SPI connect failed: ZBus Error: MethodError(OwnedErrorName("org.freedesktop.DBus.Error.NameHasNoOwner"), Some("Could not activate remote peer 'org.a11y.atspi.Registry': unit failed"), Msg { type: Error, serial: 4294967295, sender: UniqueName("org.freedesktop.DBus"), reply-serial: 9, body: Str, fds: [] })
[2m2026-10-03T08:57:40.733569Z[0m [33m WARN[0m [2mplatform_linux::overlay[0m[2m:[0m X11 overlay: root reads cannot see this window's own pixels; save-unders will be served without readback confirmation
dbus-daemon[1860556]: [session uid=1000 pid=1860556 pidfd=4] Activating service name='org.freedesktop.systemd1' requested by ':1.4' (uid=1000 pid=1860842 comm="/usr/bin/dbus-broker-launch --config-file=/usr/sha")
dbus-daemon[1860556]: [session uid=1000 pid=1860556 pidfd=4] Activated service 'org.freedesktop.systemd1' failed: Process org.freedesktop.systemd1 exited with status 1
dbus-daemon[1860556]: [session uid=1000 pid=1860556 pidfd=4] Activating service name='org.freedesktop.systemd1' requested by ':1.4' (uid=1000 pid=1860842 comm="/usr/bin/dbus-broker-launch --config-file=/usr/sha")
dbus-daemon[1860556]: [session uid=1000 pid=1860556 pidfd=4] Activated service 'org.freedesktop.systemd1' failed: Process org.freedesktop.systemd1 exited with status 1
{"trial": "m-a1-r25-toggle-C", "outcome": "verified", "oracle_exact_match": true, "completion_mutations": 1, "routes": ["provider", "provider"], "loadavg_before": "2.34 4.52 4.19 2/2349 1869171"}
dbus-daemon[1860556]: [session uid=1000 pid=1860556 pidfd=4] Activating service name='org.freedesktop.systemd1' requested by ':1.4' (uid=1000 pid=1860842 comm="/usr/bin/dbus-broker-launch --config-file=/usr/sha")
dbus-daemon[1860556]: [session uid=1000 pid=1860556 pidfd=4] Activated service 'org.freedesktop.systemd1' failed: Process org.freedesktop.systemd1 exited with status 1
[2m2026-10-03T08:57:41.832397Z[0m [33m WARN[0m [2mcua_driver_sdk::runtime[0m[2m:[0m could not activate the persistent AT-SPI listener: AT-SPI connect failed: ZBus Error: MethodError(OwnedErrorName("org.freedesktop.DBus.Error.NameHasNoOwner"), Some("Could not activate remote peer 'org.a11y.atspi.Registry': unit failed"), Msg { type: Error, serial: 4294967295, sender: UniqueName("org.freedesktop.DBus"), reply-serial: 9, body: Str, fds: [] })
[2m2026-10-03T08:57:41.839023Z[0m [33m WARN[0m [2mplatform_linux::overlay[0m[2m:[0m X11 overlay: root reads cannot see this window's own pixels; save-unders will be served without readback confirmation
dbus-daemon[1860556]: [session uid=1000 pid=1860556 pidfd=4] Activating service name='org.freedesktop.systemd1' requested by ':1.4' (uid=1000 pid=1860842 comm="/usr/bin/dbus-broker-launch --config-file=/usr/sha")
dbus-daemon[1860556]: [session uid=1000 pid=1860556 pidfd=4] Activated service 'org.freedesktop.systemd1' failed: Process org.freedesktop.systemd1 exited with status 1
dbus-daemon[1860556]: [session uid=1000 pid=1860556 pidfd=4] Activating service name='org.freedesktop.systemd1' requested by ':1.4' (uid=1000 pid=1860842 comm="/usr/bin/dbus-broker-launch --config-file=/usr/sha")
dbus-daemon[1860556]: [session uid=1000 pid=1860556 pidfd=4] Activated service 'org.freedesktop.systemd1' failed: Process org.freedesktop.systemd1 exited with status 1
{"trial": "m-a1-r25-fill-Wa", "outcome": "verified", "oracle_exact_match": true, "completion_mutations": 1, "routes": ["compiled"], "loadavg_before": "2.34 4.52 4.19 2/2347 1869454"}
dbus-daemon[1860556]: [session uid=1000 pid=1860556 pidfd=4] Activating service name='org.freedesktop.systemd1' requested by ':1.4' (uid=1000 pid=1860842 comm="/usr/bin/dbus-broker-launch --config-file=/usr/sha")
dbus-daemon[1860556]: [session uid=1000 pid=1860556 pidfd=4] Activated service 'org.freedesktop.systemd1' failed: Process org.freedesktop.systemd1 exited with status 1
[2m2026-10-03T08:57:43.333112Z[0m [33m WARN[0m [2mcua_driver_sdk::runtime[0m[2m:[0m could not activate the persistent AT-SPI listener: AT-SPI connect failed: ZBus Error: MethodError(OwnedErrorName("org.freedesktop.DBus.Error.NameHasNoOwner"), Some("Could not activate remote peer 'org.a11y.atspi.Registry': unit failed"), Msg { type: Error, serial: 4294967295, sender: UniqueName("org.freedesktop.DBus"), reply-serial: 9, body: Str, fds: [] })
[2m2026-10-03T08:57:43.339293Z[0m [33m WARN[0m [2mplatform_linux::overlay[0m[2m:[0m X11 overlay: root reads cannot see this window's own pixels; save-unders will be served without readback confirmation
dbus-daemon[1860556]: [session uid=1000 pid=1860556 pidfd=4] Activating service name='org.freedesktop.systemd1' requested by ':1.4' (uid=1000 pid=1860842 comm="/usr/bin/dbus-broker-launch --config-file=/usr/sha")
dbus-daemon[1860556]: [session uid=1000 pid=1860556 pidfd=4] Activated service 'org.freedesktop.systemd1' failed: Process org.freedesktop.systemd1 exited with status 1
dbus-daemon[1860556]: [session uid=1000 pid=1860556 pidfd=4] Activating service name='org.freedesktop.systemd1' requested by ':1.4' (uid=1000 pid=1860842 comm="/usr/bin/dbus-broker-launch --config-file=/usr/sha")
dbus-daemon[1860556]: [session uid=1000 pid=1860556 pidfd=4] Activated service 'org.freedesktop.systemd1' failed: Process org.freedesktop.systemd1 exited with status 1
{"trial": "m-a1-r25-fill-Wb", "outcome": "verified", "oracle_exact_match": true, "completion_mutations": 1, "routes": ["compiled"], "loadavg_before": "2.34 4.52 4.19 2/2345 1869734"}
dbus-daemon[1860556]: [session uid=1000 pid=1860556 pidfd=4] Activating service name='org.freedesktop.systemd1' requested by ':1.4' (uid=1000 pid=1860842 comm="/usr/bin/dbus-broker-launch --config-file=/usr/sha")
dbus-daemon[1860556]: [session uid=1000 pid=1860556 pidfd=4] Activated service 'org.freedesktop.systemd1' failed: Process org.freedesktop.systemd1 exited with status 1
[2m2026-10-03T08:57:44.834382Z[0m [33m WARN[0m [2mcua_driver_sdk::runtime[0m[2m:[0m could not activate the persistent AT-SPI listener: AT-SPI connect failed: ZBus Error: MethodError(OwnedErrorName("org.freedesktop.DBus.Error.NameHasNoOwner"), Some("Could not activate remote peer 'org.a11y.atspi.Registry': unit failed"), Msg { type: Error, serial: 4294967295, sender: UniqueName("org.freedesktop.DBus"), reply-serial: 9, body: Str, fds: [] })
[2m2026-10-03T08:57:44.840974Z[0m [33m WARN[0m [2mplatform_linux::overlay[0m[2m:[0m X11 overlay: root reads cannot see this window's own pixels; save-unders will be served without readback confirmation
dbus-daemon[1860556]: [session uid=1000 pid=1860556 pidfd=4] Activating service name='org.freedesktop.systemd1' requested by ':1.4' (uid=1000 pid=1860842 comm="/usr/bin/dbus-broker-launch --config-file=/usr/sha")
dbus-daemon[1860556]: [session uid=1000 pid=1860556 pidfd=4] Activated service 'org.freedesktop.systemd1' failed: Process org.freedesktop.systemd1 exited with status 1
dbus-daemon[1860556]: [session uid=1000 pid=1860556 pidfd=4] Activating service name='org.freedesktop.systemd1' requested by ':1.4' (uid=1000 pid=1860842 comm="/usr/bin/dbus-broker-launch --config-file=/usr/sha")
dbus-daemon[1860556]: [session uid=1000 pid=1860556 pidfd=4] Activated service 'org.freedesktop.systemd1' failed: Process org.freedesktop.systemd1 exited with status 1
{"trial": "m-a1-r25-fill-C", "outcome": "verified", "oracle_exact_match": true, "completion_mutations": 1, "routes": ["compiled"], "loadavg_before": "2.34 4.52 4.19 1/2346 1870014"}
dbus-daemon[1860556]: [session uid=1000 pid=1860556 pidfd=4] Activating service name='org.freedesktop.systemd1' requested by ':1.4' (uid=1000 pid=1860842 comm="/usr/bin/dbus-broker-launch --config-file=/usr/sha")
dbus-daemon[1860556]: [session uid=1000 pid=1860556 pidfd=4] Activated service 'org.freedesktop.systemd1' failed: Process org.freedesktop.systemd1 exited with status 1
[2m2026-10-03T08:57:46.334754Z[0m [33m WARN[0m [2mcua_driver_sdk::runtime[0m[2m:[0m could not activate the persistent AT-SPI listener: AT-SPI connect failed: ZBus Error: MethodError(OwnedErrorName("org.freedesktop.DBus.Error.NameHasNoOwner"), Some("Could not activate remote peer 'org.a11y.atspi.Registry': unit failed"), Msg { type: Error, serial: 4294967295, sender: UniqueName("org.freedesktop.DBus"), reply-serial: 9, body: Str, fds: [] })
[2m2026-10-03T08:57:46.341467Z[0m [33m WARN[0m [2mplatform_linux::overlay[0m[2m:[0m X11 overlay: root reads cannot see this window's own pixels; save-unders will be served without readback confirmation
dbus-daemon[1860556]: [session uid=1000 pid=1860556 pidfd=4] Activating service name='org.freedesktop.systemd1' requested by ':1.4' (uid=1000 pid=1860842 comm="/usr/bin/dbus-broker-launch --config-file=/usr/sha")
dbus-daemon[1860556]: [session uid=1000 pid=1860556 pidfd=4] Activated service 'org.freedesktop.systemd1' failed: Process org.freedesktop.systemd1 exited with status 1
dbus-daemon[1860556]: [session uid=1000 pid=1860556 pidfd=4] Activating service name='org.freedesktop.systemd1' requested by ':1.4' (uid=1000 pid=1860842 comm="/usr/bin/dbus-broker-launch --config-file=/usr/sha")
dbus-daemon[1860556]: [session uid=1000 pid=1860556 pidfd=4] Activated service 'org.freedesktop.systemd1' failed: Process org.freedesktop.systemd1 exited with status 1
{"trial": "m-a1-r25-fill-P", "outcome": "verified", "oracle_exact_match": true, "completion_mutations": 1, "routes": ["compiled"], "loadavg_before": "2.15 4.45 4.16 2/2349 1870322"}
dbus-daemon[1860556]: [session uid=1000 pid=1860556 pidfd=4] Activating service name='org.freedesktop.systemd1' requested by ':1.4' (uid=1000 pid=1860842 comm="/usr/bin/dbus-broker-launch --config-file=/usr/sha")
dbus-daemon[1860556]: [session uid=1000 pid=1860556 pidfd=4] Activated service 'org.freedesktop.systemd1' failed: Process org.freedesktop.systemd1 exited with status 1
[2m2026-10-03T08:57:47.836130Z[0m [33m WARN[0m [2mcua_driver_sdk::runtime[0m[2m:[0m could not activate the persistent AT-SPI listener: AT-SPI connect failed: ZBus Error: MethodError(OwnedErrorName("org.freedesktop.DBus.Error.NameHasNoOwner"), Some("Could not activate remote peer 'org.a11y.atspi.Registry': unit failed"), Msg { type: Error, serial: 4294967295, sender: UniqueName("org.freedesktop.DBus"), reply-serial: 9, body: Str, fds: [] })
[2m2026-10-03T08:57:47.843444Z[0m [33m WARN[0m [2mplatform_linux::overlay[0m[2m:[0m X11 overlay: root reads cannot see this window's own pixels; save-unders will be served without readback confirmation
dbus-daemon[1860556]: [session uid=1000 pid=1860556 pidfd=4] Activating service name='org.freedesktop.systemd1' requested by ':1.4' (uid=1000 pid=1860842 comm="/usr/bin/dbus-broker-launch --config-file=/usr/sha")
dbus-daemon[1860556]: [session uid=1000 pid=1860556 pidfd=4] Activated service 'org.freedesktop.systemd1' failed: Process org.freedesktop.systemd1 exited with status 1
dbus-daemon[1860556]: [session uid=1000 pid=1860556 pidfd=4] Activating service name='org.freedesktop.systemd1' requested by ':1.4' (uid=1000 pid=1860842 comm="/usr/bin/dbus-broker-launch --config-file=/usr/sha")
dbus-daemon[1860556]: [session uid=1000 pid=1860556 pidfd=4] Activated service 'org.freedesktop.systemd1' failed: Process org.freedesktop.systemd1 exited with status 1
{"trial": "m-a1-r26-fill-Wb", "outcome": "verified", "oracle_exact_match": true, "completion_mutations": 1, "routes": ["compiled"], "loadavg_before": "2.15 4.45 4.16 1/2348 1870661"}
dbus-daemon[1860556]: [session uid=1000 pid=1860556 pidfd=4] Activating service name='org.freedesktop.systemd1' requested by ':1.4' (uid=1000 pid=1860842 comm="/usr/bin/dbus-broker-launch --config-file=/usr/sha")
dbus-daemon[1860556]: [session uid=1000 pid=1860556 pidfd=4] Activated service 'org.freedesktop.systemd1' failed: Process org.freedesktop.systemd1 exited with status 1
[2m2026-10-03T08:57:49.336091Z[0m [33m WARN[0m [2mcua_driver_sdk::runtime[0m[2m:[0m could not activate the persistent AT-SPI listener: AT-SPI connect failed: ZBus Error: MethodError(OwnedErrorName("org.freedesktop.DBus.Error.NameHasNoOwner"), Some("Could not activate remote peer 'org.a11y.atspi.Registry': unit failed"), Msg { type: Error, serial: 4294967295, sender: UniqueName("org.freedesktop.DBus"), reply-serial: 9, body: Str, fds: [] })
[2m2026-10-03T08:57:49.342526Z[0m [33m WARN[0m [2mplatform_linux::overlay[0m[2m:[0m X11 overlay: root reads cannot see this window's own pixels; save-unders will be served without readback confirmation
dbus-daemon[1860556]: [session uid=1000 pid=1860556 pidfd=4] Activating service name='org.freedesktop.systemd1' requested by ':1.4' (uid=1000 pid=1860842 comm="/usr/bin/dbus-broker-launch --config-file=/usr/sha")
dbus-daemon[1860556]: [session uid=1000 pid=1860556 pidfd=4] Activated service 'org.freedesktop.systemd1' failed: Process org.freedesktop.systemd1 exited with status 1
dbus-daemon[1860556]: [session uid=1000 pid=1860556 pidfd=4] Activating service name='org.freedesktop.systemd1' requested by ':1.4' (uid=1000 pid=1860842 comm="/usr/bin/dbus-broker-launch --config-file=/usr/sha")
dbus-daemon[1860556]: [session uid=1000 pid=1860556 pidfd=4] Activated service 'org.freedesktop.systemd1' failed: Process org.freedesktop.systemd1 exited with status 1
{"trial": "m-a1-r26-fill-P", "outcome": "verified", "oracle_exact_match": true, "completion_mutations": 1, "routes": ["compiled"], "loadavg_before": "2.15 4.45 4.16 1/2334 1870963"}
dbus-daemon[1860556]: [session uid=1000 pid=1860556 pidfd=4] Activating service name='org.freedesktop.systemd1' requested by ':1.4' (uid=1000 pid=1860842 comm="/usr/bin/dbus-broker-launch --config-file=/usr/sha")
dbus-daemon[1860556]: [session uid=1000 pid=1860556 pidfd=4] Activated service 'org.freedesktop.systemd1' failed: Process org.freedesktop.systemd1 exited with status 1
[2m2026-10-03T08:57:50.838240Z[0m [33m WARN[0m [2mcua_driver_sdk::runtime[0m[2m:[0m could not activate the persistent AT-SPI listener: AT-SPI connect failed: ZBus Error: MethodError(OwnedErrorName("org.freedesktop.DBus.Error.NameHasNoOwner"), Some("Could not activate remote peer 'org.a11y.atspi.Registry': unit failed"), Msg { type: Error, serial: 4294967295, sender: UniqueName("org.freedesktop.DBus"), reply-serial: 9, body: Str, fds: [] })
[2m2026-10-03T08:57:50.845149Z[0m [33m WARN[0m [2mplatform_linux::overlay[0m[2m:[0m X11 overlay: root reads cannot see this window's own pixels; save-unders will be served without readback confirmation
dbus-daemon[1860556]: [session uid=1000 pid=1860556 pidfd=4] Activating service name='org.freedesktop.systemd1' requested by ':1.4' (uid=1000 pid=1860842 comm="/usr/bin/dbus-broker-launch --config-file=/usr/sha")
dbus-daemon[1860556]: [session uid=1000 pid=1860556 pidfd=4] Activated service 'org.freedesktop.systemd1' failed: Process org.freedesktop.systemd1 exited with status 1
dbus-daemon[1860556]: [session uid=1000 pid=1860556 pidfd=4] Activating service name='org.freedesktop.systemd1' requested by ':1.4' (uid=1000 pid=1860842 comm="/usr/bin/dbus-broker-launch --config-file=/usr/sha")
dbus-daemon[1860556]: [session uid=1000 pid=1860556 pidfd=4] Activated service 'org.freedesktop.systemd1' failed: Process org.freedesktop.systemd1 exited with status 1
{"trial": "m-a1-r26-fill-Wa", "outcome": "verified", "oracle_exact_match": true, "completion_mutations": 1, "routes": ["compiled"], "loadavg_before": "1.98 4.37 4.14 2/2319 1871253"}
dbus-daemon[1860556]: [session uid=1000 pid=1860556 pidfd=4] Activating service name='org.freedesktop.systemd1' requested by ':1.4' (uid=1000 pid=1860842 comm="/usr/bin/dbus-broker-launch --config-file=/usr/sha")
dbus-daemon[1860556]: [session uid=1000 pid=1860556 pidfd=4] Activated service 'org.freedesktop.systemd1' failed: Process org.freedesktop.systemd1 exited with status 1
[2m2026-10-03T08:57:52.337668Z[0m [33m WARN[0m [2mcua_driver_sdk::runtime[0m[2m:[0m could not activate the persistent AT-SPI listener: AT-SPI connect failed: ZBus Error: MethodError(OwnedErrorName("org.freedesktop.DBus.Error.NameHasNoOwner"), Some("Could not activate remote peer 'org.a11y.atspi.Registry': unit failed"), Msg { type: Error, serial: 4294967295, sender: UniqueName("org.freedesktop.DBus"), reply-serial: 9, body: Str, fds: [] })
[2m2026-10-03T08:57:52.344453Z[0m [33m WARN[0m [2mplatform_linux::overlay[0m[2m:[0m X11 overlay: root reads cannot see this window's own pixels; save-unders will be served without readback confirmation
dbus-daemon[1860556]: [session uid=1000 pid=1860556 pidfd=4] Activating service name='org.freedesktop.systemd1' requested by ':1.4' (uid=1000 pid=1860842 comm="/usr/bin/dbus-broker-launch --config-file=/usr/sha")
dbus-daemon[1860556]: [session uid=1000 pid=1860556 pidfd=4] Activated service 'org.freedesktop.systemd1' failed: Process org.freedesktop.systemd1 exited with status 1
dbus-daemon[1860556]: [session uid=1000 pid=1860556 pidfd=4] Activating service name='org.freedesktop.systemd1' requested by ':1.4' (uid=1000 pid=1860842 comm="/usr/bin/dbus-broker-launch --config-file=/usr/sha")
dbus-daemon[1860556]: [session uid=1000 pid=1860556 pidfd=4] Activated service 'org.freedesktop.systemd1' failed: Process org.freedesktop.systemd1 exited with status 1
{"trial": "m-a1-r26-fill-C", "outcome": "verified", "oracle_exact_match": true, "completion_mutations": 1, "routes": ["compiled"], "loadavg_before": "1.98 4.37 4.14 2/2322 1871554"}
dbus-daemon[1860556]: [session uid=1000 pid=1860556 pidfd=4] Activating service name='org.freedesktop.systemd1' requested by ':1.4' (uid=1000 pid=1860842 comm="/usr/bin/dbus-broker-launch --config-file=/usr/sha")
dbus-daemon[1860556]: [session uid=1000 pid=1860556 pidfd=4] Activated service 'org.freedesktop.systemd1' failed: Process org.freedesktop.systemd1 exited with status 1
[2m2026-10-03T08:57:53.839192Z[0m [33m WARN[0m [2mcua_driver_sdk::runtime[0m[2m:[0m could not activate the persistent AT-SPI listener: AT-SPI connect failed: ZBus Error: MethodError(OwnedErrorName("org.freedesktop.DBus.Error.NameHasNoOwner"), Some("Could not activate remote peer 'org.a11y.atspi.Registry': unit failed"), Msg { type: Error, serial: 4294967295, sender: UniqueName("org.freedesktop.DBus"), reply-serial: 9, body: Str, fds: [] })
[2m2026-10-03T08:57:53.846252Z[0m [33m WARN[0m [2mplatform_linux::overlay[0m[2m:[0m X11 overlay: root reads cannot see this window's own pixels; save-unders will be served without readback confirmation
dbus-daemon[1860556]: [session uid=1000 pid=1860556 pidfd=4] Activating service name='org.freedesktop.systemd1' requested by ':1.4' (uid=1000 pid=1860842 comm="/usr/bin/dbus-broker-launch --config-file=/usr/sha")
dbus-daemon[1860556]: [session uid=1000 pid=1860556 pidfd=4] Activated service 'org.freedesktop.systemd1' failed: Process org.freedesktop.systemd1 exited with status 1
dbus-daemon[1860556]: [session uid=1000 pid=1860556 pidfd=4] Activating service name='org.freedesktop.systemd1' requested by ':1.4' (uid=1000 pid=1860842 comm="/usr/bin/dbus-broker-launch --config-file=/usr/sha")
dbus-daemon[1860556]: [session uid=1000 pid=1860556 pidfd=4] Activated service 'org.freedesktop.systemd1' failed: Process org.freedesktop.systemd1 exited with status 1
{"trial": "m-a1-r26-toggle-P", "outcome": "verified", "oracle_exact_match": true, "completion_mutations": 1, "routes": ["provider", "provider"], "loadavg_before": "1.98 4.37 4.14 3/2322 1871833"}
dbus-daemon[1860556]: [session uid=1000 pid=1860556 pidfd=4] Activating service name='org.freedesktop.systemd1' requested by ':1.4' (uid=1000 pid=1860842 comm="/usr/bin/dbus-broker-launch --config-file=/usr/sha")
dbus-daemon[1860556]: [session uid=1000 pid=1860556 pidfd=4] Activated service 'org.freedesktop.systemd1' failed: Process org.freedesktop.systemd1 exited with status 1
[2m2026-10-03T08:57:54.981748Z[0m [33m WARN[0m [2mcua_driver_sdk::runtime[0m[2m:[0m could not activate the persistent AT-SPI listener: AT-SPI connect failed: ZBus Error: MethodError(OwnedErrorName("org.freedesktop.DBus.Error.NameHasNoOwner"), Some("Could not activate remote peer 'org.a11y.atspi.Registry': unit failed"), Msg { type: Error, serial: 4294967295, sender: UniqueName("org.freedesktop.DBus"), reply-serial: 9, body: Str, fds: [] })
[2m2026-10-03T08:57:54.989317Z[0m [33m WARN[0m [2mplatform_linux::overlay[0m[2m:[0m X11 overlay: root reads cannot see this window's own pixels; save-unders will be served without readback confirmation
dbus-daemon[1860556]: [session uid=1000 pid=1860556 pidfd=4] Activating service name='org.freedesktop.systemd1' requested by ':1.4' (uid=1000 pid=1860842 comm="/usr/bin/dbus-broker-launch --config-file=/usr/sha")
dbus-daemon[1860556]: [session uid=1000 pid=1860556 pidfd=4] Activated service 'org.freedesktop.systemd1' failed: Process org.freedesktop.systemd1 exited with status 1
dbus-daemon[1860556]: [session uid=1000 pid=1860556 pidfd=4] Activating service name='org.freedesktop.systemd1' requested by ':1.4' (uid=1000 pid=1860842 comm="/usr/bin/dbus-broker-launch --config-file=/usr/sha")
dbus-daemon[1860556]: [session uid=1000 pid=1860556 pidfd=4] Activated service 'org.freedesktop.systemd1' failed: Process org.freedesktop.systemd1 exited with status 1
{"trial": "m-a1-r26-toggle-C", "outcome": "verified", "oracle_exact_match": true, "completion_mutations": 1, "routes": ["provider", "provider"], "loadavg_before": "1.98 4.37 4.14 2/2322 1872202"}
dbus-daemon[1860556]: [session uid=1000 pid=1860556 pidfd=4] Activating service name='org.freedesktop.systemd1' requested by ':1.4' (uid=1000 pid=1860842 comm="/usr/bin/dbus-broker-launch --config-file=/usr/sha")
dbus-daemon[1860556]: [session uid=1000 pid=1860556 pidfd=4] Activated service 'org.freedesktop.systemd1' failed: Process org.freedesktop.systemd1 exited with status 1
[2m2026-10-03T08:57:56.081421Z[0m [33m WARN[0m [2mcua_driver_sdk::runtime[0m[2m:[0m could not activate the persistent AT-SPI listener: AT-SPI connect failed: ZBus Error: MethodError(OwnedErrorName("org.freedesktop.DBus.Error.NameHasNoOwner"), Some("Could not activate remote peer 'org.a11y.atspi.Registry': unit failed"), Msg { type: Error, serial: 4294967295, sender: UniqueName("org.freedesktop.DBus"), reply-serial: 9, body: Str, fds: [] })
[2m2026-10-03T08:57:56.088098Z[0m [33m WARN[0m [2mplatform_linux::overlay[0m[2m:[0m X11 overlay: root reads cannot see this window's own pixels; save-unders will be served without readback confirmation
dbus-daemon[1860556]: [session uid=1000 pid=1860556 pidfd=4] Activating service name='org.freedesktop.systemd1' requested by ':1.4' (uid=1000 pid=1860842 comm="/usr/bin/dbus-broker-launch --config-file=/usr/sha")
dbus-daemon[1860556]: [session uid=1000 pid=1860556 pidfd=4] Activated service 'org.freedesktop.systemd1' failed: Process org.freedesktop.systemd1 exited with status 1
dbus-daemon[1860556]: [session uid=1000 pid=1860556 pidfd=4] Activating service name='org.freedesktop.systemd1' requested by ':1.4' (uid=1000 pid=1860842 comm="/usr/bin/dbus-broker-launch --config-file=/usr/sha")
dbus-daemon[1860556]: [session uid=1000 pid=1860556 pidfd=4] Activated service 'org.freedesktop.systemd1' failed: Process org.freedesktop.systemd1 exited with status 1
{"trial": "m-a1-r26-toggle-Wb", "outcome": "verified", "oracle_exact_match": true, "completion_mutations": 1, "routes": ["provider", "provider"], "loadavg_before": "2.06 4.35 4.13 3/2319 1872460"}
dbus-daemon[1860556]: [session uid=1000 pid=1860556 pidfd=4] Activating service name='org.freedesktop.systemd1' requested by ':1.4' (uid=1000 pid=1860842 comm="/usr/bin/dbus-broker-launch --config-file=/usr/sha")
dbus-daemon[1860556]: [session uid=1000 pid=1860556 pidfd=4] Activated service 'org.freedesktop.systemd1' failed: Process org.freedesktop.systemd1 exited with status 1
[2m2026-10-03T08:57:57.206997Z[0m [33m WARN[0m [2mcua_driver_sdk::runtime[0m[2m:[0m could not activate the persistent AT-SPI listener: AT-SPI connect failed: ZBus Error: MethodError(OwnedErrorName("org.freedesktop.DBus.Error.NameHasNoOwner"), Some("Could not activate remote peer 'org.a11y.atspi.Registry': unit failed"), Msg { type: Error, serial: 4294967295, sender: UniqueName("org.freedesktop.DBus"), reply-serial: 9, body: Str, fds: [] })
[2m2026-10-03T08:57:57.213859Z[0m [33m WARN[0m [2mplatform_linux::overlay[0m[2m:[0m X11 overlay: root reads cannot see this window's own pixels; save-unders will be served without readback confirmation
dbus-daemon[1860556]: [session uid=1000 pid=1860556 pidfd=4] Activating service name='org.freedesktop.systemd1' requested by ':1.4' (uid=1000 pid=1860842 comm="/usr/bin/dbus-broker-launch --config-file=/usr/sha")
dbus-daemon[1860556]: [session uid=1000 pid=1860556 pidfd=4] Activated service 'org.freedesktop.systemd1' failed: Process org.freedesktop.systemd1 exited with status 1
dbus-daemon[1860556]: [session uid=1000 pid=1860556 pidfd=4] Activating service name='org.freedesktop.systemd1' requested by ':1.4' (uid=1000 pid=1860842 comm="/usr/bin/dbus-broker-launch --config-file=/usr/sha")
dbus-daemon[1860556]: [session uid=1000 pid=1860556 pidfd=4] Activated service 'org.freedesktop.systemd1' failed: Process org.freedesktop.systemd1 exited with status 1
{"trial": "m-a1-r26-toggle-Wa", "outcome": "verified", "oracle_exact_match": true, "completion_mutations": 1, "routes": ["provider", "provider"], "loadavg_before": "2.06 4.35 4.13 2/2321 1872745"}
dbus-daemon[1860556]: [session uid=1000 pid=1860556 pidfd=4] Activating service name='org.freedesktop.systemd1' requested by ':1.4' (uid=1000 pid=1860842 comm="/usr/bin/dbus-broker-launch --config-file=/usr/sha")
dbus-daemon[1860556]: [session uid=1000 pid=1860556 pidfd=4] Activated service 'org.freedesktop.systemd1' failed: Process org.freedesktop.systemd1 exited with status 1
[2m2026-10-03T08:57:58.323876Z[0m [33m WARN[0m [2mcua_driver_sdk::runtime[0m[2m:[0m could not activate the persistent AT-SPI listener: AT-SPI connect failed: ZBus Error: MethodError(OwnedErrorName("org.freedesktop.DBus.Error.NameHasNoOwner"), Some("Could not activate remote peer 'org.a11y.atspi.Registry': unit failed"), Msg { type: Error, serial: 4294967295, sender: UniqueName("org.freedesktop.DBus"), reply-serial: 9, body: Str, fds: [] })
[2m2026-10-03T08:57:58.330655Z[0m [33m WARN[0m [2mplatform_linux::overlay[0m[2m:[0m X11 overlay: root reads cannot see this window's own pixels; save-unders will be served without readback confirmation
dbus-daemon[1860556]: [session uid=1000 pid=1860556 pidfd=4] Activating service name='org.freedesktop.systemd1' requested by ':1.4' (uid=1000 pid=1860842 comm="/usr/bin/dbus-broker-launch --config-file=/usr/sha")
dbus-daemon[1860556]: [session uid=1000 pid=1860556 pidfd=4] Activated service 'org.freedesktop.systemd1' failed: Process org.freedesktop.systemd1 exited with status 1
dbus-daemon[1860556]: [session uid=1000 pid=1860556 pidfd=4] Activating service name='org.freedesktop.systemd1' requested by ':1.4' (uid=1000 pid=1860842 comm="/usr/bin/dbus-broker-launch --config-file=/usr/sha")
dbus-daemon[1860556]: [session uid=1000 pid=1860556 pidfd=4] Activated service 'org.freedesktop.systemd1' failed: Process org.freedesktop.systemd1 exited with status 1
{"trial": "m-a1-r27-toggle-C", "outcome": "verified", "oracle_exact_match": true, "completion_mutations": 1, "routes": ["provider", "provider"], "loadavg_before": "2.06 4.35 4.13 3/2321 1873051"}
dbus-daemon[1860556]: [session uid=1000 pid=1860556 pidfd=4] Activating service name='org.freedesktop.systemd1' requested by ':1.4' (uid=1000 pid=1860842 comm="/usr/bin/dbus-broker-launch --config-file=/usr/sha")
dbus-daemon[1860556]: [session uid=1000 pid=1860556 pidfd=4] Activated service 'org.freedesktop.systemd1' failed: Process org.freedesktop.systemd1 exited with status 1
[2m2026-10-03T08:57:59.414788Z[0m [33m WARN[0m [2mcua_driver_sdk::runtime[0m[2m:[0m could not activate the persistent AT-SPI listener: AT-SPI connect failed: ZBus Error: MethodError(OwnedErrorName("org.freedesktop.DBus.Error.NameHasNoOwner"), Some("Could not activate remote peer 'org.a11y.atspi.Registry': unit failed"), Msg { type: Error, serial: 4294967295, sender: UniqueName("org.freedesktop.DBus"), reply-serial: 9, body: Str, fds: [] })
[2m2026-10-03T08:57:59.421694Z[0m [33m WARN[0m [2mplatform_linux::overlay[0m[2m:[0m X11 overlay: root reads cannot see this window's own pixels; save-unders will be served without readback confirmation
dbus-daemon[1860556]: [session uid=1000 pid=1860556 pidfd=4] Activating service name='org.freedesktop.systemd1' requested by ':1.4' (uid=1000 pid=1860842 comm="/usr/bin/dbus-broker-launch --config-file=/usr/sha")
dbus-daemon[1860556]: [session uid=1000 pid=1860556 pidfd=4] Activated service 'org.freedesktop.systemd1' failed: Process org.freedesktop.systemd1 exited with status 1
dbus-daemon[1860556]: [session uid=1000 pid=1860556 pidfd=4] Activating service name='org.freedesktop.systemd1' requested by ':1.4' (uid=1000 pid=1860842 comm="/usr/bin/dbus-broker-launch --config-file=/usr/sha")
dbus-daemon[1860556]: [session uid=1000 pid=1860556 pidfd=4] Activated service 'org.freedesktop.systemd1' failed: Process org.freedesktop.systemd1 exited with status 1
{"trial": "m-a1-r27-toggle-Wa", "outcome": "verified", "oracle_exact_match": true, "completion_mutations": 1, "routes": ["provider", "provider"], "loadavg_before": "2.06 4.35 4.13 1/2312 1873315"}
dbus-daemon[1860556]: [session uid=1000 pid=1860556 pidfd=4] Activating service name='org.freedesktop.systemd1' requested by ':1.4' (uid=1000 pid=1860842 comm="/usr/bin/dbus-broker-launch --config-file=/usr/sha")
dbus-daemon[1860556]: [session uid=1000 pid=1860556 pidfd=4] Activated service 'org.freedesktop.systemd1' failed: Process org.freedesktop.systemd1 exited with status 1
[2m2026-10-03T08:58:00.533797Z[0m [33m WARN[0m [2mcua_driver_sdk::runtime[0m[2m:[0m could not activate the persistent AT-SPI listener: AT-SPI connect failed: ZBus Error: MethodError(OwnedErrorName("org.freedesktop.DBus.Error.NameHasNoOwner"), Some("Could not activate remote peer 'org.a11y.atspi.Registry': unit failed"), Msg { type: Error, serial: 4294967295, sender: UniqueName("org.freedesktop.DBus"), reply-serial: 9, body: Str, fds: [] })
[2m2026-10-03T08:58:00.540362Z[0m [33m WARN[0m [2mplatform_linux::overlay[0m[2m:[0m X11 overlay: root reads cannot see this window's own pixels; save-unders will be served without readback confirmation
dbus-daemon[1860556]: [session uid=1000 pid=1860556 pidfd=4] Activating service name='org.freedesktop.systemd1' requested by ':1.4' (uid=1000 pid=1860842 comm="/usr/bin/dbus-broker-launch --config-file=/usr/sha")
dbus-daemon[1860556]: [session uid=1000 pid=1860556 pidfd=4] Activated service 'org.freedesktop.systemd1' failed: Process org.freedesktop.systemd1 exited with status 1
dbus-daemon[1860556]: [session uid=1000 pid=1860556 pidfd=4] Activating service name='org.freedesktop.systemd1' requested by ':1.4' (uid=1000 pid=1860842 comm="/usr/bin/dbus-broker-launch --config-file=/usr/sha")
dbus-daemon[1860556]: [session uid=1000 pid=1860556 pidfd=4] Activated service 'org.freedesktop.systemd1' failed: Process org.freedesktop.systemd1 exited with status 1
{"trial": "m-a1-r27-toggle-P", "outcome": "verified", "oracle_exact_match": true, "completion_mutations": 1, "routes": ["provider", "provider"], "loadavg_before": "2.06 4.35 4.13 1/2311 1873632"}
dbus-daemon[1860556]: [session uid=1000 pid=1860556 pidfd=4] Activating service name='org.freedesktop.systemd1' requested by ':1.4' (uid=1000 pid=1860842 comm="/usr/bin/dbus-broker-launch --config-file=/usr/sha")
dbus-daemon[1860556]: [session uid=1000 pid=1860556 pidfd=4] Activated service 'org.freedesktop.systemd1' failed: Process org.freedesktop.systemd1 exited with status 1
[2m2026-10-03T08:58:01.658059Z[0m [33m WARN[0m [2mcua_driver_sdk::runtime[0m[2m:[0m could not activate the persistent AT-SPI listener: AT-SPI connect failed: ZBus Error: MethodError(OwnedErrorName("org.freedesktop.DBus.Error.NameHasNoOwner"), Some("Could not activate remote peer 'org.a11y.atspi.Registry': unit failed"), Msg { type: Error, serial: 4294967295, sender: UniqueName("org.freedesktop.DBus"), reply-serial: 9, body: Str, fds: [] })
[2m2026-10-03T08:58:01.664581Z[0m [33m WARN[0m [2mplatform_linux::overlay[0m[2m:[0m X11 overlay: root reads cannot see this window's own pixels; save-unders will be served without readback confirmation
dbus-daemon[1860556]: [session uid=1000 pid=1860556 pidfd=4] Activating service name='org.freedesktop.systemd1' requested by ':1.4' (uid=1000 pid=1860842 comm="/usr/bin/dbus-broker-launch --config-file=/usr/sha")
dbus-daemon[1860556]: [session uid=1000 pid=1860556 pidfd=4] Activated service 'org.freedesktop.systemd1' failed: Process org.freedesktop.systemd1 exited with status 1
dbus-daemon[1860556]: [session uid=1000 pid=1860556 pidfd=4] Activating service name='org.freedesktop.systemd1' requested by ':1.4' (uid=1000 pid=1860842 comm="/usr/bin/dbus-broker-launch --config-file=/usr/sha")
dbus-daemon[1860556]: [session uid=1000 pid=1860556 pidfd=4] Activated service 'org.freedesktop.systemd1' failed: Process org.freedesktop.systemd1 exited with status 1
{"trial": "m-a1-r27-toggle-Wb", "outcome": "verified", "oracle_exact_match": true, "completion_mutations": 1, "routes": ["provider", "provider"], "loadavg_before": "2.06 4.31 4.12 1/2310 1873894"}
dbus-daemon[1860556]: [session uid=1000 pid=1860556 pidfd=4] Activating service name='org.freedesktop.systemd1' requested by ':1.4' (uid=1000 pid=1860842 comm="/usr/bin/dbus-broker-launch --config-file=/usr/sha")
dbus-daemon[1860556]: [session uid=1000 pid=1860556 pidfd=4] Activated service 'org.freedesktop.systemd1' failed: Process org.freedesktop.systemd1 exited with status 1
[2m2026-10-03T08:58:02.779281Z[0m [33m WARN[0m [2mcua_driver_sdk::runtime[0m[2m:[0m could not activate the persistent AT-SPI listener: AT-SPI connect failed: ZBus Error: MethodError(OwnedErrorName("org.freedesktop.DBus.Error.NameHasNoOwner"), Some("Could not activate remote peer 'org.a11y.atspi.Registry': unit failed"), Msg { type: Error, serial: 4294967295, sender: UniqueName("org.freedesktop.DBus"), reply-serial: 9, body: Str, fds: [] })
[2m2026-10-03T08:58:02.785829Z[0m [33m WARN[0m [2mplatform_linux::overlay[0m[2m:[0m X11 overlay: root reads cannot see this window's own pixels; save-unders will be served without readback confirmation
dbus-daemon[1860556]: [session uid=1000 pid=1860556 pidfd=4] Activating service name='org.freedesktop.systemd1' requested by ':1.4' (uid=1000 pid=1860842 comm="/usr/bin/dbus-broker-launch --config-file=/usr/sha")
dbus-daemon[1860556]: [session uid=1000 pid=1860556 pidfd=4] Activated service 'org.freedesktop.systemd1' failed: Process org.freedesktop.systemd1 exited with status 1
dbus-daemon[1860556]: [session uid=1000 pid=1860556 pidfd=4] Activating service name='org.freedesktop.systemd1' requested by ':1.4' (uid=1000 pid=1860842 comm="/usr/bin/dbus-broker-launch --config-file=/usr/sha")
dbus-daemon[1860556]: [session uid=1000 pid=1860556 pidfd=4] Activated service 'org.freedesktop.systemd1' failed: Process org.freedesktop.systemd1 exited with status 1
{"trial": "m-a1-r27-fill-P", "outcome": "verified", "oracle_exact_match": true, "completion_mutations": 1, "routes": ["compiled"], "loadavg_before": "2.06 4.31 4.12 1/2311 1874177"}
dbus-daemon[1860556]: [session uid=1000 pid=1860556 pidfd=4] Activating service name='org.freedesktop.systemd1' requested by ':1.4' (uid=1000 pid=1860842 comm="/usr/bin/dbus-broker-launch --config-file=/usr/sha")
dbus-daemon[1860556]: [session uid=1000 pid=1860556 pidfd=4] Activated service 'org.freedesktop.systemd1' failed: Process org.freedesktop.systemd1 exited with status 1
[2m2026-10-03T08:58:04.280385Z[0m [33m WARN[0m [2mcua_driver_sdk::runtime[0m[2m:[0m could not activate the persistent AT-SPI listener: AT-SPI connect failed: ZBus Error: MethodError(OwnedErrorName("org.freedesktop.DBus.Error.NameHasNoOwner"), Some("Could not activate remote peer 'org.a11y.atspi.Registry': unit failed"), Msg { type: Error, serial: 4294967295, sender: UniqueName("org.freedesktop.DBus"), reply-serial: 9, body: Str, fds: [] })
[2m2026-10-03T08:58:04.287429Z[0m [33m WARN[0m [2mplatform_linux::overlay[0m[2m:[0m X11 overlay: root reads cannot see this window's own pixels; save-unders will be served without readback confirmation
dbus-daemon[1860556]: [session uid=1000 pid=1860556 pidfd=4] Activating service name='org.freedesktop.systemd1' requested by ':1.4' (uid=1000 pid=1860842 comm="/usr/bin/dbus-broker-launch --config-file=/usr/sha")
dbus-daemon[1860556]: [session uid=1000 pid=1860556 pidfd=4] Activated service 'org.freedesktop.systemd1' failed: Process org.freedesktop.systemd1 exited with status 1
dbus-daemon[1860556]: [session uid=1000 pid=1860556 pidfd=4] Activating service name='org.freedesktop.systemd1' requested by ':1.4' (uid=1000 pid=1860842 comm="/usr/bin/dbus-broker-launch --config-file=/usr/sha")
dbus-daemon[1860556]: [session uid=1000 pid=1860556 pidfd=4] Activated service 'org.freedesktop.systemd1' failed: Process org.freedesktop.systemd1 exited with status 1
{"trial": "m-a1-r27-fill-C", "outcome": "verified", "oracle_exact_match": true, "completion_mutations": 1, "routes": ["compiled"], "loadavg_before": "2.06 4.31 4.12 1/2313 1874448"}
dbus-daemon[1860556]: [session uid=1000 pid=1860556 pidfd=4] Activating service name='org.freedesktop.systemd1' requested by ':1.4' (uid=1000 pid=1860842 comm="/usr/bin/dbus-broker-launch --config-file=/usr/sha")
dbus-daemon[1860556]: [session uid=1000 pid=1860556 pidfd=4] Activated service 'org.freedesktop.systemd1' failed: Process org.freedesktop.systemd1 exited with status 1
[2m2026-10-03T08:58:05.781690Z[0m [33m WARN[0m [2mcua_driver_sdk::runtime[0m[2m:[0m could not activate the persistent AT-SPI listener: AT-SPI connect failed: ZBus Error: MethodError(OwnedErrorName("org.freedesktop.DBus.Error.NameHasNoOwner"), Some("Could not activate remote peer 'org.a11y.atspi.Registry': unit failed"), Msg { type: Error, serial: 4294967295, sender: UniqueName("org.freedesktop.DBus"), reply-serial: 9, body: Str, fds: [] })
[2m2026-10-03T08:58:05.788836Z[0m [33m WARN[0m [2mplatform_linux::overlay[0m[2m:[0m X11 overlay: root reads cannot see this window's own pixels; save-unders will be served without readback confirmation
dbus-daemon[1860556]: [session uid=1000 pid=1860556 pidfd=4] Activating service name='org.freedesktop.systemd1' requested by ':1.4' (uid=1000 pid=1860842 comm="/usr/bin/dbus-broker-launch --config-file=/usr/sha")
dbus-daemon[1860556]: [session uid=1000 pid=1860556 pidfd=4] Activated service 'org.freedesktop.systemd1' failed: Process org.freedesktop.systemd1 exited with status 1
dbus-daemon[1860556]: [session uid=1000 pid=1860556 pidfd=4] Activating service name='org.freedesktop.systemd1' requested by ':1.4' (uid=1000 pid=1860842 comm="/usr/bin/dbus-broker-launch --config-file=/usr/sha")
dbus-daemon[1860556]: [session uid=1000 pid=1860556 pidfd=4] Activated service 'org.freedesktop.systemd1' failed: Process org.freedesktop.systemd1 exited with status 1
{"trial": "m-a1-r27-fill-Wb", "outcome": "verified", "oracle_exact_match": true, "completion_mutations": 1, "routes": ["compiled"], "loadavg_before": "1.89 4.24 4.10 1/2313 1874828"}
dbus-daemon[1860556]: [session uid=1000 pid=1860556 pidfd=4] Activating service name='org.freedesktop.systemd1' requested by ':1.4' (uid=1000 pid=1860842 comm="/usr/bin/dbus-broker-launch --config-file=/usr/sha")
dbus-daemon[1860556]: [session uid=1000 pid=1860556 pidfd=4] Activated service 'org.freedesktop.systemd1' failed: Process org.freedesktop.systemd1 exited with status 1
[2m2026-10-03T08:58:07.283146Z[0m [33m WARN[0m [2mcua_driver_sdk::runtime[0m[2m:[0m could not activate the persistent AT-SPI listener: AT-SPI connect failed: ZBus Error: MethodError(OwnedErrorName("org.freedesktop.DBus.Error.NameHasNoOwner"), Some("Could not activate remote peer 'org.a11y.atspi.Registry': unit failed"), Msg { type: Error, serial: 4294967295, sender: UniqueName("org.freedesktop.DBus"), reply-serial: 9, body: Str, fds: [] })
[2m2026-10-03T08:58:07.289564Z[0m [33m WARN[0m [2mplatform_linux::overlay[0m[2m:[0m X11 overlay: root reads cannot see this window's own pixels; save-unders will be served without readback confirmation
dbus-daemon[1860556]: [session uid=1000 pid=1860556 pidfd=4] Activating service name='org.freedesktop.systemd1' requested by ':1.4' (uid=1000 pid=1860842 comm="/usr/bin/dbus-broker-launch --config-file=/usr/sha")
dbus-daemon[1860556]: [session uid=1000 pid=1860556 pidfd=4] Activated service 'org.freedesktop.systemd1' failed: Process org.freedesktop.systemd1 exited with status 1
dbus-daemon[1860556]: [session uid=1000 pid=1860556 pidfd=4] Activating service name='org.freedesktop.systemd1' requested by ':1.4' (uid=1000 pid=1860842 comm="/usr/bin/dbus-broker-launch --config-file=/usr/sha")
dbus-daemon[1860556]: [session uid=1000 pid=1860556 pidfd=4] Activated service 'org.freedesktop.systemd1' failed: Process org.freedesktop.systemd1 exited with status 1
{"trial": "m-a1-r27-fill-Wa", "outcome": "verified", "oracle_exact_match": true, "completion_mutations": 1, "routes": ["compiled"], "loadavg_before": "1.89 4.24 4.10 2/2314 1875146"}
dbus-daemon[1860556]: [session uid=1000 pid=1860556 pidfd=4] Activating service name='org.freedesktop.systemd1' requested by ':1.4' (uid=1000 pid=1860842 comm="/usr/bin/dbus-broker-launch --config-file=/usr/sha")
dbus-daemon[1860556]: [session uid=1000 pid=1860556 pidfd=4] Activated service 'org.freedesktop.systemd1' failed: Process org.freedesktop.systemd1 exited with status 1
[2m2026-10-03T08:58:08.783165Z[0m [33m WARN[0m [2mcua_driver_sdk::runtime[0m[2m:[0m could not activate the persistent AT-SPI listener: AT-SPI connect failed: ZBus Error: MethodError(OwnedErrorName("org.freedesktop.DBus.Error.NameHasNoOwner"), Some("Could not activate remote peer 'org.a11y.atspi.Registry': unit failed"), Msg { type: Error, serial: 4294967295, sender: UniqueName("org.freedesktop.DBus"), reply-serial: 9, body: Str, fds: [] })
[2m2026-10-03T08:58:08.789994Z[0m [33m WARN[0m [2mplatform_linux::overlay[0m[2m:[0m X11 overlay: root reads cannot see this window's own pixels; save-unders will be served without readback confirmation
dbus-daemon[1860556]: [session uid=1000 pid=1860556 pidfd=4] Activating service name='org.freedesktop.systemd1' requested by ':1.4' (uid=1000 pid=1860842 comm="/usr/bin/dbus-broker-launch --config-file=/usr/sha")
dbus-daemon[1860556]: [session uid=1000 pid=1860556 pidfd=4] Activated service 'org.freedesktop.systemd1' failed: Process org.freedesktop.systemd1 exited with status 1
dbus-daemon[1860556]: [session uid=1000 pid=1860556 pidfd=4] Activating service name='org.freedesktop.systemd1' requested by ':1.4' (uid=1000 pid=1860842 comm="/usr/bin/dbus-broker-launch --config-file=/usr/sha")
dbus-daemon[1860556]: [session uid=1000 pid=1860556 pidfd=4] Activated service 'org.freedesktop.systemd1' failed: Process org.freedesktop.systemd1 exited with status 1
{"trial": "m-a1-r28-fill-C", "outcome": "verified", "oracle_exact_match": true, "completion_mutations": 1, "routes": ["compiled"], "loadavg_before": "1.89 4.24 4.10 1/2308 1875435"}
dbus-daemon[1860556]: [session uid=1000 pid=1860556 pidfd=4] Activating service name='org.freedesktop.systemd1' requested by ':1.4' (uid=1000 pid=1860842 comm="/usr/bin/dbus-broker-launch --config-file=/usr/sha")
dbus-daemon[1860556]: [session uid=1000 pid=1860556 pidfd=4] Activated service 'org.freedesktop.systemd1' failed: Process org.freedesktop.systemd1 exited with status 1
[2m2026-10-03T08:58:10.283986Z[0m [33m WARN[0m [2mcua_driver_sdk::runtime[0m[2m:[0m could not activate the persistent AT-SPI listener: AT-SPI connect failed: ZBus Error: MethodError(OwnedErrorName("org.freedesktop.DBus.Error.NameHasNoOwner"), Some("Could not activate remote peer 'org.a11y.atspi.Registry': unit failed"), Msg { type: Error, serial: 4294967295, sender: UniqueName("org.freedesktop.DBus"), reply-serial: 9, body: Str, fds: [] })
[2m2026-10-03T08:58:10.290793Z[0m [33m WARN[0m [2mplatform_linux::overlay[0m[2m:[0m X11 overlay: root reads cannot see this window's own pixels; save-unders will be served without readback confirmation
dbus-daemon[1860556]: [session uid=1000 pid=1860556 pidfd=4] Activating service name='org.freedesktop.systemd1' requested by ':1.4' (uid=1000 pid=1860842 comm="/usr/bin/dbus-broker-launch --config-file=/usr/sha")
dbus-daemon[1860556]: [session uid=1000 pid=1860556 pidfd=4] Activated service 'org.freedesktop.systemd1' failed: Process org.freedesktop.systemd1 exited with status 1
dbus-daemon[1860556]: [session uid=1000 pid=1860556 pidfd=4] Activating service name='org.freedesktop.systemd1' requested by ':1.4' (uid=1000 pid=1860842 comm="/usr/bin/dbus-broker-launch --config-file=/usr/sha")
dbus-daemon[1860556]: [session uid=1000 pid=1860556 pidfd=4] Activated service 'org.freedesktop.systemd1' failed: Process org.freedesktop.systemd1 exited with status 1
{"trial": "m-a1-r28-fill-Wa", "outcome": "verified", "oracle_exact_match": true, "completion_mutations": 1, "routes": ["compiled"], "loadavg_before": "1.89 4.24 4.10 1/2337 1875750"}
dbus-daemon[1860556]: [session uid=1000 pid=1860556 pidfd=4] Activating service name='org.freedesktop.systemd1' requested by ':1.4' (uid=1000 pid=1860842 comm="/usr/bin/dbus-broker-launch --config-file=/usr/sha")
dbus-daemon[1860556]: [session uid=1000 pid=1860556 pidfd=4] Activated service 'org.freedesktop.systemd1' failed: Process org.freedesktop.systemd1 exited with status 1
[2m2026-10-03T08:58:11.784813Z[0m [33m WARN[0m [2mcua_driver_sdk::runtime[0m[2m:[0m could not activate the persistent AT-SPI listener: AT-SPI connect failed: ZBus Error: MethodError(OwnedErrorName("org.freedesktop.DBus.Error.NameHasNoOwner"), Some("Could not activate remote peer 'org.a11y.atspi.Registry': unit failed"), Msg { type: Error, serial: 4294967295, sender: UniqueName("org.freedesktop.DBus"), reply-serial: 9, body: Str, fds: [] })
[2m2026-10-03T08:58:11.791543Z[0m [33m WARN[0m [2mplatform_linux::overlay[0m[2m:[0m X11 overlay: root reads cannot see this window's own pixels; save-unders will be served without readback confirmation
dbus-daemon[1860556]: [session uid=1000 pid=1860556 pidfd=4] Activating service name='org.freedesktop.systemd1' requested by ':1.4' (uid=1000 pid=1860842 comm="/usr/bin/dbus-broker-launch --config-file=/usr/sha")
dbus-daemon[1860556]: [session uid=1000 pid=1860556 pidfd=4] Activated service 'org.freedesktop.systemd1' failed: Process org.freedesktop.systemd1 exited with status 1
dbus-daemon[1860556]: [session uid=1000 pid=1860556 pidfd=4] Activating service name='org.freedesktop.systemd1' requested by ':1.4' (uid=1000 pid=1860842 comm="/usr/bin/dbus-broker-launch --config-file=/usr/sha")
dbus-daemon[1860556]: [session uid=1000 pid=1860556 pidfd=4] Activated service 'org.freedesktop.systemd1' failed: Process org.freedesktop.systemd1 exited with status 1
{"trial": "m-a1-r28-fill-P", "outcome": "verified", "oracle_exact_match": true, "completion_mutations": 1, "routes": ["compiled"], "loadavg_before": "1.98 4.22 4.09 2/2346 1876041"}
dbus-daemon[1860556]: [session uid=1000 pid=1860556 pidfd=4] Activating service name='org.freedesktop.systemd1' requested by ':1.4' (uid=1000 pid=1860842 comm="/usr/bin/dbus-broker-launch --config-file=/usr/sha")
dbus-daemon[1860556]: [session uid=1000 pid=1860556 pidfd=4] Activated service 'org.freedesktop.systemd1' failed: Process org.freedesktop.systemd1 exited with status 1
[2m2026-10-03T08:58:13.287008Z[0m [33m WARN[0m [2mcua_driver_sdk::runtime[0m[2m:[0m could not activate the persistent AT-SPI listener: AT-SPI connect failed: ZBus Error: MethodError(OwnedErrorName("org.freedesktop.DBus.Error.NameHasNoOwner"), Some("Could not activate remote peer 'org.a11y.atspi.Registry': unit failed"), Msg { type: Error, serial: 4294967295, sender: UniqueName("org.freedesktop.DBus"), reply-serial: 9, body: Str, fds: [] })
[2m2026-10-03T08:58:13.293722Z[0m [33m WARN[0m [2mplatform_linux::overlay[0m[2m:[0m X11 overlay: root reads cannot see this window's own pixels; save-unders will be served without readback confirmation
dbus-daemon[1860556]: [session uid=1000 pid=1860556 pidfd=4] Activating service name='org.freedesktop.systemd1' requested by ':1.4' (uid=1000 pid=1860842 comm="/usr/bin/dbus-broker-launch --config-file=/usr/sha")
dbus-daemon[1860556]: [session uid=1000 pid=1860556 pidfd=4] Activated service 'org.freedesktop.systemd1' failed: Process org.freedesktop.systemd1 exited with status 1
dbus-daemon[1860556]: [session uid=1000 pid=1860556 pidfd=4] Activating service name='org.freedesktop.systemd1' requested by ':1.4' (uid=1000 pid=1860842 comm="/usr/bin/dbus-broker-launch --config-file=/usr/sha")
dbus-daemon[1860556]: [session uid=1000 pid=1860556 pidfd=4] Activated service 'org.freedesktop.systemd1' failed: Process org.freedesktop.systemd1 exited with status 1
{"trial": "m-a1-r28-fill-Wb", "outcome": "verified", "oracle_exact_match": true, "completion_mutations": 1, "routes": ["compiled"], "loadavg_before": "1.98 4.22 4.09 1/2347 1876342"}
dbus-daemon[1860556]: [session uid=1000 pid=1860556 pidfd=4] Activating service name='org.freedesktop.systemd1' requested by ':1.4' (uid=1000 pid=1860842 comm="/usr/bin/dbus-broker-launch --config-file=/usr/sha")
dbus-daemon[1860556]: [session uid=1000 pid=1860556 pidfd=4] Activated service 'org.freedesktop.systemd1' failed: Process org.freedesktop.systemd1 exited with status 1
[2m2026-10-03T08:58:14.787864Z[0m [33m WARN[0m [2mcua_driver_sdk::runtime[0m[2m:[0m could not activate the persistent AT-SPI listener: AT-SPI connect failed: ZBus Error: MethodError(OwnedErrorName("org.freedesktop.DBus.Error.NameHasNoOwner"), Some("Could not activate remote peer 'org.a11y.atspi.Registry': unit failed"), Msg { type: Error, serial: 4294967295, sender: UniqueName("org.freedesktop.DBus"), reply-serial: 9, body: Str, fds: [] })
[2m2026-10-03T08:58:14.794667Z[0m [33m WARN[0m [2mplatform_linux::overlay[0m[2m:[0m X11 overlay: root reads cannot see this window's own pixels; save-unders will be served without readback confirmation
dbus-daemon[1860556]: [session uid=1000 pid=1860556 pidfd=4] Activating service name='org.freedesktop.systemd1' requested by ':1.4' (uid=1000 pid=1860842 comm="/usr/bin/dbus-broker-launch --config-file=/usr/sha")
dbus-daemon[1860556]: [session uid=1000 pid=1860556 pidfd=4] Activated service 'org.freedesktop.systemd1' failed: Process org.freedesktop.systemd1 exited with status 1
dbus-daemon[1860556]: [session uid=1000 pid=1860556 pidfd=4] Activating service name='org.freedesktop.systemd1' requested by ':1.4' (uid=1000 pid=1860842 comm="/usr/bin/dbus-broker-launch --config-file=/usr/sha")
dbus-daemon[1860556]: [session uid=1000 pid=1860556 pidfd=4] Activated service 'org.freedesktop.systemd1' failed: Process org.freedesktop.systemd1 exited with status 1
{"trial": "m-a1-r28-toggle-Wa", "outcome": "verified", "oracle_exact_match": true, "completion_mutations": 1, "routes": ["provider", "provider"], "loadavg_before": "1.98 4.22 4.09 1/2346 1876630"}
dbus-daemon[1860556]: [session uid=1000 pid=1860556 pidfd=4] Activating service name='org.freedesktop.systemd1' requested by ':1.4' (uid=1000 pid=1860842 comm="/usr/bin/dbus-broker-launch --config-file=/usr/sha")
dbus-daemon[1860556]: [session uid=1000 pid=1860556 pidfd=4] Activated service 'org.freedesktop.systemd1' failed: Process org.freedesktop.systemd1 exited with status 1
[2m2026-10-03T08:58:15.920240Z[0m [33m WARN[0m [2mcua_driver_sdk::runtime[0m[2m:[0m could not activate the persistent AT-SPI listener: AT-SPI connect failed: ZBus Error: MethodError(OwnedErrorName("org.freedesktop.DBus.Error.NameHasNoOwner"), Some("Could not activate remote peer 'org.a11y.atspi.Registry': unit failed"), Msg { type: Error, serial: 4294967295, sender: UniqueName("org.freedesktop.DBus"), reply-serial: 9, body: Str, fds: [] })
[2m2026-10-03T08:58:15.926842Z[0m [33m WARN[0m [2mplatform_linux::overlay[0m[2m:[0m X11 overlay: root reads cannot see this window's own pixels; save-unders will be served without readback confirmation
dbus-daemon[1860556]: [session uid=1000 pid=1860556 pidfd=4] Activating service name='org.freedesktop.systemd1' requested by ':1.4' (uid=1000 pid=1860842 comm="/usr/bin/dbus-broker-launch --config-file=/usr/sha")
dbus-daemon[1860556]: [session uid=1000 pid=1860556 pidfd=4] Activated service 'org.freedesktop.systemd1' failed: Process org.freedesktop.systemd1 exited with status 1
dbus-daemon[1860556]: [session uid=1000 pid=1860556 pidfd=4] Activating service name='org.freedesktop.systemd1' requested by ':1.4' (uid=1000 pid=1860842 comm="/usr/bin/dbus-broker-launch --config-file=/usr/sha")
dbus-daemon[1860556]: [session uid=1000 pid=1860556 pidfd=4] Activated service 'org.freedesktop.systemd1' failed: Process org.freedesktop.systemd1 exited with status 1
{"trial": "m-a1-r28-toggle-Wb", "outcome": "verified", "oracle_exact_match": true, "completion_mutations": 1, "routes": ["provider", "provider"], "loadavg_before": "1.82 4.15 4.07 1/2346 1876916"}
dbus-daemon[1860556]: [session uid=1000 pid=1860556 pidfd=4] Activating service name='org.freedesktop.systemd1' requested by ':1.4' (uid=1000 pid=1860842 comm="/usr/bin/dbus-broker-launch --config-file=/usr/sha")
dbus-daemon[1860556]: [session uid=1000 pid=1860556 pidfd=4] Activated service 'org.freedesktop.systemd1' failed: Process org.freedesktop.systemd1 exited with status 1
[2m2026-10-03T08:58:17.040100Z[0m [33m WARN[0m [2mcua_driver_sdk::runtime[0m[2m:[0m could not activate the persistent AT-SPI listener: AT-SPI connect failed: ZBus Error: MethodError(OwnedErrorName("org.freedesktop.DBus.Error.NameHasNoOwner"), Some("Could not activate remote peer 'org.a11y.atspi.Registry': unit failed"), Msg { type: Error, serial: 4294967295, sender: UniqueName("org.freedesktop.DBus"), reply-serial: 9, body: Str, fds: [] })
[2m2026-10-03T08:58:17.046782Z[0m [33m WARN[0m [2mplatform_linux::overlay[0m[2m:[0m X11 overlay: root reads cannot see this window's own pixels; save-unders will be served without readback confirmation
dbus-daemon[1860556]: [session uid=1000 pid=1860556 pidfd=4] Activating service name='org.freedesktop.systemd1' requested by ':1.4' (uid=1000 pid=1860842 comm="/usr/bin/dbus-broker-launch --config-file=/usr/sha")
dbus-daemon[1860556]: [session uid=1000 pid=1860556 pidfd=4] Activated service 'org.freedesktop.systemd1' failed: Process org.freedesktop.systemd1 exited with status 1
dbus-daemon[1860556]: [session uid=1000 pid=1860556 pidfd=4] Activating service name='org.freedesktop.systemd1' requested by ':1.4' (uid=1000 pid=1860842 comm="/usr/bin/dbus-broker-launch --config-file=/usr/sha")
dbus-daemon[1860556]: [session uid=1000 pid=1860556 pidfd=4] Activated service 'org.freedesktop.systemd1' failed: Process org.freedesktop.systemd1 exited with status 1
{"trial": "m-a1-r28-toggle-C", "outcome": "verified", "oracle_exact_match": true, "completion_mutations": 1, "routes": ["provider", "provider"], "loadavg_before": "1.82 4.15 4.07 1/2346 1877196"}
dbus-daemon[1860556]: [session uid=1000 pid=1860556 pidfd=4] Activating service name='org.freedesktop.systemd1' requested by ':1.4' (uid=1000 pid=1860842 comm="/usr/bin/dbus-broker-launch --config-file=/usr/sha")
dbus-daemon[1860556]: [session uid=1000 pid=1860556 pidfd=4] Activated service 'org.freedesktop.systemd1' failed: Process org.freedesktop.systemd1 exited with status 1
[2m2026-10-03T08:58:18.146380Z[0m [33m WARN[0m [2mcua_driver_sdk::runtime[0m[2m:[0m could not activate the persistent AT-SPI listener: AT-SPI connect failed: ZBus Error: MethodError(OwnedErrorName("org.freedesktop.DBus.Error.NameHasNoOwner"), Some("Could not activate remote peer 'org.a11y.atspi.Registry': unit failed"), Msg { type: Error, serial: 4294967295, sender: UniqueName("org.freedesktop.DBus"), reply-serial: 9, body: Str, fds: [] })
[2m2026-10-03T08:58:18.153928Z[0m [33m WARN[0m [2mplatform_linux::overlay[0m[2m:[0m X11 overlay: root reads cannot see this window's own pixels; save-unders will be served without readback confirmation
dbus-daemon[1860556]: [session uid=1000 pid=1860556 pidfd=4] Activating service name='org.freedesktop.systemd1' requested by ':1.4' (uid=1000 pid=1860842 comm="/usr/bin/dbus-broker-launch --config-file=/usr/sha")
dbus-daemon[1860556]: [session uid=1000 pid=1860556 pidfd=4] Activated service 'org.freedesktop.systemd1' failed: Process org.freedesktop.systemd1 exited with status 1
dbus-daemon[1860556]: [session uid=1000 pid=1860556 pidfd=4] Activating service name='org.freedesktop.systemd1' requested by ':1.4' (uid=1000 pid=1860842 comm="/usr/bin/dbus-broker-launch --config-file=/usr/sha")
dbus-daemon[1860556]: [session uid=1000 pid=1860556 pidfd=4] Activated service 'org.freedesktop.systemd1' failed: Process org.freedesktop.systemd1 exited with status 1
{"trial": "m-a1-r28-toggle-P", "outcome": "verified", "oracle_exact_match": true, "completion_mutations": 1, "routes": ["provider", "provider"], "loadavg_before": "1.82 4.15 4.07 2/2346 1877460"}
dbus-daemon[1860556]: [session uid=1000 pid=1860556 pidfd=4] Activating service name='org.freedesktop.systemd1' requested by ':1.4' (uid=1000 pid=1860842 comm="/usr/bin/dbus-broker-launch --config-file=/usr/sha")
dbus-daemon[1860556]: [session uid=1000 pid=1860556 pidfd=4] Activated service 'org.freedesktop.systemd1' failed: Process org.freedesktop.systemd1 exited with status 1
[2m2026-10-03T08:58:19.277757Z[0m [33m WARN[0m [2mcua_driver_sdk::runtime[0m[2m:[0m could not activate the persistent AT-SPI listener: AT-SPI connect failed: ZBus Error: MethodError(OwnedErrorName("org.freedesktop.DBus.Error.NameHasNoOwner"), Some("Could not activate remote peer 'org.a11y.atspi.Registry': unit failed"), Msg { type: Error, serial: 4294967295, sender: UniqueName("org.freedesktop.DBus"), reply-serial: 9, body: Str, fds: [] })
[2m2026-10-03T08:58:19.284142Z[0m [33m WARN[0m [2mplatform_linux::overlay[0m[2m:[0m X11 overlay: root reads cannot see this window's own pixels; save-unders will be served without readback confirmation
dbus-daemon[1860556]: [session uid=1000 pid=1860556 pidfd=4] Activating service name='org.freedesktop.systemd1' requested by ':1.4' (uid=1000 pid=1860842 comm="/usr/bin/dbus-broker-launch --config-file=/usr/sha")
dbus-daemon[1860556]: [session uid=1000 pid=1860556 pidfd=4] Activated service 'org.freedesktop.systemd1' failed: Process org.freedesktop.systemd1 exited with status 1
dbus-daemon[1860556]: [session uid=1000 pid=1860556 pidfd=4] Activating service name='org.freedesktop.systemd1' requested by ':1.4' (uid=1000 pid=1860842 comm="/usr/bin/dbus-broker-launch --config-file=/usr/sha")
dbus-daemon[1860556]: [session uid=1000 pid=1860556 pidfd=4] Activated service 'org.freedesktop.systemd1' failed: Process org.freedesktop.systemd1 exited with status 1
{"trial": "m-a1-r29-toggle-Wb", "outcome": "verified", "oracle_exact_match": true, "completion_mutations": 1, "routes": ["provider", "provider"], "loadavg_before": "1.82 4.15 4.07 1/2339 1877740"}
dbus-daemon[1860556]: [session uid=1000 pid=1860556 pidfd=4] Activating service name='org.freedesktop.systemd1' requested by ':1.4' (uid=1000 pid=1860842 comm="/usr/bin/dbus-broker-launch --config-file=/usr/sha")
dbus-daemon[1860556]: [session uid=1000 pid=1860556 pidfd=4] Activated service 'org.freedesktop.systemd1' failed: Process org.freedesktop.systemd1 exited with status 1
[2m2026-10-03T08:58:20.438056Z[0m [33m WARN[0m [2mcua_driver_sdk::runtime[0m[2m:[0m could not activate the persistent AT-SPI listener: AT-SPI connect failed: ZBus Error: MethodError(OwnedErrorName("org.freedesktop.DBus.Error.NameHasNoOwner"), Some("Could not activate remote peer 'org.a11y.atspi.Registry': unit failed"), Msg { type: Error, serial: 4294967295, sender: UniqueName("org.freedesktop.DBus"), reply-serial: 9, body: Str, fds: [] })
[2m2026-10-03T08:58:20.444447Z[0m [33m WARN[0m [2mplatform_linux::overlay[0m[2m:[0m X11 overlay: root reads cannot see this window's own pixels; save-unders will be served without readback confirmation
dbus-daemon[1860556]: [session uid=1000 pid=1860556 pidfd=4] Activating service name='org.freedesktop.systemd1' requested by ':1.4' (uid=1000 pid=1860842 comm="/usr/bin/dbus-broker-launch --config-file=/usr/sha")
dbus-daemon[1860556]: [session uid=1000 pid=1860556 pidfd=4] Activated service 'org.freedesktop.systemd1' failed: Process org.freedesktop.systemd1 exited with status 1
dbus-daemon[1860556]: [session uid=1000 pid=1860556 pidfd=4] Activating service name='org.freedesktop.systemd1' requested by ':1.4' (uid=1000 pid=1860842 comm="/usr/bin/dbus-broker-launch --config-file=/usr/sha")
dbus-daemon[1860556]: [session uid=1000 pid=1860556 pidfd=4] Activated service 'org.freedesktop.systemd1' failed: Process org.freedesktop.systemd1 exited with status 1
{"trial": "m-a1-r29-toggle-P", "outcome": "verified", "oracle_exact_match": true, "completion_mutations": 1, "routes": ["provider", "provider"], "loadavg_before": "1.82 4.15 4.07 1/2317 1878024"}
dbus-daemon[1860556]: [session uid=1000 pid=1860556 pidfd=4] Activating service name='org.freedesktop.systemd1' requested by ':1.4' (uid=1000 pid=1860842 comm="/usr/bin/dbus-broker-launch --config-file=/usr/sha")
dbus-daemon[1860556]: [session uid=1000 pid=1860556 pidfd=4] Activated service 'org.freedesktop.systemd1' failed: Process org.freedesktop.systemd1 exited with status 1
[2m2026-10-03T08:58:21.569599Z[0m [33m WARN[0m [2mcua_driver_sdk::runtime[0m[2m:[0m could not activate the persistent AT-SPI listener: AT-SPI connect failed: ZBus Error: MethodError(OwnedErrorName("org.freedesktop.DBus.Error.NameHasNoOwner"), Some("Could not activate remote peer 'org.a11y.atspi.Registry': unit failed"), Msg { type: Error, serial: 4294967295, sender: UniqueName("org.freedesktop.DBus"), reply-serial: 9, body: Str, fds: [] })
[2m2026-10-03T08:58:21.577089Z[0m [33m WARN[0m [2mplatform_linux::overlay[0m[2m:[0m X11 overlay: root reads cannot see this window's own pixels; save-unders will be served without readback confirmation
dbus-daemon[1860556]: [session uid=1000 pid=1860556 pidfd=4] Activating service name='org.freedesktop.systemd1' requested by ':1.4' (uid=1000 pid=1860842 comm="/usr/bin/dbus-broker-launch --config-file=/usr/sha")
dbus-daemon[1860556]: [session uid=1000 pid=1860556 pidfd=4] Activated service 'org.freedesktop.systemd1' failed: Process org.freedesktop.systemd1 exited with status 1
dbus-daemon[1860556]: [session uid=1000 pid=1860556 pidfd=4] Activating service name='org.freedesktop.systemd1' requested by ':1.4' (uid=1000 pid=1860842 comm="/usr/bin/dbus-broker-launch --config-file=/usr/sha")
dbus-daemon[1860556]: [session uid=1000 pid=1860556 pidfd=4] Activated service 'org.freedesktop.systemd1' failed: Process org.freedesktop.systemd1 exited with status 1
{"trial": "m-a1-r29-toggle-Wa", "outcome": "verified", "oracle_exact_match": true, "completion_mutations": 1, "routes": ["provider", "provider"], "loadavg_before": "1.76 4.10 4.05 1/2317 1878300"}
dbus-daemon[1860556]: [session uid=1000 pid=1860556 pidfd=4] Activating service name='org.freedesktop.systemd1' requested by ':1.4' (uid=1000 pid=1860842 comm="/usr/bin/dbus-broker-launch --config-file=/usr/sha")
dbus-daemon[1860556]: [session uid=1000 pid=1860556 pidfd=4] Activated service 'org.freedesktop.systemd1' failed: Process org.freedesktop.systemd1 exited with status 1
[2m2026-10-03T08:58:22.691724Z[0m [33m WARN[0m [2mcua_driver_sdk::runtime[0m[2m:[0m could not activate the persistent AT-SPI listener: AT-SPI connect failed: ZBus Error: MethodError(OwnedErrorName("org.freedesktop.DBus.Error.NameHasNoOwner"), Some("Could not activate remote peer 'org.a11y.atspi.Registry': unit failed"), Msg { type: Error, serial: 4294967295, sender: UniqueName("org.freedesktop.DBus"), reply-serial: 9, body: Str, fds: [] })
[2m2026-10-03T08:58:22.698509Z[0m [33m WARN[0m [2mplatform_linux::overlay[0m[2m:[0m X11 overlay: root reads cannot see this window's own pixels; save-unders will be served without readback confirmation
dbus-daemon[1860556]: [session uid=1000 pid=1860556 pidfd=4] Activating service name='org.freedesktop.systemd1' requested by ':1.4' (uid=1000 pid=1860842 comm="/usr/bin/dbus-broker-launch --config-file=/usr/sha")
dbus-daemon[1860556]: [session uid=1000 pid=1860556 pidfd=4] Activated service 'org.freedesktop.systemd1' failed: Process org.freedesktop.systemd1 exited with status 1
dbus-daemon[1860556]: [session uid=1000 pid=1860556 pidfd=4] Activating service name='org.freedesktop.systemd1' requested by ':1.4' (uid=1000 pid=1860842 comm="/usr/bin/dbus-broker-launch --config-file=/usr/sha")
dbus-daemon[1860556]: [session uid=1000 pid=1860556 pidfd=4] Activated service 'org.freedesktop.systemd1' failed: Process org.freedesktop.systemd1 exited with status 1
{"trial": "m-a1-r29-toggle-C", "outcome": "verified", "oracle_exact_match": true, "completion_mutations": 1, "routes": ["provider", "provider"], "loadavg_before": "1.76 4.10 4.05 1/2327 1878590"}
dbus-daemon[1860556]: [session uid=1000 pid=1860556 pidfd=4] Activating service name='org.freedesktop.systemd1' requested by ':1.4' (uid=1000 pid=1860842 comm="/usr/bin/dbus-broker-launch --config-file=/usr/sha")
dbus-daemon[1860556]: [session uid=1000 pid=1860556 pidfd=4] Activated service 'org.freedesktop.systemd1' failed: Process org.freedesktop.systemd1 exited with status 1
[2m2026-10-03T08:58:23.784785Z[0m [33m WARN[0m [2mcua_driver_sdk::runtime[0m[2m:[0m could not activate the persistent AT-SPI listener: AT-SPI connect failed: ZBus Error: MethodError(OwnedErrorName("org.freedesktop.DBus.Error.NameHasNoOwner"), Some("Could not activate remote peer 'org.a11y.atspi.Registry': unit failed"), Msg { type: Error, serial: 4294967295, sender: UniqueName("org.freedesktop.DBus"), reply-serial: 9, body: Str, fds: [] })
[2m2026-10-03T08:58:23.791576Z[0m [33m WARN[0m [2mplatform_linux::overlay[0m[2m:[0m X11 overlay: root reads cannot see this window's own pixels; save-unders will be served without readback confirmation
dbus-daemon[1860556]: [session uid=1000 pid=1860556 pidfd=4] Activating service name='org.freedesktop.systemd1' requested by ':1.4' (uid=1000 pid=1860842 comm="/usr/bin/dbus-broker-launch --config-file=/usr/sha")
dbus-daemon[1860556]: [session uid=1000 pid=1860556 pidfd=4] Activated service 'org.freedesktop.systemd1' failed: Process org.freedesktop.systemd1 exited with status 1
dbus-daemon[1860556]: [session uid=1000 pid=1860556 pidfd=4] Activating service name='org.freedesktop.systemd1' requested by ':1.4' (uid=1000 pid=1860842 comm="/usr/bin/dbus-broker-launch --config-file=/usr/sha")
dbus-daemon[1860556]: [session uid=1000 pid=1860556 pidfd=4] Activated service 'org.freedesktop.systemd1' failed: Process org.freedesktop.systemd1 exited with status 1
{"trial": "m-a1-r29-fill-Wa", "outcome": "verified", "oracle_exact_match": true, "completion_mutations": 1, "routes": ["compiled"], "loadavg_before": "1.76 4.10 4.05 1/2352 1878984"}
dbus-daemon[1860556]: [session uid=1000 pid=1860556 pidfd=4] Activating service name='org.freedesktop.systemd1' requested by ':1.4' (uid=1000 pid=1860842 comm="/usr/bin/dbus-broker-launch --config-file=/usr/sha")
dbus-daemon[1860556]: [session uid=1000 pid=1860556 pidfd=4] Activated service 'org.freedesktop.systemd1' failed: Process org.freedesktop.systemd1 exited with status 1
[2m2026-10-03T08:58:25.285766Z[0m [33m WARN[0m [2mcua_driver_sdk::runtime[0m[2m:[0m could not activate the persistent AT-SPI listener: AT-SPI connect failed: ZBus Error: MethodError(OwnedErrorName("org.freedesktop.DBus.Error.NameHasNoOwner"), Some("Could not activate remote peer 'org.a11y.atspi.Registry': unit failed"), Msg { type: Error, serial: 4294967295, sender: UniqueName("org.freedesktop.DBus"), reply-serial: 9, body: Str, fds: [] })
[2m2026-10-03T08:58:25.292163Z[0m [33m WARN[0m [2mplatform_linux::overlay[0m[2m:[0m X11 overlay: root reads cannot see this window's own pixels; save-unders will be served without readback confirmation
dbus-daemon[1860556]: [session uid=1000 pid=1860556 pidfd=4] Activating service name='org.freedesktop.systemd1' requested by ':1.4' (uid=1000 pid=1860842 comm="/usr/bin/dbus-broker-launch --config-file=/usr/sha")
dbus-daemon[1860556]: [session uid=1000 pid=1860556 pidfd=4] Activated service 'org.freedesktop.systemd1' failed: Process org.freedesktop.systemd1 exited with status 1
dbus-daemon[1860556]: [session uid=1000 pid=1860556 pidfd=4] Activating service name='org.freedesktop.systemd1' requested by ':1.4' (uid=1000 pid=1860842 comm="/usr/bin/dbus-broker-launch --config-file=/usr/sha")
dbus-daemon[1860556]: [session uid=1000 pid=1860556 pidfd=4] Activated service 'org.freedesktop.systemd1' failed: Process org.freedesktop.systemd1 exited with status 1
{"trial": "m-a1-r29-fill-Wb", "outcome": "verified", "oracle_exact_match": true, "completion_mutations": 1, "routes": ["compiled"], "loadavg_before": "1.76 4.10 4.05 1/2318 1879288"}
dbus-daemon[1860556]: [session uid=1000 pid=1860556 pidfd=4] Activating service name='org.freedesktop.systemd1' requested by ':1.4' (uid=1000 pid=1860842 comm="/usr/bin/dbus-broker-launch --config-file=/usr/sha")
dbus-daemon[1860556]: [session uid=1000 pid=1860556 pidfd=4] Activated service 'org.freedesktop.systemd1' failed: Process org.freedesktop.systemd1 exited with status 1
[2m2026-10-03T08:58:26.786653Z[0m [33m WARN[0m [2mcua_driver_sdk::runtime[0m[2m:[0m could not activate the persistent AT-SPI listener: AT-SPI connect failed: ZBus Error: MethodError(OwnedErrorName("org.freedesktop.DBus.Error.NameHasNoOwner"), Some("Could not activate remote peer 'org.a11y.atspi.Registry': unit failed"), Msg { type: Error, serial: 4294967295, sender: UniqueName("org.freedesktop.DBus"), reply-serial: 9, body: Str, fds: [] })
[2m2026-10-03T08:58:26.793840Z[0m [33m WARN[0m [2mplatform_linux::overlay[0m[2m:[0m X11 overlay: root reads cannot see this window's own pixels; save-unders will be served without readback confirmation
dbus-daemon[1860556]: [session uid=1000 pid=1860556 pidfd=4] Activating service name='org.freedesktop.systemd1' requested by ':1.4' (uid=1000 pid=1860842 comm="/usr/bin/dbus-broker-launch --config-file=/usr/sha")
dbus-daemon[1860556]: [session uid=1000 pid=1860556 pidfd=4] Activated service 'org.freedesktop.systemd1' failed: Process org.freedesktop.systemd1 exited with status 1
dbus-daemon[1860556]: [session uid=1000 pid=1860556 pidfd=4] Activating service name='org.freedesktop.systemd1' requested by ':1.4' (uid=1000 pid=1860842 comm="/usr/bin/dbus-broker-launch --config-file=/usr/sha")
dbus-daemon[1860556]: [session uid=1000 pid=1860556 pidfd=4] Activated service 'org.freedesktop.systemd1' failed: Process org.freedesktop.systemd1 exited with status 1
{"trial": "m-a1-r29-fill-C", "outcome": "verified", "oracle_exact_match": true, "completion_mutations": 1, "routes": ["compiled"], "loadavg_before": "1.78 4.06 4.04 1/2318 1879556"}
dbus-daemon[1860556]: [session uid=1000 pid=1860556 pidfd=4] Activating service name='org.freedesktop.systemd1' requested by ':1.4' (uid=1000 pid=1860842 comm="/usr/bin/dbus-broker-launch --config-file=/usr/sha")
dbus-daemon[1860556]: [session uid=1000 pid=1860556 pidfd=4] Activated service 'org.freedesktop.systemd1' failed: Process org.freedesktop.systemd1 exited with status 1
[2m2026-10-03T08:58:28.288704Z[0m [33m WARN[0m [2mcua_driver_sdk::runtime[0m[2m:[0m could not activate the persistent AT-SPI listener: AT-SPI connect failed: ZBus Error: MethodError(OwnedErrorName("org.freedesktop.DBus.Error.NameHasNoOwner"), Some("Could not activate remote peer 'org.a11y.atspi.Registry': unit failed"), Msg { type: Error, serial: 4294967295, sender: UniqueName("org.freedesktop.DBus"), reply-serial: 9, body: Str, fds: [] })
[2m2026-10-03T08:58:28.295373Z[0m [33m WARN[0m [2mplatform_linux::overlay[0m[2m:[0m X11 overlay: root reads cannot see this window's own pixels; save-unders will be served without readback confirmation
dbus-daemon[1860556]: [session uid=1000 pid=1860556 pidfd=4] Activating service name='org.freedesktop.systemd1' requested by ':1.4' (uid=1000 pid=1860842 comm="/usr/bin/dbus-broker-launch --config-file=/usr/sha")
dbus-daemon[1860556]: [session uid=1000 pid=1860556 pidfd=4] Activated service 'org.freedesktop.systemd1' failed: Process org.freedesktop.systemd1 exited with status 1
dbus-daemon[1860556]: [session uid=1000 pid=1860556 pidfd=4] Activating service name='org.freedesktop.systemd1' requested by ':1.4' (uid=1000 pid=1860842 comm="/usr/bin/dbus-broker-launch --config-file=/usr/sha")
dbus-daemon[1860556]: [session uid=1000 pid=1860556 pidfd=4] Activated service 'org.freedesktop.systemd1' failed: Process org.freedesktop.systemd1 exited with status 1
{"trial": "m-a1-r29-fill-P", "outcome": "verified", "oracle_exact_match": true, "completion_mutations": 1, "routes": ["compiled"], "loadavg_before": "1.78 4.06 4.04 2/2318 1879853"}
dbus-daemon[1860556]: [session uid=1000 pid=1860556 pidfd=4] Activating service name='org.freedesktop.systemd1' requested by ':1.4' (uid=1000 pid=1860842 comm="/usr/bin/dbus-broker-launch --config-file=/usr/sha")
dbus-daemon[1860556]: [session uid=1000 pid=1860556 pidfd=4] Activated service 'org.freedesktop.systemd1' failed: Process org.freedesktop.systemd1 exited with status 1
[2m2026-10-03T08:58:29.788534Z[0m [33m WARN[0m [2mcua_driver_sdk::runtime[0m[2m:[0m could not activate the persistent AT-SPI listener: AT-SPI connect failed: ZBus Error: MethodError(OwnedErrorName("org.freedesktop.DBus.Error.NameHasNoOwner"), Some("Could not activate remote peer 'org.a11y.atspi.Registry': unit failed"), Msg { type: Error, serial: 4294967295, sender: UniqueName("org.freedesktop.DBus"), reply-serial: 9, body: Str, fds: [] })
[2m2026-10-03T08:58:29.795114Z[0m [33m WARN[0m [2mplatform_linux::overlay[0m[2m:[0m X11 overlay: root reads cannot see this window's own pixels; save-unders will be served without readback confirmation
dbus-daemon[1860556]: [session uid=1000 pid=1860556 pidfd=4] Activating service name='org.freedesktop.systemd1' requested by ':1.4' (uid=1000 pid=1860842 comm="/usr/bin/dbus-broker-launch --config-file=/usr/sha")
dbus-daemon[1860556]: [session uid=1000 pid=1860556 pidfd=4] Activated service 'org.freedesktop.systemd1' failed: Process org.freedesktop.systemd1 exited with status 1
dbus-daemon[1860556]: [session uid=1000 pid=1860556 pidfd=4] Activating service name='org.freedesktop.systemd1' requested by ':1.4' (uid=1000 pid=1860842 comm="/usr/bin/dbus-broker-launch --config-file=/usr/sha")
dbus-daemon[1860556]: [session uid=1000 pid=1860556 pidfd=4] Activated service 'org.freedesktop.systemd1' failed: Process org.freedesktop.systemd1 exited with status 1
{"trial": "m-a1-r30-fill-Wb", "outcome": "verified", "oracle_exact_match": true, "completion_mutations": 1, "routes": ["compiled"], "loadavg_before": "1.78 4.06 4.04 1/2311 1880146"}
dbus-daemon[1860556]: [session uid=1000 pid=1860556 pidfd=4] Activating service name='org.freedesktop.systemd1' requested by ':1.4' (uid=1000 pid=1860842 comm="/usr/bin/dbus-broker-launch --config-file=/usr/sha")
dbus-daemon[1860556]: [session uid=1000 pid=1860556 pidfd=4] Activated service 'org.freedesktop.systemd1' failed: Process org.freedesktop.systemd1 exited with status 1
[2m2026-10-03T08:58:31.289973Z[0m [33m WARN[0m [2mcua_driver_sdk::runtime[0m[2m:[0m could not activate the persistent AT-SPI listener: AT-SPI connect failed: ZBus Error: MethodError(OwnedErrorName("org.freedesktop.DBus.Error.NameHasNoOwner"), Some("Could not activate remote peer 'org.a11y.atspi.Registry': unit failed"), Msg { type: Error, serial: 4294967295, sender: UniqueName("org.freedesktop.DBus"), reply-serial: 9, body: Str, fds: [] })
[2m2026-10-03T08:58:31.296583Z[0m [33m WARN[0m [2mplatform_linux::overlay[0m[2m:[0m X11 overlay: root reads cannot see this window's own pixels; save-unders will be served without readback confirmation
dbus-daemon[1860556]: [session uid=1000 pid=1860556 pidfd=4] Activating service name='org.freedesktop.systemd1' requested by ':1.4' (uid=1000 pid=1860842 comm="/usr/bin/dbus-broker-launch --config-file=/usr/sha")
dbus-daemon[1860556]: [session uid=1000 pid=1860556 pidfd=4] Activated service 'org.freedesktop.systemd1' failed: Process org.freedesktop.systemd1 exited with status 1
dbus-daemon[1860556]: [session uid=1000 pid=1860556 pidfd=4] Activating service name='org.freedesktop.systemd1' requested by ':1.4' (uid=1000 pid=1860842 comm="/usr/bin/dbus-broker-launch --config-file=/usr/sha")
dbus-daemon[1860556]: [session uid=1000 pid=1860556 pidfd=4] Activated service 'org.freedesktop.systemd1' failed: Process org.freedesktop.systemd1 exited with status 1
{"trial": "m-a1-r30-fill-P", "outcome": "verified", "oracle_exact_match": true, "completion_mutations": 1, "routes": ["compiled"], "loadavg_before": "1.63 3.99 4.02 1/2310 1880462"}
dbus-daemon[1860556]: [session uid=1000 pid=1860556 pidfd=4] Activating service name='org.freedesktop.systemd1' requested by ':1.4' (uid=1000 pid=1860842 comm="/usr/bin/dbus-broker-launch --config-file=/usr/sha")
dbus-daemon[1860556]: [session uid=1000 pid=1860556 pidfd=4] Activated service 'org.freedesktop.systemd1' failed: Process org.freedesktop.systemd1 exited with status 1
[2m2026-10-03T08:58:32.790926Z[0m [33m WARN[0m [2mcua_driver_sdk::runtime[0m[2m:[0m could not activate the persistent AT-SPI listener: AT-SPI connect failed: ZBus Error: MethodError(OwnedErrorName("org.freedesktop.DBus.Error.NameHasNoOwner"), Some("Could not activate remote peer 'org.a11y.atspi.Registry': unit failed"), Msg { type: Error, serial: 4294967295, sender: UniqueName("org.freedesktop.DBus"), reply-serial: 9, body: Str, fds: [] })
[2m2026-10-03T08:58:32.797883Z[0m [33m WARN[0m [2mplatform_linux::overlay[0m[2m:[0m X11 overlay: root reads cannot see this window's own pixels; save-unders will be served without readback confirmation
dbus-daemon[1860556]: [session uid=1000 pid=1860556 pidfd=4] Activating service name='org.freedesktop.systemd1' requested by ':1.4' (uid=1000 pid=1860842 comm="/usr/bin/dbus-broker-launch --config-file=/usr/sha")
dbus-daemon[1860556]: [session uid=1000 pid=1860556 pidfd=4] Activated service 'org.freedesktop.systemd1' failed: Process org.freedesktop.systemd1 exited with status 1
dbus-daemon[1860556]: [session uid=1000 pid=1860556 pidfd=4] Activating service name='org.freedesktop.systemd1' requested by ':1.4' (uid=1000 pid=1860842 comm="/usr/bin/dbus-broker-launch --config-file=/usr/sha")
dbus-daemon[1860556]: [session uid=1000 pid=1860556 pidfd=4] Activated service 'org.freedesktop.systemd1' failed: Process org.freedesktop.systemd1 exited with status 1
{"trial": "m-a1-r30-fill-Wa", "outcome": "verified", "oracle_exact_match": true, "completion_mutations": 1, "routes": ["compiled"], "loadavg_before": "1.63 3.99 4.02 1/2310 1880738"}
dbus-daemon[1860556]: [session uid=1000 pid=1860556 pidfd=4] Activating service name='org.freedesktop.systemd1' requested by ':1.4' (uid=1000 pid=1860842 comm="/usr/bin/dbus-broker-launch --config-file=/usr/sha")
dbus-daemon[1860556]: [session uid=1000 pid=1860556 pidfd=4] Activated service 'org.freedesktop.systemd1' failed: Process org.freedesktop.systemd1 exited with status 1
[2m2026-10-03T08:58:34.291737Z[0m [33m WARN[0m [2mcua_driver_sdk::runtime[0m[2m:[0m could not activate the persistent AT-SPI listener: AT-SPI connect failed: ZBus Error: MethodError(OwnedErrorName("org.freedesktop.DBus.Error.NameHasNoOwner"), Some("Could not activate remote peer 'org.a11y.atspi.Registry': unit failed"), Msg { type: Error, serial: 4294967295, sender: UniqueName("org.freedesktop.DBus"), reply-serial: 9, body: Str, fds: [] })
[2m2026-10-03T08:58:34.298512Z[0m [33m WARN[0m [2mplatform_linux::overlay[0m[2m:[0m X11 overlay: root reads cannot see this window's own pixels; save-unders will be served without readback confirmation
dbus-daemon[1860556]: [session uid=1000 pid=1860556 pidfd=4] Activating service name='org.freedesktop.systemd1' requested by ':1.4' (uid=1000 pid=1860842 comm="/usr/bin/dbus-broker-launch --config-file=/usr/sha")
dbus-daemon[1860556]: [session uid=1000 pid=1860556 pidfd=4] Activated service 'org.freedesktop.systemd1' failed: Process org.freedesktop.systemd1 exited with status 1
dbus-daemon[1860556]: [session uid=1000 pid=1860556 pidfd=4] Activating service name='org.freedesktop.systemd1' requested by ':1.4' (uid=1000 pid=1860842 comm="/usr/bin/dbus-broker-launch --config-file=/usr/sha")
dbus-daemon[1860556]: [session uid=1000 pid=1860556 pidfd=4] Activated service 'org.freedesktop.systemd1' failed: Process org.freedesktop.systemd1 exited with status 1
{"trial": "m-a1-r30-fill-C", "outcome": "verified", "oracle_exact_match": true, "completion_mutations": 1, "routes": ["compiled"], "loadavg_before": "1.63 3.99 4.02 1/2309 1881029"}
dbus-daemon[1860556]: [session uid=1000 pid=1860556 pidfd=4] Activating service name='org.freedesktop.systemd1' requested by ':1.4' (uid=1000 pid=1860842 comm="/usr/bin/dbus-broker-launch --config-file=/usr/sha")
dbus-daemon[1860556]: [session uid=1000 pid=1860556 pidfd=4] Activated service 'org.freedesktop.systemd1' failed: Process org.freedesktop.systemd1 exited with status 1
[2m2026-10-03T08:58:35.792054Z[0m [33m WARN[0m [2mcua_driver_sdk::runtime[0m[2m:[0m could not activate the persistent AT-SPI listener: AT-SPI connect failed: ZBus Error: MethodError(OwnedErrorName("org.freedesktop.DBus.Error.NameHasNoOwner"), Some("Could not activate remote peer 'org.a11y.atspi.Registry': unit failed"), Msg { type: Error, serial: 4294967295, sender: UniqueName("org.freedesktop.DBus"), reply-serial: 9, body: Str, fds: [] })
[2m2026-10-03T08:58:35.798660Z[0m [33m WARN[0m [2mplatform_linux::overlay[0m[2m:[0m X11 overlay: root reads cannot see this window's own pixels; save-unders will be served without readback confirmation
dbus-daemon[1860556]: [session uid=1000 pid=1860556 pidfd=4] Activating service name='org.freedesktop.systemd1' requested by ':1.4' (uid=1000 pid=1860842 comm="/usr/bin/dbus-broker-launch --config-file=/usr/sha")
dbus-daemon[1860556]: [session uid=1000 pid=1860556 pidfd=4] Activated service 'org.freedesktop.systemd1' failed: Process org.freedesktop.systemd1 exited with status 1
dbus-daemon[1860556]: [session uid=1000 pid=1860556 pidfd=4] Activating service name='org.freedesktop.systemd1' requested by ':1.4' (uid=1000 pid=1860842 comm="/usr/bin/dbus-broker-launch --config-file=/usr/sha")
dbus-daemon[1860556]: [session uid=1000 pid=1860556 pidfd=4] Activated service 'org.freedesktop.systemd1' failed: Process org.freedesktop.systemd1 exited with status 1
{"trial": "m-a1-r30-toggle-P", "outcome": "verified", "oracle_exact_match": true, "completion_mutations": 1, "routes": ["provider", "provider"], "loadavg_before": "1.66 3.96 4.01 1/2323 1881449"}
dbus-daemon[1860556]: [session uid=1000 pid=1860556 pidfd=4] Activating service name='org.freedesktop.systemd1' requested by ':1.4' (uid=1000 pid=1860842 comm="/usr/bin/dbus-broker-launch --config-file=/usr/sha")
dbus-daemon[1860556]: [session uid=1000 pid=1860556 pidfd=4] Activated service 'org.freedesktop.systemd1' failed: Process org.freedesktop.systemd1 exited with status 1
[2m2026-10-03T08:58:36.924908Z[0m [33m WARN[0m [2mcua_driver_sdk::runtime[0m[2m:[0m could not activate the persistent AT-SPI listener: AT-SPI connect failed: ZBus Error: MethodError(OwnedErrorName("org.freedesktop.DBus.Error.NameHasNoOwner"), Some("Could not activate remote peer 'org.a11y.atspi.Registry': unit failed"), Msg { type: Error, serial: 4294967295, sender: UniqueName("org.freedesktop.DBus"), reply-serial: 9, body: Str, fds: [] })
[2m2026-10-03T08:58:36.931724Z[0m [33m WARN[0m [2mplatform_linux::overlay[0m[2m:[0m X11 overlay: root reads cannot see this window's own pixels; save-unders will be served without readback confirmation
dbus-daemon[1860556]: [session uid=1000 pid=1860556 pidfd=4] Activating service name='org.freedesktop.systemd1' requested by ':1.4' (uid=1000 pid=1860842 comm="/usr/bin/dbus-broker-launch --config-file=/usr/sha")
dbus-daemon[1860556]: [session uid=1000 pid=1860556 pidfd=4] Activated service 'org.freedesktop.systemd1' failed: Process org.freedesktop.systemd1 exited with status 1
dbus-daemon[1860556]: [session uid=1000 pid=1860556 pidfd=4] Activating service name='org.freedesktop.systemd1' requested by ':1.4' (uid=1000 pid=1860842 comm="/usr/bin/dbus-broker-launch --config-file=/usr/sha")
dbus-daemon[1860556]: [session uid=1000 pid=1860556 pidfd=4] Activated service 'org.freedesktop.systemd1' failed: Process org.freedesktop.systemd1 exited with status 1
{"trial": "m-a1-r30-toggle-C", "outcome": "verified", "oracle_exact_match": true, "completion_mutations": 1, "routes": ["provider", "provider"], "loadavg_before": "1.66 3.96 4.01 1/2314 1881767"}
dbus-daemon[1860556]: [session uid=1000 pid=1860556 pidfd=4] Activating service name='org.freedesktop.systemd1' requested by ':1.4' (uid=1000 pid=1860842 comm="/usr/bin/dbus-broker-launch --config-file=/usr/sha")
dbus-daemon[1860556]: [session uid=1000 pid=1860556 pidfd=4] Activated service 'org.freedesktop.systemd1' failed: Process org.freedesktop.systemd1 exited with status 1
[2m2026-10-03T08:58:38.027395Z[0m [33m WARN[0m [2mcua_driver_sdk::runtime[0m[2m:[0m could not activate the persistent AT-SPI listener: AT-SPI connect failed: ZBus Error: MethodError(OwnedErrorName("org.freedesktop.DBus.Error.NameHasNoOwner"), Some("Could not activate remote peer 'org.a11y.atspi.Registry': unit failed"), Msg { type: Error, serial: 4294967295, sender: UniqueName("org.freedesktop.DBus"), reply-serial: 9, body: Str, fds: [] })
[2m2026-10-03T08:58:38.034049Z[0m [33m WARN[0m [2mplatform_linux::overlay[0m[2m:[0m X11 overlay: root reads cannot see this window's own pixels; save-unders will be served without readback confirmation
dbus-daemon[1860556]: [session uid=1000 pid=1860556 pidfd=4] Activating service name='org.freedesktop.systemd1' requested by ':1.4' (uid=1000 pid=1860842 comm="/usr/bin/dbus-broker-launch --config-file=/usr/sha")
dbus-daemon[1860556]: [session uid=1000 pid=1860556 pidfd=4] Activated service 'org.freedesktop.systemd1' failed: Process org.freedesktop.systemd1 exited with status 1
dbus-daemon[1860556]: [session uid=1000 pid=1860556 pidfd=4] Activating service name='org.freedesktop.systemd1' requested by ':1.4' (uid=1000 pid=1860842 comm="/usr/bin/dbus-broker-launch --config-file=/usr/sha")
dbus-daemon[1860556]: [session uid=1000 pid=1860556 pidfd=4] Activated service 'org.freedesktop.systemd1' failed: Process org.freedesktop.systemd1 exited with status 1
{"trial": "m-a1-r30-toggle-Wb", "outcome": "verified", "oracle_exact_match": true, "completion_mutations": 1, "routes": ["provider", "provider"], "loadavg_before": "1.66 3.96 4.01 2/2324 1882095"}
dbus-daemon[1860556]: [session uid=1000 pid=1860556 pidfd=4] Activating service name='org.freedesktop.systemd1' requested by ':1.4' (uid=1000 pid=1860842 comm="/usr/bin/dbus-broker-launch --config-file=/usr/sha")
dbus-daemon[1860556]: [session uid=1000 pid=1860556 pidfd=4] Activated service 'org.freedesktop.systemd1' failed: Process org.freedesktop.systemd1 exited with status 1
[2m2026-10-03T08:58:39.146066Z[0m [33m WARN[0m [2mcua_driver_sdk::runtime[0m[2m:[0m could not activate the persistent AT-SPI listener: AT-SPI connect failed: ZBus Error: MethodError(OwnedErrorName("org.freedesktop.DBus.Error.NameHasNoOwner"), Some("Could not activate remote peer 'org.a11y.atspi.Registry': unit failed"), Msg { type: Error, serial: 4294967295, sender: UniqueName("org.freedesktop.DBus"), reply-serial: 9, body: Str, fds: [] })
[2m2026-10-03T08:58:39.153724Z[0m [33m WARN[0m [2mplatform_linux::overlay[0m[2m:[0m X11 overlay: root reads cannot see this window's own pixels; save-unders will be served without readback confirmation
dbus-daemon[1860556]: [session uid=1000 pid=1860556 pidfd=4] Activating service name='org.freedesktop.systemd1' requested by ':1.4' (uid=1000 pid=1860842 comm="/usr/bin/dbus-broker-launch --config-file=/usr/sha")
dbus-daemon[1860556]: [session uid=1000 pid=1860556 pidfd=4] Activated service 'org.freedesktop.systemd1' failed: Process org.freedesktop.systemd1 exited with status 1
dbus-daemon[1860556]: [session uid=1000 pid=1860556 pidfd=4] Activating service name='org.freedesktop.systemd1' requested by ':1.4' (uid=1000 pid=1860842 comm="/usr/bin/dbus-broker-launch --config-file=/usr/sha")
dbus-daemon[1860556]: [session uid=1000 pid=1860556 pidfd=4] Activated service 'org.freedesktop.systemd1' failed: Process org.freedesktop.systemd1 exited with status 1
{"trial": "m-a1-r30-toggle-Wa", "outcome": "verified", "oracle_exact_match": true, "completion_mutations": 1, "routes": ["provider", "provider"], "loadavg_before": "1.66 3.96 4.01 1/2317 1882410"}
dbus-daemon[1860556]: [session uid=1000 pid=1860556 pidfd=4] Activating service name='org.freedesktop.systemd1' requested by ':1.4' (uid=1000 pid=1860842 comm="/usr/bin/dbus-broker-launch --config-file=/usr/sha")
dbus-daemon[1860556]: [session uid=1000 pid=1860556 pidfd=4] Activated service 'org.freedesktop.systemd1' failed: Process org.freedesktop.systemd1 exited with status 1
[2m2026-10-03T08:58:40.262599Z[0m [33m WARN[0m [2mcua_driver_sdk::runtime[0m[2m:[0m could not activate the persistent AT-SPI listener: AT-SPI connect failed: ZBus Error: MethodError(OwnedErrorName("org.freedesktop.DBus.Error.NameHasNoOwner"), Some("Could not activate remote peer 'org.a11y.atspi.Registry': unit failed"), Msg { type: Error, serial: 4294967295, sender: UniqueName("org.freedesktop.DBus"), reply-serial: 9, body: Str, fds: [] })
[2m2026-10-03T08:58:40.269924Z[0m [33m WARN[0m [2mplatform_linux::overlay[0m[2m:[0m X11 overlay: root reads cannot see this window's own pixels; save-unders will be served without readback confirmation
dbus-daemon[1860556]: [session uid=1000 pid=1860556 pidfd=4] Activating service name='org.freedesktop.systemd1' requested by ':1.4' (uid=1000 pid=1860842 comm="/usr/bin/dbus-broker-launch --config-file=/usr/sha")
dbus-daemon[1860556]: [session uid=1000 pid=1860556 pidfd=4] Activated service 'org.freedesktop.systemd1' failed: Process org.freedesktop.systemd1 exited with status 1
dbus-daemon[1860556]: [session uid=1000 pid=1860556 pidfd=4] Activating service name='org.freedesktop.systemd1' requested by ':1.4' (uid=1000 pid=1860842 comm="/usr/bin/dbus-broker-launch --config-file=/usr/sha")
dbus-daemon[1860556]: [session uid=1000 pid=1860556 pidfd=4] Activated service 'org.freedesktop.systemd1' failed: Process org.freedesktop.systemd1 exited with status 1
{"trial": "m-a1-r31-toggle-C", "outcome": "verified", "oracle_exact_match": true, "completion_mutations": 1, "routes": ["provider", "provider"], "loadavg_before": "1.66 3.96 4.01 1/2323 1882720"}
dbus-daemon[1860556]: [session uid=1000 pid=1860556 pidfd=4] Activating service name='org.freedesktop.systemd1' requested by ':1.4' (uid=1000 pid=1860842 comm="/usr/bin/dbus-broker-launch --config-file=/usr/sha")
dbus-daemon[1860556]: [session uid=1000 pid=1860556 pidfd=4] Activated service 'org.freedesktop.systemd1' failed: Process org.freedesktop.systemd1 exited with status 1
[2m2026-10-03T08:58:41.354372Z[0m [33m WARN[0m [2mcua_driver_sdk::runtime[0m[2m:[0m could not activate the persistent AT-SPI listener: AT-SPI connect failed: ZBus Error: MethodError(OwnedErrorName("org.freedesktop.DBus.Error.NameHasNoOwner"), Some("Could not activate remote peer 'org.a11y.atspi.Registry': unit failed"), Msg { type: Error, serial: 4294967295, sender: UniqueName("org.freedesktop.DBus"), reply-serial: 9, body: Str, fds: [] })
[2m2026-10-03T08:58:41.361588Z[0m [33m WARN[0m [2mplatform_linux::overlay[0m[2m:[0m X11 overlay: root reads cannot see this window's own pixels; save-unders will be served without readback confirmation
dbus-daemon[1860556]: [session uid=1000 pid=1860556 pidfd=4] Activating service name='org.freedesktop.systemd1' requested by ':1.4' (uid=1000 pid=1860842 comm="/usr/bin/dbus-broker-launch --config-file=/usr/sha")
dbus-daemon[1860556]: [session uid=1000 pid=1860556 pidfd=4] Activated service 'org.freedesktop.systemd1' failed: Process org.freedesktop.systemd1 exited with status 1
dbus-daemon[1860556]: [session uid=1000 pid=1860556 pidfd=4] Activating service name='org.freedesktop.systemd1' requested by ':1.4' (uid=1000 pid=1860842 comm="/usr/bin/dbus-broker-launch --config-file=/usr/sha")
dbus-daemon[1860556]: [session uid=1000 pid=1860556 pidfd=4] Activated service 'org.freedesktop.systemd1' failed: Process org.freedesktop.systemd1 exited with status 1
{"trial": "m-a1-r31-toggle-Wa", "outcome": "verified", "oracle_exact_match": true, "completion_mutations": 1, "routes": ["provider", "provider"], "loadavg_before": "1.61 3.91 3.99 1/2330 1883001"}
dbus-daemon[1860556]: [session uid=1000 pid=1860556 pidfd=4] Activating service name='org.freedesktop.systemd1' requested by ':1.4' (uid=1000 pid=1860842 comm="/usr/bin/dbus-broker-launch --config-file=/usr/sha")
dbus-daemon[1860556]: [session uid=1000 pid=1860556 pidfd=4] Activated service 'org.freedesktop.systemd1' failed: Process org.freedesktop.systemd1 exited with status 1
[2m2026-10-03T08:58:42.472007Z[0m [33m WARN[0m [2mcua_driver_sdk::runtime[0m[2m:[0m could not activate the persistent AT-SPI listener: AT-SPI connect failed: ZBus Error: MethodError(OwnedErrorName("org.freedesktop.DBus.Error.NameHasNoOwner"), Some("Could not activate remote peer 'org.a11y.atspi.Registry': unit failed"), Msg { type: Error, serial: 4294967295, sender: UniqueName("org.freedesktop.DBus"), reply-serial: 9, body: Str, fds: [] })
[2m2026-10-03T08:58:42.478743Z[0m [33m WARN[0m [2mplatform_linux::overlay[0m[2m:[0m X11 overlay: root reads cannot see this window's own pixels; save-unders will be served without readback confirmation
dbus-daemon[1860556]: [session uid=1000 pid=1860556 pidfd=4] Activating service name='org.freedesktop.systemd1' requested by ':1.4' (uid=1000 pid=1860842 comm="/usr/bin/dbus-broker-launch --config-file=/usr/sha")
dbus-daemon[1860556]: [session uid=1000 pid=1860556 pidfd=4] Activated service 'org.freedesktop.systemd1' failed: Process org.freedesktop.systemd1 exited with status 1
dbus-daemon[1860556]: [session uid=1000 pid=1860556 pidfd=4] Activating service name='org.freedesktop.systemd1' requested by ':1.4' (uid=1000 pid=1860842 comm="/usr/bin/dbus-broker-launch --config-file=/usr/sha")
dbus-daemon[1860556]: [session uid=1000 pid=1860556 pidfd=4] Activated service 'org.freedesktop.systemd1' failed: Process org.freedesktop.systemd1 exited with status 1
{"trial": "m-a1-r31-toggle-P", "outcome": "verified", "oracle_exact_match": true, "completion_mutations": 1, "routes": ["provider", "provider"], "loadavg_before": "1.61 3.91 3.99 3/2333 1883274"}
dbus-daemon[1860556]: [session uid=1000 pid=1860556 pidfd=4] Activating service name='org.freedesktop.systemd1' requested by ':1.4' (uid=1000 pid=1860842 comm="/usr/bin/dbus-broker-launch --config-file=/usr/sha")
dbus-daemon[1860556]: [session uid=1000 pid=1860556 pidfd=4] Activated service 'org.freedesktop.systemd1' failed: Process org.freedesktop.systemd1 exited with status 1
[2m2026-10-03T08:58:43.599820Z[0m [33m WARN[0m [2mcua_driver_sdk::runtime[0m[2m:[0m could not activate the persistent AT-SPI listener: AT-SPI connect failed: ZBus Error: MethodError(OwnedErrorName("org.freedesktop.DBus.Error.NameHasNoOwner"), Some("Could not activate remote peer 'org.a11y.atspi.Registry': unit failed"), Msg { type: Error, serial: 4294967295, sender: UniqueName("org.freedesktop.DBus"), reply-serial: 9, body: Str, fds: [] })
[2m2026-10-03T08:58:43.606690Z[0m [33m WARN[0m [2mplatform_linux::overlay[0m[2m:[0m X11 overlay: root reads cannot see this window's own pixels; save-unders will be served without readback confirmation
dbus-daemon[1860556]: [session uid=1000 pid=1860556 pidfd=4] Activating service name='org.freedesktop.systemd1' requested by ':1.4' (uid=1000 pid=1860842 comm="/usr/bin/dbus-broker-launch --config-file=/usr/sha")
dbus-daemon[1860556]: [session uid=1000 pid=1860556 pidfd=4] Activated service 'org.freedesktop.systemd1' failed: Process org.freedesktop.systemd1 exited with status 1
dbus-daemon[1860556]: [session uid=1000 pid=1860556 pidfd=4] Activating service name='org.freedesktop.systemd1' requested by ':1.4' (uid=1000 pid=1860842 comm="/usr/bin/dbus-broker-launch --config-file=/usr/sha")
dbus-daemon[1860556]: [session uid=1000 pid=1860556 pidfd=4] Activated service 'org.freedesktop.systemd1' failed: Process org.freedesktop.systemd1 exited with status 1
{"trial": "m-a1-r31-toggle-Wb", "outcome": "verified", "oracle_exact_match": true, "completion_mutations": 1, "routes": ["provider", "provider"], "loadavg_before": "1.61 3.91 3.99 2/2331 1883552"}
dbus-daemon[1860556]: [session uid=1000 pid=1860556 pidfd=4] Activating service name='org.freedesktop.systemd1' requested by ':1.4' (uid=1000 pid=1860842 comm="/usr/bin/dbus-broker-launch --config-file=/usr/sha")
dbus-daemon[1860556]: [session uid=1000 pid=1860556 pidfd=4] Activated service 'org.freedesktop.systemd1' failed: Process org.freedesktop.systemd1 exited with status 1
[2m2026-10-03T08:58:44.729643Z[0m [33m WARN[0m [2mcua_driver_sdk::runtime[0m[2m:[0m could not activate the persistent AT-SPI listener: AT-SPI connect failed: ZBus Error: MethodError(OwnedErrorName("org.freedesktop.DBus.Error.NameHasNoOwner"), Some("Could not activate remote peer 'org.a11y.atspi.Registry': unit failed"), Msg { type: Error, serial: 4294967295, sender: UniqueName("org.freedesktop.DBus"), reply-serial: 9, body: Str, fds: [] })
[2m2026-10-03T08:58:44.735986Z[0m [33m WARN[0m [2mplatform_linux::overlay[0m[2m:[0m X11 overlay: root reads cannot see this window's own pixels; save-unders will be served without readback confirmation
dbus-daemon[1860556]: [session uid=1000 pid=1860556 pidfd=4] Activating service name='org.freedesktop.systemd1' requested by ':1.4' (uid=1000 pid=1860842 comm="/usr/bin/dbus-broker-launch --config-file=/usr/sha")
dbus-daemon[1860556]: [session uid=1000 pid=1860556 pidfd=4] Activated service 'org.freedesktop.systemd1' failed: Process org.freedesktop.systemd1 exited with status 1
dbus-daemon[1860556]: [session uid=1000 pid=1860556 pidfd=4] Activating service name='org.freedesktop.systemd1' requested by ':1.4' (uid=1000 pid=1860842 comm="/usr/bin/dbus-broker-launch --config-file=/usr/sha")
dbus-daemon[1860556]: [session uid=1000 pid=1860556 pidfd=4] Activated service 'org.freedesktop.systemd1' failed: Process org.freedesktop.systemd1 exited with status 1
{"trial": "m-a1-r31-fill-P", "outcome": "verified", "oracle_exact_match": true, "completion_mutations": 1, "routes": ["compiled"], "loadavg_before": "1.61 3.91 3.99 1/2331 1883818"}
dbus-daemon[1860556]: [session uid=1000 pid=1860556 pidfd=4] Activating service name='org.freedesktop.systemd1' requested by ':1.4' (uid=1000 pid=1860842 comm="/usr/bin/dbus-broker-launch --config-file=/usr/sha")
dbus-daemon[1860556]: [session uid=1000 pid=1860556 pidfd=4] Activated service 'org.freedesktop.systemd1' failed: Process org.freedesktop.systemd1 exited with status 1
[2m2026-10-03T08:58:46.230225Z[0m [33m WARN[0m [2mcua_driver_sdk::runtime[0m[2m:[0m could not activate the persistent AT-SPI listener: AT-SPI connect failed: ZBus Error: MethodError(OwnedErrorName("org.freedesktop.DBus.Error.NameHasNoOwner"), Some("Could not activate remote peer 'org.a11y.atspi.Registry': unit failed"), Msg { type: Error, serial: 4294967295, sender: UniqueName("org.freedesktop.DBus"), reply-serial: 9, body: Str, fds: [] })
[2m2026-10-03T08:58:46.236888Z[0m [33m WARN[0m [2mplatform_linux::overlay[0m[2m:[0m X11 overlay: root reads cannot see this window's own pixels; save-unders will be served without readback confirmation
dbus-daemon[1860556]: [session uid=1000 pid=1860556 pidfd=4] Activating service name='org.freedesktop.systemd1' requested by ':1.4' (uid=1000 pid=1860842 comm="/usr/bin/dbus-broker-launch --config-file=/usr/sha")
dbus-daemon[1860556]: [session uid=1000 pid=1860556 pidfd=4] Activated service 'org.freedesktop.systemd1' failed: Process org.freedesktop.systemd1 exited with status 1
dbus-daemon[1860556]: [session uid=1000 pid=1860556 pidfd=4] Activating service name='org.freedesktop.systemd1' requested by ':1.4' (uid=1000 pid=1860842 comm="/usr/bin/dbus-broker-launch --config-file=/usr/sha")
dbus-daemon[1860556]: [session uid=1000 pid=1860556 pidfd=4] Activated service 'org.freedesktop.systemd1' failed: Process org.freedesktop.systemd1 exited with status 1
{"trial": "m-a1-r31-fill-C", "outcome": "verified", "oracle_exact_match": true, "completion_mutations": 1, "routes": ["compiled"], "loadavg_before": "1.48 3.85 3.97 2/2331 1884120"}
dbus-daemon[1860556]: [session uid=1000 pid=1860556 pidfd=4] Activating service name='org.freedesktop.systemd1' requested by ':1.4' (uid=1000 pid=1860842 comm="/usr/bin/dbus-broker-launch --config-file=/usr/sha")
dbus-daemon[1860556]: [session uid=1000 pid=1860556 pidfd=4] Activated service 'org.freedesktop.systemd1' failed: Process org.freedesktop.systemd1 exited with status 1
[2m2026-10-03T08:58:47.732010Z[0m [33m WARN[0m [2mcua_driver_sdk::runtime[0m[2m:[0m could not activate the persistent AT-SPI listener: AT-SPI connect failed: ZBus Error: MethodError(OwnedErrorName("org.freedesktop.DBus.Error.NameHasNoOwner"), Some("Could not activate remote peer 'org.a11y.atspi.Registry': unit failed"), Msg { type: Error, serial: 4294967295, sender: UniqueName("org.freedesktop.DBus"), reply-serial: 9, body: Str, fds: [] })
[2m2026-10-03T08:58:47.739193Z[0m [33m WARN[0m [2mplatform_linux::overlay[0m[2m:[0m X11 overlay: root reads cannot see this window's own pixels; save-unders will be served without readback confirmation
dbus-daemon[1860556]: [session uid=1000 pid=1860556 pidfd=4] Activating service name='org.freedesktop.systemd1' requested by ':1.4' (uid=1000 pid=1860842 comm="/usr/bin/dbus-broker-launch --config-file=/usr/sha")
dbus-daemon[1860556]: [session uid=1000 pid=1860556 pidfd=4] Activated service 'org.freedesktop.systemd1' failed: Process org.freedesktop.systemd1 exited with status 1
dbus-daemon[1860556]: [session uid=1000 pid=1860556 pidfd=4] Activating service name='org.freedesktop.systemd1' requested by ':1.4' (uid=1000 pid=1860842 comm="/usr/bin/dbus-broker-launch --config-file=/usr/sha")
dbus-daemon[1860556]: [session uid=1000 pid=1860556 pidfd=4] Activated service 'org.freedesktop.systemd1' failed: Process org.freedesktop.systemd1 exited with status 1
{"trial": "m-a1-r31-fill-Wb", "outcome": "verified", "oracle_exact_match": true, "completion_mutations": 1, "routes": ["compiled"], "loadavg_before": "1.48 3.85 3.97 1/2331 1884413"}
dbus-daemon[1860556]: [session uid=1000 pid=1860556 pidfd=4] Activating service name='org.freedesktop.systemd1' requested by ':1.4' (uid=1000 pid=1860842 comm="/usr/bin/dbus-broker-launch --config-file=/usr/sha")
dbus-daemon[1860556]: [session uid=1000 pid=1860556 pidfd=4] Activated service 'org.freedesktop.systemd1' failed: Process org.freedesktop.systemd1 exited with status 1
[2m2026-10-03T08:58:49.232504Z[0m [33m WARN[0m [2mcua_driver_sdk::runtime[0m[2m:[0m could not activate the persistent AT-SPI listener: AT-SPI connect failed: ZBus Error: MethodError(OwnedErrorName("org.freedesktop.DBus.Error.NameHasNoOwner"), Some("Could not activate remote peer 'org.a11y.atspi.Registry': unit failed"), Msg { type: Error, serial: 4294967295, sender: UniqueName("org.freedesktop.DBus"), reply-serial: 9, body: Str, fds: [] })
[2m2026-10-03T08:58:49.239395Z[0m [33m WARN[0m [2mplatform_linux::overlay[0m[2m:[0m X11 overlay: root reads cannot see this window's own pixels; save-unders will be served without readback confirmation
dbus-daemon[1860556]: [session uid=1000 pid=1860556 pidfd=4] Activating service name='org.freedesktop.systemd1' requested by ':1.4' (uid=1000 pid=1860842 comm="/usr/bin/dbus-broker-launch --config-file=/usr/sha")
dbus-daemon[1860556]: [session uid=1000 pid=1860556 pidfd=4] Activated service 'org.freedesktop.systemd1' failed: Process org.freedesktop.systemd1 exited with status 1
dbus-daemon[1860556]: [session uid=1000 pid=1860556 pidfd=4] Activating service name='org.freedesktop.systemd1' requested by ':1.4' (uid=1000 pid=1860842 comm="/usr/bin/dbus-broker-launch --config-file=/usr/sha")
dbus-daemon[1860556]: [session uid=1000 pid=1860556 pidfd=4] Activated service 'org.freedesktop.systemd1' failed: Process org.freedesktop.systemd1 exited with status 1
{"trial": "m-a1-r31-fill-Wa", "outcome": "verified", "oracle_exact_match": true, "completion_mutations": 1, "routes": ["compiled"], "loadavg_before": "1.48 3.85 3.97 2/2323 1884684"}
[b06] end_utc=2026-10-03T08:58:50.787Z rc=0 loadavg=1.36 3.78 3.95
A connection to the bus can't be made
X connection to :100 broken (explicit kill or server shutdown).
[session] exit rc=0 run_dir=<lane-tmp>/x11-session.rNcHhs
[2026-10-03T08:58:50.801Z] chunk b06-main-a1-r22-31 rc=0 loadavg=1.36 3.78 3.95
