[2026-10-03T07:30:31.365Z] chunk b06-main-a1-r00-09 plan=main rounds=0-9 block=m attempt=1 loadavg=20.89 11.98 7.13 hostless=1
[b06] session_attempt=1 jitter_ms=1982 utc=2026-10-03T07:39:17.061Z
[session] DISPLAY=:100 openbox=1045165 picom=1045166 dbus=unix:path=<tmp>/dbus-N6k7Ga6a3Z,guid=e1123b093060e90afa0c5a936ac0b128
[b06] display=:100 xdpyinfo=ok start_utc=2026-10-03T07:39:22.092Z loadavg=2.14 7.59 7.48 telemetry_env=0 dnt=1 lock=exclusive wayland=unset hostless=1
dbus-daemon[1045163]: [session uid=1000 pid=1045163 pidfd=4] Activating service name='org.a11y.Bus' requested by ':1.0' (uid=1000 pid=1045217 comm="<lanes>/bin/cua-driver-r2")
dbus-daemon[1045163]: [session uid=1000 pid=1045163 pidfd=4] Successfully activated service 'org.a11y.Bus'
dbus-daemon[1045163]: [session uid=1000 pid=1045163 pidfd=4] Activating service name='ca.desrt.dconf' requested by ':1.1' (uid=1000 pid=1045238 comm="/usr/lib/at-spi-bus-launcher")
dbus-daemon[1045163]: [session uid=1000 pid=1045163 pidfd=4] Successfully activated service 'ca.desrt.dconf'
dbus-daemon[1045163]: [session uid=1000 pid=1045163 pidfd=4] Activating service name='org.freedesktop.systemd1' requested by ':1.4' (uid=1000 pid=1045258 comm="/usr/bin/dbus-broker-launch --config-file=/usr/sha")
dbus-daemon[1045163]: [session uid=1000 pid=1045163 pidfd=4] Activated service 'org.freedesktop.systemd1' failed: Process org.freedesktop.systemd1 exited with status 1
[2m2026-10-03T07:39:23.133576Z[0m [33m WARN[0m [2mcua_driver_sdk::runtime[0m[2m:[0m could not activate the persistent AT-SPI listener: AT-SPI connect failed: ZBus Error: MethodError(OwnedErrorName("org.freedesktop.DBus.Error.NameHasNoOwner"), Some("Could not activate remote peer 'org.a11y.atspi.Registry': unit failed"), Msg { type: Error, serial: 4294967295, sender: UniqueName("org.freedesktop.DBus"), reply-serial: 10, body: Str, fds: [] })
[2m2026-10-03T07:39:23.142571Z[0m [33m WARN[0m [2mplatform_linux::overlay[0m[2m:[0m X11 overlay: root reads cannot see this window's own pixels; save-unders will be served without readback confirmation
dbus-daemon[1045163]: [session uid=1000 pid=1045163 pidfd=4] Activating service name='org.gtk.vfs.Daemon' requested by ':1.5' (uid=1000 pid=1045319 comm="/opt/google/chrome/chrome --remote-debugging-port=")
dbus-daemon[1045163]: [session uid=1000 pid=1045163 pidfd=4] Successfully activated service 'org.gtk.vfs.Daemon'
fusermount3: mount failed: Operation not permitted
dbus-daemon[1045163]: [session uid=1000 pid=1045163 pidfd=4] Activating service name='org.freedesktop.systemd1' requested by ':1.4' (uid=1000 pid=1045258 comm="/usr/bin/dbus-broker-launch --config-file=/usr/sha")
dbus-daemon[1045163]: [session uid=1000 pid=1045163 pidfd=4] Activated service 'org.freedesktop.systemd1' failed: Process org.freedesktop.systemd1 exited with status 1
dbus-daemon[1045163]: [session uid=1000 pid=1045163 pidfd=4] Activating service name='org.freedesktop.systemd1' requested by ':1.4' (uid=1000 pid=1045258 comm="/usr/bin/dbus-broker-launch --config-file=/usr/sha")
dbus-daemon[1045163]: [session uid=1000 pid=1045163 pidfd=4] Activated service 'org.freedesktop.systemd1' failed: Process org.freedesktop.systemd1 exited with status 1
dbus-daemon[1045163]: [session uid=1000 pid=1045163 pidfd=4] Activating service name='org.freedesktop.Notifications' requested by ':1.7' (uid=1000 pid=1045319 comm="/opt/google/chrome/chrome --remote-debugging-port=")
dbus-daemon[1045163]: [session uid=1000 pid=1045163 pidfd=4] Activating service name='org.freedesktop.portal.Desktop' requested by ':1.7' (uid=1000 pid=1045319 comm="/opt/google/chrome/chrome --remote-debugging-port=")
dbus-daemon[1045163]: [session uid=1000 pid=1045163 pidfd=4] Activating service name='org.freedesktop.impl.portal.PermissionStore' requested by ':1.9' (uid=1000 pid=1045491 comm="/usr/lib/xdg-desktop-portal")
dbus-daemon[1045163]: [session uid=1000 pid=1045163 pidfd=4] Successfully activated service 'org.freedesktop.Notifications'
dbus-daemon[1045163]: [session uid=1000 pid=1045163 pidfd=4] Successfully activated service 'org.freedesktop.impl.portal.PermissionStore'
dbus-daemon[1045163]: [session uid=1000 pid=1045163 pidfd=4] Activating service name='org.freedesktop.portal.Documents' requested by ':1.9' (uid=1000 pid=1045491 comm="/usr/lib/xdg-desktop-portal")
dbus-daemon[1045163]: [session uid=1000 pid=1045163 pidfd=4] Successfully activated service 'org.freedesktop.portal.Documents'
fusermount3: mount failed: Operation not permitted
error: fuse init failed: Can't mount path <lane-tmp>/x11-session.YTdvMz/xdg-runtime/doc

(/usr/lib/xdg-desktop-portal:1045491): xdg-desktop-portal-WARNING **: 02:39:23.689: Document portal fuse mount point unknown: GDBus.Error:org.freedesktop.DBus.Error.ServiceUnknown: The name :1.11 was not provided by any .service files

(/usr/lib/xdg-desktop-portal:1045491): xdg-desktop-portal-WARNING **: 02:39:23.689: Choosing gtk.portal for org.freedesktop.impl.portal.Lockdown as a last-resort fallback
dbus-daemon[1045163]: [session uid=1000 pid=1045163 pidfd=4] Activating service name='org.freedesktop.impl.portal.desktop.gtk' requested by ':1.9' (uid=1000 pid=1045491 comm="/usr/lib/xdg-desktop-portal")
dbus-daemon[1045163]: [session uid=1000 pid=1045163 pidfd=4] Activating service name='org.freedesktop.systemd1' requested by ':1.4' (uid=1000 pid=1045258 comm="/usr/bin/dbus-broker-launch --config-file=/usr/sha")
dbus-daemon[1045163]: [session uid=1000 pid=1045163 pidfd=4] Activated service 'org.freedesktop.systemd1' failed: Process org.freedesktop.systemd1 exited with status 1
dbus-daemon[1045163]: [session uid=1000 pid=1045163 pidfd=4] Successfully activated service 'org.freedesktop.impl.portal.desktop.gtk'

** (xdg-desktop-portal-gtk:1045518): WARNING **: 02:39:23.713: AT-SPI: Could not obtain desktop path or name

dbus-daemon[1045163]: [session uid=1000 pid=1045163 pidfd=4] Activating service name='org.freedesktop.systemd1' requested by ':1.4' (uid=1000 pid=1045258 comm="/usr/bin/dbus-broker-launch --config-file=/usr/sha")

(/usr/lib/xdg-desktop-portal:1045491): xdg-desktop-portal-WARNING **: 02:39:23.714: Choosing gtk.portal for org.freedesktop.impl.portal.Access as a last-resort fallback
dbus-daemon[1045163]: [session uid=1000 pid=1045163 pidfd=4] Activated service 'org.freedesktop.systemd1' failed: Process org.freedesktop.systemd1 exited with status 1

** (xdg-desktop-portal-gtk:1045518): WARNING **: 02:39:23.714: atk-bridge: GetRegisteredEvents returned message with unknown signature

** (xdg-desktop-portal-gtk:1045518): WARNING **: 02:39:23.714: atk-bridge: get_device_events_reply: unknown signature

(/usr/lib/xdg-desktop-portal:1045491): xdg-desktop-portal-WARNING **: 02:39:23.721: Choosing gtk.portal for org.freedesktop.impl.portal.Settings as a last-resort fallback

(/usr/lib/xdg-desktop-portal:1045491): xdg-desktop-portal-WARNING **: 02:39:23.722: Choosing gtk.portal for org.freedesktop.impl.portal.FileChooser as a last-resort fallback

(/usr/lib/xdg-desktop-portal:1045491): xdg-desktop-portal-WARNING **: 02:39:23.722: Choosing gtk.portal for org.freedesktop.impl.portal.AppChooser as a last-resort fallback

(/usr/lib/xdg-desktop-portal:1045491): xdg-desktop-portal-WARNING **: 02:39:23.722: Choosing gtk.portal for org.freedesktop.impl.portal.Print as a last-resort fallback

(/usr/lib/xdg-desktop-portal:1045491): xdg-desktop-portal-WARNING **: 02:39:23.723: Choosing gtk.portal for org.freedesktop.impl.portal.Notification as a last-resort fallback

(/usr/lib/xdg-desktop-portal:1045491): xdg-desktop-portal-WARNING **: 02:39:23.723: Choosing gtk.portal for org.freedesktop.impl.portal.Inhibit as a last-resort fallback

(/usr/lib/xdg-desktop-portal:1045491): xdg-desktop-portal-WARNING **: 02:39:23.725: Failed to connect to PipeWire: Couldn't connect to PipeWire

(/usr/lib/xdg-desktop-portal:1045491): xdg-desktop-portal-WARNING **: 02:39:23.725: Choosing gtk.portal for org.freedesktop.impl.portal.Account as a last-resort fallback

(/usr/lib/xdg-desktop-portal:1045491): xdg-desktop-portal-WARNING **: 02:39:23.725: Choosing gtk.portal for org.freedesktop.impl.portal.Email as a last-resort fallback

(/usr/lib/xdg-desktop-portal:1045491): xdg-desktop-portal-WARNING **: 02:39:23.726: Choosing gtk.portal for org.freedesktop.impl.portal.DynamicLauncher as a last-resort fallback
dbus-daemon[1045163]: [session uid=1000 pid=1045163 pidfd=4] Successfully activated service 'org.freedesktop.portal.Desktop'
{"trial": "m-a1-r00-fill-C", "outcome": "verified", "oracle_exact_match": true, "completion_mutations": 1, "routes": ["compiled"], "loadavg_before": "2.14 7.59 7.48 2/2291 1045215"}
dbus-daemon[1045163]: [session uid=1000 pid=1045163 pidfd=4] Activating service name='org.freedesktop.systemd1' requested by ':1.4' (uid=1000 pid=1045258 comm="/usr/bin/dbus-broker-launch --config-file=/usr/sha")
dbus-daemon[1045163]: [session uid=1000 pid=1045163 pidfd=4] Activated service 'org.freedesktop.systemd1' failed: Process org.freedesktop.systemd1 exited with status 1
[2m2026-10-03T07:39:24.533099Z[0m [33m WARN[0m [2mcua_driver_sdk::runtime[0m[2m:[0m could not activate the persistent AT-SPI listener: AT-SPI connect failed: ZBus Error: MethodError(OwnedErrorName("org.freedesktop.DBus.Error.NameHasNoOwner"), Some("Could not activate remote peer 'org.a11y.atspi.Registry': unit failed"), Msg { type: Error, serial: 4294967295, sender: UniqueName("org.freedesktop.DBus"), reply-serial: 9, body: Str, fds: [] })
[2m2026-10-03T07:39:24.540341Z[0m [33m WARN[0m [2mplatform_linux::overlay[0m[2m:[0m X11 overlay: root reads cannot see this window's own pixels; save-unders will be served without readback confirmation
dbus-daemon[1045163]: [session uid=1000 pid=1045163 pidfd=4] Activating service name='org.freedesktop.systemd1' requested by ':1.4' (uid=1000 pid=1045258 comm="/usr/bin/dbus-broker-launch --config-file=/usr/sha")
dbus-daemon[1045163]: [session uid=1000 pid=1045163 pidfd=4] Activated service 'org.freedesktop.systemd1' failed: Process org.freedesktop.systemd1 exited with status 1
dbus-daemon[1045163]: [session uid=1000 pid=1045163 pidfd=4] Activating service name='org.freedesktop.systemd1' requested by ':1.4' (uid=1000 pid=1045258 comm="/usr/bin/dbus-broker-launch --config-file=/usr/sha")
dbus-daemon[1045163]: [session uid=1000 pid=1045163 pidfd=4] Activated service 'org.freedesktop.systemd1' failed: Process org.freedesktop.systemd1 exited with status 1
{"trial": "m-a1-r00-fill-Wa", "outcome": "verified", "oracle_exact_match": true, "completion_mutations": 1, "routes": ["compiled"], "loadavg_before": "2.14 7.59 7.48 1/2333 1045597"}
dbus-daemon[1045163]: [session uid=1000 pid=1045163 pidfd=4] Activating service name='org.freedesktop.systemd1' requested by ':1.4' (uid=1000 pid=1045258 comm="/usr/bin/dbus-broker-launch --config-file=/usr/sha")
dbus-daemon[1045163]: [session uid=1000 pid=1045163 pidfd=4] Activated service 'org.freedesktop.systemd1' failed: Process org.freedesktop.systemd1 exited with status 1
[2m2026-10-03T07:39:26.033436Z[0m [33m WARN[0m [2mcua_driver_sdk::runtime[0m[2m:[0m could not activate the persistent AT-SPI listener: AT-SPI connect failed: ZBus Error: MethodError(OwnedErrorName("org.freedesktop.DBus.Error.NameHasNoOwner"), Some("Could not activate remote peer 'org.a11y.atspi.Registry': unit failed"), Msg { type: Error, serial: 4294967295, sender: UniqueName("org.freedesktop.DBus"), reply-serial: 9, body: Str, fds: [] })
[2m2026-10-03T07:39:26.040994Z[0m [33m WARN[0m [2mplatform_linux::overlay[0m[2m:[0m X11 overlay: root reads cannot see this window's own pixels; save-unders will be served without readback confirmation
dbus-daemon[1045163]: [session uid=1000 pid=1045163 pidfd=4] Activating service name='org.freedesktop.systemd1' requested by ':1.4' (uid=1000 pid=1045258 comm="/usr/bin/dbus-broker-launch --config-file=/usr/sha")
dbus-daemon[1045163]: [session uid=1000 pid=1045163 pidfd=4] Activated service 'org.freedesktop.systemd1' failed: Process org.freedesktop.systemd1 exited with status 1
dbus-daemon[1045163]: [session uid=1000 pid=1045163 pidfd=4] Activating service name='org.freedesktop.systemd1' requested by ':1.4' (uid=1000 pid=1045258 comm="/usr/bin/dbus-broker-launch --config-file=/usr/sha")
dbus-daemon[1045163]: [session uid=1000 pid=1045163 pidfd=4] Activated service 'org.freedesktop.systemd1' failed: Process org.freedesktop.systemd1 exited with status 1
{"trial": "m-a1-r00-fill-P", "outcome": "verified", "oracle_exact_match": true, "completion_mutations": 1, "routes": ["compiled"], "loadavg_before": "2.13 7.50 7.45 3/2324 1045932"}
dbus-daemon[1045163]: [session uid=1000 pid=1045163 pidfd=4] Activating service name='org.freedesktop.systemd1' requested by ':1.4' (uid=1000 pid=1045258 comm="/usr/bin/dbus-broker-launch --config-file=/usr/sha")
dbus-daemon[1045163]: [session uid=1000 pid=1045163 pidfd=4] Activated service 'org.freedesktop.systemd1' failed: Process org.freedesktop.systemd1 exited with status 1
[2m2026-10-03T07:39:27.534210Z[0m [33m WARN[0m [2mcua_driver_sdk::runtime[0m[2m:[0m could not activate the persistent AT-SPI listener: AT-SPI connect failed: ZBus Error: MethodError(OwnedErrorName("org.freedesktop.DBus.Error.NameHasNoOwner"), Some("Could not activate remote peer 'org.a11y.atspi.Registry': unit failed"), Msg { type: Error, serial: 4294967295, sender: UniqueName("org.freedesktop.DBus"), reply-serial: 9, body: Str, fds: [] })
[2m2026-10-03T07:39:27.541483Z[0m [33m WARN[0m [2mplatform_linux::overlay[0m[2m:[0m X11 overlay: root reads cannot see this window's own pixels; save-unders will be served without readback confirmation
dbus-daemon[1045163]: [session uid=1000 pid=1045163 pidfd=4] Activating service name='org.freedesktop.systemd1' requested by ':1.4' (uid=1000 pid=1045258 comm="/usr/bin/dbus-broker-launch --config-file=/usr/sha")
dbus-daemon[1045163]: [session uid=1000 pid=1045163 pidfd=4] Activated service 'org.freedesktop.systemd1' failed: Process org.freedesktop.systemd1 exited with status 1
dbus-daemon[1045163]: [session uid=1000 pid=1045163 pidfd=4] Activating service name='org.freedesktop.systemd1' requested by ':1.4' (uid=1000 pid=1045258 comm="/usr/bin/dbus-broker-launch --config-file=/usr/sha")
dbus-daemon[1045163]: [session uid=1000 pid=1045163 pidfd=4] Activated service 'org.freedesktop.systemd1' failed: Process org.freedesktop.systemd1 exited with status 1
{"trial": "m-a1-r00-fill-Wb", "outcome": "verified", "oracle_exact_match": true, "completion_mutations": 1, "routes": ["compiled"], "loadavg_before": "2.13 7.50 7.45 2/2324 1046210"}
dbus-daemon[1045163]: [session uid=1000 pid=1045163 pidfd=4] Activating service name='org.freedesktop.systemd1' requested by ':1.4' (uid=1000 pid=1045258 comm="/usr/bin/dbus-broker-launch --config-file=/usr/sha")
dbus-daemon[1045163]: [session uid=1000 pid=1045163 pidfd=4] Activated service 'org.freedesktop.systemd1' failed: Process org.freedesktop.systemd1 exited with status 1
[2m2026-10-03T07:39:29.035201Z[0m [33m WARN[0m [2mcua_driver_sdk::runtime[0m[2m:[0m could not activate the persistent AT-SPI listener: AT-SPI connect failed: ZBus Error: MethodError(OwnedErrorName("org.freedesktop.DBus.Error.NameHasNoOwner"), Some("Could not activate remote peer 'org.a11y.atspi.Registry': unit failed"), Msg { type: Error, serial: 4294967295, sender: UniqueName("org.freedesktop.DBus"), reply-serial: 9, body: Str, fds: [] })
[2m2026-10-03T07:39:29.042493Z[0m [33m WARN[0m [2mplatform_linux::overlay[0m[2m:[0m X11 overlay: root reads cannot see this window's own pixels; save-unders will be served without readback confirmation
dbus-daemon[1045163]: [session uid=1000 pid=1045163 pidfd=4] Activating service name='org.freedesktop.systemd1' requested by ':1.4' (uid=1000 pid=1045258 comm="/usr/bin/dbus-broker-launch --config-file=/usr/sha")
dbus-daemon[1045163]: [session uid=1000 pid=1045163 pidfd=4] Activated service 'org.freedesktop.systemd1' failed: Process org.freedesktop.systemd1 exited with status 1
dbus-daemon[1045163]: [session uid=1000 pid=1045163 pidfd=4] Activating service name='org.freedesktop.systemd1' requested by ':1.4' (uid=1000 pid=1045258 comm="/usr/bin/dbus-broker-launch --config-file=/usr/sha")
dbus-daemon[1045163]: [session uid=1000 pid=1045163 pidfd=4] Activated service 'org.freedesktop.systemd1' failed: Process org.freedesktop.systemd1 exited with status 1
{"trial": "m-a1-r00-toggle-Wa", "outcome": "verified", "oracle_exact_match": true, "completion_mutations": 1, "routes": ["provider", "provider"], "loadavg_before": "2.13 7.50 7.45 1/2326 1046494"}
dbus-daemon[1045163]: [session uid=1000 pid=1045163 pidfd=4] Activating service name='org.freedesktop.systemd1' requested by ':1.4' (uid=1000 pid=1045258 comm="/usr/bin/dbus-broker-launch --config-file=/usr/sha")
dbus-daemon[1045163]: [session uid=1000 pid=1045163 pidfd=4] Activated service 'org.freedesktop.systemd1' failed: Process org.freedesktop.systemd1 exited with status 1
[2m2026-10-03T07:39:30.169811Z[0m [33m WARN[0m [2mcua_driver_sdk::runtime[0m[2m:[0m could not activate the persistent AT-SPI listener: AT-SPI connect failed: ZBus Error: MethodError(OwnedErrorName("org.freedesktop.DBus.Error.NameHasNoOwner"), Some("Could not activate remote peer 'org.a11y.atspi.Registry': unit failed"), Msg { type: Error, serial: 4294967295, sender: UniqueName("org.freedesktop.DBus"), reply-serial: 9, body: Str, fds: [] })
[2m2026-10-03T07:39:30.177211Z[0m [33m WARN[0m [2mplatform_linux::overlay[0m[2m:[0m X11 overlay: root reads cannot see this window's own pixels; save-unders will be served without readback confirmation
dbus-daemon[1045163]: [session uid=1000 pid=1045163 pidfd=4] Activating service name='org.freedesktop.systemd1' requested by ':1.4' (uid=1000 pid=1045258 comm="/usr/bin/dbus-broker-launch --config-file=/usr/sha")
dbus-daemon[1045163]: [session uid=1000 pid=1045163 pidfd=4] Activated service 'org.freedesktop.systemd1' failed: Process org.freedesktop.systemd1 exited with status 1
dbus-daemon[1045163]: [session uid=1000 pid=1045163 pidfd=4] Activating service name='org.freedesktop.systemd1' requested by ':1.4' (uid=1000 pid=1045258 comm="/usr/bin/dbus-broker-launch --config-file=/usr/sha")
dbus-daemon[1045163]: [session uid=1000 pid=1045163 pidfd=4] Activated service 'org.freedesktop.systemd1' failed: Process org.freedesktop.systemd1 exited with status 1
{"trial": "m-a1-r00-toggle-Wb", "outcome": "verified", "oracle_exact_match": true, "completion_mutations": 1, "routes": ["provider", "provider"], "loadavg_before": "2.28 7.44 7.43 1/2326 1046759"}
dbus-daemon[1045163]: [session uid=1000 pid=1045163 pidfd=4] Activating service name='org.freedesktop.systemd1' requested by ':1.4' (uid=1000 pid=1045258 comm="/usr/bin/dbus-broker-launch --config-file=/usr/sha")
dbus-daemon[1045163]: [session uid=1000 pid=1045163 pidfd=4] Activated service 'org.freedesktop.systemd1' failed: Process org.freedesktop.systemd1 exited with status 1
[2m2026-10-03T07:39:31.326091Z[0m [33m WARN[0m [2mcua_driver_sdk::runtime[0m[2m:[0m could not activate the persistent AT-SPI listener: AT-SPI connect failed: ZBus Error: MethodError(OwnedErrorName("org.freedesktop.DBus.Error.NameHasNoOwner"), Some("Could not activate remote peer 'org.a11y.atspi.Registry': unit failed"), Msg { type: Error, serial: 4294967295, sender: UniqueName("org.freedesktop.DBus"), reply-serial: 9, body: Str, fds: [] })
[2m2026-10-03T07:39:31.333854Z[0m [33m WARN[0m [2mplatform_linux::overlay[0m[2m:[0m X11 overlay: root reads cannot see this window's own pixels; save-unders will be served without readback confirmation
dbus-daemon[1045163]: [session uid=1000 pid=1045163 pidfd=4] Activating service name='org.freedesktop.systemd1' requested by ':1.4' (uid=1000 pid=1045258 comm="/usr/bin/dbus-broker-launch --config-file=/usr/sha")
dbus-daemon[1045163]: [session uid=1000 pid=1045163 pidfd=4] Activated service 'org.freedesktop.systemd1' failed: Process org.freedesktop.systemd1 exited with status 1
dbus-daemon[1045163]: [session uid=1000 pid=1045163 pidfd=4] Activating service name='org.freedesktop.systemd1' requested by ':1.4' (uid=1000 pid=1045258 comm="/usr/bin/dbus-broker-launch --config-file=/usr/sha")
dbus-daemon[1045163]: [session uid=1000 pid=1045163 pidfd=4] Activated service 'org.freedesktop.systemd1' failed: Process org.freedesktop.systemd1 exited with status 1
{"trial": "m-a1-r00-toggle-C", "outcome": "verified", "oracle_exact_match": true, "completion_mutations": 1, "routes": ["provider", "provider"], "loadavg_before": "2.28 7.44 7.43 3/2326 1047102"}
dbus-daemon[1045163]: [session uid=1000 pid=1045163 pidfd=4] Activating service name='org.freedesktop.systemd1' requested by ':1.4' (uid=1000 pid=1045258 comm="/usr/bin/dbus-broker-launch --config-file=/usr/sha")
dbus-daemon[1045163]: [session uid=1000 pid=1045163 pidfd=4] Activated service 'org.freedesktop.systemd1' failed: Process org.freedesktop.systemd1 exited with status 1
[2m2026-10-03T07:39:32.425624Z[0m [33m WARN[0m [2mcua_driver_sdk::runtime[0m[2m:[0m could not activate the persistent AT-SPI listener: AT-SPI connect failed: ZBus Error: MethodError(OwnedErrorName("org.freedesktop.DBus.Error.NameHasNoOwner"), Some("Could not activate remote peer 'org.a11y.atspi.Registry': unit failed"), Msg { type: Error, serial: 4294967295, sender: UniqueName("org.freedesktop.DBus"), reply-serial: 9, body: Str, fds: [] })
[2m2026-10-03T07:39:32.433848Z[0m [33m WARN[0m [2mplatform_linux::overlay[0m[2m:[0m X11 overlay: root reads cannot see this window's own pixels; save-unders will be served without readback confirmation
dbus-daemon[1045163]: [session uid=1000 pid=1045163 pidfd=4] Activating service name='org.freedesktop.systemd1' requested by ':1.4' (uid=1000 pid=1045258 comm="/usr/bin/dbus-broker-launch --config-file=/usr/sha")
dbus-daemon[1045163]: [session uid=1000 pid=1045163 pidfd=4] Activated service 'org.freedesktop.systemd1' failed: Process org.freedesktop.systemd1 exited with status 1
dbus-daemon[1045163]: [session uid=1000 pid=1045163 pidfd=4] Activating service name='org.freedesktop.systemd1' requested by ':1.4' (uid=1000 pid=1045258 comm="/usr/bin/dbus-broker-launch --config-file=/usr/sha")
dbus-daemon[1045163]: [session uid=1000 pid=1045163 pidfd=4] Activated service 'org.freedesktop.systemd1' failed: Process org.freedesktop.systemd1 exited with status 1
{"trial": "m-a1-r00-toggle-P", "outcome": "verified", "oracle_exact_match": true, "completion_mutations": 1, "routes": ["provider", "provider"], "loadavg_before": "2.28 7.44 7.43 3/2331 1047399"}
dbus-daemon[1045163]: [session uid=1000 pid=1045163 pidfd=4] Activating service name='org.freedesktop.systemd1' requested by ':1.4' (uid=1000 pid=1045258 comm="/usr/bin/dbus-broker-launch --config-file=/usr/sha")
dbus-daemon[1045163]: [session uid=1000 pid=1045163 pidfd=4] Activated service 'org.freedesktop.systemd1' failed: Process org.freedesktop.systemd1 exited with status 1
[2m2026-10-03T07:39:33.558785Z[0m [33m WARN[0m [2mcua_driver_sdk::runtime[0m[2m:[0m could not activate the persistent AT-SPI listener: AT-SPI connect failed: ZBus Error: MethodError(OwnedErrorName("org.freedesktop.DBus.Error.NameHasNoOwner"), Some("Could not activate remote peer 'org.a11y.atspi.Registry': unit failed"), Msg { type: Error, serial: 4294967295, sender: UniqueName("org.freedesktop.DBus"), reply-serial: 9, body: Str, fds: [] })
[2m2026-10-03T07:39:33.566219Z[0m [33m WARN[0m [2mplatform_linux::overlay[0m[2m:[0m X11 overlay: root reads cannot see this window's own pixels; save-unders will be served without readback confirmation
dbus-daemon[1045163]: [session uid=1000 pid=1045163 pidfd=4] Activating service name='org.freedesktop.systemd1' requested by ':1.4' (uid=1000 pid=1045258 comm="/usr/bin/dbus-broker-launch --config-file=/usr/sha")
dbus-daemon[1045163]: [session uid=1000 pid=1045163 pidfd=4] Activated service 'org.freedesktop.systemd1' failed: Process org.freedesktop.systemd1 exited with status 1
dbus-daemon[1045163]: [session uid=1000 pid=1045163 pidfd=4] Activating service name='org.freedesktop.systemd1' requested by ':1.4' (uid=1000 pid=1045258 comm="/usr/bin/dbus-broker-launch --config-file=/usr/sha")
dbus-daemon[1045163]: [session uid=1000 pid=1045163 pidfd=4] Activated service 'org.freedesktop.systemd1' failed: Process org.freedesktop.systemd1 exited with status 1
{"trial": "m-a1-r00-modal-Wb", "outcome": "verified", "oracle_exact_match": true, "completion_mutations": 1, "routes": ["provider", "provider"], "loadavg_before": "2.28 7.44 7.43 1/2329 1047661"}
dbus-daemon[1045163]: [session uid=1000 pid=1045163 pidfd=4] Activating service name='org.freedesktop.systemd1' requested by ':1.4' (uid=1000 pid=1045258 comm="/usr/bin/dbus-broker-launch --config-file=/usr/sha")
dbus-daemon[1045163]: [session uid=1000 pid=1045163 pidfd=4] Activated service 'org.freedesktop.systemd1' failed: Process org.freedesktop.systemd1 exited with status 1
[2m2026-10-03T07:39:34.690679Z[0m [33m WARN[0m [2mcua_driver_sdk::runtime[0m[2m:[0m could not activate the persistent AT-SPI listener: AT-SPI connect failed: ZBus Error: MethodError(OwnedErrorName("org.freedesktop.DBus.Error.NameHasNoOwner"), Some("Could not activate remote peer 'org.a11y.atspi.Registry': unit failed"), Msg { type: Error, serial: 4294967295, sender: UniqueName("org.freedesktop.DBus"), reply-serial: 9, body: Str, fds: [] })
[2m2026-10-03T07:39:34.698187Z[0m [33m WARN[0m [2mplatform_linux::overlay[0m[2m:[0m X11 overlay: root reads cannot see this window's own pixels; save-unders will be served without readback confirmation
dbus-daemon[1045163]: [session uid=1000 pid=1045163 pidfd=4] Activating service name='org.freedesktop.systemd1' requested by ':1.4' (uid=1000 pid=1045258 comm="/usr/bin/dbus-broker-launch --config-file=/usr/sha")
dbus-daemon[1045163]: [session uid=1000 pid=1045163 pidfd=4] Activated service 'org.freedesktop.systemd1' failed: Process org.freedesktop.systemd1 exited with status 1
dbus-daemon[1045163]: [session uid=1000 pid=1045163 pidfd=4] Activating service name='org.freedesktop.systemd1' requested by ':1.4' (uid=1000 pid=1045258 comm="/usr/bin/dbus-broker-launch --config-file=/usr/sha")
dbus-daemon[1045163]: [session uid=1000 pid=1045163 pidfd=4] Activated service 'org.freedesktop.systemd1' failed: Process org.freedesktop.systemd1 exited with status 1
{"trial": "m-a1-r00-modal-P", "outcome": "verified", "oracle_exact_match": true, "completion_mutations": 1, "routes": ["provider", "provider"], "loadavg_before": "2.25 7.35 7.40 2/2329 1047941"}
dbus-daemon[1045163]: [session uid=1000 pid=1045163 pidfd=4] Activating service name='org.freedesktop.systemd1' requested by ':1.4' (uid=1000 pid=1045258 comm="/usr/bin/dbus-broker-launch --config-file=/usr/sha")
dbus-daemon[1045163]: [session uid=1000 pid=1045163 pidfd=4] Activated service 'org.freedesktop.systemd1' failed: Process org.freedesktop.systemd1 exited with status 1
[2m2026-10-03T07:39:35.827970Z[0m [33m WARN[0m [2mcua_driver_sdk::runtime[0m[2m:[0m could not activate the persistent AT-SPI listener: AT-SPI connect failed: ZBus Error: MethodError(OwnedErrorName("org.freedesktop.DBus.Error.NameHasNoOwner"), Some("Could not activate remote peer 'org.a11y.atspi.Registry': unit failed"), Msg { type: Error, serial: 4294967295, sender: UniqueName("org.freedesktop.DBus"), reply-serial: 9, body: Str, fds: [] })
[2m2026-10-03T07:39:35.838006Z[0m [33m WARN[0m [2mplatform_linux::overlay[0m[2m:[0m X11 overlay: root reads cannot see this window's own pixels; save-unders will be served without readback confirmation
dbus-daemon[1045163]: [session uid=1000 pid=1045163 pidfd=4] Activating service name='org.freedesktop.systemd1' requested by ':1.4' (uid=1000 pid=1045258 comm="/usr/bin/dbus-broker-launch --config-file=/usr/sha")
dbus-daemon[1045163]: [session uid=1000 pid=1045163 pidfd=4] Activated service 'org.freedesktop.systemd1' failed: Process org.freedesktop.systemd1 exited with status 1
dbus-daemon[1045163]: [session uid=1000 pid=1045163 pidfd=4] Activating service name='org.freedesktop.systemd1' requested by ':1.4' (uid=1000 pid=1045258 comm="/usr/bin/dbus-broker-launch --config-file=/usr/sha")
dbus-daemon[1045163]: [session uid=1000 pid=1045163 pidfd=4] Activated service 'org.freedesktop.systemd1' failed: Process org.freedesktop.systemd1 exited with status 1
{"trial": "m-a1-r00-modal-Wa", "outcome": "verified", "oracle_exact_match": true, "completion_mutations": 1, "routes": ["provider", "provider"], "loadavg_before": "2.25 7.35 7.40 4/2338 1048277"}
dbus-daemon[1045163]: [session uid=1000 pid=1045163 pidfd=4] Activating service name='org.freedesktop.systemd1' requested by ':1.4' (uid=1000 pid=1045258 comm="/usr/bin/dbus-broker-launch --config-file=/usr/sha")
dbus-daemon[1045163]: [session uid=1000 pid=1045163 pidfd=4] Activated service 'org.freedesktop.systemd1' failed: Process org.freedesktop.systemd1 exited with status 1
[2m2026-10-03T07:39:37.544623Z[0m [33m WARN[0m [2mcua_driver_sdk::runtime[0m[2m:[0m could not activate the persistent AT-SPI listener: AT-SPI connect failed: ZBus Error: MethodError(OwnedErrorName("org.freedesktop.DBus.Error.NameHasNoOwner"), Some("Could not activate remote peer 'org.a11y.atspi.Registry': unit failed"), Msg { type: Error, serial: 4294967295, sender: UniqueName("org.freedesktop.DBus"), reply-serial: 9, body: Str, fds: [] })
[2m2026-10-03T07:39:37.562155Z[0m [33m WARN[0m [2mplatform_linux::overlay[0m[2m:[0m X11 overlay: root reads cannot see this window's own pixels; save-unders will be served without readback confirmation
dbus-daemon[1045163]: [session uid=1000 pid=1045163 pidfd=4] Activating service name='org.freedesktop.systemd1' requested by ':1.4' (uid=1000 pid=1045258 comm="/usr/bin/dbus-broker-launch --config-file=/usr/sha")
dbus-daemon[1045163]: [session uid=1000 pid=1045163 pidfd=4] Activated service 'org.freedesktop.systemd1' failed: Process org.freedesktop.systemd1 exited with status 1
dbus-daemon[1045163]: [session uid=1000 pid=1045163 pidfd=4] Activating service name='org.freedesktop.systemd1' requested by ':1.4' (uid=1000 pid=1045258 comm="/usr/bin/dbus-broker-launch --config-file=/usr/sha")
dbus-daemon[1045163]: [session uid=1000 pid=1045163 pidfd=4] Activated service 'org.freedesktop.systemd1' failed: Process org.freedesktop.systemd1 exited with status 1
{"trial": "m-a1-r00-modal-C", "outcome": "verified", "oracle_exact_match": true, "completion_mutations": 1, "routes": ["provider", "provider"], "loadavg_before": "2.25 7.35 7.40 8/2376 1048663"}
dbus-daemon[1045163]: [session uid=1000 pid=1045163 pidfd=4] Activating service name='org.freedesktop.systemd1' requested by ':1.4' (uid=1000 pid=1045258 comm="/usr/bin/dbus-broker-launch --config-file=/usr/sha")
dbus-daemon[1045163]: [session uid=1000 pid=1045163 pidfd=4] Activated service 'org.freedesktop.systemd1' failed: Process org.freedesktop.systemd1 exited with status 1
[2m2026-10-03T07:39:39.225793Z[0m [33m WARN[0m [2mcua_driver_sdk::runtime[0m[2m:[0m could not activate the persistent AT-SPI listener: AT-SPI connect failed: ZBus Error: MethodError(OwnedErrorName("org.freedesktop.DBus.Error.NameHasNoOwner"), Some("Could not activate remote peer 'org.a11y.atspi.Registry': unit failed"), Msg { type: Error, serial: 4294967295, sender: UniqueName("org.freedesktop.DBus"), reply-serial: 9, body: Str, fds: [] })
[2m2026-10-03T07:39:39.234469Z[0m [33m WARN[0m [2mplatform_linux::overlay[0m[2m:[0m X11 overlay: root reads cannot see this window's own pixels; save-unders will be served without readback confirmation
dbus-daemon[1045163]: [session uid=1000 pid=1045163 pidfd=4] Activating service name='org.freedesktop.systemd1' requested by ':1.4' (uid=1000 pid=1045258 comm="/usr/bin/dbus-broker-launch --config-file=/usr/sha")
dbus-daemon[1045163]: [session uid=1000 pid=1045163 pidfd=4] Activated service 'org.freedesktop.systemd1' failed: Process org.freedesktop.systemd1 exited with status 1
dbus-daemon[1045163]: [session uid=1000 pid=1045163 pidfd=4] Activating service name='org.freedesktop.systemd1' requested by ':1.4' (uid=1000 pid=1045258 comm="/usr/bin/dbus-broker-launch --config-file=/usr/sha")
dbus-daemon[1045163]: [session uid=1000 pid=1045163 pidfd=4] Activated service 'org.freedesktop.systemd1' failed: Process org.freedesktop.systemd1 exited with status 1
{"trial": "m-a1-r00-fill-SMOKE", "outcome": "verified", "oracle_exact_match": true, "completion_mutations": 1, "routes": ["provider", "provider"], "loadavg_before": "2.25 7.35 7.40 5/2357 1049040"}
dbus-daemon[1045163]: [session uid=1000 pid=1045163 pidfd=4] Activating service name='org.freedesktop.systemd1' requested by ':1.4' (uid=1000 pid=1045258 comm="/usr/bin/dbus-broker-launch --config-file=/usr/sha")
dbus-daemon[1045163]: [session uid=1000 pid=1045163 pidfd=4] Activated service 'org.freedesktop.systemd1' failed: Process org.freedesktop.systemd1 exited with status 1
[2m2026-10-03T07:39:43.726323Z[0m [33m WARN[0m [2mcua_driver_sdk::runtime[0m[2m:[0m could not activate the persistent AT-SPI listener: AT-SPI connect failed: ZBus Error: MethodError(OwnedErrorName("org.freedesktop.DBus.Error.NameHasNoOwner"), Some("Could not activate remote peer 'org.a11y.atspi.Registry': unit failed"), Msg { type: Error, serial: 4294967295, sender: UniqueName("org.freedesktop.DBus"), reply-serial: 9, body: Str, fds: [] })
[2m2026-10-03T07:39:43.734957Z[0m [33m WARN[0m [2mplatform_linux::overlay[0m[2m:[0m X11 overlay: root reads cannot see this window's own pixels; save-unders will be served without readback confirmation
dbus-daemon[1045163]: [session uid=1000 pid=1045163 pidfd=4] Activating service name='org.freedesktop.systemd1' requested by ':1.4' (uid=1000 pid=1045258 comm="/usr/bin/dbus-broker-launch --config-file=/usr/sha")
dbus-daemon[1045163]: [session uid=1000 pid=1045163 pidfd=4] Activated service 'org.freedesktop.systemd1' failed: Process org.freedesktop.systemd1 exited with status 1
dbus-daemon[1045163]: [session uid=1000 pid=1045163 pidfd=4] Activating service name='org.freedesktop.systemd1' requested by ':1.4' (uid=1000 pid=1045258 comm="/usr/bin/dbus-broker-launch --config-file=/usr/sha")
dbus-daemon[1045163]: [session uid=1000 pid=1045163 pidfd=4] Activated service 'org.freedesktop.systemd1' failed: Process org.freedesktop.systemd1 exited with status 1
{"trial": "m-a1-r00-toggle-SMOKE", "outcome": "verified", "oracle_exact_match": true, "completion_mutations": 1, "routes": ["provider", "provider"], "loadavg_before": "2.88 7.39 7.41 2/2377 1049451"}
dbus-daemon[1045163]: [session uid=1000 pid=1045163 pidfd=4] Activating service name='org.freedesktop.systemd1' requested by ':1.4' (uid=1000 pid=1045258 comm="/usr/bin/dbus-broker-launch --config-file=/usr/sha")
dbus-daemon[1045163]: [session uid=1000 pid=1045163 pidfd=4] Activated service 'org.freedesktop.systemd1' failed: Process org.freedesktop.systemd1 exited with status 1
[2m2026-10-03T07:39:47.912936Z[0m [33m WARN[0m [2mcua_driver_sdk::runtime[0m[2m:[0m could not activate the persistent AT-SPI listener: AT-SPI connect failed: ZBus Error: MethodError(OwnedErrorName("org.freedesktop.DBus.Error.NameHasNoOwner"), Some("Could not activate remote peer 'org.a11y.atspi.Registry': unit failed"), Msg { type: Error, serial: 4294967295, sender: UniqueName("org.freedesktop.DBus"), reply-serial: 9, body: Str, fds: [] })
[2m2026-10-03T07:39:47.919840Z[0m [33m WARN[0m [2mplatform_linux::overlay[0m[2m:[0m X11 overlay: root reads cannot see this window's own pixels; save-unders will be served without readback confirmation
dbus-daemon[1045163]: [session uid=1000 pid=1045163 pidfd=4] Activating service name='org.freedesktop.systemd1' requested by ':1.4' (uid=1000 pid=1045258 comm="/usr/bin/dbus-broker-launch --config-file=/usr/sha")
dbus-daemon[1045163]: [session uid=1000 pid=1045163 pidfd=4] Activated service 'org.freedesktop.systemd1' failed: Process org.freedesktop.systemd1 exited with status 1
dbus-daemon[1045163]: [session uid=1000 pid=1045163 pidfd=4] Activating service name='org.freedesktop.systemd1' requested by ':1.4' (uid=1000 pid=1045258 comm="/usr/bin/dbus-broker-launch --config-file=/usr/sha")
dbus-daemon[1045163]: [session uid=1000 pid=1045163 pidfd=4] Activated service 'org.freedesktop.systemd1' failed: Process org.freedesktop.systemd1 exited with status 1
{"trial": "m-a1-r00-modal-SMOKE", "outcome": "verified", "oracle_exact_match": true, "completion_mutations": 1, "routes": ["provider", "provider"], "loadavg_before": "2.81 7.30 7.38 2/2388 1049854"}
dbus-daemon[1045163]: [session uid=1000 pid=1045163 pidfd=4] Activating service name='org.freedesktop.systemd1' requested by ':1.4' (uid=1000 pid=1045258 comm="/usr/bin/dbus-broker-launch --config-file=/usr/sha")
dbus-daemon[1045163]: [session uid=1000 pid=1045163 pidfd=4] Activated service 'org.freedesktop.systemd1' failed: Process org.freedesktop.systemd1 exited with status 1
[2m2026-10-03T07:39:51.870881Z[0m [33m WARN[0m [2mcua_driver_sdk::runtime[0m[2m:[0m could not activate the persistent AT-SPI listener: AT-SPI connect failed: ZBus Error: MethodError(OwnedErrorName("org.freedesktop.DBus.Error.NameHasNoOwner"), Some("Could not activate remote peer 'org.a11y.atspi.Registry': unit failed"), Msg { type: Error, serial: 4294967295, sender: UniqueName("org.freedesktop.DBus"), reply-serial: 9, body: Str, fds: [] })
[2m2026-10-03T07:39:51.879101Z[0m [33m WARN[0m [2mplatform_linux::overlay[0m[2m:[0m X11 overlay: root reads cannot see this window's own pixels; save-unders will be served without readback confirmation
dbus-daemon[1045163]: [session uid=1000 pid=1045163 pidfd=4] Activating service name='org.freedesktop.systemd1' requested by ':1.4' (uid=1000 pid=1045258 comm="/usr/bin/dbus-broker-launch --config-file=/usr/sha")
dbus-daemon[1045163]: [session uid=1000 pid=1045163 pidfd=4] Activated service 'org.freedesktop.systemd1' failed: Process org.freedesktop.systemd1 exited with status 1
dbus-daemon[1045163]: [session uid=1000 pid=1045163 pidfd=4] Activating service name='org.freedesktop.systemd1' requested by ':1.4' (uid=1000 pid=1045258 comm="/usr/bin/dbus-broker-launch --config-file=/usr/sha")
dbus-daemon[1045163]: [session uid=1000 pid=1045163 pidfd=4] Activated service 'org.freedesktop.systemd1' failed: Process org.freedesktop.systemd1 exited with status 1
{"trial": "m-a1-r01-modal-P", "outcome": "verified", "oracle_exact_match": true, "completion_mutations": 1, "routes": ["provider", "provider"], "loadavg_before": "2.74 7.22 7.35 3/2352 1050169"}
dbus-daemon[1045163]: [session uid=1000 pid=1045163 pidfd=4] Activating service name='org.freedesktop.systemd1' requested by ':1.4' (uid=1000 pid=1045258 comm="/usr/bin/dbus-broker-launch --config-file=/usr/sha")
dbus-daemon[1045163]: [session uid=1000 pid=1045163 pidfd=4] Activated service 'org.freedesktop.systemd1' failed: Process org.freedesktop.systemd1 exited with status 1
[2m2026-10-03T07:39:53.573336Z[0m [33m WARN[0m [2mcua_driver_sdk::runtime[0m[2m:[0m could not activate the persistent AT-SPI listener: AT-SPI connect failed: ZBus Error: MethodError(OwnedErrorName("org.freedesktop.DBus.Error.NameHasNoOwner"), Some("Could not activate remote peer 'org.a11y.atspi.Registry': unit failed"), Msg { type: Error, serial: 4294967295, sender: UniqueName("org.freedesktop.DBus"), reply-serial: 9, body: Str, fds: [] })
[2m2026-10-03T07:39:53.580991Z[0m [33m WARN[0m [2mplatform_linux::overlay[0m[2m:[0m X11 overlay: root reads cannot see this window's own pixels; save-unders will be served without readback confirmation
dbus-daemon[1045163]: [session uid=1000 pid=1045163 pidfd=4] Activating service name='org.freedesktop.systemd1' requested by ':1.4' (uid=1000 pid=1045258 comm="/usr/bin/dbus-broker-launch --config-file=/usr/sha")
dbus-daemon[1045163]: [session uid=1000 pid=1045163 pidfd=4] Activated service 'org.freedesktop.systemd1' failed: Process org.freedesktop.systemd1 exited with status 1
dbus-daemon[1045163]: [session uid=1000 pid=1045163 pidfd=4] Activating service name='org.freedesktop.systemd1' requested by ':1.4' (uid=1000 pid=1045258 comm="/usr/bin/dbus-broker-launch --config-file=/usr/sha")
dbus-daemon[1045163]: [session uid=1000 pid=1045163 pidfd=4] Activated service 'org.freedesktop.systemd1' failed: Process org.freedesktop.systemd1 exited with status 1
{"trial": "m-a1-r01-modal-C", "outcome": "verified", "oracle_exact_match": true, "completion_mutations": 1, "routes": ["provider", "provider"], "loadavg_before": "2.74 7.22 7.35 3/2352 1050430"}
dbus-daemon[1045163]: [session uid=1000 pid=1045163 pidfd=4] Activating service name='org.freedesktop.systemd1' requested by ':1.4' (uid=1000 pid=1045258 comm="/usr/bin/dbus-broker-launch --config-file=/usr/sha")
dbus-daemon[1045163]: [session uid=1000 pid=1045163 pidfd=4] Activated service 'org.freedesktop.systemd1' failed: Process org.freedesktop.systemd1 exited with status 1
[2m2026-10-03T07:39:55.985517Z[0m [33m WARN[0m [2mcua_driver_sdk::runtime[0m[2m:[0m could not activate the persistent AT-SPI listener: AT-SPI connect failed: ZBus Error: MethodError(OwnedErrorName("org.freedesktop.DBus.Error.NameHasNoOwner"), Some("Could not activate remote peer 'org.a11y.atspi.Registry': unit failed"), Msg { type: Error, serial: 4294967295, sender: UniqueName("org.freedesktop.DBus"), reply-serial: 9, body: Str, fds: [] })
[2m2026-10-03T07:39:55.993550Z[0m [33m WARN[0m [2mplatform_linux::overlay[0m[2m:[0m X11 overlay: root reads cannot see this window's own pixels; save-unders will be served without readback confirmation
dbus-daemon[1045163]: [session uid=1000 pid=1045163 pidfd=4] Activating service name='org.freedesktop.systemd1' requested by ':1.4' (uid=1000 pid=1045258 comm="/usr/bin/dbus-broker-launch --config-file=/usr/sha")
dbus-daemon[1045163]: [session uid=1000 pid=1045163 pidfd=4] Activated service 'org.freedesktop.systemd1' failed: Process org.freedesktop.systemd1 exited with status 1
dbus-daemon[1045163]: [session uid=1000 pid=1045163 pidfd=4] Activating service name='org.freedesktop.systemd1' requested by ':1.4' (uid=1000 pid=1045258 comm="/usr/bin/dbus-broker-launch --config-file=/usr/sha")
dbus-daemon[1045163]: [session uid=1000 pid=1045163 pidfd=4] Activated service 'org.freedesktop.systemd1' failed: Process org.freedesktop.systemd1 exited with status 1
{"trial": "m-a1-r01-modal-Wb", "outcome": "verified", "oracle_exact_match": true, "completion_mutations": 1, "routes": ["provider", "provider"], "loadavg_before": "3.16 7.23 7.36 3/2352 1050794"}
dbus-daemon[1045163]: [session uid=1000 pid=1045163 pidfd=4] Activating service name='org.freedesktop.systemd1' requested by ':1.4' (uid=1000 pid=1045258 comm="/usr/bin/dbus-broker-launch --config-file=/usr/sha")
dbus-daemon[1045163]: [session uid=1000 pid=1045163 pidfd=4] Activated service 'org.freedesktop.systemd1' failed: Process org.freedesktop.systemd1 exited with status 1
[2m2026-10-03T07:39:57.136502Z[0m [33m WARN[0m [2mcua_driver_sdk::runtime[0m[2m:[0m could not activate the persistent AT-SPI listener: AT-SPI connect failed: ZBus Error: MethodError(OwnedErrorName("org.freedesktop.DBus.Error.NameHasNoOwner"), Some("Could not activate remote peer 'org.a11y.atspi.Registry': unit failed"), Msg { type: Error, serial: 4294967295, sender: UniqueName("org.freedesktop.DBus"), reply-serial: 9, body: Str, fds: [] })
[2m2026-10-03T07:39:57.144934Z[0m [33m WARN[0m [2mplatform_linux::overlay[0m[2m:[0m X11 overlay: root reads cannot see this window's own pixels; save-unders will be served without readback confirmation
dbus-daemon[1045163]: [session uid=1000 pid=1045163 pidfd=4] Activating service name='org.freedesktop.systemd1' requested by ':1.4' (uid=1000 pid=1045258 comm="/usr/bin/dbus-broker-launch --config-file=/usr/sha")
dbus-daemon[1045163]: [session uid=1000 pid=1045163 pidfd=4] Activated service 'org.freedesktop.systemd1' failed: Process org.freedesktop.systemd1 exited with status 1
dbus-daemon[1045163]: [session uid=1000 pid=1045163 pidfd=4] Activating service name='org.freedesktop.systemd1' requested by ':1.4' (uid=1000 pid=1045258 comm="/usr/bin/dbus-broker-launch --config-file=/usr/sha")
dbus-daemon[1045163]: [session uid=1000 pid=1045163 pidfd=4] Activated service 'org.freedesktop.systemd1' failed: Process org.freedesktop.systemd1 exited with status 1
{"trial": "m-a1-r01-modal-Wa", "outcome": "verified", "oracle_exact_match": true, "completion_mutations": 1, "routes": ["provider", "provider"], "loadavg_before": "3.16 7.23 7.36 5/2345 1051052"}
dbus-daemon[1045163]: [session uid=1000 pid=1045163 pidfd=4] Activating service name='org.freedesktop.systemd1' requested by ':1.4' (uid=1000 pid=1045258 comm="/usr/bin/dbus-broker-launch --config-file=/usr/sha")
dbus-daemon[1045163]: [session uid=1000 pid=1045163 pidfd=4] Activated service 'org.freedesktop.systemd1' failed: Process org.freedesktop.systemd1 exited with status 1
[2m2026-10-03T07:39:58.297721Z[0m [33m WARN[0m [2mcua_driver_sdk::runtime[0m[2m:[0m could not activate the persistent AT-SPI listener: AT-SPI connect failed: ZBus Error: MethodError(OwnedErrorName("org.freedesktop.DBus.Error.NameHasNoOwner"), Some("Could not activate remote peer 'org.a11y.atspi.Registry': unit failed"), Msg { type: Error, serial: 4294967295, sender: UniqueName("org.freedesktop.DBus"), reply-serial: 9, body: Str, fds: [] })
[2m2026-10-03T07:39:58.305652Z[0m [33m WARN[0m [2mplatform_linux::overlay[0m[2m:[0m X11 overlay: root reads cannot see this window's own pixels; save-unders will be served without readback confirmation
dbus-daemon[1045163]: [session uid=1000 pid=1045163 pidfd=4] Activating service name='org.freedesktop.systemd1' requested by ':1.4' (uid=1000 pid=1045258 comm="/usr/bin/dbus-broker-launch --config-file=/usr/sha")
dbus-daemon[1045163]: [session uid=1000 pid=1045163 pidfd=4] Activated service 'org.freedesktop.systemd1' failed: Process org.freedesktop.systemd1 exited with status 1
dbus-daemon[1045163]: [session uid=1000 pid=1045163 pidfd=4] Activating service name='org.freedesktop.systemd1' requested by ':1.4' (uid=1000 pid=1045258 comm="/usr/bin/dbus-broker-launch --config-file=/usr/sha")
dbus-daemon[1045163]: [session uid=1000 pid=1045163 pidfd=4] Activated service 'org.freedesktop.systemd1' failed: Process org.freedesktop.systemd1 exited with status 1
{"trial": "m-a1-r01-toggle-Wb", "outcome": "verified", "oracle_exact_match": true, "completion_mutations": 1, "routes": ["provider", "provider"], "loadavg_before": "3.16 7.23 7.36 3/2343 1051331"}
dbus-daemon[1045163]: [session uid=1000 pid=1045163 pidfd=4] Activating service name='org.freedesktop.systemd1' requested by ':1.4' (uid=1000 pid=1045258 comm="/usr/bin/dbus-broker-launch --config-file=/usr/sha")
dbus-daemon[1045163]: [session uid=1000 pid=1045163 pidfd=4] Activated service 'org.freedesktop.systemd1' failed: Process org.freedesktop.systemd1 exited with status 1
[2m2026-10-03T07:39:59.434184Z[0m [33m WARN[0m [2mcua_driver_sdk::runtime[0m[2m:[0m could not activate the persistent AT-SPI listener: AT-SPI connect failed: ZBus Error: MethodError(OwnedErrorName("org.freedesktop.DBus.Error.NameHasNoOwner"), Some("Could not activate remote peer 'org.a11y.atspi.Registry': unit failed"), Msg { type: Error, serial: 4294967295, sender: UniqueName("org.freedesktop.DBus"), reply-serial: 9, body: Str, fds: [] })
[2m2026-10-03T07:39:59.441763Z[0m [33m WARN[0m [2mplatform_linux::overlay[0m[2m:[0m X11 overlay: root reads cannot see this window's own pixels; save-unders will be served without readback confirmation
dbus-daemon[1045163]: [session uid=1000 pid=1045163 pidfd=4] Activating service name='org.freedesktop.systemd1' requested by ':1.4' (uid=1000 pid=1045258 comm="/usr/bin/dbus-broker-launch --config-file=/usr/sha")
dbus-daemon[1045163]: [session uid=1000 pid=1045163 pidfd=4] Activated service 'org.freedesktop.systemd1' failed: Process org.freedesktop.systemd1 exited with status 1
dbus-daemon[1045163]: [session uid=1000 pid=1045163 pidfd=4] Activating service name='org.freedesktop.systemd1' requested by ':1.4' (uid=1000 pid=1045258 comm="/usr/bin/dbus-broker-launch --config-file=/usr/sha")
dbus-daemon[1045163]: [session uid=1000 pid=1045163 pidfd=4] Activated service 'org.freedesktop.systemd1' failed: Process org.freedesktop.systemd1 exited with status 1
{"trial": "m-a1-r01-toggle-P", "outcome": "verified", "oracle_exact_match": true, "completion_mutations": 1, "routes": ["provider", "provider"], "loadavg_before": "3.16 7.23 7.36 3/2342 1051587"}
dbus-daemon[1045163]: [session uid=1000 pid=1045163 pidfd=4] Activating service name='org.freedesktop.systemd1' requested by ':1.4' (uid=1000 pid=1045258 comm="/usr/bin/dbus-broker-launch --config-file=/usr/sha")
dbus-daemon[1045163]: [session uid=1000 pid=1045163 pidfd=4] Activated service 'org.freedesktop.systemd1' failed: Process org.freedesktop.systemd1 exited with status 1
[2m2026-10-03T07:40:00.584261Z[0m [33m WARN[0m [2mcua_driver_sdk::runtime[0m[2m:[0m could not activate the persistent AT-SPI listener: AT-SPI connect failed: ZBus Error: MethodError(OwnedErrorName("org.freedesktop.DBus.Error.NameHasNoOwner"), Some("Could not activate remote peer 'org.a11y.atspi.Registry': unit failed"), Msg { type: Error, serial: 4294967295, sender: UniqueName("org.freedesktop.DBus"), reply-serial: 9, body: Str, fds: [] })
[2m2026-10-03T07:40:00.592479Z[0m [33m WARN[0m [2mplatform_linux::overlay[0m[2m:[0m X11 overlay: root reads cannot see this window's own pixels; save-unders will be served without readback confirmation
dbus-daemon[1045163]: [session uid=1000 pid=1045163 pidfd=4] Activating service name='org.freedesktop.systemd1' requested by ':1.4' (uid=1000 pid=1045258 comm="/usr/bin/dbus-broker-launch --config-file=/usr/sha")
dbus-daemon[1045163]: [session uid=1000 pid=1045163 pidfd=4] Activated service 'org.freedesktop.systemd1' failed: Process org.freedesktop.systemd1 exited with status 1
dbus-daemon[1045163]: [session uid=1000 pid=1045163 pidfd=4] Activating service name='org.freedesktop.systemd1' requested by ':1.4' (uid=1000 pid=1045258 comm="/usr/bin/dbus-broker-launch --config-file=/usr/sha")
dbus-daemon[1045163]: [session uid=1000 pid=1045163 pidfd=4] Activated service 'org.freedesktop.systemd1' failed: Process org.freedesktop.systemd1 exited with status 1
{"trial": "m-a1-r01-toggle-Wa", "outcome": "verified", "oracle_exact_match": true, "completion_mutations": 1, "routes": ["provider", "provider"], "loadavg_before": "3.39 7.21 7.35 3/2345 1051880"}
dbus-daemon[1045163]: [session uid=1000 pid=1045163 pidfd=4] Activating service name='org.freedesktop.systemd1' requested by ':1.4' (uid=1000 pid=1045258 comm="/usr/bin/dbus-broker-launch --config-file=/usr/sha")
dbus-daemon[1045163]: [session uid=1000 pid=1045163 pidfd=4] Activated service 'org.freedesktop.systemd1' failed: Process org.freedesktop.systemd1 exited with status 1
[2m2026-10-03T07:40:02.314163Z[0m [33m WARN[0m [2mcua_driver_sdk::runtime[0m[2m:[0m could not activate the persistent AT-SPI listener: AT-SPI connect failed: ZBus Error: MethodError(OwnedErrorName("org.freedesktop.DBus.Error.NameHasNoOwner"), Some("Could not activate remote peer 'org.a11y.atspi.Registry': unit failed"), Msg { type: Error, serial: 4294967295, sender: UniqueName("org.freedesktop.DBus"), reply-serial: 9, body: Str, fds: [] })
[2m2026-10-03T07:40:02.323039Z[0m [33m WARN[0m [2mplatform_linux::overlay[0m[2m:[0m X11 overlay: root reads cannot see this window's own pixels; save-unders will be served without readback confirmation
dbus-daemon[1045163]: [session uid=1000 pid=1045163 pidfd=4] Activating service name='org.freedesktop.systemd1' requested by ':1.4' (uid=1000 pid=1045258 comm="/usr/bin/dbus-broker-launch --config-file=/usr/sha")
dbus-daemon[1045163]: [session uid=1000 pid=1045163 pidfd=4] Activated service 'org.freedesktop.systemd1' failed: Process org.freedesktop.systemd1 exited with status 1
dbus-daemon[1045163]: [session uid=1000 pid=1045163 pidfd=4] Activating service name='org.freedesktop.systemd1' requested by ':1.4' (uid=1000 pid=1045258 comm="/usr/bin/dbus-broker-launch --config-file=/usr/sha")
dbus-daemon[1045163]: [session uid=1000 pid=1045163 pidfd=4] Activated service 'org.freedesktop.systemd1' failed: Process org.freedesktop.systemd1 exited with status 1
{"trial": "m-a1-r01-toggle-C", "outcome": "verified", "oracle_exact_match": true, "completion_mutations": 1, "routes": ["provider", "provider"], "loadavg_before": "3.39 7.21 7.35 5/2341 1052196"}
dbus-daemon[1045163]: [session uid=1000 pid=1045163 pidfd=4] Activating service name='org.freedesktop.systemd1' requested by ':1.4' (uid=1000 pid=1045258 comm="/usr/bin/dbus-broker-launch --config-file=/usr/sha")
dbus-daemon[1045163]: [session uid=1000 pid=1045163 pidfd=4] Activated service 'org.freedesktop.systemd1' failed: Process org.freedesktop.systemd1 exited with status 1
[2m2026-10-03T07:40:04.018179Z[0m [33m WARN[0m [2mcua_driver_sdk::runtime[0m[2m:[0m could not activate the persistent AT-SPI listener: AT-SPI connect failed: ZBus Error: MethodError(OwnedErrorName("org.freedesktop.DBus.Error.NameHasNoOwner"), Some("Could not activate remote peer 'org.a11y.atspi.Registry': unit failed"), Msg { type: Error, serial: 4294967295, sender: UniqueName("org.freedesktop.DBus"), reply-serial: 9, body: Str, fds: [] })
[2m2026-10-03T07:40:04.025879Z[0m [33m WARN[0m [2mplatform_linux::overlay[0m[2m:[0m X11 overlay: root reads cannot see this window's own pixels; save-unders will be served without readback confirmation
dbus-daemon[1045163]: [session uid=1000 pid=1045163 pidfd=4] Activating service name='org.freedesktop.systemd1' requested by ':1.4' (uid=1000 pid=1045258 comm="/usr/bin/dbus-broker-launch --config-file=/usr/sha")
dbus-daemon[1045163]: [session uid=1000 pid=1045163 pidfd=4] Activated service 'org.freedesktop.systemd1' failed: Process org.freedesktop.systemd1 exited with status 1
dbus-daemon[1045163]: [session uid=1000 pid=1045163 pidfd=4] Activating service name='org.freedesktop.systemd1' requested by ':1.4' (uid=1000 pid=1045258 comm="/usr/bin/dbus-broker-launch --config-file=/usr/sha")
dbus-daemon[1045163]: [session uid=1000 pid=1045163 pidfd=4] Activated service 'org.freedesktop.systemd1' failed: Process org.freedesktop.systemd1 exited with status 1
{"trial": "m-a1-r01-fill-Wa", "outcome": "verified", "oracle_exact_match": true, "completion_mutations": 1, "routes": ["compiled"], "loadavg_before": "3.39 7.21 7.35 3/2339 1052474"}
dbus-daemon[1045163]: [session uid=1000 pid=1045163 pidfd=4] Activating service name='org.freedesktop.systemd1' requested by ':1.4' (uid=1000 pid=1045258 comm="/usr/bin/dbus-broker-launch --config-file=/usr/sha")
dbus-daemon[1045163]: [session uid=1000 pid=1045163 pidfd=4] Activated service 'org.freedesktop.systemd1' failed: Process org.freedesktop.systemd1 exited with status 1
[2m2026-10-03T07:40:05.518921Z[0m [33m WARN[0m [2mcua_driver_sdk::runtime[0m[2m:[0m could not activate the persistent AT-SPI listener: AT-SPI connect failed: ZBus Error: MethodError(OwnedErrorName("org.freedesktop.DBus.Error.NameHasNoOwner"), Some("Could not activate remote peer 'org.a11y.atspi.Registry': unit failed"), Msg { type: Error, serial: 4294967295, sender: UniqueName("org.freedesktop.DBus"), reply-serial: 9, body: Str, fds: [] })
[2m2026-10-03T07:40:05.527192Z[0m [33m WARN[0m [2mplatform_linux::overlay[0m[2m:[0m X11 overlay: root reads cannot see this window's own pixels; save-unders will be served without readback confirmation
dbus-daemon[1045163]: [session uid=1000 pid=1045163 pidfd=4] Activating service name='org.freedesktop.systemd1' requested by ':1.4' (uid=1000 pid=1045258 comm="/usr/bin/dbus-broker-launch --config-file=/usr/sha")
dbus-daemon[1045163]: [session uid=1000 pid=1045163 pidfd=4] Activated service 'org.freedesktop.systemd1' failed: Process org.freedesktop.systemd1 exited with status 1
dbus-daemon[1045163]: [session uid=1000 pid=1045163 pidfd=4] Activating service name='org.freedesktop.systemd1' requested by ':1.4' (uid=1000 pid=1045258 comm="/usr/bin/dbus-broker-launch --config-file=/usr/sha")
dbus-daemon[1045163]: [session uid=1000 pid=1045163 pidfd=4] Activated service 'org.freedesktop.systemd1' failed: Process org.freedesktop.systemd1 exited with status 1
{"trial": "m-a1-r01-fill-Wb", "outcome": "verified", "oracle_exact_match": true, "completion_mutations": 1, "routes": ["compiled"], "loadavg_before": "3.44 7.15 7.33 3/2337 1052786"}
dbus-daemon[1045163]: [session uid=1000 pid=1045163 pidfd=4] Activating service name='org.freedesktop.systemd1' requested by ':1.4' (uid=1000 pid=1045258 comm="/usr/bin/dbus-broker-launch --config-file=/usr/sha")
dbus-daemon[1045163]: [session uid=1000 pid=1045163 pidfd=4] Activated service 'org.freedesktop.systemd1' failed: Process org.freedesktop.systemd1 exited with status 1
[2m2026-10-03T07:40:07.019583Z[0m [33m WARN[0m [2mcua_driver_sdk::runtime[0m[2m:[0m could not activate the persistent AT-SPI listener: AT-SPI connect failed: ZBus Error: MethodError(OwnedErrorName("org.freedesktop.DBus.Error.NameHasNoOwner"), Some("Could not activate remote peer 'org.a11y.atspi.Registry': unit failed"), Msg { type: Error, serial: 4294967295, sender: UniqueName("org.freedesktop.DBus"), reply-serial: 9, body: Str, fds: [] })
[2m2026-10-03T07:40:07.027585Z[0m [33m WARN[0m [2mplatform_linux::overlay[0m[2m:[0m X11 overlay: root reads cannot see this window's own pixels; save-unders will be served without readback confirmation
dbus-daemon[1045163]: [session uid=1000 pid=1045163 pidfd=4] Activating service name='org.freedesktop.systemd1' requested by ':1.4' (uid=1000 pid=1045258 comm="/usr/bin/dbus-broker-launch --config-file=/usr/sha")
dbus-daemon[1045163]: [session uid=1000 pid=1045163 pidfd=4] Activated service 'org.freedesktop.systemd1' failed: Process org.freedesktop.systemd1 exited with status 1
dbus-daemon[1045163]: [session uid=1000 pid=1045163 pidfd=4] Activating service name='org.freedesktop.systemd1' requested by ':1.4' (uid=1000 pid=1045258 comm="/usr/bin/dbus-broker-launch --config-file=/usr/sha")
dbus-daemon[1045163]: [session uid=1000 pid=1045163 pidfd=4] Activated service 'org.freedesktop.systemd1' failed: Process org.freedesktop.systemd1 exited with status 1
{"trial": "m-a1-r01-fill-C", "outcome": "verified", "oracle_exact_match": true, "completion_mutations": 1, "routes": ["compiled"], "loadavg_before": "3.44 7.15 7.33 1/2336 1053069"}
dbus-daemon[1045163]: [session uid=1000 pid=1045163 pidfd=4] Activating service name='org.freedesktop.systemd1' requested by ':1.4' (uid=1000 pid=1045258 comm="/usr/bin/dbus-broker-launch --config-file=/usr/sha")
dbus-daemon[1045163]: [session uid=1000 pid=1045163 pidfd=4] Activated service 'org.freedesktop.systemd1' failed: Process org.freedesktop.systemd1 exited with status 1
[2m2026-10-03T07:40:08.520684Z[0m [33m WARN[0m [2mcua_driver_sdk::runtime[0m[2m:[0m could not activate the persistent AT-SPI listener: AT-SPI connect failed: ZBus Error: MethodError(OwnedErrorName("org.freedesktop.DBus.Error.NameHasNoOwner"), Some("Could not activate remote peer 'org.a11y.atspi.Registry': unit failed"), Msg { type: Error, serial: 4294967295, sender: UniqueName("org.freedesktop.DBus"), reply-serial: 9, body: Str, fds: [] })
[2m2026-10-03T07:40:08.528241Z[0m [33m WARN[0m [2mplatform_linux::overlay[0m[2m:[0m X11 overlay: root reads cannot see this window's own pixels; save-unders will be served without readback confirmation
dbus-daemon[1045163]: [session uid=1000 pid=1045163 pidfd=4] Activating service name='org.freedesktop.systemd1' requested by ':1.4' (uid=1000 pid=1045258 comm="/usr/bin/dbus-broker-launch --config-file=/usr/sha")
dbus-daemon[1045163]: [session uid=1000 pid=1045163 pidfd=4] Activated service 'org.freedesktop.systemd1' failed: Process org.freedesktop.systemd1 exited with status 1
dbus-daemon[1045163]: [session uid=1000 pid=1045163 pidfd=4] Activating service name='org.freedesktop.systemd1' requested by ':1.4' (uid=1000 pid=1045258 comm="/usr/bin/dbus-broker-launch --config-file=/usr/sha")
dbus-daemon[1045163]: [session uid=1000 pid=1045163 pidfd=4] Activated service 'org.freedesktop.systemd1' failed: Process org.freedesktop.systemd1 exited with status 1
{"trial": "m-a1-r01-fill-P", "outcome": "verified", "oracle_exact_match": true, "completion_mutations": 1, "routes": ["compiled"], "loadavg_before": "3.44 7.15 7.33 2/2332 1053357"}
dbus-daemon[1045163]: [session uid=1000 pid=1045163 pidfd=4] Activating service name='org.freedesktop.systemd1' requested by ':1.4' (uid=1000 pid=1045258 comm="/usr/bin/dbus-broker-launch --config-file=/usr/sha")
dbus-daemon[1045163]: [session uid=1000 pid=1045163 pidfd=4] Activated service 'org.freedesktop.systemd1' failed: Process org.freedesktop.systemd1 exited with status 1
[2m2026-10-03T07:40:10.021575Z[0m [33m WARN[0m [2mcua_driver_sdk::runtime[0m[2m:[0m could not activate the persistent AT-SPI listener: AT-SPI connect failed: ZBus Error: MethodError(OwnedErrorName("org.freedesktop.DBus.Error.NameHasNoOwner"), Some("Could not activate remote peer 'org.a11y.atspi.Registry': unit failed"), Msg { type: Error, serial: 4294967295, sender: UniqueName("org.freedesktop.DBus"), reply-serial: 9, body: Str, fds: [] })
[2m2026-10-03T07:40:10.029280Z[0m [33m WARN[0m [2mplatform_linux::overlay[0m[2m:[0m X11 overlay: root reads cannot see this window's own pixels; save-unders will be served without readback confirmation
dbus-daemon[1045163]: [session uid=1000 pid=1045163 pidfd=4] Activating service name='org.freedesktop.systemd1' requested by ':1.4' (uid=1000 pid=1045258 comm="/usr/bin/dbus-broker-launch --config-file=/usr/sha")
dbus-daemon[1045163]: [session uid=1000 pid=1045163 pidfd=4] Activated service 'org.freedesktop.systemd1' failed: Process org.freedesktop.systemd1 exited with status 1
dbus-daemon[1045163]: [session uid=1000 pid=1045163 pidfd=4] Activating service name='org.freedesktop.systemd1' requested by ':1.4' (uid=1000 pid=1045258 comm="/usr/bin/dbus-broker-launch --config-file=/usr/sha")
dbus-daemon[1045163]: [session uid=1000 pid=1045163 pidfd=4] Activated service 'org.freedesktop.systemd1' failed: Process org.freedesktop.systemd1 exited with status 1
{"trial": "m-a1-r01-fill-SMOKE", "outcome": "verified", "oracle_exact_match": true, "completion_mutations": 1, "routes": ["provider", "provider"], "loadavg_before": "3.24 7.05 7.30 1/2351 1053646"}
dbus-daemon[1045163]: [session uid=1000 pid=1045163 pidfd=4] Activating service name='org.freedesktop.systemd1' requested by ':1.4' (uid=1000 pid=1045258 comm="/usr/bin/dbus-broker-launch --config-file=/usr/sha")
dbus-daemon[1045163]: [session uid=1000 pid=1045163 pidfd=4] Activated service 'org.freedesktop.systemd1' failed: Process org.freedesktop.systemd1 exited with status 1
[2m2026-10-03T07:40:14.522024Z[0m [33m WARN[0m [2mcua_driver_sdk::runtime[0m[2m:[0m could not activate the persistent AT-SPI listener: AT-SPI connect failed: ZBus Error: MethodError(OwnedErrorName("org.freedesktop.DBus.Error.NameHasNoOwner"), Some("Could not activate remote peer 'org.a11y.atspi.Registry': unit failed"), Msg { type: Error, serial: 4294967295, sender: UniqueName("org.freedesktop.DBus"), reply-serial: 9, body: Str, fds: [] })
[2m2026-10-03T07:40:14.529165Z[0m [33m WARN[0m [2mplatform_linux::overlay[0m[2m:[0m X11 overlay: root reads cannot see this window's own pixels; save-unders will be served without readback confirmation
dbus-daemon[1045163]: [session uid=1000 pid=1045163 pidfd=4] Activating service name='org.freedesktop.systemd1' requested by ':1.4' (uid=1000 pid=1045258 comm="/usr/bin/dbus-broker-launch --config-file=/usr/sha")
dbus-daemon[1045163]: [session uid=1000 pid=1045163 pidfd=4] Activated service 'org.freedesktop.systemd1' failed: Process org.freedesktop.systemd1 exited with status 1
dbus-daemon[1045163]: [session uid=1000 pid=1045163 pidfd=4] Activating service name='org.freedesktop.systemd1' requested by ':1.4' (uid=1000 pid=1045258 comm="/usr/bin/dbus-broker-launch --config-file=/usr/sha")
dbus-daemon[1045163]: [session uid=1000 pid=1045163 pidfd=4] Activated service 'org.freedesktop.systemd1' failed: Process org.freedesktop.systemd1 exited with status 1
{"trial": "m-a1-r01-toggle-SMOKE", "outcome": "verified", "oracle_exact_match": true, "completion_mutations": 1, "routes": ["provider", "provider"], "loadavg_before": "3.24 7.05 7.30 2/2371 1053998"}
dbus-daemon[1045163]: [session uid=1000 pid=1045163 pidfd=4] Activating service name='org.freedesktop.systemd1' requested by ':1.4' (uid=1000 pid=1045258 comm="/usr/bin/dbus-broker-launch --config-file=/usr/sha")
dbus-daemon[1045163]: [session uid=1000 pid=1045163 pidfd=4] Activated service 'org.freedesktop.systemd1' failed: Process org.freedesktop.systemd1 exited with status 1
[2m2026-10-03T07:40:18.495093Z[0m [33m WARN[0m [2mcua_driver_sdk::runtime[0m[2m:[0m could not activate the persistent AT-SPI listener: AT-SPI connect failed: ZBus Error: MethodError(OwnedErrorName("org.freedesktop.DBus.Error.NameHasNoOwner"), Some("Could not activate remote peer 'org.a11y.atspi.Registry': unit failed"), Msg { type: Error, serial: 4294967295, sender: UniqueName("org.freedesktop.DBus"), reply-serial: 9, body: Str, fds: [] })
[2m2026-10-03T07:40:18.502739Z[0m [33m WARN[0m [2mplatform_linux::overlay[0m[2m:[0m X11 overlay: root reads cannot see this window's own pixels; save-unders will be served without readback confirmation
dbus-daemon[1045163]: [session uid=1000 pid=1045163 pidfd=4] Activating service name='org.freedesktop.systemd1' requested by ':1.4' (uid=1000 pid=1045258 comm="/usr/bin/dbus-broker-launch --config-file=/usr/sha")
dbus-daemon[1045163]: [session uid=1000 pid=1045163 pidfd=4] Activated service 'org.freedesktop.systemd1' failed: Process org.freedesktop.systemd1 exited with status 1
dbus-daemon[1045163]: [session uid=1000 pid=1045163 pidfd=4] Activating service name='org.freedesktop.systemd1' requested by ':1.4' (uid=1000 pid=1045258 comm="/usr/bin/dbus-broker-launch --config-file=/usr/sha")
dbus-daemon[1045163]: [session uid=1000 pid=1045163 pidfd=4] Activated service 'org.freedesktop.systemd1' failed: Process org.freedesktop.systemd1 exited with status 1
{"trial": "m-a1-r01-modal-SMOKE", "outcome": "verified", "oracle_exact_match": true, "completion_mutations": 1, "routes": ["provider", "provider"], "loadavg_before": "3.14 6.97 7.27 2/2379 1054360"}
dbus-daemon[1045163]: [session uid=1000 pid=1045163 pidfd=4] Activating service name='org.freedesktop.systemd1' requested by ':1.4' (uid=1000 pid=1045258 comm="/usr/bin/dbus-broker-launch --config-file=/usr/sha")
dbus-daemon[1045163]: [session uid=1000 pid=1045163 pidfd=4] Activated service 'org.freedesktop.systemd1' failed: Process org.freedesktop.systemd1 exited with status 1
[2m2026-10-03T07:40:22.474548Z[0m [33m WARN[0m [2mcua_driver_sdk::runtime[0m[2m:[0m could not activate the persistent AT-SPI listener: AT-SPI connect failed: ZBus Error: MethodError(OwnedErrorName("org.freedesktop.DBus.Error.NameHasNoOwner"), Some("Could not activate remote peer 'org.a11y.atspi.Registry': unit failed"), Msg { type: Error, serial: 4294967295, sender: UniqueName("org.freedesktop.DBus"), reply-serial: 9, body: Str, fds: [] })
[2m2026-10-03T07:40:22.483109Z[0m [33m WARN[0m [2mplatform_linux::overlay[0m[2m:[0m X11 overlay: root reads cannot see this window's own pixels; save-unders will be served without readback confirmation
dbus-daemon[1045163]: [session uid=1000 pid=1045163 pidfd=4] Activating service name='org.freedesktop.systemd1' requested by ':1.4' (uid=1000 pid=1045258 comm="/usr/bin/dbus-broker-launch --config-file=/usr/sha")
dbus-daemon[1045163]: [session uid=1000 pid=1045163 pidfd=4] Activated service 'org.freedesktop.systemd1' failed: Process org.freedesktop.systemd1 exited with status 1
dbus-daemon[1045163]: [session uid=1000 pid=1045163 pidfd=4] Activating service name='org.freedesktop.systemd1' requested by ':1.4' (uid=1000 pid=1045258 comm="/usr/bin/dbus-broker-launch --config-file=/usr/sha")
dbus-daemon[1045163]: [session uid=1000 pid=1045163 pidfd=4] Activated service 'org.freedesktop.systemd1' failed: Process org.freedesktop.systemd1 exited with status 1
{"trial": "m-a1-r02-fill-Wb", "outcome": "verified", "oracle_exact_match": true, "completion_mutations": 1, "routes": ["compiled"], "loadavg_before": "2.97 6.87 7.24 2/2350 1054683"}
dbus-daemon[1045163]: [session uid=1000 pid=1045163 pidfd=4] Activating service name='org.freedesktop.systemd1' requested by ':1.4' (uid=1000 pid=1045258 comm="/usr/bin/dbus-broker-launch --config-file=/usr/sha")
dbus-daemon[1045163]: [session uid=1000 pid=1045163 pidfd=4] Activated service 'org.freedesktop.systemd1' failed: Process org.freedesktop.systemd1 exited with status 1
[2m2026-10-03T07:40:23.975879Z[0m [33m WARN[0m [2mcua_driver_sdk::runtime[0m[2m:[0m could not activate the persistent AT-SPI listener: AT-SPI connect failed: ZBus Error: MethodError(OwnedErrorName("org.freedesktop.DBus.Error.NameHasNoOwner"), Some("Could not activate remote peer 'org.a11y.atspi.Registry': unit failed"), Msg { type: Error, serial: 4294967295, sender: UniqueName("org.freedesktop.DBus"), reply-serial: 9, body: Str, fds: [] })
[2m2026-10-03T07:40:23.983863Z[0m [33m WARN[0m [2mplatform_linux::overlay[0m[2m:[0m X11 overlay: root reads cannot see this window's own pixels; save-unders will be served without readback confirmation
dbus-daemon[1045163]: [session uid=1000 pid=1045163 pidfd=4] Activating service name='org.freedesktop.systemd1' requested by ':1.4' (uid=1000 pid=1045258 comm="/usr/bin/dbus-broker-launch --config-file=/usr/sha")
dbus-daemon[1045163]: [session uid=1000 pid=1045163 pidfd=4] Activated service 'org.freedesktop.systemd1' failed: Process org.freedesktop.systemd1 exited with status 1
dbus-daemon[1045163]: [session uid=1000 pid=1045163 pidfd=4] Activating service name='org.freedesktop.systemd1' requested by ':1.4' (uid=1000 pid=1045258 comm="/usr/bin/dbus-broker-launch --config-file=/usr/sha")
dbus-daemon[1045163]: [session uid=1000 pid=1045163 pidfd=4] Activated service 'org.freedesktop.systemd1' failed: Process org.freedesktop.systemd1 exited with status 1
{"trial": "m-a1-r02-fill-P", "outcome": "verified", "oracle_exact_match": true, "completion_mutations": 1, "routes": ["compiled"], "loadavg_before": "2.97 6.87 7.24 3/2346 1054947"}
dbus-daemon[1045163]: [session uid=1000 pid=1045163 pidfd=4] Activating service name='org.freedesktop.systemd1' requested by ':1.4' (uid=1000 pid=1045258 comm="/usr/bin/dbus-broker-launch --config-file=/usr/sha")
dbus-daemon[1045163]: [session uid=1000 pid=1045163 pidfd=4] Activated service 'org.freedesktop.systemd1' failed: Process org.freedesktop.systemd1 exited with status 1
[2m2026-10-03T07:40:25.476791Z[0m [33m WARN[0m [2mcua_driver_sdk::runtime[0m[2m:[0m could not activate the persistent AT-SPI listener: AT-SPI connect failed: ZBus Error: MethodError(OwnedErrorName("org.freedesktop.DBus.Error.NameHasNoOwner"), Some("Could not activate remote peer 'org.a11y.atspi.Registry': unit failed"), Msg { type: Error, serial: 4294967295, sender: UniqueName("org.freedesktop.DBus"), reply-serial: 9, body: Str, fds: [] })
[2m2026-10-03T07:40:25.484959Z[0m [33m WARN[0m [2mplatform_linux::overlay[0m[2m:[0m X11 overlay: root reads cannot see this window's own pixels; save-unders will be served without readback confirmation
dbus-daemon[1045163]: [session uid=1000 pid=1045163 pidfd=4] Activating service name='org.freedesktop.systemd1' requested by ':1.4' (uid=1000 pid=1045258 comm="/usr/bin/dbus-broker-launch --config-file=/usr/sha")
dbus-daemon[1045163]: [session uid=1000 pid=1045163 pidfd=4] Activated service 'org.freedesktop.systemd1' failed: Process org.freedesktop.systemd1 exited with status 1
dbus-daemon[1045163]: [session uid=1000 pid=1045163 pidfd=4] Activating service name='org.freedesktop.systemd1' requested by ':1.4' (uid=1000 pid=1045258 comm="/usr/bin/dbus-broker-launch --config-file=/usr/sha")
dbus-daemon[1045163]: [session uid=1000 pid=1045163 pidfd=4] Activated service 'org.freedesktop.systemd1' failed: Process org.freedesktop.systemd1 exited with status 1
{"trial": "m-a1-r02-fill-Wa", "outcome": "verified", "oracle_exact_match": true, "completion_mutations": 1, "routes": ["compiled"], "loadavg_before": "2.89 6.79 7.21 2/2342 1055257"}
dbus-daemon[1045163]: [session uid=1000 pid=1045163 pidfd=4] Activating service name='org.freedesktop.systemd1' requested by ':1.4' (uid=1000 pid=1045258 comm="/usr/bin/dbus-broker-launch --config-file=/usr/sha")
dbus-daemon[1045163]: [session uid=1000 pid=1045163 pidfd=4] Activated service 'org.freedesktop.systemd1' failed: Process org.freedesktop.systemd1 exited with status 1
[2m2026-10-03T07:40:26.976925Z[0m [33m WARN[0m [2mcua_driver_sdk::runtime[0m[2m:[0m could not activate the persistent AT-SPI listener: AT-SPI connect failed: ZBus Error: MethodError(OwnedErrorName("org.freedesktop.DBus.Error.NameHasNoOwner"), Some("Could not activate remote peer 'org.a11y.atspi.Registry': unit failed"), Msg { type: Error, serial: 4294967295, sender: UniqueName("org.freedesktop.DBus"), reply-serial: 9, body: Str, fds: [] })
[2m2026-10-03T07:40:26.984564Z[0m [33m WARN[0m [2mplatform_linux::overlay[0m[2m:[0m X11 overlay: root reads cannot see this window's own pixels; save-unders will be served without readback confirmation
dbus-daemon[1045163]: [session uid=1000 pid=1045163 pidfd=4] Activating service name='org.freedesktop.systemd1' requested by ':1.4' (uid=1000 pid=1045258 comm="/usr/bin/dbus-broker-launch --config-file=/usr/sha")
dbus-daemon[1045163]: [session uid=1000 pid=1045163 pidfd=4] Activated service 'org.freedesktop.systemd1' failed: Process org.freedesktop.systemd1 exited with status 1
dbus-daemon[1045163]: [session uid=1000 pid=1045163 pidfd=4] Activating service name='org.freedesktop.systemd1' requested by ':1.4' (uid=1000 pid=1045258 comm="/usr/bin/dbus-broker-launch --config-file=/usr/sha")
dbus-daemon[1045163]: [session uid=1000 pid=1045163 pidfd=4] Activated service 'org.freedesktop.systemd1' failed: Process org.freedesktop.systemd1 exited with status 1
{"trial": "m-a1-r02-fill-C", "outcome": "verified", "oracle_exact_match": true, "completion_mutations": 1, "routes": ["compiled"], "loadavg_before": "2.89 6.79 7.21 1/2335 1055539"}
dbus-daemon[1045163]: [session uid=1000 pid=1045163 pidfd=4] Activating service name='org.freedesktop.systemd1' requested by ':1.4' (uid=1000 pid=1045258 comm="/usr/bin/dbus-broker-launch --config-file=/usr/sha")
dbus-daemon[1045163]: [session uid=1000 pid=1045163 pidfd=4] Activated service 'org.freedesktop.systemd1' failed: Process org.freedesktop.systemd1 exited with status 1
[2m2026-10-03T07:40:28.478030Z[0m [33m WARN[0m [2mcua_driver_sdk::runtime[0m[2m:[0m could not activate the persistent AT-SPI listener: AT-SPI connect failed: ZBus Error: MethodError(OwnedErrorName("org.freedesktop.DBus.Error.NameHasNoOwner"), Some("Could not activate remote peer 'org.a11y.atspi.Registry': unit failed"), Msg { type: Error, serial: 4294967295, sender: UniqueName("org.freedesktop.DBus"), reply-serial: 9, body: Str, fds: [] })
[2m2026-10-03T07:40:28.485838Z[0m [33m WARN[0m [2mplatform_linux::overlay[0m[2m:[0m X11 overlay: root reads cannot see this window's own pixels; save-unders will be served without readback confirmation
dbus-daemon[1045163]: [session uid=1000 pid=1045163 pidfd=4] Activating service name='org.freedesktop.systemd1' requested by ':1.4' (uid=1000 pid=1045258 comm="/usr/bin/dbus-broker-launch --config-file=/usr/sha")
dbus-daemon[1045163]: [session uid=1000 pid=1045163 pidfd=4] Activated service 'org.freedesktop.systemd1' failed: Process org.freedesktop.systemd1 exited with status 1
dbus-daemon[1045163]: [session uid=1000 pid=1045163 pidfd=4] Activating service name='org.freedesktop.systemd1' requested by ':1.4' (uid=1000 pid=1045258 comm="/usr/bin/dbus-broker-launch --config-file=/usr/sha")
dbus-daemon[1045163]: [session uid=1000 pid=1045163 pidfd=4] Activated service 'org.freedesktop.systemd1' failed: Process org.freedesktop.systemd1 exited with status 1
{"trial": "m-a1-r02-toggle-P", "outcome": "verified", "oracle_exact_match": true, "completion_mutations": 1, "routes": ["provider", "provider"], "loadavg_before": "2.89 6.79 7.21 2/2335 1055796"}
dbus-daemon[1045163]: [session uid=1000 pid=1045163 pidfd=4] Activating service name='org.freedesktop.systemd1' requested by ':1.4' (uid=1000 pid=1045258 comm="/usr/bin/dbus-broker-launch --config-file=/usr/sha")
dbus-daemon[1045163]: [session uid=1000 pid=1045163 pidfd=4] Activated service 'org.freedesktop.systemd1' failed: Process org.freedesktop.systemd1 exited with status 1
[2m2026-10-03T07:40:29.623236Z[0m [33m WARN[0m [2mcua_driver_sdk::runtime[0m[2m:[0m could not activate the persistent AT-SPI listener: AT-SPI connect failed: ZBus Error: MethodError(OwnedErrorName("org.freedesktop.DBus.Error.NameHasNoOwner"), Some("Could not activate remote peer 'org.a11y.atspi.Registry': unit failed"), Msg { type: Error, serial: 4294967295, sender: UniqueName("org.freedesktop.DBus"), reply-serial: 9, body: Str, fds: [] })
[2m2026-10-03T07:40:29.630807Z[0m [33m WARN[0m [2mplatform_linux::overlay[0m[2m:[0m X11 overlay: root reads cannot see this window's own pixels; save-unders will be served without readback confirmation
dbus-daemon[1045163]: [session uid=1000 pid=1045163 pidfd=4] Activating service name='org.freedesktop.systemd1' requested by ':1.4' (uid=1000 pid=1045258 comm="/usr/bin/dbus-broker-launch --config-file=/usr/sha")
dbus-daemon[1045163]: [session uid=1000 pid=1045163 pidfd=4] Activated service 'org.freedesktop.systemd1' failed: Process org.freedesktop.systemd1 exited with status 1
dbus-daemon[1045163]: [session uid=1000 pid=1045163 pidfd=4] Activating service name='org.freedesktop.systemd1' requested by ':1.4' (uid=1000 pid=1045258 comm="/usr/bin/dbus-broker-launch --config-file=/usr/sha")
dbus-daemon[1045163]: [session uid=1000 pid=1045163 pidfd=4] Activated service 'org.freedesktop.systemd1' failed: Process org.freedesktop.systemd1 exited with status 1
{"trial": "m-a1-r02-toggle-C", "outcome": "verified", "oracle_exact_match": true, "completion_mutations": 1, "routes": ["provider", "provider"], "loadavg_before": "2.89 6.79 7.21 2/2335 1056075"}
dbus-daemon[1045163]: [session uid=1000 pid=1045163 pidfd=4] Activating service name='org.freedesktop.systemd1' requested by ':1.4' (uid=1000 pid=1045258 comm="/usr/bin/dbus-broker-launch --config-file=/usr/sha")
dbus-daemon[1045163]: [session uid=1000 pid=1045163 pidfd=4] Activated service 'org.freedesktop.systemd1' failed: Process org.freedesktop.systemd1 exited with status 1
[2m2026-10-03T07:40:30.727972Z[0m [33m WARN[0m [2mcua_driver_sdk::runtime[0m[2m:[0m could not activate the persistent AT-SPI listener: AT-SPI connect failed: ZBus Error: MethodError(OwnedErrorName("org.freedesktop.DBus.Error.NameHasNoOwner"), Some("Could not activate remote peer 'org.a11y.atspi.Registry': unit failed"), Msg { type: Error, serial: 4294967295, sender: UniqueName("org.freedesktop.DBus"), reply-serial: 9, body: Str, fds: [] })
[2m2026-10-03T07:40:30.736807Z[0m [33m WARN[0m [2mplatform_linux::overlay[0m[2m:[0m X11 overlay: root reads cannot see this window's own pixels; save-unders will be served without readback confirmation
dbus-daemon[1045163]: [session uid=1000 pid=1045163 pidfd=4] Activating service name='org.freedesktop.systemd1' requested by ':1.4' (uid=1000 pid=1045258 comm="/usr/bin/dbus-broker-launch --config-file=/usr/sha")
dbus-daemon[1045163]: [session uid=1000 pid=1045163 pidfd=4] Activated service 'org.freedesktop.systemd1' failed: Process org.freedesktop.systemd1 exited with status 1
dbus-daemon[1045163]: [session uid=1000 pid=1045163 pidfd=4] Activating service name='org.freedesktop.systemd1' requested by ':1.4' (uid=1000 pid=1045258 comm="/usr/bin/dbus-broker-launch --config-file=/usr/sha")
dbus-daemon[1045163]: [session uid=1000 pid=1045163 pidfd=4] Activated service 'org.freedesktop.systemd1' failed: Process org.freedesktop.systemd1 exited with status 1
{"trial": "m-a1-r02-toggle-Wb", "outcome": "verified", "oracle_exact_match": true, "completion_mutations": 1, "routes": ["provider", "provider"], "loadavg_before": "2.98 6.74 7.19 2/2335 1056351"}
dbus-daemon[1045163]: [session uid=1000 pid=1045163 pidfd=4] Activating service name='org.freedesktop.systemd1' requested by ':1.4' (uid=1000 pid=1045258 comm="/usr/bin/dbus-broker-launch --config-file=/usr/sha")
dbus-daemon[1045163]: [session uid=1000 pid=1045163 pidfd=4] Activated service 'org.freedesktop.systemd1' failed: Process org.freedesktop.systemd1 exited with status 1
[2m2026-10-03T07:40:31.865739Z[0m [33m WARN[0m [2mcua_driver_sdk::runtime[0m[2m:[0m could not activate the persistent AT-SPI listener: AT-SPI connect failed: ZBus Error: MethodError(OwnedErrorName("org.freedesktop.DBus.Error.NameHasNoOwner"), Some("Could not activate remote peer 'org.a11y.atspi.Registry': unit failed"), Msg { type: Error, serial: 4294967295, sender: UniqueName("org.freedesktop.DBus"), reply-serial: 9, body: Str, fds: [] })
[2m2026-10-03T07:40:31.873776Z[0m [33m WARN[0m [2mplatform_linux::overlay[0m[2m:[0m X11 overlay: root reads cannot see this window's own pixels; save-unders will be served without readback confirmation
dbus-daemon[1045163]: [session uid=1000 pid=1045163 pidfd=4] Activating service name='org.freedesktop.systemd1' requested by ':1.4' (uid=1000 pid=1045258 comm="/usr/bin/dbus-broker-launch --config-file=/usr/sha")
dbus-daemon[1045163]: [session uid=1000 pid=1045163 pidfd=4] Activated service 'org.freedesktop.systemd1' failed: Process org.freedesktop.systemd1 exited with status 1
dbus-daemon[1045163]: [session uid=1000 pid=1045163 pidfd=4] Activating service name='org.freedesktop.systemd1' requested by ':1.4' (uid=1000 pid=1045258 comm="/usr/bin/dbus-broker-launch --config-file=/usr/sha")
dbus-daemon[1045163]: [session uid=1000 pid=1045163 pidfd=4] Activated service 'org.freedesktop.systemd1' failed: Process org.freedesktop.systemd1 exited with status 1
{"trial": "m-a1-r02-toggle-Wa", "outcome": "verified", "oracle_exact_match": true, "completion_mutations": 1, "routes": ["provider", "provider"], "loadavg_before": "2.98 6.74 7.19 2/2335 1056653"}
dbus-daemon[1045163]: [session uid=1000 pid=1045163 pidfd=4] Activating service name='org.freedesktop.systemd1' requested by ':1.4' (uid=1000 pid=1045258 comm="/usr/bin/dbus-broker-launch --config-file=/usr/sha")
dbus-daemon[1045163]: [session uid=1000 pid=1045163 pidfd=4] Activated service 'org.freedesktop.systemd1' failed: Process org.freedesktop.systemd1 exited with status 1
[2m2026-10-03T07:40:33.012110Z[0m [33m WARN[0m [2mcua_driver_sdk::runtime[0m[2m:[0m could not activate the persistent AT-SPI listener: AT-SPI connect failed: ZBus Error: MethodError(OwnedErrorName("org.freedesktop.DBus.Error.NameHasNoOwner"), Some("Could not activate remote peer 'org.a11y.atspi.Registry': unit failed"), Msg { type: Error, serial: 4294967295, sender: UniqueName("org.freedesktop.DBus"), reply-serial: 9, body: Str, fds: [] })
[2m2026-10-03T07:40:33.019605Z[0m [33m WARN[0m [2mplatform_linux::overlay[0m[2m:[0m X11 overlay: root reads cannot see this window's own pixels; save-unders will be served without readback confirmation
dbus-daemon[1045163]: [session uid=1000 pid=1045163 pidfd=4] Activating service name='org.freedesktop.systemd1' requested by ':1.4' (uid=1000 pid=1045258 comm="/usr/bin/dbus-broker-launch --config-file=/usr/sha")
dbus-daemon[1045163]: [session uid=1000 pid=1045163 pidfd=4] Activated service 'org.freedesktop.systemd1' failed: Process org.freedesktop.systemd1 exited with status 1
dbus-daemon[1045163]: [session uid=1000 pid=1045163 pidfd=4] Activating service name='org.freedesktop.systemd1' requested by ':1.4' (uid=1000 pid=1045258 comm="/usr/bin/dbus-broker-launch --config-file=/usr/sha")
dbus-daemon[1045163]: [session uid=1000 pid=1045163 pidfd=4] Activated service 'org.freedesktop.systemd1' failed: Process org.freedesktop.systemd1 exited with status 1
{"trial": "m-a1-r02-modal-C", "outcome": "verified", "oracle_exact_match": true, "completion_mutations": 1, "routes": ["provider", "provider"], "loadavg_before": "2.98 6.74 7.19 2/2334 1056956"}
dbus-daemon[1045163]: [session uid=1000 pid=1045163 pidfd=4] Activating service name='org.freedesktop.systemd1' requested by ':1.4' (uid=1000 pid=1045258 comm="/usr/bin/dbus-broker-launch --config-file=/usr/sha")
dbus-daemon[1045163]: [session uid=1000 pid=1045163 pidfd=4] Activated service 'org.freedesktop.systemd1' failed: Process org.freedesktop.systemd1 exited with status 1
[2m2026-10-03T07:40:34.118147Z[0m [33m WARN[0m [2mcua_driver_sdk::runtime[0m[2m:[0m could not activate the persistent AT-SPI listener: AT-SPI connect failed: ZBus Error: MethodError(OwnedErrorName("org.freedesktop.DBus.Error.NameHasNoOwner"), Some("Could not activate remote peer 'org.a11y.atspi.Registry': unit failed"), Msg { type: Error, serial: 4294967295, sender: UniqueName("org.freedesktop.DBus"), reply-serial: 9, body: Str, fds: [] })
[2m2026-10-03T07:40:34.128420Z[0m [33m WARN[0m [2mplatform_linux::overlay[0m[2m:[0m X11 overlay: root reads cannot see this window's own pixels; save-unders will be served without readback confirmation
dbus-daemon[1045163]: [session uid=1000 pid=1045163 pidfd=4] Activating service name='org.freedesktop.systemd1' requested by ':1.4' (uid=1000 pid=1045258 comm="/usr/bin/dbus-broker-launch --config-file=/usr/sha")
dbus-daemon[1045163]: [session uid=1000 pid=1045163 pidfd=4] Activated service 'org.freedesktop.systemd1' failed: Process org.freedesktop.systemd1 exited with status 1
dbus-daemon[1045163]: [session uid=1000 pid=1045163 pidfd=4] Activating service name='org.freedesktop.systemd1' requested by ':1.4' (uid=1000 pid=1045258 comm="/usr/bin/dbus-broker-launch --config-file=/usr/sha")
dbus-daemon[1045163]: [session uid=1000 pid=1045163 pidfd=4] Activated service 'org.freedesktop.systemd1' failed: Process org.freedesktop.systemd1 exited with status 1
{"trial": "m-a1-r02-modal-Wa", "outcome": "verified", "oracle_exact_match": true, "completion_mutations": 1, "routes": ["provider", "provider"], "loadavg_before": "2.98 6.74 7.19 1/2334 1057207"}
dbus-daemon[1045163]: [session uid=1000 pid=1045163 pidfd=4] Activating service name='org.freedesktop.systemd1' requested by ':1.4' (uid=1000 pid=1045258 comm="/usr/bin/dbus-broker-launch --config-file=/usr/sha")
dbus-daemon[1045163]: [session uid=1000 pid=1045163 pidfd=4] Activated service 'org.freedesktop.systemd1' failed: Process org.freedesktop.systemd1 exited with status 1
[2m2026-10-03T07:40:35.262493Z[0m [33m WARN[0m [2mcua_driver_sdk::runtime[0m[2m:[0m could not activate the persistent AT-SPI listener: AT-SPI connect failed: ZBus Error: MethodError(OwnedErrorName("org.freedesktop.DBus.Error.NameHasNoOwner"), Some("Could not activate remote peer 'org.a11y.atspi.Registry': unit failed"), Msg { type: Error, serial: 4294967295, sender: UniqueName("org.freedesktop.DBus"), reply-serial: 9, body: Str, fds: [] })
[2m2026-10-03T07:40:35.270642Z[0m [33m WARN[0m [2mplatform_linux::overlay[0m[2m:[0m X11 overlay: root reads cannot see this window's own pixels; save-unders will be served without readback confirmation
dbus-daemon[1045163]: [session uid=1000 pid=1045163 pidfd=4] Activating service name='org.freedesktop.systemd1' requested by ':1.4' (uid=1000 pid=1045258 comm="/usr/bin/dbus-broker-launch --config-file=/usr/sha")
dbus-daemon[1045163]: [session uid=1000 pid=1045163 pidfd=4] Activated service 'org.freedesktop.systemd1' failed: Process org.freedesktop.systemd1 exited with status 1
dbus-daemon[1045163]: [session uid=1000 pid=1045163 pidfd=4] Activating service name='org.freedesktop.systemd1' requested by ':1.4' (uid=1000 pid=1045258 comm="/usr/bin/dbus-broker-launch --config-file=/usr/sha")
dbus-daemon[1045163]: [session uid=1000 pid=1045163 pidfd=4] Activated service 'org.freedesktop.systemd1' failed: Process org.freedesktop.systemd1 exited with status 1
{"trial": "m-a1-r02-modal-P", "outcome": "verified", "oracle_exact_match": true, "completion_mutations": 1, "routes": ["provider", "provider"], "loadavg_before": "3.62 6.81 7.21 2/2343 1057570"}
dbus-daemon[1045163]: [session uid=1000 pid=1045163 pidfd=4] Activating service name='org.freedesktop.systemd1' requested by ':1.4' (uid=1000 pid=1045258 comm="/usr/bin/dbus-broker-launch --config-file=/usr/sha")
dbus-daemon[1045163]: [session uid=1000 pid=1045163 pidfd=4] Activated service 'org.freedesktop.systemd1' failed: Process org.freedesktop.systemd1 exited with status 1
[2m2026-10-03T07:40:36.405242Z[0m [33m WARN[0m [2mcua_driver_sdk::runtime[0m[2m:[0m could not activate the persistent AT-SPI listener: AT-SPI connect failed: ZBus Error: MethodError(OwnedErrorName("org.freedesktop.DBus.Error.NameHasNoOwner"), Some("Could not activate remote peer 'org.a11y.atspi.Registry': unit failed"), Msg { type: Error, serial: 4294967295, sender: UniqueName("org.freedesktop.DBus"), reply-serial: 9, body: Str, fds: [] })
[2m2026-10-03T07:40:36.412403Z[0m [33m WARN[0m [2mplatform_linux::overlay[0m[2m:[0m X11 overlay: root reads cannot see this window's own pixels; save-unders will be served without readback confirmation
dbus-daemon[1045163]: [session uid=1000 pid=1045163 pidfd=4] Activating service name='org.freedesktop.systemd1' requested by ':1.4' (uid=1000 pid=1045258 comm="/usr/bin/dbus-broker-launch --config-file=/usr/sha")
dbus-daemon[1045163]: [session uid=1000 pid=1045163 pidfd=4] Activated service 'org.freedesktop.systemd1' failed: Process org.freedesktop.systemd1 exited with status 1
dbus-daemon[1045163]: [session uid=1000 pid=1045163 pidfd=4] Activating service name='org.freedesktop.systemd1' requested by ':1.4' (uid=1000 pid=1045258 comm="/usr/bin/dbus-broker-launch --config-file=/usr/sha")
dbus-daemon[1045163]: [session uid=1000 pid=1045163 pidfd=4] Activated service 'org.freedesktop.systemd1' failed: Process org.freedesktop.systemd1 exited with status 1
{"trial": "m-a1-r02-modal-Wb", "outcome": "verified", "oracle_exact_match": true, "completion_mutations": 1, "routes": ["provider", "provider"], "loadavg_before": "3.62 6.81 7.21 2/2341 1057863"}
dbus-daemon[1045163]: [session uid=1000 pid=1045163 pidfd=4] Activating service name='org.freedesktop.systemd1' requested by ':1.4' (uid=1000 pid=1045258 comm="/usr/bin/dbus-broker-launch --config-file=/usr/sha")
dbus-daemon[1045163]: [session uid=1000 pid=1045163 pidfd=4] Activated service 'org.freedesktop.systemd1' failed: Process org.freedesktop.systemd1 exited with status 1
[2m2026-10-03T07:40:37.565933Z[0m [33m WARN[0m [2mcua_driver_sdk::runtime[0m[2m:[0m could not activate the persistent AT-SPI listener: AT-SPI connect failed: ZBus Error: MethodError(OwnedErrorName("org.freedesktop.DBus.Error.NameHasNoOwner"), Some("Could not activate remote peer 'org.a11y.atspi.Registry': unit failed"), Msg { type: Error, serial: 4294967295, sender: UniqueName("org.freedesktop.DBus"), reply-serial: 9, body: Str, fds: [] })
[2m2026-10-03T07:40:37.573889Z[0m [33m WARN[0m [2mplatform_linux::overlay[0m[2m:[0m X11 overlay: root reads cannot see this window's own pixels; save-unders will be served without readback confirmation
dbus-daemon[1045163]: [session uid=1000 pid=1045163 pidfd=4] Activating service name='org.freedesktop.systemd1' requested by ':1.4' (uid=1000 pid=1045258 comm="/usr/bin/dbus-broker-launch --config-file=/usr/sha")
dbus-daemon[1045163]: [session uid=1000 pid=1045163 pidfd=4] Activated service 'org.freedesktop.systemd1' failed: Process org.freedesktop.systemd1 exited with status 1
dbus-daemon[1045163]: [session uid=1000 pid=1045163 pidfd=4] Activating service name='org.freedesktop.systemd1' requested by ':1.4' (uid=1000 pid=1045258 comm="/usr/bin/dbus-broker-launch --config-file=/usr/sha")
dbus-daemon[1045163]: [session uid=1000 pid=1045163 pidfd=4] Activated service 'org.freedesktop.systemd1' failed: Process org.freedesktop.systemd1 exited with status 1
{"trial": "m-a1-r02-fill-SMOKE", "outcome": "verified", "oracle_exact_match": true, "completion_mutations": 1, "routes": ["provider", "provider"], "loadavg_before": "3.62 6.81 7.21 2/2340 1058186"}
dbus-daemon[1045163]: [session uid=1000 pid=1045163 pidfd=4] Activating service name='org.freedesktop.systemd1' requested by ':1.4' (uid=1000 pid=1045258 comm="/usr/bin/dbus-broker-launch --config-file=/usr/sha")
dbus-daemon[1045163]: [session uid=1000 pid=1045163 pidfd=4] Activated service 'org.freedesktop.systemd1' failed: Process org.freedesktop.systemd1 exited with status 1
[2m2026-10-03T07:40:42.066988Z[0m [33m WARN[0m [2mcua_driver_sdk::runtime[0m[2m:[0m could not activate the persistent AT-SPI listener: AT-SPI connect failed: ZBus Error: MethodError(OwnedErrorName("org.freedesktop.DBus.Error.NameHasNoOwner"), Some("Could not activate remote peer 'org.a11y.atspi.Registry': unit failed"), Msg { type: Error, serial: 4294967295, sender: UniqueName("org.freedesktop.DBus"), reply-serial: 9, body: Str, fds: [] })
[2m2026-10-03T07:40:42.074671Z[0m [33m WARN[0m [2mplatform_linux::overlay[0m[2m:[0m X11 overlay: root reads cannot see this window's own pixels; save-unders will be served without readback confirmation
dbus-daemon[1045163]: [session uid=1000 pid=1045163 pidfd=4] Activating service name='org.freedesktop.systemd1' requested by ':1.4' (uid=1000 pid=1045258 comm="/usr/bin/dbus-broker-launch --config-file=/usr/sha")
dbus-daemon[1045163]: [session uid=1000 pid=1045163 pidfd=4] Activated service 'org.freedesktop.systemd1' failed: Process org.freedesktop.systemd1 exited with status 1
dbus-daemon[1045163]: [session uid=1000 pid=1045163 pidfd=4] Activating service name='org.freedesktop.systemd1' requested by ':1.4' (uid=1000 pid=1045258 comm="/usr/bin/dbus-broker-launch --config-file=/usr/sha")
dbus-daemon[1045163]: [session uid=1000 pid=1045163 pidfd=4] Activated service 'org.freedesktop.systemd1' failed: Process org.freedesktop.systemd1 exited with status 1
{"trial": "m-a1-r02-toggle-SMOKE", "outcome": "verified", "oracle_exact_match": true, "completion_mutations": 1, "routes": ["provider", "provider"], "loadavg_before": "3.49 6.73 7.18 1/2372 1058623"}
dbus-daemon[1045163]: [session uid=1000 pid=1045163 pidfd=4] Activating service name='org.freedesktop.systemd1' requested by ':1.4' (uid=1000 pid=1045258 comm="/usr/bin/dbus-broker-launch --config-file=/usr/sha")
dbus-daemon[1045163]: [session uid=1000 pid=1045163 pidfd=4] Activated service 'org.freedesktop.systemd1' failed: Process org.freedesktop.systemd1 exited with status 1
[2m2026-10-03T07:40:46.027423Z[0m [33m WARN[0m [2mcua_driver_sdk::runtime[0m[2m:[0m could not activate the persistent AT-SPI listener: AT-SPI connect failed: ZBus Error: MethodError(OwnedErrorName("org.freedesktop.DBus.Error.NameHasNoOwner"), Some("Could not activate remote peer 'org.a11y.atspi.Registry': unit failed"), Msg { type: Error, serial: 4294967295, sender: UniqueName("org.freedesktop.DBus"), reply-serial: 9, body: Str, fds: [] })
[2m2026-10-03T07:40:46.034825Z[0m [33m WARN[0m [2mplatform_linux::overlay[0m[2m:[0m X11 overlay: root reads cannot see this window's own pixels; save-unders will be served without readback confirmation
dbus-daemon[1045163]: [session uid=1000 pid=1045163 pidfd=4] Activating service name='org.freedesktop.systemd1' requested by ':1.4' (uid=1000 pid=1045258 comm="/usr/bin/dbus-broker-launch --config-file=/usr/sha")
dbus-daemon[1045163]: [session uid=1000 pid=1045163 pidfd=4] Activated service 'org.freedesktop.systemd1' failed: Process org.freedesktop.systemd1 exited with status 1
dbus-daemon[1045163]: [session uid=1000 pid=1045163 pidfd=4] Activating service name='org.freedesktop.systemd1' requested by ':1.4' (uid=1000 pid=1045258 comm="/usr/bin/dbus-broker-launch --config-file=/usr/sha")
dbus-daemon[1045163]: [session uid=1000 pid=1045163 pidfd=4] Activated service 'org.freedesktop.systemd1' failed: Process org.freedesktop.systemd1 exited with status 1
{"trial": "m-a1-r02-modal-SMOKE", "outcome": "verified", "oracle_exact_match": true, "completion_mutations": 1, "routes": ["provider", "provider"], "loadavg_before": "3.53 6.69 7.16 4/2394 1059000"}
dbus-daemon[1045163]: [session uid=1000 pid=1045163 pidfd=4] Activating service name='org.freedesktop.systemd1' requested by ':1.4' (uid=1000 pid=1045258 comm="/usr/bin/dbus-broker-launch --config-file=/usr/sha")
dbus-daemon[1045163]: [session uid=1000 pid=1045163 pidfd=4] Activated service 'org.freedesktop.systemd1' failed: Process org.freedesktop.systemd1 exited with status 1
[2m2026-10-03T07:40:49.978416Z[0m [33m WARN[0m [2mcua_driver_sdk::runtime[0m[2m:[0m could not activate the persistent AT-SPI listener: AT-SPI connect failed: ZBus Error: MethodError(OwnedErrorName("org.freedesktop.DBus.Error.NameHasNoOwner"), Some("Could not activate remote peer 'org.a11y.atspi.Registry': unit failed"), Msg { type: Error, serial: 4294967295, sender: UniqueName("org.freedesktop.DBus"), reply-serial: 9, body: Str, fds: [] })
[2m2026-10-03T07:40:49.985790Z[0m [33m WARN[0m [2mplatform_linux::overlay[0m[2m:[0m X11 overlay: root reads cannot see this window's own pixels; save-unders will be served without readback confirmation
dbus-daemon[1045163]: [session uid=1000 pid=1045163 pidfd=4] Activating service name='org.freedesktop.systemd1' requested by ':1.4' (uid=1000 pid=1045258 comm="/usr/bin/dbus-broker-launch --config-file=/usr/sha")
dbus-daemon[1045163]: [session uid=1000 pid=1045163 pidfd=4] Activated service 'org.freedesktop.systemd1' failed: Process org.freedesktop.systemd1 exited with status 1
dbus-daemon[1045163]: [session uid=1000 pid=1045163 pidfd=4] Activating service name='org.freedesktop.systemd1' requested by ':1.4' (uid=1000 pid=1045258 comm="/usr/bin/dbus-broker-launch --config-file=/usr/sha")
dbus-daemon[1045163]: [session uid=1000 pid=1045163 pidfd=4] Activated service 'org.freedesktop.systemd1' failed: Process org.freedesktop.systemd1 exited with status 1
{"trial": "m-a1-r03-modal-Wa", "outcome": "verified", "oracle_exact_match": true, "completion_mutations": 1, "routes": ["provider", "provider"], "loadavg_before": "3.25 6.58 7.13 2/2361 1059328"}
dbus-daemon[1045163]: [session uid=1000 pid=1045163 pidfd=4] Activating service name='org.freedesktop.systemd1' requested by ':1.4' (uid=1000 pid=1045258 comm="/usr/bin/dbus-broker-launch --config-file=/usr/sha")
dbus-daemon[1045163]: [session uid=1000 pid=1045163 pidfd=4] Activated service 'org.freedesktop.systemd1' failed: Process org.freedesktop.systemd1 exited with status 1
[2m2026-10-03T07:40:51.103320Z[0m [33m WARN[0m [2mcua_driver_sdk::runtime[0m[2m:[0m could not activate the persistent AT-SPI listener: AT-SPI connect failed: ZBus Error: MethodError(OwnedErrorName("org.freedesktop.DBus.Error.NameHasNoOwner"), Some("Could not activate remote peer 'org.a11y.atspi.Registry': unit failed"), Msg { type: Error, serial: 4294967295, sender: UniqueName("org.freedesktop.DBus"), reply-serial: 9, body: Str, fds: [] })
[2m2026-10-03T07:40:51.111654Z[0m [33m WARN[0m [2mplatform_linux::overlay[0m[2m:[0m X11 overlay: root reads cannot see this window's own pixels; save-unders will be served without readback confirmation
dbus-daemon[1045163]: [session uid=1000 pid=1045163 pidfd=4] Activating service name='org.freedesktop.systemd1' requested by ':1.4' (uid=1000 pid=1045258 comm="/usr/bin/dbus-broker-launch --config-file=/usr/sha")
dbus-daemon[1045163]: [session uid=1000 pid=1045163 pidfd=4] Activated service 'org.freedesktop.systemd1' failed: Process org.freedesktop.systemd1 exited with status 1
dbus-daemon[1045163]: [session uid=1000 pid=1045163 pidfd=4] Activating service name='org.freedesktop.systemd1' requested by ':1.4' (uid=1000 pid=1045258 comm="/usr/bin/dbus-broker-launch --config-file=/usr/sha")
dbus-daemon[1045163]: [session uid=1000 pid=1045163 pidfd=4] Activated service 'org.freedesktop.systemd1' failed: Process org.freedesktop.systemd1 exited with status 1
{"trial": "m-a1-r03-modal-Wb", "outcome": "verified", "oracle_exact_match": true, "completion_mutations": 1, "routes": ["provider", "provider"], "loadavg_before": "3.25 6.58 7.13 2/2346 1059585"}
dbus-daemon[1045163]: [session uid=1000 pid=1045163 pidfd=4] Activating service name='org.freedesktop.systemd1' requested by ':1.4' (uid=1000 pid=1045258 comm="/usr/bin/dbus-broker-launch --config-file=/usr/sha")
dbus-daemon[1045163]: [session uid=1000 pid=1045163 pidfd=4] Activated service 'org.freedesktop.systemd1' failed: Process org.freedesktop.systemd1 exited with status 1
[2m2026-10-03T07:40:52.242601Z[0m [33m WARN[0m [2mcua_driver_sdk::runtime[0m[2m:[0m could not activate the persistent AT-SPI listener: AT-SPI connect failed: ZBus Error: MethodError(OwnedErrorName("org.freedesktop.DBus.Error.NameHasNoOwner"), Some("Could not activate remote peer 'org.a11y.atspi.Registry': unit failed"), Msg { type: Error, serial: 4294967295, sender: UniqueName("org.freedesktop.DBus"), reply-serial: 9, body: Str, fds: [] })
[2m2026-10-03T07:40:52.250402Z[0m [33m WARN[0m [2mplatform_linux::overlay[0m[2m:[0m X11 overlay: root reads cannot see this window's own pixels; save-unders will be served without readback confirmation
dbus-daemon[1045163]: [session uid=1000 pid=1045163 pidfd=4] Activating service name='org.freedesktop.systemd1' requested by ':1.4' (uid=1000 pid=1045258 comm="/usr/bin/dbus-broker-launch --config-file=/usr/sha")
dbus-daemon[1045163]: [session uid=1000 pid=1045163 pidfd=4] Activated service 'org.freedesktop.systemd1' failed: Process org.freedesktop.systemd1 exited with status 1
dbus-daemon[1045163]: [session uid=1000 pid=1045163 pidfd=4] Activating service name='org.freedesktop.systemd1' requested by ':1.4' (uid=1000 pid=1045258 comm="/usr/bin/dbus-broker-launch --config-file=/usr/sha")
dbus-daemon[1045163]: [session uid=1000 pid=1045163 pidfd=4] Activated service 'org.freedesktop.systemd1' failed: Process org.freedesktop.systemd1 exited with status 1
{"trial": "m-a1-r03-modal-C", "outcome": "verified", "oracle_exact_match": true, "completion_mutations": 1, "routes": ["provider", "provider"], "loadavg_before": "3.25 6.58 7.13 3/2350 1059918"}
dbus-daemon[1045163]: [session uid=1000 pid=1045163 pidfd=4] Activating service name='org.freedesktop.systemd1' requested by ':1.4' (uid=1000 pid=1045258 comm="/usr/bin/dbus-broker-launch --config-file=/usr/sha")
dbus-daemon[1045163]: [session uid=1000 pid=1045163 pidfd=4] Activated service 'org.freedesktop.systemd1' failed: Process org.freedesktop.systemd1 exited with status 1
[2m2026-10-03T07:40:53.353253Z[0m [33m WARN[0m [2mcua_driver_sdk::runtime[0m[2m:[0m could not activate the persistent AT-SPI listener: AT-SPI connect failed: ZBus Error: MethodError(OwnedErrorName("org.freedesktop.DBus.Error.NameHasNoOwner"), Some("Could not activate remote peer 'org.a11y.atspi.Registry': unit failed"), Msg { type: Error, serial: 4294967295, sender: UniqueName("org.freedesktop.DBus"), reply-serial: 9, body: Str, fds: [] })
[2m2026-10-03T07:40:53.360815Z[0m [33m WARN[0m [2mplatform_linux::overlay[0m[2m:[0m X11 overlay: root reads cannot see this window's own pixels; save-unders will be served without readback confirmation
dbus-daemon[1045163]: [session uid=1000 pid=1045163 pidfd=4] Activating service name='org.freedesktop.systemd1' requested by ':1.4' (uid=1000 pid=1045258 comm="/usr/bin/dbus-broker-launch --config-file=/usr/sha")
dbus-daemon[1045163]: [session uid=1000 pid=1045163 pidfd=4] Activated service 'org.freedesktop.systemd1' failed: Process org.freedesktop.systemd1 exited with status 1
dbus-daemon[1045163]: [session uid=1000 pid=1045163 pidfd=4] Activating service name='org.freedesktop.systemd1' requested by ':1.4' (uid=1000 pid=1045258 comm="/usr/bin/dbus-broker-launch --config-file=/usr/sha")
dbus-daemon[1045163]: [session uid=1000 pid=1045163 pidfd=4] Activated service 'org.freedesktop.systemd1' failed: Process org.freedesktop.systemd1 exited with status 1
{"trial": "m-a1-r03-modal-P", "outcome": "verified", "oracle_exact_match": true, "completion_mutations": 1, "routes": ["provider", "provider"], "loadavg_before": "3.25 6.58 7.13 2/2347 1060197"}
dbus-daemon[1045163]: [session uid=1000 pid=1045163 pidfd=4] Activating service name='org.freedesktop.systemd1' requested by ':1.4' (uid=1000 pid=1045258 comm="/usr/bin/dbus-broker-launch --config-file=/usr/sha")
dbus-daemon[1045163]: [session uid=1000 pid=1045163 pidfd=4] Activated service 'org.freedesktop.systemd1' failed: Process org.freedesktop.systemd1 exited with status 1
[2m2026-10-03T07:40:54.507961Z[0m [33m WARN[0m [2mcua_driver_sdk::runtime[0m[2m:[0m could not activate the persistent AT-SPI listener: AT-SPI connect failed: ZBus Error: MethodError(OwnedErrorName("org.freedesktop.DBus.Error.NameHasNoOwner"), Some("Could not activate remote peer 'org.a11y.atspi.Registry': unit failed"), Msg { type: Error, serial: 4294967295, sender: UniqueName("org.freedesktop.DBus"), reply-serial: 9, body: Str, fds: [] })
[2m2026-10-03T07:40:54.516042Z[0m [33m WARN[0m [2mplatform_linux::overlay[0m[2m:[0m X11 overlay: root reads cannot see this window's own pixels; save-unders will be served without readback confirmation
dbus-daemon[1045163]: [session uid=1000 pid=1045163 pidfd=4] Activating service name='org.freedesktop.systemd1' requested by ':1.4' (uid=1000 pid=1045258 comm="/usr/bin/dbus-broker-launch --config-file=/usr/sha")
dbus-daemon[1045163]: [session uid=1000 pid=1045163 pidfd=4] Activated service 'org.freedesktop.systemd1' failed: Process org.freedesktop.systemd1 exited with status 1
dbus-daemon[1045163]: [session uid=1000 pid=1045163 pidfd=4] Activating service name='org.freedesktop.systemd1' requested by ':1.4' (uid=1000 pid=1045258 comm="/usr/bin/dbus-broker-launch --config-file=/usr/sha")
dbus-daemon[1045163]: [session uid=1000 pid=1045163 pidfd=4] Activated service 'org.freedesktop.systemd1' failed: Process org.freedesktop.systemd1 exited with status 1
{"trial": "m-a1-r03-toggle-C", "outcome": "verified", "oracle_exact_match": true, "completion_mutations": 1, "routes": ["provider", "provider"], "loadavg_before": "3.25 6.58 7.13 2/2347 1060475"}
dbus-daemon[1045163]: [session uid=1000 pid=1045163 pidfd=4] Activating service name='org.freedesktop.systemd1' requested by ':1.4' (uid=1000 pid=1045258 comm="/usr/bin/dbus-broker-launch --config-file=/usr/sha")
dbus-daemon[1045163]: [session uid=1000 pid=1045163 pidfd=4] Activated service 'org.freedesktop.systemd1' failed: Process org.freedesktop.systemd1 exited with status 1
[2m2026-10-03T07:40:55.635881Z[0m [33m WARN[0m [2mcua_driver_sdk::runtime[0m[2m:[0m could not activate the persistent AT-SPI listener: AT-SPI connect failed: ZBus Error: MethodError(OwnedErrorName("org.freedesktop.DBus.Error.NameHasNoOwner"), Some("Could not activate remote peer 'org.a11y.atspi.Registry': unit failed"), Msg { type: Error, serial: 4294967295, sender: UniqueName("org.freedesktop.DBus"), reply-serial: 9, body: Str, fds: [] })
[2m2026-10-03T07:40:55.643343Z[0m [33m WARN[0m [2mplatform_linux::overlay[0m[2m:[0m X11 overlay: root reads cannot see this window's own pixels; save-unders will be served without readback confirmation
dbus-daemon[1045163]: [session uid=1000 pid=1045163 pidfd=4] Activating service name='org.freedesktop.systemd1' requested by ':1.4' (uid=1000 pid=1045258 comm="/usr/bin/dbus-broker-launch --config-file=/usr/sha")
dbus-daemon[1045163]: [session uid=1000 pid=1045163 pidfd=4] Activated service 'org.freedesktop.systemd1' failed: Process org.freedesktop.systemd1 exited with status 1
dbus-daemon[1045163]: [session uid=1000 pid=1045163 pidfd=4] Activating service name='org.freedesktop.systemd1' requested by ':1.4' (uid=1000 pid=1045258 comm="/usr/bin/dbus-broker-launch --config-file=/usr/sha")
dbus-daemon[1045163]: [session uid=1000 pid=1045163 pidfd=4] Activated service 'org.freedesktop.systemd1' failed: Process org.freedesktop.systemd1 exited with status 1
{"trial": "m-a1-r03-toggle-Wa", "outcome": "verified", "oracle_exact_match": true, "completion_mutations": 1, "routes": ["provider", "provider"], "loadavg_before": "3.15 6.50 7.10 4/2347 1060772"}
dbus-daemon[1045163]: [session uid=1000 pid=1045163 pidfd=4] Activating service name='org.freedesktop.systemd1' requested by ':1.4' (uid=1000 pid=1045258 comm="/usr/bin/dbus-broker-launch --config-file=/usr/sha")
dbus-daemon[1045163]: [session uid=1000 pid=1045163 pidfd=4] Activated service 'org.freedesktop.systemd1' failed: Process org.freedesktop.systemd1 exited with status 1
[2m2026-10-03T07:40:57.342147Z[0m [33m WARN[0m [2mcua_driver_sdk::runtime[0m[2m:[0m could not activate the persistent AT-SPI listener: AT-SPI connect failed: ZBus Error: MethodError(OwnedErrorName("org.freedesktop.DBus.Error.NameHasNoOwner"), Some("Could not activate remote peer 'org.a11y.atspi.Registry': unit failed"), Msg { type: Error, serial: 4294967295, sender: UniqueName("org.freedesktop.DBus"), reply-serial: 9, body: Str, fds: [] })
[2m2026-10-03T07:40:57.351064Z[0m [33m WARN[0m [2mplatform_linux::overlay[0m[2m:[0m X11 overlay: root reads cannot see this window's own pixels; save-unders will be served without readback confirmation
dbus-daemon[1045163]: [session uid=1000 pid=1045163 pidfd=4] Activating service name='org.freedesktop.systemd1' requested by ':1.4' (uid=1000 pid=1045258 comm="/usr/bin/dbus-broker-launch --config-file=/usr/sha")
dbus-daemon[1045163]: [session uid=1000 pid=1045163 pidfd=4] Activated service 'org.freedesktop.systemd1' failed: Process org.freedesktop.systemd1 exited with status 1
dbus-daemon[1045163]: [session uid=1000 pid=1045163 pidfd=4] Activating service name='org.freedesktop.systemd1' requested by ':1.4' (uid=1000 pid=1045258 comm="/usr/bin/dbus-broker-launch --config-file=/usr/sha")
dbus-daemon[1045163]: [session uid=1000 pid=1045163 pidfd=4] Activated service 'org.freedesktop.systemd1' failed: Process org.freedesktop.systemd1 exited with status 1
{"trial": "m-a1-r03-toggle-P", "outcome": "verified", "oracle_exact_match": true, "completion_mutations": 1, "routes": ["provider", "provider"], "loadavg_before": "3.15 6.50 7.10 3/2357 1061248"}
dbus-daemon[1045163]: [session uid=1000 pid=1045163 pidfd=4] Activating service name='org.freedesktop.systemd1' requested by ':1.4' (uid=1000 pid=1045258 comm="/usr/bin/dbus-broker-launch --config-file=/usr/sha")
dbus-daemon[1045163]: [session uid=1000 pid=1045163 pidfd=4] Activated service 'org.freedesktop.systemd1' failed: Process org.freedesktop.systemd1 exited with status 1
[2m2026-10-03T07:40:58.488130Z[0m [33m WARN[0m [2mcua_driver_sdk::runtime[0m[2m:[0m could not activate the persistent AT-SPI listener: AT-SPI connect failed: ZBus Error: MethodError(OwnedErrorName("org.freedesktop.DBus.Error.NameHasNoOwner"), Some("Could not activate remote peer 'org.a11y.atspi.Registry': unit failed"), Msg { type: Error, serial: 4294967295, sender: UniqueName("org.freedesktop.DBus"), reply-serial: 9, body: Str, fds: [] })
[2m2026-10-03T07:40:58.495463Z[0m [33m WARN[0m [2mplatform_linux::overlay[0m[2m:[0m X11 overlay: root reads cannot see this window's own pixels; save-unders will be served without readback confirmation
dbus-daemon[1045163]: [session uid=1000 pid=1045163 pidfd=4] Activating service name='org.freedesktop.systemd1' requested by ':1.4' (uid=1000 pid=1045258 comm="/usr/bin/dbus-broker-launch --config-file=/usr/sha")
dbus-daemon[1045163]: [session uid=1000 pid=1045163 pidfd=4] Activated service 'org.freedesktop.systemd1' failed: Process org.freedesktop.systemd1 exited with status 1
dbus-daemon[1045163]: [session uid=1000 pid=1045163 pidfd=4] Activating service name='org.freedesktop.systemd1' requested by ':1.4' (uid=1000 pid=1045258 comm="/usr/bin/dbus-broker-launch --config-file=/usr/sha")
dbus-daemon[1045163]: [session uid=1000 pid=1045163 pidfd=4] Activated service 'org.freedesktop.systemd1' failed: Process org.freedesktop.systemd1 exited with status 1
{"trial": "m-a1-r03-toggle-Wb", "outcome": "verified", "oracle_exact_match": true, "completion_mutations": 1, "routes": ["provider", "provider"], "loadavg_before": "3.15 6.50 7.10 2/2361 1061535"}
dbus-daemon[1045163]: [session uid=1000 pid=1045163 pidfd=4] Activating service name='org.freedesktop.systemd1' requested by ':1.4' (uid=1000 pid=1045258 comm="/usr/bin/dbus-broker-launch --config-file=/usr/sha")
dbus-daemon[1045163]: [session uid=1000 pid=1045163 pidfd=4] Activated service 'org.freedesktop.systemd1' failed: Process org.freedesktop.systemd1 exited with status 1
[2m2026-10-03T07:40:59.655842Z[0m [33m WARN[0m [2mcua_driver_sdk::runtime[0m[2m:[0m could not activate the persistent AT-SPI listener: AT-SPI connect failed: ZBus Error: MethodError(OwnedErrorName("org.freedesktop.DBus.Error.NameHasNoOwner"), Some("Could not activate remote peer 'org.a11y.atspi.Registry': unit failed"), Msg { type: Error, serial: 4294967295, sender: UniqueName("org.freedesktop.DBus"), reply-serial: 9, body: Str, fds: [] })
[2m2026-10-03T07:40:59.664526Z[0m [33m WARN[0m [2mplatform_linux::overlay[0m[2m:[0m X11 overlay: root reads cannot see this window's own pixels; save-unders will be served without readback confirmation
dbus-daemon[1045163]: [session uid=1000 pid=1045163 pidfd=4] Activating service name='org.freedesktop.systemd1' requested by ':1.4' (uid=1000 pid=1045258 comm="/usr/bin/dbus-broker-launch --config-file=/usr/sha")
dbus-daemon[1045163]: [session uid=1000 pid=1045163 pidfd=4] Activated service 'org.freedesktop.systemd1' failed: Process org.freedesktop.systemd1 exited with status 1
dbus-daemon[1045163]: [session uid=1000 pid=1045163 pidfd=4] Activating service name='org.freedesktop.systemd1' requested by ':1.4' (uid=1000 pid=1045258 comm="/usr/bin/dbus-broker-launch --config-file=/usr/sha")
dbus-daemon[1045163]: [session uid=1000 pid=1045163 pidfd=4] Activated service 'org.freedesktop.systemd1' failed: Process org.freedesktop.systemd1 exited with status 1
{"trial": "m-a1-r03-fill-P", "outcome": "verified", "oracle_exact_match": true, "completion_mutations": 1, "routes": ["compiled"], "loadavg_before": "3.15 6.50 7.10 2/2375 1061925"}
dbus-daemon[1045163]: [session uid=1000 pid=1045163 pidfd=4] Activating service name='org.freedesktop.systemd1' requested by ':1.4' (uid=1000 pid=1045258 comm="/usr/bin/dbus-broker-launch --config-file=/usr/sha")
dbus-daemon[1045163]: [session uid=1000 pid=1045163 pidfd=4] Activated service 'org.freedesktop.systemd1' failed: Process org.freedesktop.systemd1 exited with status 1
[2m2026-10-03T07:41:01.153745Z[0m [33m WARN[0m [2mcua_driver_sdk::runtime[0m[2m:[0m could not activate the persistent AT-SPI listener: AT-SPI connect failed: ZBus Error: MethodError(OwnedErrorName("org.freedesktop.DBus.Error.NameHasNoOwner"), Some("Could not activate remote peer 'org.a11y.atspi.Registry': unit failed"), Msg { type: Error, serial: 4294967295, sender: UniqueName("org.freedesktop.DBus"), reply-serial: 9, body: Str, fds: [] })
[2m2026-10-03T07:41:01.161859Z[0m [33m WARN[0m [2mplatform_linux::overlay[0m[2m:[0m X11 overlay: root reads cannot see this window's own pixels; save-unders will be served without readback confirmation
dbus-daemon[1045163]: [session uid=1000 pid=1045163 pidfd=4] Activating service name='org.freedesktop.systemd1' requested by ':1.4' (uid=1000 pid=1045258 comm="/usr/bin/dbus-broker-launch --config-file=/usr/sha")
dbus-daemon[1045163]: [session uid=1000 pid=1045163 pidfd=4] Activated service 'org.freedesktop.systemd1' failed: Process org.freedesktop.systemd1 exited with status 1
dbus-daemon[1045163]: [session uid=1000 pid=1045163 pidfd=4] Activating service name='org.freedesktop.systemd1' requested by ':1.4' (uid=1000 pid=1045258 comm="/usr/bin/dbus-broker-launch --config-file=/usr/sha")
dbus-daemon[1045163]: [session uid=1000 pid=1045163 pidfd=4] Activated service 'org.freedesktop.systemd1' failed: Process org.freedesktop.systemd1 exited with status 1
{"trial": "m-a1-r03-fill-C", "outcome": "verified", "oracle_exact_match": true, "completion_mutations": 1, "routes": ["compiled"], "loadavg_before": "3.06 6.42 7.07 1/2341 1062200"}
dbus-daemon[1045163]: [session uid=1000 pid=1045163 pidfd=4] Activating service name='org.freedesktop.systemd1' requested by ':1.4' (uid=1000 pid=1045258 comm="/usr/bin/dbus-broker-launch --config-file=/usr/sha")
dbus-daemon[1045163]: [session uid=1000 pid=1045163 pidfd=4] Activated service 'org.freedesktop.systemd1' failed: Process org.freedesktop.systemd1 exited with status 1
[2m2026-10-03T07:41:02.654477Z[0m [33m WARN[0m [2mcua_driver_sdk::runtime[0m[2m:[0m could not activate the persistent AT-SPI listener: AT-SPI connect failed: ZBus Error: MethodError(OwnedErrorName("org.freedesktop.DBus.Error.NameHasNoOwner"), Some("Could not activate remote peer 'org.a11y.atspi.Registry': unit failed"), Msg { type: Error, serial: 4294967295, sender: UniqueName("org.freedesktop.DBus"), reply-serial: 9, body: Str, fds: [] })
[2m2026-10-03T07:41:02.663617Z[0m [33m WARN[0m [2mplatform_linux::overlay[0m[2m:[0m X11 overlay: root reads cannot see this window's own pixels; save-unders will be served without readback confirmation
dbus-daemon[1045163]: [session uid=1000 pid=1045163 pidfd=4] Activating service name='org.freedesktop.systemd1' requested by ':1.4' (uid=1000 pid=1045258 comm="/usr/bin/dbus-broker-launch --config-file=/usr/sha")
dbus-daemon[1045163]: [session uid=1000 pid=1045163 pidfd=4] Activated service 'org.freedesktop.systemd1' failed: Process org.freedesktop.systemd1 exited with status 1
dbus-daemon[1045163]: [session uid=1000 pid=1045163 pidfd=4] Activating service name='org.freedesktop.systemd1' requested by ':1.4' (uid=1000 pid=1045258 comm="/usr/bin/dbus-broker-launch --config-file=/usr/sha")
dbus-daemon[1045163]: [session uid=1000 pid=1045163 pidfd=4] Activated service 'org.freedesktop.systemd1' failed: Process org.freedesktop.systemd1 exited with status 1
{"trial": "m-a1-r03-fill-Wb", "outcome": "verified", "oracle_exact_match": true, "completion_mutations": 1, "routes": ["compiled"], "loadavg_before": "3.06 6.42 7.07 2/2340 1062530"}
dbus-daemon[1045163]: [session uid=1000 pid=1045163 pidfd=4] Activating service name='org.freedesktop.systemd1' requested by ':1.4' (uid=1000 pid=1045258 comm="/usr/bin/dbus-broker-launch --config-file=/usr/sha")
dbus-daemon[1045163]: [session uid=1000 pid=1045163 pidfd=4] Activated service 'org.freedesktop.systemd1' failed: Process org.freedesktop.systemd1 exited with status 1
[2m2026-10-03T07:41:04.155513Z[0m [33m WARN[0m [2mcua_driver_sdk::runtime[0m[2m:[0m could not activate the persistent AT-SPI listener: AT-SPI connect failed: ZBus Error: MethodError(OwnedErrorName("org.freedesktop.DBus.Error.NameHasNoOwner"), Some("Could not activate remote peer 'org.a11y.atspi.Registry': unit failed"), Msg { type: Error, serial: 4294967295, sender: UniqueName("org.freedesktop.DBus"), reply-serial: 9, body: Str, fds: [] })
[2m2026-10-03T07:41:04.162960Z[0m [33m WARN[0m [2mplatform_linux::overlay[0m[2m:[0m X11 overlay: root reads cannot see this window's own pixels; save-unders will be served without readback confirmation
dbus-daemon[1045163]: [session uid=1000 pid=1045163 pidfd=4] Activating service name='org.freedesktop.systemd1' requested by ':1.4' (uid=1000 pid=1045258 comm="/usr/bin/dbus-broker-launch --config-file=/usr/sha")
dbus-daemon[1045163]: [session uid=1000 pid=1045163 pidfd=4] Activated service 'org.freedesktop.systemd1' failed: Process org.freedesktop.systemd1 exited with status 1
dbus-daemon[1045163]: [session uid=1000 pid=1045163 pidfd=4] Activating service name='org.freedesktop.systemd1' requested by ':1.4' (uid=1000 pid=1045258 comm="/usr/bin/dbus-broker-launch --config-file=/usr/sha")
dbus-daemon[1045163]: [session uid=1000 pid=1045163 pidfd=4] Activated service 'org.freedesktop.systemd1' failed: Process org.freedesktop.systemd1 exited with status 1
{"trial": "m-a1-r03-fill-Wa", "outcome": "verified", "oracle_exact_match": true, "completion_mutations": 1, "routes": ["compiled"], "loadavg_before": "3.06 6.42 7.07 1/2340 1062811"}
dbus-daemon[1045163]: [session uid=1000 pid=1045163 pidfd=4] Activating service name='org.freedesktop.systemd1' requested by ':1.4' (uid=1000 pid=1045258 comm="/usr/bin/dbus-broker-launch --config-file=/usr/sha")
dbus-daemon[1045163]: [session uid=1000 pid=1045163 pidfd=4] Activated service 'org.freedesktop.systemd1' failed: Process org.freedesktop.systemd1 exited with status 1
[2m2026-10-03T07:41:05.655742Z[0m [33m WARN[0m [2mcua_driver_sdk::runtime[0m[2m:[0m could not activate the persistent AT-SPI listener: AT-SPI connect failed: ZBus Error: MethodError(OwnedErrorName("org.freedesktop.DBus.Error.NameHasNoOwner"), Some("Could not activate remote peer 'org.a11y.atspi.Registry': unit failed"), Msg { type: Error, serial: 4294967295, sender: UniqueName("org.freedesktop.DBus"), reply-serial: 9, body: Str, fds: [] })
[2m2026-10-03T07:41:05.663485Z[0m [33m WARN[0m [2mplatform_linux::overlay[0m[2m:[0m X11 overlay: root reads cannot see this window's own pixels; save-unders will be served without readback confirmation
dbus-daemon[1045163]: [session uid=1000 pid=1045163 pidfd=4] Activating service name='org.freedesktop.systemd1' requested by ':1.4' (uid=1000 pid=1045258 comm="/usr/bin/dbus-broker-launch --config-file=/usr/sha")
dbus-daemon[1045163]: [session uid=1000 pid=1045163 pidfd=4] Activated service 'org.freedesktop.systemd1' failed: Process org.freedesktop.systemd1 exited with status 1
dbus-daemon[1045163]: [session uid=1000 pid=1045163 pidfd=4] Activating service name='org.freedesktop.systemd1' requested by ':1.4' (uid=1000 pid=1045258 comm="/usr/bin/dbus-broker-launch --config-file=/usr/sha")
dbus-daemon[1045163]: [session uid=1000 pid=1045163 pidfd=4] Activated service 'org.freedesktop.systemd1' failed: Process org.freedesktop.systemd1 exited with status 1
{"trial": "m-a1-r03-fill-SMOKE", "outcome": "verified", "oracle_exact_match": true, "completion_mutations": 1, "routes": ["provider", "provider"], "loadavg_before": "3.85 6.53 7.10 2/2338 1063147"}
dbus-daemon[1045163]: [session uid=1000 pid=1045163 pidfd=4] Activating service name='org.freedesktop.systemd1' requested by ':1.4' (uid=1000 pid=1045258 comm="/usr/bin/dbus-broker-launch --config-file=/usr/sha")
dbus-daemon[1045163]: [session uid=1000 pid=1045163 pidfd=4] Activated service 'org.freedesktop.systemd1' failed: Process org.freedesktop.systemd1 exited with status 1
[2m2026-10-03T07:41:10.157280Z[0m [33m WARN[0m [2mcua_driver_sdk::runtime[0m[2m:[0m could not activate the persistent AT-SPI listener: AT-SPI connect failed: ZBus Error: MethodError(OwnedErrorName("org.freedesktop.DBus.Error.NameHasNoOwner"), Some("Could not activate remote peer 'org.a11y.atspi.Registry': unit failed"), Msg { type: Error, serial: 4294967295, sender: UniqueName("org.freedesktop.DBus"), reply-serial: 9, body: Str, fds: [] })
[2m2026-10-03T07:41:10.165118Z[0m [33m WARN[0m [2mplatform_linux::overlay[0m[2m:[0m X11 overlay: root reads cannot see this window's own pixels; save-unders will be served without readback confirmation
dbus-daemon[1045163]: [session uid=1000 pid=1045163 pidfd=4] Activating service name='org.freedesktop.systemd1' requested by ':1.4' (uid=1000 pid=1045258 comm="/usr/bin/dbus-broker-launch --config-file=/usr/sha")
dbus-daemon[1045163]: [session uid=1000 pid=1045163 pidfd=4] Activated service 'org.freedesktop.systemd1' failed: Process org.freedesktop.systemd1 exited with status 1
dbus-daemon[1045163]: [session uid=1000 pid=1045163 pidfd=4] Activating service name='org.freedesktop.systemd1' requested by ':1.4' (uid=1000 pid=1045258 comm="/usr/bin/dbus-broker-launch --config-file=/usr/sha")
dbus-daemon[1045163]: [session uid=1000 pid=1045163 pidfd=4] Activated service 'org.freedesktop.systemd1' failed: Process org.freedesktop.systemd1 exited with status 1
{"trial": "m-a1-r03-toggle-SMOKE", "outcome": "verified", "oracle_exact_match": true, "completion_mutations": 1, "routes": ["provider", "provider"], "loadavg_before": "3.71 6.46 7.07 1/2370 1063706"}
dbus-daemon[1045163]: [session uid=1000 pid=1045163 pidfd=4] Activating service name='org.freedesktop.systemd1' requested by ':1.4' (uid=1000 pid=1045258 comm="/usr/bin/dbus-broker-launch --config-file=/usr/sha")
dbus-daemon[1045163]: [session uid=1000 pid=1045163 pidfd=4] Activated service 'org.freedesktop.systemd1' failed: Process org.freedesktop.systemd1 exited with status 1
[2m2026-10-03T07:41:14.134912Z[0m [33m WARN[0m [2mcua_driver_sdk::runtime[0m[2m:[0m could not activate the persistent AT-SPI listener: AT-SPI connect failed: ZBus Error: MethodError(OwnedErrorName("org.freedesktop.DBus.Error.NameHasNoOwner"), Some("Could not activate remote peer 'org.a11y.atspi.Registry': unit failed"), Msg { type: Error, serial: 4294967295, sender: UniqueName("org.freedesktop.DBus"), reply-serial: 9, body: Str, fds: [] })
[2m2026-10-03T07:41:14.142528Z[0m [33m WARN[0m [2mplatform_linux::overlay[0m[2m:[0m X11 overlay: root reads cannot see this window's own pixels; save-unders will be served without readback confirmation
dbus-daemon[1045163]: [session uid=1000 pid=1045163 pidfd=4] Activating service name='org.freedesktop.systemd1' requested by ':1.4' (uid=1000 pid=1045258 comm="/usr/bin/dbus-broker-launch --config-file=/usr/sha")
dbus-daemon[1045163]: [session uid=1000 pid=1045163 pidfd=4] Activated service 'org.freedesktop.systemd1' failed: Process org.freedesktop.systemd1 exited with status 1
dbus-daemon[1045163]: [session uid=1000 pid=1045163 pidfd=4] Activating service name='org.freedesktop.systemd1' requested by ':1.4' (uid=1000 pid=1045258 comm="/usr/bin/dbus-broker-launch --config-file=/usr/sha")
dbus-daemon[1045163]: [session uid=1000 pid=1045163 pidfd=4] Activated service 'org.freedesktop.systemd1' failed: Process org.freedesktop.systemd1 exited with status 1
{"trial": "m-a1-r03-modal-SMOKE", "outcome": "verified", "oracle_exact_match": true, "completion_mutations": 1, "routes": ["provider", "provider"], "loadavg_before": "3.71 6.46 7.07 1/2378 1064033"}
dbus-daemon[1045163]: [session uid=1000 pid=1045163 pidfd=4] Activating service name='org.freedesktop.systemd1' requested by ':1.4' (uid=1000 pid=1045258 comm="/usr/bin/dbus-broker-launch --config-file=/usr/sha")
dbus-daemon[1045163]: [session uid=1000 pid=1045163 pidfd=4] Activated service 'org.freedesktop.systemd1' failed: Process org.freedesktop.systemd1 exited with status 1
[2m2026-10-03T07:41:18.068887Z[0m [33m WARN[0m [2mcua_driver_sdk::runtime[0m[2m:[0m could not activate the persistent AT-SPI listener: AT-SPI connect failed: ZBus Error: MethodError(OwnedErrorName("org.freedesktop.DBus.Error.NameHasNoOwner"), Some("Could not activate remote peer 'org.a11y.atspi.Registry': unit failed"), Msg { type: Error, serial: 4294967295, sender: UniqueName("org.freedesktop.DBus"), reply-serial: 9, body: Str, fds: [] })
[2m2026-10-03T07:41:18.076405Z[0m [33m WARN[0m [2mplatform_linux::overlay[0m[2m:[0m X11 overlay: root reads cannot see this window's own pixels; save-unders will be served without readback confirmation
dbus-daemon[1045163]: [session uid=1000 pid=1045163 pidfd=4] Activating service name='org.freedesktop.systemd1' requested by ':1.4' (uid=1000 pid=1045258 comm="/usr/bin/dbus-broker-launch --config-file=/usr/sha")
dbus-daemon[1045163]: [session uid=1000 pid=1045163 pidfd=4] Activated service 'org.freedesktop.systemd1' failed: Process org.freedesktop.systemd1 exited with status 1
dbus-daemon[1045163]: [session uid=1000 pid=1045163 pidfd=4] Activating service name='org.freedesktop.systemd1' requested by ':1.4' (uid=1000 pid=1045258 comm="/usr/bin/dbus-broker-launch --config-file=/usr/sha")
dbus-daemon[1045163]: [session uid=1000 pid=1045163 pidfd=4] Activated service 'org.freedesktop.systemd1' failed: Process org.freedesktop.systemd1 exited with status 1
{"trial": "m-a1-r04-fill-C", "outcome": "verified", "oracle_exact_match": true, "completion_mutations": 1, "routes": ["compiled"], "loadavg_before": "3.89 6.45 7.07 2/2382 1064493"}
dbus-daemon[1045163]: [session uid=1000 pid=1045163 pidfd=4] Activating service name='org.freedesktop.systemd1' requested by ':1.4' (uid=1000 pid=1045258 comm="/usr/bin/dbus-broker-launch --config-file=/usr/sha")
dbus-daemon[1045163]: [session uid=1000 pid=1045163 pidfd=4] Activated service 'org.freedesktop.systemd1' failed: Process org.freedesktop.systemd1 exited with status 1
[2m2026-10-03T07:41:19.569592Z[0m [33m WARN[0m [2mcua_driver_sdk::runtime[0m[2m:[0m could not activate the persistent AT-SPI listener: AT-SPI connect failed: ZBus Error: MethodError(OwnedErrorName("org.freedesktop.DBus.Error.NameHasNoOwner"), Some("Could not activate remote peer 'org.a11y.atspi.Registry': unit failed"), Msg { type: Error, serial: 4294967295, sender: UniqueName("org.freedesktop.DBus"), reply-serial: 9, body: Str, fds: [] })
[2m2026-10-03T07:41:19.576966Z[0m [33m WARN[0m [2mplatform_linux::overlay[0m[2m:[0m X11 overlay: root reads cannot see this window's own pixels; save-unders will be served without readback confirmation
dbus-daemon[1045163]: [session uid=1000 pid=1045163 pidfd=4] Activating service name='org.freedesktop.systemd1' requested by ':1.4' (uid=1000 pid=1045258 comm="/usr/bin/dbus-broker-launch --config-file=/usr/sha")
dbus-daemon[1045163]: [session uid=1000 pid=1045163 pidfd=4] Activated service 'org.freedesktop.systemd1' failed: Process org.freedesktop.systemd1 exited with status 1
dbus-daemon[1045163]: [session uid=1000 pid=1045163 pidfd=4] Activating service name='org.freedesktop.systemd1' requested by ':1.4' (uid=1000 pid=1045258 comm="/usr/bin/dbus-broker-launch --config-file=/usr/sha")
dbus-daemon[1045163]: [session uid=1000 pid=1045163 pidfd=4] Activated service 'org.freedesktop.systemd1' failed: Process org.freedesktop.systemd1 exited with status 1
{"trial": "m-a1-r04-fill-Wa", "outcome": "verified", "oracle_exact_match": true, "completion_mutations": 1, "routes": ["compiled"], "loadavg_before": "3.89 6.45 7.07 2/2361 1064758"}
dbus-daemon[1045163]: [session uid=1000 pid=1045163 pidfd=4] Activating service name='org.freedesktop.systemd1' requested by ':1.4' (uid=1000 pid=1045258 comm="/usr/bin/dbus-broker-launch --config-file=/usr/sha")
dbus-daemon[1045163]: [session uid=1000 pid=1045163 pidfd=4] Activated service 'org.freedesktop.systemd1' failed: Process org.freedesktop.systemd1 exited with status 1
[2m2026-10-03T07:41:21.070538Z[0m [33m WARN[0m [2mcua_driver_sdk::runtime[0m[2m:[0m could not activate the persistent AT-SPI listener: AT-SPI connect failed: ZBus Error: MethodError(OwnedErrorName("org.freedesktop.DBus.Error.NameHasNoOwner"), Some("Could not activate remote peer 'org.a11y.atspi.Registry': unit failed"), Msg { type: Error, serial: 4294967295, sender: UniqueName("org.freedesktop.DBus"), reply-serial: 9, body: Str, fds: [] })
[2m2026-10-03T07:41:21.077967Z[0m [33m WARN[0m [2mplatform_linux::overlay[0m[2m:[0m X11 overlay: root reads cannot see this window's own pixels; save-unders will be served without readback confirmation
dbus-daemon[1045163]: [session uid=1000 pid=1045163 pidfd=4] Activating service name='org.freedesktop.systemd1' requested by ':1.4' (uid=1000 pid=1045258 comm="/usr/bin/dbus-broker-launch --config-file=/usr/sha")
dbus-daemon[1045163]: [session uid=1000 pid=1045163 pidfd=4] Activated service 'org.freedesktop.systemd1' failed: Process org.freedesktop.systemd1 exited with status 1
dbus-daemon[1045163]: [session uid=1000 pid=1045163 pidfd=4] Activating service name='org.freedesktop.systemd1' requested by ':1.4' (uid=1000 pid=1045258 comm="/usr/bin/dbus-broker-launch --config-file=/usr/sha")
dbus-daemon[1045163]: [session uid=1000 pid=1045163 pidfd=4] Activated service 'org.freedesktop.systemd1' failed: Process org.freedesktop.systemd1 exited with status 1
{"trial": "m-a1-r04-fill-P", "outcome": "verified", "oracle_exact_match": true, "completion_mutations": 1, "routes": ["compiled"], "loadavg_before": "4.06 6.44 7.06 1/2347 1065037"}
dbus-daemon[1045163]: [session uid=1000 pid=1045163 pidfd=4] Activating service name='org.freedesktop.systemd1' requested by ':1.4' (uid=1000 pid=1045258 comm="/usr/bin/dbus-broker-launch --config-file=/usr/sha")
dbus-daemon[1045163]: [session uid=1000 pid=1045163 pidfd=4] Activated service 'org.freedesktop.systemd1' failed: Process org.freedesktop.systemd1 exited with status 1
[2m2026-10-03T07:41:22.570830Z[0m [33m WARN[0m [2mcua_driver_sdk::runtime[0m[2m:[0m could not activate the persistent AT-SPI listener: AT-SPI connect failed: ZBus Error: MethodError(OwnedErrorName("org.freedesktop.DBus.Error.NameHasNoOwner"), Some("Could not activate remote peer 'org.a11y.atspi.Registry': unit failed"), Msg { type: Error, serial: 4294967295, sender: UniqueName("org.freedesktop.DBus"), reply-serial: 9, body: Str, fds: [] })
[2m2026-10-03T07:41:22.578541Z[0m [33m WARN[0m [2mplatform_linux::overlay[0m[2m:[0m X11 overlay: root reads cannot see this window's own pixels; save-unders will be served without readback confirmation
dbus-daemon[1045163]: [session uid=1000 pid=1045163 pidfd=4] Activating service name='org.freedesktop.systemd1' requested by ':1.4' (uid=1000 pid=1045258 comm="/usr/bin/dbus-broker-launch --config-file=/usr/sha")
dbus-daemon[1045163]: [session uid=1000 pid=1045163 pidfd=4] Activated service 'org.freedesktop.systemd1' failed: Process org.freedesktop.systemd1 exited with status 1
dbus-daemon[1045163]: [session uid=1000 pid=1045163 pidfd=4] Activating service name='org.freedesktop.systemd1' requested by ':1.4' (uid=1000 pid=1045258 comm="/usr/bin/dbus-broker-launch --config-file=/usr/sha")
dbus-daemon[1045163]: [session uid=1000 pid=1045163 pidfd=4] Activated service 'org.freedesktop.systemd1' failed: Process org.freedesktop.systemd1 exited with status 1
{"trial": "m-a1-r04-fill-Wb", "outcome": "verified", "oracle_exact_match": true, "completion_mutations": 1, "routes": ["compiled"], "loadavg_before": "4.06 6.44 7.06 2/2347 1065322"}
dbus-daemon[1045163]: [session uid=1000 pid=1045163 pidfd=4] Activating service name='org.freedesktop.systemd1' requested by ':1.4' (uid=1000 pid=1045258 comm="/usr/bin/dbus-broker-launch --config-file=/usr/sha")
dbus-daemon[1045163]: [session uid=1000 pid=1045163 pidfd=4] Activated service 'org.freedesktop.systemd1' failed: Process org.freedesktop.systemd1 exited with status 1
[2m2026-10-03T07:41:24.071236Z[0m [33m WARN[0m [2mcua_driver_sdk::runtime[0m[2m:[0m could not activate the persistent AT-SPI listener: AT-SPI connect failed: ZBus Error: MethodError(OwnedErrorName("org.freedesktop.DBus.Error.NameHasNoOwner"), Some("Could not activate remote peer 'org.a11y.atspi.Registry': unit failed"), Msg { type: Error, serial: 4294967295, sender: UniqueName("org.freedesktop.DBus"), reply-serial: 9, body: Str, fds: [] })
[2m2026-10-03T07:41:24.078437Z[0m [33m WARN[0m [2mplatform_linux::overlay[0m[2m:[0m X11 overlay: root reads cannot see this window's own pixels; save-unders will be served without readback confirmation
dbus-daemon[1045163]: [session uid=1000 pid=1045163 pidfd=4] Activating service name='org.freedesktop.systemd1' requested by ':1.4' (uid=1000 pid=1045258 comm="/usr/bin/dbus-broker-launch --config-file=/usr/sha")
dbus-daemon[1045163]: [session uid=1000 pid=1045163 pidfd=4] Activated service 'org.freedesktop.systemd1' failed: Process org.freedesktop.systemd1 exited with status 1
dbus-daemon[1045163]: [session uid=1000 pid=1045163 pidfd=4] Activating service name='org.freedesktop.systemd1' requested by ':1.4' (uid=1000 pid=1045258 comm="/usr/bin/dbus-broker-launch --config-file=/usr/sha")
dbus-daemon[1045163]: [session uid=1000 pid=1045163 pidfd=4] Activated service 'org.freedesktop.systemd1' failed: Process org.freedesktop.systemd1 exited with status 1
{"trial": "m-a1-r04-toggle-Wa", "outcome": "verified", "oracle_exact_match": true, "completion_mutations": 1, "routes": ["provider", "provider"], "loadavg_before": "4.06 6.44 7.06 2/2347 1065651"}
dbus-daemon[1045163]: [session uid=1000 pid=1045163 pidfd=4] Activating service name='org.freedesktop.systemd1' requested by ':1.4' (uid=1000 pid=1045258 comm="/usr/bin/dbus-broker-launch --config-file=/usr/sha")
dbus-daemon[1045163]: [session uid=1000 pid=1045163 pidfd=4] Activated service 'org.freedesktop.systemd1' failed: Process org.freedesktop.systemd1 exited with status 1
[2m2026-10-03T07:41:25.200082Z[0m [33m WARN[0m [2mcua_driver_sdk::runtime[0m[2m:[0m could not activate the persistent AT-SPI listener: AT-SPI connect failed: ZBus Error: MethodError(OwnedErrorName("org.freedesktop.DBus.Error.NameHasNoOwner"), Some("Could not activate remote peer 'org.a11y.atspi.Registry': unit failed"), Msg { type: Error, serial: 4294967295, sender: UniqueName("org.freedesktop.DBus"), reply-serial: 9, body: Str, fds: [] })
[2m2026-10-03T07:41:25.207620Z[0m [33m WARN[0m [2mplatform_linux::overlay[0m[2m:[0m X11 overlay: root reads cannot see this window's own pixels; save-unders will be served without readback confirmation
dbus-daemon[1045163]: [session uid=1000 pid=1045163 pidfd=4] Activating service name='org.freedesktop.systemd1' requested by ':1.4' (uid=1000 pid=1045258 comm="/usr/bin/dbus-broker-launch --config-file=/usr/sha")
dbus-daemon[1045163]: [session uid=1000 pid=1045163 pidfd=4] Activated service 'org.freedesktop.systemd1' failed: Process org.freedesktop.systemd1 exited with status 1
dbus-daemon[1045163]: [session uid=1000 pid=1045163 pidfd=4] Activating service name='org.freedesktop.systemd1' requested by ':1.4' (uid=1000 pid=1045258 comm="/usr/bin/dbus-broker-launch --config-file=/usr/sha")
dbus-daemon[1045163]: [session uid=1000 pid=1045163 pidfd=4] Activated service 'org.freedesktop.systemd1' failed: Process org.freedesktop.systemd1 exited with status 1
{"trial": "m-a1-r04-toggle-Wb", "outcome": "verified", "oracle_exact_match": true, "completion_mutations": 1, "routes": ["provider", "provider"], "loadavg_before": "4.14 6.42 7.05 1/2347 1065928"}
dbus-daemon[1045163]: [session uid=1000 pid=1045163 pidfd=4] Activating service name='org.freedesktop.systemd1' requested by ':1.4' (uid=1000 pid=1045258 comm="/usr/bin/dbus-broker-launch --config-file=/usr/sha")
dbus-daemon[1045163]: [session uid=1000 pid=1045163 pidfd=4] Activated service 'org.freedesktop.systemd1' failed: Process org.freedesktop.systemd1 exited with status 1
[2m2026-10-03T07:41:26.332064Z[0m [33m WARN[0m [2mcua_driver_sdk::runtime[0m[2m:[0m could not activate the persistent AT-SPI listener: AT-SPI connect failed: ZBus Error: MethodError(OwnedErrorName("org.freedesktop.DBus.Error.NameHasNoOwner"), Some("Could not activate remote peer 'org.a11y.atspi.Registry': unit failed"), Msg { type: Error, serial: 4294967295, sender: UniqueName("org.freedesktop.DBus"), reply-serial: 9, body: Str, fds: [] })
[2m2026-10-03T07:41:26.339441Z[0m [33m WARN[0m [2mplatform_linux::overlay[0m[2m:[0m X11 overlay: root reads cannot see this window's own pixels; save-unders will be served without readback confirmation
dbus-daemon[1045163]: [session uid=1000 pid=1045163 pidfd=4] Activating service name='org.freedesktop.systemd1' requested by ':1.4' (uid=1000 pid=1045258 comm="/usr/bin/dbus-broker-launch --config-file=/usr/sha")
dbus-daemon[1045163]: [session uid=1000 pid=1045163 pidfd=4] Activated service 'org.freedesktop.systemd1' failed: Process org.freedesktop.systemd1 exited with status 1
dbus-daemon[1045163]: [session uid=1000 pid=1045163 pidfd=4] Activating service name='org.freedesktop.systemd1' requested by ':1.4' (uid=1000 pid=1045258 comm="/usr/bin/dbus-broker-launch --config-file=/usr/sha")
dbus-daemon[1045163]: [session uid=1000 pid=1045163 pidfd=4] Activated service 'org.freedesktop.systemd1' failed: Process org.freedesktop.systemd1 exited with status 1
{"trial": "m-a1-r04-toggle-C", "outcome": "verified", "oracle_exact_match": true, "completion_mutations": 1, "routes": ["provider", "provider"], "loadavg_before": "4.14 6.42 7.05 2/2340 1066210"}
dbus-daemon[1045163]: [session uid=1000 pid=1045163 pidfd=4] Activating service name='org.freedesktop.systemd1' requested by ':1.4' (uid=1000 pid=1045258 comm="/usr/bin/dbus-broker-launch --config-file=/usr/sha")
dbus-daemon[1045163]: [session uid=1000 pid=1045163 pidfd=4] Activated service 'org.freedesktop.systemd1' failed: Process org.freedesktop.systemd1 exited with status 1
[2m2026-10-03T07:41:27.433239Z[0m [33m WARN[0m [2mcua_driver_sdk::runtime[0m[2m:[0m could not activate the persistent AT-SPI listener: AT-SPI connect failed: ZBus Error: MethodError(OwnedErrorName("org.freedesktop.DBus.Error.NameHasNoOwner"), Some("Could not activate remote peer 'org.a11y.atspi.Registry': unit failed"), Msg { type: Error, serial: 4294967295, sender: UniqueName("org.freedesktop.DBus"), reply-serial: 9, body: Str, fds: [] })
[2m2026-10-03T07:41:27.441242Z[0m [33m WARN[0m [2mplatform_linux::overlay[0m[2m:[0m X11 overlay: root reads cannot see this window's own pixels; save-unders will be served without readback confirmation
dbus-daemon[1045163]: [session uid=1000 pid=1045163 pidfd=4] Activating service name='org.freedesktop.systemd1' requested by ':1.4' (uid=1000 pid=1045258 comm="/usr/bin/dbus-broker-launch --config-file=/usr/sha")
dbus-daemon[1045163]: [session uid=1000 pid=1045163 pidfd=4] Activated service 'org.freedesktop.systemd1' failed: Process org.freedesktop.systemd1 exited with status 1
dbus-daemon[1045163]: [session uid=1000 pid=1045163 pidfd=4] Activating service name='org.freedesktop.systemd1' requested by ':1.4' (uid=1000 pid=1045258 comm="/usr/bin/dbus-broker-launch --config-file=/usr/sha")
dbus-daemon[1045163]: [session uid=1000 pid=1045163 pidfd=4] Activated service 'org.freedesktop.systemd1' failed: Process org.freedesktop.systemd1 exited with status 1
{"trial": "m-a1-r04-toggle-P", "outcome": "verified", "oracle_exact_match": true, "completion_mutations": 1, "routes": ["provider", "provider"], "loadavg_before": "4.14 6.42 7.05 3/2344 1066470"}
dbus-daemon[1045163]: [session uid=1000 pid=1045163 pidfd=4] Activating service name='org.freedesktop.systemd1' requested by ':1.4' (uid=1000 pid=1045258 comm="/usr/bin/dbus-broker-launch --config-file=/usr/sha")
dbus-daemon[1045163]: [session uid=1000 pid=1045163 pidfd=4] Activated service 'org.freedesktop.systemd1' failed: Process org.freedesktop.systemd1 exited with status 1
[2m2026-10-03T07:41:28.581070Z[0m [33m WARN[0m [2mcua_driver_sdk::runtime[0m[2m:[0m could not activate the persistent AT-SPI listener: AT-SPI connect failed: ZBus Error: MethodError(OwnedErrorName("org.freedesktop.DBus.Error.NameHasNoOwner"), Some("Could not activate remote peer 'org.a11y.atspi.Registry': unit failed"), Msg { type: Error, serial: 4294967295, sender: UniqueName("org.freedesktop.DBus"), reply-serial: 9, body: Str, fds: [] })
[2m2026-10-03T07:41:28.588281Z[0m [33m WARN[0m [2mplatform_linux::overlay[0m[2m:[0m X11 overlay: root reads cannot see this window's own pixels; save-unders will be served without readback confirmation
dbus-daemon[1045163]: [session uid=1000 pid=1045163 pidfd=4] Activating service name='org.freedesktop.systemd1' requested by ':1.4' (uid=1000 pid=1045258 comm="/usr/bin/dbus-broker-launch --config-file=/usr/sha")
dbus-daemon[1045163]: [session uid=1000 pid=1045163 pidfd=4] Activated service 'org.freedesktop.systemd1' failed: Process org.freedesktop.systemd1 exited with status 1
dbus-daemon[1045163]: [session uid=1000 pid=1045163 pidfd=4] Activating service name='org.freedesktop.systemd1' requested by ':1.4' (uid=1000 pid=1045258 comm="/usr/bin/dbus-broker-launch --config-file=/usr/sha")
dbus-daemon[1045163]: [session uid=1000 pid=1045163 pidfd=4] Activated service 'org.freedesktop.systemd1' failed: Process org.freedesktop.systemd1 exited with status 1
{"trial": "m-a1-r04-modal-Wb", "outcome": "verified", "oracle_exact_match": true, "completion_mutations": 1, "routes": ["provider", "provider"], "loadavg_before": "4.14 6.42 7.05 2/2341 1066741"}
dbus-daemon[1045163]: [session uid=1000 pid=1045163 pidfd=4] Activating service name='org.freedesktop.systemd1' requested by ':1.4' (uid=1000 pid=1045258 comm="/usr/bin/dbus-broker-launch --config-file=/usr/sha")
dbus-daemon[1045163]: [session uid=1000 pid=1045163 pidfd=4] Activated service 'org.freedesktop.systemd1' failed: Process org.freedesktop.systemd1 exited with status 1
[2m2026-10-03T07:41:29.719957Z[0m [33m WARN[0m [2mcua_driver_sdk::runtime[0m[2m:[0m could not activate the persistent AT-SPI listener: AT-SPI connect failed: ZBus Error: MethodError(OwnedErrorName("org.freedesktop.DBus.Error.NameHasNoOwner"), Some("Could not activate remote peer 'org.a11y.atspi.Registry': unit failed"), Msg { type: Error, serial: 4294967295, sender: UniqueName("org.freedesktop.DBus"), reply-serial: 9, body: Str, fds: [] })
[2m2026-10-03T07:41:29.727538Z[0m [33m WARN[0m [2mplatform_linux::overlay[0m[2m:[0m X11 overlay: root reads cannot see this window's own pixels; save-unders will be served without readback confirmation
dbus-daemon[1045163]: [session uid=1000 pid=1045163 pidfd=4] Activating service name='org.freedesktop.systemd1' requested by ':1.4' (uid=1000 pid=1045258 comm="/usr/bin/dbus-broker-launch --config-file=/usr/sha")
dbus-daemon[1045163]: [session uid=1000 pid=1045163 pidfd=4] Activated service 'org.freedesktop.systemd1' failed: Process org.freedesktop.systemd1 exited with status 1
dbus-daemon[1045163]: [session uid=1000 pid=1045163 pidfd=4] Activating service name='org.freedesktop.systemd1' requested by ':1.4' (uid=1000 pid=1045258 comm="/usr/bin/dbus-broker-launch --config-file=/usr/sha")
dbus-daemon[1045163]: [session uid=1000 pid=1045163 pidfd=4] Activated service 'org.freedesktop.systemd1' failed: Process org.freedesktop.systemd1 exited with status 1
{"trial": "m-a1-r04-modal-P", "outcome": "verified", "oracle_exact_match": true, "completion_mutations": 1, "routes": ["provider", "provider"], "loadavg_before": "3.88 6.33 7.02 1/2340 1067001"}
dbus-daemon[1045163]: [session uid=1000 pid=1045163 pidfd=4] Activating service name='org.freedesktop.systemd1' requested by ':1.4' (uid=1000 pid=1045258 comm="/usr/bin/dbus-broker-launch --config-file=/usr/sha")
dbus-daemon[1045163]: [session uid=1000 pid=1045163 pidfd=4] Activated service 'org.freedesktop.systemd1' failed: Process org.freedesktop.systemd1 exited with status 1
[2m2026-10-03T07:41:30.862606Z[0m [33m WARN[0m [2mcua_driver_sdk::runtime[0m[2m:[0m could not activate the persistent AT-SPI listener: AT-SPI connect failed: ZBus Error: MethodError(OwnedErrorName("org.freedesktop.DBus.Error.NameHasNoOwner"), Some("Could not activate remote peer 'org.a11y.atspi.Registry': unit failed"), Msg { type: Error, serial: 4294967295, sender: UniqueName("org.freedesktop.DBus"), reply-serial: 9, body: Str, fds: [] })
[2m2026-10-03T07:41:30.870076Z[0m [33m WARN[0m [2mplatform_linux::overlay[0m[2m:[0m X11 overlay: root reads cannot see this window's own pixels; save-unders will be served without readback confirmation
dbus-daemon[1045163]: [session uid=1000 pid=1045163 pidfd=4] Activating service name='org.freedesktop.systemd1' requested by ':1.4' (uid=1000 pid=1045258 comm="/usr/bin/dbus-broker-launch --config-file=/usr/sha")
dbus-daemon[1045163]: [session uid=1000 pid=1045163 pidfd=4] Activated service 'org.freedesktop.systemd1' failed: Process org.freedesktop.systemd1 exited with status 1
dbus-daemon[1045163]: [session uid=1000 pid=1045163 pidfd=4] Activating service name='org.freedesktop.systemd1' requested by ':1.4' (uid=1000 pid=1045258 comm="/usr/bin/dbus-broker-launch --config-file=/usr/sha")
dbus-daemon[1045163]: [session uid=1000 pid=1045163 pidfd=4] Activated service 'org.freedesktop.systemd1' failed: Process org.freedesktop.systemd1 exited with status 1
{"trial": "m-a1-r04-modal-Wa", "outcome": "verified", "oracle_exact_match": true, "completion_mutations": 1, "routes": ["provider", "provider"], "loadavg_before": "3.88 6.33 7.02 2/2340 1067279"}
dbus-daemon[1045163]: [session uid=1000 pid=1045163 pidfd=4] Activating service name='org.freedesktop.systemd1' requested by ':1.4' (uid=1000 pid=1045258 comm="/usr/bin/dbus-broker-launch --config-file=/usr/sha")
dbus-daemon[1045163]: [session uid=1000 pid=1045163 pidfd=4] Activated service 'org.freedesktop.systemd1' failed: Process org.freedesktop.systemd1 exited with status 1
[2m2026-10-03T07:41:32.007516Z[0m [33m WARN[0m [2mcua_driver_sdk::runtime[0m[2m:[0m could not activate the persistent AT-SPI listener: AT-SPI connect failed: ZBus Error: MethodError(OwnedErrorName("org.freedesktop.DBus.Error.NameHasNoOwner"), Some("Could not activate remote peer 'org.a11y.atspi.Registry': unit failed"), Msg { type: Error, serial: 4294967295, sender: UniqueName("org.freedesktop.DBus"), reply-serial: 9, body: Str, fds: [] })
[2m2026-10-03T07:41:32.016196Z[0m [33m WARN[0m [2mplatform_linux::overlay[0m[2m:[0m X11 overlay: root reads cannot see this window's own pixels; save-unders will be served without readback confirmation
dbus-daemon[1045163]: [session uid=1000 pid=1045163 pidfd=4] Activating service name='org.freedesktop.systemd1' requested by ':1.4' (uid=1000 pid=1045258 comm="/usr/bin/dbus-broker-launch --config-file=/usr/sha")
dbus-daemon[1045163]: [session uid=1000 pid=1045163 pidfd=4] Activated service 'org.freedesktop.systemd1' failed: Process org.freedesktop.systemd1 exited with status 1
dbus-daemon[1045163]: [session uid=1000 pid=1045163 pidfd=4] Activating service name='org.freedesktop.systemd1' requested by ':1.4' (uid=1000 pid=1045258 comm="/usr/bin/dbus-broker-launch --config-file=/usr/sha")
dbus-daemon[1045163]: [session uid=1000 pid=1045163 pidfd=4] Activated service 'org.freedesktop.systemd1' failed: Process org.freedesktop.systemd1 exited with status 1
{"trial": "m-a1-r04-modal-C", "outcome": "verified", "oracle_exact_match": true, "completion_mutations": 1, "routes": ["provider", "provider"], "loadavg_before": "3.88 6.33 7.02 2/2344 1067669"}
dbus-daemon[1045163]: [session uid=1000 pid=1045163 pidfd=4] Activating service name='org.freedesktop.systemd1' requested by ':1.4' (uid=1000 pid=1045258 comm="/usr/bin/dbus-broker-launch --config-file=/usr/sha")
dbus-daemon[1045163]: [session uid=1000 pid=1045163 pidfd=4] Activated service 'org.freedesktop.systemd1' failed: Process org.freedesktop.systemd1 exited with status 1
[2m2026-10-03T07:41:33.131676Z[0m [33m WARN[0m [2mcua_driver_sdk::runtime[0m[2m:[0m could not activate the persistent AT-SPI listener: AT-SPI connect failed: ZBus Error: MethodError(OwnedErrorName("org.freedesktop.DBus.Error.NameHasNoOwner"), Some("Could not activate remote peer 'org.a11y.atspi.Registry': unit failed"), Msg { type: Error, serial: 4294967295, sender: UniqueName("org.freedesktop.DBus"), reply-serial: 9, body: Str, fds: [] })
[2m2026-10-03T07:41:33.140046Z[0m [33m WARN[0m [2mplatform_linux::overlay[0m[2m:[0m X11 overlay: root reads cannot see this window's own pixels; save-unders will be served without readback confirmation
dbus-daemon[1045163]: [session uid=1000 pid=1045163 pidfd=4] Activating service name='org.freedesktop.systemd1' requested by ':1.4' (uid=1000 pid=1045258 comm="/usr/bin/dbus-broker-launch --config-file=/usr/sha")
dbus-daemon[1045163]: [session uid=1000 pid=1045163 pidfd=4] Activated service 'org.freedesktop.systemd1' failed: Process org.freedesktop.systemd1 exited with status 1
dbus-daemon[1045163]: [session uid=1000 pid=1045163 pidfd=4] Activating service name='org.freedesktop.systemd1' requested by ':1.4' (uid=1000 pid=1045258 comm="/usr/bin/dbus-broker-launch --config-file=/usr/sha")
dbus-daemon[1045163]: [session uid=1000 pid=1045163 pidfd=4] Activated service 'org.freedesktop.systemd1' failed: Process org.freedesktop.systemd1 exited with status 1
{"trial": "m-a1-r04-fill-SMOKE", "outcome": "verified", "oracle_exact_match": true, "completion_mutations": 1, "routes": ["provider", "provider"], "loadavg_before": "3.88 6.33 7.02 2/2344 1067988"}
dbus-daemon[1045163]: [session uid=1000 pid=1045163 pidfd=4] Activating service name='org.freedesktop.systemd1' requested by ':1.4' (uid=1000 pid=1045258 comm="/usr/bin/dbus-broker-launch --config-file=/usr/sha")
dbus-daemon[1045163]: [session uid=1000 pid=1045163 pidfd=4] Activated service 'org.freedesktop.systemd1' failed: Process org.freedesktop.systemd1 exited with status 1
[2m2026-10-03T07:41:37.632634Z[0m [33m WARN[0m [2mcua_driver_sdk::runtime[0m[2m:[0m could not activate the persistent AT-SPI listener: AT-SPI connect failed: ZBus Error: MethodError(OwnedErrorName("org.freedesktop.DBus.Error.NameHasNoOwner"), Some("Could not activate remote peer 'org.a11y.atspi.Registry': unit failed"), Msg { type: Error, serial: 4294967295, sender: UniqueName("org.freedesktop.DBus"), reply-serial: 9, body: Str, fds: [] })
[2m2026-10-03T07:41:37.640297Z[0m [33m WARN[0m [2mplatform_linux::overlay[0m[2m:[0m X11 overlay: root reads cannot see this window's own pixels; save-unders will be served without readback confirmation
dbus-daemon[1045163]: [session uid=1000 pid=1045163 pidfd=4] Activating service name='org.freedesktop.systemd1' requested by ':1.4' (uid=1000 pid=1045258 comm="/usr/bin/dbus-broker-launch --config-file=/usr/sha")
dbus-daemon[1045163]: [session uid=1000 pid=1045163 pidfd=4] Activated service 'org.freedesktop.systemd1' failed: Process org.freedesktop.systemd1 exited with status 1
dbus-daemon[1045163]: [session uid=1000 pid=1045163 pidfd=4] Activating service name='org.freedesktop.systemd1' requested by ':1.4' (uid=1000 pid=1045258 comm="/usr/bin/dbus-broker-launch --config-file=/usr/sha")
dbus-daemon[1045163]: [session uid=1000 pid=1045163 pidfd=4] Activated service 'org.freedesktop.systemd1' failed: Process org.freedesktop.systemd1 exited with status 1
{"trial": "m-a1-r04-toggle-SMOKE", "outcome": "verified", "oracle_exact_match": true, "completion_mutations": 1, "routes": ["provider", "provider"], "loadavg_before": "3.65 6.24 6.99 3/2355 1068471"}
dbus-daemon[1045163]: [session uid=1000 pid=1045163 pidfd=4] Activating service name='org.freedesktop.systemd1' requested by ':1.4' (uid=1000 pid=1045258 comm="/usr/bin/dbus-broker-launch --config-file=/usr/sha")
dbus-daemon[1045163]: [session uid=1000 pid=1045163 pidfd=4] Activated service 'org.freedesktop.systemd1' failed: Process org.freedesktop.systemd1 exited with status 1
[2m2026-10-03T07:41:41.617500Z[0m [33m WARN[0m [2mcua_driver_sdk::runtime[0m[2m:[0m could not activate the persistent AT-SPI listener: AT-SPI connect failed: ZBus Error: MethodError(OwnedErrorName("org.freedesktop.DBus.Error.NameHasNoOwner"), Some("Could not activate remote peer 'org.a11y.atspi.Registry': unit failed"), Msg { type: Error, serial: 4294967295, sender: UniqueName("org.freedesktop.DBus"), reply-serial: 9, body: Str, fds: [] })
[2m2026-10-03T07:41:41.625715Z[0m [33m WARN[0m [2mplatform_linux::overlay[0m[2m:[0m X11 overlay: root reads cannot see this window's own pixels; save-unders will be served without readback confirmation
dbus-daemon[1045163]: [session uid=1000 pid=1045163 pidfd=4] Activating service name='org.freedesktop.systemd1' requested by ':1.4' (uid=1000 pid=1045258 comm="/usr/bin/dbus-broker-launch --config-file=/usr/sha")
dbus-daemon[1045163]: [session uid=1000 pid=1045163 pidfd=4] Activated service 'org.freedesktop.systemd1' failed: Process org.freedesktop.systemd1 exited with status 1
dbus-daemon[1045163]: [session uid=1000 pid=1045163 pidfd=4] Activating service name='org.freedesktop.systemd1' requested by ':1.4' (uid=1000 pid=1045258 comm="/usr/bin/dbus-broker-launch --config-file=/usr/sha")
dbus-daemon[1045163]: [session uid=1000 pid=1045163 pidfd=4] Activated service 'org.freedesktop.systemd1' failed: Process org.freedesktop.systemd1 exited with status 1
{"trial": "m-a1-r04-modal-SMOKE", "outcome": "verified", "oracle_exact_match": true, "completion_mutations": 1, "routes": ["provider", "provider"], "loadavg_before": "3.52 6.17 6.96 2/2389 1068884"}
dbus-daemon[1045163]: [session uid=1000 pid=1045163 pidfd=4] Activating service name='org.freedesktop.systemd1' requested by ':1.4' (uid=1000 pid=1045258 comm="/usr/bin/dbus-broker-launch --config-file=/usr/sha")
dbus-daemon[1045163]: [session uid=1000 pid=1045163 pidfd=4] Activated service 'org.freedesktop.systemd1' failed: Process org.freedesktop.systemd1 exited with status 1
[2m2026-10-03T07:41:45.586160Z[0m [33m WARN[0m [2mcua_driver_sdk::runtime[0m[2m:[0m could not activate the persistent AT-SPI listener: AT-SPI connect failed: ZBus Error: MethodError(OwnedErrorName("org.freedesktop.DBus.Error.NameHasNoOwner"), Some("Could not activate remote peer 'org.a11y.atspi.Registry': unit failed"), Msg { type: Error, serial: 4294967295, sender: UniqueName("org.freedesktop.DBus"), reply-serial: 9, body: Str, fds: [] })
[2m2026-10-03T07:41:45.593492Z[0m [33m WARN[0m [2mplatform_linux::overlay[0m[2m:[0m X11 overlay: root reads cannot see this window's own pixels; save-unders will be served without readback confirmation
dbus-daemon[1045163]: [session uid=1000 pid=1045163 pidfd=4] Activating service name='org.freedesktop.systemd1' requested by ':1.4' (uid=1000 pid=1045258 comm="/usr/bin/dbus-broker-launch --config-file=/usr/sha")
dbus-daemon[1045163]: [session uid=1000 pid=1045163 pidfd=4] Activated service 'org.freedesktop.systemd1' failed: Process org.freedesktop.systemd1 exited with status 1
dbus-daemon[1045163]: [session uid=1000 pid=1045163 pidfd=4] Activating service name='org.freedesktop.systemd1' requested by ':1.4' (uid=1000 pid=1045258 comm="/usr/bin/dbus-broker-launch --config-file=/usr/sha")
dbus-daemon[1045163]: [session uid=1000 pid=1045163 pidfd=4] Activated service 'org.freedesktop.systemd1' failed: Process org.freedesktop.systemd1 exited with status 1
{"trial": "m-a1-r05-modal-P", "outcome": "verified", "oracle_exact_match": true, "completion_mutations": 1, "routes": ["provider", "provider"], "loadavg_before": "3.40 6.10 6.93 2/2385 1069289"}
dbus-daemon[1045163]: [session uid=1000 pid=1045163 pidfd=4] Activating service name='org.freedesktop.systemd1' requested by ':1.4' (uid=1000 pid=1045258 comm="/usr/bin/dbus-broker-launch --config-file=/usr/sha")
dbus-daemon[1045163]: [session uid=1000 pid=1045163 pidfd=4] Activated service 'org.freedesktop.systemd1' failed: Process org.freedesktop.systemd1 exited with status 1
[2m2026-10-03T07:41:46.726418Z[0m [33m WARN[0m [2mcua_driver_sdk::runtime[0m[2m:[0m could not activate the persistent AT-SPI listener: AT-SPI connect failed: ZBus Error: MethodError(OwnedErrorName("org.freedesktop.DBus.Error.NameHasNoOwner"), Some("Could not activate remote peer 'org.a11y.atspi.Registry': unit failed"), Msg { type: Error, serial: 4294967295, sender: UniqueName("org.freedesktop.DBus"), reply-serial: 9, body: Str, fds: [] })
[2m2026-10-03T07:41:46.734116Z[0m [33m WARN[0m [2mplatform_linux::overlay[0m[2m:[0m X11 overlay: root reads cannot see this window's own pixels; save-unders will be served without readback confirmation
dbus-daemon[1045163]: [session uid=1000 pid=1045163 pidfd=4] Activating service name='org.freedesktop.systemd1' requested by ':1.4' (uid=1000 pid=1045258 comm="/usr/bin/dbus-broker-launch --config-file=/usr/sha")
dbus-daemon[1045163]: [session uid=1000 pid=1045163 pidfd=4] Activated service 'org.freedesktop.systemd1' failed: Process org.freedesktop.systemd1 exited with status 1
dbus-daemon[1045163]: [session uid=1000 pid=1045163 pidfd=4] Activating service name='org.freedesktop.systemd1' requested by ':1.4' (uid=1000 pid=1045258 comm="/usr/bin/dbus-broker-launch --config-file=/usr/sha")
dbus-daemon[1045163]: [session uid=1000 pid=1045163 pidfd=4] Activated service 'org.freedesktop.systemd1' failed: Process org.freedesktop.systemd1 exited with status 1
{"trial": "m-a1-r05-modal-C", "outcome": "verified", "oracle_exact_match": true, "completion_mutations": 1, "routes": ["provider", "provider"], "loadavg_before": "3.40 6.10 6.93 2/2392 1069598"}
dbus-daemon[1045163]: [session uid=1000 pid=1045163 pidfd=4] Activating service name='org.freedesktop.systemd1' requested by ':1.4' (uid=1000 pid=1045258 comm="/usr/bin/dbus-broker-launch --config-file=/usr/sha")
dbus-daemon[1045163]: [session uid=1000 pid=1045163 pidfd=4] Activated service 'org.freedesktop.systemd1' failed: Process org.freedesktop.systemd1 exited with status 1
[2m2026-10-03T07:41:47.832502Z[0m [33m WARN[0m [2mcua_driver_sdk::runtime[0m[2m:[0m could not activate the persistent AT-SPI listener: AT-SPI connect failed: ZBus Error: MethodError(OwnedErrorName("org.freedesktop.DBus.Error.NameHasNoOwner"), Some("Could not activate remote peer 'org.a11y.atspi.Registry': unit failed"), Msg { type: Error, serial: 4294967295, sender: UniqueName("org.freedesktop.DBus"), reply-serial: 9, body: Str, fds: [] })
[2m2026-10-03T07:41:47.841110Z[0m [33m WARN[0m [2mplatform_linux::overlay[0m[2m:[0m X11 overlay: root reads cannot see this window's own pixels; save-unders will be served without readback confirmation
dbus-daemon[1045163]: [session uid=1000 pid=1045163 pidfd=4] Activating service name='org.freedesktop.systemd1' requested by ':1.4' (uid=1000 pid=1045258 comm="/usr/bin/dbus-broker-launch --config-file=/usr/sha")
dbus-daemon[1045163]: [session uid=1000 pid=1045163 pidfd=4] Activated service 'org.freedesktop.systemd1' failed: Process org.freedesktop.systemd1 exited with status 1
dbus-daemon[1045163]: [session uid=1000 pid=1045163 pidfd=4] Activating service name='org.freedesktop.systemd1' requested by ':1.4' (uid=1000 pid=1045258 comm="/usr/bin/dbus-broker-launch --config-file=/usr/sha")
dbus-daemon[1045163]: [session uid=1000 pid=1045163 pidfd=4] Activated service 'org.freedesktop.systemd1' failed: Process org.freedesktop.systemd1 exited with status 1
{"trial": "m-a1-r05-modal-Wb", "outcome": "verified", "oracle_exact_match": true, "completion_mutations": 1, "routes": ["provider", "provider"], "loadavg_before": "3.40 6.10 6.93 1/2390 1069884"}
dbus-daemon[1045163]: [session uid=1000 pid=1045163 pidfd=4] Activating service name='org.freedesktop.systemd1' requested by ':1.4' (uid=1000 pid=1045258 comm="/usr/bin/dbus-broker-launch --config-file=/usr/sha")
dbus-daemon[1045163]: [session uid=1000 pid=1045163 pidfd=4] Activated service 'org.freedesktop.systemd1' failed: Process org.freedesktop.systemd1 exited with status 1
[2m2026-10-03T07:41:48.966721Z[0m [33m WARN[0m [2mcua_driver_sdk::runtime[0m[2m:[0m could not activate the persistent AT-SPI listener: AT-SPI connect failed: ZBus Error: MethodError(OwnedErrorName("org.freedesktop.DBus.Error.NameHasNoOwner"), Some("Could not activate remote peer 'org.a11y.atspi.Registry': unit failed"), Msg { type: Error, serial: 4294967295, sender: UniqueName("org.freedesktop.DBus"), reply-serial: 9, body: Str, fds: [] })
[2m2026-10-03T07:41:48.974489Z[0m [33m WARN[0m [2mplatform_linux::overlay[0m[2m:[0m X11 overlay: root reads cannot see this window's own pixels; save-unders will be served without readback confirmation
dbus-daemon[1045163]: [session uid=1000 pid=1045163 pidfd=4] Activating service name='org.freedesktop.systemd1' requested by ':1.4' (uid=1000 pid=1045258 comm="/usr/bin/dbus-broker-launch --config-file=/usr/sha")
dbus-daemon[1045163]: [session uid=1000 pid=1045163 pidfd=4] Activated service 'org.freedesktop.systemd1' failed: Process org.freedesktop.systemd1 exited with status 1
dbus-daemon[1045163]: [session uid=1000 pid=1045163 pidfd=4] Activating service name='org.freedesktop.systemd1' requested by ':1.4' (uid=1000 pid=1045258 comm="/usr/bin/dbus-broker-launch --config-file=/usr/sha")
dbus-daemon[1045163]: [session uid=1000 pid=1045163 pidfd=4] Activated service 'org.freedesktop.systemd1' failed: Process org.freedesktop.systemd1 exited with status 1
{"trial": "m-a1-r05-modal-Wa", "outcome": "verified", "oracle_exact_match": true, "completion_mutations": 1, "routes": ["provider", "provider"], "loadavg_before": "3.40 6.10 6.93 2/2383 1070200"}
dbus-daemon[1045163]: [session uid=1000 pid=1045163 pidfd=4] Activating service name='org.freedesktop.systemd1' requested by ':1.4' (uid=1000 pid=1045258 comm="/usr/bin/dbus-broker-launch --config-file=/usr/sha")
dbus-daemon[1045163]: [session uid=1000 pid=1045163 pidfd=4] Activated service 'org.freedesktop.systemd1' failed: Process org.freedesktop.systemd1 exited with status 1
[2m2026-10-03T07:41:50.097712Z[0m [33m WARN[0m [2mcua_driver_sdk::runtime[0m[2m:[0m could not activate the persistent AT-SPI listener: AT-SPI connect failed: ZBus Error: MethodError(OwnedErrorName("org.freedesktop.DBus.Error.NameHasNoOwner"), Some("Could not activate remote peer 'org.a11y.atspi.Registry': unit failed"), Msg { type: Error, serial: 4294967295, sender: UniqueName("org.freedesktop.DBus"), reply-serial: 9, body: Str, fds: [] })
[2m2026-10-03T07:41:50.105227Z[0m [33m WARN[0m [2mplatform_linux::overlay[0m[2m:[0m X11 overlay: root reads cannot see this window's own pixels; save-unders will be served without readback confirmation
dbus-daemon[1045163]: [session uid=1000 pid=1045163 pidfd=4] Activating service name='org.freedesktop.systemd1' requested by ':1.4' (uid=1000 pid=1045258 comm="/usr/bin/dbus-broker-launch --config-file=/usr/sha")
dbus-daemon[1045163]: [session uid=1000 pid=1045163 pidfd=4] Activated service 'org.freedesktop.systemd1' failed: Process org.freedesktop.systemd1 exited with status 1
dbus-daemon[1045163]: [session uid=1000 pid=1045163 pidfd=4] Activating service name='org.freedesktop.systemd1' requested by ':1.4' (uid=1000 pid=1045258 comm="/usr/bin/dbus-broker-launch --config-file=/usr/sha")
dbus-daemon[1045163]: [session uid=1000 pid=1045163 pidfd=4] Activated service 'org.freedesktop.systemd1' failed: Process org.freedesktop.systemd1 exited with status 1
{"trial": "m-a1-r05-toggle-Wb", "outcome": "verified", "oracle_exact_match": true, "completion_mutations": 1, "routes": ["provider", "provider"], "loadavg_before": "3.13 6.00 6.89 2/2369 1070465"}
dbus-daemon[1045163]: [session uid=1000 pid=1045163 pidfd=4] Activating service name='org.freedesktop.systemd1' requested by ':1.4' (uid=1000 pid=1045258 comm="/usr/bin/dbus-broker-launch --config-file=/usr/sha")
dbus-daemon[1045163]: [session uid=1000 pid=1045163 pidfd=4] Activated service 'org.freedesktop.systemd1' failed: Process org.freedesktop.systemd1 exited with status 1
[2m2026-10-03T07:41:51.251889Z[0m [33m WARN[0m [2mcua_driver_sdk::runtime[0m[2m:[0m could not activate the persistent AT-SPI listener: AT-SPI connect failed: ZBus Error: MethodError(OwnedErrorName("org.freedesktop.DBus.Error.NameHasNoOwner"), Some("Could not activate remote peer 'org.a11y.atspi.Registry': unit failed"), Msg { type: Error, serial: 4294967295, sender: UniqueName("org.freedesktop.DBus"), reply-serial: 9, body: Str, fds: [] })
[2m2026-10-03T07:41:51.259289Z[0m [33m WARN[0m [2mplatform_linux::overlay[0m[2m:[0m X11 overlay: root reads cannot see this window's own pixels; save-unders will be served without readback confirmation
dbus-daemon[1045163]: [session uid=1000 pid=1045163 pidfd=4] Activating service name='org.freedesktop.systemd1' requested by ':1.4' (uid=1000 pid=1045258 comm="/usr/bin/dbus-broker-launch --config-file=/usr/sha")
dbus-daemon[1045163]: [session uid=1000 pid=1045163 pidfd=4] Activated service 'org.freedesktop.systemd1' failed: Process org.freedesktop.systemd1 exited with status 1
dbus-daemon[1045163]: [session uid=1000 pid=1045163 pidfd=4] Activating service name='org.freedesktop.systemd1' requested by ':1.4' (uid=1000 pid=1045258 comm="/usr/bin/dbus-broker-launch --config-file=/usr/sha")
dbus-daemon[1045163]: [session uid=1000 pid=1045163 pidfd=4] Activated service 'org.freedesktop.systemd1' failed: Process org.freedesktop.systemd1 exited with status 1
{"trial": "m-a1-r05-toggle-P", "outcome": "verified", "oracle_exact_match": true, "completion_mutations": 1, "routes": ["provider", "provider"], "loadavg_before": "3.13 6.00 6.89 1/2354 1070754"}
dbus-daemon[1045163]: [session uid=1000 pid=1045163 pidfd=4] Activating service name='org.freedesktop.systemd1' requested by ':1.4' (uid=1000 pid=1045258 comm="/usr/bin/dbus-broker-launch --config-file=/usr/sha")
dbus-daemon[1045163]: [session uid=1000 pid=1045163 pidfd=4] Activated service 'org.freedesktop.systemd1' failed: Process org.freedesktop.systemd1 exited with status 1
[2m2026-10-03T07:41:52.388123Z[0m [33m WARN[0m [2mcua_driver_sdk::runtime[0m[2m:[0m could not activate the persistent AT-SPI listener: AT-SPI connect failed: ZBus Error: MethodError(OwnedErrorName("org.freedesktop.DBus.Error.NameHasNoOwner"), Some("Could not activate remote peer 'org.a11y.atspi.Registry': unit failed"), Msg { type: Error, serial: 4294967295, sender: UniqueName("org.freedesktop.DBus"), reply-serial: 9, body: Str, fds: [] })
[2m2026-10-03T07:41:52.395548Z[0m [33m WARN[0m [2mplatform_linux::overlay[0m[2m:[0m X11 overlay: root reads cannot see this window's own pixels; save-unders will be served without readback confirmation
dbus-daemon[1045163]: [session uid=1000 pid=1045163 pidfd=4] Activating service name='org.freedesktop.systemd1' requested by ':1.4' (uid=1000 pid=1045258 comm="/usr/bin/dbus-broker-launch --config-file=/usr/sha")
dbus-daemon[1045163]: [session uid=1000 pid=1045163 pidfd=4] Activated service 'org.freedesktop.systemd1' failed: Process org.freedesktop.systemd1 exited with status 1
dbus-daemon[1045163]: [session uid=1000 pid=1045163 pidfd=4] Activating service name='org.freedesktop.systemd1' requested by ':1.4' (uid=1000 pid=1045258 comm="/usr/bin/dbus-broker-launch --config-file=/usr/sha")
dbus-daemon[1045163]: [session uid=1000 pid=1045163 pidfd=4] Activated service 'org.freedesktop.systemd1' failed: Process org.freedesktop.systemd1 exited with status 1
{"trial": "m-a1-r05-toggle-Wa", "outcome": "verified", "oracle_exact_match": true, "completion_mutations": 1, "routes": ["provider", "provider"], "loadavg_before": "3.13 6.00 6.89 3/2359 1071019"}
dbus-daemon[1045163]: [session uid=1000 pid=1045163 pidfd=4] Activating service name='org.freedesktop.systemd1' requested by ':1.4' (uid=1000 pid=1045258 comm="/usr/bin/dbus-broker-launch --config-file=/usr/sha")
dbus-daemon[1045163]: [session uid=1000 pid=1045163 pidfd=4] Activated service 'org.freedesktop.systemd1' failed: Process org.freedesktop.systemd1 exited with status 1
[2m2026-10-03T07:41:53.529731Z[0m [33m WARN[0m [2mcua_driver_sdk::runtime[0m[2m:[0m could not activate the persistent AT-SPI listener: AT-SPI connect failed: ZBus Error: MethodError(OwnedErrorName("org.freedesktop.DBus.Error.NameHasNoOwner"), Some("Could not activate remote peer 'org.a11y.atspi.Registry': unit failed"), Msg { type: Error, serial: 4294967295, sender: UniqueName("org.freedesktop.DBus"), reply-serial: 9, body: Str, fds: [] })
[2m2026-10-03T07:41:53.537619Z[0m [33m WARN[0m [2mplatform_linux::overlay[0m[2m:[0m X11 overlay: root reads cannot see this window's own pixels; save-unders will be served without readback confirmation
dbus-daemon[1045163]: [session uid=1000 pid=1045163 pidfd=4] Activating service name='org.freedesktop.systemd1' requested by ':1.4' (uid=1000 pid=1045258 comm="/usr/bin/dbus-broker-launch --config-file=/usr/sha")
dbus-daemon[1045163]: [session uid=1000 pid=1045163 pidfd=4] Activated service 'org.freedesktop.systemd1' failed: Process org.freedesktop.systemd1 exited with status 1
dbus-daemon[1045163]: [session uid=1000 pid=1045163 pidfd=4] Activating service name='org.freedesktop.systemd1' requested by ':1.4' (uid=1000 pid=1045258 comm="/usr/bin/dbus-broker-launch --config-file=/usr/sha")
dbus-daemon[1045163]: [session uid=1000 pid=1045163 pidfd=4] Activated service 'org.freedesktop.systemd1' failed: Process org.freedesktop.systemd1 exited with status 1
{"trial": "m-a1-r05-toggle-C", "outcome": "verified", "oracle_exact_match": true, "completion_mutations": 1, "routes": ["provider", "provider"], "loadavg_before": "3.13 6.00 6.89 2/2359 1071319"}
dbus-daemon[1045163]: [session uid=1000 pid=1045163 pidfd=4] Activating service name='org.freedesktop.systemd1' requested by ':1.4' (uid=1000 pid=1045258 comm="/usr/bin/dbus-broker-launch --config-file=/usr/sha")
dbus-daemon[1045163]: [session uid=1000 pid=1045163 pidfd=4] Activated service 'org.freedesktop.systemd1' failed: Process org.freedesktop.systemd1 exited with status 1
[2m2026-10-03T07:41:54.629808Z[0m [33m WARN[0m [2mcua_driver_sdk::runtime[0m[2m:[0m could not activate the persistent AT-SPI listener: AT-SPI connect failed: ZBus Error: MethodError(OwnedErrorName("org.freedesktop.DBus.Error.NameHasNoOwner"), Some("Could not activate remote peer 'org.a11y.atspi.Registry': unit failed"), Msg { type: Error, serial: 4294967295, sender: UniqueName("org.freedesktop.DBus"), reply-serial: 9, body: Str, fds: [] })
[2m2026-10-03T07:41:54.637417Z[0m [33m WARN[0m [2mplatform_linux::overlay[0m[2m:[0m X11 overlay: root reads cannot see this window's own pixels; save-unders will be served without readback confirmation
dbus-daemon[1045163]: [session uid=1000 pid=1045163 pidfd=4] Activating service name='org.freedesktop.systemd1' requested by ':1.4' (uid=1000 pid=1045258 comm="/usr/bin/dbus-broker-launch --config-file=/usr/sha")
dbus-daemon[1045163]: [session uid=1000 pid=1045163 pidfd=4] Activated service 'org.freedesktop.systemd1' failed: Process org.freedesktop.systemd1 exited with status 1
dbus-daemon[1045163]: [session uid=1000 pid=1045163 pidfd=4] Activating service name='org.freedesktop.systemd1' requested by ':1.4' (uid=1000 pid=1045258 comm="/usr/bin/dbus-broker-launch --config-file=/usr/sha")
dbus-daemon[1045163]: [session uid=1000 pid=1045163 pidfd=4] Activated service 'org.freedesktop.systemd1' failed: Process org.freedesktop.systemd1 exited with status 1
{"trial": "m-a1-r05-fill-Wa", "outcome": "verified", "oracle_exact_match": true, "completion_mutations": 1, "routes": ["compiled"], "loadavg_before": "3.13 6.00 6.89 3/2359 1071580"}
dbus-daemon[1045163]: [session uid=1000 pid=1045163 pidfd=4] Activating service name='org.freedesktop.systemd1' requested by ':1.4' (uid=1000 pid=1045258 comm="/usr/bin/dbus-broker-launch --config-file=/usr/sha")
dbus-daemon[1045163]: [session uid=1000 pid=1045163 pidfd=4] Activated service 'org.freedesktop.systemd1' failed: Process org.freedesktop.systemd1 exited with status 1
[2m2026-10-03T07:41:56.130793Z[0m [33m WARN[0m [2mcua_driver_sdk::runtime[0m[2m:[0m could not activate the persistent AT-SPI listener: AT-SPI connect failed: ZBus Error: MethodError(OwnedErrorName("org.freedesktop.DBus.Error.NameHasNoOwner"), Some("Could not activate remote peer 'org.a11y.atspi.Registry': unit failed"), Msg { type: Error, serial: 4294967295, sender: UniqueName("org.freedesktop.DBus"), reply-serial: 9, body: Str, fds: [] })
[2m2026-10-03T07:41:56.139030Z[0m [33m WARN[0m [2mplatform_linux::overlay[0m[2m:[0m X11 overlay: root reads cannot see this window's own pixels; save-unders will be served without readback confirmation
dbus-daemon[1045163]: [session uid=1000 pid=1045163 pidfd=4] Activating service name='org.freedesktop.systemd1' requested by ':1.4' (uid=1000 pid=1045258 comm="/usr/bin/dbus-broker-launch --config-file=/usr/sha")
dbus-daemon[1045163]: [session uid=1000 pid=1045163 pidfd=4] Activated service 'org.freedesktop.systemd1' failed: Process org.freedesktop.systemd1 exited with status 1
dbus-daemon[1045163]: [session uid=1000 pid=1045163 pidfd=4] Activating service name='org.freedesktop.systemd1' requested by ':1.4' (uid=1000 pid=1045258 comm="/usr/bin/dbus-broker-launch --config-file=/usr/sha")
dbus-daemon[1045163]: [session uid=1000 pid=1045163 pidfd=4] Activated service 'org.freedesktop.systemd1' failed: Process org.freedesktop.systemd1 exited with status 1
{"trial": "m-a1-r05-fill-Wb", "outcome": "verified", "oracle_exact_match": true, "completion_mutations": 1, "routes": ["compiled"], "loadavg_before": "3.20 5.96 6.88 3/2356 1071971"}
dbus-daemon[1045163]: [session uid=1000 pid=1045163 pidfd=4] Activating service name='org.freedesktop.systemd1' requested by ':1.4' (uid=1000 pid=1045258 comm="/usr/bin/dbus-broker-launch --config-file=/usr/sha")
dbus-daemon[1045163]: [session uid=1000 pid=1045163 pidfd=4] Activated service 'org.freedesktop.systemd1' failed: Process org.freedesktop.systemd1 exited with status 1
[2m2026-10-03T07:41:57.631275Z[0m [33m WARN[0m [2mcua_driver_sdk::runtime[0m[2m:[0m could not activate the persistent AT-SPI listener: AT-SPI connect failed: ZBus Error: MethodError(OwnedErrorName("org.freedesktop.DBus.Error.NameHasNoOwner"), Some("Could not activate remote peer 'org.a11y.atspi.Registry': unit failed"), Msg { type: Error, serial: 4294967295, sender: UniqueName("org.freedesktop.DBus"), reply-serial: 9, body: Str, fds: [] })
[2m2026-10-03T07:41:57.639066Z[0m [33m WARN[0m [2mplatform_linux::overlay[0m[2m:[0m X11 overlay: root reads cannot see this window's own pixels; save-unders will be served without readback confirmation
dbus-daemon[1045163]: [session uid=1000 pid=1045163 pidfd=4] Activating service name='org.freedesktop.systemd1' requested by ':1.4' (uid=1000 pid=1045258 comm="/usr/bin/dbus-broker-launch --config-file=/usr/sha")
dbus-daemon[1045163]: [session uid=1000 pid=1045163 pidfd=4] Activated service 'org.freedesktop.systemd1' failed: Process org.freedesktop.systemd1 exited with status 1
dbus-daemon[1045163]: [session uid=1000 pid=1045163 pidfd=4] Activating service name='org.freedesktop.systemd1' requested by ':1.4' (uid=1000 pid=1045258 comm="/usr/bin/dbus-broker-launch --config-file=/usr/sha")
dbus-daemon[1045163]: [session uid=1000 pid=1045163 pidfd=4] Activated service 'org.freedesktop.systemd1' failed: Process org.freedesktop.systemd1 exited with status 1
{"trial": "m-a1-r05-fill-C", "outcome": "verified", "oracle_exact_match": true, "completion_mutations": 1, "routes": ["compiled"], "loadavg_before": "3.20 5.96 6.88 3/2353 1072314"}
dbus-daemon[1045163]: [session uid=1000 pid=1045163 pidfd=4] Activating service name='org.freedesktop.systemd1' requested by ':1.4' (uid=1000 pid=1045258 comm="/usr/bin/dbus-broker-launch --config-file=/usr/sha")
dbus-daemon[1045163]: [session uid=1000 pid=1045163 pidfd=4] Activated service 'org.freedesktop.systemd1' failed: Process org.freedesktop.systemd1 exited with status 1
[2m2026-10-03T07:41:59.132166Z[0m [33m WARN[0m [2mcua_driver_sdk::runtime[0m[2m:[0m could not activate the persistent AT-SPI listener: AT-SPI connect failed: ZBus Error: MethodError(OwnedErrorName("org.freedesktop.DBus.Error.NameHasNoOwner"), Some("Could not activate remote peer 'org.a11y.atspi.Registry': unit failed"), Msg { type: Error, serial: 4294967295, sender: UniqueName("org.freedesktop.DBus"), reply-serial: 9, body: Str, fds: [] })
[2m2026-10-03T07:41:59.139727Z[0m [33m WARN[0m [2mplatform_linux::overlay[0m[2m:[0m X11 overlay: root reads cannot see this window's own pixels; save-unders will be served without readback confirmation
dbus-daemon[1045163]: [session uid=1000 pid=1045163 pidfd=4] Activating service name='org.freedesktop.systemd1' requested by ':1.4' (uid=1000 pid=1045258 comm="/usr/bin/dbus-broker-launch --config-file=/usr/sha")
dbus-daemon[1045163]: [session uid=1000 pid=1045163 pidfd=4] Activated service 'org.freedesktop.systemd1' failed: Process org.freedesktop.systemd1 exited with status 1
dbus-daemon[1045163]: [session uid=1000 pid=1045163 pidfd=4] Activating service name='org.freedesktop.systemd1' requested by ':1.4' (uid=1000 pid=1045258 comm="/usr/bin/dbus-broker-launch --config-file=/usr/sha")
dbus-daemon[1045163]: [session uid=1000 pid=1045163 pidfd=4] Activated service 'org.freedesktop.systemd1' failed: Process org.freedesktop.systemd1 exited with status 1
{"trial": "m-a1-r05-fill-P", "outcome": "verified", "oracle_exact_match": true, "completion_mutations": 1, "routes": ["compiled"], "loadavg_before": "3.20 5.96 6.88 2/2352 1072600"}
dbus-daemon[1045163]: [session uid=1000 pid=1045163 pidfd=4] Activating service name='org.freedesktop.systemd1' requested by ':1.4' (uid=1000 pid=1045258 comm="/usr/bin/dbus-broker-launch --config-file=/usr/sha")
dbus-daemon[1045163]: [session uid=1000 pid=1045163 pidfd=4] Activated service 'org.freedesktop.systemd1' failed: Process org.freedesktop.systemd1 exited with status 1
[2m2026-10-03T07:42:00.632797Z[0m [33m WARN[0m [2mcua_driver_sdk::runtime[0m[2m:[0m could not activate the persistent AT-SPI listener: AT-SPI connect failed: ZBus Error: MethodError(OwnedErrorName("org.freedesktop.DBus.Error.NameHasNoOwner"), Some("Could not activate remote peer 'org.a11y.atspi.Registry': unit failed"), Msg { type: Error, serial: 4294967295, sender: UniqueName("org.freedesktop.DBus"), reply-serial: 9, body: Str, fds: [] })
[2m2026-10-03T07:42:00.640574Z[0m [33m WARN[0m [2mplatform_linux::overlay[0m[2m:[0m X11 overlay: root reads cannot see this window's own pixels; save-unders will be served without readback confirmation
dbus-daemon[1045163]: [session uid=1000 pid=1045163 pidfd=4] Activating service name='org.freedesktop.systemd1' requested by ':1.4' (uid=1000 pid=1045258 comm="/usr/bin/dbus-broker-launch --config-file=/usr/sha")
dbus-daemon[1045163]: [session uid=1000 pid=1045163 pidfd=4] Activated service 'org.freedesktop.systemd1' failed: Process org.freedesktop.systemd1 exited with status 1
dbus-daemon[1045163]: [session uid=1000 pid=1045163 pidfd=4] Activating service name='org.freedesktop.systemd1' requested by ':1.4' (uid=1000 pid=1045258 comm="/usr/bin/dbus-broker-launch --config-file=/usr/sha")
dbus-daemon[1045163]: [session uid=1000 pid=1045163 pidfd=4] Activated service 'org.freedesktop.systemd1' failed: Process org.freedesktop.systemd1 exited with status 1
{"trial": "m-a1-r06-fill-Wb", "outcome": "verified", "oracle_exact_match": true, "completion_mutations": 1, "routes": ["compiled"], "loadavg_before": "3.82 6.05 6.90 3/2344 1072895"}
dbus-daemon[1045163]: [session uid=1000 pid=1045163 pidfd=4] Activating service name='org.freedesktop.systemd1' requested by ':1.4' (uid=1000 pid=1045258 comm="/usr/bin/dbus-broker-launch --config-file=/usr/sha")
dbus-daemon[1045163]: [session uid=1000 pid=1045163 pidfd=4] Activated service 'org.freedesktop.systemd1' failed: Process org.freedesktop.systemd1 exited with status 1
[2m2026-10-03T07:42:02.133797Z[0m [33m WARN[0m [2mcua_driver_sdk::runtime[0m[2m:[0m could not activate the persistent AT-SPI listener: AT-SPI connect failed: ZBus Error: MethodError(OwnedErrorName("org.freedesktop.DBus.Error.NameHasNoOwner"), Some("Could not activate remote peer 'org.a11y.atspi.Registry': unit failed"), Msg { type: Error, serial: 4294967295, sender: UniqueName("org.freedesktop.DBus"), reply-serial: 9, body: Str, fds: [] })
[2m2026-10-03T07:42:02.141604Z[0m [33m WARN[0m [2mplatform_linux::overlay[0m[2m:[0m X11 overlay: root reads cannot see this window's own pixels; save-unders will be served without readback confirmation
dbus-daemon[1045163]: [session uid=1000 pid=1045163 pidfd=4] Activating service name='org.freedesktop.systemd1' requested by ':1.4' (uid=1000 pid=1045258 comm="/usr/bin/dbus-broker-launch --config-file=/usr/sha")
dbus-daemon[1045163]: [session uid=1000 pid=1045163 pidfd=4] Activated service 'org.freedesktop.systemd1' failed: Process org.freedesktop.systemd1 exited with status 1
dbus-daemon[1045163]: [session uid=1000 pid=1045163 pidfd=4] Activating service name='org.freedesktop.systemd1' requested by ':1.4' (uid=1000 pid=1045258 comm="/usr/bin/dbus-broker-launch --config-file=/usr/sha")
dbus-daemon[1045163]: [session uid=1000 pid=1045163 pidfd=4] Activated service 'org.freedesktop.systemd1' failed: Process org.freedesktop.systemd1 exited with status 1
{"trial": "m-a1-r06-fill-P", "outcome": "verified", "oracle_exact_match": true, "completion_mutations": 1, "routes": ["compiled"], "loadavg_before": "3.82 6.05 6.90 2/2346 1073176"}
dbus-daemon[1045163]: [session uid=1000 pid=1045163 pidfd=4] Activating service name='org.freedesktop.systemd1' requested by ':1.4' (uid=1000 pid=1045258 comm="/usr/bin/dbus-broker-launch --config-file=/usr/sha")
dbus-daemon[1045163]: [session uid=1000 pid=1045163 pidfd=4] Activated service 'org.freedesktop.systemd1' failed: Process org.freedesktop.systemd1 exited with status 1
[2m2026-10-03T07:42:03.634366Z[0m [33m WARN[0m [2mcua_driver_sdk::runtime[0m[2m:[0m could not activate the persistent AT-SPI listener: AT-SPI connect failed: ZBus Error: MethodError(OwnedErrorName("org.freedesktop.DBus.Error.NameHasNoOwner"), Some("Could not activate remote peer 'org.a11y.atspi.Registry': unit failed"), Msg { type: Error, serial: 4294967295, sender: UniqueName("org.freedesktop.DBus"), reply-serial: 9, body: Str, fds: [] })
[2m2026-10-03T07:42:03.641860Z[0m [33m WARN[0m [2mplatform_linux::overlay[0m[2m:[0m X11 overlay: root reads cannot see this window's own pixels; save-unders will be served without readback confirmation
dbus-daemon[1045163]: [session uid=1000 pid=1045163 pidfd=4] Activating service name='org.freedesktop.systemd1' requested by ':1.4' (uid=1000 pid=1045258 comm="/usr/bin/dbus-broker-launch --config-file=/usr/sha")
dbus-daemon[1045163]: [session uid=1000 pid=1045163 pidfd=4] Activated service 'org.freedesktop.systemd1' failed: Process org.freedesktop.systemd1 exited with status 1
dbus-daemon[1045163]: [session uid=1000 pid=1045163 pidfd=4] Activating service name='org.freedesktop.systemd1' requested by ':1.4' (uid=1000 pid=1045258 comm="/usr/bin/dbus-broker-launch --config-file=/usr/sha")
dbus-daemon[1045163]: [session uid=1000 pid=1045163 pidfd=4] Activated service 'org.freedesktop.systemd1' failed: Process org.freedesktop.systemd1 exited with status 1
{"trial": "m-a1-r06-fill-Wa", "outcome": "verified", "oracle_exact_match": true, "completion_mutations": 1, "routes": ["compiled"], "loadavg_before": "3.82 6.05 6.90 2/2343 1073573"}
dbus-daemon[1045163]: [session uid=1000 pid=1045163 pidfd=4] Activating service name='org.freedesktop.systemd1' requested by ':1.4' (uid=1000 pid=1045258 comm="/usr/bin/dbus-broker-launch --config-file=/usr/sha")
dbus-daemon[1045163]: [session uid=1000 pid=1045163 pidfd=4] Activated service 'org.freedesktop.systemd1' failed: Process org.freedesktop.systemd1 exited with status 1
[2m2026-10-03T07:42:05.139961Z[0m [33m WARN[0m [2mcua_driver_sdk::runtime[0m[2m:[0m could not activate the persistent AT-SPI listener: AT-SPI connect failed: ZBus Error: MethodError(OwnedErrorName("org.freedesktop.DBus.Error.NameHasNoOwner"), Some("Could not activate remote peer 'org.a11y.atspi.Registry': unit failed"), Msg { type: Error, serial: 4294967295, sender: UniqueName("org.freedesktop.DBus"), reply-serial: 9, body: Str, fds: [] })
[2m2026-10-03T07:42:05.147249Z[0m [33m WARN[0m [2mplatform_linux::overlay[0m[2m:[0m X11 overlay: root reads cannot see this window's own pixels; save-unders will be served without readback confirmation
dbus-daemon[1045163]: [session uid=1000 pid=1045163 pidfd=4] Activating service name='org.freedesktop.systemd1' requested by ':1.4' (uid=1000 pid=1045258 comm="/usr/bin/dbus-broker-launch --config-file=/usr/sha")
dbus-daemon[1045163]: [session uid=1000 pid=1045163 pidfd=4] Activated service 'org.freedesktop.systemd1' failed: Process org.freedesktop.systemd1 exited with status 1
dbus-daemon[1045163]: [session uid=1000 pid=1045163 pidfd=4] Activating service name='org.freedesktop.systemd1' requested by ':1.4' (uid=1000 pid=1045258 comm="/usr/bin/dbus-broker-launch --config-file=/usr/sha")
dbus-daemon[1045163]: [session uid=1000 pid=1045163 pidfd=4] Activated service 'org.freedesktop.systemd1' failed: Process org.freedesktop.systemd1 exited with status 1
{"trial": "m-a1-r06-fill-C", "outcome": "verified", "oracle_exact_match": true, "completion_mutations": 1, "routes": ["compiled"], "loadavg_before": "3.51 5.95 6.86 2/2343 1073888"}
dbus-daemon[1045163]: [session uid=1000 pid=1045163 pidfd=4] Activating service name='org.freedesktop.systemd1' requested by ':1.4' (uid=1000 pid=1045258 comm="/usr/bin/dbus-broker-launch --config-file=/usr/sha")
dbus-daemon[1045163]: [session uid=1000 pid=1045163 pidfd=4] Activated service 'org.freedesktop.systemd1' failed: Process org.freedesktop.systemd1 exited with status 1
[2m2026-10-03T07:42:06.636159Z[0m [33m WARN[0m [2mcua_driver_sdk::runtime[0m[2m:[0m could not activate the persistent AT-SPI listener: AT-SPI connect failed: ZBus Error: MethodError(OwnedErrorName("org.freedesktop.DBus.Error.NameHasNoOwner"), Some("Could not activate remote peer 'org.a11y.atspi.Registry': unit failed"), Msg { type: Error, serial: 4294967295, sender: UniqueName("org.freedesktop.DBus"), reply-serial: 9, body: Str, fds: [] })
[2m2026-10-03T07:42:06.645984Z[0m [33m WARN[0m [2mplatform_linux::overlay[0m[2m:[0m X11 overlay: root reads cannot see this window's own pixels; save-unders will be served without readback confirmation
dbus-daemon[1045163]: [session uid=1000 pid=1045163 pidfd=4] Activating service name='org.freedesktop.systemd1' requested by ':1.4' (uid=1000 pid=1045258 comm="/usr/bin/dbus-broker-launch --config-file=/usr/sha")
dbus-daemon[1045163]: [session uid=1000 pid=1045163 pidfd=4] Activated service 'org.freedesktop.systemd1' failed: Process org.freedesktop.systemd1 exited with status 1
dbus-daemon[1045163]: [session uid=1000 pid=1045163 pidfd=4] Activating service name='org.freedesktop.systemd1' requested by ':1.4' (uid=1000 pid=1045258 comm="/usr/bin/dbus-broker-launch --config-file=/usr/sha")
dbus-daemon[1045163]: [session uid=1000 pid=1045163 pidfd=4] Activated service 'org.freedesktop.systemd1' failed: Process org.freedesktop.systemd1 exited with status 1
{"trial": "m-a1-r06-toggle-P", "outcome": "verified", "oracle_exact_match": true, "completion_mutations": 1, "routes": ["provider", "provider"], "loadavg_before": "3.51 5.95 6.86 2/2342 1074171"}
dbus-daemon[1045163]: [session uid=1000 pid=1045163 pidfd=4] Activating service name='org.freedesktop.systemd1' requested by ':1.4' (uid=1000 pid=1045258 comm="/usr/bin/dbus-broker-launch --config-file=/usr/sha")
dbus-daemon[1045163]: [session uid=1000 pid=1045163 pidfd=4] Activated service 'org.freedesktop.systemd1' failed: Process org.freedesktop.systemd1 exited with status 1
[2m2026-10-03T07:42:07.799560Z[0m [33m WARN[0m [2mcua_driver_sdk::runtime[0m[2m:[0m could not activate the persistent AT-SPI listener: AT-SPI connect failed: ZBus Error: MethodError(OwnedErrorName("org.freedesktop.DBus.Error.NameHasNoOwner"), Some("Could not activate remote peer 'org.a11y.atspi.Registry': unit failed"), Msg { type: Error, serial: 4294967295, sender: UniqueName("org.freedesktop.DBus"), reply-serial: 9, body: Str, fds: [] })
[2m2026-10-03T07:42:07.806831Z[0m [33m WARN[0m [2mplatform_linux::overlay[0m[2m:[0m X11 overlay: root reads cannot see this window's own pixels; save-unders will be served without readback confirmation
dbus-daemon[1045163]: [session uid=1000 pid=1045163 pidfd=4] Activating service name='org.freedesktop.systemd1' requested by ':1.4' (uid=1000 pid=1045258 comm="/usr/bin/dbus-broker-launch --config-file=/usr/sha")
dbus-daemon[1045163]: [session uid=1000 pid=1045163 pidfd=4] Activated service 'org.freedesktop.systemd1' failed: Process org.freedesktop.systemd1 exited with status 1
dbus-daemon[1045163]: [session uid=1000 pid=1045163 pidfd=4] Activating service name='org.freedesktop.systemd1' requested by ':1.4' (uid=1000 pid=1045258 comm="/usr/bin/dbus-broker-launch --config-file=/usr/sha")
dbus-daemon[1045163]: [session uid=1000 pid=1045163 pidfd=4] Activated service 'org.freedesktop.systemd1' failed: Process org.freedesktop.systemd1 exited with status 1
{"trial": "m-a1-r06-toggle-C", "outcome": "verified", "oracle_exact_match": true, "completion_mutations": 1, "routes": ["provider", "provider"], "loadavg_before": "3.51 5.95 6.86 4/2345 1074454"}
dbus-daemon[1045163]: [session uid=1000 pid=1045163 pidfd=4] Activating service name='org.freedesktop.systemd1' requested by ':1.4' (uid=1000 pid=1045258 comm="/usr/bin/dbus-broker-launch --config-file=/usr/sha")
dbus-daemon[1045163]: [session uid=1000 pid=1045163 pidfd=4] Activated service 'org.freedesktop.systemd1' failed: Process org.freedesktop.systemd1 exited with status 1
[2m2026-10-03T07:42:08.899794Z[0m [33m WARN[0m [2mcua_driver_sdk::runtime[0m[2m:[0m could not activate the persistent AT-SPI listener: AT-SPI connect failed: ZBus Error: MethodError(OwnedErrorName("org.freedesktop.DBus.Error.NameHasNoOwner"), Some("Could not activate remote peer 'org.a11y.atspi.Registry': unit failed"), Msg { type: Error, serial: 4294967295, sender: UniqueName("org.freedesktop.DBus"), reply-serial: 9, body: Str, fds: [] })
[2m2026-10-03T07:42:08.907075Z[0m [33m WARN[0m [2mplatform_linux::overlay[0m[2m:[0m X11 overlay: root reads cannot see this window's own pixels; save-unders will be served without readback confirmation
dbus-daemon[1045163]: [session uid=1000 pid=1045163 pidfd=4] Activating service name='org.freedesktop.systemd1' requested by ':1.4' (uid=1000 pid=1045258 comm="/usr/bin/dbus-broker-launch --config-file=/usr/sha")
dbus-daemon[1045163]: [session uid=1000 pid=1045163 pidfd=4] Activated service 'org.freedesktop.systemd1' failed: Process org.freedesktop.systemd1 exited with status 1
dbus-daemon[1045163]: [session uid=1000 pid=1045163 pidfd=4] Activating service name='org.freedesktop.systemd1' requested by ':1.4' (uid=1000 pid=1045258 comm="/usr/bin/dbus-broker-launch --config-file=/usr/sha")
dbus-daemon[1045163]: [session uid=1000 pid=1045163 pidfd=4] Activated service 'org.freedesktop.systemd1' failed: Process org.freedesktop.systemd1 exited with status 1
{"trial": "m-a1-r06-toggle-Wb", "outcome": "verified", "oracle_exact_match": true, "completion_mutations": 1, "routes": ["provider", "provider"], "loadavg_before": "3.51 5.95 6.86 2/2351 1074718"}
dbus-daemon[1045163]: [session uid=1000 pid=1045163 pidfd=4] Activating service name='org.freedesktop.systemd1' requested by ':1.4' (uid=1000 pid=1045258 comm="/usr/bin/dbus-broker-launch --config-file=/usr/sha")
dbus-daemon[1045163]: [session uid=1000 pid=1045163 pidfd=4] Activated service 'org.freedesktop.systemd1' failed: Process org.freedesktop.systemd1 exited with status 1
[2m2026-10-03T07:42:10.027457Z[0m [33m WARN[0m [2mcua_driver_sdk::runtime[0m[2m:[0m could not activate the persistent AT-SPI listener: AT-SPI connect failed: ZBus Error: MethodError(OwnedErrorName("org.freedesktop.DBus.Error.NameHasNoOwner"), Some("Could not activate remote peer 'org.a11y.atspi.Registry': unit failed"), Msg { type: Error, serial: 4294967295, sender: UniqueName("org.freedesktop.DBus"), reply-serial: 9, body: Str, fds: [] })
[2m2026-10-03T07:42:10.035102Z[0m [33m WARN[0m [2mplatform_linux::overlay[0m[2m:[0m X11 overlay: root reads cannot see this window's own pixels; save-unders will be served without readback confirmation
dbus-daemon[1045163]: [session uid=1000 pid=1045163 pidfd=4] Activating service name='org.freedesktop.systemd1' requested by ':1.4' (uid=1000 pid=1045258 comm="/usr/bin/dbus-broker-launch --config-file=/usr/sha")
dbus-daemon[1045163]: [session uid=1000 pid=1045163 pidfd=4] Activated service 'org.freedesktop.systemd1' failed: Process org.freedesktop.systemd1 exited with status 1
dbus-daemon[1045163]: [session uid=1000 pid=1045163 pidfd=4] Activating service name='org.freedesktop.systemd1' requested by ':1.4' (uid=1000 pid=1045258 comm="/usr/bin/dbus-broker-launch --config-file=/usr/sha")
dbus-daemon[1045163]: [session uid=1000 pid=1045163 pidfd=4] Activated service 'org.freedesktop.systemd1' failed: Process org.freedesktop.systemd1 exited with status 1
{"trial": "m-a1-r06-toggle-Wa", "outcome": "verified", "oracle_exact_match": true, "completion_mutations": 1, "routes": ["provider", "provider"], "loadavg_before": "3.31 5.87 6.83 2/2365 1075022"}
dbus-daemon[1045163]: [session uid=1000 pid=1045163 pidfd=4] Activating service name='org.freedesktop.systemd1' requested by ':1.4' (uid=1000 pid=1045258 comm="/usr/bin/dbus-broker-launch --config-file=/usr/sha")
dbus-daemon[1045163]: [session uid=1000 pid=1045163 pidfd=4] Activated service 'org.freedesktop.systemd1' failed: Process org.freedesktop.systemd1 exited with status 1
[2m2026-10-03T07:42:11.169473Z[0m [33m WARN[0m [2mcua_driver_sdk::runtime[0m[2m:[0m could not activate the persistent AT-SPI listener: AT-SPI connect failed: ZBus Error: MethodError(OwnedErrorName("org.freedesktop.DBus.Error.NameHasNoOwner"), Some("Could not activate remote peer 'org.a11y.atspi.Registry': unit failed"), Msg { type: Error, serial: 4294967295, sender: UniqueName("org.freedesktop.DBus"), reply-serial: 9, body: Str, fds: [] })
[2m2026-10-03T07:42:11.177537Z[0m [33m WARN[0m [2mplatform_linux::overlay[0m[2m:[0m X11 overlay: root reads cannot see this window's own pixels; save-unders will be served without readback confirmation
dbus-daemon[1045163]: [session uid=1000 pid=1045163 pidfd=4] Activating service name='org.freedesktop.systemd1' requested by ':1.4' (uid=1000 pid=1045258 comm="/usr/bin/dbus-broker-launch --config-file=/usr/sha")
dbus-daemon[1045163]: [session uid=1000 pid=1045163 pidfd=4] Activated service 'org.freedesktop.systemd1' failed: Process org.freedesktop.systemd1 exited with status 1
dbus-daemon[1045163]: [session uid=1000 pid=1045163 pidfd=4] Activating service name='org.freedesktop.systemd1' requested by ':1.4' (uid=1000 pid=1045258 comm="/usr/bin/dbus-broker-launch --config-file=/usr/sha")
dbus-daemon[1045163]: [session uid=1000 pid=1045163 pidfd=4] Activated service 'org.freedesktop.systemd1' failed: Process org.freedesktop.systemd1 exited with status 1
{"trial": "m-a1-r06-modal-C", "outcome": "verified", "oracle_exact_match": true, "completion_mutations": 1, "routes": ["provider", "provider"], "loadavg_before": "3.31 5.87 6.83 3/2381 1075483"}
dbus-daemon[1045163]: [session uid=1000 pid=1045163 pidfd=4] Activating service name='org.freedesktop.systemd1' requested by ':1.4' (uid=1000 pid=1045258 comm="/usr/bin/dbus-broker-launch --config-file=/usr/sha")
dbus-daemon[1045163]: [session uid=1000 pid=1045163 pidfd=4] Activated service 'org.freedesktop.systemd1' failed: Process org.freedesktop.systemd1 exited with status 1
[2m2026-10-03T07:42:12.273397Z[0m [33m WARN[0m [2mcua_driver_sdk::runtime[0m[2m:[0m could not activate the persistent AT-SPI listener: AT-SPI connect failed: ZBus Error: MethodError(OwnedErrorName("org.freedesktop.DBus.Error.NameHasNoOwner"), Some("Could not activate remote peer 'org.a11y.atspi.Registry': unit failed"), Msg { type: Error, serial: 4294967295, sender: UniqueName("org.freedesktop.DBus"), reply-serial: 9, body: Str, fds: [] })
[2m2026-10-03T07:42:12.281050Z[0m [33m WARN[0m [2mplatform_linux::overlay[0m[2m:[0m X11 overlay: root reads cannot see this window's own pixels; save-unders will be served without readback confirmation
dbus-daemon[1045163]: [session uid=1000 pid=1045163 pidfd=4] Activating service name='org.freedesktop.systemd1' requested by ':1.4' (uid=1000 pid=1045258 comm="/usr/bin/dbus-broker-launch --config-file=/usr/sha")
dbus-daemon[1045163]: [session uid=1000 pid=1045163 pidfd=4] Activated service 'org.freedesktop.systemd1' failed: Process org.freedesktop.systemd1 exited with status 1
dbus-daemon[1045163]: [session uid=1000 pid=1045163 pidfd=4] Activating service name='org.freedesktop.systemd1' requested by ':1.4' (uid=1000 pid=1045258 comm="/usr/bin/dbus-broker-launch --config-file=/usr/sha")
dbus-daemon[1045163]: [session uid=1000 pid=1045163 pidfd=4] Activated service 'org.freedesktop.systemd1' failed: Process org.freedesktop.systemd1 exited with status 1
{"trial": "m-a1-r06-modal-Wa", "outcome": "verified", "oracle_exact_match": true, "completion_mutations": 1, "routes": ["provider", "provider"], "loadavg_before": "3.31 5.87 6.83 4/2380 1075766"}
dbus-daemon[1045163]: [session uid=1000 pid=1045163 pidfd=4] Activating service name='org.freedesktop.systemd1' requested by ':1.4' (uid=1000 pid=1045258 comm="/usr/bin/dbus-broker-launch --config-file=/usr/sha")
dbus-daemon[1045163]: [session uid=1000 pid=1045163 pidfd=4] Activated service 'org.freedesktop.systemd1' failed: Process org.freedesktop.systemd1 exited with status 1
[2m2026-10-03T07:42:13.412677Z[0m [33m WARN[0m [2mcua_driver_sdk::runtime[0m[2m:[0m could not activate the persistent AT-SPI listener: AT-SPI connect failed: ZBus Error: MethodError(OwnedErrorName("org.freedesktop.DBus.Error.NameHasNoOwner"), Some("Could not activate remote peer 'org.a11y.atspi.Registry': unit failed"), Msg { type: Error, serial: 4294967295, sender: UniqueName("org.freedesktop.DBus"), reply-serial: 9, body: Str, fds: [] })
[2m2026-10-03T07:42:13.420223Z[0m [33m WARN[0m [2mplatform_linux::overlay[0m[2m:[0m X11 overlay: root reads cannot see this window's own pixels; save-unders will be served without readback confirmation
dbus-daemon[1045163]: [session uid=1000 pid=1045163 pidfd=4] Activating service name='org.freedesktop.systemd1' requested by ':1.4' (uid=1000 pid=1045258 comm="/usr/bin/dbus-broker-launch --config-file=/usr/sha")
dbus-daemon[1045163]: [session uid=1000 pid=1045163 pidfd=4] Activated service 'org.freedesktop.systemd1' failed: Process org.freedesktop.systemd1 exited with status 1
dbus-daemon[1045163]: [session uid=1000 pid=1045163 pidfd=4] Activating service name='org.freedesktop.systemd1' requested by ':1.4' (uid=1000 pid=1045258 comm="/usr/bin/dbus-broker-launch --config-file=/usr/sha")
dbus-daemon[1045163]: [session uid=1000 pid=1045163 pidfd=4] Activated service 'org.freedesktop.systemd1' failed: Process org.freedesktop.systemd1 exited with status 1
{"trial": "m-a1-r06-modal-P", "outcome": "verified", "oracle_exact_match": true, "completion_mutations": 1, "routes": ["provider", "provider"], "loadavg_before": "3.31 5.87 6.83 3/2378 1076039"}
dbus-daemon[1045163]: [session uid=1000 pid=1045163 pidfd=4] Activating service name='org.freedesktop.systemd1' requested by ':1.4' (uid=1000 pid=1045258 comm="/usr/bin/dbus-broker-launch --config-file=/usr/sha")
dbus-daemon[1045163]: [session uid=1000 pid=1045163 pidfd=4] Activated service 'org.freedesktop.systemd1' failed: Process org.freedesktop.systemd1 exited with status 1
[2m2026-10-03T07:42:14.553961Z[0m [33m WARN[0m [2mcua_driver_sdk::runtime[0m[2m:[0m could not activate the persistent AT-SPI listener: AT-SPI connect failed: ZBus Error: MethodError(OwnedErrorName("org.freedesktop.DBus.Error.NameHasNoOwner"), Some("Could not activate remote peer 'org.a11y.atspi.Registry': unit failed"), Msg { type: Error, serial: 4294967295, sender: UniqueName("org.freedesktop.DBus"), reply-serial: 9, body: Str, fds: [] })
[2m2026-10-03T07:42:14.562253Z[0m [33m WARN[0m [2mplatform_linux::overlay[0m[2m:[0m X11 overlay: root reads cannot see this window's own pixels; save-unders will be served without readback confirmation
dbus-daemon[1045163]: [session uid=1000 pid=1045163 pidfd=4] Activating service name='org.freedesktop.systemd1' requested by ':1.4' (uid=1000 pid=1045258 comm="/usr/bin/dbus-broker-launch --config-file=/usr/sha")
dbus-daemon[1045163]: [session uid=1000 pid=1045163 pidfd=4] Activated service 'org.freedesktop.systemd1' failed: Process org.freedesktop.systemd1 exited with status 1
dbus-daemon[1045163]: [session uid=1000 pid=1045163 pidfd=4] Activating service name='org.freedesktop.systemd1' requested by ':1.4' (uid=1000 pid=1045258 comm="/usr/bin/dbus-broker-launch --config-file=/usr/sha")
dbus-daemon[1045163]: [session uid=1000 pid=1045163 pidfd=4] Activated service 'org.freedesktop.systemd1' failed: Process org.freedesktop.systemd1 exited with status 1
{"trial": "m-a1-r06-modal-Wb", "outcome": "verified", "oracle_exact_match": true, "completion_mutations": 1, "routes": ["provider", "provider"], "loadavg_before": "3.31 5.87 6.83 2/2381 1076354"}
dbus-daemon[1045163]: [session uid=1000 pid=1045163 pidfd=4] Activating service name='org.freedesktop.systemd1' requested by ':1.4' (uid=1000 pid=1045258 comm="/usr/bin/dbus-broker-launch --config-file=/usr/sha")
dbus-daemon[1045163]: [session uid=1000 pid=1045163 pidfd=4] Activated service 'org.freedesktop.systemd1' failed: Process org.freedesktop.systemd1 exited with status 1
[2m2026-10-03T07:42:15.694209Z[0m [33m WARN[0m [2mcua_driver_sdk::runtime[0m[2m:[0m could not activate the persistent AT-SPI listener: AT-SPI connect failed: ZBus Error: MethodError(OwnedErrorName("org.freedesktop.DBus.Error.NameHasNoOwner"), Some("Could not activate remote peer 'org.a11y.atspi.Registry': unit failed"), Msg { type: Error, serial: 4294967295, sender: UniqueName("org.freedesktop.DBus"), reply-serial: 9, body: Str, fds: [] })
[2m2026-10-03T07:42:15.702539Z[0m [33m WARN[0m [2mplatform_linux::overlay[0m[2m:[0m X11 overlay: root reads cannot see this window's own pixels; save-unders will be served without readback confirmation
dbus-daemon[1045163]: [session uid=1000 pid=1045163 pidfd=4] Activating service name='org.freedesktop.systemd1' requested by ':1.4' (uid=1000 pid=1045258 comm="/usr/bin/dbus-broker-launch --config-file=/usr/sha")
dbus-daemon[1045163]: [session uid=1000 pid=1045163 pidfd=4] Activated service 'org.freedesktop.systemd1' failed: Process org.freedesktop.systemd1 exited with status 1
dbus-daemon[1045163]: [session uid=1000 pid=1045163 pidfd=4] Activating service name='org.freedesktop.systemd1' requested by ':1.4' (uid=1000 pid=1045258 comm="/usr/bin/dbus-broker-launch --config-file=/usr/sha")
dbus-daemon[1045163]: [session uid=1000 pid=1045163 pidfd=4] Activated service 'org.freedesktop.systemd1' failed: Process org.freedesktop.systemd1 exited with status 1
{"trial": "m-a1-r07-modal-Wa", "outcome": "verified", "oracle_exact_match": true, "completion_mutations": 1, "routes": ["provider", "provider"], "loadavg_before": "3.29 5.82 6.81 2/2376 1076662"}
dbus-daemon[1045163]: [session uid=1000 pid=1045163 pidfd=4] Activating service name='org.freedesktop.systemd1' requested by ':1.4' (uid=1000 pid=1045258 comm="/usr/bin/dbus-broker-launch --config-file=/usr/sha")
dbus-daemon[1045163]: [session uid=1000 pid=1045163 pidfd=4] Activated service 'org.freedesktop.systemd1' failed: Process org.freedesktop.systemd1 exited with status 1
[2m2026-10-03T07:42:16.833108Z[0m [33m WARN[0m [2mcua_driver_sdk::runtime[0m[2m:[0m could not activate the persistent AT-SPI listener: AT-SPI connect failed: ZBus Error: MethodError(OwnedErrorName("org.freedesktop.DBus.Error.NameHasNoOwner"), Some("Could not activate remote peer 'org.a11y.atspi.Registry': unit failed"), Msg { type: Error, serial: 4294967295, sender: UniqueName("org.freedesktop.DBus"), reply-serial: 9, body: Str, fds: [] })
[2m2026-10-03T07:42:16.842529Z[0m [33m WARN[0m [2mplatform_linux::overlay[0m[2m:[0m X11 overlay: root reads cannot see this window's own pixels; save-unders will be served without readback confirmation
dbus-daemon[1045163]: [session uid=1000 pid=1045163 pidfd=4] Activating service name='org.freedesktop.systemd1' requested by ':1.4' (uid=1000 pid=1045258 comm="/usr/bin/dbus-broker-launch --config-file=/usr/sha")
dbus-daemon[1045163]: [session uid=1000 pid=1045163 pidfd=4] Activated service 'org.freedesktop.systemd1' failed: Process org.freedesktop.systemd1 exited with status 1
dbus-daemon[1045163]: [session uid=1000 pid=1045163 pidfd=4] Activating service name='org.freedesktop.systemd1' requested by ':1.4' (uid=1000 pid=1045258 comm="/usr/bin/dbus-broker-launch --config-file=/usr/sha")
dbus-daemon[1045163]: [session uid=1000 pid=1045163 pidfd=4] Activated service 'org.freedesktop.systemd1' failed: Process org.freedesktop.systemd1 exited with status 1
{"trial": "m-a1-r07-modal-Wb", "outcome": "verified", "oracle_exact_match": true, "completion_mutations": 1, "routes": ["provider", "provider"], "loadavg_before": "3.29 5.82 6.81 2/2383 1076955"}
dbus-daemon[1045163]: [session uid=1000 pid=1045163 pidfd=4] Activating service name='org.freedesktop.systemd1' requested by ':1.4' (uid=1000 pid=1045258 comm="/usr/bin/dbus-broker-launch --config-file=/usr/sha")
dbus-daemon[1045163]: [session uid=1000 pid=1045163 pidfd=4] Activated service 'org.freedesktop.systemd1' failed: Process org.freedesktop.systemd1 exited with status 1
[2m2026-10-03T07:42:17.981205Z[0m [33m WARN[0m [2mcua_driver_sdk::runtime[0m[2m:[0m could not activate the persistent AT-SPI listener: AT-SPI connect failed: ZBus Error: MethodError(OwnedErrorName("org.freedesktop.DBus.Error.NameHasNoOwner"), Some("Could not activate remote peer 'org.a11y.atspi.Registry': unit failed"), Msg { type: Error, serial: 4294967295, sender: UniqueName("org.freedesktop.DBus"), reply-serial: 9, body: Str, fds: [] })
[2m2026-10-03T07:42:17.989376Z[0m [33m WARN[0m [2mplatform_linux::overlay[0m[2m:[0m X11 overlay: root reads cannot see this window's own pixels; save-unders will be served without readback confirmation
dbus-daemon[1045163]: [session uid=1000 pid=1045163 pidfd=4] Activating service name='org.freedesktop.systemd1' requested by ':1.4' (uid=1000 pid=1045258 comm="/usr/bin/dbus-broker-launch --config-file=/usr/sha")
dbus-daemon[1045163]: [session uid=1000 pid=1045163 pidfd=4] Activated service 'org.freedesktop.systemd1' failed: Process org.freedesktop.systemd1 exited with status 1
dbus-daemon[1045163]: [session uid=1000 pid=1045163 pidfd=4] Activating service name='org.freedesktop.systemd1' requested by ':1.4' (uid=1000 pid=1045258 comm="/usr/bin/dbus-broker-launch --config-file=/usr/sha")
dbus-daemon[1045163]: [session uid=1000 pid=1045163 pidfd=4] Activated service 'org.freedesktop.systemd1' failed: Process org.freedesktop.systemd1 exited with status 1
{"trial": "m-a1-r07-modal-C", "outcome": "verified", "oracle_exact_match": true, "completion_mutations": 1, "routes": ["provider", "provider"], "loadavg_before": "3.29 5.82 6.81 1/2383 1077229"}
dbus-daemon[1045163]: [session uid=1000 pid=1045163 pidfd=4] Activating service name='org.freedesktop.systemd1' requested by ':1.4' (uid=1000 pid=1045258 comm="/usr/bin/dbus-broker-launch --config-file=/usr/sha")
dbus-daemon[1045163]: [session uid=1000 pid=1045163 pidfd=4] Activated service 'org.freedesktop.systemd1' failed: Process org.freedesktop.systemd1 exited with status 1
[2m2026-10-03T07:42:19.083913Z[0m [33m WARN[0m [2mcua_driver_sdk::runtime[0m[2m:[0m could not activate the persistent AT-SPI listener: AT-SPI connect failed: ZBus Error: MethodError(OwnedErrorName("org.freedesktop.DBus.Error.NameHasNoOwner"), Some("Could not activate remote peer 'org.a11y.atspi.Registry': unit failed"), Msg { type: Error, serial: 4294967295, sender: UniqueName("org.freedesktop.DBus"), reply-serial: 9, body: Str, fds: [] })
[2m2026-10-03T07:42:19.092615Z[0m [33m WARN[0m [2mplatform_linux::overlay[0m[2m:[0m X11 overlay: root reads cannot see this window's own pixels; save-unders will be served without readback confirmation
dbus-daemon[1045163]: [session uid=1000 pid=1045163 pidfd=4] Activating service name='org.freedesktop.systemd1' requested by ':1.4' (uid=1000 pid=1045258 comm="/usr/bin/dbus-broker-launch --config-file=/usr/sha")
dbus-daemon[1045163]: [session uid=1000 pid=1045163 pidfd=4] Activated service 'org.freedesktop.systemd1' failed: Process org.freedesktop.systemd1 exited with status 1
dbus-daemon[1045163]: [session uid=1000 pid=1045163 pidfd=4] Activating service name='org.freedesktop.systemd1' requested by ':1.4' (uid=1000 pid=1045258 comm="/usr/bin/dbus-broker-launch --config-file=/usr/sha")
dbus-daemon[1045163]: [session uid=1000 pid=1045163 pidfd=4] Activated service 'org.freedesktop.systemd1' failed: Process org.freedesktop.systemd1 exited with status 1
{"trial": "m-a1-r07-modal-P", "outcome": "verified", "oracle_exact_match": true, "completion_mutations": 1, "routes": ["provider", "provider"], "loadavg_before": "3.29 5.82 6.81 1/2376 1077487"}
dbus-daemon[1045163]: [session uid=1000 pid=1045163 pidfd=4] Activating service name='org.freedesktop.systemd1' requested by ':1.4' (uid=1000 pid=1045258 comm="/usr/bin/dbus-broker-launch --config-file=/usr/sha")
dbus-daemon[1045163]: [session uid=1000 pid=1045163 pidfd=4] Activated service 'org.freedesktop.systemd1' failed: Process org.freedesktop.systemd1 exited with status 1
[2m2026-10-03T07:42:20.234919Z[0m [33m WARN[0m [2mcua_driver_sdk::runtime[0m[2m:[0m could not activate the persistent AT-SPI listener: AT-SPI connect failed: ZBus Error: MethodError(OwnedErrorName("org.freedesktop.DBus.Error.NameHasNoOwner"), Some("Could not activate remote peer 'org.a11y.atspi.Registry': unit failed"), Msg { type: Error, serial: 4294967295, sender: UniqueName("org.freedesktop.DBus"), reply-serial: 9, body: Str, fds: [] })
[2m2026-10-03T07:42:20.242140Z[0m [33m WARN[0m [2mplatform_linux::overlay[0m[2m:[0m X11 overlay: root reads cannot see this window's own pixels; save-unders will be served without readback confirmation
dbus-daemon[1045163]: [session uid=1000 pid=1045163 pidfd=4] Activating service name='org.freedesktop.systemd1' requested by ':1.4' (uid=1000 pid=1045258 comm="/usr/bin/dbus-broker-launch --config-file=/usr/sha")
dbus-daemon[1045163]: [session uid=1000 pid=1045163 pidfd=4] Activated service 'org.freedesktop.systemd1' failed: Process org.freedesktop.systemd1 exited with status 1
dbus-daemon[1045163]: [session uid=1000 pid=1045163 pidfd=4] Activating service name='org.freedesktop.systemd1' requested by ':1.4' (uid=1000 pid=1045258 comm="/usr/bin/dbus-broker-launch --config-file=/usr/sha")
dbus-daemon[1045163]: [session uid=1000 pid=1045163 pidfd=4] Activated service 'org.freedesktop.systemd1' failed: Process org.freedesktop.systemd1 exited with status 1
{"trial": "m-a1-r07-toggle-C", "outcome": "verified", "oracle_exact_match": true, "completion_mutations": 1, "routes": ["provider", "provider"], "loadavg_before": "3.10 5.74 6.78 2/2354 1077778"}
dbus-daemon[1045163]: [session uid=1000 pid=1045163 pidfd=4] Activating service name='org.freedesktop.systemd1' requested by ':1.4' (uid=1000 pid=1045258 comm="/usr/bin/dbus-broker-launch --config-file=/usr/sha")
dbus-daemon[1045163]: [session uid=1000 pid=1045163 pidfd=4] Activated service 'org.freedesktop.systemd1' failed: Process org.freedesktop.systemd1 exited with status 1
[2m2026-10-03T07:42:21.347791Z[0m [33m WARN[0m [2mcua_driver_sdk::runtime[0m[2m:[0m could not activate the persistent AT-SPI listener: AT-SPI connect failed: ZBus Error: MethodError(OwnedErrorName("org.freedesktop.DBus.Error.NameHasNoOwner"), Some("Could not activate remote peer 'org.a11y.atspi.Registry': unit failed"), Msg { type: Error, serial: 4294967295, sender: UniqueName("org.freedesktop.DBus"), reply-serial: 9, body: Str, fds: [] })
[2m2026-10-03T07:42:21.355928Z[0m [33m WARN[0m [2mplatform_linux::overlay[0m[2m:[0m X11 overlay: root reads cannot see this window's own pixels; save-unders will be served without readback confirmation
dbus-daemon[1045163]: [session uid=1000 pid=1045163 pidfd=4] Activating service name='org.freedesktop.systemd1' requested by ':1.4' (uid=1000 pid=1045258 comm="/usr/bin/dbus-broker-launch --config-file=/usr/sha")
dbus-daemon[1045163]: [session uid=1000 pid=1045163 pidfd=4] Activated service 'org.freedesktop.systemd1' failed: Process org.freedesktop.systemd1 exited with status 1
dbus-daemon[1045163]: [session uid=1000 pid=1045163 pidfd=4] Activating service name='org.freedesktop.systemd1' requested by ':1.4' (uid=1000 pid=1045258 comm="/usr/bin/dbus-broker-launch --config-file=/usr/sha")
dbus-daemon[1045163]: [session uid=1000 pid=1045163 pidfd=4] Activated service 'org.freedesktop.systemd1' failed: Process org.freedesktop.systemd1 exited with status 1
{"trial": "m-a1-r07-toggle-Wa", "outcome": "verified", "oracle_exact_match": true, "completion_mutations": 1, "routes": ["provider", "provider"], "loadavg_before": "3.10 5.74 6.78 1/2347 1078026"}
dbus-daemon[1045163]: [session uid=1000 pid=1045163 pidfd=4] Activating service name='org.freedesktop.systemd1' requested by ':1.4' (uid=1000 pid=1045258 comm="/usr/bin/dbus-broker-launch --config-file=/usr/sha")
dbus-daemon[1045163]: [session uid=1000 pid=1045163 pidfd=4] Activated service 'org.freedesktop.systemd1' failed: Process org.freedesktop.systemd1 exited with status 1
[2m2026-10-03T07:42:22.478048Z[0m [33m WARN[0m [2mcua_driver_sdk::runtime[0m[2m:[0m could not activate the persistent AT-SPI listener: AT-SPI connect failed: ZBus Error: MethodError(OwnedErrorName("org.freedesktop.DBus.Error.NameHasNoOwner"), Some("Could not activate remote peer 'org.a11y.atspi.Registry': unit failed"), Msg { type: Error, serial: 4294967295, sender: UniqueName("org.freedesktop.DBus"), reply-serial: 9, body: Str, fds: [] })
[2m2026-10-03T07:42:22.486598Z[0m [33m WARN[0m [2mplatform_linux::overlay[0m[2m:[0m X11 overlay: root reads cannot see this window's own pixels; save-unders will be served without readback confirmation
dbus-daemon[1045163]: [session uid=1000 pid=1045163 pidfd=4] Activating service name='org.freedesktop.systemd1' requested by ':1.4' (uid=1000 pid=1045258 comm="/usr/bin/dbus-broker-launch --config-file=/usr/sha")
dbus-daemon[1045163]: [session uid=1000 pid=1045163 pidfd=4] Activated service 'org.freedesktop.systemd1' failed: Process org.freedesktop.systemd1 exited with status 1
dbus-daemon[1045163]: [session uid=1000 pid=1045163 pidfd=4] Activating service name='org.freedesktop.systemd1' requested by ':1.4' (uid=1000 pid=1045258 comm="/usr/bin/dbus-broker-launch --config-file=/usr/sha")
dbus-daemon[1045163]: [session uid=1000 pid=1045163 pidfd=4] Activated service 'org.freedesktop.systemd1' failed: Process org.freedesktop.systemd1 exited with status 1
{"trial": "m-a1-r07-toggle-P", "outcome": "verified", "oracle_exact_match": true, "completion_mutations": 1, "routes": ["provider", "provider"], "loadavg_before": "3.10 5.74 6.78 2/2349 1078311"}
dbus-daemon[1045163]: [session uid=1000 pid=1045163 pidfd=4] Activating service name='org.freedesktop.systemd1' requested by ':1.4' (uid=1000 pid=1045258 comm="/usr/bin/dbus-broker-launch --config-file=/usr/sha")
dbus-daemon[1045163]: [session uid=1000 pid=1045163 pidfd=4] Activated service 'org.freedesktop.systemd1' failed: Process org.freedesktop.systemd1 exited with status 1
[2m2026-10-03T07:42:23.616457Z[0m [33m WARN[0m [2mcua_driver_sdk::runtime[0m[2m:[0m could not activate the persistent AT-SPI listener: AT-SPI connect failed: ZBus Error: MethodError(OwnedErrorName("org.freedesktop.DBus.Error.NameHasNoOwner"), Some("Could not activate remote peer 'org.a11y.atspi.Registry': unit failed"), Msg { type: Error, serial: 4294967295, sender: UniqueName("org.freedesktop.DBus"), reply-serial: 9, body: Str, fds: [] })
[2m2026-10-03T07:42:23.623928Z[0m [33m WARN[0m [2mplatform_linux::overlay[0m[2m:[0m X11 overlay: root reads cannot see this window's own pixels; save-unders will be served without readback confirmation
dbus-daemon[1045163]: [session uid=1000 pid=1045163 pidfd=4] Activating service name='org.freedesktop.systemd1' requested by ':1.4' (uid=1000 pid=1045258 comm="/usr/bin/dbus-broker-launch --config-file=/usr/sha")
dbus-daemon[1045163]: [session uid=1000 pid=1045163 pidfd=4] Activated service 'org.freedesktop.systemd1' failed: Process org.freedesktop.systemd1 exited with status 1
dbus-daemon[1045163]: [session uid=1000 pid=1045163 pidfd=4] Activating service name='org.freedesktop.systemd1' requested by ':1.4' (uid=1000 pid=1045258 comm="/usr/bin/dbus-broker-launch --config-file=/usr/sha")
dbus-daemon[1045163]: [session uid=1000 pid=1045163 pidfd=4] Activated service 'org.freedesktop.systemd1' failed: Process org.freedesktop.systemd1 exited with status 1
{"trial": "m-a1-r07-toggle-Wb", "outcome": "verified", "oracle_exact_match": true, "completion_mutations": 1, "routes": ["provider", "provider"], "loadavg_before": "3.10 5.74 6.78 1/2347 1078559"}
dbus-daemon[1045163]: [session uid=1000 pid=1045163 pidfd=4] Activating service name='org.freedesktop.systemd1' requested by ':1.4' (uid=1000 pid=1045258 comm="/usr/bin/dbus-broker-launch --config-file=/usr/sha")
dbus-daemon[1045163]: [session uid=1000 pid=1045163 pidfd=4] Activated service 'org.freedesktop.systemd1' failed: Process org.freedesktop.systemd1 exited with status 1
[2m2026-10-03T07:42:24.758156Z[0m [33m WARN[0m [2mcua_driver_sdk::runtime[0m[2m:[0m could not activate the persistent AT-SPI listener: AT-SPI connect failed: ZBus Error: MethodError(OwnedErrorName("org.freedesktop.DBus.Error.NameHasNoOwner"), Some("Could not activate remote peer 'org.a11y.atspi.Registry': unit failed"), Msg { type: Error, serial: 4294967295, sender: UniqueName("org.freedesktop.DBus"), reply-serial: 9, body: Str, fds: [] })
[2m2026-10-03T07:42:24.766643Z[0m [33m WARN[0m [2mplatform_linux::overlay[0m[2m:[0m X11 overlay: root reads cannot see this window's own pixels; save-unders will be served without readback confirmation
dbus-daemon[1045163]: [session uid=1000 pid=1045163 pidfd=4] Activating service name='org.freedesktop.systemd1' requested by ':1.4' (uid=1000 pid=1045258 comm="/usr/bin/dbus-broker-launch --config-file=/usr/sha")
dbus-daemon[1045163]: [session uid=1000 pid=1045163 pidfd=4] Activated service 'org.freedesktop.systemd1' failed: Process org.freedesktop.systemd1 exited with status 1
dbus-daemon[1045163]: [session uid=1000 pid=1045163 pidfd=4] Activating service name='org.freedesktop.systemd1' requested by ':1.4' (uid=1000 pid=1045258 comm="/usr/bin/dbus-broker-launch --config-file=/usr/sha")
dbus-daemon[1045163]: [session uid=1000 pid=1045163 pidfd=4] Activated service 'org.freedesktop.systemd1' failed: Process org.freedesktop.systemd1 exited with status 1
{"trial": "m-a1-r07-fill-P", "outcome": "verified", "oracle_exact_match": true, "completion_mutations": 1, "routes": ["compiled"], "loadavg_before": "2.93 5.66 6.75 1/2347 1078843"}
dbus-daemon[1045163]: [session uid=1000 pid=1045163 pidfd=4] Activating service name='org.freedesktop.systemd1' requested by ':1.4' (uid=1000 pid=1045258 comm="/usr/bin/dbus-broker-launch --config-file=/usr/sha")
dbus-daemon[1045163]: [session uid=1000 pid=1045163 pidfd=4] Activated service 'org.freedesktop.systemd1' failed: Process org.freedesktop.systemd1 exited with status 1
[2m2026-10-03T07:42:26.256635Z[0m [33m WARN[0m [2mcua_driver_sdk::runtime[0m[2m:[0m could not activate the persistent AT-SPI listener: AT-SPI connect failed: ZBus Error: MethodError(OwnedErrorName("org.freedesktop.DBus.Error.NameHasNoOwner"), Some("Could not activate remote peer 'org.a11y.atspi.Registry': unit failed"), Msg { type: Error, serial: 4294967295, sender: UniqueName("org.freedesktop.DBus"), reply-serial: 9, body: Str, fds: [] })
[2m2026-10-03T07:42:26.264360Z[0m [33m WARN[0m [2mplatform_linux::overlay[0m[2m:[0m X11 overlay: root reads cannot see this window's own pixels; save-unders will be served without readback confirmation
dbus-daemon[1045163]: [session uid=1000 pid=1045163 pidfd=4] Activating service name='org.freedesktop.systemd1' requested by ':1.4' (uid=1000 pid=1045258 comm="/usr/bin/dbus-broker-launch --config-file=/usr/sha")
dbus-daemon[1045163]: [session uid=1000 pid=1045163 pidfd=4] Activated service 'org.freedesktop.systemd1' failed: Process org.freedesktop.systemd1 exited with status 1
dbus-daemon[1045163]: [session uid=1000 pid=1045163 pidfd=4] Activating service name='org.freedesktop.systemd1' requested by ':1.4' (uid=1000 pid=1045258 comm="/usr/bin/dbus-broker-launch --config-file=/usr/sha")
dbus-daemon[1045163]: [session uid=1000 pid=1045163 pidfd=4] Activated service 'org.freedesktop.systemd1' failed: Process org.freedesktop.systemd1 exited with status 1
{"trial": "m-a1-r07-fill-C", "outcome": "verified", "oracle_exact_match": true, "completion_mutations": 1, "routes": ["compiled"], "loadavg_before": "2.93 5.66 6.75 2/2340 1079141"}
dbus-daemon[1045163]: [session uid=1000 pid=1045163 pidfd=4] Activating service name='org.freedesktop.systemd1' requested by ':1.4' (uid=1000 pid=1045258 comm="/usr/bin/dbus-broker-launch --config-file=/usr/sha")
dbus-daemon[1045163]: [session uid=1000 pid=1045163 pidfd=4] Activated service 'org.freedesktop.systemd1' failed: Process org.freedesktop.systemd1 exited with status 1
[2m2026-10-03T07:42:27.756246Z[0m [33m WARN[0m [2mcua_driver_sdk::runtime[0m[2m:[0m could not activate the persistent AT-SPI listener: AT-SPI connect failed: ZBus Error: MethodError(OwnedErrorName("org.freedesktop.DBus.Error.NameHasNoOwner"), Some("Could not activate remote peer 'org.a11y.atspi.Registry': unit failed"), Msg { type: Error, serial: 4294967295, sender: UniqueName("org.freedesktop.DBus"), reply-serial: 9, body: Str, fds: [] })
[2m2026-10-03T07:42:27.765223Z[0m [33m WARN[0m [2mplatform_linux::overlay[0m[2m:[0m X11 overlay: root reads cannot see this window's own pixels; save-unders will be served without readback confirmation
dbus-daemon[1045163]: [session uid=1000 pid=1045163 pidfd=4] Activating service name='org.freedesktop.systemd1' requested by ':1.4' (uid=1000 pid=1045258 comm="/usr/bin/dbus-broker-launch --config-file=/usr/sha")
dbus-daemon[1045163]: [session uid=1000 pid=1045163 pidfd=4] Activated service 'org.freedesktop.systemd1' failed: Process org.freedesktop.systemd1 exited with status 1
dbus-daemon[1045163]: [session uid=1000 pid=1045163 pidfd=4] Activating service name='org.freedesktop.systemd1' requested by ':1.4' (uid=1000 pid=1045258 comm="/usr/bin/dbus-broker-launch --config-file=/usr/sha")
dbus-daemon[1045163]: [session uid=1000 pid=1045163 pidfd=4] Activated service 'org.freedesktop.systemd1' failed: Process org.freedesktop.systemd1 exited with status 1
{"trial": "m-a1-r07-fill-Wb", "outcome": "verified", "oracle_exact_match": true, "completion_mutations": 1, "routes": ["compiled"], "loadavg_before": "2.93 5.66 6.75 3/2355 1079430"}
dbus-daemon[1045163]: [session uid=1000 pid=1045163 pidfd=4] Activating service name='org.freedesktop.systemd1' requested by ':1.4' (uid=1000 pid=1045258 comm="/usr/bin/dbus-broker-launch --config-file=/usr/sha")
dbus-daemon[1045163]: [session uid=1000 pid=1045163 pidfd=4] Activated service 'org.freedesktop.systemd1' failed: Process org.freedesktop.systemd1 exited with status 1
[2m2026-10-03T07:42:29.257850Z[0m [33m WARN[0m [2mcua_driver_sdk::runtime[0m[2m:[0m could not activate the persistent AT-SPI listener: AT-SPI connect failed: ZBus Error: MethodError(OwnedErrorName("org.freedesktop.DBus.Error.NameHasNoOwner"), Some("Could not activate remote peer 'org.a11y.atspi.Registry': unit failed"), Msg { type: Error, serial: 4294967295, sender: UniqueName("org.freedesktop.DBus"), reply-serial: 9, body: Str, fds: [] })
[2m2026-10-03T07:42:29.265620Z[0m [33m WARN[0m [2mplatform_linux::overlay[0m[2m:[0m X11 overlay: root reads cannot see this window's own pixels; save-unders will be served without readback confirmation
dbus-daemon[1045163]: [session uid=1000 pid=1045163 pidfd=4] Activating service name='org.freedesktop.systemd1' requested by ':1.4' (uid=1000 pid=1045258 comm="/usr/bin/dbus-broker-launch --config-file=/usr/sha")
dbus-daemon[1045163]: [session uid=1000 pid=1045163 pidfd=4] Activated service 'org.freedesktop.systemd1' failed: Process org.freedesktop.systemd1 exited with status 1
dbus-daemon[1045163]: [session uid=1000 pid=1045163 pidfd=4] Activating service name='org.freedesktop.systemd1' requested by ':1.4' (uid=1000 pid=1045258 comm="/usr/bin/dbus-broker-launch --config-file=/usr/sha")
dbus-daemon[1045163]: [session uid=1000 pid=1045163 pidfd=4] Activated service 'org.freedesktop.systemd1' failed: Process org.freedesktop.systemd1 exited with status 1
{"trial": "m-a1-r07-fill-Wa", "outcome": "verified", "oracle_exact_match": true, "completion_mutations": 1, "routes": ["compiled"], "loadavg_before": "2.93 5.66 6.75 1/2340 1079705"}
dbus-daemon[1045163]: [session uid=1000 pid=1045163 pidfd=4] Activating service name='org.freedesktop.systemd1' requested by ':1.4' (uid=1000 pid=1045258 comm="/usr/bin/dbus-broker-launch --config-file=/usr/sha")
dbus-daemon[1045163]: [session uid=1000 pid=1045163 pidfd=4] Activated service 'org.freedesktop.systemd1' failed: Process org.freedesktop.systemd1 exited with status 1
[2m2026-10-03T07:42:30.758174Z[0m [33m WARN[0m [2mcua_driver_sdk::runtime[0m[2m:[0m could not activate the persistent AT-SPI listener: AT-SPI connect failed: ZBus Error: MethodError(OwnedErrorName("org.freedesktop.DBus.Error.NameHasNoOwner"), Some("Could not activate remote peer 'org.a11y.atspi.Registry': unit failed"), Msg { type: Error, serial: 4294967295, sender: UniqueName("org.freedesktop.DBus"), reply-serial: 9, body: Str, fds: [] })
[2m2026-10-03T07:42:30.765758Z[0m [33m WARN[0m [2mplatform_linux::overlay[0m[2m:[0m X11 overlay: root reads cannot see this window's own pixels; save-unders will be served without readback confirmation
dbus-daemon[1045163]: [session uid=1000 pid=1045163 pidfd=4] Activating service name='org.freedesktop.systemd1' requested by ':1.4' (uid=1000 pid=1045258 comm="/usr/bin/dbus-broker-launch --config-file=/usr/sha")
dbus-daemon[1045163]: [session uid=1000 pid=1045163 pidfd=4] Activated service 'org.freedesktop.systemd1' failed: Process org.freedesktop.systemd1 exited with status 1
dbus-daemon[1045163]: [session uid=1000 pid=1045163 pidfd=4] Activating service name='org.freedesktop.systemd1' requested by ':1.4' (uid=1000 pid=1045258 comm="/usr/bin/dbus-broker-launch --config-file=/usr/sha")
dbus-daemon[1045163]: [session uid=1000 pid=1045163 pidfd=4] Activated service 'org.freedesktop.systemd1' failed: Process org.freedesktop.systemd1 exited with status 1
{"trial": "m-a1-r08-fill-C", "outcome": "verified", "oracle_exact_match": true, "completion_mutations": 1, "routes": ["compiled"], "loadavg_before": "3.66 5.76 6.78 2/2339 1079997"}
dbus-daemon[1045163]: [session uid=1000 pid=1045163 pidfd=4] Activating service name='org.freedesktop.systemd1' requested by ':1.4' (uid=1000 pid=1045258 comm="/usr/bin/dbus-broker-launch --config-file=/usr/sha")
dbus-daemon[1045163]: [session uid=1000 pid=1045163 pidfd=4] Activated service 'org.freedesktop.systemd1' failed: Process org.freedesktop.systemd1 exited with status 1
[2m2026-10-03T07:42:32.259090Z[0m [33m WARN[0m [2mcua_driver_sdk::runtime[0m[2m:[0m could not activate the persistent AT-SPI listener: AT-SPI connect failed: ZBus Error: MethodError(OwnedErrorName("org.freedesktop.DBus.Error.NameHasNoOwner"), Some("Could not activate remote peer 'org.a11y.atspi.Registry': unit failed"), Msg { type: Error, serial: 4294967295, sender: UniqueName("org.freedesktop.DBus"), reply-serial: 9, body: Str, fds: [] })
[2m2026-10-03T07:42:32.268473Z[0m [33m WARN[0m [2mplatform_linux::overlay[0m[2m:[0m X11 overlay: root reads cannot see this window's own pixels; save-unders will be served without readback confirmation
dbus-daemon[1045163]: [session uid=1000 pid=1045163 pidfd=4] Activating service name='org.freedesktop.systemd1' requested by ':1.4' (uid=1000 pid=1045258 comm="/usr/bin/dbus-broker-launch --config-file=/usr/sha")
dbus-daemon[1045163]: [session uid=1000 pid=1045163 pidfd=4] Activated service 'org.freedesktop.systemd1' failed: Process org.freedesktop.systemd1 exited with status 1
dbus-daemon[1045163]: [session uid=1000 pid=1045163 pidfd=4] Activating service name='org.freedesktop.systemd1' requested by ':1.4' (uid=1000 pid=1045258 comm="/usr/bin/dbus-broker-launch --config-file=/usr/sha")
dbus-daemon[1045163]: [session uid=1000 pid=1045163 pidfd=4] Activated service 'org.freedesktop.systemd1' failed: Process org.freedesktop.systemd1 exited with status 1
{"trial": "m-a1-r08-fill-Wa", "outcome": "verified", "oracle_exact_match": true, "completion_mutations": 1, "routes": ["compiled"], "loadavg_before": "3.66 5.76 6.78 4/2343 1080286"}
dbus-daemon[1045163]: [session uid=1000 pid=1045163 pidfd=4] Activating service name='org.freedesktop.systemd1' requested by ':1.4' (uid=1000 pid=1045258 comm="/usr/bin/dbus-broker-launch --config-file=/usr/sha")
dbus-daemon[1045163]: [session uid=1000 pid=1045163 pidfd=4] Activated service 'org.freedesktop.systemd1' failed: Process org.freedesktop.systemd1 exited with status 1
[2m2026-10-03T07:42:33.759684Z[0m [33m WARN[0m [2mcua_driver_sdk::runtime[0m[2m:[0m could not activate the persistent AT-SPI listener: AT-SPI connect failed: ZBus Error: MethodError(OwnedErrorName("org.freedesktop.DBus.Error.NameHasNoOwner"), Some("Could not activate remote peer 'org.a11y.atspi.Registry': unit failed"), Msg { type: Error, serial: 4294967295, sender: UniqueName("org.freedesktop.DBus"), reply-serial: 9, body: Str, fds: [] })
[2m2026-10-03T07:42:33.767068Z[0m [33m WARN[0m [2mplatform_linux::overlay[0m[2m:[0m X11 overlay: root reads cannot see this window's own pixels; save-unders will be served without readback confirmation
dbus-daemon[1045163]: [session uid=1000 pid=1045163 pidfd=4] Activating service name='org.freedesktop.systemd1' requested by ':1.4' (uid=1000 pid=1045258 comm="/usr/bin/dbus-broker-launch --config-file=/usr/sha")
dbus-daemon[1045163]: [session uid=1000 pid=1045163 pidfd=4] Activated service 'org.freedesktop.systemd1' failed: Process org.freedesktop.systemd1 exited with status 1
dbus-daemon[1045163]: [session uid=1000 pid=1045163 pidfd=4] Activating service name='org.freedesktop.systemd1' requested by ':1.4' (uid=1000 pid=1045258 comm="/usr/bin/dbus-broker-launch --config-file=/usr/sha")
dbus-daemon[1045163]: [session uid=1000 pid=1045163 pidfd=4] Activated service 'org.freedesktop.systemd1' failed: Process org.freedesktop.systemd1 exited with status 1
{"trial": "m-a1-r08-fill-P", "outcome": "verified", "oracle_exact_match": true, "completion_mutations": 1, "routes": ["compiled"], "loadavg_before": "3.66 5.76 6.78 1/2341 1080584"}
dbus-daemon[1045163]: [session uid=1000 pid=1045163 pidfd=4] Activating service name='org.freedesktop.systemd1' requested by ':1.4' (uid=1000 pid=1045258 comm="/usr/bin/dbus-broker-launch --config-file=/usr/sha")
dbus-daemon[1045163]: [session uid=1000 pid=1045163 pidfd=4] Activated service 'org.freedesktop.systemd1' failed: Process org.freedesktop.systemd1 exited with status 1
[2m2026-10-03T07:42:35.261074Z[0m [33m WARN[0m [2mcua_driver_sdk::runtime[0m[2m:[0m could not activate the persistent AT-SPI listener: AT-SPI connect failed: ZBus Error: MethodError(OwnedErrorName("org.freedesktop.DBus.Error.NameHasNoOwner"), Some("Could not activate remote peer 'org.a11y.atspi.Registry': unit failed"), Msg { type: Error, serial: 4294967295, sender: UniqueName("org.freedesktop.DBus"), reply-serial: 9, body: Str, fds: [] })
[2m2026-10-03T07:42:35.268640Z[0m [33m WARN[0m [2mplatform_linux::overlay[0m[2m:[0m X11 overlay: root reads cannot see this window's own pixels; save-unders will be served without readback confirmation
dbus-daemon[1045163]: [session uid=1000 pid=1045163 pidfd=4] Activating service name='org.freedesktop.systemd1' requested by ':1.4' (uid=1000 pid=1045258 comm="/usr/bin/dbus-broker-launch --config-file=/usr/sha")
dbus-daemon[1045163]: [session uid=1000 pid=1045163 pidfd=4] Activated service 'org.freedesktop.systemd1' failed: Process org.freedesktop.systemd1 exited with status 1
dbus-daemon[1045163]: [session uid=1000 pid=1045163 pidfd=4] Activating service name='org.freedesktop.systemd1' requested by ':1.4' (uid=1000 pid=1045258 comm="/usr/bin/dbus-broker-launch --config-file=/usr/sha")
dbus-daemon[1045163]: [session uid=1000 pid=1045163 pidfd=4] Activated service 'org.freedesktop.systemd1' failed: Process org.freedesktop.systemd1 exited with status 1
{"trial": "m-a1-r08-fill-Wb", "outcome": "verified", "oracle_exact_match": true, "completion_mutations": 1, "routes": ["compiled"], "loadavg_before": "3.37 5.67 6.74 2/2348 1080936"}
dbus-daemon[1045163]: [session uid=1000 pid=1045163 pidfd=4] Activating service name='org.freedesktop.systemd1' requested by ':1.4' (uid=1000 pid=1045258 comm="/usr/bin/dbus-broker-launch --config-file=/usr/sha")
dbus-daemon[1045163]: [session uid=1000 pid=1045163 pidfd=4] Activated service 'org.freedesktop.systemd1' failed: Process org.freedesktop.systemd1 exited with status 1
[2m2026-10-03T07:42:36.761020Z[0m [33m WARN[0m [2mcua_driver_sdk::runtime[0m[2m:[0m could not activate the persistent AT-SPI listener: AT-SPI connect failed: ZBus Error: MethodError(OwnedErrorName("org.freedesktop.DBus.Error.NameHasNoOwner"), Some("Could not activate remote peer 'org.a11y.atspi.Registry': unit failed"), Msg { type: Error, serial: 4294967295, sender: UniqueName("org.freedesktop.DBus"), reply-serial: 9, body: Str, fds: [] })
[2m2026-10-03T07:42:36.769402Z[0m [33m WARN[0m [2mplatform_linux::overlay[0m[2m:[0m X11 overlay: root reads cannot see this window's own pixels; save-unders will be served without readback confirmation
dbus-daemon[1045163]: [session uid=1000 pid=1045163 pidfd=4] Activating service name='org.freedesktop.systemd1' requested by ':1.4' (uid=1000 pid=1045258 comm="/usr/bin/dbus-broker-launch --config-file=/usr/sha")
dbus-daemon[1045163]: [session uid=1000 pid=1045163 pidfd=4] Activated service 'org.freedesktop.systemd1' failed: Process org.freedesktop.systemd1 exited with status 1
dbus-daemon[1045163]: [session uid=1000 pid=1045163 pidfd=4] Activating service name='org.freedesktop.systemd1' requested by ':1.4' (uid=1000 pid=1045258 comm="/usr/bin/dbus-broker-launch --config-file=/usr/sha")
dbus-daemon[1045163]: [session uid=1000 pid=1045163 pidfd=4] Activated service 'org.freedesktop.systemd1' failed: Process org.freedesktop.systemd1 exited with status 1
{"trial": "m-a1-r08-toggle-Wa", "outcome": "verified", "oracle_exact_match": true, "completion_mutations": 1, "routes": ["provider", "provider"], "loadavg_before": "3.37 5.67 6.74 3/2352 1081278"}
dbus-daemon[1045163]: [session uid=1000 pid=1045163 pidfd=4] Activating service name='org.freedesktop.systemd1' requested by ':1.4' (uid=1000 pid=1045258 comm="/usr/bin/dbus-broker-launch --config-file=/usr/sha")
dbus-daemon[1045163]: [session uid=1000 pid=1045163 pidfd=4] Activated service 'org.freedesktop.systemd1' failed: Process org.freedesktop.systemd1 exited with status 1
[2m2026-10-03T07:42:37.899132Z[0m [33m WARN[0m [2mcua_driver_sdk::runtime[0m[2m:[0m could not activate the persistent AT-SPI listener: AT-SPI connect failed: ZBus Error: MethodError(OwnedErrorName("org.freedesktop.DBus.Error.NameHasNoOwner"), Some("Could not activate remote peer 'org.a11y.atspi.Registry': unit failed"), Msg { type: Error, serial: 4294967295, sender: UniqueName("org.freedesktop.DBus"), reply-serial: 9, body: Str, fds: [] })
[2m2026-10-03T07:42:37.906729Z[0m [33m WARN[0m [2mplatform_linux::overlay[0m[2m:[0m X11 overlay: root reads cannot see this window's own pixels; save-unders will be served without readback confirmation
dbus-daemon[1045163]: [session uid=1000 pid=1045163 pidfd=4] Activating service name='org.freedesktop.systemd1' requested by ':1.4' (uid=1000 pid=1045258 comm="/usr/bin/dbus-broker-launch --config-file=/usr/sha")
dbus-daemon[1045163]: [session uid=1000 pid=1045163 pidfd=4] Activated service 'org.freedesktop.systemd1' failed: Process org.freedesktop.systemd1 exited with status 1
dbus-daemon[1045163]: [session uid=1000 pid=1045163 pidfd=4] Activating service name='org.freedesktop.systemd1' requested by ':1.4' (uid=1000 pid=1045258 comm="/usr/bin/dbus-broker-launch --config-file=/usr/sha")
dbus-daemon[1045163]: [session uid=1000 pid=1045163 pidfd=4] Activated service 'org.freedesktop.systemd1' failed: Process org.freedesktop.systemd1 exited with status 1
{"trial": "m-a1-r08-toggle-Wb", "outcome": "verified", "oracle_exact_match": true, "completion_mutations": 1, "routes": ["provider", "provider"], "loadavg_before": "3.37 5.67 6.74 2/2349 1081556"}
dbus-daemon[1045163]: [session uid=1000 pid=1045163 pidfd=4] Activating service name='org.freedesktop.systemd1' requested by ':1.4' (uid=1000 pid=1045258 comm="/usr/bin/dbus-broker-launch --config-file=/usr/sha")
dbus-daemon[1045163]: [session uid=1000 pid=1045163 pidfd=4] Activated service 'org.freedesktop.systemd1' failed: Process org.freedesktop.systemd1 exited with status 1
[2m2026-10-03T07:42:39.042437Z[0m [33m WARN[0m [2mcua_driver_sdk::runtime[0m[2m:[0m could not activate the persistent AT-SPI listener: AT-SPI connect failed: ZBus Error: MethodError(OwnedErrorName("org.freedesktop.DBus.Error.NameHasNoOwner"), Some("Could not activate remote peer 'org.a11y.atspi.Registry': unit failed"), Msg { type: Error, serial: 4294967295, sender: UniqueName("org.freedesktop.DBus"), reply-serial: 9, body: Str, fds: [] })
[2m2026-10-03T07:42:39.049973Z[0m [33m WARN[0m [2mplatform_linux::overlay[0m[2m:[0m X11 overlay: root reads cannot see this window's own pixels; save-unders will be served without readback confirmation
dbus-daemon[1045163]: [session uid=1000 pid=1045163 pidfd=4] Activating service name='org.freedesktop.systemd1' requested by ':1.4' (uid=1000 pid=1045258 comm="/usr/bin/dbus-broker-launch --config-file=/usr/sha")
dbus-daemon[1045163]: [session uid=1000 pid=1045163 pidfd=4] Activated service 'org.freedesktop.systemd1' failed: Process org.freedesktop.systemd1 exited with status 1
dbus-daemon[1045163]: [session uid=1000 pid=1045163 pidfd=4] Activating service name='org.freedesktop.systemd1' requested by ':1.4' (uid=1000 pid=1045258 comm="/usr/bin/dbus-broker-launch --config-file=/usr/sha")
dbus-daemon[1045163]: [session uid=1000 pid=1045163 pidfd=4] Activated service 'org.freedesktop.systemd1' failed: Process org.freedesktop.systemd1 exited with status 1
{"trial": "m-a1-r08-toggle-C", "outcome": "verified", "oracle_exact_match": true, "completion_mutations": 1, "routes": ["provider", "provider"], "loadavg_before": "3.37 5.67 6.74 2/2349 1081863"}
dbus-daemon[1045163]: [session uid=1000 pid=1045163 pidfd=4] Activating service name='org.freedesktop.systemd1' requested by ':1.4' (uid=1000 pid=1045258 comm="/usr/bin/dbus-broker-launch --config-file=/usr/sha")
dbus-daemon[1045163]: [session uid=1000 pid=1045163 pidfd=4] Activated service 'org.freedesktop.systemd1' failed: Process org.freedesktop.systemd1 exited with status 1
[2m2026-10-03T07:42:40.166528Z[0m [33m WARN[0m [2mcua_driver_sdk::runtime[0m[2m:[0m could not activate the persistent AT-SPI listener: AT-SPI connect failed: ZBus Error: MethodError(OwnedErrorName("org.freedesktop.DBus.Error.NameHasNoOwner"), Some("Could not activate remote peer 'org.a11y.atspi.Registry': unit failed"), Msg { type: Error, serial: 4294967295, sender: UniqueName("org.freedesktop.DBus"), reply-serial: 9, body: Str, fds: [] })
[2m2026-10-03T07:42:40.174940Z[0m [33m WARN[0m [2mplatform_linux::overlay[0m[2m:[0m X11 overlay: root reads cannot see this window's own pixels; save-unders will be served without readback confirmation
dbus-daemon[1045163]: [session uid=1000 pid=1045163 pidfd=4] Activating service name='org.freedesktop.systemd1' requested by ':1.4' (uid=1000 pid=1045258 comm="/usr/bin/dbus-broker-launch --config-file=/usr/sha")
dbus-daemon[1045163]: [session uid=1000 pid=1045163 pidfd=4] Activated service 'org.freedesktop.systemd1' failed: Process org.freedesktop.systemd1 exited with status 1
dbus-daemon[1045163]: [session uid=1000 pid=1045163 pidfd=4] Activating service name='org.freedesktop.systemd1' requested by ':1.4' (uid=1000 pid=1045258 comm="/usr/bin/dbus-broker-launch --config-file=/usr/sha")
dbus-daemon[1045163]: [session uid=1000 pid=1045163 pidfd=4] Activated service 'org.freedesktop.systemd1' failed: Process org.freedesktop.systemd1 exited with status 1
{"trial": "m-a1-r08-toggle-P", "outcome": "verified", "oracle_exact_match": true, "completion_mutations": 1, "routes": ["provider", "provider"], "loadavg_before": "4.06 5.77 6.77 1/2366 1082234"}
dbus-daemon[1045163]: [session uid=1000 pid=1045163 pidfd=4] Activating service name='org.freedesktop.systemd1' requested by ':1.4' (uid=1000 pid=1045258 comm="/usr/bin/dbus-broker-launch --config-file=/usr/sha")
dbus-daemon[1045163]: [session uid=1000 pid=1045163 pidfd=4] Activated service 'org.freedesktop.systemd1' failed: Process org.freedesktop.systemd1 exited with status 1
[2m2026-10-03T07:42:41.312030Z[0m [33m WARN[0m [2mcua_driver_sdk::runtime[0m[2m:[0m could not activate the persistent AT-SPI listener: AT-SPI connect failed: ZBus Error: MethodError(OwnedErrorName("org.freedesktop.DBus.Error.NameHasNoOwner"), Some("Could not activate remote peer 'org.a11y.atspi.Registry': unit failed"), Msg { type: Error, serial: 4294967295, sender: UniqueName("org.freedesktop.DBus"), reply-serial: 9, body: Str, fds: [] })
[2m2026-10-03T07:42:41.319670Z[0m [33m WARN[0m [2mplatform_linux::overlay[0m[2m:[0m X11 overlay: root reads cannot see this window's own pixels; save-unders will be served without readback confirmation
dbus-daemon[1045163]: [session uid=1000 pid=1045163 pidfd=4] Activating service name='org.freedesktop.systemd1' requested by ':1.4' (uid=1000 pid=1045258 comm="/usr/bin/dbus-broker-launch --config-file=/usr/sha")
dbus-daemon[1045163]: [session uid=1000 pid=1045163 pidfd=4] Activated service 'org.freedesktop.systemd1' failed: Process org.freedesktop.systemd1 exited with status 1
dbus-daemon[1045163]: [session uid=1000 pid=1045163 pidfd=4] Activating service name='org.freedesktop.systemd1' requested by ':1.4' (uid=1000 pid=1045258 comm="/usr/bin/dbus-broker-launch --config-file=/usr/sha")
dbus-daemon[1045163]: [session uid=1000 pid=1045163 pidfd=4] Activated service 'org.freedesktop.systemd1' failed: Process org.freedesktop.systemd1 exited with status 1
{"trial": "m-a1-r08-modal-Wb", "outcome": "verified", "oracle_exact_match": true, "completion_mutations": 1, "routes": ["provider", "provider"], "loadavg_before": "4.06 5.77 6.77 2/2374 1082498"}
dbus-daemon[1045163]: [session uid=1000 pid=1045163 pidfd=4] Activating service name='org.freedesktop.systemd1' requested by ':1.4' (uid=1000 pid=1045258 comm="/usr/bin/dbus-broker-launch --config-file=/usr/sha")
dbus-daemon[1045163]: [session uid=1000 pid=1045163 pidfd=4] Activated service 'org.freedesktop.systemd1' failed: Process org.freedesktop.systemd1 exited with status 1
[2m2026-10-03T07:42:42.457001Z[0m [33m WARN[0m [2mcua_driver_sdk::runtime[0m[2m:[0m could not activate the persistent AT-SPI listener: AT-SPI connect failed: ZBus Error: MethodError(OwnedErrorName("org.freedesktop.DBus.Error.NameHasNoOwner"), Some("Could not activate remote peer 'org.a11y.atspi.Registry': unit failed"), Msg { type: Error, serial: 4294967295, sender: UniqueName("org.freedesktop.DBus"), reply-serial: 9, body: Str, fds: [] })
[2m2026-10-03T07:42:42.465175Z[0m [33m WARN[0m [2mplatform_linux::overlay[0m[2m:[0m X11 overlay: root reads cannot see this window's own pixels; save-unders will be served without readback confirmation
dbus-daemon[1045163]: [session uid=1000 pid=1045163 pidfd=4] Activating service name='org.freedesktop.systemd1' requested by ':1.4' (uid=1000 pid=1045258 comm="/usr/bin/dbus-broker-launch --config-file=/usr/sha")
dbus-daemon[1045163]: [session uid=1000 pid=1045163 pidfd=4] Activated service 'org.freedesktop.systemd1' failed: Process org.freedesktop.systemd1 exited with status 1
dbus-daemon[1045163]: [session uid=1000 pid=1045163 pidfd=4] Activating service name='org.freedesktop.systemd1' requested by ':1.4' (uid=1000 pid=1045258 comm="/usr/bin/dbus-broker-launch --config-file=/usr/sha")
dbus-daemon[1045163]: [session uid=1000 pid=1045163 pidfd=4] Activated service 'org.freedesktop.systemd1' failed: Process org.freedesktop.systemd1 exited with status 1
{"trial": "m-a1-r08-modal-P", "outcome": "verified", "oracle_exact_match": true, "completion_mutations": 1, "routes": ["provider", "provider"], "loadavg_before": "4.06 5.77 6.77 2/2378 1082793"}
dbus-daemon[1045163]: [session uid=1000 pid=1045163 pidfd=4] Activating service name='org.freedesktop.systemd1' requested by ':1.4' (uid=1000 pid=1045258 comm="/usr/bin/dbus-broker-launch --config-file=/usr/sha")
dbus-daemon[1045163]: [session uid=1000 pid=1045163 pidfd=4] Activated service 'org.freedesktop.systemd1' failed: Process org.freedesktop.systemd1 exited with status 1
[2m2026-10-03T07:42:43.605907Z[0m [33m WARN[0m [2mcua_driver_sdk::runtime[0m[2m:[0m could not activate the persistent AT-SPI listener: AT-SPI connect failed: ZBus Error: MethodError(OwnedErrorName("org.freedesktop.DBus.Error.NameHasNoOwner"), Some("Could not activate remote peer 'org.a11y.atspi.Registry': unit failed"), Msg { type: Error, serial: 4294967295, sender: UniqueName("org.freedesktop.DBus"), reply-serial: 9, body: Str, fds: [] })
[2m2026-10-03T07:42:43.613630Z[0m [33m WARN[0m [2mplatform_linux::overlay[0m[2m:[0m X11 overlay: root reads cannot see this window's own pixels; save-unders will be served without readback confirmation
dbus-daemon[1045163]: [session uid=1000 pid=1045163 pidfd=4] Activating service name='org.freedesktop.systemd1' requested by ':1.4' (uid=1000 pid=1045258 comm="/usr/bin/dbus-broker-launch --config-file=/usr/sha")
dbus-daemon[1045163]: [session uid=1000 pid=1045163 pidfd=4] Activated service 'org.freedesktop.systemd1' failed: Process org.freedesktop.systemd1 exited with status 1
dbus-daemon[1045163]: [session uid=1000 pid=1045163 pidfd=4] Activating service name='org.freedesktop.systemd1' requested by ':1.4' (uid=1000 pid=1045258 comm="/usr/bin/dbus-broker-launch --config-file=/usr/sha")
dbus-daemon[1045163]: [session uid=1000 pid=1045163 pidfd=4] Activated service 'org.freedesktop.systemd1' failed: Process org.freedesktop.systemd1 exited with status 1
{"trial": "m-a1-r08-modal-Wa", "outcome": "verified", "oracle_exact_match": true, "completion_mutations": 1, "routes": ["provider", "provider"], "loadavg_before": "4.06 5.77 6.77 2/2374 1083044"}
dbus-daemon[1045163]: [session uid=1000 pid=1045163 pidfd=4] Activating service name='org.freedesktop.systemd1' requested by ':1.4' (uid=1000 pid=1045258 comm="/usr/bin/dbus-broker-launch --config-file=/usr/sha")
dbus-daemon[1045163]: [session uid=1000 pid=1045163 pidfd=4] Activated service 'org.freedesktop.systemd1' failed: Process org.freedesktop.systemd1 exited with status 1
[2m2026-10-03T07:42:44.739996Z[0m [33m WARN[0m [2mcua_driver_sdk::runtime[0m[2m:[0m could not activate the persistent AT-SPI listener: AT-SPI connect failed: ZBus Error: MethodError(OwnedErrorName("org.freedesktop.DBus.Error.NameHasNoOwner"), Some("Could not activate remote peer 'org.a11y.atspi.Registry': unit failed"), Msg { type: Error, serial: 4294967295, sender: UniqueName("org.freedesktop.DBus"), reply-serial: 9, body: Str, fds: [] })
[2m2026-10-03T07:42:44.747966Z[0m [33m WARN[0m [2mplatform_linux::overlay[0m[2m:[0m X11 overlay: root reads cannot see this window's own pixels; save-unders will be served without readback confirmation
dbus-daemon[1045163]: [session uid=1000 pid=1045163 pidfd=4] Activating service name='org.freedesktop.systemd1' requested by ':1.4' (uid=1000 pid=1045258 comm="/usr/bin/dbus-broker-launch --config-file=/usr/sha")
dbus-daemon[1045163]: [session uid=1000 pid=1045163 pidfd=4] Activated service 'org.freedesktop.systemd1' failed: Process org.freedesktop.systemd1 exited with status 1
dbus-daemon[1045163]: [session uid=1000 pid=1045163 pidfd=4] Activating service name='org.freedesktop.systemd1' requested by ':1.4' (uid=1000 pid=1045258 comm="/usr/bin/dbus-broker-launch --config-file=/usr/sha")
dbus-daemon[1045163]: [session uid=1000 pid=1045163 pidfd=4] Activated service 'org.freedesktop.systemd1' failed: Process org.freedesktop.systemd1 exited with status 1
{"trial": "m-a1-r08-modal-C", "outcome": "verified", "oracle_exact_match": true, "completion_mutations": 1, "routes": ["provider", "provider"], "loadavg_before": "3.81 5.69 6.74 1/2374 1083321"}
dbus-daemon[1045163]: [session uid=1000 pid=1045163 pidfd=4] Activating service name='org.freedesktop.systemd1' requested by ':1.4' (uid=1000 pid=1045258 comm="/usr/bin/dbus-broker-launch --config-file=/usr/sha")
dbus-daemon[1045163]: [session uid=1000 pid=1045163 pidfd=4] Activated service 'org.freedesktop.systemd1' failed: Process org.freedesktop.systemd1 exited with status 1
[2m2026-10-03T07:42:45.847849Z[0m [33m WARN[0m [2mcua_driver_sdk::runtime[0m[2m:[0m could not activate the persistent AT-SPI listener: AT-SPI connect failed: ZBus Error: MethodError(OwnedErrorName("org.freedesktop.DBus.Error.NameHasNoOwner"), Some("Could not activate remote peer 'org.a11y.atspi.Registry': unit failed"), Msg { type: Error, serial: 4294967295, sender: UniqueName("org.freedesktop.DBus"), reply-serial: 9, body: Str, fds: [] })
[2m2026-10-03T07:42:45.855336Z[0m [33m WARN[0m [2mplatform_linux::overlay[0m[2m:[0m X11 overlay: root reads cannot see this window's own pixels; save-unders will be served without readback confirmation
dbus-daemon[1045163]: [session uid=1000 pid=1045163 pidfd=4] Activating service name='org.freedesktop.systemd1' requested by ':1.4' (uid=1000 pid=1045258 comm="/usr/bin/dbus-broker-launch --config-file=/usr/sha")
dbus-daemon[1045163]: [session uid=1000 pid=1045163 pidfd=4] Activated service 'org.freedesktop.systemd1' failed: Process org.freedesktop.systemd1 exited with status 1
dbus-daemon[1045163]: [session uid=1000 pid=1045163 pidfd=4] Activating service name='org.freedesktop.systemd1' requested by ':1.4' (uid=1000 pid=1045258 comm="/usr/bin/dbus-broker-launch --config-file=/usr/sha")
dbus-daemon[1045163]: [session uid=1000 pid=1045163 pidfd=4] Activated service 'org.freedesktop.systemd1' failed: Process org.freedesktop.systemd1 exited with status 1
{"trial": "m-a1-r09-modal-P", "outcome": "verified", "oracle_exact_match": true, "completion_mutations": 1, "routes": ["provider", "provider"], "loadavg_before": "3.81 5.69 6.74 2/2374 1083591"}
dbus-daemon[1045163]: [session uid=1000 pid=1045163 pidfd=4] Activating service name='org.freedesktop.systemd1' requested by ':1.4' (uid=1000 pid=1045258 comm="/usr/bin/dbus-broker-launch --config-file=/usr/sha")
dbus-daemon[1045163]: [session uid=1000 pid=1045163 pidfd=4] Activated service 'org.freedesktop.systemd1' failed: Process org.freedesktop.systemd1 exited with status 1
[2m2026-10-03T07:42:47.000319Z[0m [33m WARN[0m [2mcua_driver_sdk::runtime[0m[2m:[0m could not activate the persistent AT-SPI listener: AT-SPI connect failed: ZBus Error: MethodError(OwnedErrorName("org.freedesktop.DBus.Error.NameHasNoOwner"), Some("Could not activate remote peer 'org.a11y.atspi.Registry': unit failed"), Msg { type: Error, serial: 4294967295, sender: UniqueName("org.freedesktop.DBus"), reply-serial: 9, body: Str, fds: [] })
[2m2026-10-03T07:42:47.008147Z[0m [33m WARN[0m [2mplatform_linux::overlay[0m[2m:[0m X11 overlay: root reads cannot see this window's own pixels; save-unders will be served without readback confirmation
dbus-daemon[1045163]: [session uid=1000 pid=1045163 pidfd=4] Activating service name='org.freedesktop.systemd1' requested by ':1.4' (uid=1000 pid=1045258 comm="/usr/bin/dbus-broker-launch --config-file=/usr/sha")
dbus-daemon[1045163]: [session uid=1000 pid=1045163 pidfd=4] Activated service 'org.freedesktop.systemd1' failed: Process org.freedesktop.systemd1 exited with status 1
dbus-daemon[1045163]: [session uid=1000 pid=1045163 pidfd=4] Activating service name='org.freedesktop.systemd1' requested by ':1.4' (uid=1000 pid=1045258 comm="/usr/bin/dbus-broker-launch --config-file=/usr/sha")
dbus-daemon[1045163]: [session uid=1000 pid=1045163 pidfd=4] Activated service 'org.freedesktop.systemd1' failed: Process org.freedesktop.systemd1 exited with status 1
{"trial": "m-a1-r09-modal-C", "outcome": "verified", "oracle_exact_match": true, "completion_mutations": 1, "routes": ["provider", "provider"], "loadavg_before": "3.81 5.69 6.74 1/2381 1083910"}
dbus-daemon[1045163]: [session uid=1000 pid=1045163 pidfd=4] Activating service name='org.freedesktop.systemd1' requested by ':1.4' (uid=1000 pid=1045258 comm="/usr/bin/dbus-broker-launch --config-file=/usr/sha")
dbus-daemon[1045163]: [session uid=1000 pid=1045163 pidfd=4] Activated service 'org.freedesktop.systemd1' failed: Process org.freedesktop.systemd1 exited with status 1
[2m2026-10-03T07:42:48.139748Z[0m [33m WARN[0m [2mcua_driver_sdk::runtime[0m[2m:[0m could not activate the persistent AT-SPI listener: AT-SPI connect failed: ZBus Error: MethodError(OwnedErrorName("org.freedesktop.DBus.Error.NameHasNoOwner"), Some("Could not activate remote peer 'org.a11y.atspi.Registry': unit failed"), Msg { type: Error, serial: 4294967295, sender: UniqueName("org.freedesktop.DBus"), reply-serial: 9, body: Str, fds: [] })
[2m2026-10-03T07:42:48.148257Z[0m [33m WARN[0m [2mplatform_linux::overlay[0m[2m:[0m X11 overlay: root reads cannot see this window's own pixels; save-unders will be served without readback confirmation
dbus-daemon[1045163]: [session uid=1000 pid=1045163 pidfd=4] Activating service name='org.freedesktop.systemd1' requested by ':1.4' (uid=1000 pid=1045258 comm="/usr/bin/dbus-broker-launch --config-file=/usr/sha")
dbus-daemon[1045163]: [session uid=1000 pid=1045163 pidfd=4] Activated service 'org.freedesktop.systemd1' failed: Process org.freedesktop.systemd1 exited with status 1
dbus-daemon[1045163]: [session uid=1000 pid=1045163 pidfd=4] Activating service name='org.freedesktop.systemd1' requested by ':1.4' (uid=1000 pid=1045258 comm="/usr/bin/dbus-broker-launch --config-file=/usr/sha")
dbus-daemon[1045163]: [session uid=1000 pid=1045163 pidfd=4] Activated service 'org.freedesktop.systemd1' failed: Process org.freedesktop.systemd1 exited with status 1
{"trial": "m-a1-r09-modal-Wb", "outcome": "verified", "oracle_exact_match": true, "completion_mutations": 1, "routes": ["provider", "provider"], "loadavg_before": "3.81 5.69 6.74 3/2381 1084371"}
dbus-daemon[1045163]: [session uid=1000 pid=1045163 pidfd=4] Activating service name='org.freedesktop.systemd1' requested by ':1.4' (uid=1000 pid=1045258 comm="/usr/bin/dbus-broker-launch --config-file=/usr/sha")
dbus-daemon[1045163]: [session uid=1000 pid=1045163 pidfd=4] Activated service 'org.freedesktop.systemd1' failed: Process org.freedesktop.systemd1 exited with status 1
[2m2026-10-03T07:42:49.312044Z[0m [33m WARN[0m [2mcua_driver_sdk::runtime[0m[2m:[0m could not activate the persistent AT-SPI listener: AT-SPI connect failed: ZBus Error: MethodError(OwnedErrorName("org.freedesktop.DBus.Error.NameHasNoOwner"), Some("Could not activate remote peer 'org.a11y.atspi.Registry': unit failed"), Msg { type: Error, serial: 4294967295, sender: UniqueName("org.freedesktop.DBus"), reply-serial: 9, body: Str, fds: [] })
[2m2026-10-03T07:42:49.320564Z[0m [33m WARN[0m [2mplatform_linux::overlay[0m[2m:[0m X11 overlay: root reads cannot see this window's own pixels; save-unders will be served without readback confirmation
dbus-daemon[1045163]: [session uid=1000 pid=1045163 pidfd=4] Activating service name='org.freedesktop.systemd1' requested by ':1.4' (uid=1000 pid=1045258 comm="/usr/bin/dbus-broker-launch --config-file=/usr/sha")
dbus-daemon[1045163]: [session uid=1000 pid=1045163 pidfd=4] Activated service 'org.freedesktop.systemd1' failed: Process org.freedesktop.systemd1 exited with status 1
dbus-daemon[1045163]: [session uid=1000 pid=1045163 pidfd=4] Activating service name='org.freedesktop.systemd1' requested by ':1.4' (uid=1000 pid=1045258 comm="/usr/bin/dbus-broker-launch --config-file=/usr/sha")
dbus-daemon[1045163]: [session uid=1000 pid=1045163 pidfd=4] Activated service 'org.freedesktop.systemd1' failed: Process org.freedesktop.systemd1 exited with status 1
{"trial": "m-a1-r09-modal-Wa", "outcome": "verified", "oracle_exact_match": true, "completion_mutations": 1, "routes": ["provider", "provider"], "loadavg_before": "3.81 5.69 6.74 2/2374 1084650"}
dbus-daemon[1045163]: [session uid=1000 pid=1045163 pidfd=4] Activating service name='org.freedesktop.systemd1' requested by ':1.4' (uid=1000 pid=1045258 comm="/usr/bin/dbus-broker-launch --config-file=/usr/sha")
dbus-daemon[1045163]: [session uid=1000 pid=1045163 pidfd=4] Activated service 'org.freedesktop.systemd1' failed: Process org.freedesktop.systemd1 exited with status 1
[2m2026-10-03T07:42:50.462212Z[0m [33m WARN[0m [2mcua_driver_sdk::runtime[0m[2m:[0m could not activate the persistent AT-SPI listener: AT-SPI connect failed: ZBus Error: MethodError(OwnedErrorName("org.freedesktop.DBus.Error.NameHasNoOwner"), Some("Could not activate remote peer 'org.a11y.atspi.Registry': unit failed"), Msg { type: Error, serial: 4294967295, sender: UniqueName("org.freedesktop.DBus"), reply-serial: 9, body: Str, fds: [] })
[2m2026-10-03T07:42:50.470014Z[0m [33m WARN[0m [2mplatform_linux::overlay[0m[2m:[0m X11 overlay: root reads cannot see this window's own pixels; save-unders will be served without readback confirmation
dbus-daemon[1045163]: [session uid=1000 pid=1045163 pidfd=4] Activating service name='org.freedesktop.systemd1' requested by ':1.4' (uid=1000 pid=1045258 comm="/usr/bin/dbus-broker-launch --config-file=/usr/sha")
dbus-daemon[1045163]: [session uid=1000 pid=1045163 pidfd=4] Activated service 'org.freedesktop.systemd1' failed: Process org.freedesktop.systemd1 exited with status 1
dbus-daemon[1045163]: [session uid=1000 pid=1045163 pidfd=4] Activating service name='org.freedesktop.systemd1' requested by ':1.4' (uid=1000 pid=1045258 comm="/usr/bin/dbus-broker-launch --config-file=/usr/sha")
dbus-daemon[1045163]: [session uid=1000 pid=1045163 pidfd=4] Activated service 'org.freedesktop.systemd1' failed: Process org.freedesktop.systemd1 exited with status 1
{"trial": "m-a1-r09-toggle-Wb", "outcome": "verified", "oracle_exact_match": true, "completion_mutations": 1, "routes": ["provider", "provider"], "loadavg_before": "3.75 5.65 6.72 1/2346 1084941"}
dbus-daemon[1045163]: [session uid=1000 pid=1045163 pidfd=4] Activating service name='org.freedesktop.systemd1' requested by ':1.4' (uid=1000 pid=1045258 comm="/usr/bin/dbus-broker-launch --config-file=/usr/sha")
dbus-daemon[1045163]: [session uid=1000 pid=1045163 pidfd=4] Activated service 'org.freedesktop.systemd1' failed: Process org.freedesktop.systemd1 exited with status 1
[2m2026-10-03T07:42:51.599604Z[0m [33m WARN[0m [2mcua_driver_sdk::runtime[0m[2m:[0m could not activate the persistent AT-SPI listener: AT-SPI connect failed: ZBus Error: MethodError(OwnedErrorName("org.freedesktop.DBus.Error.NameHasNoOwner"), Some("Could not activate remote peer 'org.a11y.atspi.Registry': unit failed"), Msg { type: Error, serial: 4294967295, sender: UniqueName("org.freedesktop.DBus"), reply-serial: 9, body: Str, fds: [] })
[2m2026-10-03T07:42:51.607508Z[0m [33m WARN[0m [2mplatform_linux::overlay[0m[2m:[0m X11 overlay: root reads cannot see this window's own pixels; save-unders will be served without readback confirmation
dbus-daemon[1045163]: [session uid=1000 pid=1045163 pidfd=4] Activating service name='org.freedesktop.systemd1' requested by ':1.4' (uid=1000 pid=1045258 comm="/usr/bin/dbus-broker-launch --config-file=/usr/sha")
dbus-daemon[1045163]: [session uid=1000 pid=1045163 pidfd=4] Activated service 'org.freedesktop.systemd1' failed: Process org.freedesktop.systemd1 exited with status 1
dbus-daemon[1045163]: [session uid=1000 pid=1045163 pidfd=4] Activating service name='org.freedesktop.systemd1' requested by ':1.4' (uid=1000 pid=1045258 comm="/usr/bin/dbus-broker-launch --config-file=/usr/sha")
dbus-daemon[1045163]: [session uid=1000 pid=1045163 pidfd=4] Activated service 'org.freedesktop.systemd1' failed: Process org.freedesktop.systemd1 exited with status 1
{"trial": "m-a1-r09-toggle-P", "outcome": "verified", "oracle_exact_match": true, "completion_mutations": 1, "routes": ["provider", "provider"], "loadavg_before": "3.75 5.65 6.72 1/2345 1085191"}
dbus-daemon[1045163]: [session uid=1000 pid=1045163 pidfd=4] Activating service name='org.freedesktop.systemd1' requested by ':1.4' (uid=1000 pid=1045258 comm="/usr/bin/dbus-broker-launch --config-file=/usr/sha")
dbus-daemon[1045163]: [session uid=1000 pid=1045163 pidfd=4] Activated service 'org.freedesktop.systemd1' failed: Process org.freedesktop.systemd1 exited with status 1
[2m2026-10-03T07:42:52.744417Z[0m [33m WARN[0m [2mcua_driver_sdk::runtime[0m[2m:[0m could not activate the persistent AT-SPI listener: AT-SPI connect failed: ZBus Error: MethodError(OwnedErrorName("org.freedesktop.DBus.Error.NameHasNoOwner"), Some("Could not activate remote peer 'org.a11y.atspi.Registry': unit failed"), Msg { type: Error, serial: 4294967295, sender: UniqueName("org.freedesktop.DBus"), reply-serial: 9, body: Str, fds: [] })
[2m2026-10-03T07:42:52.752161Z[0m [33m WARN[0m [2mplatform_linux::overlay[0m[2m:[0m X11 overlay: root reads cannot see this window's own pixels; save-unders will be served without readback confirmation
dbus-daemon[1045163]: [session uid=1000 pid=1045163 pidfd=4] Activating service name='org.freedesktop.systemd1' requested by ':1.4' (uid=1000 pid=1045258 comm="/usr/bin/dbus-broker-launch --config-file=/usr/sha")
dbus-daemon[1045163]: [session uid=1000 pid=1045163 pidfd=4] Activated service 'org.freedesktop.systemd1' failed: Process org.freedesktop.systemd1 exited with status 1
dbus-daemon[1045163]: [session uid=1000 pid=1045163 pidfd=4] Activating service name='org.freedesktop.systemd1' requested by ':1.4' (uid=1000 pid=1045258 comm="/usr/bin/dbus-broker-launch --config-file=/usr/sha")
dbus-daemon[1045163]: [session uid=1000 pid=1045163 pidfd=4] Activated service 'org.freedesktop.systemd1' failed: Process org.freedesktop.systemd1 exited with status 1
{"trial": "m-a1-r09-toggle-Wa", "outcome": "verified", "oracle_exact_match": true, "completion_mutations": 1, "routes": ["provider", "provider"], "loadavg_before": "3.75 5.65 6.72 1/2348 1085481"}
dbus-daemon[1045163]: [session uid=1000 pid=1045163 pidfd=4] Activating service name='org.freedesktop.systemd1' requested by ':1.4' (uid=1000 pid=1045258 comm="/usr/bin/dbus-broker-launch --config-file=/usr/sha")
dbus-daemon[1045163]: [session uid=1000 pid=1045163 pidfd=4] Activated service 'org.freedesktop.systemd1' failed: Process org.freedesktop.systemd1 exited with status 1
[2m2026-10-03T07:42:53.872233Z[0m [33m WARN[0m [2mcua_driver_sdk::runtime[0m[2m:[0m could not activate the persistent AT-SPI listener: AT-SPI connect failed: ZBus Error: MethodError(OwnedErrorName("org.freedesktop.DBus.Error.NameHasNoOwner"), Some("Could not activate remote peer 'org.a11y.atspi.Registry': unit failed"), Msg { type: Error, serial: 4294967295, sender: UniqueName("org.freedesktop.DBus"), reply-serial: 9, body: Str, fds: [] })
[2m2026-10-03T07:42:53.879650Z[0m [33m WARN[0m [2mplatform_linux::overlay[0m[2m:[0m X11 overlay: root reads cannot see this window's own pixels; save-unders will be served without readback confirmation
dbus-daemon[1045163]: [session uid=1000 pid=1045163 pidfd=4] Activating service name='org.freedesktop.systemd1' requested by ':1.4' (uid=1000 pid=1045258 comm="/usr/bin/dbus-broker-launch --config-file=/usr/sha")
dbus-daemon[1045163]: [session uid=1000 pid=1045163 pidfd=4] Activated service 'org.freedesktop.systemd1' failed: Process org.freedesktop.systemd1 exited with status 1
dbus-daemon[1045163]: [session uid=1000 pid=1045163 pidfd=4] Activating service name='org.freedesktop.systemd1' requested by ':1.4' (uid=1000 pid=1045258 comm="/usr/bin/dbus-broker-launch --config-file=/usr/sha")
dbus-daemon[1045163]: [session uid=1000 pid=1045163 pidfd=4] Activated service 'org.freedesktop.systemd1' failed: Process org.freedesktop.systemd1 exited with status 1
{"trial": "m-a1-r09-toggle-C", "outcome": "verified", "oracle_exact_match": true, "completion_mutations": 1, "routes": ["provider", "provider"], "loadavg_before": "3.75 5.65 6.72 2/2353 1085739"}
dbus-daemon[1045163]: [session uid=1000 pid=1045163 pidfd=4] Activating service name='org.freedesktop.systemd1' requested by ':1.4' (uid=1000 pid=1045258 comm="/usr/bin/dbus-broker-launch --config-file=/usr/sha")
dbus-daemon[1045163]: [session uid=1000 pid=1045163 pidfd=4] Activated service 'org.freedesktop.systemd1' failed: Process org.freedesktop.systemd1 exited with status 1
[2m2026-10-03T07:42:54.982492Z[0m [33m WARN[0m [2mcua_driver_sdk::runtime[0m[2m:[0m could not activate the persistent AT-SPI listener: AT-SPI connect failed: ZBus Error: MethodError(OwnedErrorName("org.freedesktop.DBus.Error.NameHasNoOwner"), Some("Could not activate remote peer 'org.a11y.atspi.Registry': unit failed"), Msg { type: Error, serial: 4294967295, sender: UniqueName("org.freedesktop.DBus"), reply-serial: 9, body: Str, fds: [] })
[2m2026-10-03T07:42:54.990853Z[0m [33m WARN[0m [2mplatform_linux::overlay[0m[2m:[0m X11 overlay: root reads cannot see this window's own pixels; save-unders will be served without readback confirmation
dbus-daemon[1045163]: [session uid=1000 pid=1045163 pidfd=4] Activating service name='org.freedesktop.systemd1' requested by ':1.4' (uid=1000 pid=1045258 comm="/usr/bin/dbus-broker-launch --config-file=/usr/sha")
dbus-daemon[1045163]: [session uid=1000 pid=1045163 pidfd=4] Activated service 'org.freedesktop.systemd1' failed: Process org.freedesktop.systemd1 exited with status 1
dbus-daemon[1045163]: [session uid=1000 pid=1045163 pidfd=4] Activating service name='org.freedesktop.systemd1' requested by ':1.4' (uid=1000 pid=1045258 comm="/usr/bin/dbus-broker-launch --config-file=/usr/sha")
dbus-daemon[1045163]: [session uid=1000 pid=1045163 pidfd=4] Activated service 'org.freedesktop.systemd1' failed: Process org.freedesktop.systemd1 exited with status 1
{"trial": "m-a1-r09-fill-Wa", "outcome": "verified", "oracle_exact_match": true, "completion_mutations": 1, "routes": ["compiled"], "loadavg_before": "3.53 5.57 6.69 3/2362 1086162"}
dbus-daemon[1045163]: [session uid=1000 pid=1045163 pidfd=4] Activating service name='org.freedesktop.systemd1' requested by ':1.4' (uid=1000 pid=1045258 comm="/usr/bin/dbus-broker-launch --config-file=/usr/sha")
dbus-daemon[1045163]: [session uid=1000 pid=1045163 pidfd=4] Activated service 'org.freedesktop.systemd1' failed: Process org.freedesktop.systemd1 exited with status 1
[2m2026-10-03T07:42:56.483332Z[0m [33m WARN[0m [2mcua_driver_sdk::runtime[0m[2m:[0m could not activate the persistent AT-SPI listener: AT-SPI connect failed: ZBus Error: MethodError(OwnedErrorName("org.freedesktop.DBus.Error.NameHasNoOwner"), Some("Could not activate remote peer 'org.a11y.atspi.Registry': unit failed"), Msg { type: Error, serial: 4294967295, sender: UniqueName("org.freedesktop.DBus"), reply-serial: 9, body: Str, fds: [] })
[2m2026-10-03T07:42:56.491614Z[0m [33m WARN[0m [2mplatform_linux::overlay[0m[2m:[0m X11 overlay: root reads cannot see this window's own pixels; save-unders will be served without readback confirmation
dbus-daemon[1045163]: [session uid=1000 pid=1045163 pidfd=4] Activating service name='org.freedesktop.systemd1' requested by ':1.4' (uid=1000 pid=1045258 comm="/usr/bin/dbus-broker-launch --config-file=/usr/sha")
dbus-daemon[1045163]: [session uid=1000 pid=1045163 pidfd=4] Activated service 'org.freedesktop.systemd1' failed: Process org.freedesktop.systemd1 exited with status 1
dbus-daemon[1045163]: [session uid=1000 pid=1045163 pidfd=4] Activating service name='org.freedesktop.systemd1' requested by ':1.4' (uid=1000 pid=1045258 comm="/usr/bin/dbus-broker-launch --config-file=/usr/sha")
dbus-daemon[1045163]: [session uid=1000 pid=1045163 pidfd=4] Activated service 'org.freedesktop.systemd1' failed: Process org.freedesktop.systemd1 exited with status 1
{"trial": "m-a1-r09-fill-Wb", "outcome": "verified", "oracle_exact_match": true, "completion_mutations": 1, "routes": ["compiled"], "loadavg_before": "3.53 5.57 6.69 6/2373 1086589"}
dbus-daemon[1045163]: [session uid=1000 pid=1045163 pidfd=4] Activating service name='org.freedesktop.systemd1' requested by ':1.4' (uid=1000 pid=1045258 comm="/usr/bin/dbus-broker-launch --config-file=/usr/sha")
dbus-daemon[1045163]: [session uid=1000 pid=1045163 pidfd=4] Activated service 'org.freedesktop.systemd1' failed: Process org.freedesktop.systemd1 exited with status 1
[2m2026-10-03T07:42:58.065300Z[0m [33m WARN[0m [2mcua_driver_sdk::runtime[0m[2m:[0m could not activate the persistent AT-SPI listener: AT-SPI connect failed: ZBus Error: MethodError(OwnedErrorName("org.freedesktop.DBus.Error.NameHasNoOwner"), Some("Could not activate remote peer 'org.a11y.atspi.Registry': unit failed"), Msg { type: Error, serial: 4294967295, sender: UniqueName("org.freedesktop.DBus"), reply-serial: 9, body: Str, fds: [] })
[2m2026-10-03T07:42:58.073403Z[0m [33m WARN[0m [2mplatform_linux::overlay[0m[2m:[0m X11 overlay: root reads cannot see this window's own pixels; save-unders will be served without readback confirmation
dbus-daemon[1045163]: [session uid=1000 pid=1045163 pidfd=4] Activating service name='org.freedesktop.systemd1' requested by ':1.4' (uid=1000 pid=1045258 comm="/usr/bin/dbus-broker-launch --config-file=/usr/sha")
dbus-daemon[1045163]: [session uid=1000 pid=1045163 pidfd=4] Activated service 'org.freedesktop.systemd1' failed: Process org.freedesktop.systemd1 exited with status 1
dbus-daemon[1045163]: [session uid=1000 pid=1045163 pidfd=4] Activating service name='org.freedesktop.systemd1' requested by ':1.4' (uid=1000 pid=1045258 comm="/usr/bin/dbus-broker-launch --config-file=/usr/sha")
dbus-daemon[1045163]: [session uid=1000 pid=1045163 pidfd=4] Activated service 'org.freedesktop.systemd1' failed: Process org.freedesktop.systemd1 exited with status 1
{"trial": "m-a1-r09-fill-C", "outcome": "verified", "oracle_exact_match": true, "completion_mutations": 1, "routes": ["compiled"], "loadavg_before": "3.53 5.57 6.69 3/2354 1086873"}
dbus-daemon[1045163]: [session uid=1000 pid=1045163 pidfd=4] Activating service name='org.freedesktop.systemd1' requested by ':1.4' (uid=1000 pid=1045258 comm="/usr/bin/dbus-broker-launch --config-file=/usr/sha")
dbus-daemon[1045163]: [session uid=1000 pid=1045163 pidfd=4] Activated service 'org.freedesktop.systemd1' failed: Process org.freedesktop.systemd1 exited with status 1
[2m2026-10-03T07:42:59.485204Z[0m [33m WARN[0m [2mcua_driver_sdk::runtime[0m[2m:[0m could not activate the persistent AT-SPI listener: AT-SPI connect failed: ZBus Error: MethodError(OwnedErrorName("org.freedesktop.DBus.Error.NameHasNoOwner"), Some("Could not activate remote peer 'org.a11y.atspi.Registry': unit failed"), Msg { type: Error, serial: 4294967295, sender: UniqueName("org.freedesktop.DBus"), reply-serial: 9, body: Str, fds: [] })
[2m2026-10-03T07:42:59.493014Z[0m [33m WARN[0m [2mplatform_linux::overlay[0m[2m:[0m X11 overlay: root reads cannot see this window's own pixels; save-unders will be served without readback confirmation
dbus-daemon[1045163]: [session uid=1000 pid=1045163 pidfd=4] Activating service name='org.freedesktop.systemd1' requested by ':1.4' (uid=1000 pid=1045258 comm="/usr/bin/dbus-broker-launch --config-file=/usr/sha")
dbus-daemon[1045163]: [session uid=1000 pid=1045163 pidfd=4] Activated service 'org.freedesktop.systemd1' failed: Process org.freedesktop.systemd1 exited with status 1
dbus-daemon[1045163]: [session uid=1000 pid=1045163 pidfd=4] Activating service name='org.freedesktop.systemd1' requested by ':1.4' (uid=1000 pid=1045258 comm="/usr/bin/dbus-broker-launch --config-file=/usr/sha")
dbus-daemon[1045163]: [session uid=1000 pid=1045163 pidfd=4] Activated service 'org.freedesktop.systemd1' failed: Process org.freedesktop.systemd1 exited with status 1
{"trial": "m-a1-r09-fill-P", "outcome": "verified", "oracle_exact_match": true, "completion_mutations": 1, "routes": ["compiled"], "loadavg_before": "3.53 5.57 6.69 2/2354 1087157"}
[b06] end_utc=2026-10-03T07:43:01.095Z rc=0 loadavg=3.49 5.53 6.67
A connection to the bus can't be made
CRITICAL: [dbus_cb_name_lost:1438] Cannot connect to DBus.
[session] exit rc=0 run_dir=<lane-tmp>/x11-session.YTdvMz
[2026-10-03T07:43:01.126Z] chunk b06-main-a1-r00-09 rc=0 loadavg=3.49 5.53 6.67
