[18:24:23.251472]  -> wl_registry#2.global(28, "zwlr_screencopy_manager_v1", 3)
[18:24:23.251474]  -> wl_registry#2.global(29, "ext_image_copy_capture_manager_v1", 1)
[18:24:23.251476]  -> wl_registry#2.global(30, "ext_output_image_capture_source_manager_v1", 1)
[18:24:23.251493]  -> wl_registry#2.global(38, "ext_foreign_toplevel_image_capture_source_manager_v1", 1)
[18:24:23.251703] wl_registry#2.bind(28, "zwlr_screencopy_manager_v1", 3, new id [unknown]#5)
[18:24:23.282142]  -> wl_registry#2.global(28, "zwlr_screencopy_manager_v1", 3)
[18:24:23.282151]  -> wl_registry#2.global(29, "ext_image_copy_capture_manager_v1", 1)
[18:24:23.282163]  -> wl_registry#2.global(30, "ext_output_image_capture_source_manager_v1", 1)
[18:24:23.282190]  -> wl_registry#2.global(38, "ext_foreign_toplevel_image_capture_source_manager_v1", 1)
[18:24:23.282446] wl_registry#2.bind(28, "zwlr_screencopy_manager_v1", 3, new id [unknown]#5)
[18:24:23.282575] zwlr_screencopy_manager_v1#5.capture_output(new id zwlr_screencopy_frame_v1#9, 0, wl_output#8)
[18:24:23.282594]  -> zwlr_screencopy_frame_v1#9.buffer(1, 1920, 1080, 7680)
[18:24:23.282598]  -> zwlr_screencopy_frame_v1#9.buffer_done()
[18:24:23.282675] zwlr_screencopy_frame_v1#9.copy(wl_buffer#11)
[18:24:23.287360]  -> zwlr_screencopy_frame_v1#9.flags(0)
[18:24:23.287378]  -> zwlr_screencopy_frame_v1#9.ready(0, 269847, 259458290)
[18:24:23.305310] zwlr_screencopy_frame_v1#9.destroy()
[18:24:23.604685]  -> wl_registry#2.global(28, "zwlr_screencopy_manager_v1", 3)
[18:24:23.604689]  -> wl_registry#2.global(29, "ext_image_copy_capture_manager_v1", 1)
[18:24:23.604692]  -> wl_registry#2.global(30, "ext_output_image_capture_source_manager_v1", 1)
[18:24:23.604719]  -> wl_registry#2.global(38, "ext_foreign_toplevel_image_capture_source_manager_v1", 1)
[18:24:23.604927] wl_registry#2.bind(28, "zwlr_screencopy_manager_v1", 3, new id [unknown]#5)
[18:24:23.625258]  -> wl_registry#2.global(28, "zwlr_screencopy_manager_v1", 3)
[18:24:23.625262]  -> wl_registry#2.global(29, "ext_image_copy_capture_manager_v1", 1)
[18:24:23.625270]  -> wl_registry#2.global(30, "ext_output_image_capture_source_manager_v1", 1)
[18:24:23.625312]  -> wl_registry#2.global(38, "ext_foreign_toplevel_image_capture_source_manager_v1", 1)
[18:24:23.625518] wl_registry#2.bind(28, "zwlr_screencopy_manager_v1", 3, new id [unknown]#5)
[18:24:23.625620] zwlr_screencopy_manager_v1#5.capture_output(new id zwlr_screencopy_frame_v1#9, 0, wl_output#8)
[18:24:23.625631]  -> zwlr_screencopy_frame_v1#9.buffer(1, 1920, 1080, 7680)
[18:24:23.625635]  -> zwlr_screencopy_frame_v1#9.buffer_done()
[18:24:23.625698] zwlr_screencopy_frame_v1#9.copy(wl_buffer#11)
[18:24:23.630400]  -> zwlr_screencopy_frame_v1#9.flags(0)
[18:24:23.630420]  -> zwlr_screencopy_frame_v1#9.ready(0, 269847, 602469621)
[18:24:23.644796] zwlr_screencopy_frame_v1#9.destroy()
[18:24:23.917119]  -> wl_registry#2.global(28, "zwlr_screencopy_manager_v1", 3)
[18:24:23.917122]  -> wl_registry#2.global(29, "ext_image_copy_capture_manager_v1", 1)
[18:24:23.917128]  -> wl_registry#2.global(30, "ext_output_image_capture_source_manager_v1", 1)
[18:24:23.917156]  -> wl_registry#2.global(38, "ext_foreign_toplevel_image_capture_source_manager_v1", 1)
[18:24:23.917315] wl_registry#2.bind(28, "zwlr_screencopy_manager_v1", 3, new id [unknown]#5)
[18:24:24.056245]  -> wl_registry#2.global(28, "zwlr_screencopy_manager_v1", 3)
[18:24:24.056248]  -> wl_registry#2.global(29, "ext_image_copy_capture_manager_v1", 1)
[18:24:24.056251]  -> wl_registry#2.global(30, "ext_output_image_capture_source_manager_v1", 1)
[18:24:24.056284]  -> wl_registry#2.global(38, "ext_foreign_toplevel_image_capture_source_manager_v1", 1)
[18:24:24.056519] wl_registry#2.bind(28, "zwlr_screencopy_manager_v1", 3, new id [unknown]#5)
[18:24:24.174141]  -> wl_registry#2.global(28, "zwlr_screencopy_manager_v1", 3)
[18:24:24.174143]  -> wl_registry#2.global(29, "ext_image_copy_capture_manager_v1", 1)
[18:24:24.174145]  -> wl_registry#2.global(30, "ext_output_image_capture_source_manager_v1", 1)
[18:24:24.174161]  -> wl_registry#2.global(38, "ext_foreign_toplevel_image_capture_source_manager_v1", 1)
[18:24:24.174342] wl_registry#2.bind(28, "zwlr_screencopy_manager_v1", 3, new id [unknown]#5)
[18:24:24.204057]  -> wl_registry#2.global(28, "zwlr_screencopy_manager_v1", 3)
[18:24:24.204059]  -> wl_registry#2.global(29, "ext_image_copy_capture_manager_v1", 1)
[18:24:24.204061]  -> wl_registry#2.global(30, "ext_output_image_capture_source_manager_v1", 1)
[18:24:24.204077]  -> wl_registry#2.global(38, "ext_foreign_toplevel_image_capture_source_manager_v1", 1)
[18:24:24.204218] wl_registry#2.bind(28, "zwlr_screencopy_manager_v1", 3, new id [unknown]#5)
[18:24:24.204292] zwlr_screencopy_manager_v1#5.capture_output(new id zwlr_screencopy_frame_v1#9, 0, wl_output#8)
[18:24:24.204300]  -> zwlr_screencopy_frame_v1#9.buffer(1, 1920, 1080, 7680)
[18:24:24.204302]  -> zwlr_screencopy_frame_v1#9.buffer_done()
[18:24:24.204351] zwlr_screencopy_frame_v1#9.copy(wl_buffer#11)
[18:24:24.207334]  -> zwlr_screencopy_frame_v1#9.flags(0)
[18:24:24.207345]  -> zwlr_screencopy_frame_v1#9.ready(0, 269848, 181112203)
[18:24:24.218838] zwlr_screencopy_frame_v1#9.destroy()
[18:24:24.590986]  -> wl_registry#2.global(28, "zwlr_screencopy_manager_v1", 3)
[18:24:24.590988]  -> wl_registry#2.global(29, "ext_image_copy_capture_manager_v1", 1)
[18:24:24.590989]  -> wl_registry#2.global(30, "ext_output_image_capture_source_manager_v1", 1)
[18:24:24.591005]  -> wl_registry#2.global(38, "ext_foreign_toplevel_image_capture_source_manager_v1", 1)
[18:24:24.591160] wl_registry#2.bind(28, "zwlr_screencopy_manager_v1", 3, new id [unknown]#5)
[18:24:24.620763]  -> wl_registry#2.global(28, "zwlr_screencopy_manager_v1", 3)
[18:24:24.620764]  -> wl_registry#2.global(29, "ext_image_copy_capture_manager_v1", 1)
[18:24:24.620766]  -> wl_registry#2.global(30, "ext_output_image_capture_source_manager_v1", 1)
[18:24:24.620782]  -> wl_registry#2.global(38, "ext_foreign_toplevel_image_capture_source_manager_v1", 1)
[18:24:24.620923] wl_registry#2.bind(28, "zwlr_screencopy_manager_v1", 3, new id [unknown]#5)
[18:24:24.620992] zwlr_screencopy_manager_v1#5.capture_output(new id zwlr_screencopy_frame_v1#9, 0, wl_output#8)
[18:24:24.621003]  -> zwlr_screencopy_frame_v1#9.buffer(1, 1920, 1080, 7680)
[18:24:24.621005]  -> zwlr_screencopy_frame_v1#9.buffer_done()
[18:24:24.621058] zwlr_screencopy_frame_v1#9.copy(wl_buffer#11)
[18:24:24.624159]  -> zwlr_screencopy_frame_v1#9.flags(0)
[18:24:24.624169]  -> zwlr_screencopy_frame_v1#9.ready(0, 269848, 597824122)
[18:24:24.635559] zwlr_screencopy_frame_v1#9.destroy()
[18:24:24.898535]  -> wl_registry#2.global(28, "zwlr_screencopy_manager_v1", 3)
[18:24:24.898537]  -> wl_registry#2.global(29, "ext_image_copy_capture_manager_v1", 1)
[18:24:24.898539]  -> wl_registry#2.global(30, "ext_output_image_capture_source_manager_v1", 1)
[18:24:24.898554]  -> wl_registry#2.global(38, "ext_foreign_toplevel_image_capture_source_manager_v1", 1)
[18:24:24.898715] wl_registry#2.bind(28, "zwlr_screencopy_manager_v1", 3, new id [unknown]#5)
[18:24:24.927205]  -> wl_registry#2.global(28, "zwlr_screencopy_manager_v1", 3)
[18:24:24.927207]  -> wl_registry#2.global(29, "ext_image_copy_capture_manager_v1", 1)
[18:24:24.927209]  -> wl_registry#2.global(30, "ext_output_image_capture_source_manager_v1", 1)
[18:24:24.927224]  -> wl_registry#2.global(38, "ext_foreign_toplevel_image_capture_source_manager_v1", 1)
[18:24:24.927373] wl_registry#2.bind(28, "zwlr_screencopy_manager_v1", 3, new id [unknown]#5)
[18:24:24.927444] zwlr_screencopy_manager_v1#5.capture_output(new id zwlr_screencopy_frame_v1#9, 0, wl_output#8)
[18:24:24.927452]  -> zwlr_screencopy_frame_v1#9.buffer(1, 1920, 1080, 7680)
[18:24:24.927455]  -> zwlr_screencopy_frame_v1#9.buffer_done()
[18:24:24.927509] zwlr_screencopy_frame_v1#9.copy(wl_buffer#11)
[18:24:24.930645]  -> zwlr_screencopy_frame_v1#9.flags(0)
[18:24:24.930670]  -> zwlr_screencopy_frame_v1#9.ready(0, 269848, 904275210)
[18:24:24.942355] zwlr_screencopy_frame_v1#9.destroy()
[18:24:25.209189]  -> wl_registry#2.global(28, "zwlr_screencopy_manager_v1", 3)
[18:24:25.209193]  -> wl_registry#2.global(29, "ext_image_copy_capture_manager_v1", 1)
[18:24:25.209196]  -> wl_registry#2.global(30, "ext_output_image_capture_source_manager_v1", 1)
[18:24:25.209225]  -> wl_registry#2.global(38, "ext_foreign_toplevel_image_capture_source_manager_v1", 1)
[18:24:25.209449] wl_registry#2.bind(28, "zwlr_screencopy_manager_v1", 3, new id [unknown]#5)
[18:24:25.228625]  -> wl_registry#2.global(28, "zwlr_screencopy_manager_v1", 3)
[18:24:25.228629]  -> wl_registry#2.global(29, "ext_image_copy_capture_manager_v1", 1)
[18:24:25.228633]  -> wl_registry#2.global(30, "ext_output_image_capture_source_manager_v1", 1)
[18:24:25.228660]  -> wl_registry#2.global(38, "ext_foreign_toplevel_image_capture_source_manager_v1", 1)
[18:24:25.228875] wl_registry#2.bind(28, "zwlr_screencopy_manager_v1", 3, new id [unknown]#5)
[18:24:25.228976] zwlr_screencopy_manager_v1#5.capture_output(new id zwlr_screencopy_frame_v1#9, 0, wl_output#8)
[18:24:25.228989]  -> zwlr_screencopy_frame_v1#9.buffer(1, 1920, 1080, 7680)
[18:24:25.228993]  -> zwlr_screencopy_frame_v1#9.buffer_done()
[18:24:25.229060] zwlr_screencopy_frame_v1#9.copy(wl_buffer#11)
[18:24:25.232828]  -> zwlr_screencopy_frame_v1#9.flags(0)
[18:24:25.232848]  -> zwlr_screencopy_frame_v1#9.ready(0, 269849, 205832037)
[18:24:25.243300] zwlr_screencopy_frame_v1#9.destroy()
[18:24:25.509438]  -> wl_registry#2.global(28, "zwlr_screencopy_manager_v1", 3)
[18:24:25.509441]  -> wl_registry#2.global(29, "ext_image_copy_capture_manager_v1", 1)
[18:24:25.509444]  -> wl_registry#2.global(30, "ext_output_image_capture_source_manager_v1", 1)
[18:24:25.509474]  -> wl_registry#2.global(38, "ext_foreign_toplevel_image_capture_source_manager_v1", 1)
[18:24:25.509705] wl_registry#2.bind(28, "zwlr_screencopy_manager_v1", 3, new id [unknown]#5)
[18:24:25.651890]  -> wl_registry#2.global(28, "zwlr_screencopy_manager_v1", 3)
[18:24:25.651893]  -> wl_registry#2.global(29, "ext_image_copy_capture_manager_v1", 1)
[18:24:25.651894]  -> wl_registry#2.global(30, "ext_output_image_capture_source_manager_v1", 1)
[18:24:25.651914]  -> wl_registry#2.global(38, "ext_foreign_toplevel_image_capture_source_manager_v1", 1)
[18:24:25.652082] wl_registry#2.bind(28, "zwlr_screencopy_manager_v1", 3, new id [unknown]#5)
[18:24:25.773227]  -> wl_registry#2.global(28, "zwlr_screencopy_manager_v1", 3)
[18:24:25.773231]  -> wl_registry#2.global(29, "ext_image_copy_capture_manager_v1", 1)
[18:24:25.773234]  -> wl_registry#2.global(30, "ext_output_image_capture_source_manager_v1", 1)
[18:24:25.773285]  -> wl_registry#2.global(38, "ext_foreign_toplevel_image_capture_source_manager_v1", 1)
[18:24:25.773530] wl_registry#2.bind(28, "zwlr_screencopy_manager_v1", 3, new id [unknown]#5)
[18:24:25.809579]  -> wl_registry#2.global(28, "zwlr_screencopy_manager_v1", 3)
[18:24:25.809581]  -> wl_registry#2.global(29, "ext_image_copy_capture_manager_v1", 1)
[18:24:25.809584]  -> wl_registry#2.global(30, "ext_output_image_capture_source_manager_v1", 1)
[18:24:25.809603]  -> wl_registry#2.global(38, "ext_foreign_toplevel_image_capture_source_manager_v1", 1)
[18:24:25.809845] wl_registry#2.bind(28, "zwlr_screencopy_manager_v1", 3, new id [unknown]#5)
[18:24:25.809974] zwlr_screencopy_manager_v1#5.capture_output(new id zwlr_screencopy_frame_v1#9, 0, wl_output#8)
[18:24:25.809993]  -> zwlr_screencopy_frame_v1#9.buffer(1, 1920, 1080, 7680)
[18:24:25.809996]  -> zwlr_screencopy_frame_v1#9.buffer_done()
[18:24:25.810108] zwlr_screencopy_frame_v1#9.copy(wl_buffer#11)
[18:24:25.815189]  -> zwlr_screencopy_frame_v1#9.flags(0)
[18:24:25.815231]  -> zwlr_screencopy_frame_v1#9.ready(0, 269849, 786903579)
[18:24:25.835700] zwlr_screencopy_frame_v1#9.destroy()
[18:24:26.288728]  -> wl_registry#2.global(28, "zwlr_screencopy_manager_v1", 3)
[18:24:26.288731]  -> wl_registry#2.global(29, "ext_image_copy_capture_manager_v1", 1)
[18:24:26.288734]  -> wl_registry#2.global(30, "ext_output_image_capture_source_manager_v1", 1)
[18:24:26.288760]  -> wl_registry#2.global(38, "ext_foreign_toplevel_image_capture_source_manager_v1", 1)
[18:24:26.289061] wl_registry#2.bind(28, "zwlr_screencopy_manager_v1", 3, new id [unknown]#5)
[18:24:26.327158]  -> wl_registry#2.global(28, "zwlr_screencopy_manager_v1", 3)
[18:24:26.327161]  -> wl_registry#2.global(29, "ext_image_copy_capture_manager_v1", 1)
[18:24:26.327164]  -> wl_registry#2.global(30, "ext_output_image_capture_source_manager_v1", 1)
[18:24:26.327186]  -> wl_registry#2.global(38, "ext_foreign_toplevel_image_capture_source_manager_v1", 1)
[18:24:26.327479] wl_registry#2.bind(28, "zwlr_screencopy_manager_v1", 3, new id [unknown]#5)
[18:24:26.327605] zwlr_screencopy_manager_v1#5.capture_output(new id zwlr_screencopy_frame_v1#9, 0, wl_output#8)
[18:24:26.327625]  -> zwlr_screencopy_frame_v1#9.buffer(1, 1920, 1080, 7680)
[18:24:26.327630]  -> zwlr_screencopy_frame_v1#9.buffer_done()
[18:24:26.327724] zwlr_screencopy_frame_v1#9.copy(wl_buffer#11)
[18:24:26.334341]  -> zwlr_screencopy_frame_v1#9.flags(0)
[18:24:26.334374]  -> zwlr_screencopy_frame_v1#9.ready(0, 269850, 304535685)
[18:24:26.353554] zwlr_screencopy_frame_v1#9.destroy()
[18:24:26.712037]  -> wl_registry#2.global(28, "zwlr_screencopy_manager_v1", 3)
[18:24:26.712039]  -> wl_registry#2.global(29, "ext_image_copy_capture_manager_v1", 1)
[18:24:26.712041]  -> wl_registry#2.global(30, "ext_output_image_capture_source_manager_v1", 1)
[18:24:26.712057]  -> wl_registry#2.global(38, "ext_foreign_toplevel_image_capture_source_manager_v1", 1)
[18:24:26.712230] wl_registry#2.bind(28, "zwlr_screencopy_manager_v1", 3, new id [unknown]#5)
[18:24:26.746587]  -> wl_registry#2.global(28, "zwlr_screencopy_manager_v1", 3)
[18:24:26.746589]  -> wl_registry#2.global(29, "ext_image_copy_capture_manager_v1", 1)
[18:24:26.746591]  -> wl_registry#2.global(30, "ext_output_image_capture_source_manager_v1", 1)
[18:24:26.746607]  -> wl_registry#2.global(38, "ext_foreign_toplevel_image_capture_source_manager_v1", 1)
[18:24:26.746753] wl_registry#2.bind(28, "zwlr_screencopy_manager_v1", 3, new id [unknown]#5)
[18:24:26.746822] zwlr_screencopy_manager_v1#5.capture_output(new id zwlr_screencopy_frame_v1#9, 0, wl_output#8)
[18:24:26.746830]  -> zwlr_screencopy_frame_v1#9.buffer(1, 1920, 1080, 7680)
[18:24:26.746832]  -> zwlr_screencopy_frame_v1#9.buffer_done()
[18:24:26.746880] zwlr_screencopy_frame_v1#9.copy(wl_buffer#11)
[18:24:26.750603]  -> zwlr_screencopy_frame_v1#9.flags(0)
[18:24:26.750618]  -> zwlr_screencopy_frame_v1#9.ready(0, 269850, 723641023)
[18:24:26.766365] zwlr_screencopy_frame_v1#9.destroy()
[18:24:27.050757]  -> wl_registry#2.global(28, "zwlr_screencopy_manager_v1", 3)
[18:24:27.050760]  -> wl_registry#2.global(29, "ext_image_copy_capture_manager_v1", 1)
[18:24:27.050763]  -> wl_registry#2.global(30, "ext_output_image_capture_source_manager_v1", 1)
[18:24:27.050791]  -> wl_registry#2.global(38, "ext_foreign_toplevel_image_capture_source_manager_v1", 1)
[18:24:27.051044] wl_registry#2.bind(28, "zwlr_screencopy_manager_v1", 3, new id [unknown]#5)
[18:24:27.082578]  -> wl_registry#2.global(28, "zwlr_screencopy_manager_v1", 3)
[18:24:27.082581]  -> wl_registry#2.global(29, "ext_image_copy_capture_manager_v1", 1)
[18:24:27.082584]  -> wl_registry#2.global(30, "ext_output_image_capture_source_manager_v1", 1)
[18:24:27.082610]  -> wl_registry#2.global(38, "ext_foreign_toplevel_image_capture_source_manager_v1", 1)
[18:24:27.082830] wl_registry#2.bind(28, "zwlr_screencopy_manager_v1", 3, new id [unknown]#5)
[18:24:27.082929] zwlr_screencopy_manager_v1#5.capture_output(new id zwlr_screencopy_frame_v1#9, 0, wl_output#8)
[18:24:27.082943]  -> zwlr_screencopy_frame_v1#9.buffer(1, 1920, 1080, 7680)
[18:24:27.082946]  -> zwlr_screencopy_frame_v1#9.buffer_done()
[18:24:27.083015] zwlr_screencopy_frame_v1#9.copy(wl_buffer#11)
[18:24:27.087698]  -> zwlr_screencopy_frame_v1#9.flags(0)
[18:24:27.087723]  -> zwlr_screencopy_frame_v1#9.ready(0, 269851, 59794635)
[18:24:27.105591] zwlr_screencopy_frame_v1#9.destroy()
[18:24:27.414104]  -> wl_registry#2.global(28, "zwlr_screencopy_manager_v1", 3)
[18:24:27.414107]  -> wl_registry#2.global(29, "ext_image_copy_capture_manager_v1", 1)
[18:24:27.414111]  -> wl_registry#2.global(30, "ext_output_image_capture_source_manager_v1", 1)
[18:24:27.414138]  -> wl_registry#2.global(38, "ext_foreign_toplevel_image_capture_source_manager_v1", 1)
[18:24:27.414405] wl_registry#2.bind(28, "zwlr_screencopy_manager_v1", 3, new id [unknown]#5)
[18:24:27.562778]  -> wl_registry#2.global(28, "zwlr_screencopy_manager_v1", 3)
[18:24:27.562782]  -> wl_registry#2.global(29, "ext_image_copy_capture_manager_v1", 1)
[18:24:27.562785]  -> wl_registry#2.global(30, "ext_output_image_capture_source_manager_v1", 1)
[18:24:27.562815]  -> wl_registry#2.global(38, "ext_foreign_toplevel_image_capture_source_manager_v1", 1)
[18:24:27.563110] wl_registry#2.bind(28, "zwlr_screencopy_manager_v1", 3, new id [unknown]#5)
[18:24:27.684870]  -> wl_registry#2.global(28, "zwlr_screencopy_manager_v1", 3)
[18:24:27.684872]  -> wl_registry#2.global(29, "ext_image_copy_capture_manager_v1", 1)
[18:24:27.684874]  -> wl_registry#2.global(30, "ext_output_image_capture_source_manager_v1", 1)
[18:24:27.684892]  -> wl_registry#2.global(38, "ext_foreign_toplevel_image_capture_source_manager_v1", 1)
[18:24:27.685084] wl_registry#2.bind(28, "zwlr_screencopy_manager_v1", 3, new id [unknown]#5)
[18:24:27.721248]  -> wl_registry#2.global(28, "zwlr_screencopy_manager_v1", 3)
[18:24:27.721252]  -> wl_registry#2.global(29, "ext_image_copy_capture_manager_v1", 1)
[18:24:27.721263]  -> wl_registry#2.global(30, "ext_output_image_capture_source_manager_v1", 1)
[18:24:27.721314]  -> wl_registry#2.global(38, "ext_foreign_toplevel_image_capture_source_manager_v1", 1)
[18:24:27.721568] wl_registry#2.bind(28, "zwlr_screencopy_manager_v1", 3, new id [unknown]#5)
[18:24:27.721689] zwlr_screencopy_manager_v1#5.capture_output(new id zwlr_screencopy_frame_v1#9, 0, wl_output#8)
[18:24:27.721706]  -> zwlr_screencopy_frame_v1#9.buffer(1, 1920, 1080, 7680)
[18:24:27.721710]  -> zwlr_screencopy_frame_v1#9.buffer_done()
[18:24:27.721800] zwlr_screencopy_frame_v1#9.copy(wl_buffer#11)
[18:24:27.727430]  -> zwlr_screencopy_frame_v1#9.flags(0)
[18:24:27.727457]  -> zwlr_screencopy_frame_v1#9.ready(0, 269851, 698585663)
[18:24:27.747512] zwlr_screencopy_frame_v1#9.destroy()
[18:24:28.194971]  -> wl_registry#2.global(28, "zwlr_screencopy_manager_v1", 3)
[18:24:28.194974]  -> wl_registry#2.global(29, "ext_image_copy_capture_manager_v1", 1)
[18:24:28.194977]  -> wl_registry#2.global(30, "ext_output_image_capture_source_manager_v1", 1)
[18:24:28.195002]  -> wl_registry#2.global(38, "ext_foreign_toplevel_image_capture_source_manager_v1", 1)
[18:24:28.195258] wl_registry#2.bind(28, "zwlr_screencopy_manager_v1", 3, new id [unknown]#5)
[18:24:28.232275]  -> wl_registry#2.global(28, "zwlr_screencopy_manager_v1", 3)
[18:24:28.232278]  -> wl_registry#2.global(29, "ext_image_copy_capture_manager_v1", 1)
[18:24:28.232282]  -> wl_registry#2.global(30, "ext_output_image_capture_source_manager_v1", 1)
[18:24:28.232338]  -> wl_registry#2.global(38, "ext_foreign_toplevel_image_capture_source_manager_v1", 1)
[18:24:28.232615] wl_registry#2.bind(28, "zwlr_screencopy_manager_v1", 3, new id [unknown]#5)
[18:24:28.232755] zwlr_screencopy_manager_v1#5.capture_output(new id zwlr_screencopy_frame_v1#9, 0, wl_output#8)
[18:24:28.232772]  -> zwlr_screencopy_frame_v1#9.buffer(1, 1920, 1080, 7680)
[18:24:28.232777]  -> zwlr_screencopy_frame_v1#9.buffer_done()
[18:24:28.232879] zwlr_screencopy_frame_v1#9.copy(wl_buffer#11)
[18:24:28.239554]  -> zwlr_screencopy_frame_v1#9.flags(0)
[18:24:28.239596]  -> zwlr_screencopy_frame_v1#9.ready(0, 269852, 209678737)
[18:24:28.262224] zwlr_screencopy_frame_v1#9.destroy()
[18:24:28.585152]  -> wl_registry#2.global(28, "zwlr_screencopy_manager_v1", 3)
[18:24:28.585155]  -> wl_registry#2.global(29, "ext_image_copy_capture_manager_v1", 1)
[18:24:28.585159]  -> wl_registry#2.global(30, "ext_output_image_capture_source_manager_v1", 1)
[18:24:28.585212]  -> wl_registry#2.global(38, "ext_foreign_toplevel_image_capture_source_manager_v1", 1)
[18:24:28.585496] wl_registry#2.bind(28, "zwlr_screencopy_manager_v1", 3, new id [unknown]#5)
[18:24:28.621944]  -> wl_registry#2.global(28, "zwlr_screencopy_manager_v1", 3)
[18:24:28.621948]  -> wl_registry#2.global(29, "ext_image_copy_capture_manager_v1", 1)
[18:24:28.621952]  -> wl_registry#2.global(30, "ext_output_image_capture_source_manager_v1", 1)
[18:24:28.621983]  -> wl_registry#2.global(38, "ext_foreign_toplevel_image_capture_source_manager_v1", 1)
[18:24:28.622287] wl_registry#2.bind(28, "zwlr_screencopy_manager_v1", 3, new id [unknown]#5)
[18:24:28.622427] zwlr_screencopy_manager_v1#5.capture_output(new id zwlr_screencopy_frame_v1#9, 0, wl_output#8)
[18:24:28.622448]  -> zwlr_screencopy_frame_v1#9.buffer(1, 1920, 1080, 7680)
[18:24:28.622461]  -> zwlr_screencopy_frame_v1#9.buffer_done()
[18:24:28.622573] zwlr_screencopy_frame_v1#9.copy(wl_buffer#11)
[18:24:28.628259]  -> zwlr_screencopy_frame_v1#9.flags(0)
[18:24:28.628305]  -> zwlr_screencopy_frame_v1#9.ready(0, 269852, 599370890)
[18:24:28.652631] zwlr_screencopy_frame_v1#9.destroy()
[18:24:28.956199]  -> wl_registry#2.global(28, "zwlr_screencopy_manager_v1", 3)
[18:24:28.956201]  -> wl_registry#2.global(29, "ext_image_copy_capture_manager_v1", 1)
[18:24:28.956203]  -> wl_registry#2.global(30, "ext_output_image_capture_source_manager_v1", 1)
[18:24:28.956239]  -> wl_registry#2.global(38, "ext_foreign_toplevel_image_capture_source_manager_v1", 1)
[18:24:28.956434] wl_registry#2.bind(28, "zwlr_screencopy_manager_v1", 3, new id [unknown]#5)
[18:24:28.987336]  -> wl_registry#2.global(28, "zwlr_screencopy_manager_v1", 3)
[18:24:28.987338]  -> wl_registry#2.global(29, "ext_image_copy_capture_manager_v1", 1)
[18:24:28.987340]  -> wl_registry#2.global(30, "ext_output_image_capture_source_manager_v1", 1)
[18:24:28.987356]  -> wl_registry#2.global(38, "ext_foreign_toplevel_image_capture_source_manager_v1", 1)
[18:24:28.987531] wl_registry#2.bind(28, "zwlr_screencopy_manager_v1", 3, new id [unknown]#5)
[18:24:28.987645] zwlr_screencopy_manager_v1#5.capture_output(new id zwlr_screencopy_frame_v1#9, 0, wl_output#8)
[18:24:28.987661]  -> zwlr_screencopy_frame_v1#9.buffer(1, 1920, 1080, 7680)
[18:24:28.987664]  -> zwlr_screencopy_frame_v1#9.buffer_done()
[18:24:28.987761] zwlr_screencopy_frame_v1#9.copy(wl_buffer#11)
[18:24:28.991606]  -> zwlr_screencopy_frame_v1#9.flags(0)
[18:24:28.991629]  -> zwlr_screencopy_frame_v1#9.ready(0, 269852, 964551182)
[18:24:29.003472] zwlr_screencopy_frame_v1#9.destroy()
[18:24:29.269621]  -> wl_registry#2.global(28, "zwlr_screencopy_manager_v1", 3)
[18:24:29.269623]  -> wl_registry#2.global(29, "ext_image_copy_capture_manager_v1", 1)
[18:24:29.269625]  -> wl_registry#2.global(30, "ext_output_image_capture_source_manager_v1", 1)
[18:24:29.269640]  -> wl_registry#2.global(38, "ext_foreign_toplevel_image_capture_source_manager_v1", 1)
[18:24:29.269802] wl_registry#2.bind(28, "zwlr_screencopy_manager_v1", 3, new id [unknown]#5)
[18:24:29.288959]  -> wl_registry#2.global(28, "zwlr_screencopy_manager_v1", 3)
[18:24:29.288961]  -> wl_registry#2.global(29, "ext_image_copy_capture_manager_v1", 1)
[18:24:29.288962]  -> wl_registry#2.global(30, "ext_output_image_capture_source_manager_v1", 1)
[18:24:29.288979]  -> wl_registry#2.global(38, "ext_foreign_toplevel_image_capture_source_manager_v1", 1)
[18:24:29.289132] wl_registry#2.bind(28, "zwlr_screencopy_manager_v1", 3, new id [unknown]#5)
[18:24:29.289203] zwlr_screencopy_manager_v1#5.capture_output(new id zwlr_screencopy_frame_v1#9, 0, wl_output#8)
[18:24:29.289213]  -> zwlr_screencopy_frame_v1#9.buffer(1, 1920, 1080, 7680)
[18:24:29.289215]  -> zwlr_screencopy_frame_v1#9.buffer_done()
[18:24:29.289281] zwlr_screencopy_frame_v1#9.copy(wl_buffer#11)
[18:24:29.292300]  -> zwlr_screencopy_frame_v1#9.flags(0)
[18:24:29.292313]  -> zwlr_screencopy_frame_v1#9.ready(0, 269853, 266051536)
[18:24:29.305768] zwlr_screencopy_frame_v1#9.destroy()
[18:24:29.575484]  -> wl_registry#2.global(28, "zwlr_screencopy_manager_v1", 3)
[18:24:29.575486]  -> wl_registry#2.global(29, "ext_image_copy_capture_manager_v1", 1)
[18:24:29.575488]  -> wl_registry#2.global(30, "ext_output_image_capture_source_manager_v1", 1)
[18:24:29.575504]  -> wl_registry#2.global(38, "ext_foreign_toplevel_image_capture_source_manager_v1", 1)
[18:24:29.575691] wl_registry#2.bind(28, "zwlr_screencopy_manager_v1", 3, new id [unknown]#5)
[18:24:29.693539]  -> wl_registry#2.global(28, "zwlr_screencopy_manager_v1", 3)
[18:24:29.693542]  -> wl_registry#2.global(29, "ext_image_copy_capture_manager_v1", 1)
[18:24:29.693546]  -> wl_registry#2.global(30, "ext_output_image_capture_source_manager_v1", 1)
[18:24:29.693573]  -> wl_registry#2.global(38, "ext_foreign_toplevel_image_capture_source_manager_v1", 1)
[18:24:29.693791] wl_registry#2.bind(28, "zwlr_screencopy_manager_v1", 3, new id [unknown]#5)
[18:24:29.722591]  -> wl_registry#2.global(28, "zwlr_screencopy_manager_v1", 3)
[18:24:29.722594]  -> wl_registry#2.global(29, "ext_image_copy_capture_manager_v1", 1)
[18:24:29.722598]  -> wl_registry#2.global(30, "ext_output_image_capture_source_manager_v1", 1)
[18:24:29.722624]  -> wl_registry#2.global(38, "ext_foreign_toplevel_image_capture_source_manager_v1", 1)
[18:24:29.722831] wl_registry#2.bind(28, "zwlr_screencopy_manager_v1", 3, new id [unknown]#5)
[18:24:29.722949] zwlr_screencopy_manager_v1#5.capture_output(new id zwlr_screencopy_frame_v1#9, 0, wl_output#8)
[18:24:29.722962]  -> zwlr_screencopy_frame_v1#9.buffer(1, 1920, 1080, 7680)
[18:24:29.722967]  -> zwlr_screencopy_frame_v1#9.buffer_done()
[18:24:29.723045] zwlr_screencopy_frame_v1#9.copy(wl_buffer#11)
[18:24:29.727526]  -> zwlr_screencopy_frame_v1#9.flags(0)
[18:24:29.727549]  -> zwlr_screencopy_frame_v1#9.ready(0, 269853, 699818625)
[18:24:29.739892] zwlr_screencopy_frame_v1#9.destroy()
[18:24:30.111413]  -> wl_registry#2.global(28, "zwlr_screencopy_manager_v1", 3)
[18:24:30.111415]  -> wl_registry#2.global(29, "ext_image_copy_capture_manager_v1", 1)
[18:24:30.111417]  -> wl_registry#2.global(30, "ext_output_image_capture_source_manager_v1", 1)
[18:24:30.111433]  -> wl_registry#2.global(38, "ext_foreign_toplevel_image_capture_source_manager_v1", 1)
[18:24:30.111582] wl_registry#2.bind(28, "zwlr_screencopy_manager_v1", 3, new id [unknown]#5)
[18:24:30.139110]  -> wl_registry#2.global(28, "zwlr_screencopy_manager_v1", 3)
[18:24:30.139113]  -> wl_registry#2.global(29, "ext_image_copy_capture_manager_v1", 1)
[18:24:30.139115]  -> wl_registry#2.global(30, "ext_output_image_capture_source_manager_v1", 1)
[18:24:30.139131]  -> wl_registry#2.global(38, "ext_foreign_toplevel_image_capture_source_manager_v1", 1)
[18:24:30.139287] wl_registry#2.bind(28, "zwlr_screencopy_manager_v1", 3, new id [unknown]#5)
[18:24:30.139359] zwlr_screencopy_manager_v1#5.capture_output(new id zwlr_screencopy_frame_v1#9, 0, wl_output#8)
[18:24:30.139369]  -> zwlr_screencopy_frame_v1#9.buffer(1, 1920, 1080, 7680)
[18:24:30.139371]  -> zwlr_screencopy_frame_v1#9.buffer_done()
[18:24:30.139424] zwlr_screencopy_frame_v1#9.copy(wl_buffer#11)
[18:24:30.142641]  -> zwlr_screencopy_frame_v1#9.flags(0)
[18:24:30.142654]  -> zwlr_screencopy_frame_v1#9.ready(0, 269854, 116185593)
[18:24:30.154343] zwlr_screencopy_frame_v1#9.destroy()
[18:24:30.424796]  -> wl_registry#2.global(28, "zwlr_screencopy_manager_v1", 3)
[18:24:30.424800]  -> wl_registry#2.global(29, "ext_image_copy_capture_manager_v1", 1)
[18:24:30.424803]  -> wl_registry#2.global(30, "ext_output_image_capture_source_manager_v1", 1)
[18:24:30.424831]  -> wl_registry#2.global(38, "ext_foreign_toplevel_image_capture_source_manager_v1", 1)
[18:24:30.425059] wl_registry#2.bind(28, "zwlr_screencopy_manager_v1", 3, new id [unknown]#5)
[18:24:30.451219]  -> wl_registry#2.global(28, "zwlr_screencopy_manager_v1", 3)
[18:24:30.451221]  -> wl_registry#2.global(29, "ext_image_copy_capture_manager_v1", 1)
[18:24:30.451223]  -> wl_registry#2.global(30, "ext_output_image_capture_source_manager_v1", 1)
[18:24:30.451239]  -> wl_registry#2.global(38, "ext_foreign_toplevel_image_capture_source_manager_v1", 1)
[18:24:30.451415] wl_registry#2.bind(28, "zwlr_screencopy_manager_v1", 3, new id [unknown]#5)
[18:24:30.451486] zwlr_screencopy_manager_v1#5.capture_output(new id zwlr_screencopy_frame_v1#9, 0, wl_output#8)
[18:24:30.451494]  -> zwlr_screencopy_frame_v1#9.buffer(1, 1920, 1080, 7680)
[18:24:30.451496]  -> zwlr_screencopy_frame_v1#9.buffer_done()
[18:24:30.451542] zwlr_screencopy_frame_v1#9.copy(wl_buffer#11)
[18:24:30.454939]  -> zwlr_screencopy_frame_v1#9.flags(0)
[18:24:30.454959]  -> zwlr_screencopy_frame_v1#9.ready(0, 269854, 428303467)
[18:24:30.466144] zwlr_screencopy_frame_v1#9.destroy()
[18:24:30.728808]  -> wl_registry#2.global(28, "zwlr_screencopy_manager_v1", 3)
[18:24:30.728810]  -> wl_registry#2.global(29, "ext_image_copy_capture_manager_v1", 1)
[18:24:30.728812]  -> wl_registry#2.global(30, "ext_output_image_capture_source_manager_v1", 1)
[18:24:30.728828]  -> wl_registry#2.global(38, "ext_foreign_toplevel_image_capture_source_manager_v1", 1)
[18:24:30.728979] wl_registry#2.bind(28, "zwlr_screencopy_manager_v1", 3, new id [unknown]#5)
[18:24:30.755463]  -> wl_registry#2.global(28, "zwlr_screencopy_manager_v1", 3)
[18:24:30.755470]  -> wl_registry#2.global(29, "ext_image_copy_capture_manager_v1", 1)
[18:24:30.755482]  -> wl_registry#2.global(30, "ext_output_image_capture_source_manager_v1", 1)
[18:24:30.755499]  -> wl_registry#2.global(38, "ext_foreign_toplevel_image_capture_source_manager_v1", 1)
[18:24:30.755656] wl_registry#2.bind(28, "zwlr_screencopy_manager_v1", 3, new id [unknown]#5)
[18:24:30.755735] zwlr_screencopy_manager_v1#5.capture_output(new id zwlr_screencopy_frame_v1#9, 0, wl_output#8)
[18:24:30.755745]  -> zwlr_screencopy_frame_v1#9.buffer(1, 1920, 1080, 7680)
[18:24:30.755747]  -> zwlr_screencopy_frame_v1#9.buffer_done()
[18:24:30.755800] zwlr_screencopy_frame_v1#9.copy(wl_buffer#11)
[18:24:30.759442]  -> zwlr_screencopy_frame_v1#9.flags(0)
[18:24:30.759459]  -> zwlr_screencopy_frame_v1#9.ready(0, 269854, 732563781)
[18:24:30.771591] zwlr_screencopy_frame_v1#9.destroy()
[18:24:31.038127]  -> wl_registry#2.global(28, "zwlr_screencopy_manager_v1", 3)
[18:24:31.038129]  -> wl_registry#2.global(29, "ext_image_copy_capture_manager_v1", 1)
[18:24:31.038131]  -> wl_registry#2.global(30, "ext_output_image_capture_source_manager_v1", 1)
[18:24:31.038147]  -> wl_registry#2.global(38, "ext_foreign_toplevel_image_capture_source_manager_v1", 1)
[18:24:31.038320] wl_registry#2.bind(28, "zwlr_screencopy_manager_v1", 3, new id [unknown]#5)
[18:24:31.057977]  -> wl_registry#2.global(28, "zwlr_screencopy_manager_v1", 3)
[18:24:31.057979]  -> wl_registry#2.global(29, "ext_image_copy_capture_manager_v1", 1)
[18:24:31.057981]  -> wl_registry#2.global(30, "ext_output_image_capture_source_manager_v1", 1)
[18:24:31.058008]  -> wl_registry#2.global(38, "ext_foreign_toplevel_image_capture_source_manager_v1", 1)
[18:24:31.058156] wl_registry#2.bind(28, "zwlr_screencopy_manager_v1", 3, new id [unknown]#5)
[18:24:31.058235] zwlr_screencopy_manager_v1#5.capture_output(new id zwlr_screencopy_frame_v1#9, 0, wl_output#8)
[18:24:31.058244]  -> zwlr_screencopy_frame_v1#9.buffer(1, 1920, 1080, 7680)
[18:24:31.058247]  -> zwlr_screencopy_frame_v1#9.buffer_done()
[18:24:31.058305] zwlr_screencopy_frame_v1#9.copy(wl_buffer#11)
[18:24:31.061220]  -> zwlr_screencopy_frame_v1#9.flags(0)
[18:24:31.061231]  -> zwlr_screencopy_frame_v1#9.ready(0, 269855, 35065968)
[18:24:31.073022] zwlr_screencopy_frame_v1#9.destroy()
[18:24:31.335625]  -> wl_registry#2.global(28, "zwlr_screencopy_manager_v1", 3)
[18:24:31.335627]  -> wl_registry#2.global(29, "ext_image_copy_capture_manager_v1", 1)
[18:24:31.335632]  -> wl_registry#2.global(30, "ext_output_image_capture_source_manager_v1", 1)
[18:24:31.335652]  -> wl_registry#2.global(38, "ext_foreign_toplevel_image_capture_source_manager_v1", 1)
[18:24:31.335804] wl_registry#2.bind(28, "zwlr_screencopy_manager_v1", 3, new id [unknown]#5)
[18:24:31.475582]  -> wl_registry#2.global(28, "zwlr_screencopy_manager_v1", 3)
[18:24:31.475584]  -> wl_registry#2.global(29, "ext_image_copy_capture_manager_v1", 1)
[18:24:31.475586]  -> wl_registry#2.global(30, "ext_output_image_capture_source_manager_v1", 1)
[18:24:31.475603]  -> wl_registry#2.global(38, "ext_foreign_toplevel_image_capture_source_manager_v1", 1)
[18:24:31.475846] wl_registry#2.bind(28, "zwlr_screencopy_manager_v1", 3, new id [unknown]#5)
[18:24:31.503946]  -> wl_registry#2.global(28, "zwlr_screencopy_manager_v1", 3)
[18:24:31.503948]  -> wl_registry#2.global(29, "ext_image_copy_capture_manager_v1", 1)
[18:24:31.503950]  -> wl_registry#2.global(30, "ext_output_image_capture_source_manager_v1", 1)
[18:24:31.503966]  -> wl_registry#2.global(38, "ext_foreign_toplevel_image_capture_source_manager_v1", 1)
[18:24:31.504125] wl_registry#2.bind(28, "zwlr_screencopy_manager_v1", 3, new id [unknown]#5)
[18:24:31.504206] zwlr_screencopy_manager_v1#5.capture_output(new id zwlr_screencopy_frame_v1#9, 0, wl_output#8)
[18:24:31.504216]  -> zwlr_screencopy_frame_v1#9.buffer(1, 1920, 1080, 7680)
[18:24:31.504219]  -> zwlr_screencopy_frame_v1#9.buffer_done()
[18:24:31.504283] zwlr_screencopy_frame_v1#9.copy(wl_buffer#11)
[18:24:31.508047]  -> zwlr_screencopy_frame_v1#9.flags(0)
[18:24:31.508061]  -> zwlr_screencopy_frame_v1#9.ready(0, 269855, 481053726)
[18:24:31.526501] zwlr_screencopy_frame_v1#9.destroy()
[18:24:31.903328]  -> wl_registry#2.global(28, "zwlr_screencopy_manager_v1", 3)
[18:24:31.903330]  -> wl_registry#2.global(29, "ext_image_copy_capture_manager_v1", 1)
[18:24:31.903331]  -> wl_registry#2.global(30, "ext_output_image_capture_source_manager_v1", 1)
[18:24:31.903347]  -> wl_registry#2.global(38, "ext_foreign_toplevel_image_capture_source_manager_v1", 1)
[18:24:31.903501] wl_registry#2.bind(28, "zwlr_screencopy_manager_v1", 3, new id [unknown]#5)
[18:24:31.928678]  -> wl_registry#2.global(28, "zwlr_screencopy_manager_v1", 3)
[18:24:31.928680]  -> wl_registry#2.global(29, "ext_image_copy_capture_manager_v1", 1)
[18:24:31.928682]  -> wl_registry#2.global(30, "ext_output_image_capture_source_manager_v1", 1)
[18:24:31.928697]  -> wl_registry#2.global(38, "ext_foreign_toplevel_image_capture_source_manager_v1", 1)
[18:24:31.928844] wl_registry#2.bind(28, "zwlr_screencopy_manager_v1", 3, new id [unknown]#5)
[18:24:31.928914] zwlr_screencopy_manager_v1#5.capture_output(new id zwlr_screencopy_frame_v1#9, 0, wl_output#8)
[18:24:31.928921]  -> zwlr_screencopy_frame_v1#9.buffer(1, 1920, 1080, 7680)
[18:24:31.928924]  -> zwlr_screencopy_frame_v1#9.buffer_done()
[18:24:31.928971] zwlr_screencopy_frame_v1#9.copy(wl_buffer#11)
[18:24:31.931737]  -> zwlr_screencopy_frame_v1#9.flags(0)
[18:24:31.931755]  -> zwlr_screencopy_frame_v1#9.ready(0, 269855, 905730787)
[18:24:31.943414] zwlr_screencopy_frame_v1#9.destroy()
[18:24:32.210491]  -> wl_registry#2.global(28, "zwlr_screencopy_manager_v1", 3)
[18:24:32.210493]  -> wl_registry#2.global(29, "ext_image_copy_capture_manager_v1", 1)
[18:24:32.210495]  -> wl_registry#2.global(30, "ext_output_image_capture_source_manager_v1", 1)
[18:24:32.210510]  -> wl_registry#2.global(38, "ext_foreign_toplevel_image_capture_source_manager_v1", 1)
[18:24:32.210664] wl_registry#2.bind(28, "zwlr_screencopy_manager_v1", 3, new id [unknown]#5)
[18:24:32.236231]  -> wl_registry#2.global(28, "zwlr_screencopy_manager_v1", 3)
[18:24:32.236233]  -> wl_registry#2.global(29, "ext_image_copy_capture_manager_v1", 1)
[18:24:32.236235]  -> wl_registry#2.global(30, "ext_output_image_capture_source_manager_v1", 1)
[18:24:32.236252]  -> wl_registry#2.global(38, "ext_foreign_toplevel_image_capture_source_manager_v1", 1)
[18:24:32.236408] wl_registry#2.bind(28, "zwlr_screencopy_manager_v1", 3, new id [unknown]#5)
[18:24:32.236476] zwlr_screencopy_manager_v1#5.capture_output(new id zwlr_screencopy_frame_v1#9, 0, wl_output#8)
[18:24:32.236486]  -> zwlr_screencopy_frame_v1#9.buffer(1, 1920, 1080, 7680)
[18:24:32.236488]  -> zwlr_screencopy_frame_v1#9.buffer_done()
[18:24:32.236540] zwlr_screencopy_frame_v1#9.copy(wl_buffer#11)
[18:24:32.240242]  -> zwlr_screencopy_frame_v1#9.flags(0)
[18:24:32.240261]  -> zwlr_screencopy_frame_v1#9.ready(0, 269856, 213300660)
[18:24:32.254895] zwlr_screencopy_frame_v1#9.destroy()
[18:24:32.524319]  -> wl_registry#2.global(28, "zwlr_screencopy_manager_v1", 3)
[18:24:32.524322]  -> wl_registry#2.global(29, "ext_image_copy_capture_manager_v1", 1)
[18:24:32.524325]  -> wl_registry#2.global(30, "ext_output_image_capture_source_manager_v1", 1)
[18:24:32.524352]  -> wl_registry#2.global(38, "ext_foreign_toplevel_image_capture_source_manager_v1", 1)
[18:24:32.524564] wl_registry#2.bind(28, "zwlr_screencopy_manager_v1", 3, new id [unknown]#5)
[18:24:32.552982]  -> wl_registry#2.global(28, "zwlr_screencopy_manager_v1", 3)
[18:24:32.552985]  -> wl_registry#2.global(29, "ext_image_copy_capture_manager_v1", 1)
[18:24:32.552988]  -> wl_registry#2.global(30, "ext_output_image_capture_source_manager_v1", 1)
[18:24:32.553013]  -> wl_registry#2.global(38, "ext_foreign_toplevel_image_capture_source_manager_v1", 1)
[18:24:32.553219] wl_registry#2.bind(28, "zwlr_screencopy_manager_v1", 3, new id [unknown]#5)
[18:24:32.553320] zwlr_screencopy_manager_v1#5.capture_output(new id zwlr_screencopy_frame_v1#9, 0, wl_output#8)
[18:24:32.553333]  -> zwlr_screencopy_frame_v1#9.buffer(1, 1920, 1080, 7680)
[18:24:32.553337]  -> zwlr_screencopy_frame_v1#9.buffer_done()
[18:24:32.553401] zwlr_screencopy_frame_v1#9.copy(wl_buffer#11)
[18:24:32.557402]  -> zwlr_screencopy_frame_v1#9.flags(0)
[18:24:32.557420]  -> zwlr_screencopy_frame_v1#9.ready(0, 269856, 530174352)
[18:24:32.569794] zwlr_screencopy_frame_v1#9.destroy()
[18:24:32.835135]  -> wl_registry#2.global(28, "zwlr_screencopy_manager_v1", 3)
[18:24:32.835138]  -> wl_registry#2.global(29, "ext_image_copy_capture_manager_v1", 1)
[18:24:32.835142]  -> wl_registry#2.global(30, "ext_output_image_capture_source_manager_v1", 1)
[18:24:32.835169]  -> wl_registry#2.global(38, "ext_foreign_toplevel_image_capture_source_manager_v1", 1)
[18:24:32.835407] wl_registry#2.bind(28, "zwlr_screencopy_manager_v1", 3, new id [unknown]#5)
[18:24:32.855263]  -> wl_registry#2.global(28, "zwlr_screencopy_manager_v1", 3)
[18:24:32.855269]  -> wl_registry#2.global(29, "ext_image_copy_capture_manager_v1", 1)
[18:24:32.855272]  -> wl_registry#2.global(30, "ext_output_image_capture_source_manager_v1", 1)
[18:24:32.855300]  -> wl_registry#2.global(38, "ext_foreign_toplevel_image_capture_source_manager_v1", 1)
[18:24:32.855512] wl_registry#2.bind(28, "zwlr_screencopy_manager_v1", 3, new id [unknown]#5)
[18:24:32.855608] zwlr_screencopy_manager_v1#5.capture_output(new id zwlr_screencopy_frame_v1#9, 0, wl_output#8)
[18:24:32.855622]  -> zwlr_screencopy_frame_v1#9.buffer(1, 1920, 1080, 7680)
[18:24:32.855626]  -> zwlr_screencopy_frame_v1#9.buffer_done()
[18:24:32.855692] zwlr_screencopy_frame_v1#9.copy(wl_buffer#11)
[18:24:32.859202]  -> zwlr_screencopy_frame_v1#9.flags(0)
[18:24:32.859214]  -> zwlr_screencopy_frame_v1#9.ready(0, 269856, 832462890)
[18:24:32.869820] zwlr_screencopy_frame_v1#9.destroy()
[18:24:33.132879]  -> wl_registry#2.global(28, "zwlr_screencopy_manager_v1", 3)
[18:24:33.132881]  -> wl_registry#2.global(29, "ext_image_copy_capture_manager_v1", 1)
[18:24:33.132883]  -> wl_registry#2.global(30, "ext_output_image_capture_source_manager_v1", 1)
[18:24:33.132899]  -> wl_registry#2.global(38, "ext_foreign_toplevel_image_capture_source_manager_v1", 1)
[18:24:33.133053] wl_registry#2.bind(28, "zwlr_screencopy_manager_v1", 3, new id [unknown]#5)
[18:24:33.273876]  -> wl_registry#2.global(28, "zwlr_screencopy_manager_v1", 3)
[18:24:33.273878]  -> wl_registry#2.global(29, "ext_image_copy_capture_manager_v1", 1)
[18:24:33.273880]  -> wl_registry#2.global(30, "ext_output_image_capture_source_manager_v1", 1)
[18:24:33.273896]  -> wl_registry#2.global(38, "ext_foreign_toplevel_image_capture_source_manager_v1", 1)
[18:24:33.274063] wl_registry#2.bind(28, "zwlr_screencopy_manager_v1", 3, new id [unknown]#5)
[18:24:33.495634]  -> wl_registry#2.global(28, "zwlr_screencopy_manager_v1", 3)
[18:24:33.495636]  -> wl_registry#2.global(29, "ext_image_copy_capture_manager_v1", 1)
[18:24:33.495638]  -> wl_registry#2.global(30, "ext_output_image_capture_source_manager_v1", 1)
[18:24:33.495663]  -> wl_registry#2.global(38, "ext_foreign_toplevel_image_capture_source_manager_v1", 1)
[18:24:33.495839] wl_registry#2.bind(28, "zwlr_screencopy_manager_v1", 3, new id [unknown]#5)
[18:24:33.524033]  -> wl_registry#2.global(28, "zwlr_screencopy_manager_v1", 3)
[18:24:33.524036]  -> wl_registry#2.global(29, "ext_image_copy_capture_manager_v1", 1)
[18:24:33.524040]  -> wl_registry#2.global(30, "ext_output_image_capture_source_manager_v1", 1)
[18:24:33.524067]  -> wl_registry#2.global(38, "ext_foreign_toplevel_image_capture_source_manager_v1", 1)
[18:24:33.524284] wl_registry#2.bind(28, "zwlr_screencopy_manager_v1", 3, new id [unknown]#5)
[18:24:33.524381] zwlr_screencopy_manager_v1#5.capture_output(new id zwlr_screencopy_frame_v1#9, 0, wl_output#8)
[18:24:33.524397]  -> zwlr_screencopy_frame_v1#9.buffer(1, 1920, 1080, 7680)
[18:24:33.524405]  -> zwlr_screencopy_frame_v1#9.buffer_done()
[18:24:33.524482] zwlr_screencopy_frame_v1#9.copy(wl_buffer#11)
[18:24:33.529289]  -> zwlr_screencopy_frame_v1#9.flags(0)
[18:24:33.529312]  -> zwlr_screencopy_frame_v1#9.ready(0, 269857, 501255101)
[18:24:33.541792] zwlr_screencopy_frame_v1#9.destroy()
[18:24:33.811508]  -> wl_registry#2.global(28, "zwlr_screencopy_manager_v1", 3)
[18:24:33.811511]  -> wl_registry#2.global(29, "ext_image_copy_capture_manager_v1", 1)
[18:24:33.811514]  -> wl_registry#2.global(30, "ext_output_image_capture_source_manager_v1", 1)
[18:24:33.811557]  -> wl_registry#2.global(38, "ext_foreign_toplevel_image_capture_source_manager_v1", 1)
[18:24:33.811778] wl_registry#2.bind(28, "zwlr_screencopy_manager_v1", 3, new id [unknown]#5)
[18:24:33.839020]  -> wl_registry#2.global(28, "zwlr_screencopy_manager_v1", 3)
[18:24:33.839023]  -> wl_registry#2.global(29, "ext_image_copy_capture_manager_v1", 1)
[18:24:33.839027]  -> wl_registry#2.global(30, "ext_output_image_capture_source_manager_v1", 1)
[18:24:33.839056]  -> wl_registry#2.global(38, "ext_foreign_toplevel_image_capture_source_manager_v1", 1)
[18:24:33.839292] wl_registry#2.bind(28, "zwlr_screencopy_manager_v1", 3, new id [unknown]#5)
[18:24:33.839419] zwlr_screencopy_manager_v1#5.capture_output(new id zwlr_screencopy_frame_v1#9, 0, wl_output#8)
[18:24:33.839435]  -> zwlr_screencopy_frame_v1#9.buffer(1, 1920, 1080, 7680)
[18:24:33.839440]  -> zwlr_screencopy_frame_v1#9.buffer_done()
[18:24:33.839531] zwlr_screencopy_frame_v1#9.copy(wl_buffer#11)
[18:24:33.843801]  -> zwlr_screencopy_frame_v1#9.flags(0)
[18:24:33.843824]  -> zwlr_screencopy_frame_v1#9.ready(0, 269857, 816307599)
[18:24:33.855474] zwlr_screencopy_frame_v1#9.destroy()
[18:24:34.133850]  -> wl_registry#2.global(28, "zwlr_screencopy_manager_v1", 3)
[18:24:34.133852]  -> wl_registry#2.global(29, "ext_image_copy_capture_manager_v1", 1)
[18:24:34.133854]  -> wl_registry#2.global(30, "ext_output_image_capture_source_manager_v1", 1)
[18:24:34.133869]  -> wl_registry#2.global(38, "ext_foreign_toplevel_image_capture_source_manager_v1", 1)
[18:24:34.134062] wl_registry#2.bind(28, "zwlr_screencopy_manager_v1", 3, new id [unknown]#5)
[18:24:34.159352]  -> wl_registry#2.global(28, "zwlr_screencopy_manager_v1", 3)
[18:24:34.159354]  -> wl_registry#2.global(29, "ext_image_copy_capture_manager_v1", 1)
[18:24:34.159356]  -> wl_registry#2.global(30, "ext_output_image_capture_source_manager_v1", 1)
[18:24:34.159372]  -> wl_registry#2.global(38, "ext_foreign_toplevel_image_capture_source_manager_v1", 1)
[18:24:34.159533] wl_registry#2.bind(28, "zwlr_screencopy_manager_v1", 3, new id [unknown]#5)
[18:24:34.159606] zwlr_screencopy_manager_v1#5.capture_output(new id zwlr_screencopy_frame_v1#9, 0, wl_output#8)
[18:24:34.159617]  -> zwlr_screencopy_frame_v1#9.buffer(1, 1920, 1080, 7680)
[18:24:34.159620]  -> zwlr_screencopy_frame_v1#9.buffer_done()
[18:24:34.159683] zwlr_screencopy_frame_v1#9.copy(wl_buffer#11)
[18:24:34.162922]  -> zwlr_screencopy_frame_v1#9.flags(0)
[18:24:34.162939]  -> zwlr_screencopy_frame_v1#9.ready(0, 269858, 136446993)
[18:24:34.173671] zwlr_screencopy_frame_v1#9.destroy()
[18:24:34.433119]  -> wl_registry#2.global(28, "zwlr_screencopy_manager_v1", 3)
[18:24:34.433120]  -> wl_registry#2.global(29, "ext_image_copy_capture_manager_v1", 1)
[18:24:34.433122]  -> wl_registry#2.global(30, "ext_output_image_capture_source_manager_v1", 1)
[18:24:34.433138]  -> wl_registry#2.global(38, "ext_foreign_toplevel_image_capture_source_manager_v1", 1)
[18:24:34.433292] wl_registry#2.bind(28, "zwlr_screencopy_manager_v1", 3, new id [unknown]#5)
[18:24:34.451758]  -> wl_registry#2.global(28, "zwlr_screencopy_manager_v1", 3)
[18:24:34.451760]  -> wl_registry#2.global(29, "ext_image_copy_capture_manager_v1", 1)
[18:24:34.451762]  -> wl_registry#2.global(30, "ext_output_image_capture_source_manager_v1", 1)
[18:24:34.451778]  -> wl_registry#2.global(38, "ext_foreign_toplevel_image_capture_source_manager_v1", 1)
[18:24:34.451925] wl_registry#2.bind(28, "zwlr_screencopy_manager_v1", 3, new id [unknown]#5)
[18:24:34.451995] zwlr_screencopy_manager_v1#5.capture_output(new id zwlr_screencopy_frame_v1#9, 0, wl_output#8)
[18:24:34.452004]  -> zwlr_screencopy_frame_v1#9.buffer(1, 1920, 1080, 7680)
[18:24:34.452006]  -> zwlr_screencopy_frame_v1#9.buffer_done()
[18:24:34.452058] zwlr_screencopy_frame_v1#9.copy(wl_buffer#11)
[18:24:34.454796]  -> zwlr_screencopy_frame_v1#9.flags(0)
[18:24:34.454807]  -> zwlr_screencopy_frame_v1#9.ready(0, 269858, 428817706)
[18:24:34.465476] zwlr_screencopy_frame_v1#9.destroy()
[18:24:34.723928]  -> wl_registry#2.global(28, "zwlr_screencopy_manager_v1", 3)
[18:24:34.723930]  -> wl_registry#2.global(29, "ext_image_copy_capture_manager_v1", 1)
[18:24:34.723932]  -> wl_registry#2.global(30, "ext_output_image_capture_source_manager_v1", 1)
[18:24:34.723947]  -> wl_registry#2.global(38, "ext_foreign_toplevel_image_capture_source_manager_v1", 1)
[18:24:34.724153] wl_registry#2.bind(28, "zwlr_screencopy_manager_v1", 3, new id [unknown]#5)
[18:24:34.862069]  -> wl_registry#2.global(28, "zwlr_screencopy_manager_v1", 3)
[18:24:34.862071]  -> wl_registry#2.global(29, "ext_image_copy_capture_manager_v1", 1)
[18:24:34.862073]  -> wl_registry#2.global(30, "ext_output_image_capture_source_manager_v1", 1)
[18:24:34.862090]  -> wl_registry#2.global(38, "ext_foreign_toplevel_image_capture_source_manager_v1", 1)
[18:24:34.862245] wl_registry#2.bind(28, "zwlr_screencopy_manager_v1", 3, new id [unknown]#5)
[18:24:34.979121]  -> wl_registry#2.global(28, "zwlr_screencopy_manager_v1", 3)
[18:24:34.979124]  -> wl_registry#2.global(29, "ext_image_copy_capture_manager_v1", 1)
[18:24:34.979126]  -> wl_registry#2.global(30, "ext_output_image_capture_source_manager_v1", 1)
[18:24:34.979148]  -> wl_registry#2.global(38, "ext_foreign_toplevel_image_capture_source_manager_v1", 1)
[18:24:34.979373] wl_registry#2.bind(28, "zwlr_screencopy_manager_v1", 3, new id [unknown]#5)
[18:24:35.007448]  -> wl_registry#2.global(28, "zwlr_screencopy_manager_v1", 3)
[18:24:35.007450]  -> wl_registry#2.global(29, "ext_image_copy_capture_manager_v1", 1)
[18:24:35.007452]  -> wl_registry#2.global(30, "ext_output_image_capture_source_manager_v1", 1)
[18:24:35.007468]  -> wl_registry#2.global(38, "ext_foreign_toplevel_image_capture_source_manager_v1", 1)
[18:24:35.007610] wl_registry#2.bind(28, "zwlr_screencopy_manager_v1", 3, new id [unknown]#5)
[18:24:35.007682] zwlr_screencopy_manager_v1#5.capture_output(new id zwlr_screencopy_frame_v1#9, 0, wl_output#8)
[18:24:35.007692]  -> zwlr_screencopy_frame_v1#9.buffer(1, 1920, 1080, 7680)
[18:24:35.007695]  -> zwlr_screencopy_frame_v1#9.buffer_done()
[18:24:35.007742] zwlr_screencopy_frame_v1#9.copy(wl_buffer#11)
[18:24:35.010944]  -> zwlr_screencopy_frame_v1#9.flags(0)
[18:24:35.010954]  -> zwlr_screencopy_frame_v1#9.ready(0, 269858, 984506926)
[18:24:35.021703] zwlr_screencopy_frame_v1#9.destroy()
[18:24:35.284880]  -> wl_registry#2.global(28, "zwlr_screencopy_manager_v1", 3)
[18:24:35.284883]  -> wl_registry#2.global(29, "ext_image_copy_capture_manager_v1", 1)
[18:24:35.284887]  -> wl_registry#2.global(30, "ext_output_image_capture_source_manager_v1", 1)
[18:24:35.284915]  -> wl_registry#2.global(38, "ext_foreign_toplevel_image_capture_source_manager_v1", 1)
[18:24:35.285136] wl_registry#2.bind(28, "zwlr_screencopy_manager_v1", 3, new id [unknown]#5)
[18:24:35.311679]  -> wl_registry#2.global(28, "zwlr_screencopy_manager_v1", 3)
[18:24:35.311681]  -> wl_registry#2.global(29, "ext_image_copy_capture_manager_v1", 1)
[18:24:35.311683]  -> wl_registry#2.global(30, "ext_output_image_capture_source_manager_v1", 1)
[18:24:35.311705]  -> wl_registry#2.global(38, "ext_foreign_toplevel_image_capture_source_manager_v1", 1)
[18:24:35.311844] wl_registry#2.bind(28, "zwlr_screencopy_manager_v1", 3, new id [unknown]#5)
[18:24:35.311916] zwlr_screencopy_manager_v1#5.capture_output(new id zwlr_screencopy_frame_v1#9, 0, wl_output#8)
[18:24:35.311924]  -> zwlr_screencopy_frame_v1#9.buffer(1, 1920, 1080, 7680)
[18:24:35.311926]  -> zwlr_screencopy_frame_v1#9.buffer_done()
[18:24:35.311973] zwlr_screencopy_frame_v1#9.copy(wl_buffer#11)
[18:24:35.315055]  -> zwlr_screencopy_frame_v1#9.flags(0)
[18:24:35.315064]  -> zwlr_screencopy_frame_v1#9.ready(0, 269859, 288733465)
[18:24:35.325901] zwlr_screencopy_frame_v1#9.destroy()
[18:24:35.588478]  -> wl_registry#2.global(28, "zwlr_screencopy_manager_v1", 3)
[18:24:35.588488]  -> wl_registry#2.global(29, "ext_image_copy_capture_manager_v1", 1)
[18:24:35.588490]  -> wl_registry#2.global(30, "ext_output_image_capture_source_manager_v1", 1)
[18:24:35.588506]  -> wl_registry#2.global(38, "ext_foreign_toplevel_image_capture_source_manager_v1", 1)
[18:24:35.588698] wl_registry#2.bind(28, "zwlr_screencopy_manager_v1", 3, new id [unknown]#5)
[18:24:35.613910]  -> wl_registry#2.global(28, "zwlr_screencopy_manager_v1", 3)
[18:24:35.613911]  -> wl_registry#2.global(29, "ext_image_copy_capture_manager_v1", 1)
[18:24:35.613913]  -> wl_registry#2.global(30, "ext_output_image_capture_source_manager_v1", 1)
[18:24:35.613941]  -> wl_registry#2.global(38, "ext_foreign_toplevel_image_capture_source_manager_v1", 1)
[18:24:35.614086] wl_registry#2.bind(28, "zwlr_screencopy_manager_v1", 3, new id [unknown]#5)
[18:24:35.614164] zwlr_screencopy_manager_v1#5.capture_output(new id zwlr_screencopy_frame_v1#9, 0, wl_output#8)
[18:24:35.614173]  -> zwlr_screencopy_frame_v1#9.buffer(1, 1920, 1080, 7680)
[18:24:35.614175]  -> zwlr_screencopy_frame_v1#9.buffer_done()
[18:24:35.614232] zwlr_screencopy_frame_v1#9.copy(wl_buffer#11)
[18:24:35.617000]  -> zwlr_screencopy_frame_v1#9.flags(0)
[18:24:35.617014]  -> zwlr_screencopy_frame_v1#9.ready(0, 269859, 590992982)
[18:24:35.627951] zwlr_screencopy_frame_v1#9.destroy()
[18:24:35.894257]  -> wl_registry#2.global(28, "zwlr_screencopy_manager_v1", 3)
[18:24:35.894259]  -> wl_registry#2.global(29, "ext_image_copy_capture_manager_v1", 1)
[18:24:35.894262]  -> wl_registry#2.global(30, "ext_output_image_capture_source_manager_v1", 1)
[18:24:35.894307]  -> wl_registry#2.global(38, "ext_foreign_toplevel_image_capture_source_manager_v1", 1)
[18:24:35.894476] wl_registry#2.bind(28, "zwlr_screencopy_manager_v1", 3, new id [unknown]#5)
[18:24:35.922891]  -> wl_registry#2.global(28, "zwlr_screencopy_manager_v1", 3)
[18:24:35.922894]  -> wl_registry#2.global(29, "ext_image_copy_capture_manager_v1", 1)
[18:24:35.922895]  -> wl_registry#2.global(30, "ext_output_image_capture_source_manager_v1", 1)
[18:24:35.922912]  -> wl_registry#2.global(38, "ext_foreign_toplevel_image_capture_source_manager_v1", 1)
[18:24:35.923084] wl_registry#2.bind(28, "zwlr_screencopy_manager_v1", 3, new id [unknown]#5)
[18:24:35.923175] zwlr_screencopy_manager_v1#5.capture_output(new id zwlr_screencopy_frame_v1#9, 0, wl_output#8)
[18:24:35.923187]  -> zwlr_screencopy_frame_v1#9.buffer(1, 1920, 1080, 7680)
[18:24:35.923189]  -> zwlr_screencopy_frame_v1#9.buffer_done()
[18:24:35.923264] zwlr_screencopy_frame_v1#9.copy(wl_buffer#11)
[18:24:35.927082]  -> zwlr_screencopy_frame_v1#9.flags(0)
[18:24:35.927106]  -> zwlr_screencopy_frame_v1#9.ready(0, 269859, 900037436)
[18:24:35.940899] zwlr_screencopy_frame_v1#9.destroy()
[18:24:36.228809]  -> wl_registry#2.global(28, "zwlr_screencopy_manager_v1", 3)
[18:24:36.228812]  -> wl_registry#2.global(29, "ext_image_copy_capture_manager_v1", 1)
[18:24:36.228814]  -> wl_registry#2.global(30, "ext_output_image_capture_source_manager_v1", 1)
[18:24:36.228844]  -> wl_registry#2.global(38, "ext_foreign_toplevel_image_capture_source_manager_v1", 1)
[18:24:36.229057] wl_registry#2.bind(28, "zwlr_screencopy_manager_v1", 3, new id [unknown]#5)
[18:24:36.248833]  -> wl_registry#2.global(28, "zwlr_screencopy_manager_v1", 3)
[18:24:36.248835]  -> wl_registry#2.global(29, "ext_image_copy_capture_manager_v1", 1)
[18:24:36.248837]  -> wl_registry#2.global(30, "ext_output_image_capture_source_manager_v1", 1)
[18:24:36.248854]  -> wl_registry#2.global(38, "ext_foreign_toplevel_image_capture_source_manager_v1", 1)
[18:24:36.249031] wl_registry#2.bind(28, "zwlr_screencopy_manager_v1", 3, new id [unknown]#5)
[18:24:36.249102] zwlr_screencopy_manager_v1#5.capture_output(new id zwlr_screencopy_frame_v1#9, 0, wl_output#8)
[18:24:36.249111]  -> zwlr_screencopy_frame_v1#9.buffer(1, 1920, 1080, 7680)
[18:24:36.249114]  -> zwlr_screencopy_frame_v1#9.buffer_done()
[18:24:36.249164] zwlr_screencopy_frame_v1#9.copy(wl_buffer#11)
[18:24:36.253530]  -> zwlr_screencopy_frame_v1#9.flags(0)
[18:24:36.253548]  -> zwlr_screencopy_frame_v1#9.ready(0, 269860, 225933434)
[18:24:36.265378] zwlr_screencopy_frame_v1#9.destroy()
[18:24:36.547937]  -> wl_registry#2.global(28, "zwlr_screencopy_manager_v1", 3)
[18:24:36.547940]  -> wl_registry#2.global(29, "ext_image_copy_capture_manager_v1", 1)
[18:24:36.547943]  -> wl_registry#2.global(30, "ext_output_image_capture_source_manager_v1", 1)
[18:24:36.547969]  -> wl_registry#2.global(38, "ext_foreign_toplevel_image_capture_source_manager_v1", 1)
[18:24:36.548188] wl_registry#2.bind(28, "zwlr_screencopy_manager_v1", 3, new id [unknown]#5)
[18:24:36.688437]  -> wl_registry#2.global(28, "zwlr_screencopy_manager_v1", 3)
[18:24:36.688439]  -> wl_registry#2.global(29, "ext_image_copy_capture_manager_v1", 1)
[18:24:36.688441]  -> wl_registry#2.global(30, "ext_output_image_capture_source_manager_v1", 1)
[18:24:36.688457]  -> wl_registry#2.global(38, "ext_foreign_toplevel_image_capture_source_manager_v1", 1)
[18:24:36.688619] wl_registry#2.bind(28, "zwlr_screencopy_manager_v1", 3, new id [unknown]#5)
[18:24:36.807186]  -> wl_registry#2.global(28, "zwlr_screencopy_manager_v1", 3)
[18:24:36.807190]  -> wl_registry#2.global(29, "ext_image_copy_capture_manager_v1", 1)
[18:24:36.807193]  -> wl_registry#2.global(30, "ext_output_image_capture_source_manager_v1", 1)
[18:24:36.807220]  -> wl_registry#2.global(38, "ext_foreign_toplevel_image_capture_source_manager_v1", 1)
[18:24:36.807447] wl_registry#2.bind(28, "zwlr_screencopy_manager_v1", 3, new id [unknown]#5)
[18:24:36.834574]  -> wl_registry#2.global(28, "zwlr_screencopy_manager_v1", 3)
[18:24:36.834578]  -> wl_registry#2.global(29, "ext_image_copy_capture_manager_v1", 1)
[18:24:36.834581]  -> wl_registry#2.global(30, "ext_output_image_capture_source_manager_v1", 1)
[18:24:36.834610]  -> wl_registry#2.global(38, "ext_foreign_toplevel_image_capture_source_manager_v1", 1)
[18:24:36.834845] wl_registry#2.bind(28, "zwlr_screencopy_manager_v1", 3, new id [unknown]#5)
[18:24:36.834959] zwlr_screencopy_manager_v1#5.capture_output(new id zwlr_screencopy_frame_v1#9, 0, wl_output#8)
[18:24:36.834971]  -> zwlr_screencopy_frame_v1#9.buffer(1, 1920, 1080, 7680)
[18:24:36.834975]  -> zwlr_screencopy_frame_v1#9.buffer_done()
[18:24:36.835050] zwlr_screencopy_frame_v1#9.copy(wl_buffer#11)
[18:24:36.838917]  -> zwlr_screencopy_frame_v1#9.flags(0)
[18:24:36.838939]  -> zwlr_screencopy_frame_v1#9.ready(0, 269860, 811819211)
[18:24:36.849880] zwlr_screencopy_frame_v1#9.destroy()
[18:24:37.236621]  -> wl_registry#2.global(28, "zwlr_screencopy_manager_v1", 3)
[18:24:37.236623]  -> wl_registry#2.global(29, "ext_image_copy_capture_manager_v1", 1)
[18:24:37.236625]  -> wl_registry#2.global(30, "ext_output_image_capture_source_manager_v1", 1)
[18:24:37.236642]  -> wl_registry#2.global(38, "ext_foreign_toplevel_image_capture_source_manager_v1", 1)
[18:24:37.236835] wl_registry#2.bind(28, "zwlr_screencopy_manager_v1", 3, new id [unknown]#5)
[18:24:37.271744]  -> wl_registry#2.global(28, "zwlr_screencopy_manager_v1", 3)
[18:24:37.271746]  -> wl_registry#2.global(29, "ext_image_copy_capture_manager_v1", 1)
[18:24:37.271748]  -> wl_registry#2.global(30, "ext_output_image_capture_source_manager_v1", 1)
[18:24:37.271764]  -> wl_registry#2.global(38, "ext_foreign_toplevel_image_capture_source_manager_v1", 1)
[18:24:37.271960] wl_registry#2.bind(28, "zwlr_screencopy_manager_v1", 3, new id [unknown]#5)
[18:24:37.272054] zwlr_screencopy_manager_v1#5.capture_output(new id zwlr_screencopy_frame_v1#9, 0, wl_output#8)
[18:24:37.272069]  -> zwlr_screencopy_frame_v1#9.buffer(1, 1920, 1080, 7680)
[18:24:37.272072]  -> zwlr_screencopy_frame_v1#9.buffer_done()
[18:24:37.272138] zwlr_screencopy_frame_v1#9.copy(wl_buffer#11)
[18:24:37.278332]  -> zwlr_screencopy_frame_v1#9.flags(0)
[18:24:37.278363]  -> zwlr_screencopy_frame_v1#9.ready(0, 269861, 248929177)
[18:24:37.295692] zwlr_screencopy_frame_v1#9.destroy()
[18:24:37.616045]  -> wl_registry#2.global(28, "zwlr_screencopy_manager_v1", 3)
[18:24:37.616049]  -> wl_registry#2.global(29, "ext_image_copy_capture_manager_v1", 1)
[18:24:37.616052]  -> wl_registry#2.global(30, "ext_output_image_capture_source_manager_v1", 1)
[18:24:37.616078]  -> wl_registry#2.global(38, "ext_foreign_toplevel_image_capture_source_manager_v1", 1)
[18:24:37.616330] wl_registry#2.bind(28, "zwlr_screencopy_manager_v1", 3, new id [unknown]#5)
[18:24:37.652332]  -> wl_registry#2.global(28, "zwlr_screencopy_manager_v1", 3)
[18:24:37.652343]  -> wl_registry#2.global(29, "ext_image_copy_capture_manager_v1", 1)
[18:24:37.652360]  -> wl_registry#2.global(30, "ext_output_image_capture_source_manager_v1", 1)
[18:24:37.652382]  -> wl_registry#2.global(38, "ext_foreign_toplevel_image_capture_source_manager_v1", 1)
[18:24:37.652611] wl_registry#2.bind(28, "zwlr_screencopy_manager_v1", 3, new id [unknown]#5)
[18:24:37.652742] zwlr_screencopy_manager_v1#5.capture_output(new id zwlr_screencopy_frame_v1#9, 0, wl_output#8)
[18:24:37.652759]  -> zwlr_screencopy_frame_v1#9.buffer(1, 1920, 1080, 7680)
[18:24:37.652763]  -> zwlr_screencopy_frame_v1#9.buffer_done()
[18:24:37.652852] zwlr_screencopy_frame_v1#9.copy(wl_buffer#11)
[18:24:37.658584]  -> zwlr_screencopy_frame_v1#9.flags(0)
[18:24:37.658613]  -> zwlr_screencopy_frame_v1#9.ready(0, 269861, 629638256)
[18:24:37.683489] zwlr_screencopy_frame_v1#9.destroy()
[18:24:38.018707]  -> wl_registry#2.global(28, "zwlr_screencopy_manager_v1", 3)
[18:24:38.018711]  -> wl_registry#2.global(29, "ext_image_copy_capture_manager_v1", 1)
[18:24:38.018715]  -> wl_registry#2.global(30, "ext_output_image_capture_source_manager_v1", 1)
[18:24:38.018745]  -> wl_registry#2.global(38, "ext_foreign_toplevel_image_capture_source_manager_v1", 1)
[18:24:38.019015] wl_registry#2.bind(28, "zwlr_screencopy_manager_v1", 3, new id [unknown]#5)
[18:24:38.042836]  -> wl_registry#2.global(28, "zwlr_screencopy_manager_v1", 3)
[18:24:38.042839]  -> wl_registry#2.global(29, "ext_image_copy_capture_manager_v1", 1)
[18:24:38.042843]  -> wl_registry#2.global(30, "ext_output_image_capture_source_manager_v1", 1)
[18:24:38.042889]  -> wl_registry#2.global(38, "ext_foreign_toplevel_image_capture_source_manager_v1", 1)
[18:24:38.043165] wl_registry#2.bind(28, "zwlr_screencopy_manager_v1", 3, new id [unknown]#5)
[18:24:38.043298] zwlr_screencopy_manager_v1#5.capture_output(new id zwlr_screencopy_frame_v1#9, 0, wl_output#8)
[18:24:38.043314]  -> zwlr_screencopy_frame_v1#9.buffer(1, 1920, 1080, 7680)
[18:24:38.043319]  -> zwlr_screencopy_frame_v1#9.buffer_done()
[18:24:38.043412] zwlr_screencopy_frame_v1#9.copy(wl_buffer#11)
[18:24:38.049210]  -> zwlr_screencopy_frame_v1#9.flags(0)
[18:24:38.049245]  -> zwlr_screencopy_frame_v1#9.ready(0, 269862, 20191871)
[18:24:38.072780] zwlr_screencopy_frame_v1#9.destroy()
[18:24:38.392197]  -> wl_registry#2.global(28, "zwlr_screencopy_manager_v1", 3)
[18:24:38.392201]  -> wl_registry#2.global(29, "ext_image_copy_capture_manager_v1", 1)
[18:24:38.392213]  -> wl_registry#2.global(30, "ext_output_image_capture_source_manager_v1", 1)
[18:24:38.392257]  -> wl_registry#2.global(38, "ext_foreign_toplevel_image_capture_source_manager_v1", 1)
[18:24:38.392550] wl_registry#2.bind(28, "zwlr_screencopy_manager_v1", 3, new id [unknown]#5)
[18:24:38.554833]  -> wl_registry#2.global(28, "zwlr_screencopy_manager_v1", 3)
[18:24:38.554837]  -> wl_registry#2.global(29, "ext_image_copy_capture_manager_v1", 1)
[18:24:38.554840]  -> wl_registry#2.global(30, "ext_output_image_capture_source_manager_v1", 1)
[18:24:38.554869]  -> wl_registry#2.global(38, "ext_foreign_toplevel_image_capture_source_manager_v1", 1)
[18:24:38.555194] wl_registry#2.bind(28, "zwlr_screencopy_manager_v1", 3, new id [unknown]#5)
[18:24:38.678551]  -> wl_registry#2.global(28, "zwlr_screencopy_manager_v1", 3)
[18:24:38.678554]  -> wl_registry#2.global(29, "ext_image_copy_capture_manager_v1", 1)
[18:24:38.678557]  -> wl_registry#2.global(30, "ext_output_image_capture_source_manager_v1", 1)
[18:24:38.678584]  -> wl_registry#2.global(38, "ext_foreign_toplevel_image_capture_source_manager_v1", 1)
[18:24:38.678887] wl_registry#2.bind(28, "zwlr_screencopy_manager_v1", 3, new id [unknown]#5)
[18:24:38.717520]  -> wl_registry#2.global(28, "zwlr_screencopy_manager_v1", 3)
[18:24:38.717522]  -> wl_registry#2.global(29, "ext_image_copy_capture_manager_v1", 1)
[18:24:38.717524]  -> wl_registry#2.global(30, "ext_output_image_capture_source_manager_v1", 1)
[18:24:38.717541]  -> wl_registry#2.global(38, "ext_foreign_toplevel_image_capture_source_manager_v1", 1)
[18:24:38.717750] wl_registry#2.bind(28, "zwlr_screencopy_manager_v1", 3, new id [unknown]#5)
[18:24:38.717861] zwlr_screencopy_manager_v1#5.capture_output(new id zwlr_screencopy_frame_v1#9, 0, wl_output#8)
[18:24:38.717880]  -> zwlr_screencopy_frame_v1#9.buffer(1, 1920, 1080, 7680)
[18:24:38.717884]  -> zwlr_screencopy_frame_v1#9.buffer_done()
[18:24:38.717969] zwlr_screencopy_frame_v1#9.copy(wl_buffer#11)
[18:24:38.721330]  -> zwlr_screencopy_frame_v1#9.flags(0)
[18:24:38.721350]  -> zwlr_screencopy_frame_v1#9.ready(0, 269862, 694749760)
[18:24:38.739341] zwlr_screencopy_frame_v1#9.destroy()
[18:24:39.157462]  -> wl_registry#2.global(28, "zwlr_screencopy_manager_v1", 3)
[18:24:39.157465]  -> wl_registry#2.global(29, "ext_image_copy_capture_manager_v1", 1)
[18:24:39.157468]  -> wl_registry#2.global(30, "ext_output_image_capture_source_manager_v1", 1)
[18:24:39.157497]  -> wl_registry#2.global(38, "ext_foreign_toplevel_image_capture_source_manager_v1", 1)
[18:24:39.157807] wl_registry#2.bind(28, "zwlr_screencopy_manager_v1", 3, new id [unknown]#5)
[18:24:39.193048]  -> wl_registry#2.global(28, "zwlr_screencopy_manager_v1", 3)
[18:24:39.193051]  -> wl_registry#2.global(29, "ext_image_copy_capture_manager_v1", 1)
[18:24:39.193054]  -> wl_registry#2.global(30, "ext_output_image_capture_source_manager_v1", 1)
[18:24:39.193087]  -> wl_registry#2.global(38, "ext_foreign_toplevel_image_capture_source_manager_v1", 1)
[18:24:39.193391] wl_registry#2.bind(28, "zwlr_screencopy_manager_v1", 3, new id [unknown]#5)
[18:24:39.193528] zwlr_screencopy_manager_v1#5.capture_output(new id zwlr_screencopy_frame_v1#9, 0, wl_output#8)
[18:24:39.193546]  -> zwlr_screencopy_frame_v1#9.buffer(1, 1920, 1080, 7680)
[18:24:39.193550]  -> zwlr_screencopy_frame_v1#9.buffer_done()
[18:24:39.193644] zwlr_screencopy_frame_v1#9.copy(wl_buffer#11)
[18:24:39.199738]  -> zwlr_screencopy_frame_v1#9.flags(0)
[18:24:39.199769]  -> zwlr_screencopy_frame_v1#9.ready(0, 269863, 170437709)
[18:24:39.221839] zwlr_screencopy_frame_v1#9.destroy()
[18:24:39.538518]  -> wl_registry#2.global(28, "zwlr_screencopy_manager_v1", 3)
[18:24:39.538521]  -> wl_registry#2.global(29, "ext_image_copy_capture_manager_v1", 1)
[18:24:39.538524]  -> wl_registry#2.global(30, "ext_output_image_capture_source_manager_v1", 1)
[18:24:39.538550]  -> wl_registry#2.global(38, "ext_foreign_toplevel_image_capture_source_manager_v1", 1)
[18:24:39.538818] wl_registry#2.bind(28, "zwlr_screencopy_manager_v1", 3, new id [unknown]#5)
[18:24:39.571655]  -> wl_registry#2.global(28, "zwlr_screencopy_manager_v1", 3)
[18:24:39.571659]  -> wl_registry#2.global(29, "ext_image_copy_capture_manager_v1", 1)
[18:24:39.571662]  -> wl_registry#2.global(30, "ext_output_image_capture_source_manager_v1", 1)
[18:24:39.571688]  -> wl_registry#2.global(38, "ext_foreign_toplevel_image_capture_source_manager_v1", 1)
[18:24:39.571963] wl_registry#2.bind(28, "zwlr_screencopy_manager_v1", 3, new id [unknown]#5)
[18:24:39.572084] zwlr_screencopy_manager_v1#5.capture_output(new id zwlr_screencopy_frame_v1#9, 0, wl_output#8)
[18:24:39.572102]  -> zwlr_screencopy_frame_v1#9.buffer(1, 1920, 1080, 7680)
[18:24:39.572106]  -> zwlr_screencopy_frame_v1#9.buffer_done()
[18:24:39.572201] zwlr_screencopy_frame_v1#9.copy(wl_buffer#11)
[18:24:39.578908]  -> zwlr_screencopy_frame_v1#9.flags(0)
[18:24:39.578947]  -> zwlr_screencopy_frame_v1#9.ready(0, 269863, 549004771)
[18:24:39.599986] zwlr_screencopy_frame_v1#9.destroy()
[18:24:39.937255]  -> wl_registry#2.global(28, "zwlr_screencopy_manager_v1", 3)
[18:24:39.937257]  -> wl_registry#2.global(29, "ext_image_copy_capture_manager_v1", 1)
[18:24:39.937259]  -> wl_registry#2.global(30, "ext_output_image_capture_source_manager_v1", 1)
[18:24:39.937284]  -> wl_registry#2.global(38, "ext_foreign_toplevel_image_capture_source_manager_v1", 1)
[18:24:39.937449] wl_registry#2.bind(28, "zwlr_screencopy_manager_v1", 3, new id [unknown]#5)
[18:24:39.958793]  -> wl_registry#2.global(28, "zwlr_screencopy_manager_v1", 3)
[18:24:39.958795]  -> wl_registry#2.global(29, "ext_image_copy_capture_manager_v1", 1)
[18:24:39.958797]  -> wl_registry#2.global(30, "ext_output_image_capture_source_manager_v1", 1)
[18:24:39.958814]  -> wl_registry#2.global(38, "ext_foreign_toplevel_image_capture_source_manager_v1", 1)
[18:24:39.958997] wl_registry#2.bind(28, "zwlr_screencopy_manager_v1", 3, new id [unknown]#5)
[18:24:39.959086] zwlr_screencopy_manager_v1#5.capture_output(new id zwlr_screencopy_frame_v1#9, 0, wl_output#8)
[18:24:39.959099]  -> zwlr_screencopy_frame_v1#9.buffer(1, 1920, 1080, 7680)
[18:24:39.959102]  -> zwlr_screencopy_frame_v1#9.buffer_done()
[18:24:39.959169] zwlr_screencopy_frame_v1#9.copy(wl_buffer#11)
[18:24:39.964711]  -> zwlr_screencopy_frame_v1#9.flags(0)
[18:24:39.964750]  -> zwlr_screencopy_frame_v1#9.ready(0, 269863, 935946272)
[18:24:39.980500] zwlr_screencopy_frame_v1#9.destroy()
[18:24:40.291457]  -> wl_registry#2.global(28, "zwlr_screencopy_manager_v1", 3)
[18:24:40.291459]  -> wl_registry#2.global(29, "ext_image_copy_capture_manager_v1", 1)
[18:24:40.291461]  -> wl_registry#2.global(30, "ext_output_image_capture_source_manager_v1", 1)
[18:24:40.291476]  -> wl_registry#2.global(38, "ext_foreign_toplevel_image_capture_source_manager_v1", 1)
[18:24:40.291652] wl_registry#2.bind(28, "zwlr_screencopy_manager_v1", 3, new id [unknown]#5)
[18:24:40.449356]  -> wl_registry#2.global(28, "zwlr_screencopy_manager_v1", 3)
[18:24:40.449358]  -> wl_registry#2.global(29, "ext_image_copy_capture_manager_v1", 1)
[18:24:40.449360]  -> wl_registry#2.global(30, "ext_output_image_capture_source_manager_v1", 1)
[18:24:40.449378]  -> wl_registry#2.global(38, "ext_foreign_toplevel_image_capture_source_manager_v1", 1)
[18:24:40.449561] wl_registry#2.bind(28, "zwlr_screencopy_manager_v1", 3, new id [unknown]#5)
[18:24:40.569142]  -> wl_registry#2.global(28, "zwlr_screencopy_manager_v1", 3)
[18:24:40.569144]  -> wl_registry#2.global(29, "ext_image_copy_capture_manager_v1", 1)
[18:24:40.569146]  -> wl_registry#2.global(30, "ext_output_image_capture_source_manager_v1", 1)
[18:24:40.569173]  -> wl_registry#2.global(38, "ext_foreign_toplevel_image_capture_source_manager_v1", 1)
[18:24:40.569360] wl_registry#2.bind(28, "zwlr_screencopy_manager_v1", 3, new id [unknown]#5)
[18:24:40.603859]  -> wl_registry#2.global(28, "zwlr_screencopy_manager_v1", 3)
[18:24:40.603862]  -> wl_registry#2.global(29, "ext_image_copy_capture_manager_v1", 1)
[18:24:40.603865]  -> wl_registry#2.global(30, "ext_output_image_capture_source_manager_v1", 1)
[18:24:40.603892]  -> wl_registry#2.global(38, "ext_foreign_toplevel_image_capture_source_manager_v1", 1)
[18:24:40.604163] wl_registry#2.bind(28, "zwlr_screencopy_manager_v1", 3, new id [unknown]#5)
[18:24:40.604288] zwlr_screencopy_manager_v1#5.capture_output(new id zwlr_screencopy_frame_v1#9, 0, wl_output#8)
[18:24:40.604307]  -> zwlr_screencopy_frame_v1#9.buffer(1, 1920, 1080, 7680)
[18:24:40.604312]  -> zwlr_screencopy_frame_v1#9.buffer_done()
[18:24:40.604452] zwlr_screencopy_frame_v1#9.copy(wl_buffer#11)
[18:24:40.610000]  -> zwlr_screencopy_frame_v1#9.flags(0)
[18:24:40.610031]  -> zwlr_screencopy_frame_v1#9.ready(0, 269864, 581241996)
[18:24:40.626601] zwlr_screencopy_frame_v1#9.destroy()
[18:24:41.044318]  -> wl_registry#2.global(28, "zwlr_screencopy_manager_v1", 3)
[18:24:41.044321]  -> wl_registry#2.global(29, "ext_image_copy_capture_manager_v1", 1)
[18:24:41.044325]  -> wl_registry#2.global(30, "ext_output_image_capture_source_manager_v1", 1)
[18:24:41.044352]  -> wl_registry#2.global(38, "ext_foreign_toplevel_image_capture_source_manager_v1", 1)
[18:24:41.044601] wl_registry#2.bind(28, "zwlr_screencopy_manager_v1", 3, new id [unknown]#5)
[18:24:41.074959]  -> wl_registry#2.global(28, "zwlr_screencopy_manager_v1", 3)
[18:24:41.074962]  -> wl_registry#2.global(29, "ext_image_copy_capture_manager_v1", 1)
[18:24:41.074966]  -> wl_registry#2.global(30, "ext_output_image_capture_source_manager_v1", 1)
[18:24:41.074996]  -> wl_registry#2.global(38, "ext_foreign_toplevel_image_capture_source_manager_v1", 1)
[18:24:41.075235] wl_registry#2.bind(28, "zwlr_screencopy_manager_v1", 3, new id [unknown]#5)
[18:24:41.075346] zwlr_screencopy_manager_v1#5.capture_output(new id zwlr_screencopy_frame_v1#9, 0, wl_output#8)
[18:24:41.075363]  -> zwlr_screencopy_frame_v1#9.buffer(1, 1920, 1080, 7680)
[18:24:41.075368]  -> zwlr_screencopy_frame_v1#9.buffer_done()
[18:24:41.075446] zwlr_screencopy_frame_v1#9.copy(wl_buffer#11)
[18:24:41.080331]  -> zwlr_screencopy_frame_v1#9.flags(0)
[18:24:41.080359]  -> zwlr_screencopy_frame_v1#9.ready(0, 269865, 52238219)
[18:24:41.094714] zwlr_screencopy_frame_v1#9.destroy()
[18:24:41.409928]  -> wl_registry#2.global(28, "zwlr_screencopy_manager_v1", 3)
[18:24:41.409932]  -> wl_registry#2.global(29, "ext_image_copy_capture_manager_v1", 1)
[18:24:41.409935]  -> wl_registry#2.global(30, "ext_output_image_capture_source_manager_v1", 1)
[18:24:41.409965]  -> wl_registry#2.global(38, "ext_foreign_toplevel_image_capture_source_manager_v1", 1)
[18:24:41.410275] wl_registry#2.bind(28, "zwlr_screencopy_manager_v1", 3, new id [unknown]#5)
[18:24:41.443849]  -> wl_registry#2.global(28, "zwlr_screencopy_manager_v1", 3)
[18:24:41.443853]  -> wl_registry#2.global(29, "ext_image_copy_capture_manager_v1", 1)
[18:24:41.443857]  -> wl_registry#2.global(30, "ext_output_image_capture_source_manager_v1", 1)
[18:24:41.443888]  -> wl_registry#2.global(38, "ext_foreign_toplevel_image_capture_source_manager_v1", 1)
[18:24:41.444221] wl_registry#2.bind(28, "zwlr_screencopy_manager_v1", 3, new id [unknown]#5)
[18:24:41.444369] zwlr_screencopy_manager_v1#5.capture_output(new id zwlr_screencopy_frame_v1#9, 0, wl_output#8)
[18:24:41.444388]  -> zwlr_screencopy_frame_v1#9.buffer(1, 1920, 1080, 7680)
[18:24:41.444393]  -> zwlr_screencopy_frame_v1#9.buffer_done()
[18:24:41.444497] zwlr_screencopy_frame_v1#9.copy(wl_buffer#11)
[18:24:41.450888]  -> zwlr_screencopy_frame_v1#9.flags(0)
[18:24:41.450933]  -> zwlr_screencopy_frame_v1#9.ready(0, 269865, 421285536)
[18:24:41.470252] zwlr_screencopy_frame_v1#9.destroy()
[18:24:41.763661]  -> wl_registry#2.global(28, "zwlr_screencopy_manager_v1", 3)
[18:24:41.763663]  -> wl_registry#2.global(29, "ext_image_copy_capture_manager_v1", 1)
[18:24:41.763665]  -> wl_registry#2.global(30, "ext_output_image_capture_source_manager_v1", 1)
[18:24:41.763681]  -> wl_registry#2.global(38, "ext_foreign_toplevel_image_capture_source_manager_v1", 1)
[18:24:41.763876] wl_registry#2.bind(28, "zwlr_screencopy_manager_v1", 3, new id [unknown]#5)
[18:24:41.785130]  -> wl_registry#2.global(28, "zwlr_screencopy_manager_v1", 3)
[18:24:41.785132]  -> wl_registry#2.global(29, "ext_image_copy_capture_manager_v1", 1)
[18:24:41.785134]  -> wl_registry#2.global(30, "ext_output_image_capture_source_manager_v1", 1)
[18:24:41.785150]  -> wl_registry#2.global(38, "ext_foreign_toplevel_image_capture_source_manager_v1", 1)
[18:24:41.785318] wl_registry#2.bind(28, "zwlr_screencopy_manager_v1", 3, new id [unknown]#5)
[18:24:41.785401] zwlr_screencopy_manager_v1#5.capture_output(new id zwlr_screencopy_frame_v1#9, 0, wl_output#8)
[18:24:41.785414]  -> zwlr_screencopy_frame_v1#9.buffer(1, 1920, 1080, 7680)
[18:24:41.785416]  -> zwlr_screencopy_frame_v1#9.buffer_done()
[18:24:41.785477] zwlr_screencopy_frame_v1#9.copy(wl_buffer#11)
[18:24:41.789429]  -> zwlr_screencopy_frame_v1#9.flags(0)
[18:24:41.789458]  -> zwlr_screencopy_frame_v1#9.ready(0, 269865, 762246404)
[18:24:41.802969] zwlr_screencopy_frame_v1#9.destroy()
[18:24:42.114740]  -> wl_registry#2.global(28, "zwlr_screencopy_manager_v1", 3)
[18:24:42.114743]  -> wl_registry#2.global(29, "ext_image_copy_capture_manager_v1", 1)
[18:24:42.114747]  -> wl_registry#2.global(30, "ext_output_image_capture_source_manager_v1", 1)
[18:24:42.114775]  -> wl_registry#2.global(38, "ext_foreign_toplevel_image_capture_source_manager_v1", 1)
[18:24:42.115001] wl_registry#2.bind(28, "zwlr_screencopy_manager_v1", 3, new id [unknown]#5)
[18:24:42.264667]  -> wl_registry#2.global(28, "zwlr_screencopy_manager_v1", 3)
[18:24:42.264670]  -> wl_registry#2.global(29, "ext_image_copy_capture_manager_v1", 1)
[18:24:42.264673]  -> wl_registry#2.global(30, "ext_output_image_capture_source_manager_v1", 1)
[18:24:42.264699]  -> wl_registry#2.global(38, "ext_foreign_toplevel_image_capture_source_manager_v1", 1)
[18:24:42.264951] wl_registry#2.bind(28, "zwlr_screencopy_manager_v1", 3, new id [unknown]#5)
[18:24:42.383405]  -> wl_registry#2.global(28, "zwlr_screencopy_manager_v1", 3)
[18:24:42.383407]  -> wl_registry#2.global(29, "ext_image_copy_capture_manager_v1", 1)
[18:24:42.383409]  -> wl_registry#2.global(30, "ext_output_image_capture_source_manager_v1", 1)
[18:24:42.383425]  -> wl_registry#2.global(38, "ext_foreign_toplevel_image_capture_source_manager_v1", 1)
[18:24:42.383585] wl_registry#2.bind(28, "zwlr_screencopy_manager_v1", 3, new id [unknown]#5)
[18:24:42.411237]  -> wl_registry#2.global(28, "zwlr_screencopy_manager_v1", 3)
[18:24:42.411238]  -> wl_registry#2.global(29, "ext_image_copy_capture_manager_v1", 1)
[18:24:42.411244]  -> wl_registry#2.global(30, "ext_output_image_capture_source_manager_v1", 1)
[18:24:42.411272]  -> wl_registry#2.global(38, "ext_foreign_toplevel_image_capture_source_manager_v1", 1)
[18:24:42.411420] wl_registry#2.bind(28, "zwlr_screencopy_manager_v1", 3, new id [unknown]#5)
[18:24:42.411498] zwlr_screencopy_manager_v1#5.capture_output(new id zwlr_screencopy_frame_v1#9, 0, wl_output#8)
[18:24:42.411507]  -> zwlr_screencopy_frame_v1#9.buffer(1, 1920, 1080, 7680)
[18:24:42.411509]  -> zwlr_screencopy_frame_v1#9.buffer_done()
[18:24:42.411562] zwlr_screencopy_frame_v1#9.copy(wl_buffer#11)
[18:24:42.414725]  -> zwlr_screencopy_frame_v1#9.flags(0)
[18:24:42.414742]  -> zwlr_screencopy_frame_v1#9.ready(0, 269866, 388323203)
[18:24:42.426506] zwlr_screencopy_frame_v1#9.destroy()
[18:24:42.812460]  -> wl_registry#2.global(28, "zwlr_screencopy_manager_v1", 3)
[18:24:42.812465]  -> wl_registry#2.global(29, "ext_image_copy_capture_manager_v1", 1)
[18:24:42.812468]  -> wl_registry#2.global(30, "ext_output_image_capture_source_manager_v1", 1)
[18:24:42.812500]  -> wl_registry#2.global(38, "ext_foreign_toplevel_image_capture_source_manager_v1", 1)
[18:24:42.812776] wl_registry#2.bind(28, "zwlr_screencopy_manager_v1", 3, new id [unknown]#5)
[18:24:42.840986]  -> wl_registry#2.global(28, "zwlr_screencopy_manager_v1", 3)
[18:24:42.840988]  -> wl_registry#2.global(29, "ext_image_copy_capture_manager_v1", 1)
[18:24:42.840990]  -> wl_registry#2.global(30, "ext_output_image_capture_source_manager_v1", 1)
[18:24:42.841017]  -> wl_registry#2.global(38, "ext_foreign_toplevel_image_capture_source_manager_v1", 1)
[18:24:42.841166] wl_registry#2.bind(28, "zwlr_screencopy_manager_v1", 3, new id [unknown]#5)
[18:24:42.841249] zwlr_screencopy_manager_v1#5.capture_output(new id zwlr_screencopy_frame_v1#9, 0, wl_output#8)
[18:24:42.841259]  -> zwlr_screencopy_frame_v1#9.buffer(1, 1920, 1080, 7680)
[18:24:42.841261]  -> zwlr_screencopy_frame_v1#9.buffer_done()
[18:24:42.841341] zwlr_screencopy_frame_v1#9.copy(wl_buffer#11)
[18:24:42.845311]  -> zwlr_screencopy_frame_v1#9.flags(0)
[18:24:42.845337]  -> zwlr_screencopy_frame_v1#9.ready(0, 269866, 818102831)
[18:24:42.858584] zwlr_screencopy_frame_v1#9.destroy()
[18:24:43.148368]  -> wl_registry#2.global(28, "zwlr_screencopy_manager_v1", 3)
[18:24:43.148371]  -> wl_registry#2.global(29, "ext_image_copy_capture_manager_v1", 1)
[18:24:43.148375]  -> wl_registry#2.global(30, "ext_output_image_capture_source_manager_v1", 1)
[18:24:43.148419]  -> wl_registry#2.global(38, "ext_foreign_toplevel_image_capture_source_manager_v1", 1)
[18:24:43.148708] wl_registry#2.bind(28, "zwlr_screencopy_manager_v1", 3, new id [unknown]#5)
[18:24:43.210705]  -> wl_registry#2.global(28, "zwlr_screencopy_manager_v1", 3)
[18:24:43.210707]  -> wl_registry#2.global(29, "ext_image_copy_capture_manager_v1", 1)
[18:24:43.210710]  -> wl_registry#2.global(30, "ext_output_image_capture_source_manager_v1", 1)
[18:24:43.210737]  -> wl_registry#2.global(38, "ext_foreign_toplevel_image_capture_source_manager_v1", 1)
[18:24:43.211507] wl_registry#2.bind(28, "zwlr_screencopy_manager_v1", 3, new id [unknown]#5)
[18:24:43.211662] zwlr_screencopy_manager_v1#5.capture_output(new id zwlr_screencopy_frame_v1#9, 0, wl_output#8)
[18:24:43.211690]  -> zwlr_screencopy_frame_v1#9.buffer(1, 1920, 1080, 7680)
[18:24:43.211700]  -> zwlr_screencopy_frame_v1#9.buffer_done()
[18:24:43.211844] zwlr_screencopy_frame_v1#9.copy(wl_buffer#11)
[18:24:43.220789]  -> zwlr_screencopy_frame_v1#9.flags(0)
[18:24:43.220825]  -> zwlr_screencopy_frame_v1#9.ready(0, 269867, 188668642)
[18:24:43.252461] zwlr_screencopy_frame_v1#9.destroy()
[18:24:43.818671]  -> wl_registry#2.global(28, "zwlr_screencopy_manager_v1", 3)
[18:24:43.818674]  -> wl_registry#2.global(29, "ext_image_copy_capture_manager_v1", 1)
[18:24:43.818677]  -> wl_registry#2.global(30, "ext_output_image_capture_source_manager_v1", 1)
[18:24:43.818742]  -> wl_registry#2.global(38, "ext_foreign_toplevel_image_capture_source_manager_v1", 1)
[18:24:43.819605] wl_registry#2.bind(28, "zwlr_screencopy_manager_v1", 3, new id [unknown]#5)
[18:24:44.122639]  -> wl_registry#2.global(28, "zwlr_screencopy_manager_v1", 3)
[18:24:44.122642]  -> wl_registry#2.global(29, "ext_image_copy_capture_manager_v1", 1)
[18:24:44.122646]  -> wl_registry#2.global(30, "ext_output_image_capture_source_manager_v1", 1)
[18:24:44.122674]  -> wl_registry#2.global(38, "ext_foreign_toplevel_image_capture_source_manager_v1", 1)
[18:24:44.123597] wl_registry#2.bind(28, "zwlr_screencopy_manager_v1", 3, new id [unknown]#5)
[18:24:44.124380] zwlr_screencopy_manager_v1#5.capture_output(new id zwlr_screencopy_frame_v1#9, 0, wl_output#8)
[18:24:44.124421]  -> zwlr_screencopy_frame_v1#9.buffer(1, 1920, 1080, 7680)
[18:24:44.124427]  -> zwlr_screencopy_frame_v1#9.buffer_done()
[18:24:44.125382] zwlr_screencopy_frame_v1#9.copy(wl_buffer#11)
[18:24:44.134450]  -> zwlr_screencopy_frame_v1#9.flags(0)
[18:24:44.134502]  -> zwlr_screencopy_frame_v1#9.ready(0, 269868, 102222461)
[18:24:44.186295] zwlr_screencopy_frame_v1#9.destroy()
[18:24:44.671742]  -> wl_registry#2.global(28, "zwlr_screencopy_manager_v1", 3)
[18:24:44.671745]  -> wl_registry#2.global(29, "ext_image_copy_capture_manager_v1", 1)
[18:24:44.671747]  -> wl_registry#2.global(30, "ext_output_image_capture_source_manager_v1", 1)
[18:24:44.671779]  -> wl_registry#2.global(38, "ext_foreign_toplevel_image_capture_source_manager_v1", 1)
[18:24:44.672572] wl_registry#2.bind(28, "zwlr_screencopy_manager_v1", 3, new id [unknown]#5)
[18:24:45.109830]  -> wl_registry#2.global(28, "zwlr_screencopy_manager_v1", 3)
[18:24:45.109834]  -> wl_registry#2.global(29, "ext_image_copy_capture_manager_v1", 1)
[18:24:45.109837]  -> wl_registry#2.global(30, "ext_output_image_capture_source_manager_v1", 1)
[18:24:45.109869]  -> wl_registry#2.global(38, "ext_foreign_toplevel_image_capture_source_manager_v1", 1)
[18:24:45.110529] wl_registry#2.bind(28, "zwlr_screencopy_manager_v1", 3, new id [unknown]#5)
[18:24:45.264872]  -> wl_registry#2.global(28, "zwlr_screencopy_manager_v1", 3)
[18:24:45.264875]  -> wl_registry#2.global(29, "ext_image_copy_capture_manager_v1", 1)
[18:24:45.264879]  -> wl_registry#2.global(30, "ext_output_image_capture_source_manager_v1", 1)
[18:24:45.264909]  -> wl_registry#2.global(38, "ext_foreign_toplevel_image_capture_source_manager_v1", 1)
[18:24:45.265567] wl_registry#2.bind(28, "zwlr_screencopy_manager_v1", 3, new id [unknown]#5)
[18:24:45.486231]  -> wl_registry#2.global(28, "zwlr_screencopy_manager_v1", 3)
[18:24:45.486234]  -> wl_registry#2.global(29, "ext_image_copy_capture_manager_v1", 1)
[18:24:45.486237]  -> wl_registry#2.global(30, "ext_output_image_capture_source_manager_v1", 1)
[18:24:45.486263]  -> wl_registry#2.global(38, "ext_foreign_toplevel_image_capture_source_manager_v1", 1)
[18:24:45.486596] wl_registry#2.bind(28, "zwlr_screencopy_manager_v1", 3, new id [unknown]#5)
[18:24:45.487168] zwlr_screencopy_manager_v1#5.capture_output(new id zwlr_screencopy_frame_v1#9, 0, wl_output#8)
[18:24:45.487204]  -> zwlr_screencopy_frame_v1#9.buffer(1, 1920, 1080, 7680)
[18:24:45.487210]  -> zwlr_screencopy_frame_v1#9.buffer_done()
[18:24:45.487394] zwlr_screencopy_frame_v1#9.copy(wl_buffer#11)
[18:24:45.494762]  -> zwlr_screencopy_frame_v1#9.flags(0)
[18:24:45.494811]  -> zwlr_screencopy_frame_v1#9.ready(0, 269869, 464207572)
[18:24:45.551495] zwlr_screencopy_frame_v1#9.destroy()
[18:24:46.179694]  -> wl_registry#2.global(28, "zwlr_screencopy_manager_v1", 3)
[18:24:46.179697]  -> wl_registry#2.global(29, "ext_image_copy_capture_manager_v1", 1)
[18:24:46.179701]  -> wl_registry#2.global(30, "ext_output_image_capture_source_manager_v1", 1)
[18:24:46.179732]  -> wl_registry#2.global(38, "ext_foreign_toplevel_image_capture_source_manager_v1", 1)
[18:24:46.181940] wl_registry#2.bind(28, "zwlr_screencopy_manager_v1", 3, new id [unknown]#5)
[18:24:46.475651]  -> wl_registry#2.global(28, "zwlr_screencopy_manager_v1", 3)
[18:24:46.475655]  -> wl_registry#2.global(29, "ext_image_copy_capture_manager_v1", 1)
[18:24:46.475658]  -> wl_registry#2.global(30, "ext_output_image_capture_source_manager_v1", 1)
[18:24:46.475692]  -> wl_registry#2.global(38, "ext_foreign_toplevel_image_capture_source_manager_v1", 1)
[18:24:46.476617] wl_registry#2.bind(28, "zwlr_screencopy_manager_v1", 3, new id [unknown]#5)
[18:24:46.477432] zwlr_screencopy_manager_v1#5.capture_output(new id zwlr_screencopy_frame_v1#9, 0, wl_output#8)
[18:24:46.477480]  -> zwlr_screencopy_frame_v1#9.buffer(1, 1920, 1080, 7680)
[18:24:46.477487]  -> zwlr_screencopy_frame_v1#9.buffer_done()
[18:24:46.478554] zwlr_screencopy_frame_v1#9.copy(wl_buffer#11)
[18:24:46.486960]  -> zwlr_screencopy_frame_v1#9.flags(0)
[18:24:46.487020]  -> zwlr_screencopy_frame_v1#9.ready(0, 269870, 455382440)
[18:24:46.522506] zwlr_screencopy_frame_v1#9.destroy()
[18:24:47.043748]  -> wl_registry#2.global(28, "zwlr_screencopy_manager_v1", 3)
[18:24:47.043752]  -> wl_registry#2.global(29, "ext_image_copy_capture_manager_v1", 1)
[18:24:47.043755]  -> wl_registry#2.global(30, "ext_output_image_capture_source_manager_v1", 1)
[18:24:47.043784]  -> wl_registry#2.global(38, "ext_foreign_toplevel_image_capture_source_manager_v1", 1)
[18:24:47.044408] wl_registry#2.bind(28, "zwlr_screencopy_manager_v1", 3, new id [unknown]#5)
[18:24:47.283712]  -> wl_registry#2.global(28, "zwlr_screencopy_manager_v1", 3)
[18:24:47.283716]  -> wl_registry#2.global(29, "ext_image_copy_capture_manager_v1", 1)
[18:24:47.283719]  -> wl_registry#2.global(30, "ext_output_image_capture_source_manager_v1", 1)
[18:24:47.283748]  -> wl_registry#2.global(38, "ext_foreign_toplevel_image_capture_source_manager_v1", 1)
[18:24:47.284602] wl_registry#2.bind(28, "zwlr_screencopy_manager_v1", 3, new id [unknown]#5)
[18:24:47.285398] zwlr_screencopy_manager_v1#5.capture_output(new id zwlr_screencopy_frame_v1#9, 0, wl_output#8)
[18:24:47.285446]  -> zwlr_screencopy_frame_v1#9.buffer(1, 1920, 1080, 7680)
[18:24:47.285452]  -> zwlr_screencopy_frame_v1#9.buffer_done()
[18:24:47.285677] zwlr_screencopy_frame_v1#9.copy(wl_buffer#11)
[18:24:47.295495]  -> zwlr_screencopy_frame_v1#9.flags(0)
[18:24:47.295549]  -> zwlr_screencopy_frame_v1#9.ready(0, 269871, 262503784)
[18:24:47.329725] zwlr_screencopy_frame_v1#9.destroy()
[18:24:47.818934]  -> wl_registry#2.global(28, "zwlr_screencopy_manager_v1", 3)
[18:24:47.818938]  -> wl_registry#2.global(29, "ext_image_copy_capture_manager_v1", 1)
[18:24:47.818941]  -> wl_registry#2.global(30, "ext_output_image_capture_source_manager_v1", 1)
[18:24:47.818977]  -> wl_registry#2.global(38, "ext_foreign_toplevel_image_capture_source_manager_v1", 1)
[18:24:47.819676] wl_registry#2.bind(28, "zwlr_screencopy_manager_v1", 3, new id [unknown]#5)
[18:24:48.036716]  -> wl_registry#2.global(28, "zwlr_screencopy_manager_v1", 3)
[18:24:48.036720]  -> wl_registry#2.global(29, "ext_image_copy_capture_manager_v1", 1)
[18:24:48.036723]  -> wl_registry#2.global(30, "ext_output_image_capture_source_manager_v1", 1)
[18:24:48.036783]  -> wl_registry#2.global(38, "ext_foreign_toplevel_image_capture_source_manager_v1", 1)
[18:24:48.037541] wl_registry#2.bind(28, "zwlr_screencopy_manager_v1", 3, new id [unknown]#5)
[18:24:48.038403] zwlr_screencopy_manager_v1#5.capture_output(new id zwlr_screencopy_frame_v1#9, 0, wl_output#8)
[18:24:48.038445]  -> zwlr_screencopy_frame_v1#9.buffer(1, 1920, 1080, 7680)
[18:24:48.038452]  -> zwlr_screencopy_frame_v1#9.buffer_done()
[18:24:48.039528] zwlr_screencopy_frame_v1#9.copy(wl_buffer#11)
[18:24:48.048587]  -> zwlr_screencopy_frame_v1#9.flags(0)
[18:24:48.048638]  -> zwlr_screencopy_frame_v1#9.ready(0, 269872, 16371301)
[18:24:48.085381] zwlr_screencopy_frame_v1#9.destroy()
[18:24:48.600707]  -> wl_registry#2.global(28, "zwlr_screencopy_manager_v1", 3)
[18:24:48.600719]  -> wl_registry#2.global(29, "ext_image_copy_capture_manager_v1", 1)
[18:24:48.600742]  -> wl_registry#2.global(30, "ext_output_image_capture_source_manager_v1", 1)
[18:24:48.600786]  -> wl_registry#2.global(38, "ext_foreign_toplevel_image_capture_source_manager_v1", 1)
[18:24:48.601531] wl_registry#2.bind(28, "zwlr_screencopy_manager_v1", 3, new id [unknown]#5)
[18:24:48.637282]  -> wl_registry#2.global(28, "zwlr_screencopy_manager_v1", 3)
[18:24:48.637285]  -> wl_registry#2.global(29, "ext_image_copy_capture_manager_v1", 1)
[18:24:48.637288]  -> wl_registry#2.global(30, "ext_output_image_capture_source_manager_v1", 1)
[18:24:48.637349]  -> wl_registry#2.global(38, "ext_foreign_toplevel_image_capture_source_manager_v1", 1)
[18:24:48.637632] wl_registry#2.bind(28, "zwlr_screencopy_manager_v1", 3, new id [unknown]#5)
[18:24:48.637785] zwlr_screencopy_manager_v1#5.capture_output(new id zwlr_screencopy_frame_v1#9, 0, wl_output#8)
[18:24:48.637805]  -> zwlr_screencopy_frame_v1#9.buffer(1, 1920, 1080, 7680)
[18:24:48.637809]  -> zwlr_screencopy_frame_v1#9.buffer_done()
[18:24:48.637926] zwlr_screencopy_frame_v1#9.copy(wl_buffer#11)
[18:24:48.646321]  -> zwlr_screencopy_frame_v1#9.flags(0)
[18:24:48.646380]  -> zwlr_screencopy_frame_v1#9.ready(0, 269872, 614726677)
[18:24:48.674228] zwlr_screencopy_frame_v1#9.destroy()
[18:24:49.059552]  -> wl_registry#2.global(28, "zwlr_screencopy_manager_v1", 3)
[18:24:49.059555]  -> wl_registry#2.global(29, "ext_image_copy_capture_manager_v1", 1)
[18:24:49.059558]  -> wl_registry#2.global(30, "ext_output_image_capture_source_manager_v1", 1)
[18:24:49.059605]  -> wl_registry#2.global(38, "ext_foreign_toplevel_image_capture_source_manager_v1", 1)
[18:24:49.059884] wl_registry#2.bind(28, "zwlr_screencopy_manager_v1", 3, new id [unknown]#5)
[18:24:49.189300]  -> wl_registry#2.global(28, "zwlr_screencopy_manager_v1", 3)
[18:24:49.189304]  -> wl_registry#2.global(29, "ext_image_copy_capture_manager_v1", 1)
[18:24:49.189307]  -> wl_registry#2.global(30, "ext_output_image_capture_source_manager_v1", 1)
[18:24:49.189339]  -> wl_registry#2.global(38, "ext_foreign_toplevel_image_capture_source_manager_v1", 1)
[18:24:49.189682] wl_registry#2.bind(28, "zwlr_screencopy_manager_v1", 3, new id [unknown]#5)
[18:24:49.231627]  -> wl_registry#2.global(28, "zwlr_screencopy_manager_v1", 3)
[18:24:49.231631]  -> wl_registry#2.global(29, "ext_image_copy_capture_manager_v1", 1)
[18:24:49.231634]  -> wl_registry#2.global(30, "ext_output_image_capture_source_manager_v1", 1)
[18:24:49.231665]  -> wl_registry#2.global(38, "ext_foreign_toplevel_image_capture_source_manager_v1", 1)
[18:24:49.231995] wl_registry#2.bind(28, "zwlr_screencopy_manager_v1", 3, new id [unknown]#5)
[18:24:49.232148] zwlr_screencopy_manager_v1#5.capture_output(new id zwlr_screencopy_frame_v1#9, 0, wl_output#8)
[18:24:49.232169]  -> zwlr_screencopy_frame_v1#9.buffer(1, 1920, 1080, 7680)
[18:24:49.232172]  -> zwlr_screencopy_frame_v1#9.buffer_done()
[18:24:49.232301] zwlr_screencopy_frame_v1#9.copy(wl_buffer#11)
[18:24:49.239516]  -> zwlr_screencopy_frame_v1#9.flags(0)
[18:24:49.239566]  -> zwlr_screencopy_frame_v1#9.ready(0, 269873, 209113364)
[18:24:49.258957] zwlr_screencopy_frame_v1#9.destroy()
[18:24:49.763555]  -> wl_registry#2.global(28, "zwlr_screencopy_manager_v1", 3)
[18:24:49.763558]  -> wl_registry#2.global(29, "ext_image_copy_capture_manager_v1", 1)
[18:24:49.763561]  -> wl_registry#2.global(30, "ext_output_image_capture_source_manager_v1", 1)
[18:24:49.763592]  -> wl_registry#2.global(38, "ext_foreign_toplevel_image_capture_source_manager_v1", 1)
[18:24:49.763951] wl_registry#2.bind(28, "zwlr_screencopy_manager_v1", 3, new id [unknown]#5)
[18:24:49.844292]  -> wl_registry#2.global(28, "zwlr_screencopy_manager_v1", 3)
[18:24:49.844295]  -> wl_registry#2.global(29, "ext_image_copy_capture_manager_v1", 1)
[18:24:49.844297]  -> wl_registry#2.global(30, "ext_output_image_capture_source_manager_v1", 1)
[18:24:49.844316]  -> wl_registry#2.global(38, "ext_foreign_toplevel_image_capture_source_manager_v1", 1)
[18:24:49.844556] wl_registry#2.bind(28, "zwlr_screencopy_manager_v1", 3, new id [unknown]#5)
[18:24:49.844686] zwlr_screencopy_manager_v1#5.capture_output(new id zwlr_screencopy_frame_v1#9, 0, wl_output#8)
[18:24:49.844704]  -> zwlr_screencopy_frame_v1#9.buffer(1, 1920, 1080, 7680)
[18:24:49.844707]  -> zwlr_screencopy_frame_v1#9.buffer_done()
[18:24:49.844811] zwlr_screencopy_frame_v1#9.copy(wl_buffer#11)
[18:24:49.851171]  -> zwlr_screencopy_frame_v1#9.flags(0)
[18:24:49.851213]  -> zwlr_screencopy_frame_v1#9.ready(0, 269873, 821606583)
[18:24:49.876996] zwlr_screencopy_frame_v1#9.destroy()
[18:24:50.239484]  -> wl_registry#2.global(28, "zwlr_screencopy_manager_v1", 3)
[18:24:50.239486]  -> wl_registry#2.global(29, "ext_image_copy_capture_manager_v1", 1)
[18:24:50.239488]  -> wl_registry#2.global(30, "ext_output_image_capture_source_manager_v1", 1)
[18:24:50.239504]  -> wl_registry#2.global(38, "ext_foreign_toplevel_image_capture_source_manager_v1", 1)
[18:24:50.239688] wl_registry#2.bind(28, "zwlr_screencopy_manager_v1", 3, new id [unknown]#5)
[18:24:50.283918]  -> wl_registry#2.global(28, "zwlr_screencopy_manager_v1", 3)
[18:24:50.283921]  -> wl_registry#2.global(29, "ext_image_copy_capture_manager_v1", 1)
[18:24:50.283924]  -> wl_registry#2.global(30, "ext_output_image_capture_source_manager_v1", 1)
[18:24:50.283952]  -> wl_registry#2.global(38, "ext_foreign_toplevel_image_capture_source_manager_v1", 1)
[18:24:50.284287] wl_registry#2.bind(28, "zwlr_screencopy_manager_v1", 3, new id [unknown]#5)
[18:24:50.284450] zwlr_screencopy_manager_v1#5.capture_output(new id zwlr_screencopy_frame_v1#9, 0, wl_output#8)
[18:24:50.284476]  -> zwlr_screencopy_frame_v1#9.buffer(1, 1920, 1080, 7680)
[18:24:50.284481]  -> zwlr_screencopy_frame_v1#9.buffer_done()
[18:24:50.284602] zwlr_screencopy_frame_v1#9.copy(wl_buffer#11)
[18:24:50.291760]  -> zwlr_screencopy_frame_v1#9.flags(0)
[18:24:50.291805]  -> zwlr_screencopy_frame_v1#9.ready(0, 269874, 261410723)
[18:24:50.315713] zwlr_screencopy_frame_v1#9.destroy()
[18:24:50.698026]  -> wl_registry#2.global(28, "zwlr_screencopy_manager_v1", 3)
[18:24:50.698030]  -> wl_registry#2.global(29, "ext_image_copy_capture_manager_v1", 1)
[18:24:50.698033]  -> wl_registry#2.global(30, "ext_output_image_capture_source_manager_v1", 1)
[18:24:50.698063]  -> wl_registry#2.global(38, "ext_foreign_toplevel_image_capture_source_manager_v1", 1)
[18:24:50.698411] wl_registry#2.bind(28, "zwlr_screencopy_manager_v1", 3, new id [unknown]#5)
[18:24:50.745686]  -> wl_registry#2.global(28, "zwlr_screencopy_manager_v1", 3)
[18:24:50.745689]  -> wl_registry#2.global(29, "ext_image_copy_capture_manager_v1", 1)
[18:24:50.745692]  -> wl_registry#2.global(30, "ext_output_image_capture_source_manager_v1", 1)
[18:24:50.745718]  -> wl_registry#2.global(38, "ext_foreign_toplevel_image_capture_source_manager_v1", 1)
[18:24:50.746016] wl_registry#2.bind(28, "zwlr_screencopy_manager_v1", 3, new id [unknown]#5)
[18:24:50.746220] zwlr_screencopy_manager_v1#5.capture_output(new id zwlr_screencopy_frame_v1#9, 0, wl_output#8)
[18:24:50.746258]  -> zwlr_screencopy_frame_v1#9.buffer(1, 1920, 1080, 7680)
[18:24:50.746263]  -> zwlr_screencopy_frame_v1#9.buffer_done()
[18:24:50.746449] zwlr_screencopy_frame_v1#9.copy(wl_buffer#11)
[18:24:50.755512]  -> zwlr_screencopy_frame_v1#9.flags(0)
[18:24:50.755577]  -> zwlr_screencopy_frame_v1#9.ready(0, 269874, 723267683)
[18:24:50.784154] zwlr_screencopy_frame_v1#9.destroy()
[18:24:51.144722]  -> wl_registry#2.global(28, "zwlr_screencopy_manager_v1", 3)
[18:24:51.144724]  -> wl_registry#2.global(29, "ext_image_copy_capture_manager_v1", 1)
[18:24:51.144726]  -> wl_registry#2.global(30, "ext_output_image_capture_source_manager_v1", 1)
[18:24:51.144742]  -> wl_registry#2.global(38, "ext_foreign_toplevel_image_capture_source_manager_v1", 1)
[18:24:51.144956] wl_registry#2.bind(28, "zwlr_screencopy_manager_v1", 3, new id [unknown]#5)
[18:24:51.171025]  -> wl_registry#2.global(28, "zwlr_screencopy_manager_v1", 3)
[18:24:51.171027]  -> wl_registry#2.global(29, "ext_image_copy_capture_manager_v1", 1)
[18:24:51.171029]  -> wl_registry#2.global(30, "ext_output_image_capture_source_manager_v1", 1)
[18:24:51.171046]  -> wl_registry#2.global(38, "ext_foreign_toplevel_image_capture_source_manager_v1", 1)
[18:24:51.171264] wl_registry#2.bind(28, "zwlr_screencopy_manager_v1", 3, new id [unknown]#5)
[18:24:51.171414] zwlr_screencopy_manager_v1#5.capture_output(new id zwlr_screencopy_frame_v1#9, 0, wl_output#8)
[18:24:51.171429]  -> zwlr_screencopy_frame_v1#9.buffer(1, 1920, 1080, 7680)
[18:24:51.171432]  -> zwlr_screencopy_frame_v1#9.buffer_done()
[18:24:51.171516] zwlr_screencopy_frame_v1#9.copy(wl_buffer#11)
[18:24:51.176523]  -> zwlr_screencopy_frame_v1#9.flags(0)
[18:24:51.176549]  -> zwlr_screencopy_frame_v1#9.ready(0, 269875, 148284202)
[18:24:51.192853] zwlr_screencopy_frame_v1#9.destroy()
[18:24:51.535211]  -> wl_registry#2.global(28, "zwlr_screencopy_manager_v1", 3)
[18:24:51.535214]  -> wl_registry#2.global(29, "ext_image_copy_capture_manager_v1", 1)
[18:24:51.535217]  -> wl_registry#2.global(30, "ext_output_image_capture_source_manager_v1", 1)
[18:24:51.535252]  -> wl_registry#2.global(38, "ext_foreign_toplevel_image_capture_source_manager_v1", 1)
[18:24:51.535632] wl_registry#2.bind(28, "zwlr_screencopy_manager_v1", 3, new id [unknown]#5)
[18:24:51.744724]  -> wl_registry#2.global(28, "zwlr_screencopy_manager_v1", 3)
[18:24:51.744727]  -> wl_registry#2.global(29, "ext_image_copy_capture_manager_v1", 1)
[18:24:51.744730]  -> wl_registry#2.global(30, "ext_output_image_capture_source_manager_v1", 1)
[18:24:51.744759]  -> wl_registry#2.global(38, "ext_foreign_toplevel_image_capture_source_manager_v1", 1)
[18:24:51.745558] wl_registry#2.bind(28, "zwlr_screencopy_manager_v1", 3, new id [unknown]#5)
[18:24:52.031752]  -> wl_registry#2.global(28, "zwlr_screencopy_manager_v1", 3)
[18:24:52.031755]  -> wl_registry#2.global(29, "ext_image_copy_capture_manager_v1", 1)
[18:24:52.031760]  -> wl_registry#2.global(30, "ext_output_image_capture_source_manager_v1", 1)
[18:24:52.031823]  -> wl_registry#2.global(38, "ext_foreign_toplevel_image_capture_source_manager_v1", 1)
[18:24:52.032531] wl_registry#2.bind(28, "zwlr_screencopy_manager_v1", 3, new id [unknown]#5)
[18:24:52.033386] zwlr_screencopy_manager_v1#5.capture_output(new id zwlr_screencopy_frame_v1#9, 0, wl_output#8)
[18:24:52.033430]  -> zwlr_screencopy_frame_v1#9.buffer(1, 1920, 1080, 7680)
[18:24:52.033437]  -> zwlr_screencopy_frame_v1#9.buffer_done()
[18:24:52.034483] zwlr_screencopy_frame_v1#9.copy(wl_buffer#11)
[18:24:52.042620]  -> zwlr_screencopy_frame_v1#9.flags(0)
[18:24:52.042681]  -> zwlr_screencopy_frame_v1#9.ready(0, 269876, 11311598)
[18:24:52.079215] zwlr_screencopy_frame_v1#9.destroy()
[18:24:52.722211]  -> wl_registry#2.global(28, "zwlr_screencopy_manager_v1", 3)
[18:24:52.722214]  -> wl_registry#2.global(29, "ext_image_copy_capture_manager_v1", 1)
[18:24:52.722217]  -> wl_registry#2.global(30, "ext_output_image_capture_source_manager_v1", 1)
[18:24:52.722298]  -> wl_registry#2.global(38, "ext_foreign_toplevel_image_capture_source_manager_v1", 1)
[18:24:52.724544] wl_registry#2.bind(28, "zwlr_screencopy_manager_v1", 3, new id [unknown]#5)
[18:24:52.973785]  -> wl_registry#2.global(28, "zwlr_screencopy_manager_v1", 3)
[18:24:52.973788]  -> wl_registry#2.global(29, "ext_image_copy_capture_manager_v1", 1)
[18:24:52.973792]  -> wl_registry#2.global(30, "ext_output_image_capture_source_manager_v1", 1)
[18:24:52.973831]  -> wl_registry#2.global(38, "ext_foreign_toplevel_image_capture_source_manager_v1", 1)
[18:24:52.974610] wl_registry#2.bind(28, "zwlr_screencopy_manager_v1", 3, new id [unknown]#5)
[18:24:52.975333] zwlr_screencopy_manager_v1#5.capture_output(new id zwlr_screencopy_frame_v1#9, 0, wl_output#8)
[18:24:52.975389]  -> zwlr_screencopy_frame_v1#9.buffer(1, 1920, 1080, 7680)
[18:24:52.975416]  -> zwlr_screencopy_frame_v1#9.buffer_done()
[18:24:52.977077] zwlr_screencopy_frame_v1#9.copy(wl_buffer#11)
[18:24:52.985394]  -> zwlr_screencopy_frame_v1#9.flags(0)
[18:24:52.985448]  -> zwlr_screencopy_frame_v1#9.ready(0, 269876, 953940907)
[18:24:53.037168] zwlr_screencopy_frame_v1#9.destroy()
[18:24:53.716727]  -> wl_registry#2.global(28, "zwlr_screencopy_manager_v1", 3)
[18:24:53.716731]  -> wl_registry#2.global(29, "ext_image_copy_capture_manager_v1", 1)
[18:24:53.716734]  -> wl_registry#2.global(30, "ext_output_image_capture_source_manager_v1", 1)
[18:24:53.716789]  -> wl_registry#2.global(38, "ext_foreign_toplevel_image_capture_source_manager_v1", 1)
[18:24:53.717503] wl_registry#2.bind(28, "zwlr_screencopy_manager_v1", 3, new id [unknown]#5)
[18:24:53.960748]  -> wl_registry#2.global(28, "zwlr_screencopy_manager_v1", 3)
[18:24:53.960751]  -> wl_registry#2.global(29, "ext_image_copy_capture_manager_v1", 1)
[18:24:53.960755]  -> wl_registry#2.global(30, "ext_output_image_capture_source_manager_v1", 1)
[18:24:53.960784]  -> wl_registry#2.global(38, "ext_foreign_toplevel_image_capture_source_manager_v1", 1)
[18:24:53.961548] wl_registry#2.bind(28, "zwlr_screencopy_manager_v1", 3, new id [unknown]#5)
[18:24:53.962441] zwlr_screencopy_manager_v1#5.capture_output(new id zwlr_screencopy_frame_v1#9, 0, wl_output#8)
[18:24:53.962584]  -> zwlr_screencopy_frame_v1#9.buffer(1, 1920, 1080, 7680)
[18:24:53.962612]  -> zwlr_screencopy_frame_v1#9.buffer_done()
[18:24:53.963527] zwlr_screencopy_frame_v1#9.copy(wl_buffer#11)
[18:24:53.971442]  -> zwlr_screencopy_frame_v1#9.flags(0)
[18:24:53.971480]  -> zwlr_screencopy_frame_v1#9.ready(0, 269877, 940396666)
[18:24:54.028359] zwlr_screencopy_frame_v1#9.destroy()
[18:24:54.747139]  -> wl_registry#2.global(28, "zwlr_screencopy_manager_v1", 3)
[18:24:54.747143]  -> wl_registry#2.global(29, "ext_image_copy_capture_manager_v1", 1)
[18:24:54.747146]  -> wl_registry#2.global(30, "ext_output_image_capture_source_manager_v1", 1)
[18:24:54.747178]  -> wl_registry#2.global(38, "ext_foreign_toplevel_image_capture_source_manager_v1", 1)
[18:24:54.748829] wl_registry#2.bind(28, "zwlr_screencopy_manager_v1", 3, new id [unknown]#5)
[18:24:54.981709]  -> wl_registry#2.global(28, "zwlr_screencopy_manager_v1", 3)
[18:24:54.981712]  -> wl_registry#2.global(29, "ext_image_copy_capture_manager_v1", 1)
[18:24:54.981715]  -> wl_registry#2.global(30, "ext_output_image_capture_source_manager_v1", 1)
[18:24:54.981749]  -> wl_registry#2.global(38, "ext_foreign_toplevel_image_capture_source_manager_v1", 1)
[18:24:54.982580] wl_registry#2.bind(28, "zwlr_screencopy_manager_v1", 3, new id [unknown]#5)
[18:24:54.983397] zwlr_screencopy_manager_v1#5.capture_output(new id zwlr_screencopy_frame_v1#9, 0, wl_output#8)
[18:24:54.983432]  -> zwlr_screencopy_frame_v1#9.buffer(1, 1920, 1080, 7680)
[18:24:54.983445]  -> zwlr_screencopy_frame_v1#9.buffer_done()
[18:24:54.984487] zwlr_screencopy_frame_v1#9.copy(wl_buffer#11)
[18:24:54.992591]  -> zwlr_screencopy_frame_v1#9.flags(0)
[18:24:54.992638]  -> zwlr_screencopy_frame_v1#9.ready(0, 269878, 961325977)
[18:24:55.056950] zwlr_screencopy_frame_v1#9.destroy()
[18:24:55.900399]  -> wl_registry#2.global(28, "zwlr_screencopy_manager_v1", 3)
[18:24:55.900403]  -> wl_registry#2.global(29, "ext_image_copy_capture_manager_v1", 1)
[18:24:55.900406]  -> wl_registry#2.global(30, "ext_output_image_capture_source_manager_v1", 1)
[18:24:55.900450]  -> wl_registry#2.global(38, "ext_foreign_toplevel_image_capture_source_manager_v1", 1)
[18:24:55.901734] wl_registry#2.bind(28, "zwlr_screencopy_manager_v1", 3, new id [unknown]#5)
[18:24:55.975366]  -> wl_registry#2.global(28, "zwlr_screencopy_manager_v1", 3)
[18:24:55.975369]  -> wl_registry#2.global(29, "ext_image_copy_capture_manager_v1", 1)
[18:24:55.975372]  -> wl_registry#2.global(30, "ext_output_image_capture_source_manager_v1", 1)
[18:24:55.975402]  -> wl_registry#2.global(38, "ext_foreign_toplevel_image_capture_source_manager_v1", 1)
[18:24:55.975756] wl_registry#2.bind(28, "zwlr_screencopy_manager_v1", 3, new id [unknown]#5)
[18:24:55.975934] zwlr_screencopy_manager_v1#5.capture_output(new id zwlr_screencopy_frame_v1#9, 0, wl_output#8)
[18:24:55.975960]  -> zwlr_screencopy_frame_v1#9.buffer(1, 1920, 1080, 7680)
[18:24:55.975966]  -> zwlr_screencopy_frame_v1#9.buffer_done()
[18:24:55.976378] zwlr_screencopy_frame_v1#9.copy(wl_buffer#11)
[18:24:55.984394]  -> zwlr_screencopy_frame_v1#9.flags(0)
[18:24:55.984438]  -> zwlr_screencopy_frame_v1#9.ready(0, 269879, 953221940)
[18:24:56.078292] zwlr_screencopy_frame_v1#9.destroy()
[18:24:56.867742]  -> wl_registry#2.global(28, "zwlr_screencopy_manager_v1", 3)
[18:24:56.867746]  -> wl_registry#2.global(29, "ext_image_copy_capture_manager_v1", 1)
[18:24:56.867749]  -> wl_registry#2.global(30, "ext_output_image_capture_source_manager_v1", 1)
[18:24:56.867778]  -> wl_registry#2.global(38, "ext_foreign_toplevel_image_capture_source_manager_v1", 1)
[18:24:56.868550] wl_registry#2.bind(28, "zwlr_screencopy_manager_v1", 3, new id [unknown]#5)
[18:24:57.249712]  -> wl_registry#2.global(28, "zwlr_screencopy_manager_v1", 3)
[18:24:57.249715]  -> wl_registry#2.global(29, "ext_image_copy_capture_manager_v1", 1)
[18:24:57.249718]  -> wl_registry#2.global(30, "ext_output_image_capture_source_manager_v1", 1)
[18:24:57.249749]  -> wl_registry#2.global(38, "ext_foreign_toplevel_image_capture_source_manager_v1", 1)
[18:24:57.250618] wl_registry#2.bind(28, "zwlr_screencopy_manager_v1", 3, new id [unknown]#5)
[18:24:57.521721]  -> wl_registry#2.global(28, "zwlr_screencopy_manager_v1", 3)
[18:24:57.521724]  -> wl_registry#2.global(29, "ext_image_copy_capture_manager_v1", 1)
[18:24:57.521727]  -> wl_registry#2.global(30, "ext_output_image_capture_source_manager_v1", 1)
[18:24:57.521754]  -> wl_registry#2.global(38, "ext_foreign_toplevel_image_capture_source_manager_v1", 1)
[18:24:57.522601] wl_registry#2.bind(28, "zwlr_screencopy_manager_v1", 3, new id [unknown]#5)
[18:24:57.721394]  -> wl_registry#2.global(28, "zwlr_screencopy_manager_v1", 3)
[18:24:57.721397]  -> wl_registry#2.global(29, "ext_image_copy_capture_manager_v1", 1)
[18:24:57.721400]  -> wl_registry#2.global(30, "ext_output_image_capture_source_manager_v1", 1)
[18:24:57.721431]  -> wl_registry#2.global(38, "ext_foreign_toplevel_image_capture_source_manager_v1", 1)
[18:24:57.722576] wl_registry#2.bind(28, "zwlr_screencopy_manager_v1", 3, new id [unknown]#5)
[18:24:57.723017] zwlr_screencopy_manager_v1#5.capture_output(new id zwlr_screencopy_frame_v1#9, 0, wl_output#8)
[18:24:57.723049]  -> zwlr_screencopy_frame_v1#9.buffer(1, 1920, 1080, 7680)
[18:24:57.723054]  -> zwlr_screencopy_frame_v1#9.buffer_done()
[18:24:57.723387] zwlr_screencopy_frame_v1#9.copy(wl_buffer#11)
[18:24:57.733153]  -> zwlr_screencopy_frame_v1#9.flags(0)
[18:24:57.733198]  -> zwlr_screencopy_frame_v1#9.ready(0, 269881, 700256238)
[18:24:57.770079] zwlr_screencopy_frame_v1#9.destroy()
[18:24:58.219690]  -> wl_registry#2.global(28, "zwlr_screencopy_manager_v1", 3)
[18:24:58.219694]  -> wl_registry#2.global(29, "ext_image_copy_capture_manager_v1", 1)
[18:24:58.219697]  -> wl_registry#2.global(30, "ext_output_image_capture_source_manager_v1", 1)
[18:24:58.219727]  -> wl_registry#2.global(38, "ext_foreign_toplevel_image_capture_source_manager_v1", 1)
[18:24:58.220617] wl_registry#2.bind(28, "zwlr_screencopy_manager_v1", 3, new id [unknown]#5)
[18:24:58.444680]  -> wl_registry#2.global(28, "zwlr_screencopy_manager_v1", 3)
[18:24:58.444684]  -> wl_registry#2.global(29, "ext_image_copy_capture_manager_v1", 1)
[18:24:58.444687]  -> wl_registry#2.global(30, "ext_output_image_capture_source_manager_v1", 1)
[18:24:58.444749]  -> wl_registry#2.global(38, "ext_foreign_toplevel_image_capture_source_manager_v1", 1)
[18:24:58.445517] wl_registry#2.bind(28, "zwlr_screencopy_manager_v1", 3, new id [unknown]#5)
[18:24:58.446385] zwlr_screencopy_manager_v1#5.capture_output(new id zwlr_screencopy_frame_v1#9, 0, wl_output#8)
[18:24:58.446428]  -> zwlr_screencopy_frame_v1#9.buffer(1, 1920, 1080, 7680)
[18:24:58.446434]  -> zwlr_screencopy_frame_v1#9.buffer_done()
[18:24:58.447449] zwlr_screencopy_frame_v1#9.copy(wl_buffer#11)
[18:24:58.454361]  -> zwlr_screencopy_frame_v1#9.flags(0)
[18:24:58.454402]  -> zwlr_screencopy_frame_v1#9.ready(0, 269882, 424269210)
[18:24:58.486069] zwlr_screencopy_frame_v1#9.destroy()
[18:24:59.000854]  -> wl_registry#2.global(28, "zwlr_screencopy_manager_v1", 3)
[18:24:59.000884]  -> wl_registry#2.global(29, "ext_image_copy_capture_manager_v1", 1)
[18:24:59.000889]  -> wl_registry#2.global(30, "ext_output_image_capture_source_manager_v1", 1)
[18:24:59.000920]  -> wl_registry#2.global(38, "ext_foreign_toplevel_image_capture_source_manager_v1", 1)
[18:24:59.001541] wl_registry#2.bind(28, "zwlr_screencopy_manager_v1", 3, new id [unknown]#5)
[18:24:59.231745]  -> wl_registry#2.global(28, "zwlr_screencopy_manager_v1", 3)
[18:24:59.231749]  -> wl_registry#2.global(29, "ext_image_copy_capture_manager_v1", 1)
[18:24:59.231753]  -> wl_registry#2.global(30, "ext_output_image_capture_source_manager_v1", 1)
[18:24:59.231829]  -> wl_registry#2.global(38, "ext_foreign_toplevel_image_capture_source_manager_v1", 1)
[18:24:59.232492] wl_registry#2.bind(28, "zwlr_screencopy_manager_v1", 3, new id [unknown]#5)
[18:24:59.233419] zwlr_screencopy_manager_v1#5.capture_output(new id zwlr_screencopy_frame_v1#9, 0, wl_output#8)
[18:24:59.233472]  -> zwlr_screencopy_frame_v1#9.buffer(1, 1920, 1080, 7680)
[18:24:59.233479]  -> zwlr_screencopy_frame_v1#9.buffer_done()
[18:24:59.234478] zwlr_screencopy_frame_v1#9.copy(wl_buffer#11)
[18:24:59.244172]  -> zwlr_screencopy_frame_v1#9.flags(0)
[18:24:59.244223]  -> zwlr_screencopy_frame_v1#9.ready(0, 269883, 211367744)
[18:24:59.285191] zwlr_screencopy_frame_v1#9.destroy()
[18:24:59.743806]  -> wl_registry#2.global(28, "zwlr_screencopy_manager_v1", 3)
[18:24:59.743815]  -> wl_registry#2.global(29, "ext_image_copy_capture_manager_v1", 1)
[18:24:59.743820]  -> wl_registry#2.global(30, "ext_output_image_capture_source_manager_v1", 1)
[18:24:59.745416]  -> wl_registry#2.global(38, "ext_foreign_toplevel_image_capture_source_manager_v1", 1)
[18:24:59.746640] wl_registry#2.bind(28, "zwlr_screencopy_manager_v1", 3, new id [unknown]#5)
[18:24:59.778023]  -> wl_registry#2.global(28, "zwlr_screencopy_manager_v1", 3)
[18:24:59.778026]  -> wl_registry#2.global(29, "ext_image_copy_capture_manager_v1", 1)
[18:24:59.778028]  -> wl_registry#2.global(30, "ext_output_image_capture_source_manager_v1", 1)
[18:24:59.778072]  -> wl_registry#2.global(38, "ext_foreign_toplevel_image_capture_source_manager_v1", 1)
[18:24:59.778427] wl_registry#2.bind(28, "zwlr_screencopy_manager_v1", 3, new id [unknown]#5)
[18:24:59.778602] zwlr_screencopy_manager_v1#5.capture_output(new id zwlr_screencopy_frame_v1#9, 0, wl_output#8)
[18:24:59.778642]  -> zwlr_screencopy_frame_v1#9.buffer(1, 1920, 1080, 7680)
[18:24:59.778647]  -> zwlr_screencopy_frame_v1#9.buffer_done()
[18:24:59.778840] zwlr_screencopy_frame_v1#9.copy(wl_buffer#11)
[18:24:59.789594]  -> zwlr_screencopy_frame_v1#9.flags(0)
[18:24:59.789643]  -> zwlr_screencopy_frame_v1#9.ready(0, 269883, 755667470)
[18:24:59.823448] zwlr_screencopy_frame_v1#9.destroy()
[18:25:00.335703]  -> wl_registry#2.global(28, "zwlr_screencopy_manager_v1", 3)
[18:25:00.335706]  -> wl_registry#2.global(29, "ext_image_copy_capture_manager_v1", 1)
[18:25:00.335709]  -> wl_registry#2.global(30, "ext_output_image_capture_source_manager_v1", 1)
[18:25:00.335743]  -> wl_registry#2.global(38, "ext_foreign_toplevel_image_capture_source_manager_v1", 1)
[18:25:00.336590] wl_registry#2.bind(28, "zwlr_screencopy_manager_v1", 3, new id [unknown]#5)
[18:25:00.719725]  -> wl_registry#2.global(28, "zwlr_screencopy_manager_v1", 3)
[18:25:00.719728]  -> wl_registry#2.global(29, "ext_image_copy_capture_manager_v1", 1)
[18:25:00.719730]  -> wl_registry#2.global(30, "ext_output_image_capture_source_manager_v1", 1)
[18:25:00.719758]  -> wl_registry#2.global(38, "ext_foreign_toplevel_image_capture_source_manager_v1", 1)
[18:25:00.721599] wl_registry#2.bind(28, "zwlr_screencopy_manager_v1", 3, new id [unknown]#5)
[18:25:00.861497]  -> wl_registry#2.global(28, "zwlr_screencopy_manager_v1", 3)
[18:25:00.861501]  -> wl_registry#2.global(29, "ext_image_copy_capture_manager_v1", 1)
[18:25:00.861504]  -> wl_registry#2.global(30, "ext_output_image_capture_source_manager_v1", 1)
[18:25:00.861530]  -> wl_registry#2.global(38, "ext_foreign_toplevel_image_capture_source_manager_v1", 1)
[18:25:00.861845] wl_registry#2.bind(28, "zwlr_screencopy_manager_v1", 3, new id [unknown]#5)
[18:25:00.966716]  -> wl_registry#2.global(28, "zwlr_screencopy_manager_v1", 3)
[18:25:00.966719]  -> wl_registry#2.global(29, "ext_image_copy_capture_manager_v1", 1)
[18:25:00.966724]  -> wl_registry#2.global(30, "ext_output_image_capture_source_manager_v1", 1)
[18:25:00.966767]  -> wl_registry#2.global(38, "ext_foreign_toplevel_image_capture_source_manager_v1", 1)
[18:25:00.967617] wl_registry#2.bind(28, "zwlr_screencopy_manager_v1", 3, new id [unknown]#5)
[18:25:00.968417] zwlr_screencopy_manager_v1#5.capture_output(new id zwlr_screencopy_frame_v1#9, 0, wl_output#8)
[18:25:00.968454]  -> zwlr_screencopy_frame_v1#9.buffer(1, 1920, 1080, 7680)
[18:25:00.968459]  -> zwlr_screencopy_frame_v1#9.buffer_done()
[18:25:00.969476] zwlr_screencopy_frame_v1#9.copy(wl_buffer#11)
[18:25:00.979903]  -> zwlr_screencopy_frame_v1#9.flags(0)
[18:25:00.979961]  -> zwlr_screencopy_frame_v1#9.ready(0, 269884, 946342521)
[18:25:01.014598] zwlr_screencopy_frame_v1#9.destroy()
[18:25:01.535676]  -> wl_registry#2.global(28, "zwlr_screencopy_manager_v1", 3)
[18:25:01.535679]  -> wl_registry#2.global(29, "ext_image_copy_capture_manager_v1", 1)
[18:25:01.535683]  -> wl_registry#2.global(30, "ext_output_image_capture_source_manager_v1", 1)
[18:25:01.535709]  -> wl_registry#2.global(38, "ext_foreign_toplevel_image_capture_source_manager_v1", 1)
[18:25:01.536609] wl_registry#2.bind(28, "zwlr_screencopy_manager_v1", 3, new id [unknown]#5)
[18:25:01.678731]  -> wl_registry#2.global(28, "zwlr_screencopy_manager_v1", 3)
[18:25:01.678735]  -> wl_registry#2.global(29, "ext_image_copy_capture_manager_v1", 1)
[18:25:01.678739]  -> wl_registry#2.global(30, "ext_output_image_capture_source_manager_v1", 1)
[18:25:01.678771]  -> wl_registry#2.global(38, "ext_foreign_toplevel_image_capture_source_manager_v1", 1)
[18:25:01.679113] wl_registry#2.bind(28, "zwlr_screencopy_manager_v1", 3, new id [unknown]#5)
[18:25:01.679298] zwlr_screencopy_manager_v1#5.capture_output(new id zwlr_screencopy_frame_v1#9, 0, wl_output#8)
[18:25:01.679320]  -> zwlr_screencopy_frame_v1#9.buffer(1, 1920, 1080, 7680)
[18:25:01.679326]  -> zwlr_screencopy_frame_v1#9.buffer_done()
[18:25:01.680482] zwlr_screencopy_frame_v1#9.copy(wl_buffer#11)
[18:25:01.688756]  -> zwlr_screencopy_frame_v1#9.flags(0)
[18:25:01.688780]  -> zwlr_screencopy_frame_v1#9.ready(0, 269885, 657299181)
[18:25:01.721279] zwlr_screencopy_frame_v1#9.destroy()
[18:25:02.110387]  -> wl_registry#2.global(28, "zwlr_screencopy_manager_v1", 3)
[18:25:02.110390]  -> wl_registry#2.global(29, "ext_image_copy_capture_manager_v1", 1)
[18:25:02.110393]  -> wl_registry#2.global(30, "ext_output_image_capture_source_manager_v1", 1)
[18:25:02.110423]  -> wl_registry#2.global(38, "ext_foreign_toplevel_image_capture_source_manager_v1", 1)
[18:25:02.110753] wl_registry#2.bind(28, "zwlr_screencopy_manager_v1", 3, new id [unknown]#5)
[18:25:02.199692]  -> wl_registry#2.global(28, "zwlr_screencopy_manager_v1", 3)
[18:25:02.199695]  -> wl_registry#2.global(29, "ext_image_copy_capture_manager_v1", 1)
[18:25:02.199698]  -> wl_registry#2.global(30, "ext_output_image_capture_source_manager_v1", 1)
[18:25:02.199733]  -> wl_registry#2.global(38, "ext_foreign_toplevel_image_capture_source_manager_v1", 1)
[18:25:02.200006] wl_registry#2.bind(28, "zwlr_screencopy_manager_v1", 3, new id [unknown]#5)
[18:25:02.200144] zwlr_screencopy_manager_v1#5.capture_output(new id zwlr_screencopy_frame_v1#9, 0, wl_output#8)
[18:25:02.200170]  -> zwlr_screencopy_frame_v1#9.buffer(1, 1920, 1080, 7680)
[18:25:02.200174]  -> zwlr_screencopy_frame_v1#9.buffer_done()
[18:25:02.200299] zwlr_screencopy_frame_v1#9.copy(wl_buffer#11)
[18:25:02.207261]  -> zwlr_screencopy_frame_v1#9.flags(0)
[18:25:02.207307]  -> zwlr_screencopy_frame_v1#9.ready(0, 269886, 177087860)
[18:25:02.231292] zwlr_screencopy_frame_v1#9.destroy()
[18:25:02.628523]  -> wl_registry#2.global(28, "zwlr_screencopy_manager_v1", 3)
[18:25:02.628524]  -> wl_registry#2.global(29, "ext_image_copy_capture_manager_v1", 1)
[18:25:02.628527]  -> wl_registry#2.global(30, "ext_output_image_capture_source_manager_v1", 1)
[18:25:02.628544]  -> wl_registry#2.global(38, "ext_foreign_toplevel_image_capture_source_manager_v1", 1)
[18:25:02.628847] wl_registry#2.bind(28, "zwlr_screencopy_manager_v1", 3, new id [unknown]#5)
[18:25:02.703326]  -> wl_registry#2.global(28, "zwlr_screencopy_manager_v1", 3)
[18:25:02.703335]  -> wl_registry#2.global(29, "ext_image_copy_capture_manager_v1", 1)
[18:25:02.703357]  -> wl_registry#2.global(30, "ext_output_image_capture_source_manager_v1", 1)
[18:25:02.703378]  -> wl_registry#2.global(38, "ext_foreign_toplevel_image_capture_source_manager_v1", 1)
[18:25:02.703595] wl_registry#2.bind(28, "zwlr_screencopy_manager_v1", 3, new id [unknown]#5)
[18:25:02.703726] zwlr_screencopy_manager_v1#5.capture_output(new id zwlr_screencopy_frame_v1#9, 0, wl_output#8)
[18:25:02.703741]  -> zwlr_screencopy_frame_v1#9.buffer(1, 1920, 1080, 7680)
[18:25:02.703744]  -> zwlr_screencopy_frame_v1#9.buffer_done()
[18:25:02.703854] zwlr_screencopy_frame_v1#9.copy(wl_buffer#11)
[18:25:02.712816]  -> zwlr_screencopy_frame_v1#9.flags(0)
[18:25:02.712856]  -> zwlr_screencopy_frame_v1#9.ready(0, 269886, 680645482)
[18:25:02.741502] zwlr_screencopy_frame_v1#9.destroy()
[18:25:03.176054]  -> wl_registry#2.global(28, "zwlr_screencopy_manager_v1", 3)
[18:25:03.176058]  -> wl_registry#2.global(29, "ext_image_copy_capture_manager_v1", 1)
[18:25:03.176062]  -> wl_registry#2.global(30, "ext_output_image_capture_source_manager_v1", 1)
[18:25:03.176093]  -> wl_registry#2.global(38, "ext_foreign_toplevel_image_capture_source_manager_v1", 1)
[18:25:03.177553] wl_registry#2.bind(28, "zwlr_screencopy_manager_v1", 3, new id [unknown]#5)
[18:25:03.231778]  -> wl_registry#2.global(28, "zwlr_screencopy_manager_v1", 3)
[18:25:03.231781]  -> wl_registry#2.global(29, "ext_image_copy_capture_manager_v1", 1)
[18:25:03.231784]  -> wl_registry#2.global(30, "ext_output_image_capture_source_manager_v1", 1)
[18:25:03.231844]  -> wl_registry#2.global(38, "ext_foreign_toplevel_image_capture_source_manager_v1", 1)
[18:25:03.232153] wl_registry#2.bind(28, "zwlr_screencopy_manager_v1", 3, new id [unknown]#5)
[18:25:03.232363] zwlr_screencopy_manager_v1#5.capture_output(new id zwlr_screencopy_frame_v1#9, 0, wl_output#8)
[18:25:03.232393]  -> zwlr_screencopy_frame_v1#9.buffer(1, 1920, 1080, 7680)
[18:25:03.232397]  -> zwlr_screencopy_frame_v1#9.buffer_done()
[18:25:03.232514] zwlr_screencopy_frame_v1#9.copy(wl_buffer#11)
[18:25:03.241542]  -> zwlr_screencopy_frame_v1#9.flags(0)
[18:25:03.241591]  -> zwlr_screencopy_frame_v1#9.ready(0, 269887, 209321728)
[18:25:03.285614] zwlr_screencopy_frame_v1#9.destroy()
[18:25:03.721597]  -> wl_registry#2.global(28, "zwlr_screencopy_manager_v1", 3)
[18:25:03.721601]  -> wl_registry#2.global(29, "ext_image_copy_capture_manager_v1", 1)
[18:25:03.721610]  -> wl_registry#2.global(30, "ext_output_image_capture_source_manager_v1", 1)
[18:25:03.721651]  -> wl_registry#2.global(38, "ext_foreign_toplevel_image_capture_source_manager_v1", 1)
[18:25:03.721882] wl_registry#2.bind(28, "zwlr_screencopy_manager_v1", 3, new id [unknown]#5)
[18:25:03.884934]  -> wl_registry#2.global(28, "zwlr_screencopy_manager_v1", 3)
[18:25:03.884936]  -> wl_registry#2.global(29, "ext_image_copy_capture_manager_v1", 1)
[18:25:03.884937]  -> wl_registry#2.global(30, "ext_output_image_capture_source_manager_v1", 1)
[18:25:03.884957]  -> wl_registry#2.global(38, "ext_foreign_toplevel_image_capture_source_manager_v1", 1)
[18:25:03.885329] wl_registry#2.bind(28, "zwlr_screencopy_manager_v1", 3, new id [unknown]#5)
[18:25:04.011777]  -> wl_registry#2.global(28, "zwlr_screencopy_manager_v1", 3)
[18:25:04.011780]  -> wl_registry#2.global(29, "ext_image_copy_capture_manager_v1", 1)
[18:25:04.011783]  -> wl_registry#2.global(30, "ext_output_image_capture_source_manager_v1", 1)
[18:25:04.011811]  -> wl_registry#2.global(38, "ext_foreign_toplevel_image_capture_source_manager_v1", 1)
[18:25:04.012067] wl_registry#2.bind(28, "zwlr_screencopy_manager_v1", 3, new id [unknown]#5)
[18:25:04.048959]  -> wl_registry#2.global(28, "zwlr_screencopy_manager_v1", 3)
[18:25:04.048961]  -> wl_registry#2.global(29, "ext_image_copy_capture_manager_v1", 1)
[18:25:04.048963]  -> wl_registry#2.global(30, "ext_output_image_capture_source_manager_v1", 1)
[18:25:04.048995]  -> wl_registry#2.global(38, "ext_foreign_toplevel_image_capture_source_manager_v1", 1)
[18:25:04.049339] wl_registry#2.bind(28, "zwlr_screencopy_manager_v1", 3, new id [unknown]#5)
[18:25:04.049492] zwlr_screencopy_manager_v1#5.capture_output(new id zwlr_screencopy_frame_v1#9, 0, wl_output#8)
[18:25:04.049514]  -> zwlr_screencopy_frame_v1#9.buffer(1, 1920, 1080, 7680)
[18:25:04.049519]  -> zwlr_screencopy_frame_v1#9.buffer_done()
[18:25:04.049630] zwlr_screencopy_frame_v1#9.copy(wl_buffer#11)
[18:25:04.056007]  -> zwlr_screencopy_frame_v1#9.flags(0)
[18:25:04.056035]  -> zwlr_screencopy_frame_v1#9.ready(0, 269888, 26430261)
[18:25:04.071641] zwlr_screencopy_frame_v1#9.destroy()
[18:25:04.498560]  -> wl_registry#2.global(28, "zwlr_screencopy_manager_v1", 3)
[18:25:04.498563]  -> wl_registry#2.global(29, "ext_image_copy_capture_manager_v1", 1)
[18:25:04.498566]  -> wl_registry#2.global(30, "ext_output_image_capture_source_manager_v1", 1)
[18:25:04.498597]  -> wl_registry#2.global(38, "ext_foreign_toplevel_image_capture_source_manager_v1", 1)
[18:25:04.498889] wl_registry#2.bind(28, "zwlr_screencopy_manager_v1", 3, new id [unknown]#5)
[18:25:04.555678]  -> wl_registry#2.global(28, "zwlr_screencopy_manager_v1", 3)
[18:25:04.555682]  -> wl_registry#2.global(29, "ext_image_copy_capture_manager_v1", 1)
[18:25:04.555686]  -> wl_registry#2.global(30, "ext_output_image_capture_source_manager_v1", 1)
[18:25:04.555714]  -> wl_registry#2.global(38, "ext_foreign_toplevel_image_capture_source_manager_v1", 1)
[18:25:04.556010] wl_registry#2.bind(28, "zwlr_screencopy_manager_v1", 3, new id [unknown]#5)
[18:25:04.556159] zwlr_screencopy_manager_v1#5.capture_output(new id zwlr_screencopy_frame_v1#9, 0, wl_output#8)
[18:25:04.556179]  -> zwlr_screencopy_frame_v1#9.buffer(1, 1920, 1080, 7680)
[18:25:04.556184]  -> zwlr_screencopy_frame_v1#9.buffer_done()
[18:25:04.556292] zwlr_screencopy_frame_v1#9.copy(wl_buffer#11)
[18:25:04.564331]  -> zwlr_screencopy_frame_v1#9.flags(0)
[18:25:04.564389]  -> zwlr_screencopy_frame_v1#9.ready(0, 269888, 533089330)
[18:25:04.588524] zwlr_screencopy_frame_v1#9.destroy()
[18:25:04.937821]  -> wl_registry#2.global(28, "zwlr_screencopy_manager_v1", 3)
[18:25:04.937826]  -> wl_registry#2.global(29, "ext_image_copy_capture_manager_v1", 1)
[18:25:04.937829]  -> wl_registry#2.global(30, "ext_output_image_capture_source_manager_v1", 1)
[18:25:04.937862]  -> wl_registry#2.global(38, "ext_foreign_toplevel_image_capture_source_manager_v1", 1)
[18:25:04.938234] wl_registry#2.bind(28, "zwlr_screencopy_manager_v1", 3, new id [unknown]#5)
[18:25:05.006053]  -> wl_registry#2.global(28, "zwlr_screencopy_manager_v1", 3)
[18:25:05.006056]  -> wl_registry#2.global(29, "ext_image_copy_capture_manager_v1", 1)
[18:25:05.006059]  -> wl_registry#2.global(30, "ext_output_image_capture_source_manager_v1", 1)
[18:25:05.006087]  -> wl_registry#2.global(38, "ext_foreign_toplevel_image_capture_source_manager_v1", 1)
[18:25:05.006366] wl_registry#2.bind(28, "zwlr_screencopy_manager_v1", 3, new id [unknown]#5)
[18:25:05.006544] zwlr_screencopy_manager_v1#5.capture_output(new id zwlr_screencopy_frame_v1#9, 0, wl_output#8)
[18:25:05.006567]  -> zwlr_screencopy_frame_v1#9.buffer(1, 1920, 1080, 7680)
[18:25:05.006571]  -> zwlr_screencopy_frame_v1#9.buffer_done()
[18:25:05.006674] zwlr_screencopy_frame_v1#9.copy(wl_buffer#11)
[18:25:05.013756]  -> zwlr_screencopy_frame_v1#9.flags(0)
[18:25:05.013792]  -> zwlr_screencopy_frame_v1#9.ready(0, 269888, 983475082)
[18:25:05.043164] zwlr_screencopy_frame_v1#9.destroy()
[18:25:05.377497]  -> wl_registry#2.global(28, "zwlr_screencopy_manager_v1", 3)
[18:25:05.377499]  -> wl_registry#2.global(29, "ext_image_copy_capture_manager_v1", 1)
[18:25:05.377501]  -> wl_registry#2.global(30, "ext_output_image_capture_source_manager_v1", 1)
[18:25:05.377519]  -> wl_registry#2.global(38, "ext_foreign_toplevel_image_capture_source_manager_v1", 1)
[18:25:05.377718] wl_registry#2.bind(28, "zwlr_screencopy_manager_v1", 3, new id [unknown]#5)
[18:25:05.400200]  -> wl_registry#2.global(28, "zwlr_screencopy_manager_v1", 3)
[18:25:05.400203]  -> wl_registry#2.global(29, "ext_image_copy_capture_manager_v1", 1)
[18:25:05.400205]  -> wl_registry#2.global(30, "ext_output_image_capture_source_manager_v1", 1)
[18:25:05.400231]  -> wl_registry#2.global(38, "ext_foreign_toplevel_image_capture_source_manager_v1", 1)
[18:25:05.400517] wl_registry#2.bind(28, "zwlr_screencopy_manager_v1", 3, new id [unknown]#5)
[18:25:05.400659] zwlr_screencopy_manager_v1#5.capture_output(new id zwlr_screencopy_frame_v1#9, 0, wl_output#8)
[18:25:05.400673]  -> zwlr_screencopy_frame_v1#9.buffer(1, 1920, 1080, 7680)
[18:25:05.400676]  -> zwlr_screencopy_frame_v1#9.buffer_done()
[18:25:05.400748] zwlr_screencopy_frame_v1#9.copy(wl_buffer#11)
[18:25:05.406914]  -> zwlr_screencopy_frame_v1#9.flags(0)
[18:25:05.406943]  -> zwlr_screencopy_frame_v1#9.ready(0, 269889, 377533226)
[18:25:05.430394] zwlr_screencopy_frame_v1#9.destroy()
[18:25:05.820753]  -> wl_registry#2.global(28, "zwlr_screencopy_manager_v1", 3)
[18:25:05.820757]  -> wl_registry#2.global(29, "ext_image_copy_capture_manager_v1", 1)
[18:25:05.820760]  -> wl_registry#2.global(30, "ext_output_image_capture_source_manager_v1", 1)
[18:25:05.820795]  -> wl_registry#2.global(38, "ext_foreign_toplevel_image_capture_source_manager_v1", 1)
[18:25:05.821333] wl_registry#2.bind(28, "zwlr_screencopy_manager_v1", 3, new id [unknown]#5)
[18:25:05.987277]  -> wl_registry#2.global(28, "zwlr_screencopy_manager_v1", 3)
[18:25:05.987280]  -> wl_registry#2.global(29, "ext_image_copy_capture_manager_v1", 1)
[18:25:05.987284]  -> wl_registry#2.global(30, "ext_output_image_capture_source_manager_v1", 1)
[18:25:05.987314]  -> wl_registry#2.global(38, "ext_foreign_toplevel_image_capture_source_manager_v1", 1)
[18:25:05.987578] wl_registry#2.bind(28, "zwlr_screencopy_manager_v1", 3, new id [unknown]#5)
[18:25:06.112475]  -> wl_registry#2.global(28, "zwlr_screencopy_manager_v1", 3)
[18:25:06.112477]  -> wl_registry#2.global(29, "ext_image_copy_capture_manager_v1", 1)
[18:25:06.112479]  -> wl_registry#2.global(30, "ext_output_image_capture_source_manager_v1", 1)
[18:25:06.112506]  -> wl_registry#2.global(38, "ext_foreign_toplevel_image_capture_source_manager_v1", 1)
[18:25:06.112830] wl_registry#2.bind(28, "zwlr_screencopy_manager_v1", 3, new id [unknown]#5)
[18:25:06.146411]  -> wl_registry#2.global(28, "zwlr_screencopy_manager_v1", 3)
[18:25:06.146413]  -> wl_registry#2.global(29, "ext_image_copy_capture_manager_v1", 1)
[18:25:06.146415]  -> wl_registry#2.global(30, "ext_output_image_capture_source_manager_v1", 1)
[18:25:06.146433]  -> wl_registry#2.global(38, "ext_foreign_toplevel_image_capture_source_manager_v1", 1)
[18:25:06.146675] wl_registry#2.bind(28, "zwlr_screencopy_manager_v1", 3, new id [unknown]#5)
[18:25:06.146771] zwlr_screencopy_manager_v1#5.capture_output(new id zwlr_screencopy_frame_v1#9, 0, wl_output#8)
[18:25:06.146788]  -> zwlr_screencopy_frame_v1#9.buffer(1, 1920, 1080, 7680)
[18:25:06.146791]  -> zwlr_screencopy_frame_v1#9.buffer_done()
[18:25:06.146867] zwlr_screencopy_frame_v1#9.copy(wl_buffer#11)
[18:25:06.152918]  -> zwlr_screencopy_frame_v1#9.flags(0)
[18:25:06.152944]  -> zwlr_screencopy_frame_v1#9.ready(0, 269890, 123649678)
[18:25:06.174109] zwlr_screencopy_frame_v1#9.destroy()
[18:25:06.591834]  -> wl_registry#2.global(28, "zwlr_screencopy_manager_v1", 3)
[18:25:06.591837]  -> wl_registry#2.global(29, "ext_image_copy_capture_manager_v1", 1)
[18:25:06.591839]  -> wl_registry#2.global(30, "ext_output_image_capture_source_manager_v1", 1)
[18:25:06.591867]  -> wl_registry#2.global(38, "ext_foreign_toplevel_image_capture_source_manager_v1", 1)
[18:25:06.592208] wl_registry#2.bind(28, "zwlr_screencopy_manager_v1", 3, new id [unknown]#5)
[18:25:06.630006]  -> wl_registry#2.global(28, "zwlr_screencopy_manager_v1", 3)
[18:25:06.630008]  -> wl_registry#2.global(29, "ext_image_copy_capture_manager_v1", 1)
[18:25:06.630010]  -> wl_registry#2.global(30, "ext_output_image_capture_source_manager_v1", 1)
[18:25:06.630033]  -> wl_registry#2.global(38, "ext_foreign_toplevel_image_capture_source_manager_v1", 1)
[18:25:06.630304] wl_registry#2.bind(28, "zwlr_screencopy_manager_v1", 3, new id [unknown]#5)
[18:25:06.630419] zwlr_screencopy_manager_v1#5.capture_output(new id zwlr_screencopy_frame_v1#9, 0, wl_output#8)
[18:25:06.630431]  -> zwlr_screencopy_frame_v1#9.buffer(1, 1920, 1080, 7680)
[18:25:06.630433]  -> zwlr_screencopy_frame_v1#9.buffer_done()
[18:25:06.630506] zwlr_screencopy_frame_v1#9.copy(wl_buffer#11)
[18:25:06.636633]  -> zwlr_screencopy_frame_v1#9.flags(0)
[18:25:06.636657]  -> zwlr_screencopy_frame_v1#9.ready(0, 269890, 607292146)
[18:25:06.653976] zwlr_screencopy_frame_v1#9.destroy()
[18:25:06.964233]  -> wl_registry#2.global(28, "zwlr_screencopy_manager_v1", 3)
[18:25:06.964235]  -> wl_registry#2.global(29, "ext_image_copy_capture_manager_v1", 1)
[18:25:06.964237]  -> wl_registry#2.global(30, "ext_output_image_capture_source_manager_v1", 1)
[18:25:06.964252]  -> wl_registry#2.global(38, "ext_foreign_toplevel_image_capture_source_manager_v1", 1)
[18:25:06.964422] wl_registry#2.bind(28, "zwlr_screencopy_manager_v1", 3, new id [unknown]#5)
[18:25:06.991869]  -> wl_registry#2.global(28, "zwlr_screencopy_manager_v1", 3)
[18:25:06.991871]  -> wl_registry#2.global(29, "ext_image_copy_capture_manager_v1", 1)
[18:25:06.991873]  -> wl_registry#2.global(30, "ext_output_image_capture_source_manager_v1", 1)
[18:25:06.991888]  -> wl_registry#2.global(38, "ext_foreign_toplevel_image_capture_source_manager_v1", 1)
[18:25:06.992054] wl_registry#2.bind(28, "zwlr_screencopy_manager_v1", 3, new id [unknown]#5)
[18:25:06.992134] zwlr_screencopy_manager_v1#5.capture_output(new id zwlr_screencopy_frame_v1#9, 0, wl_output#8)
[18:25:06.992149]  -> zwlr_screencopy_frame_v1#9.buffer(1, 1920, 1080, 7680)
[18:25:06.992152]  -> zwlr_screencopy_frame_v1#9.buffer_done()
[18:25:06.992208] zwlr_screencopy_frame_v1#9.copy(wl_buffer#11)
[18:25:06.995970]  -> zwlr_screencopy_frame_v1#9.flags(0)
[18:25:06.995987]  -> zwlr_screencopy_frame_v1#9.ready(0, 269890, 968973634)
[18:25:07.007858] zwlr_screencopy_frame_v1#9.destroy()
[18:25:07.271030]  -> wl_registry#2.global(28, "zwlr_screencopy_manager_v1", 3)
[18:25:07.271032]  -> wl_registry#2.global(29, "ext_image_copy_capture_manager_v1", 1)
[18:25:07.271034]  -> wl_registry#2.global(30, "ext_output_image_capture_source_manager_v1", 1)
[18:25:07.271051]  -> wl_registry#2.global(38, "ext_foreign_toplevel_image_capture_source_manager_v1", 1)
[18:25:07.271231] wl_registry#2.bind(28, "zwlr_screencopy_manager_v1", 3, new id [unknown]#5)
[18:25:07.290600]  -> wl_registry#2.global(28, "zwlr_screencopy_manager_v1", 3)
[18:25:07.290602]  -> wl_registry#2.global(29, "ext_image_copy_capture_manager_v1", 1)
[18:25:07.290604]  -> wl_registry#2.global(30, "ext_output_image_capture_source_manager_v1", 1)
[18:25:07.290620]  -> wl_registry#2.global(38, "ext_foreign_toplevel_image_capture_source_manager_v1", 1)
[18:25:07.290762] wl_registry#2.bind(28, "zwlr_screencopy_manager_v1", 3, new id [unknown]#5)
[18:25:07.290829] zwlr_screencopy_manager_v1#5.capture_output(new id zwlr_screencopy_frame_v1#9, 0, wl_output#8)
[18:25:07.290837]  -> zwlr_screencopy_frame_v1#9.buffer(1, 1920, 1080, 7680)
[18:25:07.290840]  -> zwlr_screencopy_frame_v1#9.buffer_done()
[18:25:07.290888] zwlr_screencopy_frame_v1#9.copy(wl_buffer#11)
[18:25:07.293872]  -> zwlr_screencopy_frame_v1#9.flags(0)
[18:25:07.293882]  -> zwlr_screencopy_frame_v1#9.ready(0, 269891, 267648460)
[18:25:07.305476] zwlr_screencopy_frame_v1#9.destroy()
[18:25:07.566889]  -> wl_registry#2.global(28, "zwlr_screencopy_manager_v1", 3)
[18:25:07.566891]  -> wl_registry#2.global(29, "ext_image_copy_capture_manager_v1", 1)
[18:25:07.566893]  -> wl_registry#2.global(30, "ext_output_image_capture_source_manager_v1", 1)
[18:25:07.566908]  -> wl_registry#2.global(38, "ext_foreign_toplevel_image_capture_source_manager_v1", 1)
[18:25:07.567063] wl_registry#2.bind(28, "zwlr_screencopy_manager_v1", 3, new id [unknown]#5)
[18:25:07.705882]  -> wl_registry#2.global(28, "zwlr_screencopy_manager_v1", 3)
[18:25:07.705886]  -> wl_registry#2.global(29, "ext_image_copy_capture_manager_v1", 1)
[18:25:07.705889]  -> wl_registry#2.global(30, "ext_output_image_capture_source_manager_v1", 1)
[18:25:07.705916]  -> wl_registry#2.global(38, "ext_foreign_toplevel_image_capture_source_manager_v1", 1)
[18:25:07.706138] wl_registry#2.bind(28, "zwlr_screencopy_manager_v1", 3, new id [unknown]#5)
[18:25:07.824217]  -> wl_registry#2.global(28, "zwlr_screencopy_manager_v1", 3)
[18:25:07.824221]  -> wl_registry#2.global(29, "ext_image_copy_capture_manager_v1", 1)
[18:25:07.824225]  -> wl_registry#2.global(30, "ext_output_image_capture_source_manager_v1", 1)
[18:25:07.824256]  -> wl_registry#2.global(38, "ext_foreign_toplevel_image_capture_source_manager_v1", 1)
[18:25:07.824538] wl_registry#2.bind(28, "zwlr_screencopy_manager_v1", 3, new id [unknown]#5)
[18:25:07.855531]  -> wl_registry#2.global(28, "zwlr_screencopy_manager_v1", 3)
[18:25:07.855533]  -> wl_registry#2.global(29, "ext_image_copy_capture_manager_v1", 1)
[18:25:07.855547]  -> wl_registry#2.global(30, "ext_output_image_capture_source_manager_v1", 1)
[18:25:07.855575]  -> wl_registry#2.global(38, "ext_foreign_toplevel_image_capture_source_manager_v1", 1)
[18:25:07.855754] wl_registry#2.bind(28, "zwlr_screencopy_manager_v1", 3, new id [unknown]#5)
[18:25:07.855849] zwlr_screencopy_manager_v1#5.capture_output(new id zwlr_screencopy_frame_v1#9, 0, wl_output#8)
[18:25:07.855861]  -> zwlr_screencopy_frame_v1#9.buffer(1, 1920, 1080, 7680)
[18:25:07.855863]  -> zwlr_screencopy_frame_v1#9.buffer_done()
[18:25:07.855928] zwlr_screencopy_frame_v1#9.copy(wl_buffer#11)
[18:25:07.860409]  -> zwlr_screencopy_frame_v1#9.flags(0)
[18:25:07.860429]  -> zwlr_screencopy_frame_v1#9.ready(0, 269891, 832711511)
[18:25:07.876929] zwlr_screencopy_frame_v1#9.destroy()
[18:25:08.305658]  -> wl_registry#2.global(28, "zwlr_screencopy_manager_v1", 3)
[18:25:08.305662]  -> wl_registry#2.global(29, "ext_image_copy_capture_manager_v1", 1)
[18:25:08.305664]  -> wl_registry#2.global(30, "ext_output_image_capture_source_manager_v1", 1)
[18:25:08.305683]  -> wl_registry#2.global(38, "ext_foreign_toplevel_image_capture_source_manager_v1", 1)
[18:25:08.305973] wl_registry#2.bind(28, "zwlr_screencopy_manager_v1", 3, new id [unknown]#5)
[18:25:08.344511]  -> wl_registry#2.global(28, "zwlr_screencopy_manager_v1", 3)
[18:25:08.344513]  -> wl_registry#2.global(29, "ext_image_copy_capture_manager_v1", 1)
[18:25:08.344520]  -> wl_registry#2.global(30, "ext_output_image_capture_source_manager_v1", 1)
[18:25:08.344551]  -> wl_registry#2.global(38, "ext_foreign_toplevel_image_capture_source_manager_v1", 1)
[18:25:08.344760] wl_registry#2.bind(28, "zwlr_screencopy_manager_v1", 3, new id [unknown]#5)
[18:25:08.344879] zwlr_screencopy_manager_v1#5.capture_output(new id zwlr_screencopy_frame_v1#9, 0, wl_output#8)
[18:25:08.344900]  -> zwlr_screencopy_frame_v1#9.buffer(1, 1920, 1080, 7680)
[18:25:08.344903]  -> zwlr_screencopy_frame_v1#9.buffer_done()
[18:25:08.344992] zwlr_screencopy_frame_v1#9.copy(wl_buffer#11)
[18:25:08.351821]  -> zwlr_screencopy_frame_v1#9.flags(0)
[18:25:08.351848]  -> zwlr_screencopy_frame_v1#9.ready(0, 269892, 321769548)
[18:25:08.370198] zwlr_screencopy_frame_v1#9.destroy()
[18:25:08.661775]  -> wl_registry#2.global(28, "zwlr_screencopy_manager_v1", 3)
[18:25:08.661776]  -> wl_registry#2.global(29, "ext_image_copy_capture_manager_v1", 1)
[18:25:08.661778]  -> wl_registry#2.global(30, "ext_output_image_capture_source_manager_v1", 1)
[18:25:08.661811]  -> wl_registry#2.global(38, "ext_foreign_toplevel_image_capture_source_manager_v1", 1)
[18:25:08.661965] wl_registry#2.bind(28, "zwlr_screencopy_manager_v1", 3, new id [unknown]#5)
[18:25:08.695533]  -> wl_registry#2.global(28, "zwlr_screencopy_manager_v1", 3)
[18:25:08.695535]  -> wl_registry#2.global(29, "ext_image_copy_capture_manager_v1", 1)
[18:25:08.695537]  -> wl_registry#2.global(30, "ext_output_image_capture_source_manager_v1", 1)
[18:25:08.695553]  -> wl_registry#2.global(38, "ext_foreign_toplevel_image_capture_source_manager_v1", 1)
[18:25:08.695781] wl_registry#2.bind(28, "zwlr_screencopy_manager_v1", 3, new id [unknown]#5)
[18:25:08.695856] zwlr_screencopy_manager_v1#5.capture_output(new id zwlr_screencopy_frame_v1#9, 0, wl_output#8)
[18:25:08.695867]  -> zwlr_screencopy_frame_v1#9.buffer(1, 1920, 1080, 7680)
[18:25:08.695871]  -> zwlr_screencopy_frame_v1#9.buffer_done()
[18:25:08.695923] zwlr_screencopy_frame_v1#9.copy(wl_buffer#11)
[18:25:08.699767]  -> zwlr_screencopy_frame_v1#9.flags(0)
[18:25:08.699787]  -> zwlr_screencopy_frame_v1#9.ready(0, 269892, 672686960)
[18:25:08.714216] zwlr_screencopy_frame_v1#9.destroy()
[18:25:09.012208]  -> wl_registry#2.global(28, "zwlr_screencopy_manager_v1", 3)
[18:25:09.012210]  -> wl_registry#2.global(29, "ext_image_copy_capture_manager_v1", 1)
[18:25:09.012212]  -> wl_registry#2.global(30, "ext_output_image_capture_source_manager_v1", 1)
[18:25:09.012243]  -> wl_registry#2.global(38, "ext_foreign_toplevel_image_capture_source_manager_v1", 1)
[18:25:09.012410] wl_registry#2.bind(28, "zwlr_screencopy_manager_v1", 3, new id [unknown]#5)
[18:25:09.031894]  -> wl_registry#2.global(28, "zwlr_screencopy_manager_v1", 3)
[18:25:09.031896]  -> wl_registry#2.global(29, "ext_image_copy_capture_manager_v1", 1)
[18:25:09.031898]  -> wl_registry#2.global(30, "ext_output_image_capture_source_manager_v1", 1)
[18:25:09.031914]  -> wl_registry#2.global(38, "ext_foreign_toplevel_image_capture_source_manager_v1", 1)
[18:25:09.032083] wl_registry#2.bind(28, "zwlr_screencopy_manager_v1", 3, new id [unknown]#5)
[18:25:09.032152] zwlr_screencopy_manager_v1#5.capture_output(new id zwlr_screencopy_frame_v1#9, 0, wl_output#8)
[18:25:09.032160]  -> zwlr_screencopy_frame_v1#9.buffer(1, 1920, 1080, 7680)
[18:25:09.032163]  -> zwlr_screencopy_frame_v1#9.buffer_done()
[18:25:09.032219] zwlr_screencopy_frame_v1#9.copy(wl_buffer#11)
[18:25:09.035662]  -> zwlr_screencopy_frame_v1#9.flags(0)
[18:25:09.035677]  -> zwlr_screencopy_frame_v1#9.ready(0, 269893, 8984862)
[18:25:09.047417] zwlr_screencopy_frame_v1#9.destroy()
[18:25:09.320264]  -> wl_registry#2.global(28, "zwlr_screencopy_manager_v1", 3)
[18:25:09.320269]  -> wl_registry#2.global(29, "ext_image_copy_capture_manager_v1", 1)
[18:25:09.320272]  -> wl_registry#2.global(30, "ext_output_image_capture_source_manager_v1", 1)
[18:25:09.320293]  -> wl_registry#2.global(38, "ext_foreign_toplevel_image_capture_source_manager_v1", 1)
[18:25:09.320481] wl_registry#2.bind(28, "zwlr_screencopy_manager_v1", 3, new id [unknown]#5)
[18:25:09.464788]  -> wl_registry#2.global(28, "zwlr_screencopy_manager_v1", 3)
[18:25:09.464796]  -> wl_registry#2.global(29, "ext_image_copy_capture_manager_v1", 1)
[18:25:09.464799]  -> wl_registry#2.global(30, "ext_output_image_capture_source_manager_v1", 1)
[18:25:09.464826]  -> wl_registry#2.global(38, "ext_foreign_toplevel_image_capture_source_manager_v1", 1)
[18:25:09.465065] wl_registry#2.bind(28, "zwlr_screencopy_manager_v1", 3, new id [unknown]#5)
[18:25:09.582388]  -> wl_registry#2.global(28, "zwlr_screencopy_manager_v1", 3)
[18:25:09.582396]  -> wl_registry#2.global(29, "ext_image_copy_capture_manager_v1", 1)
[18:25:09.582398]  -> wl_registry#2.global(30, "ext_output_image_capture_source_manager_v1", 1)
[18:25:09.582423]  -> wl_registry#2.global(38, "ext_foreign_toplevel_image_capture_source_manager_v1", 1)
[18:25:09.582602] wl_registry#2.bind(28, "zwlr_screencopy_manager_v1", 3, new id [unknown]#5)
[18:25:09.613662]  -> wl_registry#2.global(28, "zwlr_screencopy_manager_v1", 3)
[18:25:09.613665]  -> wl_registry#2.global(29, "ext_image_copy_capture_manager_v1", 1)
[18:25:09.613669]  -> wl_registry#2.global(30, "ext_output_image_capture_source_manager_v1", 1)
[18:25:09.613705]  -> wl_registry#2.global(38, "ext_foreign_toplevel_image_capture_source_manager_v1", 1)
[18:25:09.613928] wl_registry#2.bind(28, "zwlr_screencopy_manager_v1", 3, new id [unknown]#5)
[18:25:09.614033] zwlr_screencopy_manager_v1#5.capture_output(new id zwlr_screencopy_frame_v1#9, 0, wl_output#8)
[18:25:09.614044]  -> zwlr_screencopy_frame_v1#9.buffer(1, 1920, 1080, 7680)
[18:25:09.614049]  -> zwlr_screencopy_frame_v1#9.buffer_done()
[18:25:09.614115] zwlr_screencopy_frame_v1#9.copy(wl_buffer#11)
[18:25:09.619246]  -> zwlr_screencopy_frame_v1#9.flags(0)
[18:25:09.619284]  -> zwlr_screencopy_frame_v1#9.ready(0, 269893, 590889881)
[18:25:09.632625] zwlr_screencopy_frame_v1#9.destroy()
[18:25:10.010201]  -> wl_registry#2.global(28, "zwlr_screencopy_manager_v1", 3)
[18:25:10.010203]  -> wl_registry#2.global(29, "ext_image_copy_capture_manager_v1", 1)
[18:25:10.010205]  -> wl_registry#2.global(30, "ext_output_image_capture_source_manager_v1", 1)
[18:25:10.010221]  -> wl_registry#2.global(38, "ext_foreign_toplevel_image_capture_source_manager_v1", 1)
[18:25:10.010442] wl_registry#2.bind(28, "zwlr_screencopy_manager_v1", 3, new id [unknown]#5)
[18:25:10.041556]  -> wl_registry#2.global(28, "zwlr_screencopy_manager_v1", 3)
[18:25:10.041558]  -> wl_registry#2.global(29, "ext_image_copy_capture_manager_v1", 1)
[18:25:10.041560]  -> wl_registry#2.global(30, "ext_output_image_capture_source_manager_v1", 1)
[18:25:10.041576]  -> wl_registry#2.global(38, "ext_foreign_toplevel_image_capture_source_manager_v1", 1)
[18:25:10.041733] wl_registry#2.bind(28, "zwlr_screencopy_manager_v1", 3, new id [unknown]#5)
[18:25:10.041810] zwlr_screencopy_manager_v1#5.capture_output(new id zwlr_screencopy_frame_v1#9, 0, wl_output#8)
[18:25:10.041821]  -> zwlr_screencopy_frame_v1#9.buffer(1, 1920, 1080, 7680)
[18:25:10.041825]  -> zwlr_screencopy_frame_v1#9.buffer_done()
[18:25:10.041894] zwlr_screencopy_frame_v1#9.copy(wl_buffer#11)
[18:25:10.045513]  -> zwlr_screencopy_frame_v1#9.flags(0)
[18:25:10.045527]  -> zwlr_screencopy_frame_v1#9.ready(0, 269894, 18667537)
[18:25:10.057441] zwlr_screencopy_frame_v1#9.destroy()
[18:25:10.331334]  -> wl_registry#2.global(28, "zwlr_screencopy_manager_v1", 3)
[18:25:10.331335]  -> wl_registry#2.global(29, "ext_image_copy_capture_manager_v1", 1)
[18:25:10.331337]  -> wl_registry#2.global(30, "ext_output_image_capture_source_manager_v1", 1)
[18:25:10.331353]  -> wl_registry#2.global(38, "ext_foreign_toplevel_image_capture_source_manager_v1", 1)
[18:25:10.331539] wl_registry#2.bind(28, "zwlr_screencopy_manager_v1", 3, new id [unknown]#5)
[18:25:10.361966]  -> wl_registry#2.global(28, "zwlr_screencopy_manager_v1", 3)
[18:25:10.361968]  -> wl_registry#2.global(29, "ext_image_copy_capture_manager_v1", 1)
[18:25:10.361970]  -> wl_registry#2.global(30, "ext_output_image_capture_source_manager_v1", 1)
[18:25:10.361986]  -> wl_registry#2.global(38, "ext_foreign_toplevel_image_capture_source_manager_v1", 1)
[18:25:10.362129] wl_registry#2.bind(28, "zwlr_screencopy_manager_v1", 3, new id [unknown]#5)
[18:25:10.362202] zwlr_screencopy_manager_v1#5.capture_output(new id zwlr_screencopy_frame_v1#9, 0, wl_output#8)
[18:25:10.362210]  -> zwlr_screencopy_frame_v1#9.buffer(1, 1920, 1080, 7680)
[18:25:10.362212]  -> zwlr_screencopy_frame_v1#9.buffer_done()
[18:25:10.362262] zwlr_screencopy_frame_v1#9.copy(wl_buffer#11)
[18:25:10.366437]  -> zwlr_screencopy_frame_v1#9.flags(0)
[18:25:10.366467]  -> zwlr_screencopy_frame_v1#9.ready(0, 269894, 339031308)
[18:25:10.428071] zwlr_screencopy_frame_v1#9.destroy()
[18:25:10.704755]  -> wl_registry#2.global(28, "zwlr_screencopy_manager_v1", 3)
[18:25:10.704757]  -> wl_registry#2.global(29, "ext_image_copy_capture_manager_v1", 1)
[18:25:10.704758]  -> wl_registry#2.global(30, "ext_output_image_capture_source_manager_v1", 1)
[18:25:10.704775]  -> wl_registry#2.global(38, "ext_foreign_toplevel_image_capture_source_manager_v1", 1)
[18:25:10.704939] wl_registry#2.bind(28, "zwlr_screencopy_manager_v1", 3, new id [unknown]#5)
[18:25:10.733183]  -> wl_registry#2.global(28, "zwlr_screencopy_manager_v1", 3)
[18:25:10.733185]  -> wl_registry#2.global(29, "ext_image_copy_capture_manager_v1", 1)
[18:25:10.733187]  -> wl_registry#2.global(30, "ext_output_image_capture_source_manager_v1", 1)
[18:25:10.733213]  -> wl_registry#2.global(38, "ext_foreign_toplevel_image_capture_source_manager_v1", 1)
[18:25:10.733363] wl_registry#2.bind(28, "zwlr_screencopy_manager_v1", 3, new id [unknown]#5)
[18:25:10.733438] zwlr_screencopy_manager_v1#5.capture_output(new id zwlr_screencopy_frame_v1#9, 0, wl_output#8)
[18:25:10.733449]  -> zwlr_screencopy_frame_v1#9.buffer(1, 1920, 1080, 7680)
[18:25:10.733451]  -> zwlr_screencopy_frame_v1#9.buffer_done()
[18:25:10.733502] zwlr_screencopy_frame_v1#9.copy(wl_buffer#11)
[18:25:10.736843]  -> zwlr_screencopy_frame_v1#9.flags(0)
[18:25:10.736855]  -> zwlr_screencopy_frame_v1#9.ready(0, 269894, 710267377)
[18:25:10.747886] zwlr_screencopy_frame_v1#9.destroy()
[18:25:11.021309]  -> wl_registry#2.global(28, "zwlr_screencopy_manager_v1", 3)
[18:25:11.021315]  -> wl_registry#2.global(29, "ext_image_copy_capture_manager_v1", 1)
[18:25:11.021322]  -> wl_registry#2.global(30, "ext_output_image_capture_source_manager_v1", 1)
[18:25:11.021338]  -> wl_registry#2.global(38, "ext_foreign_toplevel_image_capture_source_manager_v1", 1)
[18:25:11.021529] wl_registry#2.bind(28, "zwlr_screencopy_manager_v1", 3, new id [unknown]#5)
[18:25:11.160420]  -> wl_registry#2.global(28, "zwlr_screencopy_manager_v1", 3)
[18:25:11.160422]  -> wl_registry#2.global(29, "ext_image_copy_capture_manager_v1", 1)
[18:25:11.160424]  -> wl_registry#2.global(30, "ext_output_image_capture_source_manager_v1", 1)
[18:25:11.160450]  -> wl_registry#2.global(38, "ext_foreign_toplevel_image_capture_source_manager_v1", 1)
[18:25:11.160598] wl_registry#2.bind(28, "zwlr_screencopy_manager_v1", 3, new id [unknown]#5)
[18:25:11.277886]  -> wl_registry#2.global(28, "zwlr_screencopy_manager_v1", 3)
[18:25:11.277888]  -> wl_registry#2.global(29, "ext_image_copy_capture_manager_v1", 1)
[18:25:11.277890]  -> wl_registry#2.global(30, "ext_output_image_capture_source_manager_v1", 1)
[18:25:11.277906]  -> wl_registry#2.global(38, "ext_foreign_toplevel_image_capture_source_manager_v1", 1)
[18:25:11.278068] wl_registry#2.bind(28, "zwlr_screencopy_manager_v1", 3, new id [unknown]#5)
[18:25:11.304618]  -> wl_registry#2.global(28, "zwlr_screencopy_manager_v1", 3)
[18:25:11.304620]  -> wl_registry#2.global(29, "ext_image_copy_capture_manager_v1", 1)
[18:25:11.304622]  -> wl_registry#2.global(30, "ext_output_image_capture_source_manager_v1", 1)
[18:25:11.304637]  -> wl_registry#2.global(38, "ext_foreign_toplevel_image_capture_source_manager_v1", 1)
[18:25:11.304798] wl_registry#2.bind(28, "zwlr_screencopy_manager_v1", 3, new id [unknown]#5)
[18:25:11.304872] zwlr_screencopy_manager_v1#5.capture_output(new id zwlr_screencopy_frame_v1#9, 0, wl_output#8)
[18:25:11.304881]  -> zwlr_screencopy_frame_v1#9.buffer(1, 1920, 1080, 7680)
[18:25:11.304883]  -> zwlr_screencopy_frame_v1#9.buffer_done()
[18:25:11.304937] zwlr_screencopy_frame_v1#9.copy(wl_buffer#11)
[18:25:11.308159]  -> zwlr_screencopy_frame_v1#9.flags(0)
[18:25:11.308172]  -> zwlr_screencopy_frame_v1#9.ready(0, 269895, 281700392)
[18:25:11.319460] zwlr_screencopy_frame_v1#9.destroy()
[18:25:11.697516]  -> wl_registry#2.global(28, "zwlr_screencopy_manager_v1", 3)
[18:25:11.697519]  -> wl_registry#2.global(29, "ext_image_copy_capture_manager_v1", 1)
[18:25:11.697522]  -> wl_registry#2.global(30, "ext_output_image_capture_source_manager_v1", 1)
[18:25:11.697551]  -> wl_registry#2.global(38, "ext_foreign_toplevel_image_capture_source_manager_v1", 1)
[18:25:11.697856] wl_registry#2.bind(28, "zwlr_screencopy_manager_v1", 3, new id [unknown]#5)
[18:25:11.734119]  -> wl_registry#2.global(28, "zwlr_screencopy_manager_v1", 3)
[18:25:11.734122]  -> wl_registry#2.global(29, "ext_image_copy_capture_manager_v1", 1)
[18:25:11.734125]  -> wl_registry#2.global(30, "ext_output_image_capture_source_manager_v1", 1)
[18:25:11.734153]  -> wl_registry#2.global(38, "ext_foreign_toplevel_image_capture_source_manager_v1", 1)
[18:25:11.734387] wl_registry#2.bind(28, "zwlr_screencopy_manager_v1", 3, new id [unknown]#5)
[18:25:11.734499] zwlr_screencopy_manager_v1#5.capture_output(new id zwlr_screencopy_frame_v1#9, 0, wl_output#8)
[18:25:11.734518]  -> zwlr_screencopy_frame_v1#9.buffer(1, 1920, 1080, 7680)
[18:25:11.734522]  -> zwlr_screencopy_frame_v1#9.buffer_done()
[18:25:11.734603] zwlr_screencopy_frame_v1#9.copy(wl_buffer#11)
[18:25:11.739179]  -> zwlr_screencopy_frame_v1#9.flags(0)
[18:25:11.739221]  -> zwlr_screencopy_frame_v1#9.ready(0, 269895, 711411115)
[18:25:11.757651] zwlr_screencopy_frame_v1#9.destroy()
[18:25:12.076938]  -> wl_registry#2.global(28, "zwlr_screencopy_manager_v1", 3)
[18:25:12.076940]  -> wl_registry#2.global(29, "ext_image_copy_capture_manager_v1", 1)
[18:25:12.076942]  -> wl_registry#2.global(30, "ext_output_image_capture_source_manager_v1", 1)
[18:25:12.076959]  -> wl_registry#2.global(38, "ext_foreign_toplevel_image_capture_source_manager_v1", 1)
[18:25:12.077166] wl_registry#2.bind(28, "zwlr_screencopy_manager_v1", 3, new id [unknown]#5)
[18:25:12.112055]  -> wl_registry#2.global(28, "zwlr_screencopy_manager_v1", 3)
[18:25:12.112058]  -> wl_registry#2.global(29, "ext_image_copy_capture_manager_v1", 1)
[18:25:12.112061]  -> wl_registry#2.global(30, "ext_output_image_capture_source_manager_v1", 1)
[18:25:12.112095]  -> wl_registry#2.global(38, "ext_foreign_toplevel_image_capture_source_manager_v1", 1)
[18:25:12.112417] wl_registry#2.bind(28, "zwlr_screencopy_manager_v1", 3, new id [unknown]#5)
[18:25:12.112574] zwlr_screencopy_manager_v1#5.capture_output(new id zwlr_screencopy_frame_v1#9, 0, wl_output#8)
[18:25:12.112599]  -> zwlr_screencopy_frame_v1#9.buffer(1, 1920, 1080, 7680)
[18:25:12.112603]  -> zwlr_screencopy_frame_v1#9.buffer_done()
[18:25:12.112727] zwlr_screencopy_frame_v1#9.copy(wl_buffer#11)
[18:25:12.119539]  -> zwlr_screencopy_frame_v1#9.flags(0)
[18:25:12.119587]  -> zwlr_screencopy_frame_v1#9.ready(0, 269896, 89532666)
[18:25:12.136328] zwlr_screencopy_frame_v1#9.destroy()
[18:25:12.466014]  -> wl_registry#2.global(28, "zwlr_screencopy_manager_v1", 3)
[18:25:12.466017]  -> wl_registry#2.global(29, "ext_image_copy_capture_manager_v1", 1)
[18:25:12.466021]  -> wl_registry#2.global(30, "ext_output_image_capture_source_manager_v1", 1)
[18:25:12.466051]  -> wl_registry#2.global(38, "ext_foreign_toplevel_image_capture_source_manager_v1", 1)
[18:25:12.466363] wl_registry#2.bind(28, "zwlr_screencopy_manager_v1", 3, new id [unknown]#5)
[18:25:12.498513]  -> wl_registry#2.global(28, "zwlr_screencopy_manager_v1", 3)
[18:25:12.498517]  -> wl_registry#2.global(29, "ext_image_copy_capture_manager_v1", 1)
[18:25:12.498520]  -> wl_registry#2.global(30, "ext_output_image_capture_source_manager_v1", 1)
[18:25:12.498550]  -> wl_registry#2.global(38, "ext_foreign_toplevel_image_capture_source_manager_v1", 1)
[18:25:12.498873] wl_registry#2.bind(28, "zwlr_screencopy_manager_v1", 3, new id [unknown]#5)
[18:25:12.498986] zwlr_screencopy_manager_v1#5.capture_output(new id zwlr_screencopy_frame_v1#9, 0, wl_output#8)
[18:25:12.499000]  -> zwlr_screencopy_frame_v1#9.buffer(1, 1920, 1080, 7680)
[18:25:12.499005]  -> zwlr_screencopy_frame_v1#9.buffer_done()
[18:25:12.499087] zwlr_screencopy_frame_v1#9.copy(wl_buffer#11)
[18:25:12.503040]  -> zwlr_screencopy_frame_v1#9.flags(0)
[18:25:12.503061]  -> zwlr_screencopy_frame_v1#9.ready(0, 269896, 475874180)
[18:25:12.518316] zwlr_screencopy_frame_v1#9.destroy()
[18:25:12.791338]  -> wl_registry#2.global(28, "zwlr_screencopy_manager_v1", 3)
[18:25:12.791339]  -> wl_registry#2.global(29, "ext_image_copy_capture_manager_v1", 1)
[18:25:12.791346]  -> wl_registry#2.global(30, "ext_output_image_capture_source_manager_v1", 1)
[18:25:12.791362]  -> wl_registry#2.global(38, "ext_foreign_toplevel_image_capture_source_manager_v1", 1)
[18:25:12.791516] wl_registry#2.bind(28, "zwlr_screencopy_manager_v1", 3, new id [unknown]#5)
[18:25:12.810647]  -> wl_registry#2.global(28, "zwlr_screencopy_manager_v1", 3)
[18:25:12.810649]  -> wl_registry#2.global(29, "ext_image_copy_capture_manager_v1", 1)
[18:25:12.810651]  -> wl_registry#2.global(30, "ext_output_image_capture_source_manager_v1", 1)
[18:25:12.810667]  -> wl_registry#2.global(38, "ext_foreign_toplevel_image_capture_source_manager_v1", 1)
[18:25:12.810811] wl_registry#2.bind(28, "zwlr_screencopy_manager_v1", 3, new id [unknown]#5)
[18:25:12.810885] zwlr_screencopy_manager_v1#5.capture_output(new id zwlr_screencopy_frame_v1#9, 0, wl_output#8)
[18:25:12.810893]  -> zwlr_screencopy_frame_v1#9.buffer(1, 1920, 1080, 7680)
[18:25:12.810896]  -> zwlr_screencopy_frame_v1#9.buffer_done()
[18:25:12.810945] zwlr_screencopy_frame_v1#9.copy(wl_buffer#11)
[18:25:12.813788]  -> zwlr_screencopy_frame_v1#9.flags(0)
[18:25:12.813800]  -> zwlr_screencopy_frame_v1#9.ready(0, 269896, 787711110)
[18:25:12.824843] zwlr_screencopy_frame_v1#9.destroy()
[18:25:13.097806]  -> wl_registry#2.global(28, "zwlr_screencopy_manager_v1", 3)
[18:25:13.097808]  -> wl_registry#2.global(29, "ext_image_copy_capture_manager_v1", 1)
[18:25:13.097810]  -> wl_registry#2.global(30, "ext_output_image_capture_source_manager_v1", 1)
[18:25:13.097833]  -> wl_registry#2.global(38, "ext_foreign_toplevel_image_capture_source_manager_v1", 1)
[18:25:13.098082] wl_registry#2.bind(28, "zwlr_screencopy_manager_v1", 3, new id [unknown]#5)
[18:25:13.219836]  -> wl_registry#2.global(28, "zwlr_screencopy_manager_v1", 3)
[18:25:13.219841]  -> wl_registry#2.global(29, "ext_image_copy_capture_manager_v1", 1)
[18:25:13.219853]  -> wl_registry#2.global(30, "ext_output_image_capture_source_manager_v1", 1)
[18:25:13.219869]  -> wl_registry#2.global(38, "ext_foreign_toplevel_image_capture_source_manager_v1", 1)
[18:25:13.220059] wl_registry#2.bind(28, "zwlr_screencopy_manager_v1", 3, new id [unknown]#5)
[18:25:13.253135]  -> wl_registry#2.global(28, "zwlr_screencopy_manager_v1", 3)
[18:25:13.253136]  -> wl_registry#2.global(29, "ext_image_copy_capture_manager_v1", 1)
[18:25:13.253138]  -> wl_registry#2.global(30, "ext_output_image_capture_source_manager_v1", 1)
[18:25:13.253168]  -> wl_registry#2.global(38, "ext_foreign_toplevel_image_capture_source_manager_v1", 1)
[18:25:13.253357] wl_registry#2.bind(28, "zwlr_screencopy_manager_v1", 3, new id [unknown]#5)
[18:25:13.253467] zwlr_screencopy_manager_v1#5.capture_output(new id zwlr_screencopy_frame_v1#9, 0, wl_output#8)
[18:25:13.253488]  -> zwlr_screencopy_frame_v1#9.buffer(1, 1920, 1080, 7680)
[18:25:13.253492]  -> zwlr_screencopy_frame_v1#9.buffer_done()
[18:25:13.253581] zwlr_screencopy_frame_v1#9.copy(wl_buffer#11)
[18:25:13.258819]  -> zwlr_screencopy_frame_v1#9.flags(0)
[18:25:13.258837]  -> zwlr_screencopy_frame_v1#9.ready(0, 269897, 230367614)
[18:25:13.281251] zwlr_screencopy_frame_v1#9.destroy()
[18:25:13.672685]  -> wl_registry#2.global(28, "zwlr_screencopy_manager_v1", 3)
[18:25:13.672687]  -> wl_registry#2.global(29, "ext_image_copy_capture_manager_v1", 1)
[18:25:13.672689]  -> wl_registry#2.global(30, "ext_output_image_capture_source_manager_v1", 1)
[18:25:13.672714]  -> wl_registry#2.global(38, "ext_foreign_toplevel_image_capture_source_manager_v1", 1)
[18:25:13.672892] wl_registry#2.bind(28, "zwlr_screencopy_manager_v1", 3, new id [unknown]#5)
[18:25:13.705707]  -> wl_registry#2.global(28, "zwlr_screencopy_manager_v1", 3)
[18:25:13.705709]  -> wl_registry#2.global(29, "ext_image_copy_capture_manager_v1", 1)
[18:25:13.705711]  -> wl_registry#2.global(30, "ext_output_image_capture_source_manager_v1", 1)
[18:25:13.705728]  -> wl_registry#2.global(38, "ext_foreign_toplevel_image_capture_source_manager_v1", 1)
[18:25:13.705914] wl_registry#2.bind(28, "zwlr_screencopy_manager_v1", 3, new id [unknown]#5)
[18:25:13.706007] zwlr_screencopy_manager_v1#5.capture_output(new id zwlr_screencopy_frame_v1#9, 0, wl_output#8)
[18:25:13.706018]  -> zwlr_screencopy_frame_v1#9.buffer(1, 1920, 1080, 7680)
[18:25:13.706021]  -> zwlr_screencopy_frame_v1#9.buffer_done()
[18:25:13.706093] zwlr_screencopy_frame_v1#9.copy(wl_buffer#11)
[18:25:13.710364]  -> zwlr_screencopy_frame_v1#9.flags(0)
[18:25:13.710383]  -> zwlr_screencopy_frame_v1#9.ready(0, 269897, 682867082)
[18:25:13.723915] zwlr_screencopy_frame_v1#9.destroy()
[18:25:14.025650]  -> wl_registry#2.global(28, "zwlr_screencopy_manager_v1", 3)
[18:25:14.025652]  -> wl_registry#2.global(29, "ext_image_copy_capture_manager_v1", 1)
[18:25:14.025654]  -> wl_registry#2.global(30, "ext_output_image_capture_source_manager_v1", 1)
[18:25:14.025670]  -> wl_registry#2.global(38, "ext_foreign_toplevel_image_capture_source_manager_v1", 1)
[18:25:14.025891] wl_registry#2.bind(28, "zwlr_screencopy_manager_v1", 3, new id [unknown]#5)
[18:25:14.062351]  -> wl_registry#2.global(28, "zwlr_screencopy_manager_v1", 3)
[18:25:14.062354]  -> wl_registry#2.global(29, "ext_image_copy_capture_manager_v1", 1)
[18:25:14.062357]  -> wl_registry#2.global(30, "ext_output_image_capture_source_manager_v1", 1)
[18:25:14.062387]  -> wl_registry#2.global(38, "ext_foreign_toplevel_image_capture_source_manager_v1", 1)
[18:25:14.062644] wl_registry#2.bind(28, "zwlr_screencopy_manager_v1", 3, new id [unknown]#5)
[18:25:14.062764] zwlr_screencopy_manager_v1#5.capture_output(new id zwlr_screencopy_frame_v1#9, 0, wl_output#8)
[18:25:14.062781]  -> zwlr_screencopy_frame_v1#9.buffer(1, 1920, 1080, 7680)
[18:25:14.062786]  -> zwlr_screencopy_frame_v1#9.buffer_done()
[18:25:14.062872] zwlr_screencopy_frame_v1#9.copy(wl_buffer#11)
[18:25:14.070051]  -> zwlr_screencopy_frame_v1#9.flags(0)
[18:25:14.070110]  -> zwlr_screencopy_frame_v1#9.ready(0, 269898, 39675069)
[18:25:14.091011] zwlr_screencopy_frame_v1#9.destroy()
[18:25:14.411472]  -> wl_registry#2.global(28, "zwlr_screencopy_manager_v1", 3)
[18:25:14.411475]  -> wl_registry#2.global(29, "ext_image_copy_capture_manager_v1", 1)
[18:25:14.411478]  -> wl_registry#2.global(30, "ext_output_image_capture_source_manager_v1", 1)
[18:25:14.411532]  -> wl_registry#2.global(38, "ext_foreign_toplevel_image_capture_source_manager_v1", 1)
[18:25:14.411924] wl_registry#2.bind(28, "zwlr_screencopy_manager_v1", 3, new id [unknown]#5)
[18:25:14.447896]  -> wl_registry#2.global(28, "zwlr_screencopy_manager_v1", 3)
[18:25:14.447898]  -> wl_registry#2.global(29, "ext_image_copy_capture_manager_v1", 1)
[18:25:14.447900]  -> wl_registry#2.global(30, "ext_output_image_capture_source_manager_v1", 1)
[18:25:14.447917]  -> wl_registry#2.global(38, "ext_foreign_toplevel_image_capture_source_manager_v1", 1)
[18:25:14.448117] wl_registry#2.bind(28, "zwlr_screencopy_manager_v1", 3, new id [unknown]#5)
[18:25:14.448193] zwlr_screencopy_manager_v1#5.capture_output(new id zwlr_screencopy_frame_v1#9, 0, wl_output#8)
[18:25:14.448205]  -> zwlr_screencopy_frame_v1#9.buffer(1, 1920, 1080, 7680)
[18:25:14.448207]  -> zwlr_screencopy_frame_v1#9.buffer_done()
[18:25:14.448292] zwlr_screencopy_frame_v1#9.copy(wl_buffer#11)
[18:25:14.452833]  -> zwlr_screencopy_frame_v1#9.flags(0)
[18:25:14.452863]  -> zwlr_screencopy_frame_v1#9.ready(0, 269898, 425064930)
[18:25:14.469494] zwlr_screencopy_frame_v1#9.destroy()
[18:25:14.749976]  -> wl_registry#2.global(28, "zwlr_screencopy_manager_v1", 3)
[18:25:14.749979]  -> wl_registry#2.global(29, "ext_image_copy_capture_manager_v1", 1)
[18:25:14.749982]  -> wl_registry#2.global(30, "ext_output_image_capture_source_manager_v1", 1)
[18:25:14.750013]  -> wl_registry#2.global(38, "ext_foreign_toplevel_image_capture_source_manager_v1", 1)
[18:25:14.750283] wl_registry#2.bind(28, "zwlr_screencopy_manager_v1", 3, new id [unknown]#5)
[18:25:14.770739]  -> wl_registry#2.global(28, "zwlr_screencopy_manager_v1", 3)
[18:25:14.770741]  -> wl_registry#2.global(29, "ext_image_copy_capture_manager_v1", 1)
[18:25:14.770743]  -> wl_registry#2.global(30, "ext_output_image_capture_source_manager_v1", 1)
[18:25:14.770760]  -> wl_registry#2.global(38, "ext_foreign_toplevel_image_capture_source_manager_v1", 1)
[18:25:14.770916] wl_registry#2.bind(28, "zwlr_screencopy_manager_v1", 3, new id [unknown]#5)
[18:25:14.771014] zwlr_screencopy_manager_v1#5.capture_output(new id zwlr_screencopy_frame_v1#9, 0, wl_output#8)
[18:25:14.771027]  -> zwlr_screencopy_frame_v1#9.buffer(1, 1920, 1080, 7680)
[18:25:14.771029]  -> zwlr_screencopy_frame_v1#9.buffer_done()
[18:25:14.771105] zwlr_screencopy_frame_v1#9.copy(wl_buffer#11)
[18:25:14.774321]  -> zwlr_screencopy_frame_v1#9.flags(0)
[18:25:14.774335]  -> zwlr_screencopy_frame_v1#9.ready(0, 269898, 747870548)
[18:25:14.787094] zwlr_screencopy_frame_v1#9.destroy()
[18:25:15.100296]  -> wl_registry#2.global(28, "zwlr_screencopy_manager_v1", 3)
[18:25:15.100300]  -> wl_registry#2.global(29, "ext_image_copy_capture_manager_v1", 1)
[18:25:15.100303]  -> wl_registry#2.global(30, "ext_output_image_capture_source_manager_v1", 1)
[18:25:15.100322]  -> wl_registry#2.global(38, "ext_foreign_toplevel_image_capture_source_manager_v1", 1)
[18:25:15.100545] wl_registry#2.bind(28, "zwlr_screencopy_manager_v1", 3, new id [unknown]#5)
[18:25:15.248239]  -> wl_registry#2.global(28, "zwlr_screencopy_manager_v1", 3)
[18:25:15.248241]  -> wl_registry#2.global(29, "ext_image_copy_capture_manager_v1", 1)
[18:25:15.248243]  -> wl_registry#2.global(30, "ext_output_image_capture_source_manager_v1", 1)
[18:25:15.248260]  -> wl_registry#2.global(38, "ext_foreign_toplevel_image_capture_source_manager_v1", 1)
[18:25:15.248427] wl_registry#2.bind(28, "zwlr_screencopy_manager_v1", 3, new id [unknown]#5)
[18:25:15.277823]  -> wl_registry#2.global(28, "zwlr_screencopy_manager_v1", 3)
[18:25:15.277825]  -> wl_registry#2.global(29, "ext_image_copy_capture_manager_v1", 1)
[18:25:15.277827]  -> wl_registry#2.global(30, "ext_output_image_capture_source_manager_v1", 1)
[18:25:15.277844]  -> wl_registry#2.global(38, "ext_foreign_toplevel_image_capture_source_manager_v1", 1)
[18:25:15.278067] wl_registry#2.bind(28, "zwlr_screencopy_manager_v1", 3, new id [unknown]#5)
[18:25:15.278151] zwlr_screencopy_manager_v1#5.capture_output(new id zwlr_screencopy_frame_v1#9, 0, wl_output#8)
[18:25:15.278160]  -> zwlr_screencopy_frame_v1#9.buffer(1, 1920, 1080, 7680)
[18:25:15.278162]  -> zwlr_screencopy_frame_v1#9.buffer_done()
[18:25:15.278215] zwlr_screencopy_frame_v1#9.copy(wl_buffer#11)
[18:25:15.282682]  -> zwlr_screencopy_frame_v1#9.flags(0)
[18:25:15.282705]  -> zwlr_screencopy_frame_v1#9.ready(0, 269899, 254982050)
[18:25:15.295024] zwlr_screencopy_frame_v1#9.destroy()
[18:25:15.726668]  -> wl_registry#2.global(28, "zwlr_screencopy_manager_v1", 3)
[18:25:15.726670]  -> wl_registry#2.global(29, "ext_image_copy_capture_manager_v1", 1)
[18:25:15.726672]  -> wl_registry#2.global(30, "ext_output_image_capture_source_manager_v1", 1)
[18:25:15.726688]  -> wl_registry#2.global(38, "ext_foreign_toplevel_image_capture_source_manager_v1", 1)
[18:25:15.726872] wl_registry#2.bind(28, "zwlr_screencopy_manager_v1", 3, new id [unknown]#5)
[18:25:15.759015]  -> wl_registry#2.global(28, "zwlr_screencopy_manager_v1", 3)
[18:25:15.759019]  -> wl_registry#2.global(29, "ext_image_copy_capture_manager_v1", 1)
[18:25:15.759023]  -> wl_registry#2.global(30, "ext_output_image_capture_source_manager_v1", 1)
[18:25:15.759053]  -> wl_registry#2.global(38, "ext_foreign_toplevel_image_capture_source_manager_v1", 1)
[18:25:15.759301] wl_registry#2.bind(28, "zwlr_screencopy_manager_v1", 3, new id [unknown]#5)
[18:25:15.759431] zwlr_screencopy_manager_v1#5.capture_output(new id zwlr_screencopy_frame_v1#9, 0, wl_output#8)
[18:25:15.759446]  -> zwlr_screencopy_frame_v1#9.buffer(1, 1920, 1080, 7680)
[18:25:15.759451]  -> zwlr_screencopy_frame_v1#9.buffer_done()
[18:25:15.759530] zwlr_screencopy_frame_v1#9.copy(wl_buffer#11)
[18:25:15.764983]  -> zwlr_screencopy_frame_v1#9.flags(0)
[18:25:15.765013]  -> zwlr_screencopy_frame_v1#9.ready(0, 269899, 736308775)
[18:25:15.779004] zwlr_screencopy_frame_v1#9.destroy()
[18:25:16.065926]  -> wl_registry#2.global(28, "zwlr_screencopy_manager_v1", 3)
[18:25:16.065929]  -> wl_registry#2.global(29, "ext_image_copy_capture_manager_v1", 1)
[18:25:16.065933]  -> wl_registry#2.global(30, "ext_output_image_capture_source_manager_v1", 1)
[18:25:16.065973]  -> wl_registry#2.global(38, "ext_foreign_toplevel_image_capture_source_manager_v1", 1)
[18:25:16.066215] wl_registry#2.bind(28, "zwlr_screencopy_manager_v1", 3, new id [unknown]#5)
[18:25:16.105966]  -> wl_registry#2.global(28, "zwlr_screencopy_manager_v1", 3)
[18:25:16.105969]  -> wl_registry#2.global(29, "ext_image_copy_capture_manager_v1", 1)
[18:25:16.105972]  -> wl_registry#2.global(30, "ext_output_image_capture_source_manager_v1", 1)
[18:25:16.106014]  -> wl_registry#2.global(38, "ext_foreign_toplevel_image_capture_source_manager_v1", 1)
[18:25:16.106294] wl_registry#2.bind(28, "zwlr_screencopy_manager_v1", 3, new id [unknown]#5)
[18:25:16.106436] zwlr_screencopy_manager_v1#5.capture_output(new id zwlr_screencopy_frame_v1#9, 0, wl_output#8)
[18:25:16.106454]  -> zwlr_screencopy_frame_v1#9.buffer(1, 1920, 1080, 7680)
[18:25:16.106458]  -> zwlr_screencopy_frame_v1#9.buffer_done()
[18:25:16.106565] zwlr_screencopy_frame_v1#9.copy(wl_buffer#11)
[18:25:16.112165]  -> zwlr_screencopy_frame_v1#9.flags(0)
[18:25:16.112192]  -> zwlr_screencopy_frame_v1#9.ready(0, 269900, 83350332)
[18:25:16.131954] zwlr_screencopy_frame_v1#9.destroy()
[18:25:16.424400]  -> wl_registry#2.global(28, "zwlr_screencopy_manager_v1", 3)
[18:25:16.424414]  -> wl_registry#2.global(29, "ext_image_copy_capture_manager_v1", 1)
[18:25:16.424418]  -> wl_registry#2.global(30, "ext_output_image_capture_source_manager_v1", 1)
[18:25:16.424449]  -> wl_registry#2.global(38, "ext_foreign_toplevel_image_capture_source_manager_v1", 1)
[18:25:16.424748] wl_registry#2.bind(28, "zwlr_screencopy_manager_v1", 3, new id [unknown]#5)
[18:25:16.460396]  -> wl_registry#2.global(28, "zwlr_screencopy_manager_v1", 3)
[18:25:16.460399]  -> wl_registry#2.global(29, "ext_image_copy_capture_manager_v1", 1)
[18:25:16.460401]  -> wl_registry#2.global(30, "ext_output_image_capture_source_manager_v1", 1)
[18:25:16.460432]  -> wl_registry#2.global(38, "ext_foreign_toplevel_image_capture_source_manager_v1", 1)
[18:25:16.460612] wl_registry#2.bind(28, "zwlr_screencopy_manager_v1", 3, new id [unknown]#5)
[18:25:16.460700] zwlr_screencopy_manager_v1#5.capture_output(new id zwlr_screencopy_frame_v1#9, 0, wl_output#8)
[18:25:16.460712]  -> zwlr_screencopy_frame_v1#9.buffer(1, 1920, 1080, 7680)
[18:25:16.460714]  -> zwlr_screencopy_frame_v1#9.buffer_done()
[18:25:16.460779] zwlr_screencopy_frame_v1#9.copy(wl_buffer#11)
[18:25:16.466917]  -> zwlr_screencopy_frame_v1#9.flags(0)
[18:25:16.466953]  -> zwlr_screencopy_frame_v1#9.ready(0, 269900, 437557050)
[18:25:16.488303] zwlr_screencopy_frame_v1#9.destroy()
[18:25:16.842360]  -> wl_registry#2.global(28, "zwlr_screencopy_manager_v1", 3)
[18:25:16.842364]  -> wl_registry#2.global(29, "ext_image_copy_capture_manager_v1", 1)
[18:25:16.842367]  -> wl_registry#2.global(30, "ext_output_image_capture_source_manager_v1", 1)
[18:25:16.842422]  -> wl_registry#2.global(38, "ext_foreign_toplevel_image_capture_source_manager_v1", 1)
[18:25:16.842783] wl_registry#2.bind(28, "zwlr_screencopy_manager_v1", 3, new id [unknown]#5)
[18:25:16.865762]  -> wl_registry#2.global(28, "zwlr_screencopy_manager_v1", 3)
[18:25:16.865764]  -> wl_registry#2.global(29, "ext_image_copy_capture_manager_v1", 1)
[18:25:16.865766]  -> wl_registry#2.global(30, "ext_output_image_capture_source_manager_v1", 1)
[18:25:16.865785]  -> wl_registry#2.global(38, "ext_foreign_toplevel_image_capture_source_manager_v1", 1)
[18:25:16.866018] wl_registry#2.bind(28, "zwlr_screencopy_manager_v1", 3, new id [unknown]#5)
[18:25:16.866137] zwlr_screencopy_manager_v1#5.capture_output(new id zwlr_screencopy_frame_v1#9, 0, wl_output#8)
[18:25:16.866153]  -> zwlr_screencopy_frame_v1#9.buffer(1, 1920, 1080, 7680)
[18:25:16.866156]  -> zwlr_screencopy_frame_v1#9.buffer_done()
[18:25:16.866259] zwlr_screencopy_frame_v1#9.copy(wl_buffer#11)
[18:25:16.872386]  -> zwlr_screencopy_frame_v1#9.flags(0)
[18:25:16.872489]  -> zwlr_screencopy_frame_v1#9.ready(0, 269900, 843055619)
[18:25:16.894102] zwlr_screencopy_frame_v1#9.destroy()
[18:25:17.208587]  -> wl_registry#2.global(28, "zwlr_screencopy_manager_v1", 3)
[18:25:17.208590]  -> wl_registry#2.global(29, "ext_image_copy_capture_manager_v1", 1)
[18:25:17.208593]  -> wl_registry#2.global(30, "ext_output_image_capture_source_manager_v1", 1)
[18:25:17.208626]  -> wl_registry#2.global(38, "ext_foreign_toplevel_image_capture_source_manager_v1", 1)
[18:25:17.208883] wl_registry#2.bind(28, "zwlr_screencopy_manager_v1", 3, new id [unknown]#5)
[18:25:17.361276]  -> wl_registry#2.global(28, "zwlr_screencopy_manager_v1", 3)
[18:25:17.361279]  -> wl_registry#2.global(29, "ext_image_copy_capture_manager_v1", 1)
[18:25:17.361283]  -> wl_registry#2.global(30, "ext_output_image_capture_source_manager_v1", 1)
[18:25:17.361314]  -> wl_registry#2.global(38, "ext_foreign_toplevel_image_capture_source_manager_v1", 1)
[18:25:17.361686] wl_registry#2.bind(28, "zwlr_screencopy_manager_v1", 3, new id [unknown]#5)
