[2026-10-03T11:55:54.083Z] chunk R2-07d-Q3 mode=exclusive live=0 loadavg=2.61 4.34 4.32
[r2-07d] xdpyinfo probe ok DISPLAY=:100
[r2-07c] display=:100 xdg_runtime_private=yes key=absent loadavg=1.89 3.63 4.07
[2m2026-10-03T11:57:35.246924Z[0m [33m WARN[0m [2mcua_driver_sdk::runtime[0m[2m:[0m could not activate the persistent AT-SPI listener: AT-SPI connect failed: ZBus Error: MethodError(OwnedErrorName("org.freedesktop.DBus.Error.NameHasNoOwner"), Some("Could not activate remote peer 'org.a11y.atspi.Registry': unit failed"), Msg { type: Error, serial: 4294967295, sender: UniqueName("org.freedesktop.DBus"), reply-serial: 10, body: Str, fds: [] })
[2m2026-10-03T11:57:35.255156Z[0m [33m WARN[0m [2mplatform_linux::overlay[0m[2m:[0m X11 overlay: root reads cannot see this window's own pixels; save-unders will be served without readback confirmation
fusermount3: mount failed: Operation not permitted
fusermount3: mount failed: Operation not permitted

(/usr/lib/xdg-desktop-portal:2966896): xdg-desktop-portal-WARNING **: 06:57:36.282: Document portal fuse mount point unknown: GDBus.Error:org.freedesktop.DBus.Error.ServiceUnknown: The name :1.11 was not provided by any .service files

(/usr/lib/xdg-desktop-portal:2966896): xdg-desktop-portal-WARNING **: 06:57:36.282: Choosing gtk.portal for org.freedesktop.impl.portal.Lockdown as a last-resort fallback

** (xdg-desktop-portal-gtk:2966918): WARNING **: 06:57:36.307: AT-SPI: Could not obtain desktop path or name


(/usr/lib/xdg-desktop-portal:2966896): xdg-desktop-portal-WARNING **: 06:57:36.308: Choosing gtk.portal for org.freedesktop.impl.portal.Access as a last-resort fallback

** (xdg-desktop-portal-gtk:2966918): WARNING **: 06:57:36.309: atk-bridge: GetRegisteredEvents returned message with unknown signature

** (xdg-desktop-portal-gtk:2966918): WARNING **: 06:57:36.309: atk-bridge: get_device_events_reply: unknown signature

(/usr/lib/xdg-desktop-portal:2966896): xdg-desktop-portal-WARNING **: 06:57:36.318: Choosing gtk.portal for org.freedesktop.impl.portal.Settings as a last-resort fallback

(/usr/lib/xdg-desktop-portal:2966896): xdg-desktop-portal-WARNING **: 06:57:36.318: Choosing gtk.portal for org.freedesktop.impl.portal.FileChooser as a last-resort fallback

(/usr/lib/xdg-desktop-portal:2966896): xdg-desktop-portal-WARNING **: 06:57:36.319: Choosing gtk.portal for org.freedesktop.impl.portal.AppChooser as a last-resort fallback

(/usr/lib/xdg-desktop-portal:2966896): xdg-desktop-portal-WARNING **: 06:57:36.319: Choosing gtk.portal for org.freedesktop.impl.portal.Print as a last-resort fallback

(/usr/lib/xdg-desktop-portal:2966896): xdg-desktop-portal-WARNING **: 06:57:36.319: Choosing gtk.portal for org.freedesktop.impl.portal.Notification as a last-resort fallback

(/usr/lib/xdg-desktop-portal:2966896): xdg-desktop-portal-WARNING **: 06:57:36.320: Choosing gtk.portal for org.freedesktop.impl.portal.Inhibit as a last-resort fallback

(/usr/lib/xdg-desktop-portal:2966896): xdg-desktop-portal-WARNING **: 06:57:36.321: Failed to connect to PipeWire: Couldn't connect to PipeWire

(/usr/lib/xdg-desktop-portal:2966896): xdg-desktop-portal-WARNING **: 06:57:36.321: Choosing gtk.portal for org.freedesktop.impl.portal.Account as a last-resort fallback

(/usr/lib/xdg-desktop-portal:2966896): xdg-desktop-portal-WARNING **: 06:57:36.322: Choosing gtk.portal for org.freedesktop.impl.portal.Email as a last-resort fallback

(/usr/lib/xdg-desktop-portal:2966896): xdg-desktop-portal-WARNING **: 06:57:36.322: Choosing gtk.portal for org.freedesktop.impl.portal.DynamicLauncher as a last-resort fallback
[2m2026-10-03T11:57:36.821557Z[0m [33m WARN[0m [2mcua_driver_sdk::runtime[0m[2m:[0m could not activate the persistent AT-SPI listener: AT-SPI connect failed: ZBus Error: MethodError(OwnedErrorName("org.freedesktop.DBus.Error.NameHasNoOwner"), Some("Could not activate remote peer 'org.a11y.atspi.Registry': unit failed"), Msg { type: Error, serial: 4294967295, sender: UniqueName("org.freedesktop.DBus"), reply-serial: 9, body: Str, fds: [] })
[2m2026-10-03T11:57:36.828790Z[0m [33m WARN[0m [2mplatform_linux::overlay[0m[2m:[0m X11 overlay: root reads cannot see this window's own pixels; save-unders will be served without readback confirmation
{"trial": "Q000-toggle-COMP_CR-train-r-1-admission", "kind": "admission", "outcome": "verified", "routine_outcome": "verified", "oracle_exact_match": true, "completion_mutations": 1, "routes": ["compiled"], "error": null, "la": "1.89", "dec": 0, "prov": {"attempts": 0, "reached": 0}}
{"trial": "Q000-toggle-COMP_CR-train-r-1", "kind": "train", "outcome": "verified", "routine_outcome": null, "oracle_exact_match": true, "completion_mutations": 1, "routes": ["provider", "provider"], "error": null, "la": "1.89", "dec": 2, "prov": {"attempts": 0, "reached": 0}}
[2m2026-10-03T11:57:38.434402Z[0m [33m WARN[0m [2mcua_driver_sdk::runtime[0m[2m:[0m could not activate the persistent AT-SPI listener: AT-SPI connect failed: ZBus Error: MethodError(OwnedErrorName("org.freedesktop.DBus.Error.NameHasNoOwner"), Some("Could not activate remote peer 'org.a11y.atspi.Registry': unit failed"), Msg { type: Error, serial: 4294967295, sender: UniqueName("org.freedesktop.DBus"), reply-serial: 9, body: Str, fds: [] })
[2m2026-10-03T11:57:38.441169Z[0m [33m WARN[0m [2mplatform_linux::overlay[0m[2m:[0m X11 overlay: root reads cannot see this window's own pixels; save-unders will be served without readback confirmation
[2m2026-10-03T11:57:39.399908Z[0m [33m WARN[0m [2mcua_driver_sdk::runtime[0m[2m:[0m could not activate the persistent AT-SPI listener: AT-SPI connect failed: ZBus Error: MethodError(OwnedErrorName("org.freedesktop.DBus.Error.NameHasNoOwner"), Some("Could not activate remote peer 'org.a11y.atspi.Registry': unit failed"), Msg { type: Error, serial: 4294967295, sender: UniqueName("org.freedesktop.DBus"), reply-serial: 9, body: Str, fds: [] })
[2m2026-10-03T11:57:39.406651Z[0m [33m WARN[0m [2mplatform_linux::overlay[0m[2m:[0m X11 overlay: root reads cannot see this window's own pixels; save-unders will be served without readback confirmation
{"trial": "Q001-modal-COMP_CR-train-r-1-admission", "kind": "admission", "outcome": "verified", "routine_outcome": "verified", "oracle_exact_match": true, "completion_mutations": 1, "routes": ["compiled"], "error": null, "la": "1.82", "dec": 0, "prov": {"attempts": 0, "reached": 0}}
{"trial": "Q001-modal-COMP_CR-train-r-1", "kind": "train", "outcome": "verified", "routine_outcome": null, "oracle_exact_match": true, "completion_mutations": 1, "routes": ["provider", "provider"], "error": null, "la": "1.82", "dec": 2, "prov": {"attempts": 0, "reached": 0}}
[2m2026-10-03T11:57:40.511488Z[0m [33m WARN[0m [2mcua_driver_sdk::runtime[0m[2m:[0m could not activate the persistent AT-SPI listener: AT-SPI connect failed: ZBus Error: MethodError(OwnedErrorName("org.freedesktop.DBus.Error.NameHasNoOwner"), Some("Could not activate remote peer 'org.a11y.atspi.Registry': unit failed"), Msg { type: Error, serial: 4294967295, sender: UniqueName("org.freedesktop.DBus"), reply-serial: 9, body: Str, fds: [] })
[2m2026-10-03T11:57:40.519368Z[0m [33m WARN[0m [2mplatform_linux::overlay[0m[2m:[0m X11 overlay: root reads cannot see this window's own pixels; save-unders will be served without readback confirmation
{"trial": "Q002-toggle-COMP-measured-r00", "mode": "step", "outcome": "verified", "oracle_exact_match": true, "completion_mutations": 1, "routes": ["provider", "provider"], "error": null, "la": "1.82", "prov": {"attempts": 0, "reached": 0}}
[2m2026-10-03T11:57:41.597453Z[0m [33m WARN[0m [2mcua_driver_sdk::runtime[0m[2m:[0m could not activate the persistent AT-SPI listener: AT-SPI connect failed: ZBus Error: MethodError(OwnedErrorName("org.freedesktop.DBus.Error.NameHasNoOwner"), Some("Could not activate remote peer 'org.a11y.atspi.Registry': unit failed"), Msg { type: Error, serial: 4294967295, sender: UniqueName("org.freedesktop.DBus"), reply-serial: 9, body: Str, fds: [] })
[2m2026-10-03T11:57:41.604927Z[0m [33m WARN[0m [2mplatform_linux::overlay[0m[2m:[0m X11 overlay: root reads cannot see this window's own pixels; save-unders will be served without readback confirmation
{"trial": "Q003-toggle-COMP_CR-warm-r00", "kind": "warm", "outcome": "verified", "routine_outcome": "verified", "oracle_exact_match": true, "completion_mutations": 1, "routes": ["compiled"], "error": null, "la": "1.82", "dec": 0, "prov": {"attempts": 0, "reached": 0}}
[2m2026-10-03T11:57:42.695928Z[0m [33m WARN[0m [2mcua_driver_sdk::runtime[0m[2m:[0m could not activate the persistent AT-SPI listener: AT-SPI connect failed: ZBus Error: MethodError(OwnedErrorName("org.freedesktop.DBus.Error.NameHasNoOwner"), Some("Could not activate remote peer 'org.a11y.atspi.Registry': unit failed"), Msg { type: Error, serial: 4294967295, sender: UniqueName("org.freedesktop.DBus"), reply-serial: 9, body: Str, fds: [] })
[2m2026-10-03T11:57:42.702674Z[0m [33m WARN[0m [2mplatform_linux::overlay[0m[2m:[0m X11 overlay: root reads cannot see this window's own pixels; save-unders will be served without readback confirmation
{"trial": "Q004-modal-COMP-measured-r00", "mode": "step", "outcome": "verified", "oracle_exact_match": true, "completion_mutations": 1, "routes": ["provider", "provider"], "error": null, "la": "1.82", "prov": {"attempts": 0, "reached": 0}}
[2m2026-10-03T11:57:43.793494Z[0m [33m WARN[0m [2mcua_driver_sdk::runtime[0m[2m:[0m could not activate the persistent AT-SPI listener: AT-SPI connect failed: ZBus Error: MethodError(OwnedErrorName("org.freedesktop.DBus.Error.NameHasNoOwner"), Some("Could not activate remote peer 'org.a11y.atspi.Registry': unit failed"), Msg { type: Error, serial: 4294967295, sender: UniqueName("org.freedesktop.DBus"), reply-serial: 9, body: Str, fds: [] })
[2m2026-10-03T11:57:43.803253Z[0m [33m WARN[0m [2mplatform_linux::overlay[0m[2m:[0m X11 overlay: root reads cannot see this window's own pixels; save-unders will be served without readback confirmation
{"trial": "Q005-modal-COMP_CR-warm-r00", "kind": "warm", "outcome": "verified", "routine_outcome": "verified", "oracle_exact_match": true, "completion_mutations": 1, "routes": ["compiled"], "error": null, "la": "1.99", "dec": 0, "prov": {"attempts": 0, "reached": 0}}
[2m2026-10-03T11:57:45.426631Z[0m [33m WARN[0m [2mcua_driver_sdk::runtime[0m[2m:[0m could not activate the persistent AT-SPI listener: AT-SPI connect failed: ZBus Error: MethodError(OwnedErrorName("org.freedesktop.DBus.Error.NameHasNoOwner"), Some("Could not activate remote peer 'org.a11y.atspi.Registry': unit failed"), Msg { type: Error, serial: 4294967295, sender: UniqueName("org.freedesktop.DBus"), reply-serial: 9, body: Str, fds: [] })
[2m2026-10-03T11:57:45.435374Z[0m [33m WARN[0m [2mplatform_linux::overlay[0m[2m:[0m X11 overlay: root reads cannot see this window's own pixels; save-unders will be served without readback confirmation
{"trial": "Q006-toggle-COMP_CR-warm-r01", "kind": "warm", "outcome": "verified", "routine_outcome": "verified", "oracle_exact_match": true, "completion_mutations": 1, "routes": ["compiled"], "error": null, "la": "1.99", "dec": 0, "prov": {"attempts": 0, "reached": 0}}
[2m2026-10-03T11:57:46.538083Z[0m [33m WARN[0m [2mcua_driver_sdk::runtime[0m[2m:[0m could not activate the persistent AT-SPI listener: AT-SPI connect failed: ZBus Error: MethodError(OwnedErrorName("org.freedesktop.DBus.Error.NameHasNoOwner"), Some("Could not activate remote peer 'org.a11y.atspi.Registry': unit failed"), Msg { type: Error, serial: 4294967295, sender: UniqueName("org.freedesktop.DBus"), reply-serial: 9, body: Str, fds: [] })
[2m2026-10-03T11:57:46.545388Z[0m [33m WARN[0m [2mplatform_linux::overlay[0m[2m:[0m X11 overlay: root reads cannot see this window's own pixels; save-unders will be served without readback confirmation
{"trial": "Q007-toggle-COMP-measured-r01", "mode": "step", "outcome": "verified", "oracle_exact_match": true, "completion_mutations": 1, "routes": ["provider", "provider"], "error": null, "la": "1.99", "prov": {"attempts": 0, "reached": 0}}
[2m2026-10-03T11:57:47.623875Z[0m [33m WARN[0m [2mcua_driver_sdk::runtime[0m[2m:[0m could not activate the persistent AT-SPI listener: AT-SPI connect failed: ZBus Error: MethodError(OwnedErrorName("org.freedesktop.DBus.Error.NameHasNoOwner"), Some("Could not activate remote peer 'org.a11y.atspi.Registry': unit failed"), Msg { type: Error, serial: 4294967295, sender: UniqueName("org.freedesktop.DBus"), reply-serial: 9, body: Str, fds: [] })
[2m2026-10-03T11:57:47.631114Z[0m [33m WARN[0m [2mplatform_linux::overlay[0m[2m:[0m X11 overlay: root reads cannot see this window's own pixels; save-unders will be served without readback confirmation
{"trial": "Q008-modal-COMP_CR-warm-r01", "kind": "warm", "outcome": "verified", "routine_outcome": "verified", "oracle_exact_match": true, "completion_mutations": 1, "routes": ["compiled"], "error": null, "la": "1.99", "dec": 0, "prov": {"attempts": 0, "reached": 0}}
[2m2026-10-03T11:57:48.714846Z[0m [33m WARN[0m [2mcua_driver_sdk::runtime[0m[2m:[0m could not activate the persistent AT-SPI listener: AT-SPI connect failed: ZBus Error: MethodError(OwnedErrorName("org.freedesktop.DBus.Error.NameHasNoOwner"), Some("Could not activate remote peer 'org.a11y.atspi.Registry': unit failed"), Msg { type: Error, serial: 4294967295, sender: UniqueName("org.freedesktop.DBus"), reply-serial: 9, body: Str, fds: [] })
[2m2026-10-03T11:57:48.721755Z[0m [33m WARN[0m [2mplatform_linux::overlay[0m[2m:[0m X11 overlay: root reads cannot see this window's own pixels; save-unders will be served without readback confirmation
{"trial": "Q009-modal-COMP-measured-r01", "mode": "step", "outcome": "verified", "oracle_exact_match": true, "completion_mutations": 1, "routes": ["provider", "provider"], "error": null, "la": "2.15", "prov": {"attempts": 0, "reached": 0}}
[2m2026-10-03T11:57:49.811505Z[0m [33m WARN[0m [2mcua_driver_sdk::runtime[0m[2m:[0m could not activate the persistent AT-SPI listener: AT-SPI connect failed: ZBus Error: MethodError(OwnedErrorName("org.freedesktop.DBus.Error.NameHasNoOwner"), Some("Could not activate remote peer 'org.a11y.atspi.Registry': unit failed"), Msg { type: Error, serial: 4294967295, sender: UniqueName("org.freedesktop.DBus"), reply-serial: 9, body: Str, fds: [] })
[2m2026-10-03T11:57:49.818754Z[0m [33m WARN[0m [2mplatform_linux::overlay[0m[2m:[0m X11 overlay: root reads cannot see this window's own pixels; save-unders will be served without readback confirmation
{"trial": "Q010-modal-COMP-measured-r02", "mode": "step", "outcome": "verified", "oracle_exact_match": true, "completion_mutations": 1, "routes": ["provider", "provider"], "error": null, "la": "2.15", "prov": {"attempts": 0, "reached": 0}}
[2m2026-10-03T11:57:50.942167Z[0m [33m WARN[0m [2mcua_driver_sdk::runtime[0m[2m:[0m could not activate the persistent AT-SPI listener: AT-SPI connect failed: ZBus Error: MethodError(OwnedErrorName("org.freedesktop.DBus.Error.NameHasNoOwner"), Some("Could not activate remote peer 'org.a11y.atspi.Registry': unit failed"), Msg { type: Error, serial: 4294967295, sender: UniqueName("org.freedesktop.DBus"), reply-serial: 9, body: Str, fds: [] })
[2m2026-10-03T11:57:50.949728Z[0m [33m WARN[0m [2mplatform_linux::overlay[0m[2m:[0m X11 overlay: root reads cannot see this window's own pixels; save-unders will be served without readback confirmation
{"trial": "Q011-modal-COMP_CR-warm-r02", "kind": "warm", "outcome": "verified", "routine_outcome": "verified", "oracle_exact_match": true, "completion_mutations": 1, "routes": ["compiled"], "error": null, "la": "2.15", "dec": 0, "prov": {"attempts": 0, "reached": 0}}
[2m2026-10-03T11:57:52.029355Z[0m [33m WARN[0m [2mcua_driver_sdk::runtime[0m[2m:[0m could not activate the persistent AT-SPI listener: AT-SPI connect failed: ZBus Error: MethodError(OwnedErrorName("org.freedesktop.DBus.Error.NameHasNoOwner"), Some("Could not activate remote peer 'org.a11y.atspi.Registry': unit failed"), Msg { type: Error, serial: 4294967295, sender: UniqueName("org.freedesktop.DBus"), reply-serial: 9, body: Str, fds: [] })
[2m2026-10-03T11:57:52.037480Z[0m [33m WARN[0m [2mplatform_linux::overlay[0m[2m:[0m X11 overlay: root reads cannot see this window's own pixels; save-unders will be served without readback confirmation
{"trial": "Q012-toggle-COMP-measured-r02", "mode": "step", "outcome": "verified", "oracle_exact_match": true, "completion_mutations": 1, "routes": ["provider", "provider"], "error": null, "la": "2.15", "prov": {"attempts": 0, "reached": 0}}
[2m2026-10-03T11:57:53.124972Z[0m [33m WARN[0m [2mcua_driver_sdk::runtime[0m[2m:[0m could not activate the persistent AT-SPI listener: AT-SPI connect failed: ZBus Error: MethodError(OwnedErrorName("org.freedesktop.DBus.Error.NameHasNoOwner"), Some("Could not activate remote peer 'org.a11y.atspi.Registry': unit failed"), Msg { type: Error, serial: 4294967295, sender: UniqueName("org.freedesktop.DBus"), reply-serial: 9, body: Str, fds: [] })
[2m2026-10-03T11:57:53.131902Z[0m [33m WARN[0m [2mplatform_linux::overlay[0m[2m:[0m X11 overlay: root reads cannot see this window's own pixels; save-unders will be served without readback confirmation
{"trial": "Q013-toggle-COMP_CR-warm-r02", "kind": "warm", "outcome": "verified", "routine_outcome": "verified", "oracle_exact_match": true, "completion_mutations": 1, "routes": ["compiled"], "error": null, "la": "2.06", "dec": 0, "prov": {"attempts": 0, "reached": 0}}
[2m2026-10-03T11:57:54.214056Z[0m [33m WARN[0m [2mcua_driver_sdk::runtime[0m[2m:[0m could not activate the persistent AT-SPI listener: AT-SPI connect failed: ZBus Error: MethodError(OwnedErrorName("org.freedesktop.DBus.Error.NameHasNoOwner"), Some("Could not activate remote peer 'org.a11y.atspi.Registry': unit failed"), Msg { type: Error, serial: 4294967295, sender: UniqueName("org.freedesktop.DBus"), reply-serial: 9, body: Str, fds: [] })
[2m2026-10-03T11:57:54.221030Z[0m [33m WARN[0m [2mplatform_linux::overlay[0m[2m:[0m X11 overlay: root reads cannot see this window's own pixels; save-unders will be served without readback confirmation
{"trial": "Q014-modal-COMP_CR-warm-r03", "kind": "warm", "outcome": "verified", "routine_outcome": "verified", "oracle_exact_match": true, "completion_mutations": 1, "routes": ["compiled"], "error": null, "la": "2.06", "dec": 0, "prov": {"attempts": 0, "reached": 0}}
[2m2026-10-03T11:57:55.306151Z[0m [33m WARN[0m [2mcua_driver_sdk::runtime[0m[2m:[0m could not activate the persistent AT-SPI listener: AT-SPI connect failed: ZBus Error: MethodError(OwnedErrorName("org.freedesktop.DBus.Error.NameHasNoOwner"), Some("Could not activate remote peer 'org.a11y.atspi.Registry': unit failed"), Msg { type: Error, serial: 4294967295, sender: UniqueName("org.freedesktop.DBus"), reply-serial: 9, body: Str, fds: [] })
[2m2026-10-03T11:57:55.313654Z[0m [33m WARN[0m [2mplatform_linux::overlay[0m[2m:[0m X11 overlay: root reads cannot see this window's own pixels; save-unders will be served without readback confirmation
{"trial": "Q015-modal-COMP-measured-r03", "mode": "step", "outcome": "verified", "oracle_exact_match": true, "completion_mutations": 1, "routes": ["provider", "provider"], "error": null, "la": "2.06", "prov": {"attempts": 0, "reached": 0}}
[2m2026-10-03T11:57:57.136673Z[0m [33m WARN[0m [2mcua_driver_sdk::runtime[0m[2m:[0m could not activate the persistent AT-SPI listener: AT-SPI connect failed: ZBus Error: MethodError(OwnedErrorName("org.freedesktop.DBus.Error.NameHasNoOwner"), Some("Could not activate remote peer 'org.a11y.atspi.Registry': unit failed"), Msg { type: Error, serial: 4294967295, sender: UniqueName("org.freedesktop.DBus"), reply-serial: 9, body: Str, fds: [] })
[2m2026-10-03T11:57:57.143650Z[0m [33m WARN[0m [2mplatform_linux::overlay[0m[2m:[0m X11 overlay: root reads cannot see this window's own pixels; save-unders will be served without readback confirmation
{"trial": "Q016-toggle-COMP_CR-warm-r03", "kind": "warm", "outcome": "verified", "routine_outcome": "verified", "oracle_exact_match": true, "completion_mutations": 1, "routes": ["compiled"], "error": null, "la": "2.06", "dec": 0, "prov": {"attempts": 0, "reached": 0}}
[2m2026-10-03T11:57:58.232659Z[0m [33m WARN[0m [2mcua_driver_sdk::runtime[0m[2m:[0m could not activate the persistent AT-SPI listener: AT-SPI connect failed: ZBus Error: MethodError(OwnedErrorName("org.freedesktop.DBus.Error.NameHasNoOwner"), Some("Could not activate remote peer 'org.a11y.atspi.Registry': unit failed"), Msg { type: Error, serial: 4294967295, sender: UniqueName("org.freedesktop.DBus"), reply-serial: 9, body: Str, fds: [] })
[2m2026-10-03T11:57:58.239549Z[0m [33m WARN[0m [2mplatform_linux::overlay[0m[2m:[0m X11 overlay: root reads cannot see this window's own pixels; save-unders will be served without readback confirmation
{"trial": "Q017-toggle-COMP-measured-r03", "mode": "step", "outcome": "verified", "oracle_exact_match": true, "completion_mutations": 1, "routes": ["provider", "provider"], "error": null, "la": "2.38", "prov": {"attempts": 0, "reached": 0}}
[2m2026-10-03T11:57:59.319381Z[0m [33m WARN[0m [2mcua_driver_sdk::runtime[0m[2m:[0m could not activate the persistent AT-SPI listener: AT-SPI connect failed: ZBus Error: MethodError(OwnedErrorName("org.freedesktop.DBus.Error.NameHasNoOwner"), Some("Could not activate remote peer 'org.a11y.atspi.Registry': unit failed"), Msg { type: Error, serial: 4294967295, sender: UniqueName("org.freedesktop.DBus"), reply-serial: 9, body: Str, fds: [] })
[2m2026-10-03T11:57:59.328048Z[0m [33m WARN[0m [2mplatform_linux::overlay[0m[2m:[0m X11 overlay: root reads cannot see this window's own pixels; save-unders will be served without readback confirmation
{"trial": "Q018-toggle-COMP-measured-r04", "mode": "step", "outcome": "verified", "oracle_exact_match": true, "completion_mutations": 1, "routes": ["provider", "provider"], "error": null, "la": "2.38", "prov": {"attempts": 0, "reached": 0}}
[2m2026-10-03T11:58:00.408263Z[0m [33m WARN[0m [2mcua_driver_sdk::runtime[0m[2m:[0m could not activate the persistent AT-SPI listener: AT-SPI connect failed: ZBus Error: MethodError(OwnedErrorName("org.freedesktop.DBus.Error.NameHasNoOwner"), Some("Could not activate remote peer 'org.a11y.atspi.Registry': unit failed"), Msg { type: Error, serial: 4294967295, sender: UniqueName("org.freedesktop.DBus"), reply-serial: 9, body: Str, fds: [] })
[2m2026-10-03T11:58:00.415165Z[0m [33m WARN[0m [2mplatform_linux::overlay[0m[2m:[0m X11 overlay: root reads cannot see this window's own pixels; save-unders will be served without readback confirmation
{"trial": "Q019-toggle-COMP_CR-warm-r04", "kind": "warm", "outcome": "verified", "routine_outcome": "verified", "oracle_exact_match": true, "completion_mutations": 1, "routes": ["compiled"], "error": null, "la": "2.38", "dec": 0, "prov": {"attempts": 0, "reached": 0}}
[2m2026-10-03T11:58:01.511151Z[0m [33m WARN[0m [2mcua_driver_sdk::runtime[0m[2m:[0m could not activate the persistent AT-SPI listener: AT-SPI connect failed: ZBus Error: MethodError(OwnedErrorName("org.freedesktop.DBus.Error.NameHasNoOwner"), Some("Could not activate remote peer 'org.a11y.atspi.Registry': unit failed"), Msg { type: Error, serial: 4294967295, sender: UniqueName("org.freedesktop.DBus"), reply-serial: 9, body: Str, fds: [] })
[2m2026-10-03T11:58:01.518337Z[0m [33m WARN[0m [2mplatform_linux::overlay[0m[2m:[0m X11 overlay: root reads cannot see this window's own pixels; save-unders will be served without readback confirmation
{"trial": "Q020-modal-COMP-measured-r04", "mode": "step", "outcome": "verified", "oracle_exact_match": true, "completion_mutations": 1, "routes": ["provider", "provider"], "error": null, "la": "2.38", "prov": {"attempts": 0, "reached": 0}}
[2m2026-10-03T11:58:02.608018Z[0m [33m WARN[0m [2mcua_driver_sdk::runtime[0m[2m:[0m could not activate the persistent AT-SPI listener: AT-SPI connect failed: ZBus Error: MethodError(OwnedErrorName("org.freedesktop.DBus.Error.NameHasNoOwner"), Some("Could not activate remote peer 'org.a11y.atspi.Registry': unit failed"), Msg { type: Error, serial: 4294967295, sender: UniqueName("org.freedesktop.DBus"), reply-serial: 9, body: Str, fds: [] })
[2m2026-10-03T11:58:02.615165Z[0m [33m WARN[0m [2mplatform_linux::overlay[0m[2m:[0m X11 overlay: root reads cannot see this window's own pixels; save-unders will be served without readback confirmation
{"trial": "Q021-modal-COMP_CR-warm-r04", "kind": "warm", "outcome": "verified", "routine_outcome": "verified", "oracle_exact_match": true, "completion_mutations": 1, "routes": ["compiled"], "error": null, "la": "2.38", "dec": 0, "prov": {"attempts": 0, "reached": 0}}
[2m2026-10-03T11:58:03.706086Z[0m [33m WARN[0m [2mcua_driver_sdk::runtime[0m[2m:[0m could not activate the persistent AT-SPI listener: AT-SPI connect failed: ZBus Error: MethodError(OwnedErrorName("org.freedesktop.DBus.Error.NameHasNoOwner"), Some("Could not activate remote peer 'org.a11y.atspi.Registry': unit failed"), Msg { type: Error, serial: 4294967295, sender: UniqueName("org.freedesktop.DBus"), reply-serial: 9, body: Str, fds: [] })
[2m2026-10-03T11:58:03.713539Z[0m [33m WARN[0m [2mplatform_linux::overlay[0m[2m:[0m X11 overlay: root reads cannot see this window's own pixels; save-unders will be served without readback confirmation
{"trial": "Q022-toggle-COMP_CR-warm-r05", "kind": "warm", "outcome": "verified", "routine_outcome": "verified", "oracle_exact_match": true, "completion_mutations": 1, "routes": ["compiled"], "error": null, "la": "2.35", "dec": 0, "prov": {"attempts": 0, "reached": 0}}
[2m2026-10-03T11:58:04.796438Z[0m [33m WARN[0m [2mcua_driver_sdk::runtime[0m[2m:[0m could not activate the persistent AT-SPI listener: AT-SPI connect failed: ZBus Error: MethodError(OwnedErrorName("org.freedesktop.DBus.Error.NameHasNoOwner"), Some("Could not activate remote peer 'org.a11y.atspi.Registry': unit failed"), Msg { type: Error, serial: 4294967295, sender: UniqueName("org.freedesktop.DBus"), reply-serial: 9, body: Str, fds: [] })
[2m2026-10-03T11:58:04.803843Z[0m [33m WARN[0m [2mplatform_linux::overlay[0m[2m:[0m X11 overlay: root reads cannot see this window's own pixels; save-unders will be served without readback confirmation
{"trial": "Q023-toggle-COMP-measured-r05", "mode": "step", "outcome": "verified", "oracle_exact_match": true, "completion_mutations": 1, "routes": ["provider", "provider"], "error": null, "la": "2.35", "prov": {"attempts": 0, "reached": 0}}
[2m2026-10-03T11:58:05.898576Z[0m [33m WARN[0m [2mcua_driver_sdk::runtime[0m[2m:[0m could not activate the persistent AT-SPI listener: AT-SPI connect failed: ZBus Error: MethodError(OwnedErrorName("org.freedesktop.DBus.Error.NameHasNoOwner"), Some("Could not activate remote peer 'org.a11y.atspi.Registry': unit failed"), Msg { type: Error, serial: 4294967295, sender: UniqueName("org.freedesktop.DBus"), reply-serial: 9, body: Str, fds: [] })
[2m2026-10-03T11:58:05.906096Z[0m [33m WARN[0m [2mplatform_linux::overlay[0m[2m:[0m X11 overlay: root reads cannot see this window's own pixels; save-unders will be served without readback confirmation
{"trial": "Q024-modal-COMP_CR-warm-r05", "kind": "warm", "outcome": "verified", "routine_outcome": "verified", "oracle_exact_match": true, "completion_mutations": 1, "routes": ["compiled"], "error": null, "la": "2.35", "dec": 0, "prov": {"attempts": 0, "reached": 0}}
[2m2026-10-03T11:58:07.006121Z[0m [33m WARN[0m [2mcua_driver_sdk::runtime[0m[2m:[0m could not activate the persistent AT-SPI listener: AT-SPI connect failed: ZBus Error: MethodError(OwnedErrorName("org.freedesktop.DBus.Error.NameHasNoOwner"), Some("Could not activate remote peer 'org.a11y.atspi.Registry': unit failed"), Msg { type: Error, serial: 4294967295, sender: UniqueName("org.freedesktop.DBus"), reply-serial: 9, body: Str, fds: [] })
[2m2026-10-03T11:58:07.013355Z[0m [33m WARN[0m [2mplatform_linux::overlay[0m[2m:[0m X11 overlay: root reads cannot see this window's own pixels; save-unders will be served without readback confirmation
{"trial": "Q025-modal-COMP-measured-r05", "mode": "step", "outcome": "verified", "oracle_exact_match": true, "completion_mutations": 1, "routes": ["provider", "provider"], "error": null, "la": "2.35", "prov": {"attempts": 0, "reached": 0}}
[2m2026-10-03T11:58:08.658783Z[0m [33m WARN[0m [2mcua_driver_sdk::runtime[0m[2m:[0m could not activate the persistent AT-SPI listener: AT-SPI connect failed: ZBus Error: MethodError(OwnedErrorName("org.freedesktop.DBus.Error.NameHasNoOwner"), Some("Could not activate remote peer 'org.a11y.atspi.Registry': unit failed"), Msg { type: Error, serial: 4294967295, sender: UniqueName("org.freedesktop.DBus"), reply-serial: 9, body: Str, fds: [] })
[2m2026-10-03T11:58:08.666243Z[0m [33m WARN[0m [2mplatform_linux::overlay[0m[2m:[0m X11 overlay: root reads cannot see this window's own pixels; save-unders will be served without readback confirmation
{"trial": "Q026-modal-COMP-measured-r06", "mode": "step", "outcome": "verified", "oracle_exact_match": true, "completion_mutations": 1, "routes": ["provider", "provider"], "error": null, "la": "2.24", "prov": {"attempts": 0, "reached": 0}}
[2m2026-10-03T11:58:09.770010Z[0m [33m WARN[0m [2mcua_driver_sdk::runtime[0m[2m:[0m could not activate the persistent AT-SPI listener: AT-SPI connect failed: ZBus Error: MethodError(OwnedErrorName("org.freedesktop.DBus.Error.NameHasNoOwner"), Some("Could not activate remote peer 'org.a11y.atspi.Registry': unit failed"), Msg { type: Error, serial: 4294967295, sender: UniqueName("org.freedesktop.DBus"), reply-serial: 9, body: Str, fds: [] })
[2m2026-10-03T11:58:09.776743Z[0m [33m WARN[0m [2mplatform_linux::overlay[0m[2m:[0m X11 overlay: root reads cannot see this window's own pixels; save-unders will be served without readback confirmation
{"trial": "Q027-modal-COMP_CR-warm-r06", "kind": "warm", "outcome": "verified", "routine_outcome": "verified", "oracle_exact_match": true, "completion_mutations": 1, "routes": ["compiled"], "error": null, "la": "2.24", "dec": 0, "prov": {"attempts": 0, "reached": 0}}
[2m2026-10-03T11:58:10.866646Z[0m [33m WARN[0m [2mcua_driver_sdk::runtime[0m[2m:[0m could not activate the persistent AT-SPI listener: AT-SPI connect failed: ZBus Error: MethodError(OwnedErrorName("org.freedesktop.DBus.Error.NameHasNoOwner"), Some("Could not activate remote peer 'org.a11y.atspi.Registry': unit failed"), Msg { type: Error, serial: 4294967295, sender: UniqueName("org.freedesktop.DBus"), reply-serial: 9, body: Str, fds: [] })
[2m2026-10-03T11:58:10.874865Z[0m [33m WARN[0m [2mplatform_linux::overlay[0m[2m:[0m X11 overlay: root reads cannot see this window's own pixels; save-unders will be served without readback confirmation
{"trial": "Q028-toggle-COMP-measured-r06", "mode": "step", "outcome": "verified", "oracle_exact_match": true, "completion_mutations": 1, "routes": ["provider", "provider"], "error": null, "la": "2.24", "prov": {"attempts": 0, "reached": 0}}
[2m2026-10-03T11:58:11.972776Z[0m [33m WARN[0m [2mcua_driver_sdk::runtime[0m[2m:[0m could not activate the persistent AT-SPI listener: AT-SPI connect failed: ZBus Error: MethodError(OwnedErrorName("org.freedesktop.DBus.Error.NameHasNoOwner"), Some("Could not activate remote peer 'org.a11y.atspi.Registry': unit failed"), Msg { type: Error, serial: 4294967295, sender: UniqueName("org.freedesktop.DBus"), reply-serial: 9, body: Str, fds: [] })
[2m2026-10-03T11:58:11.979377Z[0m [33m WARN[0m [2mplatform_linux::overlay[0m[2m:[0m X11 overlay: root reads cannot see this window's own pixels; save-unders will be served without readback confirmation
{"trial": "Q029-toggle-COMP_CR-warm-r06", "kind": "warm", "outcome": "verified", "routine_outcome": "verified", "oracle_exact_match": true, "completion_mutations": 1, "routes": ["compiled"], "error": null, "la": "2.24", "dec": 0, "prov": {"attempts": 0, "reached": 0}}
[2m2026-10-03T11:58:13.070726Z[0m [33m WARN[0m [2mcua_driver_sdk::runtime[0m[2m:[0m could not activate the persistent AT-SPI listener: AT-SPI connect failed: ZBus Error: MethodError(OwnedErrorName("org.freedesktop.DBus.Error.NameHasNoOwner"), Some("Could not activate remote peer 'org.a11y.atspi.Registry': unit failed"), Msg { type: Error, serial: 4294967295, sender: UniqueName("org.freedesktop.DBus"), reply-serial: 9, body: Str, fds: [] })
[2m2026-10-03T11:58:13.079056Z[0m [33m WARN[0m [2mplatform_linux::overlay[0m[2m:[0m X11 overlay: root reads cannot see this window's own pixels; save-unders will be served without readback confirmation
{"trial": "Q030-modal-COMP_CR-warm-r07", "kind": "warm", "outcome": "verified", "routine_outcome": "verified", "oracle_exact_match": true, "completion_mutations": 1, "routes": ["compiled"], "error": null, "la": "2.14", "dec": 0, "prov": {"attempts": 0, "reached": 0}}
[2m2026-10-03T11:58:14.161902Z[0m [33m WARN[0m [2mcua_driver_sdk::runtime[0m[2m:[0m could not activate the persistent AT-SPI listener: AT-SPI connect failed: ZBus Error: MethodError(OwnedErrorName("org.freedesktop.DBus.Error.NameHasNoOwner"), Some("Could not activate remote peer 'org.a11y.atspi.Registry': unit failed"), Msg { type: Error, serial: 4294967295, sender: UniqueName("org.freedesktop.DBus"), reply-serial: 9, body: Str, fds: [] })
[2m2026-10-03T11:58:14.169945Z[0m [33m WARN[0m [2mplatform_linux::overlay[0m[2m:[0m X11 overlay: root reads cannot see this window's own pixels; save-unders will be served without readback confirmation
{"trial": "Q031-modal-COMP-measured-r07", "mode": "step", "outcome": "verified", "oracle_exact_match": true, "completion_mutations": 1, "routes": ["provider", "provider"], "error": null, "la": "2.14", "prov": {"attempts": 0, "reached": 0}}
[2m2026-10-03T11:58:15.252574Z[0m [33m WARN[0m [2mcua_driver_sdk::runtime[0m[2m:[0m could not activate the persistent AT-SPI listener: AT-SPI connect failed: ZBus Error: MethodError(OwnedErrorName("org.freedesktop.DBus.Error.NameHasNoOwner"), Some("Could not activate remote peer 'org.a11y.atspi.Registry': unit failed"), Msg { type: Error, serial: 4294967295, sender: UniqueName("org.freedesktop.DBus"), reply-serial: 9, body: Str, fds: [] })
[2m2026-10-03T11:58:15.259711Z[0m [33m WARN[0m [2mplatform_linux::overlay[0m[2m:[0m X11 overlay: root reads cannot see this window's own pixels; save-unders will be served without readback confirmation
{"trial": "Q032-toggle-COMP_CR-warm-r07", "kind": "warm", "outcome": "verified", "routine_outcome": "verified", "oracle_exact_match": true, "completion_mutations": 1, "routes": ["compiled"], "error": null, "la": "2.14", "dec": 0, "prov": {"attempts": 0, "reached": 0}}
[2m2026-10-03T11:58:16.344239Z[0m [33m WARN[0m [2mcua_driver_sdk::runtime[0m[2m:[0m could not activate the persistent AT-SPI listener: AT-SPI connect failed: ZBus Error: MethodError(OwnedErrorName("org.freedesktop.DBus.Error.NameHasNoOwner"), Some("Could not activate remote peer 'org.a11y.atspi.Registry': unit failed"), Msg { type: Error, serial: 4294967295, sender: UniqueName("org.freedesktop.DBus"), reply-serial: 9, body: Str, fds: [] })
[2m2026-10-03T11:58:16.350958Z[0m [33m WARN[0m [2mplatform_linux::overlay[0m[2m:[0m X11 overlay: root reads cannot see this window's own pixels; save-unders will be served without readback confirmation
{"trial": "Q033-toggle-COMP-measured-r07", "mode": "step", "outcome": "verified", "oracle_exact_match": true, "completion_mutations": 1, "routes": ["provider", "provider"], "error": null, "la": "2.14", "prov": {"attempts": 0, "reached": 0}}
[2m2026-10-03T11:58:17.431020Z[0m [33m WARN[0m [2mcua_driver_sdk::runtime[0m[2m:[0m could not activate the persistent AT-SPI listener: AT-SPI connect failed: ZBus Error: MethodError(OwnedErrorName("org.freedesktop.DBus.Error.NameHasNoOwner"), Some("Could not activate remote peer 'org.a11y.atspi.Registry': unit failed"), Msg { type: Error, serial: 4294967295, sender: UniqueName("org.freedesktop.DBus"), reply-serial: 9, body: Str, fds: [] })
[2m2026-10-03T11:58:17.438977Z[0m [33m WARN[0m [2mplatform_linux::overlay[0m[2m:[0m X11 overlay: root reads cannot see this window's own pixels; save-unders will be served without readback confirmation
{"trial": "Q034-toggle-COMP-measured-r08", "mode": "step", "outcome": "verified", "oracle_exact_match": true, "completion_mutations": 1, "routes": ["provider", "provider"], "error": null, "la": "2.14", "prov": {"attempts": 0, "reached": 0}}
[2m2026-10-03T11:58:18.522081Z[0m [33m WARN[0m [2mcua_driver_sdk::runtime[0m[2m:[0m could not activate the persistent AT-SPI listener: AT-SPI connect failed: ZBus Error: MethodError(OwnedErrorName("org.freedesktop.DBus.Error.NameHasNoOwner"), Some("Could not activate remote peer 'org.a11y.atspi.Registry': unit failed"), Msg { type: Error, serial: 4294967295, sender: UniqueName("org.freedesktop.DBus"), reply-serial: 9, body: Str, fds: [] })
[2m2026-10-03T11:58:18.529008Z[0m [33m WARN[0m [2mplatform_linux::overlay[0m[2m:[0m X11 overlay: root reads cannot see this window's own pixels; save-unders will be served without readback confirmation
{"trial": "Q035-toggle-COMP_CR-warm-r08", "kind": "warm", "outcome": "verified", "routine_outcome": "verified", "oracle_exact_match": true, "completion_mutations": 1, "routes": ["compiled"], "error": null, "la": "2.29", "dec": 0, "prov": {"attempts": 0, "reached": 0}}
[2m2026-10-03T11:58:19.618731Z[0m [33m WARN[0m [2mcua_driver_sdk::runtime[0m[2m:[0m could not activate the persistent AT-SPI listener: AT-SPI connect failed: ZBus Error: MethodError(OwnedErrorName("org.freedesktop.DBus.Error.NameHasNoOwner"), Some("Could not activate remote peer 'org.a11y.atspi.Registry': unit failed"), Msg { type: Error, serial: 4294967295, sender: UniqueName("org.freedesktop.DBus"), reply-serial: 9, body: Str, fds: [] })
[2m2026-10-03T11:58:19.625615Z[0m [33m WARN[0m [2mplatform_linux::overlay[0m[2m:[0m X11 overlay: root reads cannot see this window's own pixels; save-unders will be served without readback confirmation
{"trial": "Q036-modal-COMP-measured-r08", "mode": "step", "outcome": "verified", "oracle_exact_match": true, "completion_mutations": 1, "routes": ["provider", "provider"], "error": null, "la": "2.29", "prov": {"attempts": 0, "reached": 0}}
[2m2026-10-03T11:58:20.704713Z[0m [33m WARN[0m [2mcua_driver_sdk::runtime[0m[2m:[0m could not activate the persistent AT-SPI listener: AT-SPI connect failed: ZBus Error: MethodError(OwnedErrorName("org.freedesktop.DBus.Error.NameHasNoOwner"), Some("Could not activate remote peer 'org.a11y.atspi.Registry': unit failed"), Msg { type: Error, serial: 4294967295, sender: UniqueName("org.freedesktop.DBus"), reply-serial: 9, body: Str, fds: [] })
[2m2026-10-03T11:58:20.714211Z[0m [33m WARN[0m [2mplatform_linux::overlay[0m[2m:[0m X11 overlay: root reads cannot see this window's own pixels; save-unders will be served without readback confirmation
{"trial": "Q037-modal-COMP_CR-warm-r08", "kind": "warm", "outcome": "verified", "routine_outcome": "verified", "oracle_exact_match": true, "completion_mutations": 1, "routes": ["compiled"], "error": null, "la": "2.29", "dec": 0, "prov": {"attempts": 0, "reached": 0}}
[2m2026-10-03T11:58:21.813669Z[0m [33m WARN[0m [2mcua_driver_sdk::runtime[0m[2m:[0m could not activate the persistent AT-SPI listener: AT-SPI connect failed: ZBus Error: MethodError(OwnedErrorName("org.freedesktop.DBus.Error.NameHasNoOwner"), Some("Could not activate remote peer 'org.a11y.atspi.Registry': unit failed"), Msg { type: Error, serial: 4294967295, sender: UniqueName("org.freedesktop.DBus"), reply-serial: 9, body: Str, fds: [] })
[2m2026-10-03T11:58:21.821221Z[0m [33m WARN[0m [2mplatform_linux::overlay[0m[2m:[0m X11 overlay: root reads cannot see this window's own pixels; save-unders will be served without readback confirmation
{"trial": "Q038-toggle-COMP_CR-warm-r09", "kind": "warm", "outcome": "verified", "routine_outcome": "verified", "oracle_exact_match": true, "completion_mutations": 1, "routes": ["compiled"], "error": null, "la": "2.29", "dec": 0, "prov": {"attempts": 0, "reached": 0}}
[2m2026-10-03T11:58:22.900245Z[0m [33m WARN[0m [2mcua_driver_sdk::runtime[0m[2m:[0m could not activate the persistent AT-SPI listener: AT-SPI connect failed: ZBus Error: MethodError(OwnedErrorName("org.freedesktop.DBus.Error.NameHasNoOwner"), Some("Could not activate remote peer 'org.a11y.atspi.Registry': unit failed"), Msg { type: Error, serial: 4294967295, sender: UniqueName("org.freedesktop.DBus"), reply-serial: 9, body: Str, fds: [] })
[2m2026-10-03T11:58:22.906968Z[0m [33m WARN[0m [2mplatform_linux::overlay[0m[2m:[0m X11 overlay: root reads cannot see this window's own pixels; save-unders will be served without readback confirmation
{"trial": "Q039-toggle-COMP-measured-r09", "mode": "step", "outcome": "verified", "oracle_exact_match": true, "completion_mutations": 1, "routes": ["provider", "provider"], "error": null, "la": "2.10", "prov": {"attempts": 0, "reached": 0}}
[2m2026-10-03T11:58:23.984491Z[0m [33m WARN[0m [2mcua_driver_sdk::runtime[0m[2m:[0m could not activate the persistent AT-SPI listener: AT-SPI connect failed: ZBus Error: MethodError(OwnedErrorName("org.freedesktop.DBus.Error.NameHasNoOwner"), Some("Could not activate remote peer 'org.a11y.atspi.Registry': unit failed"), Msg { type: Error, serial: 4294967295, sender: UniqueName("org.freedesktop.DBus"), reply-serial: 9, body: Str, fds: [] })
[2m2026-10-03T11:58:23.991488Z[0m [33m WARN[0m [2mplatform_linux::overlay[0m[2m:[0m X11 overlay: root reads cannot see this window's own pixels; save-unders will be served without readback confirmation
{"trial": "Q040-modal-COMP_CR-warm-r09", "kind": "warm", "outcome": "verified", "routine_outcome": "verified", "oracle_exact_match": true, "completion_mutations": 1, "routes": ["compiled"], "error": null, "la": "2.10", "dec": 0, "prov": {"attempts": 0, "reached": 0}}
[2m2026-10-03T11:58:25.077183Z[0m [33m WARN[0m [2mcua_driver_sdk::runtime[0m[2m:[0m could not activate the persistent AT-SPI listener: AT-SPI connect failed: ZBus Error: MethodError(OwnedErrorName("org.freedesktop.DBus.Error.NameHasNoOwner"), Some("Could not activate remote peer 'org.a11y.atspi.Registry': unit failed"), Msg { type: Error, serial: 4294967295, sender: UniqueName("org.freedesktop.DBus"), reply-serial: 9, body: Str, fds: [] })
[2m2026-10-03T11:58:25.083623Z[0m [33m WARN[0m [2mplatform_linux::overlay[0m[2m:[0m X11 overlay: root reads cannot see this window's own pixels; save-unders will be served without readback confirmation
{"trial": "Q041-modal-COMP-measured-r09", "mode": "step", "outcome": "verified", "oracle_exact_match": true, "completion_mutations": 1, "routes": ["provider", "provider"], "error": null, "la": "2.10", "prov": {"attempts": 0, "reached": 0}}
[2m2026-10-03T11:58:26.174052Z[0m [33m WARN[0m [2mcua_driver_sdk::runtime[0m[2m:[0m could not activate the persistent AT-SPI listener: AT-SPI connect failed: ZBus Error: MethodError(OwnedErrorName("org.freedesktop.DBus.Error.NameHasNoOwner"), Some("Could not activate remote peer 'org.a11y.atspi.Registry': unit failed"), Msg { type: Error, serial: 4294967295, sender: UniqueName("org.freedesktop.DBus"), reply-serial: 9, body: Str, fds: [] })
[2m2026-10-03T11:58:26.181222Z[0m [33m WARN[0m [2mplatform_linux::overlay[0m[2m:[0m X11 overlay: root reads cannot see this window's own pixels; save-unders will be served without readback confirmation
{"trial": "Q042-modal-COMP-measured-r10", "mode": "step", "outcome": "verified", "oracle_exact_match": true, "completion_mutations": 1, "routes": ["provider", "provider"], "error": null, "la": "2.10", "prov": {"attempts": 0, "reached": 0}}
[2m2026-10-03T11:58:27.273317Z[0m [33m WARN[0m [2mcua_driver_sdk::runtime[0m[2m:[0m could not activate the persistent AT-SPI listener: AT-SPI connect failed: ZBus Error: MethodError(OwnedErrorName("org.freedesktop.DBus.Error.NameHasNoOwner"), Some("Could not activate remote peer 'org.a11y.atspi.Registry': unit failed"), Msg { type: Error, serial: 4294967295, sender: UniqueName("org.freedesktop.DBus"), reply-serial: 9, body: Str, fds: [] })
[2m2026-10-03T11:58:27.281828Z[0m [33m WARN[0m [2mplatform_linux::overlay[0m[2m:[0m X11 overlay: root reads cannot see this window's own pixels; save-unders will be served without readback confirmation
{"trial": "Q043-modal-COMP_CR-warm-r10", "kind": "warm", "outcome": "verified", "routine_outcome": "verified", "oracle_exact_match": true, "completion_mutations": 1, "routes": ["compiled"], "error": null, "la": "2.10", "dec": 0, "prov": {"attempts": 0, "reached": 0}}
[2m2026-10-03T11:58:33.371877Z[0m [33m WARN[0m [2mcua_driver_sdk::runtime[0m[2m:[0m could not activate the persistent AT-SPI listener: AT-SPI connect failed: ZBus Error: MethodError(OwnedErrorName("org.freedesktop.DBus.Error.NameHasNoOwner"), Some("Could not activate remote peer 'org.a11y.atspi.Registry': unit failed"), Msg { type: Error, serial: 4294967295, sender: UniqueName("org.freedesktop.DBus"), reply-serial: 9, body: Str, fds: [] })
[2m2026-10-03T11:58:33.379038Z[0m [33m WARN[0m [2mplatform_linux::overlay[0m[2m:[0m X11 overlay: root reads cannot see this window's own pixels; save-unders will be served without readback confirmation
{"trial": "Q044-toggle-COMP-measured-r10", "mode": "step", "outcome": "verified", "oracle_exact_match": true, "completion_mutations": 1, "routes": ["provider", "provider"], "error": null, "la": "2.96", "prov": {"attempts": 0, "reached": 0}}
[2m2026-10-03T11:58:34.467249Z[0m [33m WARN[0m [2mcua_driver_sdk::runtime[0m[2m:[0m could not activate the persistent AT-SPI listener: AT-SPI connect failed: ZBus Error: MethodError(OwnedErrorName("org.freedesktop.DBus.Error.NameHasNoOwner"), Some("Could not activate remote peer 'org.a11y.atspi.Registry': unit failed"), Msg { type: Error, serial: 4294967295, sender: UniqueName("org.freedesktop.DBus"), reply-serial: 9, body: Str, fds: [] })
[2m2026-10-03T11:58:34.475670Z[0m [33m WARN[0m [2mplatform_linux::overlay[0m[2m:[0m X11 overlay: root reads cannot see this window's own pixels; save-unders will be served without readback confirmation
{"trial": "Q045-toggle-COMP_CR-warm-r10", "kind": "warm", "outcome": "verified", "routine_outcome": "verified", "oracle_exact_match": true, "completion_mutations": 1, "routes": ["compiled"], "error": null, "la": "2.96", "dec": 0, "prov": {"attempts": 0, "reached": 0}}
[2m2026-10-03T11:58:35.569597Z[0m [33m WARN[0m [2mcua_driver_sdk::runtime[0m[2m:[0m could not activate the persistent AT-SPI listener: AT-SPI connect failed: ZBus Error: MethodError(OwnedErrorName("org.freedesktop.DBus.Error.NameHasNoOwner"), Some("Could not activate remote peer 'org.a11y.atspi.Registry': unit failed"), Msg { type: Error, serial: 4294967295, sender: UniqueName("org.freedesktop.DBus"), reply-serial: 9, body: Str, fds: [] })
[2m2026-10-03T11:58:35.576655Z[0m [33m WARN[0m [2mplatform_linux::overlay[0m[2m:[0m X11 overlay: root reads cannot see this window's own pixels; save-unders will be served without readback confirmation
{"trial": "Q046-modal-COMP_CR-warm-r11", "kind": "warm", "outcome": "verified", "routine_outcome": "verified", "oracle_exact_match": true, "completion_mutations": 1, "routes": ["compiled"], "error": null, "la": "2.96", "dec": 0, "prov": {"attempts": 0, "reached": 0}}
[2m2026-10-03T11:58:36.675391Z[0m [33m WARN[0m [2mcua_driver_sdk::runtime[0m[2m:[0m could not activate the persistent AT-SPI listener: AT-SPI connect failed: ZBus Error: MethodError(OwnedErrorName("org.freedesktop.DBus.Error.NameHasNoOwner"), Some("Could not activate remote peer 'org.a11y.atspi.Registry': unit failed"), Msg { type: Error, serial: 4294967295, sender: UniqueName("org.freedesktop.DBus"), reply-serial: 9, body: Str, fds: [] })
[2m2026-10-03T11:58:36.682469Z[0m [33m WARN[0m [2mplatform_linux::overlay[0m[2m:[0m X11 overlay: root reads cannot see this window's own pixels; save-unders will be served without readback confirmation
{"trial": "Q047-modal-COMP-measured-r11", "mode": "step", "outcome": "verified", "oracle_exact_match": true, "completion_mutations": 1, "routes": ["provider", "provider"], "error": null, "la": "2.96", "prov": {"attempts": 0, "reached": 0}}
[2m2026-10-03T11:58:37.789904Z[0m [33m WARN[0m [2mcua_driver_sdk::runtime[0m[2m:[0m could not activate the persistent AT-SPI listener: AT-SPI connect failed: ZBus Error: MethodError(OwnedErrorName("org.freedesktop.DBus.Error.NameHasNoOwner"), Some("Could not activate remote peer 'org.a11y.atspi.Registry': unit failed"), Msg { type: Error, serial: 4294967295, sender: UniqueName("org.freedesktop.DBus"), reply-serial: 9, body: Str, fds: [] })
[2m2026-10-03T11:58:37.797755Z[0m [33m WARN[0m [2mplatform_linux::overlay[0m[2m:[0m X11 overlay: root reads cannot see this window's own pixels; save-unders will be served without readback confirmation
{"trial": "Q048-toggle-COMP_CR-warm-r11", "kind": "warm", "outcome": "verified", "routine_outcome": "verified", "oracle_exact_match": true, "completion_mutations": 1, "routes": ["compiled"], "error": null, "la": "2.72", "dec": 0, "prov": {"attempts": 0, "reached": 0}}
[2m2026-10-03T11:58:38.880891Z[0m [33m WARN[0m [2mcua_driver_sdk::runtime[0m[2m:[0m could not activate the persistent AT-SPI listener: AT-SPI connect failed: ZBus Error: MethodError(OwnedErrorName("org.freedesktop.DBus.Error.NameHasNoOwner"), Some("Could not activate remote peer 'org.a11y.atspi.Registry': unit failed"), Msg { type: Error, serial: 4294967295, sender: UniqueName("org.freedesktop.DBus"), reply-serial: 9, body: Str, fds: [] })
[2m2026-10-03T11:58:38.888854Z[0m [33m WARN[0m [2mplatform_linux::overlay[0m[2m:[0m X11 overlay: root reads cannot see this window's own pixels; save-unders will be served without readback confirmation
{"trial": "Q049-toggle-COMP-measured-r11", "mode": "step", "outcome": "verified", "oracle_exact_match": true, "completion_mutations": 1, "routes": ["provider", "provider"], "error": null, "la": "2.72", "prov": {"attempts": 0, "reached": 0}}
[2m2026-10-03T11:58:40.517272Z[0m [33m WARN[0m [2mcua_driver_sdk::runtime[0m[2m:[0m could not activate the persistent AT-SPI listener: AT-SPI connect failed: ZBus Error: MethodError(OwnedErrorName("org.freedesktop.DBus.Error.NameHasNoOwner"), Some("Could not activate remote peer 'org.a11y.atspi.Registry': unit failed"), Msg { type: Error, serial: 4294967295, sender: UniqueName("org.freedesktop.DBus"), reply-serial: 9, body: Str, fds: [] })
[2m2026-10-03T11:58:40.524504Z[0m [33m WARN[0m [2mplatform_linux::overlay[0m[2m:[0m X11 overlay: root reads cannot see this window's own pixels; save-unders will be served without readback confirmation
{"trial": "Q050-toggle-COMP-measured-r12", "mode": "step", "outcome": "verified", "oracle_exact_match": true, "completion_mutations": 1, "routes": ["provider", "provider"], "error": null, "la": "2.72", "prov": {"attempts": 0, "reached": 0}}
[2m2026-10-03T11:58:41.630428Z[0m [33m WARN[0m [2mcua_driver_sdk::runtime[0m[2m:[0m could not activate the persistent AT-SPI listener: AT-SPI connect failed: ZBus Error: MethodError(OwnedErrorName("org.freedesktop.DBus.Error.NameHasNoOwner"), Some("Could not activate remote peer 'org.a11y.atspi.Registry': unit failed"), Msg { type: Error, serial: 4294967295, sender: UniqueName("org.freedesktop.DBus"), reply-serial: 9, body: Str, fds: [] })
[2m2026-10-03T11:58:41.637531Z[0m [33m WARN[0m [2mplatform_linux::overlay[0m[2m:[0m X11 overlay: root reads cannot see this window's own pixels; save-unders will be served without readback confirmation
{"trial": "Q051-toggle-COMP_CR-warm-r12", "kind": "warm", "outcome": "verified", "routine_outcome": "verified", "oracle_exact_match": true, "completion_mutations": 1, "routes": ["compiled"], "error": null, "la": "2.72", "dec": 0, "prov": {"attempts": 0, "reached": 0}}
[2m2026-10-03T11:58:42.719857Z[0m [33m WARN[0m [2mcua_driver_sdk::runtime[0m[2m:[0m could not activate the persistent AT-SPI listener: AT-SPI connect failed: ZBus Error: MethodError(OwnedErrorName("org.freedesktop.DBus.Error.NameHasNoOwner"), Some("Could not activate remote peer 'org.a11y.atspi.Registry': unit failed"), Msg { type: Error, serial: 4294967295, sender: UniqueName("org.freedesktop.DBus"), reply-serial: 9, body: Str, fds: [] })
[2m2026-10-03T11:58:42.727108Z[0m [33m WARN[0m [2mplatform_linux::overlay[0m[2m:[0m X11 overlay: root reads cannot see this window's own pixels; save-unders will be served without readback confirmation
{"trial": "Q052-modal-COMP-measured-r12", "mode": "step", "outcome": "verified", "oracle_exact_match": true, "completion_mutations": 1, "routes": ["provider", "provider"], "error": null, "la": "2.72", "prov": {"attempts": 0, "reached": 0}}
[2m2026-10-03T11:58:43.806603Z[0m [33m WARN[0m [2mcua_driver_sdk::runtime[0m[2m:[0m could not activate the persistent AT-SPI listener: AT-SPI connect failed: ZBus Error: MethodError(OwnedErrorName("org.freedesktop.DBus.Error.NameHasNoOwner"), Some("Could not activate remote peer 'org.a11y.atspi.Registry': unit failed"), Msg { type: Error, serial: 4294967295, sender: UniqueName("org.freedesktop.DBus"), reply-serial: 9, body: Str, fds: [] })
[2m2026-10-03T11:58:43.816850Z[0m [33m WARN[0m [2mplatform_linux::overlay[0m[2m:[0m X11 overlay: root reads cannot see this window's own pixels; save-unders will be served without readback confirmation
{"trial": "Q053-modal-COMP_CR-warm-r12", "kind": "warm", "outcome": "verified", "routine_outcome": "verified", "oracle_exact_match": true, "completion_mutations": 1, "routes": ["compiled"], "error": null, "la": "2.66", "dec": 0, "prov": {"attempts": 0, "reached": 0}}
[2m2026-10-03T11:58:44.934888Z[0m [33m WARN[0m [2mcua_driver_sdk::runtime[0m[2m:[0m could not activate the persistent AT-SPI listener: AT-SPI connect failed: ZBus Error: MethodError(OwnedErrorName("org.freedesktop.DBus.Error.NameHasNoOwner"), Some("Could not activate remote peer 'org.a11y.atspi.Registry': unit failed"), Msg { type: Error, serial: 4294967295, sender: UniqueName("org.freedesktop.DBus"), reply-serial: 9, body: Str, fds: [] })
[2m2026-10-03T11:58:44.944503Z[0m [33m WARN[0m [2mplatform_linux::overlay[0m[2m:[0m X11 overlay: root reads cannot see this window's own pixels; save-unders will be served without readback confirmation
{"trial": "Q054-toggle-COMP_CR-warm-r13", "kind": "warm", "outcome": "verified", "routine_outcome": "verified", "oracle_exact_match": true, "completion_mutations": 1, "routes": ["compiled"], "error": null, "la": "2.66", "dec": 0, "prov": {"attempts": 0, "reached": 0}}
[2m2026-10-03T11:58:46.028338Z[0m [33m WARN[0m [2mcua_driver_sdk::runtime[0m[2m:[0m could not activate the persistent AT-SPI listener: AT-SPI connect failed: ZBus Error: MethodError(OwnedErrorName("org.freedesktop.DBus.Error.NameHasNoOwner"), Some("Could not activate remote peer 'org.a11y.atspi.Registry': unit failed"), Msg { type: Error, serial: 4294967295, sender: UniqueName("org.freedesktop.DBus"), reply-serial: 9, body: Str, fds: [] })
[2m2026-10-03T11:58:46.034996Z[0m [33m WARN[0m [2mplatform_linux::overlay[0m[2m:[0m X11 overlay: root reads cannot see this window's own pixels; save-unders will be served without readback confirmation
{"trial": "Q055-toggle-COMP-measured-r13", "mode": "step", "outcome": "verified", "oracle_exact_match": true, "completion_mutations": 1, "routes": ["provider", "provider"], "error": null, "la": "2.66", "prov": {"attempts": 0, "reached": 0}}
[2m2026-10-03T11:58:47.122209Z[0m [33m WARN[0m [2mcua_driver_sdk::runtime[0m[2m:[0m could not activate the persistent AT-SPI listener: AT-SPI connect failed: ZBus Error: MethodError(OwnedErrorName("org.freedesktop.DBus.Error.NameHasNoOwner"), Some("Could not activate remote peer 'org.a11y.atspi.Registry': unit failed"), Msg { type: Error, serial: 4294967295, sender: UniqueName("org.freedesktop.DBus"), reply-serial: 9, body: Str, fds: [] })
[2m2026-10-03T11:58:47.129487Z[0m [33m WARN[0m [2mplatform_linux::overlay[0m[2m:[0m X11 overlay: root reads cannot see this window's own pixels; save-unders will be served without readback confirmation
{"trial": "Q056-modal-COMP_CR-warm-r13", "kind": "warm", "outcome": "verified", "routine_outcome": "verified", "oracle_exact_match": true, "completion_mutations": 1, "routes": ["compiled"], "error": null, "la": "2.66", "dec": 0, "prov": {"attempts": 0, "reached": 0}}
[2m2026-10-03T11:58:48.225591Z[0m [33m WARN[0m [2mcua_driver_sdk::runtime[0m[2m:[0m could not activate the persistent AT-SPI listener: AT-SPI connect failed: ZBus Error: MethodError(OwnedErrorName("org.freedesktop.DBus.Error.NameHasNoOwner"), Some("Could not activate remote peer 'org.a11y.atspi.Registry': unit failed"), Msg { type: Error, serial: 4294967295, sender: UniqueName("org.freedesktop.DBus"), reply-serial: 9, body: Str, fds: [] })
[2m2026-10-03T11:58:48.232687Z[0m [33m WARN[0m [2mplatform_linux::overlay[0m[2m:[0m X11 overlay: root reads cannot see this window's own pixels; save-unders will be served without readback confirmation
{"trial": "Q057-modal-COMP-measured-r13", "mode": "step", "outcome": "verified", "oracle_exact_match": true, "completion_mutations": 1, "routes": ["provider", "provider"], "error": null, "la": "2.61", "prov": {"attempts": 0, "reached": 0}}
[2m2026-10-03T11:58:49.319767Z[0m [33m WARN[0m [2mcua_driver_sdk::runtime[0m[2m:[0m could not activate the persistent AT-SPI listener: AT-SPI connect failed: ZBus Error: MethodError(OwnedErrorName("org.freedesktop.DBus.Error.NameHasNoOwner"), Some("Could not activate remote peer 'org.a11y.atspi.Registry': unit failed"), Msg { type: Error, serial: 4294967295, sender: UniqueName("org.freedesktop.DBus"), reply-serial: 9, body: Str, fds: [] })
[2m2026-10-03T11:58:49.327158Z[0m [33m WARN[0m [2mplatform_linux::overlay[0m[2m:[0m X11 overlay: root reads cannot see this window's own pixels; save-unders will be served without readback confirmation
{"trial": "Q058-modal-COMP-measured-r14", "mode": "step", "outcome": "verified", "oracle_exact_match": true, "completion_mutations": 1, "routes": ["provider", "provider"], "error": null, "la": "2.61", "prov": {"attempts": 0, "reached": 0}}
[2m2026-10-03T11:58:50.403752Z[0m [33m WARN[0m [2mcua_driver_sdk::runtime[0m[2m:[0m could not activate the persistent AT-SPI listener: AT-SPI connect failed: ZBus Error: MethodError(OwnedErrorName("org.freedesktop.DBus.Error.NameHasNoOwner"), Some("Could not activate remote peer 'org.a11y.atspi.Registry': unit failed"), Msg { type: Error, serial: 4294967295, sender: UniqueName("org.freedesktop.DBus"), reply-serial: 9, body: Str, fds: [] })
[2m2026-10-03T11:58:50.410248Z[0m [33m WARN[0m [2mplatform_linux::overlay[0m[2m:[0m X11 overlay: root reads cannot see this window's own pixels; save-unders will be served without readback confirmation
{"trial": "Q059-modal-COMP_CR-warm-r14", "kind": "warm", "outcome": "verified", "routine_outcome": "verified", "oracle_exact_match": true, "completion_mutations": 1, "routes": ["compiled"], "error": null, "la": "2.61", "dec": 0, "prov": {"attempts": 0, "reached": 0}}
[2m2026-10-03T11:58:51.504971Z[0m [33m WARN[0m [2mcua_driver_sdk::runtime[0m[2m:[0m could not activate the persistent AT-SPI listener: AT-SPI connect failed: ZBus Error: MethodError(OwnedErrorName("org.freedesktop.DBus.Error.NameHasNoOwner"), Some("Could not activate remote peer 'org.a11y.atspi.Registry': unit failed"), Msg { type: Error, serial: 4294967295, sender: UniqueName("org.freedesktop.DBus"), reply-serial: 9, body: Str, fds: [] })
[2m2026-10-03T11:58:51.512205Z[0m [33m WARN[0m [2mplatform_linux::overlay[0m[2m:[0m X11 overlay: root reads cannot see this window's own pixels; save-unders will be served without readback confirmation
{"trial": "Q060-toggle-COMP-measured-r14", "mode": "step", "outcome": "verified", "oracle_exact_match": true, "completion_mutations": 1, "routes": ["provider", "provider"], "error": null, "la": "2.61", "prov": {"attempts": 0, "reached": 0}}
[2m2026-10-03T11:58:52.610310Z[0m [33m WARN[0m [2mcua_driver_sdk::runtime[0m[2m:[0m could not activate the persistent AT-SPI listener: AT-SPI connect failed: ZBus Error: MethodError(OwnedErrorName("org.freedesktop.DBus.Error.NameHasNoOwner"), Some("Could not activate remote peer 'org.a11y.atspi.Registry': unit failed"), Msg { type: Error, serial: 4294967295, sender: UniqueName("org.freedesktop.DBus"), reply-serial: 9, body: Str, fds: [] })
[2m2026-10-03T11:58:52.617699Z[0m [33m WARN[0m [2mplatform_linux::overlay[0m[2m:[0m X11 overlay: root reads cannot see this window's own pixels; save-unders will be served without readback confirmation
{"trial": "Q061-toggle-COMP_CR-warm-r14", "kind": "warm", "outcome": "verified", "routine_outcome": "verified", "oracle_exact_match": true, "completion_mutations": 1, "routes": ["compiled"], "error": null, "la": "2.61", "dec": 0, "prov": {"attempts": 0, "reached": 0}}
[2m2026-10-03T11:58:53.712834Z[0m [33m WARN[0m [2mcua_driver_sdk::runtime[0m[2m:[0m could not activate the persistent AT-SPI listener: AT-SPI connect failed: ZBus Error: MethodError(OwnedErrorName("org.freedesktop.DBus.Error.NameHasNoOwner"), Some("Could not activate remote peer 'org.a11y.atspi.Registry': unit failed"), Msg { type: Error, serial: 4294967295, sender: UniqueName("org.freedesktop.DBus"), reply-serial: 9, body: Str, fds: [] })
[2m2026-10-03T11:58:53.720097Z[0m [33m WARN[0m [2mplatform_linux::overlay[0m[2m:[0m X11 overlay: root reads cannot see this window's own pixels; save-unders will be served without readback confirmation
{"trial": "Q062-modal-COMP_CR-warm-r15", "kind": "warm", "outcome": "verified", "routine_outcome": "verified", "oracle_exact_match": true, "completion_mutations": 1, "routes": ["compiled"], "error": null, "la": "2.64", "dec": 0, "prov": {"attempts": 0, "reached": 0}}
[2m2026-10-03T11:58:54.813466Z[0m [33m WARN[0m [2mcua_driver_sdk::runtime[0m[2m:[0m could not activate the persistent AT-SPI listener: AT-SPI connect failed: ZBus Error: MethodError(OwnedErrorName("org.freedesktop.DBus.Error.NameHasNoOwner"), Some("Could not activate remote peer 'org.a11y.atspi.Registry': unit failed"), Msg { type: Error, serial: 4294967295, sender: UniqueName("org.freedesktop.DBus"), reply-serial: 9, body: Str, fds: [] })
[2m2026-10-03T11:58:54.820302Z[0m [33m WARN[0m [2mplatform_linux::overlay[0m[2m:[0m X11 overlay: root reads cannot see this window's own pixels; save-unders will be served without readback confirmation
{"trial": "Q063-modal-COMP-measured-r15", "mode": "step", "outcome": "verified", "oracle_exact_match": true, "completion_mutations": 1, "routes": ["provider", "provider"], "error": null, "la": "2.64", "prov": {"attempts": 0, "reached": 0}}
[2m2026-10-03T11:58:55.910781Z[0m [33m WARN[0m [2mcua_driver_sdk::runtime[0m[2m:[0m could not activate the persistent AT-SPI listener: AT-SPI connect failed: ZBus Error: MethodError(OwnedErrorName("org.freedesktop.DBus.Error.NameHasNoOwner"), Some("Could not activate remote peer 'org.a11y.atspi.Registry': unit failed"), Msg { type: Error, serial: 4294967295, sender: UniqueName("org.freedesktop.DBus"), reply-serial: 9, body: Str, fds: [] })
[2m2026-10-03T11:58:55.917690Z[0m [33m WARN[0m [2mplatform_linux::overlay[0m[2m:[0m X11 overlay: root reads cannot see this window's own pixels; save-unders will be served without readback confirmation
{"trial": "Q064-toggle-COMP_CR-warm-r15", "kind": "warm", "outcome": "verified", "routine_outcome": "verified", "oracle_exact_match": true, "completion_mutations": 1, "routes": ["compiled"], "error": null, "la": "2.64", "dec": 0, "prov": {"attempts": 0, "reached": 0}}
[2m2026-10-03T11:58:57.000908Z[0m [33m WARN[0m [2mcua_driver_sdk::runtime[0m[2m:[0m could not activate the persistent AT-SPI listener: AT-SPI connect failed: ZBus Error: MethodError(OwnedErrorName("org.freedesktop.DBus.Error.NameHasNoOwner"), Some("Could not activate remote peer 'org.a11y.atspi.Registry': unit failed"), Msg { type: Error, serial: 4294967295, sender: UniqueName("org.freedesktop.DBus"), reply-serial: 9, body: Str, fds: [] })
[2m2026-10-03T11:58:57.007995Z[0m [33m WARN[0m [2mplatform_linux::overlay[0m[2m:[0m X11 overlay: root reads cannot see this window's own pixels; save-unders will be served without readback confirmation
{"trial": "Q065-toggle-COMP-measured-r15", "mode": "step", "outcome": "verified", "oracle_exact_match": true, "completion_mutations": 1, "routes": ["provider", "provider"], "error": null, "la": "2.64", "prov": {"attempts": 0, "reached": 0}}
[2m2026-10-03T11:58:58.094327Z[0m [33m WARN[0m [2mcua_driver_sdk::runtime[0m[2m:[0m could not activate the persistent AT-SPI listener: AT-SPI connect failed: ZBus Error: MethodError(OwnedErrorName("org.freedesktop.DBus.Error.NameHasNoOwner"), Some("Could not activate remote peer 'org.a11y.atspi.Registry': unit failed"), Msg { type: Error, serial: 4294967295, sender: UniqueName("org.freedesktop.DBus"), reply-serial: 9, body: Str, fds: [] })
[2m2026-10-03T11:58:58.101049Z[0m [33m WARN[0m [2mplatform_linux::overlay[0m[2m:[0m X11 overlay: root reads cannot see this window's own pixels; save-unders will be served without readback confirmation
{"trial": "Q066-toggle-COMP-measured-r16", "mode": "step", "outcome": "verified", "oracle_exact_match": true, "completion_mutations": 1, "routes": ["provider", "provider"], "error": null, "la": "2.43", "prov": {"attempts": 0, "reached": 0}}
[2m2026-10-03T11:58:59.195990Z[0m [33m WARN[0m [2mcua_driver_sdk::runtime[0m[2m:[0m could not activate the persistent AT-SPI listener: AT-SPI connect failed: ZBus Error: MethodError(OwnedErrorName("org.freedesktop.DBus.Error.NameHasNoOwner"), Some("Could not activate remote peer 'org.a11y.atspi.Registry': unit failed"), Msg { type: Error, serial: 4294967295, sender: UniqueName("org.freedesktop.DBus"), reply-serial: 9, body: Str, fds: [] })
[2m2026-10-03T11:58:59.203442Z[0m [33m WARN[0m [2mplatform_linux::overlay[0m[2m:[0m X11 overlay: root reads cannot see this window's own pixels; save-unders will be served without readback confirmation
{"trial": "Q067-toggle-COMP_CR-warm-r16", "kind": "warm", "outcome": "verified", "routine_outcome": "verified", "oracle_exact_match": true, "completion_mutations": 1, "routes": ["compiled"], "error": null, "la": "2.43", "dec": 0, "prov": {"attempts": 0, "reached": 0}}
[2m2026-10-03T11:59:00.282198Z[0m [33m WARN[0m [2mcua_driver_sdk::runtime[0m[2m:[0m could not activate the persistent AT-SPI listener: AT-SPI connect failed: ZBus Error: MethodError(OwnedErrorName("org.freedesktop.DBus.Error.NameHasNoOwner"), Some("Could not activate remote peer 'org.a11y.atspi.Registry': unit failed"), Msg { type: Error, serial: 4294967295, sender: UniqueName("org.freedesktop.DBus"), reply-serial: 9, body: Str, fds: [] })
[2m2026-10-03T11:59:00.290078Z[0m [33m WARN[0m [2mplatform_linux::overlay[0m[2m:[0m X11 overlay: root reads cannot see this window's own pixels; save-unders will be served without readback confirmation
{"trial": "Q068-modal-COMP-measured-r16", "mode": "step", "outcome": "verified", "oracle_exact_match": true, "completion_mutations": 1, "routes": ["provider", "provider"], "error": null, "la": "2.43", "prov": {"attempts": 0, "reached": 0}}
[2m2026-10-03T11:59:01.966590Z[0m [33m WARN[0m [2mcua_driver_sdk::runtime[0m[2m:[0m could not activate the persistent AT-SPI listener: AT-SPI connect failed: ZBus Error: MethodError(OwnedErrorName("org.freedesktop.DBus.Error.NameHasNoOwner"), Some("Could not activate remote peer 'org.a11y.atspi.Registry': unit failed"), Msg { type: Error, serial: 4294967295, sender: UniqueName("org.freedesktop.DBus"), reply-serial: 9, body: Str, fds: [] })
[2m2026-10-03T11:59:01.973576Z[0m [33m WARN[0m [2mplatform_linux::overlay[0m[2m:[0m X11 overlay: root reads cannot see this window's own pixels; save-unders will be served without readback confirmation
{"trial": "Q069-modal-COMP_CR-warm-r16", "kind": "warm", "outcome": "verified", "routine_outcome": "verified", "oracle_exact_match": true, "completion_mutations": 1, "routes": ["compiled"], "error": null, "la": "2.43", "dec": 0, "prov": {"attempts": 0, "reached": 0}}
[2m2026-10-03T11:59:03.056000Z[0m [33m WARN[0m [2mcua_driver_sdk::runtime[0m[2m:[0m could not activate the persistent AT-SPI listener: AT-SPI connect failed: ZBus Error: MethodError(OwnedErrorName("org.freedesktop.DBus.Error.NameHasNoOwner"), Some("Could not activate remote peer 'org.a11y.atspi.Registry': unit failed"), Msg { type: Error, serial: 4294967295, sender: UniqueName("org.freedesktop.DBus"), reply-serial: 9, body: Str, fds: [] })
[2m2026-10-03T11:59:03.064215Z[0m [33m WARN[0m [2mplatform_linux::overlay[0m[2m:[0m X11 overlay: root reads cannot see this window's own pixels; save-unders will be served without readback confirmation
{"trial": "Q070-toggle-COMP_CR-warm-r17", "kind": "warm", "outcome": "verified", "routine_outcome": "verified", "oracle_exact_match": true, "completion_mutations": 1, "routes": ["compiled"], "error": null, "la": "2.24", "dec": 0, "prov": {"attempts": 0, "reached": 0}}
[2m2026-10-03T11:59:04.138537Z[0m [33m WARN[0m [2mcua_driver_sdk::runtime[0m[2m:[0m could not activate the persistent AT-SPI listener: AT-SPI connect failed: ZBus Error: MethodError(OwnedErrorName("org.freedesktop.DBus.Error.NameHasNoOwner"), Some("Could not activate remote peer 'org.a11y.atspi.Registry': unit failed"), Msg { type: Error, serial: 4294967295, sender: UniqueName("org.freedesktop.DBus"), reply-serial: 9, body: Str, fds: [] })
[2m2026-10-03T11:59:04.145346Z[0m [33m WARN[0m [2mplatform_linux::overlay[0m[2m:[0m X11 overlay: root reads cannot see this window's own pixels; save-unders will be served without readback confirmation
{"trial": "Q071-toggle-COMP-measured-r17", "mode": "step", "outcome": "verified", "oracle_exact_match": true, "completion_mutations": 1, "routes": ["provider", "provider"], "error": null, "la": "2.24", "prov": {"attempts": 0, "reached": 0}}
[2m2026-10-03T11:59:05.244090Z[0m [33m WARN[0m [2mcua_driver_sdk::runtime[0m[2m:[0m could not activate the persistent AT-SPI listener: AT-SPI connect failed: ZBus Error: MethodError(OwnedErrorName("org.freedesktop.DBus.Error.NameHasNoOwner"), Some("Could not activate remote peer 'org.a11y.atspi.Registry': unit failed"), Msg { type: Error, serial: 4294967295, sender: UniqueName("org.freedesktop.DBus"), reply-serial: 9, body: Str, fds: [] })
[2m2026-10-03T11:59:05.251639Z[0m [33m WARN[0m [2mplatform_linux::overlay[0m[2m:[0m X11 overlay: root reads cannot see this window's own pixels; save-unders will be served without readback confirmation
{"trial": "Q072-modal-COMP_CR-warm-r17", "kind": "warm", "outcome": "verified", "routine_outcome": "verified", "oracle_exact_match": true, "completion_mutations": 1, "routes": ["compiled"], "error": null, "la": "2.24", "dec": 0, "prov": {"attempts": 0, "reached": 0}}
[2m2026-10-03T11:59:06.329569Z[0m [33m WARN[0m [2mcua_driver_sdk::runtime[0m[2m:[0m could not activate the persistent AT-SPI listener: AT-SPI connect failed: ZBus Error: MethodError(OwnedErrorName("org.freedesktop.DBus.Error.NameHasNoOwner"), Some("Could not activate remote peer 'org.a11y.atspi.Registry': unit failed"), Msg { type: Error, serial: 4294967295, sender: UniqueName("org.freedesktop.DBus"), reply-serial: 9, body: Str, fds: [] })
[2m2026-10-03T11:59:06.336971Z[0m [33m WARN[0m [2mplatform_linux::overlay[0m[2m:[0m X11 overlay: root reads cannot see this window's own pixels; save-unders will be served without readback confirmation
{"trial": "Q073-modal-COMP-measured-r17", "mode": "step", "outcome": "verified", "oracle_exact_match": true, "completion_mutations": 1, "routes": ["provider", "provider"], "error": null, "la": "2.24", "prov": {"attempts": 0, "reached": 0}}
[2m2026-10-03T11:59:07.425964Z[0m [33m WARN[0m [2mcua_driver_sdk::runtime[0m[2m:[0m could not activate the persistent AT-SPI listener: AT-SPI connect failed: ZBus Error: MethodError(OwnedErrorName("org.freedesktop.DBus.Error.NameHasNoOwner"), Some("Could not activate remote peer 'org.a11y.atspi.Registry': unit failed"), Msg { type: Error, serial: 4294967295, sender: UniqueName("org.freedesktop.DBus"), reply-serial: 9, body: Str, fds: [] })
[2m2026-10-03T11:59:07.435081Z[0m [33m WARN[0m [2mplatform_linux::overlay[0m[2m:[0m X11 overlay: root reads cannot see this window's own pixels; save-unders will be served without readback confirmation
{"trial": "Q074-modal-COMP-measured-r18", "mode": "step", "outcome": "verified", "oracle_exact_match": true, "completion_mutations": 1, "routes": ["provider", "provider"], "error": null, "la": "2.24", "prov": {"attempts": 0, "reached": 0}}
[2m2026-10-03T11:59:08.522694Z[0m [33m WARN[0m [2mcua_driver_sdk::runtime[0m[2m:[0m could not activate the persistent AT-SPI listener: AT-SPI connect failed: ZBus Error: MethodError(OwnedErrorName("org.freedesktop.DBus.Error.NameHasNoOwner"), Some("Could not activate remote peer 'org.a11y.atspi.Registry': unit failed"), Msg { type: Error, serial: 4294967295, sender: UniqueName("org.freedesktop.DBus"), reply-serial: 9, body: Str, fds: [] })
[2m2026-10-03T11:59:08.529381Z[0m [33m WARN[0m [2mplatform_linux::overlay[0m[2m:[0m X11 overlay: root reads cannot see this window's own pixels; save-unders will be served without readback confirmation
{"trial": "Q075-modal-COMP_CR-warm-r18", "kind": "warm", "outcome": "verified", "routine_outcome": "verified", "oracle_exact_match": true, "completion_mutations": 1, "routes": ["compiled"], "error": null, "la": "2.22", "dec": 0, "prov": {"attempts": 0, "reached": 0}}
[2m2026-10-03T11:59:09.622857Z[0m [33m WARN[0m [2mcua_driver_sdk::runtime[0m[2m:[0m could not activate the persistent AT-SPI listener: AT-SPI connect failed: ZBus Error: MethodError(OwnedErrorName("org.freedesktop.DBus.Error.NameHasNoOwner"), Some("Could not activate remote peer 'org.a11y.atspi.Registry': unit failed"), Msg { type: Error, serial: 4294967295, sender: UniqueName("org.freedesktop.DBus"), reply-serial: 9, body: Str, fds: [] })
[2m2026-10-03T11:59:09.629675Z[0m [33m WARN[0m [2mplatform_linux::overlay[0m[2m:[0m X11 overlay: root reads cannot see this window's own pixels; save-unders will be served without readback confirmation
{"trial": "Q076-toggle-COMP-measured-r18", "mode": "step", "outcome": "verified", "oracle_exact_match": true, "completion_mutations": 1, "routes": ["provider", "provider"], "error": null, "la": "2.22", "prov": {"attempts": 0, "reached": 0}}
[2m2026-10-03T11:59:10.722807Z[0m [33m WARN[0m [2mcua_driver_sdk::runtime[0m[2m:[0m could not activate the persistent AT-SPI listener: AT-SPI connect failed: ZBus Error: MethodError(OwnedErrorName("org.freedesktop.DBus.Error.NameHasNoOwner"), Some("Could not activate remote peer 'org.a11y.atspi.Registry': unit failed"), Msg { type: Error, serial: 4294967295, sender: UniqueName("org.freedesktop.DBus"), reply-serial: 9, body: Str, fds: [] })
[2m2026-10-03T11:59:10.730861Z[0m [33m WARN[0m [2mplatform_linux::overlay[0m[2m:[0m X11 overlay: root reads cannot see this window's own pixels; save-unders will be served without readback confirmation
{"trial": "Q077-toggle-COMP_CR-warm-r18", "kind": "warm", "outcome": "verified", "routine_outcome": "verified", "oracle_exact_match": true, "completion_mutations": 1, "routes": ["compiled"], "error": null, "la": "2.22", "dec": 0, "prov": {"attempts": 0, "reached": 0}}
[2m2026-10-03T11:59:11.829005Z[0m [33m WARN[0m [2mcua_driver_sdk::runtime[0m[2m:[0m could not activate the persistent AT-SPI listener: AT-SPI connect failed: ZBus Error: MethodError(OwnedErrorName("org.freedesktop.DBus.Error.NameHasNoOwner"), Some("Could not activate remote peer 'org.a11y.atspi.Registry': unit failed"), Msg { type: Error, serial: 4294967295, sender: UniqueName("org.freedesktop.DBus"), reply-serial: 9, body: Str, fds: [] })
[2m2026-10-03T11:59:11.836808Z[0m [33m WARN[0m [2mplatform_linux::overlay[0m[2m:[0m X11 overlay: root reads cannot see this window's own pixels; save-unders will be served without readback confirmation
{"trial": "Q078-modal-COMP_CR-warm-r19", "kind": "warm", "outcome": "verified", "routine_outcome": "verified", "oracle_exact_match": true, "completion_mutations": 1, "routes": ["compiled"], "error": null, "la": "2.22", "dec": 0, "prov": {"attempts": 0, "reached": 0}}
[2m2026-10-03T11:59:12.923251Z[0m [33m WARN[0m [2mcua_driver_sdk::runtime[0m[2m:[0m could not activate the persistent AT-SPI listener: AT-SPI connect failed: ZBus Error: MethodError(OwnedErrorName("org.freedesktop.DBus.Error.NameHasNoOwner"), Some("Could not activate remote peer 'org.a11y.atspi.Registry': unit failed"), Msg { type: Error, serial: 4294967295, sender: UniqueName("org.freedesktop.DBus"), reply-serial: 9, body: Str, fds: [] })
[2m2026-10-03T11:59:12.930295Z[0m [33m WARN[0m [2mplatform_linux::overlay[0m[2m:[0m X11 overlay: root reads cannot see this window's own pixels; save-unders will be served without readback confirmation
{"trial": "Q079-modal-COMP-measured-r19", "mode": "step", "outcome": "verified", "oracle_exact_match": true, "completion_mutations": 1, "routes": ["provider", "provider"], "error": null, "la": "2.04", "prov": {"attempts": 0, "reached": 0}}
[2m2026-10-03T11:59:14.013713Z[0m [33m WARN[0m [2mcua_driver_sdk::runtime[0m[2m:[0m could not activate the persistent AT-SPI listener: AT-SPI connect failed: ZBus Error: MethodError(OwnedErrorName("org.freedesktop.DBus.Error.NameHasNoOwner"), Some("Could not activate remote peer 'org.a11y.atspi.Registry': unit failed"), Msg { type: Error, serial: 4294967295, sender: UniqueName("org.freedesktop.DBus"), reply-serial: 9, body: Str, fds: [] })
[2m2026-10-03T11:59:14.020810Z[0m [33m WARN[0m [2mplatform_linux::overlay[0m[2m:[0m X11 overlay: root reads cannot see this window's own pixels; save-unders will be served without readback confirmation
{"trial": "Q080-toggle-COMP_CR-warm-r19", "kind": "warm", "outcome": "verified", "routine_outcome": "verified", "oracle_exact_match": true, "completion_mutations": 1, "routes": ["compiled"], "error": null, "la": "2.04", "dec": 0, "prov": {"attempts": 0, "reached": 0}}
[2m2026-10-03T11:59:15.110646Z[0m [33m WARN[0m [2mcua_driver_sdk::runtime[0m[2m:[0m could not activate the persistent AT-SPI listener: AT-SPI connect failed: ZBus Error: MethodError(OwnedErrorName("org.freedesktop.DBus.Error.NameHasNoOwner"), Some("Could not activate remote peer 'org.a11y.atspi.Registry': unit failed"), Msg { type: Error, serial: 4294967295, sender: UniqueName("org.freedesktop.DBus"), reply-serial: 9, body: Str, fds: [] })
[2m2026-10-03T11:59:15.117983Z[0m [33m WARN[0m [2mplatform_linux::overlay[0m[2m:[0m X11 overlay: root reads cannot see this window's own pixels; save-unders will be served without readback confirmation
{"trial": "Q081-toggle-COMP-measured-r19", "mode": "step", "outcome": "verified", "oracle_exact_match": true, "completion_mutations": 1, "routes": ["provider", "provider"], "error": null, "la": "2.04", "prov": {"attempts": 0, "reached": 0}}
[2m2026-10-03T11:59:16.199281Z[0m [33m WARN[0m [2mcua_driver_sdk::runtime[0m[2m:[0m could not activate the persistent AT-SPI listener: AT-SPI connect failed: ZBus Error: MethodError(OwnedErrorName("org.freedesktop.DBus.Error.NameHasNoOwner"), Some("Could not activate remote peer 'org.a11y.atspi.Registry': unit failed"), Msg { type: Error, serial: 4294967295, sender: UniqueName("org.freedesktop.DBus"), reply-serial: 9, body: Str, fds: [] })
[2m2026-10-03T11:59:16.206439Z[0m [33m WARN[0m [2mplatform_linux::overlay[0m[2m:[0m X11 overlay: root reads cannot see this window's own pixels; save-unders will be served without readback confirmation
{"trial": "Q082-toggle-COMP-measured-r20", "mode": "step", "outcome": "verified", "oracle_exact_match": true, "completion_mutations": 1, "routes": ["provider", "provider"], "error": null, "la": "2.04", "prov": {"attempts": 0, "reached": 0}}
[2m2026-10-03T11:59:17.287475Z[0m [33m WARN[0m [2mcua_driver_sdk::runtime[0m[2m:[0m could not activate the persistent AT-SPI listener: AT-SPI connect failed: ZBus Error: MethodError(OwnedErrorName("org.freedesktop.DBus.Error.NameHasNoOwner"), Some("Could not activate remote peer 'org.a11y.atspi.Registry': unit failed"), Msg { type: Error, serial: 4294967295, sender: UniqueName("org.freedesktop.DBus"), reply-serial: 9, body: Str, fds: [] })
[2m2026-10-03T11:59:17.296535Z[0m [33m WARN[0m [2mplatform_linux::overlay[0m[2m:[0m X11 overlay: root reads cannot see this window's own pixels; save-unders will be served without readback confirmation
{"trial": "Q083-toggle-COMP_CR-warm-r20", "kind": "warm", "outcome": "verified", "routine_outcome": "verified", "oracle_exact_match": true, "completion_mutations": 1, "routes": ["compiled"], "error": null, "la": "2.04", "dec": 0, "prov": {"attempts": 0, "reached": 0}}
[2m2026-10-03T11:59:18.374276Z[0m [33m WARN[0m [2mcua_driver_sdk::runtime[0m[2m:[0m could not activate the persistent AT-SPI listener: AT-SPI connect failed: ZBus Error: MethodError(OwnedErrorName("org.freedesktop.DBus.Error.NameHasNoOwner"), Some("Could not activate remote peer 'org.a11y.atspi.Registry': unit failed"), Msg { type: Error, serial: 4294967295, sender: UniqueName("org.freedesktop.DBus"), reply-serial: 9, body: Str, fds: [] })
[2m2026-10-03T11:59:18.381553Z[0m [33m WARN[0m [2mplatform_linux::overlay[0m[2m:[0m X11 overlay: root reads cannot see this window's own pixels; save-unders will be served without readback confirmation
{"trial": "Q084-modal-COMP-measured-r20", "mode": "step", "outcome": "verified", "oracle_exact_match": true, "completion_mutations": 1, "routes": ["provider", "provider"], "error": null, "la": "2.92", "prov": {"attempts": 0, "reached": 0}}
[2m2026-10-03T11:59:19.472072Z[0m [33m WARN[0m [2mcua_driver_sdk::runtime[0m[2m:[0m could not activate the persistent AT-SPI listener: AT-SPI connect failed: ZBus Error: MethodError(OwnedErrorName("org.freedesktop.DBus.Error.NameHasNoOwner"), Some("Could not activate remote peer 'org.a11y.atspi.Registry': unit failed"), Msg { type: Error, serial: 4294967295, sender: UniqueName("org.freedesktop.DBus"), reply-serial: 9, body: Str, fds: [] })
[2m2026-10-03T11:59:19.478957Z[0m [33m WARN[0m [2mplatform_linux::overlay[0m[2m:[0m X11 overlay: root reads cannot see this window's own pixels; save-unders will be served without readback confirmation
{"trial": "Q085-modal-COMP_CR-warm-r20", "kind": "warm", "outcome": "verified", "routine_outcome": "verified", "oracle_exact_match": true, "completion_mutations": 1, "routes": ["compiled"], "error": null, "la": "2.92", "dec": 0, "prov": {"attempts": 0, "reached": 0}}
[2m2026-10-03T11:59:20.567726Z[0m [33m WARN[0m [2mcua_driver_sdk::runtime[0m[2m:[0m could not activate the persistent AT-SPI listener: AT-SPI connect failed: ZBus Error: MethodError(OwnedErrorName("org.freedesktop.DBus.Error.NameHasNoOwner"), Some("Could not activate remote peer 'org.a11y.atspi.Registry': unit failed"), Msg { type: Error, serial: 4294967295, sender: UniqueName("org.freedesktop.DBus"), reply-serial: 9, body: Str, fds: [] })
[2m2026-10-03T11:59:20.574909Z[0m [33m WARN[0m [2mplatform_linux::overlay[0m[2m:[0m X11 overlay: root reads cannot see this window's own pixels; save-unders will be served without readback confirmation
{"trial": "Q086-toggle-COMP_CR-warm-r21", "kind": "warm", "outcome": "verified", "routine_outcome": "verified", "oracle_exact_match": true, "completion_mutations": 1, "routes": ["compiled"], "error": null, "la": "2.92", "dec": 0, "prov": {"attempts": 0, "reached": 0}}
[2m2026-10-03T11:59:21.659532Z[0m [33m WARN[0m [2mcua_driver_sdk::runtime[0m[2m:[0m could not activate the persistent AT-SPI listener: AT-SPI connect failed: ZBus Error: MethodError(OwnedErrorName("org.freedesktop.DBus.Error.NameHasNoOwner"), Some("Could not activate remote peer 'org.a11y.atspi.Registry': unit failed"), Msg { type: Error, serial: 4294967295, sender: UniqueName("org.freedesktop.DBus"), reply-serial: 9, body: Str, fds: [] })
[2m2026-10-03T11:59:21.666699Z[0m [33m WARN[0m [2mplatform_linux::overlay[0m[2m:[0m X11 overlay: root reads cannot see this window's own pixels; save-unders will be served without readback confirmation
{"trial": "Q087-toggle-COMP-measured-r21", "mode": "step", "outcome": "verified", "oracle_exact_match": true, "completion_mutations": 1, "routes": ["provider", "provider"], "error": null, "la": "2.92", "prov": {"attempts": 0, "reached": 0}}
[2m2026-10-03T11:59:22.756533Z[0m [33m WARN[0m [2mcua_driver_sdk::runtime[0m[2m:[0m could not activate the persistent AT-SPI listener: AT-SPI connect failed: ZBus Error: MethodError(OwnedErrorName("org.freedesktop.DBus.Error.NameHasNoOwner"), Some("Could not activate remote peer 'org.a11y.atspi.Registry': unit failed"), Msg { type: Error, serial: 4294967295, sender: UniqueName("org.freedesktop.DBus"), reply-serial: 9, body: Str, fds: [] })
[2m2026-10-03T11:59:22.764625Z[0m [33m WARN[0m [2mplatform_linux::overlay[0m[2m:[0m X11 overlay: root reads cannot see this window's own pixels; save-unders will be served without readback confirmation
{"trial": "Q088-modal-COMP_CR-warm-r21", "kind": "warm", "outcome": "verified", "routine_outcome": "verified", "oracle_exact_match": true, "completion_mutations": 1, "routes": ["compiled"], "error": null, "la": "2.92", "dec": 0, "prov": {"attempts": 0, "reached": 0}}
[2m2026-10-03T11:59:23.858033Z[0m [33m WARN[0m [2mcua_driver_sdk::runtime[0m[2m:[0m could not activate the persistent AT-SPI listener: AT-SPI connect failed: ZBus Error: MethodError(OwnedErrorName("org.freedesktop.DBus.Error.NameHasNoOwner"), Some("Could not activate remote peer 'org.a11y.atspi.Registry': unit failed"), Msg { type: Error, serial: 4294967295, sender: UniqueName("org.freedesktop.DBus"), reply-serial: 9, body: Str, fds: [] })
[2m2026-10-03T11:59:23.865037Z[0m [33m WARN[0m [2mplatform_linux::overlay[0m[2m:[0m X11 overlay: root reads cannot see this window's own pixels; save-unders will be served without readback confirmation
{"trial": "Q089-modal-COMP-measured-r21", "mode": "step", "outcome": "verified", "oracle_exact_match": true, "completion_mutations": 1, "routes": ["provider", "provider"], "error": null, "la": "2.68", "prov": {"attempts": 0, "reached": 0}}
[2m2026-10-03T11:59:24.963280Z[0m [33m WARN[0m [2mcua_driver_sdk::runtime[0m[2m:[0m could not activate the persistent AT-SPI listener: AT-SPI connect failed: ZBus Error: MethodError(OwnedErrorName("org.freedesktop.DBus.Error.NameHasNoOwner"), Some("Could not activate remote peer 'org.a11y.atspi.Registry': unit failed"), Msg { type: Error, serial: 4294967295, sender: UniqueName("org.freedesktop.DBus"), reply-serial: 9, body: Str, fds: [] })
[2m2026-10-03T11:59:24.971520Z[0m [33m WARN[0m [2mplatform_linux::overlay[0m[2m:[0m X11 overlay: root reads cannot see this window's own pixels; save-unders will be served without readback confirmation
{"trial": "Q090-modal-COMP-measured-r22", "mode": "step", "outcome": "verified", "oracle_exact_match": true, "completion_mutations": 1, "routes": ["provider", "provider"], "error": null, "la": "2.68", "prov": {"attempts": 0, "reached": 0}}
[2m2026-10-03T11:59:26.072688Z[0m [33m WARN[0m [2mcua_driver_sdk::runtime[0m[2m:[0m could not activate the persistent AT-SPI listener: AT-SPI connect failed: ZBus Error: MethodError(OwnedErrorName("org.freedesktop.DBus.Error.NameHasNoOwner"), Some("Could not activate remote peer 'org.a11y.atspi.Registry': unit failed"), Msg { type: Error, serial: 4294967295, sender: UniqueName("org.freedesktop.DBus"), reply-serial: 9, body: Str, fds: [] })
[2m2026-10-03T11:59:26.079727Z[0m [33m WARN[0m [2mplatform_linux::overlay[0m[2m:[0m X11 overlay: root reads cannot see this window's own pixels; save-unders will be served without readback confirmation
{"trial": "Q091-modal-COMP_CR-warm-r22", "kind": "warm", "outcome": "verified", "routine_outcome": "verified", "oracle_exact_match": true, "completion_mutations": 1, "routes": ["compiled"], "error": null, "la": "2.68", "dec": 0, "prov": {"attempts": 0, "reached": 0}}
[2m2026-10-03T11:59:27.181665Z[0m [33m WARN[0m [2mcua_driver_sdk::runtime[0m[2m:[0m could not activate the persistent AT-SPI listener: AT-SPI connect failed: ZBus Error: MethodError(OwnedErrorName("org.freedesktop.DBus.Error.NameHasNoOwner"), Some("Could not activate remote peer 'org.a11y.atspi.Registry': unit failed"), Msg { type: Error, serial: 4294967295, sender: UniqueName("org.freedesktop.DBus"), reply-serial: 9, body: Str, fds: [] })
[2m2026-10-03T11:59:27.188193Z[0m [33m WARN[0m [2mplatform_linux::overlay[0m[2m:[0m X11 overlay: root reads cannot see this window's own pixels; save-unders will be served without readback confirmation
{"trial": "Q092-toggle-COMP-measured-r22", "mode": "step", "outcome": "verified", "oracle_exact_match": true, "completion_mutations": 1, "routes": ["provider", "provider"], "error": null, "la": "2.68", "prov": {"attempts": 0, "reached": 0}}
[2m2026-10-03T11:59:28.281825Z[0m [33m WARN[0m [2mcua_driver_sdk::runtime[0m[2m:[0m could not activate the persistent AT-SPI listener: AT-SPI connect failed: ZBus Error: MethodError(OwnedErrorName("org.freedesktop.DBus.Error.NameHasNoOwner"), Some("Could not activate remote peer 'org.a11y.atspi.Registry': unit failed"), Msg { type: Error, serial: 4294967295, sender: UniqueName("org.freedesktop.DBus"), reply-serial: 9, body: Str, fds: [] })
[2m2026-10-03T11:59:28.289074Z[0m [33m WARN[0m [2mplatform_linux::overlay[0m[2m:[0m X11 overlay: root reads cannot see this window's own pixels; save-unders will be served without readback confirmation
{"trial": "Q093-toggle-COMP_CR-warm-r22", "kind": "warm", "outcome": "verified", "routine_outcome": "verified", "oracle_exact_match": true, "completion_mutations": 1, "routes": ["compiled"], "error": null, "la": "2.63", "dec": 0, "prov": {"attempts": 0, "reached": 0}}
[2m2026-10-03T11:59:29.367665Z[0m [33m WARN[0m [2mcua_driver_sdk::runtime[0m[2m:[0m could not activate the persistent AT-SPI listener: AT-SPI connect failed: ZBus Error: MethodError(OwnedErrorName("org.freedesktop.DBus.Error.NameHasNoOwner"), Some("Could not activate remote peer 'org.a11y.atspi.Registry': unit failed"), Msg { type: Error, serial: 4294967295, sender: UniqueName("org.freedesktop.DBus"), reply-serial: 9, body: Str, fds: [] })
[2m2026-10-03T11:59:29.375379Z[0m [33m WARN[0m [2mplatform_linux::overlay[0m[2m:[0m X11 overlay: root reads cannot see this window's own pixels; save-unders will be served without readback confirmation
{"trial": "Q094-modal-COMP_CR-warm-r23", "kind": "warm", "outcome": "verified", "routine_outcome": "verified", "oracle_exact_match": true, "completion_mutations": 1, "routes": ["compiled"], "error": null, "la": "2.63", "dec": 0, "prov": {"attempts": 0, "reached": 0}}
[2m2026-10-03T11:59:30.473676Z[0m [33m WARN[0m [2mcua_driver_sdk::runtime[0m[2m:[0m could not activate the persistent AT-SPI listener: AT-SPI connect failed: ZBus Error: MethodError(OwnedErrorName("org.freedesktop.DBus.Error.NameHasNoOwner"), Some("Could not activate remote peer 'org.a11y.atspi.Registry': unit failed"), Msg { type: Error, serial: 4294967295, sender: UniqueName("org.freedesktop.DBus"), reply-serial: 9, body: Str, fds: [] })
[2m2026-10-03T11:59:30.481322Z[0m [33m WARN[0m [2mplatform_linux::overlay[0m[2m:[0m X11 overlay: root reads cannot see this window's own pixels; save-unders will be served without readback confirmation
{"trial": "Q095-modal-COMP-measured-r23", "mode": "step", "outcome": "verified", "oracle_exact_match": true, "completion_mutations": 1, "routes": ["provider", "provider"], "error": null, "la": "2.63", "prov": {"attempts": 0, "reached": 0}}
[2m2026-10-03T11:59:31.572874Z[0m [33m WARN[0m [2mcua_driver_sdk::runtime[0m[2m:[0m could not activate the persistent AT-SPI listener: AT-SPI connect failed: ZBus Error: MethodError(OwnedErrorName("org.freedesktop.DBus.Error.NameHasNoOwner"), Some("Could not activate remote peer 'org.a11y.atspi.Registry': unit failed"), Msg { type: Error, serial: 4294967295, sender: UniqueName("org.freedesktop.DBus"), reply-serial: 9, body: Str, fds: [] })
[2m2026-10-03T11:59:31.579555Z[0m [33m WARN[0m [2mplatform_linux::overlay[0m[2m:[0m X11 overlay: root reads cannot see this window's own pixels; save-unders will be served without readback confirmation
{"trial": "Q096-toggle-COMP_CR-warm-r23", "kind": "warm", "outcome": "verified", "routine_outcome": "verified", "oracle_exact_match": true, "completion_mutations": 1, "routes": ["compiled"], "error": null, "la": "2.63", "dec": 0, "prov": {"attempts": 0, "reached": 0}}
[2m2026-10-03T11:59:32.667150Z[0m [33m WARN[0m [2mcua_driver_sdk::runtime[0m[2m:[0m could not activate the persistent AT-SPI listener: AT-SPI connect failed: ZBus Error: MethodError(OwnedErrorName("org.freedesktop.DBus.Error.NameHasNoOwner"), Some("Could not activate remote peer 'org.a11y.atspi.Registry': unit failed"), Msg { type: Error, serial: 4294967295, sender: UniqueName("org.freedesktop.DBus"), reply-serial: 9, body: Str, fds: [] })
[2m2026-10-03T11:59:32.674342Z[0m [33m WARN[0m [2mplatform_linux::overlay[0m[2m:[0m X11 overlay: root reads cannot see this window's own pixels; save-unders will be served without readback confirmation
{"trial": "Q097-toggle-COMP-measured-r23", "mode": "step", "outcome": "verified", "oracle_exact_match": true, "completion_mutations": 1, "routes": ["provider", "provider"], "error": null, "la": "2.63", "prov": {"attempts": 0, "reached": 0}}
[2m2026-10-03T11:59:33.762254Z[0m [33m WARN[0m [2mcua_driver_sdk::runtime[0m[2m:[0m could not activate the persistent AT-SPI listener: AT-SPI connect failed: ZBus Error: MethodError(OwnedErrorName("org.freedesktop.DBus.Error.NameHasNoOwner"), Some("Could not activate remote peer 'org.a11y.atspi.Registry': unit failed"), Msg { type: Error, serial: 4294967295, sender: UniqueName("org.freedesktop.DBus"), reply-serial: 9, body: Str, fds: [] })
[2m2026-10-03T11:59:33.770141Z[0m [33m WARN[0m [2mplatform_linux::overlay[0m[2m:[0m X11 overlay: root reads cannot see this window's own pixels; save-unders will be served without readback confirmation
{"trial": "Q098-toggle-COMP-measured-r24", "mode": "step", "outcome": "verified", "oracle_exact_match": true, "completion_mutations": 1, "routes": ["provider", "provider"], "error": null, "la": "2.66", "prov": {"attempts": 0, "reached": 0}}
[2m2026-10-03T11:59:34.855081Z[0m [33m WARN[0m [2mcua_driver_sdk::runtime[0m[2m:[0m could not activate the persistent AT-SPI listener: AT-SPI connect failed: ZBus Error: MethodError(OwnedErrorName("org.freedesktop.DBus.Error.NameHasNoOwner"), Some("Could not activate remote peer 'org.a11y.atspi.Registry': unit failed"), Msg { type: Error, serial: 4294967295, sender: UniqueName("org.freedesktop.DBus"), reply-serial: 9, body: Str, fds: [] })
[2m2026-10-03T11:59:34.861595Z[0m [33m WARN[0m [2mplatform_linux::overlay[0m[2m:[0m X11 overlay: root reads cannot see this window's own pixels; save-unders will be served without readback confirmation
{"trial": "Q099-toggle-COMP_CR-warm-r24", "kind": "warm", "outcome": "verified", "routine_outcome": "verified", "oracle_exact_match": true, "completion_mutations": 1, "routes": ["compiled"], "error": null, "la": "2.66", "dec": 0, "prov": {"attempts": 0, "reached": 0}}
[2m2026-10-03T11:59:35.980189Z[0m [33m WARN[0m [2mcua_driver_sdk::runtime[0m[2m:[0m could not activate the persistent AT-SPI listener: AT-SPI connect failed: ZBus Error: MethodError(OwnedErrorName("org.freedesktop.DBus.Error.NameHasNoOwner"), Some("Could not activate remote peer 'org.a11y.atspi.Registry': unit failed"), Msg { type: Error, serial: 4294967295, sender: UniqueName("org.freedesktop.DBus"), reply-serial: 9, body: Str, fds: [] })
[2m2026-10-03T11:59:35.987577Z[0m [33m WARN[0m [2mplatform_linux::overlay[0m[2m:[0m X11 overlay: root reads cannot see this window's own pixels; save-unders will be served without readback confirmation
{"trial": "Q100-modal-COMP-measured-r24", "mode": "step", "outcome": "verified", "oracle_exact_match": true, "completion_mutations": 1, "routes": ["provider", "provider"], "error": null, "la": "2.66", "prov": {"attempts": 0, "reached": 0}}
[2m2026-10-03T11:59:37.075787Z[0m [33m WARN[0m [2mcua_driver_sdk::runtime[0m[2m:[0m could not activate the persistent AT-SPI listener: AT-SPI connect failed: ZBus Error: MethodError(OwnedErrorName("org.freedesktop.DBus.Error.NameHasNoOwner"), Some("Could not activate remote peer 'org.a11y.atspi.Registry': unit failed"), Msg { type: Error, serial: 4294967295, sender: UniqueName("org.freedesktop.DBus"), reply-serial: 9, body: Str, fds: [] })
[2m2026-10-03T11:59:37.082778Z[0m [33m WARN[0m [2mplatform_linux::overlay[0m[2m:[0m X11 overlay: root reads cannot see this window's own pixels; save-unders will be served without readback confirmation
{"trial": "Q101-modal-COMP_CR-warm-r24", "kind": "warm", "outcome": "verified", "routine_outcome": "verified", "oracle_exact_match": true, "completion_mutations": 1, "routes": ["compiled"], "error": null, "la": "2.66", "dec": 0, "prov": {"attempts": 0, "reached": 0}}
[2m2026-10-03T11:59:38.181101Z[0m [33m WARN[0m [2mcua_driver_sdk::runtime[0m[2m:[0m could not activate the persistent AT-SPI listener: AT-SPI connect failed: ZBus Error: MethodError(OwnedErrorName("org.freedesktop.DBus.Error.NameHasNoOwner"), Some("Could not activate remote peer 'org.a11y.atspi.Registry': unit failed"), Msg { type: Error, serial: 4294967295, sender: UniqueName("org.freedesktop.DBus"), reply-serial: 9, body: Str, fds: [] })
[2m2026-10-03T11:59:38.188118Z[0m [33m WARN[0m [2mplatform_linux::overlay[0m[2m:[0m X11 overlay: root reads cannot see this window's own pixels; save-unders will be served without readback confirmation
{"trial": "Q102-toggle-COMP_CR-warm-r25", "kind": "warm", "outcome": "verified", "routine_outcome": "verified", "oracle_exact_match": true, "completion_mutations": 1, "routes": ["compiled"], "error": null, "la": "2.53", "dec": 0, "prov": {"attempts": 0, "reached": 0}}
[2m2026-10-03T11:59:39.277383Z[0m [33m WARN[0m [2mcua_driver_sdk::runtime[0m[2m:[0m could not activate the persistent AT-SPI listener: AT-SPI connect failed: ZBus Error: MethodError(OwnedErrorName("org.freedesktop.DBus.Error.NameHasNoOwner"), Some("Could not activate remote peer 'org.a11y.atspi.Registry': unit failed"), Msg { type: Error, serial: 4294967295, sender: UniqueName("org.freedesktop.DBus"), reply-serial: 9, body: Str, fds: [] })
[2m2026-10-03T11:59:39.285054Z[0m [33m WARN[0m [2mplatform_linux::overlay[0m[2m:[0m X11 overlay: root reads cannot see this window's own pixels; save-unders will be served without readback confirmation
{"trial": "Q103-toggle-COMP-measured-r25", "mode": "step", "outcome": "verified", "oracle_exact_match": true, "completion_mutations": 1, "routes": ["provider", "provider"], "error": null, "la": "2.53", "prov": {"attempts": 0, "reached": 0}}
[2m2026-10-03T11:59:40.958221Z[0m [33m WARN[0m [2mcua_driver_sdk::runtime[0m[2m:[0m could not activate the persistent AT-SPI listener: AT-SPI connect failed: ZBus Error: MethodError(OwnedErrorName("org.freedesktop.DBus.Error.NameHasNoOwner"), Some("Could not activate remote peer 'org.a11y.atspi.Registry': unit failed"), Msg { type: Error, serial: 4294967295, sender: UniqueName("org.freedesktop.DBus"), reply-serial: 9, body: Str, fds: [] })
[2m2026-10-03T11:59:40.965883Z[0m [33m WARN[0m [2mplatform_linux::overlay[0m[2m:[0m X11 overlay: root reads cannot see this window's own pixels; save-unders will be served without readback confirmation
{"trial": "Q104-modal-COMP_CR-warm-r25", "kind": "warm", "outcome": "verified", "routine_outcome": "verified", "oracle_exact_match": true, "completion_mutations": 1, "routes": ["compiled"], "error": null, "la": "2.53", "dec": 0, "prov": {"attempts": 0, "reached": 0}}
[2m2026-10-03T11:59:42.051949Z[0m [33m WARN[0m [2mcua_driver_sdk::runtime[0m[2m:[0m could not activate the persistent AT-SPI listener: AT-SPI connect failed: ZBus Error: MethodError(OwnedErrorName("org.freedesktop.DBus.Error.NameHasNoOwner"), Some("Could not activate remote peer 'org.a11y.atspi.Registry': unit failed"), Msg { type: Error, serial: 4294967295, sender: UniqueName("org.freedesktop.DBus"), reply-serial: 9, body: Str, fds: [] })
[2m2026-10-03T11:59:42.058684Z[0m [33m WARN[0m [2mplatform_linux::overlay[0m[2m:[0m X11 overlay: root reads cannot see this window's own pixels; save-unders will be served without readback confirmation
{"trial": "Q105-modal-COMP-measured-r25", "mode": "step", "outcome": "verified", "oracle_exact_match": true, "completion_mutations": 1, "routes": ["provider", "provider"], "error": null, "la": "2.53", "prov": {"attempts": 0, "reached": 0}}
[2m2026-10-03T11:59:43.145758Z[0m [33m WARN[0m [2mcua_driver_sdk::runtime[0m[2m:[0m could not activate the persistent AT-SPI listener: AT-SPI connect failed: ZBus Error: MethodError(OwnedErrorName("org.freedesktop.DBus.Error.NameHasNoOwner"), Some("Could not activate remote peer 'org.a11y.atspi.Registry': unit failed"), Msg { type: Error, serial: 4294967295, sender: UniqueName("org.freedesktop.DBus"), reply-serial: 9, body: Str, fds: [] })
[2m2026-10-03T11:59:43.152945Z[0m [33m WARN[0m [2mplatform_linux::overlay[0m[2m:[0m X11 overlay: root reads cannot see this window's own pixels; save-unders will be served without readback confirmation
{"trial": "Q106-modal-COMP-measured-r26", "mode": "step", "outcome": "verified", "oracle_exact_match": true, "completion_mutations": 1, "routes": ["provider", "provider"], "error": null, "la": "2.40", "prov": {"attempts": 0, "reached": 0}}
[2m2026-10-03T11:59:44.233823Z[0m [33m WARN[0m [2mcua_driver_sdk::runtime[0m[2m:[0m could not activate the persistent AT-SPI listener: AT-SPI connect failed: ZBus Error: MethodError(OwnedErrorName("org.freedesktop.DBus.Error.NameHasNoOwner"), Some("Could not activate remote peer 'org.a11y.atspi.Registry': unit failed"), Msg { type: Error, serial: 4294967295, sender: UniqueName("org.freedesktop.DBus"), reply-serial: 9, body: Str, fds: [] })
[2m2026-10-03T11:59:44.241394Z[0m [33m WARN[0m [2mplatform_linux::overlay[0m[2m:[0m X11 overlay: root reads cannot see this window's own pixels; save-unders will be served without readback confirmation
{"trial": "Q107-modal-COMP_CR-warm-r26", "kind": "warm", "outcome": "verified", "routine_outcome": "verified", "oracle_exact_match": true, "completion_mutations": 1, "routes": ["compiled"], "error": null, "la": "2.40", "dec": 0, "prov": {"attempts": 0, "reached": 0}}
[2m2026-10-03T11:59:45.333596Z[0m [33m WARN[0m [2mcua_driver_sdk::runtime[0m[2m:[0m could not activate the persistent AT-SPI listener: AT-SPI connect failed: ZBus Error: MethodError(OwnedErrorName("org.freedesktop.DBus.Error.NameHasNoOwner"), Some("Could not activate remote peer 'org.a11y.atspi.Registry': unit failed"), Msg { type: Error, serial: 4294967295, sender: UniqueName("org.freedesktop.DBus"), reply-serial: 9, body: Str, fds: [] })
[2m2026-10-03T11:59:45.341783Z[0m [33m WARN[0m [2mplatform_linux::overlay[0m[2m:[0m X11 overlay: root reads cannot see this window's own pixels; save-unders will be served without readback confirmation
{"trial": "Q108-toggle-COMP-measured-r26", "mode": "step", "outcome": "verified", "oracle_exact_match": true, "completion_mutations": 1, "routes": ["provider", "provider"], "error": null, "la": "2.40", "prov": {"attempts": 0, "reached": 0}}
[2m2026-10-03T11:59:46.424733Z[0m [33m WARN[0m [2mcua_driver_sdk::runtime[0m[2m:[0m could not activate the persistent AT-SPI listener: AT-SPI connect failed: ZBus Error: MethodError(OwnedErrorName("org.freedesktop.DBus.Error.NameHasNoOwner"), Some("Could not activate remote peer 'org.a11y.atspi.Registry': unit failed"), Msg { type: Error, serial: 4294967295, sender: UniqueName("org.freedesktop.DBus"), reply-serial: 9, body: Str, fds: [] })
[2m2026-10-03T11:59:46.432100Z[0m [33m WARN[0m [2mplatform_linux::overlay[0m[2m:[0m X11 overlay: root reads cannot see this window's own pixels; save-unders will be served without readback confirmation
{"trial": "Q109-toggle-COMP_CR-warm-r26", "kind": "warm", "outcome": "verified", "routine_outcome": "verified", "oracle_exact_match": true, "completion_mutations": 1, "routes": ["compiled"], "error": null, "la": "2.40", "dec": 0, "prov": {"attempts": 0, "reached": 0}}
[2m2026-10-03T11:59:47.507202Z[0m [33m WARN[0m [2mcua_driver_sdk::runtime[0m[2m:[0m could not activate the persistent AT-SPI listener: AT-SPI connect failed: ZBus Error: MethodError(OwnedErrorName("org.freedesktop.DBus.Error.NameHasNoOwner"), Some("Could not activate remote peer 'org.a11y.atspi.Registry': unit failed"), Msg { type: Error, serial: 4294967295, sender: UniqueName("org.freedesktop.DBus"), reply-serial: 9, body: Str, fds: [] })
[2m2026-10-03T11:59:47.515016Z[0m [33m WARN[0m [2mplatform_linux::overlay[0m[2m:[0m X11 overlay: root reads cannot see this window's own pixels; save-unders will be served without readback confirmation
{"trial": "Q110-modal-COMP_CR-warm-r27", "kind": "warm", "outcome": "verified", "routine_outcome": "verified", "oracle_exact_match": true, "completion_mutations": 1, "routes": ["compiled"], "error": null, "la": "2.40", "dec": 0, "prov": {"attempts": 0, "reached": 0}}
[2m2026-10-03T11:59:48.591382Z[0m [33m WARN[0m [2mcua_driver_sdk::runtime[0m[2m:[0m could not activate the persistent AT-SPI listener: AT-SPI connect failed: ZBus Error: MethodError(OwnedErrorName("org.freedesktop.DBus.Error.NameHasNoOwner"), Some("Could not activate remote peer 'org.a11y.atspi.Registry': unit failed"), Msg { type: Error, serial: 4294967295, sender: UniqueName("org.freedesktop.DBus"), reply-serial: 9, body: Str, fds: [] })
[2m2026-10-03T11:59:48.600153Z[0m [33m WARN[0m [2mplatform_linux::overlay[0m[2m:[0m X11 overlay: root reads cannot see this window's own pixels; save-unders will be served without readback confirmation
{"trial": "Q111-modal-COMP-measured-r27", "mode": "step", "outcome": "verified", "oracle_exact_match": true, "completion_mutations": 1, "routes": ["provider", "provider"], "error": null, "la": "2.29", "prov": {"attempts": 0, "reached": 0}}
[2m2026-10-03T11:59:49.697610Z[0m [33m WARN[0m [2mcua_driver_sdk::runtime[0m[2m:[0m could not activate the persistent AT-SPI listener: AT-SPI connect failed: ZBus Error: MethodError(OwnedErrorName("org.freedesktop.DBus.Error.NameHasNoOwner"), Some("Could not activate remote peer 'org.a11y.atspi.Registry': unit failed"), Msg { type: Error, serial: 4294967295, sender: UniqueName("org.freedesktop.DBus"), reply-serial: 9, body: Str, fds: [] })
[2m2026-10-03T11:59:49.705231Z[0m [33m WARN[0m [2mplatform_linux::overlay[0m[2m:[0m X11 overlay: root reads cannot see this window's own pixels; save-unders will be served without readback confirmation
{"trial": "Q112-toggle-COMP_CR-warm-r27", "kind": "warm", "outcome": "verified", "routine_outcome": "verified", "oracle_exact_match": true, "completion_mutations": 1, "routes": ["compiled"], "error": null, "la": "2.29", "dec": 0, "prov": {"attempts": 0, "reached": 0}}
[2m2026-10-03T11:59:50.804965Z[0m [33m WARN[0m [2mcua_driver_sdk::runtime[0m[2m:[0m could not activate the persistent AT-SPI listener: AT-SPI connect failed: ZBus Error: MethodError(OwnedErrorName("org.freedesktop.DBus.Error.NameHasNoOwner"), Some("Could not activate remote peer 'org.a11y.atspi.Registry': unit failed"), Msg { type: Error, serial: 4294967295, sender: UniqueName("org.freedesktop.DBus"), reply-serial: 9, body: Str, fds: [] })
[2m2026-10-03T11:59:50.811926Z[0m [33m WARN[0m [2mplatform_linux::overlay[0m[2m:[0m X11 overlay: root reads cannot see this window's own pixels; save-unders will be served without readback confirmation
{"trial": "Q113-toggle-COMP-measured-r27", "mode": "step", "outcome": "verified", "oracle_exact_match": true, "completion_mutations": 1, "routes": ["provider", "provider"], "error": null, "la": "2.29", "prov": {"attempts": 0, "reached": 0}}
[2m2026-10-03T11:59:52.601429Z[0m [33m WARN[0m [2mcua_driver_sdk::runtime[0m[2m:[0m could not activate the persistent AT-SPI listener: AT-SPI connect failed: ZBus Error: MethodError(OwnedErrorName("org.freedesktop.DBus.Error.NameHasNoOwner"), Some("Could not activate remote peer 'org.a11y.atspi.Registry': unit failed"), Msg { type: Error, serial: 4294967295, sender: UniqueName("org.freedesktop.DBus"), reply-serial: 9, body: Str, fds: [] })
[2m2026-10-03T11:59:52.609157Z[0m [33m WARN[0m [2mplatform_linux::overlay[0m[2m:[0m X11 overlay: root reads cannot see this window's own pixels; save-unders will be served without readback confirmation
{"trial": "Q114-toggle-COMP-measured-r28", "mode": "step", "outcome": "verified", "oracle_exact_match": true, "completion_mutations": 1, "routes": ["provider", "provider"], "error": null, "la": "2.29", "prov": {"attempts": 0, "reached": 0}}
[2m2026-10-03T11:59:53.707109Z[0m [33m WARN[0m [2mcua_driver_sdk::runtime[0m[2m:[0m could not activate the persistent AT-SPI listener: AT-SPI connect failed: ZBus Error: MethodError(OwnedErrorName("org.freedesktop.DBus.Error.NameHasNoOwner"), Some("Could not activate remote peer 'org.a11y.atspi.Registry': unit failed"), Msg { type: Error, serial: 4294967295, sender: UniqueName("org.freedesktop.DBus"), reply-serial: 9, body: Str, fds: [] })
[2m2026-10-03T11:59:53.714901Z[0m [33m WARN[0m [2mplatform_linux::overlay[0m[2m:[0m X11 overlay: root reads cannot see this window's own pixels; save-unders will be served without readback confirmation
{"trial": "Q115-toggle-COMP_CR-warm-r28", "kind": "warm", "outcome": "verified", "routine_outcome": "verified", "oracle_exact_match": true, "completion_mutations": 1, "routes": ["compiled"], "error": null, "la": "2.35", "dec": 0, "prov": {"attempts": 0, "reached": 0}}
[2m2026-10-03T11:59:55.382849Z[0m [33m WARN[0m [2mcua_driver_sdk::runtime[0m[2m:[0m could not activate the persistent AT-SPI listener: AT-SPI connect failed: ZBus Error: MethodError(OwnedErrorName("org.freedesktop.DBus.Error.NameHasNoOwner"), Some("Could not activate remote peer 'org.a11y.atspi.Registry': unit failed"), Msg { type: Error, serial: 4294967295, sender: UniqueName("org.freedesktop.DBus"), reply-serial: 9, body: Str, fds: [] })
[2m2026-10-03T11:59:55.392082Z[0m [33m WARN[0m [2mplatform_linux::overlay[0m[2m:[0m X11 overlay: root reads cannot see this window's own pixels; save-unders will be served without readback confirmation
{"trial": "Q116-modal-COMP-measured-r28", "mode": "step", "outcome": "verified", "oracle_exact_match": true, "completion_mutations": 1, "routes": ["provider", "provider"], "error": null, "la": "2.35", "prov": {"attempts": 0, "reached": 0}}
[2m2026-10-03T11:59:56.486185Z[0m [33m WARN[0m [2mcua_driver_sdk::runtime[0m[2m:[0m could not activate the persistent AT-SPI listener: AT-SPI connect failed: ZBus Error: MethodError(OwnedErrorName("org.freedesktop.DBus.Error.NameHasNoOwner"), Some("Could not activate remote peer 'org.a11y.atspi.Registry': unit failed"), Msg { type: Error, serial: 4294967295, sender: UniqueName("org.freedesktop.DBus"), reply-serial: 9, body: Str, fds: [] })
[2m2026-10-03T11:59:56.493196Z[0m [33m WARN[0m [2mplatform_linux::overlay[0m[2m:[0m X11 overlay: root reads cannot see this window's own pixels; save-unders will be served without readback confirmation
{"trial": "Q117-modal-COMP_CR-warm-r28", "kind": "warm", "outcome": "verified", "routine_outcome": "verified", "oracle_exact_match": true, "completion_mutations": 1, "routes": ["compiled"], "error": null, "la": "2.35", "dec": 0, "prov": {"attempts": 0, "reached": 0}}
[2m2026-10-03T11:59:58.129204Z[0m [33m WARN[0m [2mcua_driver_sdk::runtime[0m[2m:[0m could not activate the persistent AT-SPI listener: AT-SPI connect failed: ZBus Error: MethodError(OwnedErrorName("org.freedesktop.DBus.Error.NameHasNoOwner"), Some("Could not activate remote peer 'org.a11y.atspi.Registry': unit failed"), Msg { type: Error, serial: 4294967295, sender: UniqueName("org.freedesktop.DBus"), reply-serial: 9, body: Str, fds: [] })
[2m2026-10-03T11:59:58.136728Z[0m [33m WARN[0m [2mplatform_linux::overlay[0m[2m:[0m X11 overlay: root reads cannot see this window's own pixels; save-unders will be served without readback confirmation
{"trial": "Q118-toggle-COMP_CR-warm-r29", "kind": "warm", "outcome": "verified", "routine_outcome": "verified", "oracle_exact_match": true, "completion_mutations": 1, "routes": ["compiled"], "error": null, "la": "2.24", "dec": 0, "prov": {"attempts": 0, "reached": 0}}
[2m2026-10-03T11:59:59.226144Z[0m [33m WARN[0m [2mcua_driver_sdk::runtime[0m[2m:[0m could not activate the persistent AT-SPI listener: AT-SPI connect failed: ZBus Error: MethodError(OwnedErrorName("org.freedesktop.DBus.Error.NameHasNoOwner"), Some("Could not activate remote peer 'org.a11y.atspi.Registry': unit failed"), Msg { type: Error, serial: 4294967295, sender: UniqueName("org.freedesktop.DBus"), reply-serial: 9, body: Str, fds: [] })
[2m2026-10-03T11:59:59.234079Z[0m [33m WARN[0m [2mplatform_linux::overlay[0m[2m:[0m X11 overlay: root reads cannot see this window's own pixels; save-unders will be served without readback confirmation
{"trial": "Q119-toggle-COMP-measured-r29", "mode": "step", "outcome": "verified", "oracle_exact_match": true, "completion_mutations": 1, "routes": ["provider", "provider"], "error": null, "la": "2.24", "prov": {"attempts": 0, "reached": 0}}
[2m2026-10-03T12:00:00.324610Z[0m [33m WARN[0m [2mcua_driver_sdk::runtime[0m[2m:[0m could not activate the persistent AT-SPI listener: AT-SPI connect failed: ZBus Error: MethodError(OwnedErrorName("org.freedesktop.DBus.Error.NameHasNoOwner"), Some("Could not activate remote peer 'org.a11y.atspi.Registry': unit failed"), Msg { type: Error, serial: 4294967295, sender: UniqueName("org.freedesktop.DBus"), reply-serial: 9, body: Str, fds: [] })
[2m2026-10-03T12:00:00.331874Z[0m [33m WARN[0m [2mplatform_linux::overlay[0m[2m:[0m X11 overlay: root reads cannot see this window's own pixels; save-unders will be served without readback confirmation
{"trial": "Q120-modal-COMP_CR-warm-r29", "kind": "warm", "outcome": "verified", "routine_outcome": "verified", "oracle_exact_match": true, "completion_mutations": 1, "routes": ["compiled"], "error": null, "la": "2.24", "dec": 0, "prov": {"attempts": 0, "reached": 0}}
[2m2026-10-03T12:00:01.445837Z[0m [33m WARN[0m [2mcua_driver_sdk::runtime[0m[2m:[0m could not activate the persistent AT-SPI listener: AT-SPI connect failed: ZBus Error: MethodError(OwnedErrorName("org.freedesktop.DBus.Error.NameHasNoOwner"), Some("Could not activate remote peer 'org.a11y.atspi.Registry': unit failed"), Msg { type: Error, serial: 4294967295, sender: UniqueName("org.freedesktop.DBus"), reply-serial: 9, body: Str, fds: [] })
[2m2026-10-03T12:00:01.453872Z[0m [33m WARN[0m [2mplatform_linux::overlay[0m[2m:[0m X11 overlay: root reads cannot see this window's own pixels; save-unders will be served without readback confirmation
{"trial": "Q121-modal-COMP-measured-r29", "mode": "step", "outcome": "verified", "oracle_exact_match": true, "completion_mutations": 1, "routes": ["provider", "provider"], "error": null, "la": "2.24", "prov": {"attempts": 0, "reached": 0}}
[2m2026-10-03T12:00:02.564879Z[0m [33m WARN[0m [2mcua_driver_sdk::runtime[0m[2m:[0m could not activate the persistent AT-SPI listener: AT-SPI connect failed: ZBus Error: MethodError(OwnedErrorName("org.freedesktop.DBus.Error.NameHasNoOwner"), Some("Could not activate remote peer 'org.a11y.atspi.Registry': unit failed"), Msg { type: Error, serial: 4294967295, sender: UniqueName("org.freedesktop.DBus"), reply-serial: 9, body: Str, fds: [] })
[2m2026-10-03T12:00:02.573343Z[0m [33m WARN[0m [2mplatform_linux::overlay[0m[2m:[0m X11 overlay: root reads cannot see this window's own pixels; save-unders will be served without readback confirmation
{"trial": "Q122-modal-COMP-measured-r30", "mode": "step", "outcome": "verified", "oracle_exact_match": true, "completion_mutations": 1, "routes": ["provider", "provider"], "error": null, "la": "2.24", "prov": {"attempts": 0, "reached": 0}}
[2m2026-10-03T12:00:03.668785Z[0m [33m WARN[0m [2mcua_driver_sdk::runtime[0m[2m:[0m could not activate the persistent AT-SPI listener: AT-SPI connect failed: ZBus Error: MethodError(OwnedErrorName("org.freedesktop.DBus.Error.NameHasNoOwner"), Some("Could not activate remote peer 'org.a11y.atspi.Registry': unit failed"), Msg { type: Error, serial: 4294967295, sender: UniqueName("org.freedesktop.DBus"), reply-serial: 9, body: Str, fds: [] })
[2m2026-10-03T12:00:03.675569Z[0m [33m WARN[0m [2mplatform_linux::overlay[0m[2m:[0m X11 overlay: root reads cannot see this window's own pixels; save-unders will be served without readback confirmation
{"trial": "Q123-modal-COMP_CR-warm-r30", "kind": "warm", "outcome": "verified", "routine_outcome": "verified", "oracle_exact_match": true, "completion_mutations": 1, "routes": ["compiled"], "error": null, "la": "2.38", "dec": 0, "prov": {"attempts": 0, "reached": 0}}
[2m2026-10-03T12:00:04.758107Z[0m [33m WARN[0m [2mcua_driver_sdk::runtime[0m[2m:[0m could not activate the persistent AT-SPI listener: AT-SPI connect failed: ZBus Error: MethodError(OwnedErrorName("org.freedesktop.DBus.Error.NameHasNoOwner"), Some("Could not activate remote peer 'org.a11y.atspi.Registry': unit failed"), Msg { type: Error, serial: 4294967295, sender: UniqueName("org.freedesktop.DBus"), reply-serial: 9, body: Str, fds: [] })
[2m2026-10-03T12:00:04.765286Z[0m [33m WARN[0m [2mplatform_linux::overlay[0m[2m:[0m X11 overlay: root reads cannot see this window's own pixels; save-unders will be served without readback confirmation
{"trial": "Q124-toggle-COMP-measured-r30", "mode": "step", "outcome": "verified", "oracle_exact_match": true, "completion_mutations": 1, "routes": ["provider", "provider"], "error": null, "la": "2.38", "prov": {"attempts": 0, "reached": 0}}
[2m2026-10-03T12:00:05.872281Z[0m [33m WARN[0m [2mcua_driver_sdk::runtime[0m[2m:[0m could not activate the persistent AT-SPI listener: AT-SPI connect failed: ZBus Error: MethodError(OwnedErrorName("org.freedesktop.DBus.Error.NameHasNoOwner"), Some("Could not activate remote peer 'org.a11y.atspi.Registry': unit failed"), Msg { type: Error, serial: 4294967295, sender: UniqueName("org.freedesktop.DBus"), reply-serial: 9, body: Str, fds: [] })
[2m2026-10-03T12:00:05.879696Z[0m [33m WARN[0m [2mplatform_linux::overlay[0m[2m:[0m X11 overlay: root reads cannot see this window's own pixels; save-unders will be served without readback confirmation
{"trial": "Q125-toggle-COMP_CR-warm-r30", "kind": "warm", "outcome": "verified", "routine_outcome": "verified", "oracle_exact_match": true, "completion_mutations": 1, "routes": ["compiled"], "error": null, "la": "2.38", "dec": 0, "prov": {"attempts": 0, "reached": 0}}
[2m2026-10-03T12:00:06.976278Z[0m [33m WARN[0m [2mcua_driver_sdk::runtime[0m[2m:[0m could not activate the persistent AT-SPI listener: AT-SPI connect failed: ZBus Error: MethodError(OwnedErrorName("org.freedesktop.DBus.Error.NameHasNoOwner"), Some("Could not activate remote peer 'org.a11y.atspi.Registry': unit failed"), Msg { type: Error, serial: 4294967295, sender: UniqueName("org.freedesktop.DBus"), reply-serial: 9, body: Str, fds: [] })
[2m2026-10-03T12:00:06.983786Z[0m [33m WARN[0m [2mplatform_linux::overlay[0m[2m:[0m X11 overlay: root reads cannot see this window's own pixels; save-unders will be served without readback confirmation
{"trial": "Q126-modal-COMP_CR-warm-r31", "kind": "warm", "outcome": "verified", "routine_outcome": "verified", "oracle_exact_match": true, "completion_mutations": 1, "routes": ["compiled"], "error": null, "la": "2.38", "dec": 0, "prov": {"attempts": 0, "reached": 0}}
[2m2026-10-03T12:00:08.077727Z[0m [33m WARN[0m [2mcua_driver_sdk::runtime[0m[2m:[0m could not activate the persistent AT-SPI listener: AT-SPI connect failed: ZBus Error: MethodError(OwnedErrorName("org.freedesktop.DBus.Error.NameHasNoOwner"), Some("Could not activate remote peer 'org.a11y.atspi.Registry': unit failed"), Msg { type: Error, serial: 4294967295, sender: UniqueName("org.freedesktop.DBus"), reply-serial: 9, body: Str, fds: [] })
[2m2026-10-03T12:00:08.084590Z[0m [33m WARN[0m [2mplatform_linux::overlay[0m[2m:[0m X11 overlay: root reads cannot see this window's own pixels; save-unders will be served without readback confirmation
{"trial": "Q127-modal-COMP-measured-r31", "mode": "step", "outcome": "verified", "oracle_exact_match": true, "completion_mutations": 1, "routes": ["provider", "provider"], "error": null, "la": "2.19", "prov": {"attempts": 0, "reached": 0}}
[2m2026-10-03T12:00:09.163110Z[0m [33m WARN[0m [2mcua_driver_sdk::runtime[0m[2m:[0m could not activate the persistent AT-SPI listener: AT-SPI connect failed: ZBus Error: MethodError(OwnedErrorName("org.freedesktop.DBus.Error.NameHasNoOwner"), Some("Could not activate remote peer 'org.a11y.atspi.Registry': unit failed"), Msg { type: Error, serial: 4294967295, sender: UniqueName("org.freedesktop.DBus"), reply-serial: 9, body: Str, fds: [] })
[2m2026-10-03T12:00:09.170377Z[0m [33m WARN[0m [2mplatform_linux::overlay[0m[2m:[0m X11 overlay: root reads cannot see this window's own pixels; save-unders will be served without readback confirmation
{"trial": "Q128-toggle-COMP_CR-warm-r31", "kind": "warm", "outcome": "verified", "routine_outcome": "verified", "oracle_exact_match": true, "completion_mutations": 1, "routes": ["compiled"], "error": null, "la": "2.19", "dec": 0, "prov": {"attempts": 0, "reached": 0}}
[2m2026-10-03T12:00:10.258983Z[0m [33m WARN[0m [2mcua_driver_sdk::runtime[0m[2m:[0m could not activate the persistent AT-SPI listener: AT-SPI connect failed: ZBus Error: MethodError(OwnedErrorName("org.freedesktop.DBus.Error.NameHasNoOwner"), Some("Could not activate remote peer 'org.a11y.atspi.Registry': unit failed"), Msg { type: Error, serial: 4294967295, sender: UniqueName("org.freedesktop.DBus"), reply-serial: 9, body: Str, fds: [] })
[2m2026-10-03T12:00:10.267355Z[0m [33m WARN[0m [2mplatform_linux::overlay[0m[2m:[0m X11 overlay: root reads cannot see this window's own pixels; save-unders will be served without readback confirmation
{"trial": "Q129-toggle-COMP-measured-r31", "mode": "step", "outcome": "verified", "oracle_exact_match": true, "completion_mutations": 1, "routes": ["provider", "provider"], "error": null, "la": "2.19", "prov": {"attempts": 0, "reached": 0}}
[2m2026-10-03T12:00:11.362274Z[0m [33m WARN[0m [2mcua_driver_sdk::runtime[0m[2m:[0m could not activate the persistent AT-SPI listener: AT-SPI connect failed: ZBus Error: MethodError(OwnedErrorName("org.freedesktop.DBus.Error.NameHasNoOwner"), Some("Could not activate remote peer 'org.a11y.atspi.Registry': unit failed"), Msg { type: Error, serial: 4294967295, sender: UniqueName("org.freedesktop.DBus"), reply-serial: 9, body: Str, fds: [] })
[2m2026-10-03T12:00:11.369725Z[0m [33m WARN[0m [2mplatform_linux::overlay[0m[2m:[0m X11 overlay: root reads cannot see this window's own pixels; save-unders will be served without readback confirmation
{"trial": "Q130-toggle-COMP-measured-r32", "mode": "step", "outcome": "verified", "oracle_exact_match": true, "completion_mutations": 1, "routes": ["provider", "provider"], "error": null, "la": "2.19", "prov": {"attempts": 0, "reached": 0}}
[2m2026-10-03T12:00:12.454165Z[0m [33m WARN[0m [2mcua_driver_sdk::runtime[0m[2m:[0m could not activate the persistent AT-SPI listener: AT-SPI connect failed: ZBus Error: MethodError(OwnedErrorName("org.freedesktop.DBus.Error.NameHasNoOwner"), Some("Could not activate remote peer 'org.a11y.atspi.Registry': unit failed"), Msg { type: Error, serial: 4294967295, sender: UniqueName("org.freedesktop.DBus"), reply-serial: 9, body: Str, fds: [] })
[2m2026-10-03T12:00:12.460901Z[0m [33m WARN[0m [2mplatform_linux::overlay[0m[2m:[0m X11 overlay: root reads cannot see this window's own pixels; save-unders will be served without readback confirmation
{"trial": "Q131-toggle-COMP_CR-warm-r32", "kind": "warm", "outcome": "verified", "routine_outcome": "verified", "oracle_exact_match": true, "completion_mutations": 1, "routes": ["compiled"], "error": null, "la": "2.19", "dec": 0, "prov": {"attempts": 0, "reached": 0}}
[2m2026-10-03T12:00:13.544967Z[0m [33m WARN[0m [2mcua_driver_sdk::runtime[0m[2m:[0m could not activate the persistent AT-SPI listener: AT-SPI connect failed: ZBus Error: MethodError(OwnedErrorName("org.freedesktop.DBus.Error.NameHasNoOwner"), Some("Could not activate remote peer 'org.a11y.atspi.Registry': unit failed"), Msg { type: Error, serial: 4294967295, sender: UniqueName("org.freedesktop.DBus"), reply-serial: 9, body: Str, fds: [] })
[2m2026-10-03T12:00:13.551736Z[0m [33m WARN[0m [2mplatform_linux::overlay[0m[2m:[0m X11 overlay: root reads cannot see this window's own pixels; save-unders will be served without readback confirmation
{"trial": "Q132-modal-COMP-measured-r32", "mode": "step", "outcome": "verified", "oracle_exact_match": true, "completion_mutations": 1, "routes": ["provider", "provider"], "error": null, "la": "2.25", "prov": {"attempts": 0, "reached": 0}}
[2m2026-10-03T12:00:14.642962Z[0m [33m WARN[0m [2mcua_driver_sdk::runtime[0m[2m:[0m could not activate the persistent AT-SPI listener: AT-SPI connect failed: ZBus Error: MethodError(OwnedErrorName("org.freedesktop.DBus.Error.NameHasNoOwner"), Some("Could not activate remote peer 'org.a11y.atspi.Registry': unit failed"), Msg { type: Error, serial: 4294967295, sender: UniqueName("org.freedesktop.DBus"), reply-serial: 9, body: Str, fds: [] })
[2m2026-10-03T12:00:14.649538Z[0m [33m WARN[0m [2mplatform_linux::overlay[0m[2m:[0m X11 overlay: root reads cannot see this window's own pixels; save-unders will be served without readback confirmation
{"trial": "Q133-modal-COMP_CR-warm-r32", "kind": "warm", "outcome": "verified", "routine_outcome": "verified", "oracle_exact_match": true, "completion_mutations": 1, "routes": ["compiled"], "error": null, "la": "2.25", "dec": 0, "prov": {"attempts": 0, "reached": 0}}
[2m2026-10-03T12:00:15.748339Z[0m [33m WARN[0m [2mcua_driver_sdk::runtime[0m[2m:[0m could not activate the persistent AT-SPI listener: AT-SPI connect failed: ZBus Error: MethodError(OwnedErrorName("org.freedesktop.DBus.Error.NameHasNoOwner"), Some("Could not activate remote peer 'org.a11y.atspi.Registry': unit failed"), Msg { type: Error, serial: 4294967295, sender: UniqueName("org.freedesktop.DBus"), reply-serial: 9, body: Str, fds: [] })
[2m2026-10-03T12:00:15.755522Z[0m [33m WARN[0m [2mplatform_linux::overlay[0m[2m:[0m X11 overlay: root reads cannot see this window's own pixels; save-unders will be served without readback confirmation
{"trial": "Q134-toggle-COMP_CR-warm-r33", "kind": "warm", "outcome": "verified", "routine_outcome": "verified", "oracle_exact_match": true, "completion_mutations": 1, "routes": ["compiled"], "error": null, "la": "2.25", "dec": 0, "prov": {"attempts": 0, "reached": 0}}
[2m2026-10-03T12:00:16.833261Z[0m [33m WARN[0m [2mcua_driver_sdk::runtime[0m[2m:[0m could not activate the persistent AT-SPI listener: AT-SPI connect failed: ZBus Error: MethodError(OwnedErrorName("org.freedesktop.DBus.Error.NameHasNoOwner"), Some("Could not activate remote peer 'org.a11y.atspi.Registry': unit failed"), Msg { type: Error, serial: 4294967295, sender: UniqueName("org.freedesktop.DBus"), reply-serial: 9, body: Str, fds: [] })
[2m2026-10-03T12:00:16.840508Z[0m [33m WARN[0m [2mplatform_linux::overlay[0m[2m:[0m X11 overlay: root reads cannot see this window's own pixels; save-unders will be served without readback confirmation
{"trial": "Q135-toggle-COMP-measured-r33", "mode": "step", "outcome": "verified", "oracle_exact_match": true, "completion_mutations": 1, "routes": ["provider", "provider"], "error": null, "la": "2.25", "prov": {"attempts": 0, "reached": 0}}
[2m2026-10-03T12:00:17.924930Z[0m [33m WARN[0m [2mcua_driver_sdk::runtime[0m[2m:[0m could not activate the persistent AT-SPI listener: AT-SPI connect failed: ZBus Error: MethodError(OwnedErrorName("org.freedesktop.DBus.Error.NameHasNoOwner"), Some("Could not activate remote peer 'org.a11y.atspi.Registry': unit failed"), Msg { type: Error, serial: 4294967295, sender: UniqueName("org.freedesktop.DBus"), reply-serial: 9, body: Str, fds: [] })
[2m2026-10-03T12:00:17.932215Z[0m [33m WARN[0m [2mplatform_linux::overlay[0m[2m:[0m X11 overlay: root reads cannot see this window's own pixels; save-unders will be served without readback confirmation
{"trial": "Q136-modal-COMP_CR-warm-r33", "kind": "warm", "outcome": "verified", "routine_outcome": "verified", "oracle_exact_match": true, "completion_mutations": 1, "routes": ["compiled"], "error": null, "la": "2.07", "dec": 0, "prov": {"attempts": 0, "reached": 0}}
[2m2026-10-03T12:00:19.017876Z[0m [33m WARN[0m [2mcua_driver_sdk::runtime[0m[2m:[0m could not activate the persistent AT-SPI listener: AT-SPI connect failed: ZBus Error: MethodError(OwnedErrorName("org.freedesktop.DBus.Error.NameHasNoOwner"), Some("Could not activate remote peer 'org.a11y.atspi.Registry': unit failed"), Msg { type: Error, serial: 4294967295, sender: UniqueName("org.freedesktop.DBus"), reply-serial: 9, body: Str, fds: [] })
[2m2026-10-03T12:00:19.025548Z[0m [33m WARN[0m [2mplatform_linux::overlay[0m[2m:[0m X11 overlay: root reads cannot see this window's own pixels; save-unders will be served without readback confirmation
{"trial": "Q137-modal-COMP-measured-r33", "mode": "step", "outcome": "verified", "oracle_exact_match": true, "completion_mutations": 1, "routes": ["provider", "provider"], "error": null, "la": "2.07", "prov": {"attempts": 0, "reached": 0}}
[2m2026-10-03T12:00:20.688154Z[0m [33m WARN[0m [2mcua_driver_sdk::runtime[0m[2m:[0m could not activate the persistent AT-SPI listener: AT-SPI connect failed: ZBus Error: MethodError(OwnedErrorName("org.freedesktop.DBus.Error.NameHasNoOwner"), Some("Could not activate remote peer 'org.a11y.atspi.Registry': unit failed"), Msg { type: Error, serial: 4294967295, sender: UniqueName("org.freedesktop.DBus"), reply-serial: 9, body: Str, fds: [] })
[2m2026-10-03T12:00:20.695077Z[0m [33m WARN[0m [2mplatform_linux::overlay[0m[2m:[0m X11 overlay: root reads cannot see this window's own pixels; save-unders will be served without readback confirmation
{"trial": "Q138-modal-COMP-measured-r34", "mode": "step", "outcome": "verified", "oracle_exact_match": true, "completion_mutations": 1, "routes": ["provider", "provider"], "error": null, "la": "2.07", "prov": {"attempts": 0, "reached": 0}}
[2m2026-10-03T12:00:21.778680Z[0m [33m WARN[0m [2mcua_driver_sdk::runtime[0m[2m:[0m could not activate the persistent AT-SPI listener: AT-SPI connect failed: ZBus Error: MethodError(OwnedErrorName("org.freedesktop.DBus.Error.NameHasNoOwner"), Some("Could not activate remote peer 'org.a11y.atspi.Registry': unit failed"), Msg { type: Error, serial: 4294967295, sender: UniqueName("org.freedesktop.DBus"), reply-serial: 9, body: Str, fds: [] })
[2m2026-10-03T12:00:21.785420Z[0m [33m WARN[0m [2mplatform_linux::overlay[0m[2m:[0m X11 overlay: root reads cannot see this window's own pixels; save-unders will be served without readback confirmation
{"trial": "Q139-modal-COMP_CR-warm-r34", "kind": "warm", "outcome": "verified", "routine_outcome": "verified", "oracle_exact_match": true, "completion_mutations": 1, "routes": ["compiled"], "error": null, "la": "2.07", "dec": 0, "prov": {"attempts": 0, "reached": 0}}
[2m2026-10-03T12:00:22.877447Z[0m [33m WARN[0m [2mcua_driver_sdk::runtime[0m[2m:[0m could not activate the persistent AT-SPI listener: AT-SPI connect failed: ZBus Error: MethodError(OwnedErrorName("org.freedesktop.DBus.Error.NameHasNoOwner"), Some("Could not activate remote peer 'org.a11y.atspi.Registry': unit failed"), Msg { type: Error, serial: 4294967295, sender: UniqueName("org.freedesktop.DBus"), reply-serial: 9, body: Str, fds: [] })
[2m2026-10-03T12:00:22.884561Z[0m [33m WARN[0m [2mplatform_linux::overlay[0m[2m:[0m X11 overlay: root reads cannot see this window's own pixels; save-unders will be served without readback confirmation
{"trial": "Q140-toggle-COMP-measured-r34", "mode": "step", "outcome": "verified", "oracle_exact_match": true, "completion_mutations": 1, "routes": ["provider", "provider"], "error": null, "la": "1.91", "prov": {"attempts": 0, "reached": 0}}
[2m2026-10-03T12:00:23.962021Z[0m [33m WARN[0m [2mcua_driver_sdk::runtime[0m[2m:[0m could not activate the persistent AT-SPI listener: AT-SPI connect failed: ZBus Error: MethodError(OwnedErrorName("org.freedesktop.DBus.Error.NameHasNoOwner"), Some("Could not activate remote peer 'org.a11y.atspi.Registry': unit failed"), Msg { type: Error, serial: 4294967295, sender: UniqueName("org.freedesktop.DBus"), reply-serial: 9, body: Str, fds: [] })
[2m2026-10-03T12:00:23.969646Z[0m [33m WARN[0m [2mplatform_linux::overlay[0m[2m:[0m X11 overlay: root reads cannot see this window's own pixels; save-unders will be served without readback confirmation
{"trial": "Q141-toggle-COMP_CR-warm-r34", "kind": "warm", "outcome": "verified", "routine_outcome": "verified", "oracle_exact_match": true, "completion_mutations": 1, "routes": ["compiled"], "error": null, "la": "1.91", "dec": 0, "prov": {"attempts": 0, "reached": 0}}
[2m2026-10-03T12:00:25.058990Z[0m [33m WARN[0m [2mcua_driver_sdk::runtime[0m[2m:[0m could not activate the persistent AT-SPI listener: AT-SPI connect failed: ZBus Error: MethodError(OwnedErrorName("org.freedesktop.DBus.Error.NameHasNoOwner"), Some("Could not activate remote peer 'org.a11y.atspi.Registry': unit failed"), Msg { type: Error, serial: 4294967295, sender: UniqueName("org.freedesktop.DBus"), reply-serial: 9, body: Str, fds: [] })
[2m2026-10-03T12:00:25.066474Z[0m [33m WARN[0m [2mplatform_linux::overlay[0m[2m:[0m X11 overlay: root reads cannot see this window's own pixels; save-unders will be served without readback confirmation
{"trial": "Q142-modal-COMP_CR-warm-r35", "kind": "warm", "outcome": "verified", "routine_outcome": "verified", "oracle_exact_match": true, "completion_mutations": 1, "routes": ["compiled"], "error": null, "la": "1.91", "dec": 0, "prov": {"attempts": 0, "reached": 0}}
[2m2026-10-03T12:00:26.146456Z[0m [33m WARN[0m [2mcua_driver_sdk::runtime[0m[2m:[0m could not activate the persistent AT-SPI listener: AT-SPI connect failed: ZBus Error: MethodError(OwnedErrorName("org.freedesktop.DBus.Error.NameHasNoOwner"), Some("Could not activate remote peer 'org.a11y.atspi.Registry': unit failed"), Msg { type: Error, serial: 4294967295, sender: UniqueName("org.freedesktop.DBus"), reply-serial: 9, body: Str, fds: [] })
[2m2026-10-03T12:00:26.153311Z[0m [33m WARN[0m [2mplatform_linux::overlay[0m[2m:[0m X11 overlay: root reads cannot see this window's own pixels; save-unders will be served without readback confirmation
{"trial": "Q143-modal-COMP-measured-r35", "mode": "step", "outcome": "verified", "oracle_exact_match": true, "completion_mutations": 1, "routes": ["provider", "provider"], "error": null, "la": "1.91", "prov": {"attempts": 0, "reached": 0}}
[2m2026-10-03T12:00:27.236629Z[0m [33m WARN[0m [2mcua_driver_sdk::runtime[0m[2m:[0m could not activate the persistent AT-SPI listener: AT-SPI connect failed: ZBus Error: MethodError(OwnedErrorName("org.freedesktop.DBus.Error.NameHasNoOwner"), Some("Could not activate remote peer 'org.a11y.atspi.Registry': unit failed"), Msg { type: Error, serial: 4294967295, sender: UniqueName("org.freedesktop.DBus"), reply-serial: 9, body: Str, fds: [] })
[2m2026-10-03T12:00:27.244575Z[0m [33m WARN[0m [2mplatform_linux::overlay[0m[2m:[0m X11 overlay: root reads cannot see this window's own pixels; save-unders will be served without readback confirmation
{"trial": "Q144-toggle-COMP_CR-warm-r35", "kind": "warm", "outcome": "verified", "routine_outcome": "verified", "oracle_exact_match": true, "completion_mutations": 1, "routes": ["compiled"], "error": null, "la": "1.91", "dec": 0, "prov": {"attempts": 0, "reached": 0}}
[2m2026-10-03T12:00:28.325462Z[0m [33m WARN[0m [2mcua_driver_sdk::runtime[0m[2m:[0m could not activate the persistent AT-SPI listener: AT-SPI connect failed: ZBus Error: MethodError(OwnedErrorName("org.freedesktop.DBus.Error.NameHasNoOwner"), Some("Could not activate remote peer 'org.a11y.atspi.Registry': unit failed"), Msg { type: Error, serial: 4294967295, sender: UniqueName("org.freedesktop.DBus"), reply-serial: 9, body: Str, fds: [] })
[2m2026-10-03T12:00:28.332398Z[0m [33m WARN[0m [2mplatform_linux::overlay[0m[2m:[0m X11 overlay: root reads cannot see this window's own pixels; save-unders will be served without readback confirmation
{"trial": "Q145-toggle-COMP-measured-r35", "mode": "step", "outcome": "verified", "oracle_exact_match": true, "completion_mutations": 1, "routes": ["provider", "provider"], "error": null, "la": "2.24", "prov": {"attempts": 0, "reached": 0}}
[2m2026-10-03T12:00:29.421822Z[0m [33m WARN[0m [2mcua_driver_sdk::runtime[0m[2m:[0m could not activate the persistent AT-SPI listener: AT-SPI connect failed: ZBus Error: MethodError(OwnedErrorName("org.freedesktop.DBus.Error.NameHasNoOwner"), Some("Could not activate remote peer 'org.a11y.atspi.Registry': unit failed"), Msg { type: Error, serial: 4294967295, sender: UniqueName("org.freedesktop.DBus"), reply-serial: 9, body: Str, fds: [] })
[2m2026-10-03T12:00:29.429594Z[0m [33m WARN[0m [2mplatform_linux::overlay[0m[2m:[0m X11 overlay: root reads cannot see this window's own pixels; save-unders will be served without readback confirmation
{"trial": "Q146-toggle-COMP-measured-r36", "mode": "step", "outcome": "verified", "oracle_exact_match": true, "completion_mutations": 1, "routes": ["provider", "provider"], "error": null, "la": "2.24", "prov": {"attempts": 0, "reached": 0}}
[2m2026-10-03T12:00:31.086632Z[0m [33m WARN[0m [2mcua_driver_sdk::runtime[0m[2m:[0m could not activate the persistent AT-SPI listener: AT-SPI connect failed: ZBus Error: MethodError(OwnedErrorName("org.freedesktop.DBus.Error.NameHasNoOwner"), Some("Could not activate remote peer 'org.a11y.atspi.Registry': unit failed"), Msg { type: Error, serial: 4294967295, sender: UniqueName("org.freedesktop.DBus"), reply-serial: 9, body: Str, fds: [] })
[2m2026-10-03T12:00:31.094108Z[0m [33m WARN[0m [2mplatform_linux::overlay[0m[2m:[0m X11 overlay: root reads cannot see this window's own pixels; save-unders will be served without readback confirmation
{"trial": "Q147-toggle-COMP_CR-warm-r36", "kind": "warm", "outcome": "verified", "routine_outcome": "verified", "oracle_exact_match": true, "completion_mutations": 1, "routes": ["compiled"], "error": null, "la": "2.24", "dec": 0, "prov": {"attempts": 0, "reached": 0}}
[2m2026-10-03T12:00:32.173872Z[0m [33m WARN[0m [2mcua_driver_sdk::runtime[0m[2m:[0m could not activate the persistent AT-SPI listener: AT-SPI connect failed: ZBus Error: MethodError(OwnedErrorName("org.freedesktop.DBus.Error.NameHasNoOwner"), Some("Could not activate remote peer 'org.a11y.atspi.Registry': unit failed"), Msg { type: Error, serial: 4294967295, sender: UniqueName("org.freedesktop.DBus"), reply-serial: 9, body: Str, fds: [] })
[2m2026-10-03T12:00:32.180790Z[0m [33m WARN[0m [2mplatform_linux::overlay[0m[2m:[0m X11 overlay: root reads cannot see this window's own pixels; save-unders will be served without readback confirmation
{"trial": "Q148-modal-COMP-measured-r36", "mode": "step", "outcome": "verified", "oracle_exact_match": true, "completion_mutations": 1, "routes": ["provider", "provider"], "error": null, "la": "2.24", "prov": {"attempts": 0, "reached": 0}}
[2m2026-10-03T12:00:33.266277Z[0m [33m WARN[0m [2mcua_driver_sdk::runtime[0m[2m:[0m could not activate the persistent AT-SPI listener: AT-SPI connect failed: ZBus Error: MethodError(OwnedErrorName("org.freedesktop.DBus.Error.NameHasNoOwner"), Some("Could not activate remote peer 'org.a11y.atspi.Registry': unit failed"), Msg { type: Error, serial: 4294967295, sender: UniqueName("org.freedesktop.DBus"), reply-serial: 9, body: Str, fds: [] })
[2m2026-10-03T12:00:33.273359Z[0m [33m WARN[0m [2mplatform_linux::overlay[0m[2m:[0m X11 overlay: root reads cannot see this window's own pixels; save-unders will be served without readback confirmation
{"trial": "Q149-modal-COMP_CR-warm-r36", "kind": "warm", "outcome": "verified", "routine_outcome": "verified", "oracle_exact_match": true, "completion_mutations": 1, "routes": ["compiled"], "error": null, "la": "2.30", "dec": 0, "prov": {"attempts": 0, "reached": 0}}
[2m2026-10-03T12:00:34.358142Z[0m [33m WARN[0m [2mcua_driver_sdk::runtime[0m[2m:[0m could not activate the persistent AT-SPI listener: AT-SPI connect failed: ZBus Error: MethodError(OwnedErrorName("org.freedesktop.DBus.Error.NameHasNoOwner"), Some("Could not activate remote peer 'org.a11y.atspi.Registry': unit failed"), Msg { type: Error, serial: 4294967295, sender: UniqueName("org.freedesktop.DBus"), reply-serial: 9, body: Str, fds: [] })
[2m2026-10-03T12:00:34.365137Z[0m [33m WARN[0m [2mplatform_linux::overlay[0m[2m:[0m X11 overlay: root reads cannot see this window's own pixels; save-unders will be served without readback confirmation
{"trial": "Q150-toggle-COMP_CR-warm-r37", "kind": "warm", "outcome": "verified", "routine_outcome": "verified", "oracle_exact_match": true, "completion_mutations": 1, "routes": ["compiled"], "error": null, "la": "2.30", "dec": 0, "prov": {"attempts": 0, "reached": 0}}
[2m2026-10-03T12:00:35.462726Z[0m [33m WARN[0m [2mcua_driver_sdk::runtime[0m[2m:[0m could not activate the persistent AT-SPI listener: AT-SPI connect failed: ZBus Error: MethodError(OwnedErrorName("org.freedesktop.DBus.Error.NameHasNoOwner"), Some("Could not activate remote peer 'org.a11y.atspi.Registry': unit failed"), Msg { type: Error, serial: 4294967295, sender: UniqueName("org.freedesktop.DBus"), reply-serial: 9, body: Str, fds: [] })
[2m2026-10-03T12:00:35.469502Z[0m [33m WARN[0m [2mplatform_linux::overlay[0m[2m:[0m X11 overlay: root reads cannot see this window's own pixels; save-unders will be served without readback confirmation
{"trial": "Q151-toggle-COMP-measured-r37", "mode": "step", "outcome": "verified", "oracle_exact_match": true, "completion_mutations": 1, "routes": ["provider", "provider"], "error": null, "la": "2.30", "prov": {"attempts": 0, "reached": 0}}
[2m2026-10-03T12:00:36.556795Z[0m [33m WARN[0m [2mcua_driver_sdk::runtime[0m[2m:[0m could not activate the persistent AT-SPI listener: AT-SPI connect failed: ZBus Error: MethodError(OwnedErrorName("org.freedesktop.DBus.Error.NameHasNoOwner"), Some("Could not activate remote peer 'org.a11y.atspi.Registry': unit failed"), Msg { type: Error, serial: 4294967295, sender: UniqueName("org.freedesktop.DBus"), reply-serial: 9, body: Str, fds: [] })
[2m2026-10-03T12:00:36.563622Z[0m [33m WARN[0m [2mplatform_linux::overlay[0m[2m:[0m X11 overlay: root reads cannot see this window's own pixels; save-unders will be served without readback confirmation
{"trial": "Q152-modal-COMP_CR-warm-r37", "kind": "warm", "outcome": "verified", "routine_outcome": "verified", "oracle_exact_match": true, "completion_mutations": 1, "routes": ["compiled"], "error": null, "la": "2.30", "dec": 0, "prov": {"attempts": 0, "reached": 0}}
[2m2026-10-03T12:00:37.661726Z[0m [33m WARN[0m [2mcua_driver_sdk::runtime[0m[2m:[0m could not activate the persistent AT-SPI listener: AT-SPI connect failed: ZBus Error: MethodError(OwnedErrorName("org.freedesktop.DBus.Error.NameHasNoOwner"), Some("Could not activate remote peer 'org.a11y.atspi.Registry': unit failed"), Msg { type: Error, serial: 4294967295, sender: UniqueName("org.freedesktop.DBus"), reply-serial: 9, body: Str, fds: [] })
[2m2026-10-03T12:00:37.668287Z[0m [33m WARN[0m [2mplatform_linux::overlay[0m[2m:[0m X11 overlay: root reads cannot see this window's own pixels; save-unders will be served without readback confirmation
{"trial": "Q153-modal-COMP-measured-r37", "mode": "step", "outcome": "verified", "oracle_exact_match": true, "completion_mutations": 1, "routes": ["provider", "provider"], "error": null, "la": "2.30", "prov": {"attempts": 0, "reached": 0}}
[2m2026-10-03T12:00:38.764927Z[0m [33m WARN[0m [2mcua_driver_sdk::runtime[0m[2m:[0m could not activate the persistent AT-SPI listener: AT-SPI connect failed: ZBus Error: MethodError(OwnedErrorName("org.freedesktop.DBus.Error.NameHasNoOwner"), Some("Could not activate remote peer 'org.a11y.atspi.Registry': unit failed"), Msg { type: Error, serial: 4294967295, sender: UniqueName("org.freedesktop.DBus"), reply-serial: 9, body: Str, fds: [] })
[2m2026-10-03T12:00:38.771699Z[0m [33m WARN[0m [2mplatform_linux::overlay[0m[2m:[0m X11 overlay: root reads cannot see this window's own pixels; save-unders will be served without readback confirmation
{"trial": "Q154-modal-COMP-measured-r38", "mode": "step", "outcome": "verified", "oracle_exact_match": true, "completion_mutations": 1, "routes": ["provider", "provider"], "error": null, "la": "2.35", "prov": {"attempts": 0, "reached": 0}}
[2m2026-10-03T12:00:39.863150Z[0m [33m WARN[0m [2mcua_driver_sdk::runtime[0m[2m:[0m could not activate the persistent AT-SPI listener: AT-SPI connect failed: ZBus Error: MethodError(OwnedErrorName("org.freedesktop.DBus.Error.NameHasNoOwner"), Some("Could not activate remote peer 'org.a11y.atspi.Registry': unit failed"), Msg { type: Error, serial: 4294967295, sender: UniqueName("org.freedesktop.DBus"), reply-serial: 9, body: Str, fds: [] })
[2m2026-10-03T12:00:39.870612Z[0m [33m WARN[0m [2mplatform_linux::overlay[0m[2m:[0m X11 overlay: root reads cannot see this window's own pixels; save-unders will be served without readback confirmation
{"trial": "Q155-modal-COMP_CR-warm-r38", "kind": "warm", "outcome": "verified", "routine_outcome": "verified", "oracle_exact_match": true, "completion_mutations": 1, "routes": ["compiled"], "error": null, "la": "2.35", "dec": 0, "prov": {"attempts": 0, "reached": 0}}
[2m2026-10-03T12:00:40.948983Z[0m [33m WARN[0m [2mcua_driver_sdk::runtime[0m[2m:[0m could not activate the persistent AT-SPI listener: AT-SPI connect failed: ZBus Error: MethodError(OwnedErrorName("org.freedesktop.DBus.Error.NameHasNoOwner"), Some("Could not activate remote peer 'org.a11y.atspi.Registry': unit failed"), Msg { type: Error, serial: 4294967295, sender: UniqueName("org.freedesktop.DBus"), reply-serial: 9, body: Str, fds: [] })
[2m2026-10-03T12:00:40.956688Z[0m [33m WARN[0m [2mplatform_linux::overlay[0m[2m:[0m X11 overlay: root reads cannot see this window's own pixels; save-unders will be served without readback confirmation
{"trial": "Q156-toggle-COMP-measured-r38", "mode": "step", "outcome": "verified", "oracle_exact_match": true, "completion_mutations": 1, "routes": ["provider", "provider"], "error": null, "la": "2.35", "prov": {"attempts": 0, "reached": 0}}
[2m2026-10-03T12:00:42.058244Z[0m [33m WARN[0m [2mcua_driver_sdk::runtime[0m[2m:[0m could not activate the persistent AT-SPI listener: AT-SPI connect failed: ZBus Error: MethodError(OwnedErrorName("org.freedesktop.DBus.Error.NameHasNoOwner"), Some("Could not activate remote peer 'org.a11y.atspi.Registry': unit failed"), Msg { type: Error, serial: 4294967295, sender: UniqueName("org.freedesktop.DBus"), reply-serial: 9, body: Str, fds: [] })
[2m2026-10-03T12:00:42.065015Z[0m [33m WARN[0m [2mplatform_linux::overlay[0m[2m:[0m X11 overlay: root reads cannot see this window's own pixels; save-unders will be served without readback confirmation
{"trial": "Q157-toggle-COMP_CR-warm-r38", "kind": "warm", "outcome": "verified", "routine_outcome": "verified", "oracle_exact_match": true, "completion_mutations": 1, "routes": ["compiled"], "error": null, "la": "2.35", "dec": 0, "prov": {"attempts": 0, "reached": 0}}
[2m2026-10-03T12:00:43.152919Z[0m [33m WARN[0m [2mcua_driver_sdk::runtime[0m[2m:[0m could not activate the persistent AT-SPI listener: AT-SPI connect failed: ZBus Error: MethodError(OwnedErrorName("org.freedesktop.DBus.Error.NameHasNoOwner"), Some("Could not activate remote peer 'org.a11y.atspi.Registry': unit failed"), Msg { type: Error, serial: 4294967295, sender: UniqueName("org.freedesktop.DBus"), reply-serial: 9, body: Str, fds: [] })
[2m2026-10-03T12:00:43.160368Z[0m [33m WARN[0m [2mplatform_linux::overlay[0m[2m:[0m X11 overlay: root reads cannot see this window's own pixels; save-unders will be served without readback confirmation
{"trial": "Q158-modal-COMP_CR-warm-r39", "kind": "warm", "outcome": "verified", "routine_outcome": "verified", "oracle_exact_match": true, "completion_mutations": 1, "routes": ["compiled"], "error": null, "la": "2.16", "dec": 0, "prov": {"attempts": 0, "reached": 0}}
[2m2026-10-03T12:00:44.243894Z[0m [33m WARN[0m [2mcua_driver_sdk::runtime[0m[2m:[0m could not activate the persistent AT-SPI listener: AT-SPI connect failed: ZBus Error: MethodError(OwnedErrorName("org.freedesktop.DBus.Error.NameHasNoOwner"), Some("Could not activate remote peer 'org.a11y.atspi.Registry': unit failed"), Msg { type: Error, serial: 4294967295, sender: UniqueName("org.freedesktop.DBus"), reply-serial: 9, body: Str, fds: [] })
[2m2026-10-03T12:00:44.251269Z[0m [33m WARN[0m [2mplatform_linux::overlay[0m[2m:[0m X11 overlay: root reads cannot see this window's own pixels; save-unders will be served without readback confirmation
{"trial": "Q159-modal-COMP-measured-r39", "mode": "step", "outcome": "verified", "oracle_exact_match": true, "completion_mutations": 1, "routes": ["provider", "provider"], "error": null, "la": "2.16", "prov": {"attempts": 0, "reached": 0}}
[2m2026-10-03T12:00:45.337061Z[0m [33m WARN[0m [2mcua_driver_sdk::runtime[0m[2m:[0m could not activate the persistent AT-SPI listener: AT-SPI connect failed: ZBus Error: MethodError(OwnedErrorName("org.freedesktop.DBus.Error.NameHasNoOwner"), Some("Could not activate remote peer 'org.a11y.atspi.Registry': unit failed"), Msg { type: Error, serial: 4294967295, sender: UniqueName("org.freedesktop.DBus"), reply-serial: 9, body: Str, fds: [] })
[2m2026-10-03T12:00:45.344647Z[0m [33m WARN[0m [2mplatform_linux::overlay[0m[2m:[0m X11 overlay: root reads cannot see this window's own pixels; save-unders will be served without readback confirmation
{"trial": "Q160-toggle-COMP_CR-warm-r39", "kind": "warm", "outcome": "verified", "routine_outcome": "verified", "oracle_exact_match": true, "completion_mutations": 1, "routes": ["compiled"], "error": null, "la": "2.16", "dec": 0, "prov": {"attempts": 0, "reached": 0}}
[2m2026-10-03T12:00:46.436434Z[0m [33m WARN[0m [2mcua_driver_sdk::runtime[0m[2m:[0m could not activate the persistent AT-SPI listener: AT-SPI connect failed: ZBus Error: MethodError(OwnedErrorName("org.freedesktop.DBus.Error.NameHasNoOwner"), Some("Could not activate remote peer 'org.a11y.atspi.Registry': unit failed"), Msg { type: Error, serial: 4294967295, sender: UniqueName("org.freedesktop.DBus"), reply-serial: 9, body: Str, fds: [] })
[2m2026-10-03T12:00:46.442907Z[0m [33m WARN[0m [2mplatform_linux::overlay[0m[2m:[0m X11 overlay: root reads cannot see this window's own pixels; save-unders will be served without readback confirmation
{"trial": "Q161-toggle-COMP-measured-r39", "mode": "step", "outcome": "verified", "oracle_exact_match": true, "completion_mutations": 1, "routes": ["provider", "provider"], "error": null, "la": "2.16", "prov": {"attempts": 0, "reached": 0}}
A connection to the bus can't be made
CRITICAL: [dbus_cb_name_lost:1438] Cannot connect to DBus.
[2026-10-03T12:00:47.660Z] chunk R2-07d-Q3 rc=0 loadavg=2.16 3.04 3.76
