[18:46:52.864006]  -> wl_registry#2.global(28, "zwlr_screencopy_manager_v1", 3)
[18:46:52.864008]  -> wl_registry#2.global(29, "ext_image_copy_capture_manager_v1", 1)
[18:46:52.864010]  -> wl_registry#2.global(30, "ext_output_image_capture_source_manager_v1", 1)
[18:46:52.864026]  -> wl_registry#2.global(38, "ext_foreign_toplevel_image_capture_source_manager_v1", 1)
[18:46:52.864166] wl_registry#2.bind(28, "zwlr_screencopy_manager_v1", 3, new id [unknown]#5)
[18:46:52.889537]  -> wl_registry#2.global(28, "zwlr_screencopy_manager_v1", 3)
[18:46:52.889542]  -> wl_registry#2.global(29, "ext_image_copy_capture_manager_v1", 1)
[18:46:52.889549]  -> wl_registry#2.global(30, "ext_output_image_capture_source_manager_v1", 1)
[18:46:52.889565]  -> wl_registry#2.global(38, "ext_foreign_toplevel_image_capture_source_manager_v1", 1)
[18:46:52.889697] wl_registry#2.bind(28, "zwlr_screencopy_manager_v1", 3, new id [unknown]#5)
[18:46:52.889766] zwlr_screencopy_manager_v1#5.capture_output(new id zwlr_screencopy_frame_v1#9, 0, wl_output#8)
[18:46:52.889773]  -> zwlr_screencopy_frame_v1#9.buffer(1, 1920, 1080, 7680)
[18:46:52.889776]  -> zwlr_screencopy_frame_v1#9.buffer_done()
[18:46:52.889824] zwlr_screencopy_frame_v1#9.copy(wl_buffer#11)
[18:46:52.892638]  -> zwlr_screencopy_frame_v1#9.flags(0)
[18:46:52.892650]  -> zwlr_screencopy_frame_v1#9.ready(0, 271196, 866582913)
[18:46:52.908233] zwlr_screencopy_frame_v1#9.destroy()
[18:46:53.187050]  -> wl_registry#2.global(28, "zwlr_screencopy_manager_v1", 3)
[18:46:53.187052]  -> wl_registry#2.global(29, "ext_image_copy_capture_manager_v1", 1)
[18:46:53.187054]  -> wl_registry#2.global(30, "ext_output_image_capture_source_manager_v1", 1)
[18:46:53.187070]  -> wl_registry#2.global(38, "ext_foreign_toplevel_image_capture_source_manager_v1", 1)
[18:46:53.187225] wl_registry#2.bind(28, "zwlr_screencopy_manager_v1", 3, new id [unknown]#5)
[18:46:53.207227]  -> wl_registry#2.global(28, "zwlr_screencopy_manager_v1", 3)
[18:46:53.207229]  -> wl_registry#2.global(29, "ext_image_copy_capture_manager_v1", 1)
[18:46:53.207231]  -> wl_registry#2.global(30, "ext_output_image_capture_source_manager_v1", 1)
[18:46:53.207257]  -> wl_registry#2.global(38, "ext_foreign_toplevel_image_capture_source_manager_v1", 1)
[18:46:53.207399] wl_registry#2.bind(28, "zwlr_screencopy_manager_v1", 3, new id [unknown]#5)
[18:46:53.207470] zwlr_screencopy_manager_v1#5.capture_output(new id zwlr_screencopy_frame_v1#9, 0, wl_output#8)
[18:46:53.207477]  -> zwlr_screencopy_frame_v1#9.buffer(1, 1920, 1080, 7680)
[18:46:53.207480]  -> zwlr_screencopy_frame_v1#9.buffer_done()
[18:46:53.207529] zwlr_screencopy_frame_v1#9.copy(wl_buffer#11)
[18:46:53.210993]  -> zwlr_screencopy_frame_v1#9.flags(0)
[18:46:53.211019]  -> zwlr_screencopy_frame_v1#9.ready(0, 271197, 184292099)
[18:46:53.224057] zwlr_screencopy_frame_v1#9.destroy()
[18:46:53.496651]  -> wl_registry#2.global(28, "zwlr_screencopy_manager_v1", 3)
[18:46:53.496654]  -> wl_registry#2.global(29, "ext_image_copy_capture_manager_v1", 1)
[18:46:53.496663]  -> wl_registry#2.global(30, "ext_output_image_capture_source_manager_v1", 1)
[18:46:53.496698]  -> wl_registry#2.global(38, "ext_foreign_toplevel_image_capture_source_manager_v1", 1)
[18:46:53.496962] wl_registry#2.bind(28, "zwlr_screencopy_manager_v1", 3, new id [unknown]#5)
[18:46:53.652290]  -> wl_registry#2.global(28, "zwlr_screencopy_manager_v1", 3)
[18:46:53.652293]  -> wl_registry#2.global(29, "ext_image_copy_capture_manager_v1", 1)
[18:46:53.652295]  -> wl_registry#2.global(30, "ext_output_image_capture_source_manager_v1", 1)
[18:46:53.652321]  -> wl_registry#2.global(38, "ext_foreign_toplevel_image_capture_source_manager_v1", 1)
[18:46:53.652581] wl_registry#2.bind(28, "zwlr_screencopy_manager_v1", 3, new id [unknown]#5)
[18:46:53.775961]  -> wl_registry#2.global(28, "zwlr_screencopy_manager_v1", 3)
[18:46:53.775963]  -> wl_registry#2.global(29, "ext_image_copy_capture_manager_v1", 1)
[18:46:53.775965]  -> wl_registry#2.global(30, "ext_output_image_capture_source_manager_v1", 1)
[18:46:53.775985]  -> wl_registry#2.global(38, "ext_foreign_toplevel_image_capture_source_manager_v1", 1)
[18:46:53.776166] wl_registry#2.bind(28, "zwlr_screencopy_manager_v1", 3, new id [unknown]#5)
[18:46:53.810080]  -> wl_registry#2.global(28, "zwlr_screencopy_manager_v1", 3)
[18:46:53.810083]  -> wl_registry#2.global(29, "ext_image_copy_capture_manager_v1", 1)
[18:46:53.810086]  -> wl_registry#2.global(30, "ext_output_image_capture_source_manager_v1", 1)
[18:46:53.810117]  -> wl_registry#2.global(38, "ext_foreign_toplevel_image_capture_source_manager_v1", 1)
[18:46:53.810377] wl_registry#2.bind(28, "zwlr_screencopy_manager_v1", 3, new id [unknown]#5)
[18:46:53.810475] zwlr_screencopy_manager_v1#5.capture_output(new id zwlr_screencopy_frame_v1#9, 0, wl_output#8)
[18:46:53.810490]  -> zwlr_screencopy_frame_v1#9.buffer(1, 1920, 1080, 7680)
[18:46:53.810494]  -> zwlr_screencopy_frame_v1#9.buffer_done()
[18:46:53.810599] zwlr_screencopy_frame_v1#9.copy(wl_buffer#11)
[18:46:53.816867]  -> zwlr_screencopy_frame_v1#9.flags(0)
[18:46:53.816901]  -> zwlr_screencopy_frame_v1#9.ready(0, 271197, 787402175)
[18:46:53.833244] zwlr_screencopy_frame_v1#9.destroy()
[18:46:54.460940]  -> wl_registry#2.global(28, "zwlr_screencopy_manager_v1", 3)
[18:46:54.460943]  -> wl_registry#2.global(29, "ext_image_copy_capture_manager_v1", 1)
[18:46:54.460947]  -> wl_registry#2.global(30, "ext_output_image_capture_source_manager_v1", 1)
[18:46:54.460977]  -> wl_registry#2.global(38, "ext_foreign_toplevel_image_capture_source_manager_v1", 1)
[18:46:54.461227] wl_registry#2.bind(28, "zwlr_screencopy_manager_v1", 3, new id [unknown]#5)
[18:46:54.480907]  -> wl_registry#2.global(28, "zwlr_screencopy_manager_v1", 3)
[18:46:54.480910]  -> wl_registry#2.global(29, "ext_image_copy_capture_manager_v1", 1)
[18:46:54.480913]  -> wl_registry#2.global(30, "ext_output_image_capture_source_manager_v1", 1)
[18:46:54.480940]  -> wl_registry#2.global(38, "ext_foreign_toplevel_image_capture_source_manager_v1", 1)
[18:46:54.481149] wl_registry#2.bind(28, "zwlr_screencopy_manager_v1", 3, new id [unknown]#5)
[18:46:54.481254] zwlr_screencopy_manager_v1#5.capture_output(new id zwlr_screencopy_frame_v1#9, 0, wl_output#8)
[18:46:54.481274]  -> zwlr_screencopy_frame_v1#9.buffer(1, 1920, 1080, 7680)
[18:46:54.481279]  -> zwlr_screencopy_frame_v1#9.buffer_done()
[18:46:54.481396] zwlr_screencopy_frame_v1#9.copy(wl_buffer#11)
[18:46:54.486119]  -> zwlr_screencopy_frame_v1#9.flags(0)
[18:46:54.486140]  -> zwlr_screencopy_frame_v1#9.ready(0, 271198, 458176013)
[18:46:54.498432] zwlr_screencopy_frame_v1#9.destroy()
[18:46:54.766183]  -> wl_registry#2.global(28, "zwlr_screencopy_manager_v1", 3)
[18:46:54.766186]  -> wl_registry#2.global(29, "ext_image_copy_capture_manager_v1", 1)
[18:46:54.766188]  -> wl_registry#2.global(30, "ext_output_image_capture_source_manager_v1", 1)
[18:46:54.766205]  -> wl_registry#2.global(38, "ext_foreign_toplevel_image_capture_source_manager_v1", 1)
[18:46:54.766401] wl_registry#2.bind(28, "zwlr_screencopy_manager_v1", 3, new id [unknown]#5)
[18:46:54.924244]  -> wl_registry#2.global(28, "zwlr_screencopy_manager_v1", 3)
[18:46:54.924248]  -> wl_registry#2.global(29, "ext_image_copy_capture_manager_v1", 1)
[18:46:54.924252]  -> wl_registry#2.global(30, "ext_output_image_capture_source_manager_v1", 1)
[18:46:54.924287]  -> wl_registry#2.global(38, "ext_foreign_toplevel_image_capture_source_manager_v1", 1)
[18:46:54.924543] wl_registry#2.bind(28, "zwlr_screencopy_manager_v1", 3, new id [unknown]#5)
[18:46:55.046052]  -> wl_registry#2.global(28, "zwlr_screencopy_manager_v1", 3)
[18:46:55.046054]  -> wl_registry#2.global(29, "ext_image_copy_capture_manager_v1", 1)
[18:46:55.046056]  -> wl_registry#2.global(30, "ext_output_image_capture_source_manager_v1", 1)
[18:46:55.046073]  -> wl_registry#2.global(38, "ext_foreign_toplevel_image_capture_source_manager_v1", 1)
[18:46:55.046238] wl_registry#2.bind(28, "zwlr_screencopy_manager_v1", 3, new id [unknown]#5)
[18:46:55.078222]  -> wl_registry#2.global(28, "zwlr_screencopy_manager_v1", 3)
[18:46:55.078224]  -> wl_registry#2.global(29, "ext_image_copy_capture_manager_v1", 1)
[18:46:55.078226]  -> wl_registry#2.global(30, "ext_output_image_capture_source_manager_v1", 1)
[18:46:55.078254]  -> wl_registry#2.global(38, "ext_foreign_toplevel_image_capture_source_manager_v1", 1)
[18:46:55.078408] wl_registry#2.bind(28, "zwlr_screencopy_manager_v1", 3, new id [unknown]#5)
[18:46:55.078485] zwlr_screencopy_manager_v1#5.capture_output(new id zwlr_screencopy_frame_v1#9, 0, wl_output#8)
[18:46:55.078493]  -> zwlr_screencopy_frame_v1#9.buffer(1, 1920, 1080, 7680)
[18:46:55.078495]  -> zwlr_screencopy_frame_v1#9.buffer_done()
[18:46:55.078549] zwlr_screencopy_frame_v1#9.copy(wl_buffer#11)
[18:46:55.082345]  -> zwlr_screencopy_frame_v1#9.flags(0)
[18:46:55.082362]  -> zwlr_screencopy_frame_v1#9.ready(0, 271199, 55312555)
[18:46:55.097034] zwlr_screencopy_frame_v1#9.destroy()
[18:46:55.749576]  -> wl_registry#2.global(28, "zwlr_screencopy_manager_v1", 3)
[18:46:55.749585]  -> wl_registry#2.global(29, "ext_image_copy_capture_manager_v1", 1)
[18:46:55.749600]  -> wl_registry#2.global(30, "ext_output_image_capture_source_manager_v1", 1)
[18:46:55.749629]  -> wl_registry#2.global(38, "ext_foreign_toplevel_image_capture_source_manager_v1", 1)
[18:46:55.749861] wl_registry#2.bind(28, "zwlr_screencopy_manager_v1", 3, new id [unknown]#5)
[18:46:55.783310]  -> wl_registry#2.global(28, "zwlr_screencopy_manager_v1", 3)
[18:46:55.783314]  -> wl_registry#2.global(29, "ext_image_copy_capture_manager_v1", 1)
[18:46:55.783318]  -> wl_registry#2.global(30, "ext_output_image_capture_source_manager_v1", 1)
[18:46:55.783378]  -> wl_registry#2.global(38, "ext_foreign_toplevel_image_capture_source_manager_v1", 1)
[18:46:55.783690] wl_registry#2.bind(28, "zwlr_screencopy_manager_v1", 3, new id [unknown]#5)
[18:46:55.783842] zwlr_screencopy_manager_v1#5.capture_output(new id zwlr_screencopy_frame_v1#9, 0, wl_output#8)
[18:46:55.783857]  -> zwlr_screencopy_frame_v1#9.buffer(1, 1920, 1080, 7680)
[18:46:55.783862]  -> zwlr_screencopy_frame_v1#9.buffer_done()
[18:46:55.783964] zwlr_screencopy_frame_v1#9.copy(wl_buffer#11)
[18:46:55.789574]  -> zwlr_screencopy_frame_v1#9.flags(0)
[18:46:55.789630]  -> zwlr_screencopy_frame_v1#9.ready(0, 271199, 760763581)
[18:46:55.807597] zwlr_screencopy_frame_v1#9.destroy()
[18:46:56.106744]  -> wl_registry#2.global(28, "zwlr_screencopy_manager_v1", 3)
[18:46:56.106746]  -> wl_registry#2.global(29, "ext_image_copy_capture_manager_v1", 1)
[18:46:56.106748]  -> wl_registry#2.global(30, "ext_output_image_capture_source_manager_v1", 1)
[18:46:56.106776]  -> wl_registry#2.global(38, "ext_foreign_toplevel_image_capture_source_manager_v1", 1)
[18:46:56.106935] wl_registry#2.bind(28, "zwlr_screencopy_manager_v1", 3, new id [unknown]#5)
[18:46:56.249116]  -> wl_registry#2.global(28, "zwlr_screencopy_manager_v1", 3)
[18:46:56.249121]  -> wl_registry#2.global(29, "ext_image_copy_capture_manager_v1", 1)
[18:46:56.249124]  -> wl_registry#2.global(30, "ext_output_image_capture_source_manager_v1", 1)
[18:46:56.249155]  -> wl_registry#2.global(38, "ext_foreign_toplevel_image_capture_source_manager_v1", 1)
[18:46:56.249393] wl_registry#2.bind(28, "zwlr_screencopy_manager_v1", 3, new id [unknown]#5)
[18:46:56.366818]  -> wl_registry#2.global(28, "zwlr_screencopy_manager_v1", 3)
[18:46:56.366821]  -> wl_registry#2.global(29, "ext_image_copy_capture_manager_v1", 1)
[18:46:56.366824]  -> wl_registry#2.global(30, "ext_output_image_capture_source_manager_v1", 1)
[18:46:56.366853]  -> wl_registry#2.global(38, "ext_foreign_toplevel_image_capture_source_manager_v1", 1)
[18:46:56.367081] wl_registry#2.bind(28, "zwlr_screencopy_manager_v1", 3, new id [unknown]#5)
[18:46:56.393456]  -> wl_registry#2.global(28, "zwlr_screencopy_manager_v1", 3)
[18:46:56.393460]  -> wl_registry#2.global(29, "ext_image_copy_capture_manager_v1", 1)
[18:46:56.393463]  -> wl_registry#2.global(30, "ext_output_image_capture_source_manager_v1", 1)
[18:46:56.393491]  -> wl_registry#2.global(38, "ext_foreign_toplevel_image_capture_source_manager_v1", 1)
[18:46:56.393715] wl_registry#2.bind(28, "zwlr_screencopy_manager_v1", 3, new id [unknown]#5)
[18:46:56.393816] zwlr_screencopy_manager_v1#5.capture_output(new id zwlr_screencopy_frame_v1#9, 0, wl_output#8)
[18:46:56.393829]  -> zwlr_screencopy_frame_v1#9.buffer(1, 1920, 1080, 7680)
[18:46:56.393833]  -> zwlr_screencopy_frame_v1#9.buffer_done()
[18:46:56.393901] zwlr_screencopy_frame_v1#9.copy(wl_buffer#11)
[18:46:56.397862]  -> zwlr_screencopy_frame_v1#9.flags(0)
[18:46:56.397884]  -> zwlr_screencopy_frame_v1#9.ready(0, 271200, 370673543)
[18:46:56.409384] zwlr_screencopy_frame_v1#9.destroy()
[18:46:56.991665]  -> wl_registry#2.global(28, "zwlr_screencopy_manager_v1", 3)
[18:46:56.991667]  -> wl_registry#2.global(29, "ext_image_copy_capture_manager_v1", 1)
[18:46:56.991669]  -> wl_registry#2.global(30, "ext_output_image_capture_source_manager_v1", 1)
[18:46:56.991684]  -> wl_registry#2.global(38, "ext_foreign_toplevel_image_capture_source_manager_v1", 1)
[18:46:56.991833] wl_registry#2.bind(28, "zwlr_screencopy_manager_v1", 3, new id [unknown]#5)
[18:46:57.016659]  -> wl_registry#2.global(28, "zwlr_screencopy_manager_v1", 3)
[18:46:57.016661]  -> wl_registry#2.global(29, "ext_image_copy_capture_manager_v1", 1)
[18:46:57.016663]  -> wl_registry#2.global(30, "ext_output_image_capture_source_manager_v1", 1)
[18:46:57.016679]  -> wl_registry#2.global(38, "ext_foreign_toplevel_image_capture_source_manager_v1", 1)
[18:46:57.016870] wl_registry#2.bind(28, "zwlr_screencopy_manager_v1", 3, new id [unknown]#5)
[18:46:57.016939] zwlr_screencopy_manager_v1#5.capture_output(new id zwlr_screencopy_frame_v1#9, 0, wl_output#8)
[18:46:57.016946]  -> zwlr_screencopy_frame_v1#9.buffer(1, 1920, 1080, 7680)
[18:46:57.016949]  -> zwlr_screencopy_frame_v1#9.buffer_done()
[18:46:57.017000] zwlr_screencopy_frame_v1#9.copy(wl_buffer#11)
[18:46:57.019719]  -> zwlr_screencopy_frame_v1#9.flags(0)
[18:46:57.019726]  -> zwlr_screencopy_frame_v1#9.ready(0, 271200, 993759270)
[18:46:57.030814] zwlr_screencopy_frame_v1#9.destroy()
[18:46:57.289888]  -> wl_registry#2.global(28, "zwlr_screencopy_manager_v1", 3)
[18:46:57.289890]  -> wl_registry#2.global(29, "ext_image_copy_capture_manager_v1", 1)
[18:46:57.289892]  -> wl_registry#2.global(30, "ext_output_image_capture_source_manager_v1", 1)
[18:46:57.289907]  -> wl_registry#2.global(38, "ext_foreign_toplevel_image_capture_source_manager_v1", 1)
[18:46:57.290067] wl_registry#2.bind(28, "zwlr_screencopy_manager_v1", 3, new id [unknown]#5)
[18:46:57.308772]  -> wl_registry#2.global(28, "zwlr_screencopy_manager_v1", 3)
[18:46:57.308773]  -> wl_registry#2.global(29, "ext_image_copy_capture_manager_v1", 1)
[18:46:57.308775]  -> wl_registry#2.global(30, "ext_output_image_capture_source_manager_v1", 1)
[18:46:57.308792]  -> wl_registry#2.global(38, "ext_foreign_toplevel_image_capture_source_manager_v1", 1)
[18:46:57.308945] wl_registry#2.bind(28, "zwlr_screencopy_manager_v1", 3, new id [unknown]#5)
[18:46:57.309022] zwlr_screencopy_manager_v1#5.capture_output(new id zwlr_screencopy_frame_v1#9, 0, wl_output#8)
[18:46:57.309034]  -> zwlr_screencopy_frame_v1#9.buffer(1, 1920, 1080, 7680)
[18:46:57.309038]  -> zwlr_screencopy_frame_v1#9.buffer_done()
[18:46:57.309106] zwlr_screencopy_frame_v1#9.copy(wl_buffer#11)
[18:46:57.312023]  -> zwlr_screencopy_frame_v1#9.flags(0)
[18:46:57.312031]  -> zwlr_screencopy_frame_v1#9.ready(0, 271201, 285868325)
[18:46:57.324213] zwlr_screencopy_frame_v1#9.destroy()
[18:46:57.578725]  -> wl_registry#2.global(28, "zwlr_screencopy_manager_v1", 3)
[18:46:57.578727]  -> wl_registry#2.global(29, "ext_image_copy_capture_manager_v1", 1)
[18:46:57.578729]  -> wl_registry#2.global(30, "ext_output_image_capture_source_manager_v1", 1)
[18:46:57.578745]  -> wl_registry#2.global(38, "ext_foreign_toplevel_image_capture_source_manager_v1", 1)
[18:46:57.578925] wl_registry#2.bind(28, "zwlr_screencopy_manager_v1", 3, new id [unknown]#5)
[18:46:57.695584]  -> wl_registry#2.global(28, "zwlr_screencopy_manager_v1", 3)
[18:46:57.695586]  -> wl_registry#2.global(29, "ext_image_copy_capture_manager_v1", 1)
[18:46:57.695588]  -> wl_registry#2.global(30, "ext_output_image_capture_source_manager_v1", 1)
[18:46:57.695604]  -> wl_registry#2.global(38, "ext_foreign_toplevel_image_capture_source_manager_v1", 1)
[18:46:57.695754] wl_registry#2.bind(28, "zwlr_screencopy_manager_v1", 3, new id [unknown]#5)
[18:46:57.721096]  -> wl_registry#2.global(28, "zwlr_screencopy_manager_v1", 3)
[18:46:57.721097]  -> wl_registry#2.global(29, "ext_image_copy_capture_manager_v1", 1)
[18:46:57.721099]  -> wl_registry#2.global(30, "ext_output_image_capture_source_manager_v1", 1)
[18:46:57.721127]  -> wl_registry#2.global(38, "ext_foreign_toplevel_image_capture_source_manager_v1", 1)
[18:46:57.721271] wl_registry#2.bind(28, "zwlr_screencopy_manager_v1", 3, new id [unknown]#5)
[18:46:57.721347] zwlr_screencopy_manager_v1#5.capture_output(new id zwlr_screencopy_frame_v1#9, 0, wl_output#8)
[18:46:57.721354]  -> zwlr_screencopy_frame_v1#9.buffer(1, 1920, 1080, 7680)
[18:46:57.721357]  -> zwlr_screencopy_frame_v1#9.buffer_done()
[18:46:57.721406] zwlr_screencopy_frame_v1#9.copy(wl_buffer#11)
[18:46:57.724351]  -> zwlr_screencopy_frame_v1#9.flags(0)
[18:46:57.724358]  -> zwlr_screencopy_frame_v1#9.ready(0, 271201, 698164159)
[18:46:57.735738] zwlr_screencopy_frame_v1#9.destroy()
[18:46:58.309494]  -> wl_registry#2.global(28, "zwlr_screencopy_manager_v1", 3)
[18:46:58.309496]  -> wl_registry#2.global(29, "ext_image_copy_capture_manager_v1", 1)
[18:46:58.309501]  -> wl_registry#2.global(30, "ext_output_image_capture_source_manager_v1", 1)
[18:46:58.309525]  -> wl_registry#2.global(38, "ext_foreign_toplevel_image_capture_source_manager_v1", 1)
[18:46:58.309688] wl_registry#2.bind(28, "zwlr_screencopy_manager_v1", 3, new id [unknown]#5)
[18:46:58.336675]  -> wl_registry#2.global(28, "zwlr_screencopy_manager_v1", 3)
[18:46:58.336677]  -> wl_registry#2.global(29, "ext_image_copy_capture_manager_v1", 1)
[18:46:58.336679]  -> wl_registry#2.global(30, "ext_output_image_capture_source_manager_v1", 1)
[18:46:58.336699]  -> wl_registry#2.global(38, "ext_foreign_toplevel_image_capture_source_manager_v1", 1)
[18:46:58.336858] wl_registry#2.bind(28, "zwlr_screencopy_manager_v1", 3, new id [unknown]#5)
[18:46:58.336944] zwlr_screencopy_manager_v1#5.capture_output(new id zwlr_screencopy_frame_v1#9, 0, wl_output#8)
[18:46:58.336956]  -> zwlr_screencopy_frame_v1#9.buffer(1, 1920, 1080, 7680)
[18:46:58.336959]  -> zwlr_screencopy_frame_v1#9.buffer_done()
[18:46:58.337008] zwlr_screencopy_frame_v1#9.copy(wl_buffer#11)
[18:46:58.340194]  -> zwlr_screencopy_frame_v1#9.flags(0)
[18:46:58.340206]  -> zwlr_screencopy_frame_v1#9.ready(0, 271202, 313770440)
[18:46:58.352156] zwlr_screencopy_frame_v1#9.destroy()
[18:46:58.671163]  -> wl_registry#2.global(28, "zwlr_screencopy_manager_v1", 3)
[18:46:58.671165]  -> wl_registry#2.global(29, "ext_image_copy_capture_manager_v1", 1)
[18:46:58.671167]  -> wl_registry#2.global(30, "ext_output_image_capture_source_manager_v1", 1)
[18:46:58.671192]  -> wl_registry#2.global(38, "ext_foreign_toplevel_image_capture_source_manager_v1", 1)
[18:46:58.671341] wl_registry#2.bind(28, "zwlr_screencopy_manager_v1", 3, new id [unknown]#5)
[18:46:58.690079]  -> wl_registry#2.global(28, "zwlr_screencopy_manager_v1", 3)
[18:46:58.690081]  -> wl_registry#2.global(29, "ext_image_copy_capture_manager_v1", 1)
[18:46:58.690083]  -> wl_registry#2.global(30, "ext_output_image_capture_source_manager_v1", 1)
[18:46:58.690098]  -> wl_registry#2.global(38, "ext_foreign_toplevel_image_capture_source_manager_v1", 1)
[18:46:58.690258] wl_registry#2.bind(28, "zwlr_screencopy_manager_v1", 3, new id [unknown]#5)
[18:46:58.690331] zwlr_screencopy_manager_v1#5.capture_output(new id zwlr_screencopy_frame_v1#9, 0, wl_output#8)
[18:46:58.690339]  -> zwlr_screencopy_frame_v1#9.buffer(1, 1920, 1080, 7680)
[18:46:58.690341]  -> zwlr_screencopy_frame_v1#9.buffer_done()
[18:46:58.690395] zwlr_screencopy_frame_v1#9.copy(wl_buffer#11)
[18:46:58.693303]  -> zwlr_screencopy_frame_v1#9.flags(0)
[18:46:58.693312]  -> zwlr_screencopy_frame_v1#9.ready(0, 271202, 667153770)
[18:46:58.704737] zwlr_screencopy_frame_v1#9.destroy()
[18:46:58.967630]  -> wl_registry#2.global(28, "zwlr_screencopy_manager_v1", 3)
[18:46:58.967632]  -> wl_registry#2.global(29, "ext_image_copy_capture_manager_v1", 1)
[18:46:58.967634]  -> wl_registry#2.global(30, "ext_output_image_capture_source_manager_v1", 1)
[18:46:58.967650]  -> wl_registry#2.global(38, "ext_foreign_toplevel_image_capture_source_manager_v1", 1)
[18:46:58.967808] wl_registry#2.bind(28, "zwlr_screencopy_manager_v1", 3, new id [unknown]#5)
[18:46:59.106489]  -> wl_registry#2.global(28, "zwlr_screencopy_manager_v1", 3)
[18:46:59.106491]  -> wl_registry#2.global(29, "ext_image_copy_capture_manager_v1", 1)
[18:46:59.106493]  -> wl_registry#2.global(30, "ext_output_image_capture_source_manager_v1", 1)
[18:46:59.106510]  -> wl_registry#2.global(38, "ext_foreign_toplevel_image_capture_source_manager_v1", 1)
[18:46:59.106673] wl_registry#2.bind(28, "zwlr_screencopy_manager_v1", 3, new id [unknown]#5)
[18:46:59.134377]  -> wl_registry#2.global(28, "zwlr_screencopy_manager_v1", 3)
[18:46:59.134380]  -> wl_registry#2.global(29, "ext_image_copy_capture_manager_v1", 1)
[18:46:59.134384]  -> wl_registry#2.global(30, "ext_output_image_capture_source_manager_v1", 1)
[18:46:59.134413]  -> wl_registry#2.global(38, "ext_foreign_toplevel_image_capture_source_manager_v1", 1)
[18:46:59.134629] wl_registry#2.bind(28, "zwlr_screencopy_manager_v1", 3, new id [unknown]#5)
[18:46:59.134726] zwlr_screencopy_manager_v1#5.capture_output(new id zwlr_screencopy_frame_v1#9, 0, wl_output#8)
[18:46:59.134738]  -> zwlr_screencopy_frame_v1#9.buffer(1, 1920, 1080, 7680)
[18:46:59.134742]  -> zwlr_screencopy_frame_v1#9.buffer_done()
[18:46:59.134809] zwlr_screencopy_frame_v1#9.copy(wl_buffer#11)
[18:46:59.138661]  -> zwlr_screencopy_frame_v1#9.flags(0)
[18:46:59.138677]  -> zwlr_screencopy_frame_v1#9.ready(0, 271203, 111581265)
[18:46:59.150057] zwlr_screencopy_frame_v1#9.destroy()
[18:46:59.728117]  -> wl_registry#2.global(28, "zwlr_screencopy_manager_v1", 3)
[18:46:59.728119]  -> wl_registry#2.global(29, "ext_image_copy_capture_manager_v1", 1)
[18:46:59.728121]  -> wl_registry#2.global(30, "ext_output_image_capture_source_manager_v1", 1)
[18:46:59.728137]  -> wl_registry#2.global(38, "ext_foreign_toplevel_image_capture_source_manager_v1", 1)
[18:46:59.728284] wl_registry#2.bind(28, "zwlr_screencopy_manager_v1", 3, new id [unknown]#5)
[18:46:59.754239]  -> wl_registry#2.global(28, "zwlr_screencopy_manager_v1", 3)
[18:46:59.754240]  -> wl_registry#2.global(29, "ext_image_copy_capture_manager_v1", 1)
[18:46:59.754242]  -> wl_registry#2.global(30, "ext_output_image_capture_source_manager_v1", 1)
[18:46:59.754258]  -> wl_registry#2.global(38, "ext_foreign_toplevel_image_capture_source_manager_v1", 1)
[18:46:59.754430] wl_registry#2.bind(28, "zwlr_screencopy_manager_v1", 3, new id [unknown]#5)
[18:46:59.754514] zwlr_screencopy_manager_v1#5.capture_output(new id zwlr_screencopy_frame_v1#9, 0, wl_output#8)
[18:46:59.754523]  -> zwlr_screencopy_frame_v1#9.buffer(1, 1920, 1080, 7680)
[18:46:59.754525]  -> zwlr_screencopy_frame_v1#9.buffer_done()
[18:46:59.754587] zwlr_screencopy_frame_v1#9.copy(wl_buffer#11)
[18:46:59.757859]  -> zwlr_screencopy_frame_v1#9.flags(0)
[18:46:59.757871]  -> zwlr_screencopy_frame_v1#9.ready(0, 271203, 731347178)
[18:46:59.769828] zwlr_screencopy_frame_v1#9.destroy()
[18:47:00.044096]  -> wl_registry#2.global(28, "zwlr_screencopy_manager_v1", 3)
[18:47:00.044097]  -> wl_registry#2.global(29, "ext_image_copy_capture_manager_v1", 1)
[18:47:00.044099]  -> wl_registry#2.global(30, "ext_output_image_capture_source_manager_v1", 1)
[18:47:00.044115]  -> wl_registry#2.global(38, "ext_foreign_toplevel_image_capture_source_manager_v1", 1)
[18:47:00.044257] wl_registry#2.bind(28, "zwlr_screencopy_manager_v1", 3, new id [unknown]#5)
[18:47:00.062845]  -> wl_registry#2.global(28, "zwlr_screencopy_manager_v1", 3)
[18:47:00.062847]  -> wl_registry#2.global(29, "ext_image_copy_capture_manager_v1", 1)
[18:47:00.062849]  -> wl_registry#2.global(30, "ext_output_image_capture_source_manager_v1", 1)
[18:47:00.062865]  -> wl_registry#2.global(38, "ext_foreign_toplevel_image_capture_source_manager_v1", 1)
[18:47:00.063006] wl_registry#2.bind(28, "zwlr_screencopy_manager_v1", 3, new id [unknown]#5)
[18:47:00.063076] zwlr_screencopy_manager_v1#5.capture_output(new id zwlr_screencopy_frame_v1#9, 0, wl_output#8)
[18:47:00.063083]  -> zwlr_screencopy_frame_v1#9.buffer(1, 1920, 1080, 7680)
[18:47:00.063086]  -> zwlr_screencopy_frame_v1#9.buffer_done()
[18:47:00.063141] zwlr_screencopy_frame_v1#9.copy(wl_buffer#11)
[18:47:00.065893]  -> zwlr_screencopy_frame_v1#9.flags(0)
[18:47:00.065902]  -> zwlr_screencopy_frame_v1#9.ready(0, 271204, 39900379)
[18:47:00.077318] zwlr_screencopy_frame_v1#9.destroy()
[18:47:00.339744]  -> wl_registry#2.global(28, "zwlr_screencopy_manager_v1", 3)
[18:47:00.339746]  -> wl_registry#2.global(29, "ext_image_copy_capture_manager_v1", 1)
[18:47:00.339748]  -> wl_registry#2.global(30, "ext_output_image_capture_source_manager_v1", 1)
[18:47:00.339763]  -> wl_registry#2.global(38, "ext_foreign_toplevel_image_capture_source_manager_v1", 1)
[18:47:00.339906] wl_registry#2.bind(28, "zwlr_screencopy_manager_v1", 3, new id [unknown]#5)
[18:47:00.490465]  -> wl_registry#2.global(28, "zwlr_screencopy_manager_v1", 3)
[18:47:00.490467]  -> wl_registry#2.global(29, "ext_image_copy_capture_manager_v1", 1)
[18:47:00.490468]  -> wl_registry#2.global(30, "ext_output_image_capture_source_manager_v1", 1)
[18:47:00.490484]  -> wl_registry#2.global(38, "ext_foreign_toplevel_image_capture_source_manager_v1", 1)
[18:47:00.490633] wl_registry#2.bind(28, "zwlr_screencopy_manager_v1", 3, new id [unknown]#5)
[18:47:00.914791]  -> wl_registry#2.global(28, "zwlr_screencopy_manager_v1", 3)
[18:47:00.914793]  -> wl_registry#2.global(29, "ext_image_copy_capture_manager_v1", 1)
[18:47:00.914801]  -> wl_registry#2.global(30, "ext_output_image_capture_source_manager_v1", 1)
[18:47:00.914826]  -> wl_registry#2.global(38, "ext_foreign_toplevel_image_capture_source_manager_v1", 1)
[18:47:00.915042] wl_registry#2.bind(28, "zwlr_screencopy_manager_v1", 3, new id [unknown]#5)
[18:47:00.941802]  -> wl_registry#2.global(28, "zwlr_screencopy_manager_v1", 3)
[18:47:00.941804]  -> wl_registry#2.global(29, "ext_image_copy_capture_manager_v1", 1)
[18:47:00.941806]  -> wl_registry#2.global(30, "ext_output_image_capture_source_manager_v1", 1)
[18:47:00.941822]  -> wl_registry#2.global(38, "ext_foreign_toplevel_image_capture_source_manager_v1", 1)
[18:47:00.941976] wl_registry#2.bind(28, "zwlr_screencopy_manager_v1", 3, new id [unknown]#5)
[18:47:00.942047] zwlr_screencopy_manager_v1#5.capture_output(new id zwlr_screencopy_frame_v1#9, 0, wl_output#8)
[18:47:00.942057]  -> zwlr_screencopy_frame_v1#9.buffer(1, 1920, 1080, 7680)
[18:47:00.942059]  -> zwlr_screencopy_frame_v1#9.buffer_done()
[18:47:00.942109] zwlr_screencopy_frame_v1#9.copy(wl_buffer#11)
[18:47:00.944868]  -> zwlr_screencopy_frame_v1#9.flags(0)
[18:47:00.944878]  -> zwlr_screencopy_frame_v1#9.ready(0, 271204, 918867706)
[18:47:00.956271] zwlr_screencopy_frame_v1#9.destroy()
[18:47:01.219214]  -> wl_registry#2.global(28, "zwlr_screencopy_manager_v1", 3)
[18:47:01.219216]  -> wl_registry#2.global(29, "ext_image_copy_capture_manager_v1", 1)
[18:47:01.219217]  -> wl_registry#2.global(30, "ext_output_image_capture_source_manager_v1", 1)
[18:47:01.219238]  -> wl_registry#2.global(38, "ext_foreign_toplevel_image_capture_source_manager_v1", 1)
[18:47:01.219396] wl_registry#2.bind(28, "zwlr_screencopy_manager_v1", 3, new id [unknown]#5)
[18:47:01.238544]  -> wl_registry#2.global(28, "zwlr_screencopy_manager_v1", 3)
[18:47:01.238546]  -> wl_registry#2.global(29, "ext_image_copy_capture_manager_v1", 1)
[18:47:01.238547]  -> wl_registry#2.global(30, "ext_output_image_capture_source_manager_v1", 1)
[18:47:01.238563]  -> wl_registry#2.global(38, "ext_foreign_toplevel_image_capture_source_manager_v1", 1)
[18:47:01.238713] wl_registry#2.bind(28, "zwlr_screencopy_manager_v1", 3, new id [unknown]#5)
[18:47:01.238781] zwlr_screencopy_manager_v1#5.capture_output(new id zwlr_screencopy_frame_v1#9, 0, wl_output#8)
[18:47:01.238792]  -> zwlr_screencopy_frame_v1#9.buffer(1, 1920, 1080, 7680)
[18:47:01.238794]  -> zwlr_screencopy_frame_v1#9.buffer_done()
[18:47:01.238846] zwlr_screencopy_frame_v1#9.copy(wl_buffer#11)
[18:47:01.241942]  -> zwlr_screencopy_frame_v1#9.flags(0)
[18:47:01.241951]  -> zwlr_screencopy_frame_v1#9.ready(0, 271205, 215610014)
[18:47:01.253609] zwlr_screencopy_frame_v1#9.destroy()
[18:47:01.518398]  -> wl_registry#2.global(28, "zwlr_screencopy_manager_v1", 3)
[18:47:01.518401]  -> wl_registry#2.global(29, "ext_image_copy_capture_manager_v1", 1)
[18:47:01.518404]  -> wl_registry#2.global(30, "ext_output_image_capture_source_manager_v1", 1)
[18:47:01.518430]  -> wl_registry#2.global(38, "ext_foreign_toplevel_image_capture_source_manager_v1", 1)
[18:47:01.518651] wl_registry#2.bind(28, "zwlr_screencopy_manager_v1", 3, new id [unknown]#5)
[18:47:01.658792]  -> wl_registry#2.global(28, "zwlr_screencopy_manager_v1", 3)
[18:47:01.658793]  -> wl_registry#2.global(29, "ext_image_copy_capture_manager_v1", 1)
[18:47:01.658796]  -> wl_registry#2.global(30, "ext_output_image_capture_source_manager_v1", 1)
[18:47:01.658812]  -> wl_registry#2.global(38, "ext_foreign_toplevel_image_capture_source_manager_v1", 1)
[18:47:01.658964] wl_registry#2.bind(28, "zwlr_screencopy_manager_v1", 3, new id [unknown]#5)
[18:47:01.775315]  -> wl_registry#2.global(28, "zwlr_screencopy_manager_v1", 3)
[18:47:01.775316]  -> wl_registry#2.global(29, "ext_image_copy_capture_manager_v1", 1)
[18:47:01.775318]  -> wl_registry#2.global(30, "ext_output_image_capture_source_manager_v1", 1)
[18:47:01.775334]  -> wl_registry#2.global(38, "ext_foreign_toplevel_image_capture_source_manager_v1", 1)
[18:47:01.775535] wl_registry#2.bind(28, "zwlr_screencopy_manager_v1", 3, new id [unknown]#5)
[18:47:01.800875]  -> wl_registry#2.global(28, "zwlr_screencopy_manager_v1", 3)
[18:47:01.800877]  -> wl_registry#2.global(29, "ext_image_copy_capture_manager_v1", 1)
[18:47:01.800879]  -> wl_registry#2.global(30, "ext_output_image_capture_source_manager_v1", 1)
[18:47:01.800895]  -> wl_registry#2.global(38, "ext_foreign_toplevel_image_capture_source_manager_v1", 1)
[18:47:01.801042] wl_registry#2.bind(28, "zwlr_screencopy_manager_v1", 3, new id [unknown]#5)
[18:47:01.801119] zwlr_screencopy_manager_v1#5.capture_output(new id zwlr_screencopy_frame_v1#9, 0, wl_output#8)
[18:47:01.801127]  -> zwlr_screencopy_frame_v1#9.buffer(1, 1920, 1080, 7680)
[18:47:01.801130]  -> zwlr_screencopy_frame_v1#9.buffer_done()
[18:47:01.801181] zwlr_screencopy_frame_v1#9.copy(wl_buffer#11)
[18:47:01.804035]  -> zwlr_screencopy_frame_v1#9.flags(0)
[18:47:01.804044]  -> zwlr_screencopy_frame_v1#9.ready(0, 271205, 777943918)
[18:47:01.815198] zwlr_screencopy_frame_v1#9.destroy()
[18:47:02.283818]  -> wl_registry#2.global(28, "zwlr_screencopy_manager_v1", 3)
[18:47:02.283820]  -> wl_registry#2.global(29, "ext_image_copy_capture_manager_v1", 1)
[18:47:02.283821]  -> wl_registry#2.global(30, "ext_output_image_capture_source_manager_v1", 1)
[18:47:02.283837]  -> wl_registry#2.global(38, "ext_foreign_toplevel_image_capture_source_manager_v1", 1)
[18:47:02.284007] wl_registry#2.bind(28, "zwlr_screencopy_manager_v1", 3, new id [unknown]#5)
[18:47:02.309718]  -> wl_registry#2.global(28, "zwlr_screencopy_manager_v1", 3)
[18:47:02.309720]  -> wl_registry#2.global(29, "ext_image_copy_capture_manager_v1", 1)
[18:47:02.309722]  -> wl_registry#2.global(30, "ext_output_image_capture_source_manager_v1", 1)
[18:47:02.309738]  -> wl_registry#2.global(38, "ext_foreign_toplevel_image_capture_source_manager_v1", 1)
[18:47:02.309887] wl_registry#2.bind(28, "zwlr_screencopy_manager_v1", 3, new id [unknown]#5)
[18:47:02.309960] zwlr_screencopy_manager_v1#5.capture_output(new id zwlr_screencopy_frame_v1#9, 0, wl_output#8)
[18:47:02.309968]  -> zwlr_screencopy_frame_v1#9.buffer(1, 1920, 1080, 7680)
[18:47:02.309970]  -> zwlr_screencopy_frame_v1#9.buffer_done()
[18:47:02.310020] zwlr_screencopy_frame_v1#9.copy(wl_buffer#11)
[18:47:02.313255]  -> zwlr_screencopy_frame_v1#9.flags(0)
[18:47:02.313270]  -> zwlr_screencopy_frame_v1#9.ready(0, 271206, 286781207)
[18:47:02.326054] zwlr_screencopy_frame_v1#9.destroy()
[18:47:02.596820]  -> wl_registry#2.global(28, "zwlr_screencopy_manager_v1", 3)
[18:47:02.596822]  -> wl_registry#2.global(29, "ext_image_copy_capture_manager_v1", 1)
[18:47:02.596825]  -> wl_registry#2.global(30, "ext_output_image_capture_source_manager_v1", 1)
[18:47:02.596841]  -> wl_registry#2.global(38, "ext_foreign_toplevel_image_capture_source_manager_v1", 1)
[18:47:02.597009] wl_registry#2.bind(28, "zwlr_screencopy_manager_v1", 3, new id [unknown]#5)
[18:47:02.616166]  -> wl_registry#2.global(28, "zwlr_screencopy_manager_v1", 3)
[18:47:02.616167]  -> wl_registry#2.global(29, "ext_image_copy_capture_manager_v1", 1)
[18:47:02.616169]  -> wl_registry#2.global(30, "ext_output_image_capture_source_manager_v1", 1)
[18:47:02.616186]  -> wl_registry#2.global(38, "ext_foreign_toplevel_image_capture_source_manager_v1", 1)
[18:47:02.616345] wl_registry#2.bind(28, "zwlr_screencopy_manager_v1", 3, new id [unknown]#5)
[18:47:02.616423] zwlr_screencopy_manager_v1#5.capture_output(new id zwlr_screencopy_frame_v1#9, 0, wl_output#8)
[18:47:02.616431]  -> zwlr_screencopy_frame_v1#9.buffer(1, 1920, 1080, 7680)
[18:47:02.616433]  -> zwlr_screencopy_frame_v1#9.buffer_done()
[18:47:02.616483] zwlr_screencopy_frame_v1#9.copy(wl_buffer#11)
[18:47:02.619397]  -> zwlr_screencopy_frame_v1#9.flags(0)
[18:47:02.619408]  -> zwlr_screencopy_frame_v1#9.ready(0, 271206, 593244849)
[18:47:02.632496] zwlr_screencopy_frame_v1#9.destroy()
[18:47:02.900356]  -> wl_registry#2.global(28, "zwlr_screencopy_manager_v1", 3)
[18:47:02.900358]  -> wl_registry#2.global(29, "ext_image_copy_capture_manager_v1", 1)
[18:47:02.900360]  -> wl_registry#2.global(30, "ext_output_image_capture_source_manager_v1", 1)
[18:47:02.900376]  -> wl_registry#2.global(38, "ext_foreign_toplevel_image_capture_source_manager_v1", 1)
[18:47:02.900536] wl_registry#2.bind(28, "zwlr_screencopy_manager_v1", 3, new id [unknown]#5)
[18:47:03.038825]  -> wl_registry#2.global(28, "zwlr_screencopy_manager_v1", 3)
[18:47:03.038828]  -> wl_registry#2.global(29, "ext_image_copy_capture_manager_v1", 1)
[18:47:03.038832]  -> wl_registry#2.global(30, "ext_output_image_capture_source_manager_v1", 1)
[18:47:03.038879]  -> wl_registry#2.global(38, "ext_foreign_toplevel_image_capture_source_manager_v1", 1)
[18:47:03.039107] wl_registry#2.bind(28, "zwlr_screencopy_manager_v1", 3, new id [unknown]#5)
[18:47:03.157505]  -> wl_registry#2.global(28, "zwlr_screencopy_manager_v1", 3)
[18:47:03.157508]  -> wl_registry#2.global(29, "ext_image_copy_capture_manager_v1", 1)
[18:47:03.157511]  -> wl_registry#2.global(30, "ext_output_image_capture_source_manager_v1", 1)
[18:47:03.157532]  -> wl_registry#2.global(38, "ext_foreign_toplevel_image_capture_source_manager_v1", 1)
[18:47:03.157802] wl_registry#2.bind(28, "zwlr_screencopy_manager_v1", 3, new id [unknown]#5)
[18:47:03.189584]  -> wl_registry#2.global(28, "zwlr_screencopy_manager_v1", 3)
[18:47:03.189586]  -> wl_registry#2.global(29, "ext_image_copy_capture_manager_v1", 1)
[18:47:03.189588]  -> wl_registry#2.global(30, "ext_output_image_capture_source_manager_v1", 1)
[18:47:03.189606]  -> wl_registry#2.global(38, "ext_foreign_toplevel_image_capture_source_manager_v1", 1)
[18:47:03.189793] wl_registry#2.bind(28, "zwlr_screencopy_manager_v1", 3, new id [unknown]#5)
[18:47:03.189906] zwlr_screencopy_manager_v1#5.capture_output(new id zwlr_screencopy_frame_v1#9, 0, wl_output#8)
[18:47:03.189916]  -> zwlr_screencopy_frame_v1#9.buffer(1, 1920, 1080, 7680)
[18:47:03.189919]  -> zwlr_screencopy_frame_v1#9.buffer_done()
[18:47:03.189982] zwlr_screencopy_frame_v1#9.copy(wl_buffer#11)
[18:47:03.193472]  -> zwlr_screencopy_frame_v1#9.flags(0)
[18:47:03.193490]  -> zwlr_screencopy_frame_v1#9.ready(0, 271207, 166755115)
[18:47:03.205557] zwlr_screencopy_frame_v1#9.destroy()
[18:47:03.704503]  -> wl_registry#2.global(28, "zwlr_screencopy_manager_v1", 3)
[18:47:03.704505]  -> wl_registry#2.global(29, "ext_image_copy_capture_manager_v1", 1)
[18:47:03.704507]  -> wl_registry#2.global(30, "ext_output_image_capture_source_manager_v1", 1)
[18:47:03.704523]  -> wl_registry#2.global(38, "ext_foreign_toplevel_image_capture_source_manager_v1", 1)
[18:47:03.704704] wl_registry#2.bind(28, "zwlr_screencopy_manager_v1", 3, new id [unknown]#5)
[18:47:03.738098]  -> wl_registry#2.global(28, "zwlr_screencopy_manager_v1", 3)
[18:47:03.738100]  -> wl_registry#2.global(29, "ext_image_copy_capture_manager_v1", 1)
[18:47:03.738102]  -> wl_registry#2.global(30, "ext_output_image_capture_source_manager_v1", 1)
[18:47:03.738120]  -> wl_registry#2.global(38, "ext_foreign_toplevel_image_capture_source_manager_v1", 1)
[18:47:03.738299] wl_registry#2.bind(28, "zwlr_screencopy_manager_v1", 3, new id [unknown]#5)
[18:47:03.738387] zwlr_screencopy_manager_v1#5.capture_output(new id zwlr_screencopy_frame_v1#9, 0, wl_output#8)
[18:47:03.738396]  -> zwlr_screencopy_frame_v1#9.buffer(1, 1920, 1080, 7680)
[18:47:03.738399]  -> zwlr_screencopy_frame_v1#9.buffer_done()
[18:47:03.738461] zwlr_screencopy_frame_v1#9.copy(wl_buffer#11)
[18:47:03.743255]  -> zwlr_screencopy_frame_v1#9.flags(0)
[18:47:03.743286]  -> zwlr_screencopy_frame_v1#9.ready(0, 271207, 715228640)
[18:47:03.762158] zwlr_screencopy_frame_v1#9.destroy()
[18:47:04.101309]  -> wl_registry#2.global(28, "zwlr_screencopy_manager_v1", 3)
[18:47:04.101311]  -> wl_registry#2.global(29, "ext_image_copy_capture_manager_v1", 1)
[18:47:04.101313]  -> wl_registry#2.global(30, "ext_output_image_capture_source_manager_v1", 1)
[18:47:04.101329]  -> wl_registry#2.global(38, "ext_foreign_toplevel_image_capture_source_manager_v1", 1)
[18:47:04.101522] wl_registry#2.bind(28, "zwlr_screencopy_manager_v1", 3, new id [unknown]#5)
[18:47:04.123518]  -> wl_registry#2.global(28, "zwlr_screencopy_manager_v1", 3)
[18:47:04.123520]  -> wl_registry#2.global(29, "ext_image_copy_capture_manager_v1", 1)
[18:47:04.123522]  -> wl_registry#2.global(30, "ext_output_image_capture_source_manager_v1", 1)
[18:47:04.123539]  -> wl_registry#2.global(38, "ext_foreign_toplevel_image_capture_source_manager_v1", 1)
[18:47:04.123724] wl_registry#2.bind(28, "zwlr_screencopy_manager_v1", 3, new id [unknown]#5)
[18:47:04.123820] zwlr_screencopy_manager_v1#5.capture_output(new id zwlr_screencopy_frame_v1#9, 0, wl_output#8)
[18:47:04.123834]  -> zwlr_screencopy_frame_v1#9.buffer(1, 1920, 1080, 7680)
[18:47:04.123837]  -> zwlr_screencopy_frame_v1#9.buffer_done()
[18:47:04.123924] zwlr_screencopy_frame_v1#9.copy(wl_buffer#11)
[18:47:04.129024]  -> zwlr_screencopy_frame_v1#9.flags(0)
[18:47:04.129046]  -> zwlr_screencopy_frame_v1#9.ready(0, 271208, 100708187)
[18:47:04.149478] zwlr_screencopy_frame_v1#9.destroy()
[18:47:04.487693]  -> wl_registry#2.global(28, "zwlr_screencopy_manager_v1", 3)
[18:47:04.487697]  -> wl_registry#2.global(29, "ext_image_copy_capture_manager_v1", 1)
[18:47:04.487700]  -> wl_registry#2.global(30, "ext_output_image_capture_source_manager_v1", 1)
[18:47:04.487728]  -> wl_registry#2.global(38, "ext_foreign_toplevel_image_capture_source_manager_v1", 1)
[18:47:04.488055] wl_registry#2.bind(28, "zwlr_screencopy_manager_v1", 3, new id [unknown]#5)
[18:47:04.641371]  -> wl_registry#2.global(28, "zwlr_screencopy_manager_v1", 3)
[18:47:04.641373]  -> wl_registry#2.global(29, "ext_image_copy_capture_manager_v1", 1)
[18:47:04.641375]  -> wl_registry#2.global(30, "ext_output_image_capture_source_manager_v1", 1)
[18:47:04.641393]  -> wl_registry#2.global(38, "ext_foreign_toplevel_image_capture_source_manager_v1", 1)
[18:47:04.641640] wl_registry#2.bind(28, "zwlr_screencopy_manager_v1", 3, new id [unknown]#5)
[18:47:04.764944]  -> wl_registry#2.global(28, "zwlr_screencopy_manager_v1", 3)
[18:47:04.764948]  -> wl_registry#2.global(29, "ext_image_copy_capture_manager_v1", 1)
[18:47:04.764951]  -> wl_registry#2.global(30, "ext_output_image_capture_source_manager_v1", 1)
[18:47:04.764980]  -> wl_registry#2.global(38, "ext_foreign_toplevel_image_capture_source_manager_v1", 1)
[18:47:04.765225] wl_registry#2.bind(28, "zwlr_screencopy_manager_v1", 3, new id [unknown]#5)
[18:47:04.799473]  -> wl_registry#2.global(28, "zwlr_screencopy_manager_v1", 3)
[18:47:04.799476]  -> wl_registry#2.global(29, "ext_image_copy_capture_manager_v1", 1)
[18:47:04.799484]  -> wl_registry#2.global(30, "ext_output_image_capture_source_manager_v1", 1)
[18:47:04.799522]  -> wl_registry#2.global(38, "ext_foreign_toplevel_image_capture_source_manager_v1", 1)
[18:47:04.799745] wl_registry#2.bind(28, "zwlr_screencopy_manager_v1", 3, new id [unknown]#5)
[18:47:04.799864] zwlr_screencopy_manager_v1#5.capture_output(new id zwlr_screencopy_frame_v1#9, 0, wl_output#8)
[18:47:04.799880]  -> zwlr_screencopy_frame_v1#9.buffer(1, 1920, 1080, 7680)
[18:47:04.799885]  -> zwlr_screencopy_frame_v1#9.buffer_done()
[18:47:04.799965] zwlr_screencopy_frame_v1#9.copy(wl_buffer#11)
[18:47:04.805134]  -> zwlr_screencopy_frame_v1#9.flags(0)
[18:47:04.805164]  -> zwlr_screencopy_frame_v1#9.ready(0, 271208, 776756603)
[18:47:04.820833] zwlr_screencopy_frame_v1#9.destroy()
[18:47:05.358475]  -> wl_registry#2.global(28, "zwlr_screencopy_manager_v1", 3)
[18:47:05.358479]  -> wl_registry#2.global(29, "ext_image_copy_capture_manager_v1", 1)
[18:47:05.358482]  -> wl_registry#2.global(30, "ext_output_image_capture_source_manager_v1", 1)
[18:47:05.358510]  -> wl_registry#2.global(38, "ext_foreign_toplevel_image_capture_source_manager_v1", 1)
[18:47:05.358736] wl_registry#2.bind(28, "zwlr_screencopy_manager_v1", 3, new id [unknown]#5)
[18:47:05.392825]  -> wl_registry#2.global(28, "zwlr_screencopy_manager_v1", 3)
[18:47:05.392826]  -> wl_registry#2.global(29, "ext_image_copy_capture_manager_v1", 1)
[18:47:05.392829]  -> wl_registry#2.global(30, "ext_output_image_capture_source_manager_v1", 1)
[18:47:05.392861]  -> wl_registry#2.global(38, "ext_foreign_toplevel_image_capture_source_manager_v1", 1)
[18:47:05.393049] wl_registry#2.bind(28, "zwlr_screencopy_manager_v1", 3, new id [unknown]#5)
[18:47:05.393156] zwlr_screencopy_manager_v1#5.capture_output(new id zwlr_screencopy_frame_v1#9, 0, wl_output#8)
[18:47:05.393169]  -> zwlr_screencopy_frame_v1#9.buffer(1, 1920, 1080, 7680)
[18:47:05.393172]  -> zwlr_screencopy_frame_v1#9.buffer_done()
[18:47:05.393249] zwlr_screencopy_frame_v1#9.copy(wl_buffer#11)
[18:47:05.398051]  -> zwlr_screencopy_frame_v1#9.flags(0)
[18:47:05.398077]  -> zwlr_screencopy_frame_v1#9.ready(0, 271209, 370034643)
[18:47:05.414289] zwlr_screencopy_frame_v1#9.destroy()
[18:47:05.705174]  -> wl_registry#2.global(28, "zwlr_screencopy_manager_v1", 3)
[18:47:05.705177]  -> wl_registry#2.global(29, "ext_image_copy_capture_manager_v1", 1)
[18:47:05.705180]  -> wl_registry#2.global(30, "ext_output_image_capture_source_manager_v1", 1)
[18:47:05.705220]  -> wl_registry#2.global(38, "ext_foreign_toplevel_image_capture_source_manager_v1", 1)
[18:47:05.705470] wl_registry#2.bind(28, "zwlr_screencopy_manager_v1", 3, new id [unknown]#5)
[18:47:05.726579]  -> wl_registry#2.global(28, "zwlr_screencopy_manager_v1", 3)
[18:47:05.726583]  -> wl_registry#2.global(29, "ext_image_copy_capture_manager_v1", 1)
[18:47:05.726586]  -> wl_registry#2.global(30, "ext_output_image_capture_source_manager_v1", 1)
[18:47:05.726616]  -> wl_registry#2.global(38, "ext_foreign_toplevel_image_capture_source_manager_v1", 1)
[18:47:05.726883] wl_registry#2.bind(28, "zwlr_screencopy_manager_v1", 3, new id [unknown]#5)
[18:47:05.726995] zwlr_screencopy_manager_v1#5.capture_output(new id zwlr_screencopy_frame_v1#9, 0, wl_output#8)
[18:47:05.727011]  -> zwlr_screencopy_frame_v1#9.buffer(1, 1920, 1080, 7680)
[18:47:05.727018]  -> zwlr_screencopy_frame_v1#9.buffer_done()
[18:47:05.727078] zwlr_screencopy_frame_v1#9.copy(wl_buffer#11)
[18:47:05.731295]  -> zwlr_screencopy_frame_v1#9.flags(0)
[18:47:05.731313]  -> zwlr_screencopy_frame_v1#9.ready(0, 271209, 703847830)
[18:47:05.746737] zwlr_screencopy_frame_v1#9.destroy()
[18:47:06.046942]  -> wl_registry#2.global(28, "zwlr_screencopy_manager_v1", 3)
[18:47:06.046944]  -> wl_registry#2.global(29, "ext_image_copy_capture_manager_v1", 1)
[18:47:06.046946]  -> wl_registry#2.global(30, "ext_output_image_capture_source_manager_v1", 1)
[18:47:06.046985]  -> wl_registry#2.global(38, "ext_foreign_toplevel_image_capture_source_manager_v1", 1)
[18:47:06.047163] wl_registry#2.bind(28, "zwlr_screencopy_manager_v1", 3, new id [unknown]#5)
[18:47:06.195906]  -> wl_registry#2.global(28, "zwlr_screencopy_manager_v1", 3)
[18:47:06.195908]  -> wl_registry#2.global(29, "ext_image_copy_capture_manager_v1", 1)
[18:47:06.195909]  -> wl_registry#2.global(30, "ext_output_image_capture_source_manager_v1", 1)
[18:47:06.195926]  -> wl_registry#2.global(38, "ext_foreign_toplevel_image_capture_source_manager_v1", 1)
[18:47:06.196135] wl_registry#2.bind(28, "zwlr_screencopy_manager_v1", 3, new id [unknown]#5)
[18:47:06.318789]  -> wl_registry#2.global(28, "zwlr_screencopy_manager_v1", 3)
[18:47:06.318792]  -> wl_registry#2.global(29, "ext_image_copy_capture_manager_v1", 1)
[18:47:06.318796]  -> wl_registry#2.global(30, "ext_output_image_capture_source_manager_v1", 1)
[18:47:06.318824]  -> wl_registry#2.global(38, "ext_foreign_toplevel_image_capture_source_manager_v1", 1)
[18:47:06.319095] wl_registry#2.bind(28, "zwlr_screencopy_manager_v1", 3, new id [unknown]#5)
[18:47:06.352624]  -> wl_registry#2.global(28, "zwlr_screencopy_manager_v1", 3)
[18:47:06.352626]  -> wl_registry#2.global(29, "ext_image_copy_capture_manager_v1", 1)
[18:47:06.352627]  -> wl_registry#2.global(30, "ext_output_image_capture_source_manager_v1", 1)
[18:47:06.352644]  -> wl_registry#2.global(38, "ext_foreign_toplevel_image_capture_source_manager_v1", 1)
[18:47:06.352826] wl_registry#2.bind(28, "zwlr_screencopy_manager_v1", 3, new id [unknown]#5)
[18:47:06.352911] zwlr_screencopy_manager_v1#5.capture_output(new id zwlr_screencopy_frame_v1#9, 0, wl_output#8)
[18:47:06.352922]  -> zwlr_screencopy_frame_v1#9.buffer(1, 1920, 1080, 7680)
[18:47:06.352924]  -> zwlr_screencopy_frame_v1#9.buffer_done()
[18:47:06.352991] zwlr_screencopy_frame_v1#9.copy(wl_buffer#11)
[18:47:06.358501]  -> zwlr_screencopy_frame_v1#9.flags(0)
[18:47:06.358529]  -> zwlr_screencopy_frame_v1#9.ready(0, 271210, 329764315)
[18:47:06.378561] zwlr_screencopy_frame_v1#9.destroy()
[18:47:07.025819]  -> wl_registry#2.global(28, "zwlr_screencopy_manager_v1", 3)
[18:47:07.025822]  -> wl_registry#2.global(29, "ext_image_copy_capture_manager_v1", 1)
[18:47:07.025825]  -> wl_registry#2.global(30, "ext_output_image_capture_source_manager_v1", 1)
[18:47:07.025855]  -> wl_registry#2.global(38, "ext_foreign_toplevel_image_capture_source_manager_v1", 1)
[18:47:07.026139] wl_registry#2.bind(28, "zwlr_screencopy_manager_v1", 3, new id [unknown]#5)
[18:47:07.046264]  -> wl_registry#2.global(28, "zwlr_screencopy_manager_v1", 3)
[18:47:07.046273]  -> wl_registry#2.global(29, "ext_image_copy_capture_manager_v1", 1)
[18:47:07.046278]  -> wl_registry#2.global(30, "ext_output_image_capture_source_manager_v1", 1)
[18:47:07.046308]  -> wl_registry#2.global(38, "ext_foreign_toplevel_image_capture_source_manager_v1", 1)
[18:47:07.046584] wl_registry#2.bind(28, "zwlr_screencopy_manager_v1", 3, new id [unknown]#5)
[18:47:07.046706] zwlr_screencopy_manager_v1#5.capture_output(new id zwlr_screencopy_frame_v1#9, 0, wl_output#8)
[18:47:07.046725]  -> zwlr_screencopy_frame_v1#9.buffer(1, 1920, 1080, 7680)
[18:47:07.046729]  -> zwlr_screencopy_frame_v1#9.buffer_done()
[18:47:07.046820] zwlr_screencopy_frame_v1#9.copy(wl_buffer#11)
[18:47:07.051396]  -> zwlr_screencopy_frame_v1#9.flags(0)
[18:47:07.051426]  -> zwlr_screencopy_frame_v1#9.ready(0, 271211, 23603437)
[18:47:07.076051] zwlr_screencopy_frame_v1#9.destroy()
[18:47:07.415322]  -> wl_registry#2.global(28, "zwlr_screencopy_manager_v1", 3)
[18:47:07.415326]  -> wl_registry#2.global(29, "ext_image_copy_capture_manager_v1", 1)
[18:47:07.415329]  -> wl_registry#2.global(30, "ext_output_image_capture_source_manager_v1", 1)
[18:47:07.415361]  -> wl_registry#2.global(38, "ext_foreign_toplevel_image_capture_source_manager_v1", 1)
[18:47:07.415664] wl_registry#2.bind(28, "zwlr_screencopy_manager_v1", 3, new id [unknown]#5)
[18:47:07.573471]  -> wl_registry#2.global(28, "zwlr_screencopy_manager_v1", 3)
[18:47:07.573473]  -> wl_registry#2.global(29, "ext_image_copy_capture_manager_v1", 1)
[18:47:07.573476]  -> wl_registry#2.global(30, "ext_output_image_capture_source_manager_v1", 1)
[18:47:07.573500]  -> wl_registry#2.global(38, "ext_foreign_toplevel_image_capture_source_manager_v1", 1)
[18:47:07.573757] wl_registry#2.bind(28, "zwlr_screencopy_manager_v1", 3, new id [unknown]#5)
[18:47:07.696586]  -> wl_registry#2.global(28, "zwlr_screencopy_manager_v1", 3)
[18:47:07.696588]  -> wl_registry#2.global(29, "ext_image_copy_capture_manager_v1", 1)
[18:47:07.696611]  -> wl_registry#2.global(30, "ext_output_image_capture_source_manager_v1", 1)
[18:47:07.696642]  -> wl_registry#2.global(38, "ext_foreign_toplevel_image_capture_source_manager_v1", 1)
[18:47:07.696881] wl_registry#2.bind(28, "zwlr_screencopy_manager_v1", 3, new id [unknown]#5)
[18:47:07.752672]  -> wl_registry#2.global(28, "zwlr_screencopy_manager_v1", 3)
[18:47:07.752675]  -> wl_registry#2.global(29, "ext_image_copy_capture_manager_v1", 1)
[18:47:07.752678]  -> wl_registry#2.global(30, "ext_output_image_capture_source_manager_v1", 1)
[18:47:07.752712]  -> wl_registry#2.global(38, "ext_foreign_toplevel_image_capture_source_manager_v1", 1)
[18:47:07.753559] wl_registry#2.bind(28, "zwlr_screencopy_manager_v1", 3, new id [unknown]#5)
[18:47:07.754339] zwlr_screencopy_manager_v1#5.capture_output(new id zwlr_screencopy_frame_v1#9, 0, wl_output#8)
[18:47:07.754376]  -> zwlr_screencopy_frame_v1#9.buffer(1, 1920, 1080, 7680)
[18:47:07.754382]  -> zwlr_screencopy_frame_v1#9.buffer_done()
[18:47:07.754503] zwlr_screencopy_frame_v1#9.copy(wl_buffer#11)
[18:47:07.758745]  -> zwlr_screencopy_frame_v1#9.flags(0)
[18:47:07.758771]  -> zwlr_screencopy_frame_v1#9.ready(0, 271211, 731286238)
[18:47:07.780343] zwlr_screencopy_frame_v1#9.destroy()
[18:47:08.450761]  -> wl_registry#2.global(28, "zwlr_screencopy_manager_v1", 3)
[18:47:08.450764]  -> wl_registry#2.global(29, "ext_image_copy_capture_manager_v1", 1)
[18:47:08.450767]  -> wl_registry#2.global(30, "ext_output_image_capture_source_manager_v1", 1)
[18:47:08.450816]  -> wl_registry#2.global(38, "ext_foreign_toplevel_image_capture_source_manager_v1", 1)
[18:47:08.451090] wl_registry#2.bind(28, "zwlr_screencopy_manager_v1", 3, new id [unknown]#5)
[18:47:08.490700]  -> wl_registry#2.global(28, "zwlr_screencopy_manager_v1", 3)
[18:47:08.490702]  -> wl_registry#2.global(29, "ext_image_copy_capture_manager_v1", 1)
[18:47:08.490704]  -> wl_registry#2.global(30, "ext_output_image_capture_source_manager_v1", 1)
[18:47:08.490721]  -> wl_registry#2.global(38, "ext_foreign_toplevel_image_capture_source_manager_v1", 1)
[18:47:08.490886] wl_registry#2.bind(28, "zwlr_screencopy_manager_v1", 3, new id [unknown]#5)
[18:47:08.490969] zwlr_screencopy_manager_v1#5.capture_output(new id zwlr_screencopy_frame_v1#9, 0, wl_output#8)
[18:47:08.490977]  -> zwlr_screencopy_frame_v1#9.buffer(1, 1920, 1080, 7680)
[18:47:08.490980]  -> zwlr_screencopy_frame_v1#9.buffer_done()
[18:47:08.491044] zwlr_screencopy_frame_v1#9.copy(wl_buffer#11)
[18:47:08.495041]  -> zwlr_screencopy_frame_v1#9.flags(0)
[18:47:08.495078]  -> zwlr_screencopy_frame_v1#9.ready(0, 271212, 467811523)
[18:47:08.515015] zwlr_screencopy_frame_v1#9.destroy()
[18:47:08.878585]  -> wl_registry#2.global(28, "zwlr_screencopy_manager_v1", 3)
[18:47:08.878587]  -> wl_registry#2.global(29, "ext_image_copy_capture_manager_v1", 1)
[18:47:08.878589]  -> wl_registry#2.global(30, "ext_output_image_capture_source_manager_v1", 1)
[18:47:08.878606]  -> wl_registry#2.global(38, "ext_foreign_toplevel_image_capture_source_manager_v1", 1)
[18:47:08.878788] wl_registry#2.bind(28, "zwlr_screencopy_manager_v1", 3, new id [unknown]#5)
[18:47:09.023088]  -> wl_registry#2.global(28, "zwlr_screencopy_manager_v1", 3)
[18:47:09.023090]  -> wl_registry#2.global(29, "ext_image_copy_capture_manager_v1", 1)
[18:47:09.023092]  -> wl_registry#2.global(30, "ext_output_image_capture_source_manager_v1", 1)
[18:47:09.023109]  -> wl_registry#2.global(38, "ext_foreign_toplevel_image_capture_source_manager_v1", 1)
[18:47:09.023297] wl_registry#2.bind(28, "zwlr_screencopy_manager_v1", 3, new id [unknown]#5)
[18:47:09.143721]  -> wl_registry#2.global(28, "zwlr_screencopy_manager_v1", 3)
[18:47:09.143723]  -> wl_registry#2.global(29, "ext_image_copy_capture_manager_v1", 1)
[18:47:09.143725]  -> wl_registry#2.global(30, "ext_output_image_capture_source_manager_v1", 1)
[18:47:09.143742]  -> wl_registry#2.global(38, "ext_foreign_toplevel_image_capture_source_manager_v1", 1)
[18:47:09.143952] wl_registry#2.bind(28, "zwlr_screencopy_manager_v1", 3, new id [unknown]#5)
[18:47:09.174404]  -> wl_registry#2.global(28, "zwlr_screencopy_manager_v1", 3)
[18:47:09.174406]  -> wl_registry#2.global(29, "ext_image_copy_capture_manager_v1", 1)
[18:47:09.174408]  -> wl_registry#2.global(30, "ext_output_image_capture_source_manager_v1", 1)
[18:47:09.174424]  -> wl_registry#2.global(38, "ext_foreign_toplevel_image_capture_source_manager_v1", 1)
[18:47:09.174600] wl_registry#2.bind(28, "zwlr_screencopy_manager_v1", 3, new id [unknown]#5)
[18:47:09.174693] zwlr_screencopy_manager_v1#5.capture_output(new id zwlr_screencopy_frame_v1#9, 0, wl_output#8)
[18:47:09.174703]  -> zwlr_screencopy_frame_v1#9.buffer(1, 1920, 1080, 7680)
[18:47:09.174705]  -> zwlr_screencopy_frame_v1#9.buffer_done()
[18:47:09.174762] zwlr_screencopy_frame_v1#9.copy(wl_buffer#11)
[18:47:09.178677]  -> zwlr_screencopy_frame_v1#9.flags(0)
[18:47:09.178695]  -> zwlr_screencopy_frame_v1#9.ready(0, 271213, 151527411)
[18:47:09.193692] zwlr_screencopy_frame_v1#9.destroy()
[18:47:09.822632]  -> wl_registry#2.global(28, "zwlr_screencopy_manager_v1", 3)
[18:47:09.822635]  -> wl_registry#2.global(29, "ext_image_copy_capture_manager_v1", 1)
[18:47:09.822639]  -> wl_registry#2.global(30, "ext_output_image_capture_source_manager_v1", 1)
[18:47:09.822666]  -> wl_registry#2.global(38, "ext_foreign_toplevel_image_capture_source_manager_v1", 1)
[18:47:09.823504] wl_registry#2.bind(28, "zwlr_screencopy_manager_v1", 3, new id [unknown]#5)
[18:47:09.874109]  -> wl_registry#2.global(28, "zwlr_screencopy_manager_v1", 3)
[18:47:09.874111]  -> wl_registry#2.global(29, "ext_image_copy_capture_manager_v1", 1)
[18:47:09.874113]  -> wl_registry#2.global(30, "ext_output_image_capture_source_manager_v1", 1)
[18:47:09.874135]  -> wl_registry#2.global(38, "ext_foreign_toplevel_image_capture_source_manager_v1", 1)
[18:47:09.874439] wl_registry#2.bind(28, "zwlr_screencopy_manager_v1", 3, new id [unknown]#5)
[18:47:09.874573] zwlr_screencopy_manager_v1#5.capture_output(new id zwlr_screencopy_frame_v1#9, 0, wl_output#8)
[18:47:09.874592]  -> zwlr_screencopy_frame_v1#9.buffer(1, 1920, 1080, 7680)
[18:47:09.874596]  -> zwlr_screencopy_frame_v1#9.buffer_done()
[18:47:09.874708] zwlr_screencopy_frame_v1#9.copy(wl_buffer#11)
[18:47:09.882641]  -> zwlr_screencopy_frame_v1#9.flags(0)
[18:47:09.882697]  -> zwlr_screencopy_frame_v1#9.ready(0, 271213, 851509135)
[18:47:09.906102] zwlr_screencopy_frame_v1#9.destroy()
[18:47:10.233265]  -> wl_registry#2.global(28, "zwlr_screencopy_manager_v1", 3)
[18:47:10.233272]  -> wl_registry#2.global(29, "ext_image_copy_capture_manager_v1", 1)
[18:47:10.233274]  -> wl_registry#2.global(30, "ext_output_image_capture_source_manager_v1", 1)
[18:47:10.233290]  -> wl_registry#2.global(38, "ext_foreign_toplevel_image_capture_source_manager_v1", 1)
[18:47:10.233450] wl_registry#2.bind(28, "zwlr_screencopy_manager_v1", 3, new id [unknown]#5)
[18:47:10.252961]  -> wl_registry#2.global(28, "zwlr_screencopy_manager_v1", 3)
[18:47:10.252963]  -> wl_registry#2.global(29, "ext_image_copy_capture_manager_v1", 1)
[18:47:10.252965]  -> wl_registry#2.global(30, "ext_output_image_capture_source_manager_v1", 1)
[18:47:10.252985]  -> wl_registry#2.global(38, "ext_foreign_toplevel_image_capture_source_manager_v1", 1)
[18:47:10.253170] wl_registry#2.bind(28, "zwlr_screencopy_manager_v1", 3, new id [unknown]#5)
[18:47:10.253271] zwlr_screencopy_manager_v1#5.capture_output(new id zwlr_screencopy_frame_v1#9, 0, wl_output#8)
[18:47:10.253281]  -> zwlr_screencopy_frame_v1#9.buffer(1, 1920, 1080, 7680)
[18:47:10.253284]  -> zwlr_screencopy_frame_v1#9.buffer_done()
[18:47:10.253465] zwlr_screencopy_frame_v1#9.copy(wl_buffer#11)
[18:47:10.257414]  -> zwlr_screencopy_frame_v1#9.flags(0)
[18:47:10.257440]  -> zwlr_screencopy_frame_v1#9.ready(0, 271214, 230242492)
[18:47:10.274426] zwlr_screencopy_frame_v1#9.destroy()
[18:47:10.630566]  -> wl_registry#2.global(28, "zwlr_screencopy_manager_v1", 3)
[18:47:10.630569]  -> wl_registry#2.global(29, "ext_image_copy_capture_manager_v1", 1)
[18:47:10.630571]  -> wl_registry#2.global(30, "ext_output_image_capture_source_manager_v1", 1)
[18:47:10.630591]  -> wl_registry#2.global(38, "ext_foreign_toplevel_image_capture_source_manager_v1", 1)
[18:47:10.631634] wl_registry#2.bind(28, "zwlr_screencopy_manager_v1", 3, new id [unknown]#5)
[18:47:10.759703]  -> wl_registry#2.global(28, "zwlr_screencopy_manager_v1", 3)
[18:47:10.759706]  -> wl_registry#2.global(29, "ext_image_copy_capture_manager_v1", 1)
[18:47:10.759709]  -> wl_registry#2.global(30, "ext_output_image_capture_source_manager_v1", 1)
[18:47:10.759765]  -> wl_registry#2.global(38, "ext_foreign_toplevel_image_capture_source_manager_v1", 1)
[18:47:10.760050] wl_registry#2.bind(28, "zwlr_screencopy_manager_v1", 3, new id [unknown]#5)
[18:47:10.801217]  -> wl_registry#2.global(28, "zwlr_screencopy_manager_v1", 3)
[18:47:10.801219]  -> wl_registry#2.global(29, "ext_image_copy_capture_manager_v1", 1)
[18:47:10.801221]  -> wl_registry#2.global(30, "ext_output_image_capture_source_manager_v1", 1)
[18:47:10.801237]  -> wl_registry#2.global(38, "ext_foreign_toplevel_image_capture_source_manager_v1", 1)
[18:47:10.801410] wl_registry#2.bind(28, "zwlr_screencopy_manager_v1", 3, new id [unknown]#5)
[18:47:10.801540] zwlr_screencopy_manager_v1#5.capture_output(new id zwlr_screencopy_frame_v1#9, 0, wl_output#8)
[18:47:10.801557]  -> zwlr_screencopy_frame_v1#9.buffer(1, 1920, 1080, 7680)
[18:47:10.801566]  -> zwlr_screencopy_frame_v1#9.buffer_done()
[18:47:10.801687] zwlr_screencopy_frame_v1#9.copy(wl_buffer#11)
[18:47:10.805324]  -> zwlr_screencopy_frame_v1#9.flags(0)
[18:47:10.805340]  -> zwlr_screencopy_frame_v1#9.ready(0, 271214, 778449701)
[18:47:10.822734] zwlr_screencopy_frame_v1#9.destroy()
[18:47:11.475016]  -> wl_registry#2.global(28, "zwlr_screencopy_manager_v1", 3)
[18:47:11.475019]  -> wl_registry#2.global(29, "ext_image_copy_capture_manager_v1", 1)
[18:47:11.475023]  -> wl_registry#2.global(30, "ext_output_image_capture_source_manager_v1", 1)
[18:47:11.475069]  -> wl_registry#2.global(38, "ext_foreign_toplevel_image_capture_source_manager_v1", 1)
[18:47:11.475400] wl_registry#2.bind(28, "zwlr_screencopy_manager_v1", 3, new id [unknown]#5)
[18:47:11.513088]  -> wl_registry#2.global(28, "zwlr_screencopy_manager_v1", 3)
[18:47:11.513091]  -> wl_registry#2.global(29, "ext_image_copy_capture_manager_v1", 1)
[18:47:11.513095]  -> wl_registry#2.global(30, "ext_output_image_capture_source_manager_v1", 1)
[18:47:11.513123]  -> wl_registry#2.global(38, "ext_foreign_toplevel_image_capture_source_manager_v1", 1)
[18:47:11.513428] wl_registry#2.bind(28, "zwlr_screencopy_manager_v1", 3, new id [unknown]#5)
[18:47:11.513552] zwlr_screencopy_manager_v1#5.capture_output(new id zwlr_screencopy_frame_v1#9, 0, wl_output#8)
[18:47:11.513572]  -> zwlr_screencopy_frame_v1#9.buffer(1, 1920, 1080, 7680)
[18:47:11.513577]  -> zwlr_screencopy_frame_v1#9.buffer_done()
[18:47:11.513674] zwlr_screencopy_frame_v1#9.copy(wl_buffer#11)
[18:47:11.520378]  -> zwlr_screencopy_frame_v1#9.flags(0)
[18:47:11.520410]  -> zwlr_screencopy_frame_v1#9.ready(0, 271215, 490470240)
[18:47:11.534983] zwlr_screencopy_frame_v1#9.destroy()
[18:47:11.829815]  -> wl_registry#2.global(28, "zwlr_screencopy_manager_v1", 3)
[18:47:11.829816]  -> wl_registry#2.global(29, "ext_image_copy_capture_manager_v1", 1)
[18:47:11.829818]  -> wl_registry#2.global(30, "ext_output_image_capture_source_manager_v1", 1)
[18:47:11.829836]  -> wl_registry#2.global(38, "ext_foreign_toplevel_image_capture_source_manager_v1", 1)
[18:47:11.830066] wl_registry#2.bind(28, "zwlr_screencopy_manager_v1", 3, new id [unknown]#5)
[18:47:11.850871]  -> wl_registry#2.global(28, "zwlr_screencopy_manager_v1", 3)
[18:47:11.850872]  -> wl_registry#2.global(29, "ext_image_copy_capture_manager_v1", 1)
[18:47:11.850874]  -> wl_registry#2.global(30, "ext_output_image_capture_source_manager_v1", 1)
[18:47:11.850891]  -> wl_registry#2.global(38, "ext_foreign_toplevel_image_capture_source_manager_v1", 1)
[18:47:11.851052] wl_registry#2.bind(28, "zwlr_screencopy_manager_v1", 3, new id [unknown]#5)
[18:47:11.851132] zwlr_screencopy_manager_v1#5.capture_output(new id zwlr_screencopy_frame_v1#9, 0, wl_output#8)
[18:47:11.851141]  -> zwlr_screencopy_frame_v1#9.buffer(1, 1920, 1080, 7680)
[18:47:11.851144]  -> zwlr_screencopy_frame_v1#9.buffer_done()
[18:47:11.851202] zwlr_screencopy_frame_v1#9.copy(wl_buffer#11)
[18:47:11.855169]  -> zwlr_screencopy_frame_v1#9.flags(0)
[18:47:11.855196]  -> zwlr_screencopy_frame_v1#9.ready(0, 271215, 827965135)
[18:47:11.868809] zwlr_screencopy_frame_v1#9.destroy()
[18:47:12.159825]  -> wl_registry#2.global(28, "zwlr_screencopy_manager_v1", 3)
[18:47:12.159829]  -> wl_registry#2.global(29, "ext_image_copy_capture_manager_v1", 1)
[18:47:12.159831]  -> wl_registry#2.global(30, "ext_output_image_capture_source_manager_v1", 1)
[18:47:12.159858]  -> wl_registry#2.global(38, "ext_foreign_toplevel_image_capture_source_manager_v1", 1)
[18:47:12.160147] wl_registry#2.bind(28, "zwlr_screencopy_manager_v1", 3, new id [unknown]#5)
[18:47:12.316320]  -> wl_registry#2.global(28, "zwlr_screencopy_manager_v1", 3)
[18:47:12.316321]  -> wl_registry#2.global(29, "ext_image_copy_capture_manager_v1", 1)
[18:47:12.316323]  -> wl_registry#2.global(30, "ext_output_image_capture_source_manager_v1", 1)
[18:47:12.316340]  -> wl_registry#2.global(38, "ext_foreign_toplevel_image_capture_source_manager_v1", 1)
[18:47:12.316530] wl_registry#2.bind(28, "zwlr_screencopy_manager_v1", 3, new id [unknown]#5)
[18:47:12.350538]  -> wl_registry#2.global(28, "zwlr_screencopy_manager_v1", 3)
[18:47:12.350541]  -> wl_registry#2.global(29, "ext_image_copy_capture_manager_v1", 1)
[18:47:12.350545]  -> wl_registry#2.global(30, "ext_output_image_capture_source_manager_v1", 1)
[18:47:12.350572]  -> wl_registry#2.global(38, "ext_foreign_toplevel_image_capture_source_manager_v1", 1)
[18:47:12.350808] wl_registry#2.bind(28, "zwlr_screencopy_manager_v1", 3, new id [unknown]#5)
[18:47:12.350916] zwlr_screencopy_manager_v1#5.capture_output(new id zwlr_screencopy_frame_v1#9, 0, wl_output#8)
[18:47:12.350928]  -> zwlr_screencopy_frame_v1#9.buffer(1, 1920, 1080, 7680)
[18:47:12.350933]  -> zwlr_screencopy_frame_v1#9.buffer_done()
[18:47:12.351012] zwlr_screencopy_frame_v1#9.copy(wl_buffer#11)
[18:47:12.357670]  -> zwlr_screencopy_frame_v1#9.flags(0)
[18:47:12.357716]  -> zwlr_screencopy_frame_v1#9.ready(0, 271216, 327790039)
[18:47:12.374108] zwlr_screencopy_frame_v1#9.destroy()
[18:47:12.989957]  -> wl_registry#2.global(28, "zwlr_screencopy_manager_v1", 3)
[18:47:12.989960]  -> wl_registry#2.global(29, "ext_image_copy_capture_manager_v1", 1)
[18:47:12.989962]  -> wl_registry#2.global(30, "ext_output_image_capture_source_manager_v1", 1)
[18:47:12.989979]  -> wl_registry#2.global(38, "ext_foreign_toplevel_image_capture_source_manager_v1", 1)
[18:47:12.990194] wl_registry#2.bind(28, "zwlr_screencopy_manager_v1", 3, new id [unknown]#5)
[18:47:13.022280]  -> wl_registry#2.global(28, "zwlr_screencopy_manager_v1", 3)
[18:47:13.022283]  -> wl_registry#2.global(29, "ext_image_copy_capture_manager_v1", 1)
[18:47:13.022286]  -> wl_registry#2.global(30, "ext_output_image_capture_source_manager_v1", 1)
[18:47:13.022318]  -> wl_registry#2.global(38, "ext_foreign_toplevel_image_capture_source_manager_v1", 1)
[18:47:13.022619] wl_registry#2.bind(28, "zwlr_screencopy_manager_v1", 3, new id [unknown]#5)
[18:47:13.022779] zwlr_screencopy_manager_v1#5.capture_output(new id zwlr_screencopy_frame_v1#9, 0, wl_output#8)
[18:47:13.022796]  -> zwlr_screencopy_frame_v1#9.buffer(1, 1920, 1080, 7680)
[18:47:13.022802]  -> zwlr_screencopy_frame_v1#9.buffer_done()
[18:47:13.022902] zwlr_screencopy_frame_v1#9.copy(wl_buffer#11)
[18:47:13.029077]  -> zwlr_screencopy_frame_v1#9.flags(0)
[18:47:13.029109]  -> zwlr_screencopy_frame_v1#9.ready(0, 271216, 999708357)
[18:47:13.048676] zwlr_screencopy_frame_v1#9.destroy()
[18:47:13.336851]  -> wl_registry#2.global(28, "zwlr_screencopy_manager_v1", 3)
[18:47:13.336855]  -> wl_registry#2.global(29, "ext_image_copy_capture_manager_v1", 1)
[18:47:13.336858]  -> wl_registry#2.global(30, "ext_output_image_capture_source_manager_v1", 1)
[18:47:13.336890]  -> wl_registry#2.global(38, "ext_foreign_toplevel_image_capture_source_manager_v1", 1)
[18:47:13.337182] wl_registry#2.bind(28, "zwlr_screencopy_manager_v1", 3, new id [unknown]#5)
[18:47:13.358856]  -> wl_registry#2.global(28, "zwlr_screencopy_manager_v1", 3)
[18:47:13.358860]  -> wl_registry#2.global(29, "ext_image_copy_capture_manager_v1", 1)
[18:47:13.358864]  -> wl_registry#2.global(30, "ext_output_image_capture_source_manager_v1", 1)
[18:47:13.358895]  -> wl_registry#2.global(38, "ext_foreign_toplevel_image_capture_source_manager_v1", 1)
[18:47:13.359148] wl_registry#2.bind(28, "zwlr_screencopy_manager_v1", 3, new id [unknown]#5)
[18:47:13.359264] zwlr_screencopy_manager_v1#5.capture_output(new id zwlr_screencopy_frame_v1#9, 0, wl_output#8)
[18:47:13.359284]  -> zwlr_screencopy_frame_v1#9.buffer(1, 1920, 1080, 7680)
[18:47:13.359302]  -> zwlr_screencopy_frame_v1#9.buffer_done()
[18:47:13.359410] zwlr_screencopy_frame_v1#9.copy(wl_buffer#11)
[18:47:13.365263]  -> zwlr_screencopy_frame_v1#9.flags(0)
[18:47:13.365310]  -> zwlr_screencopy_frame_v1#9.ready(0, 271217, 336204703)
[18:47:13.387520] zwlr_screencopy_frame_v1#9.destroy()
[18:47:13.743438]  -> wl_registry#2.global(28, "zwlr_screencopy_manager_v1", 3)
[18:47:13.743442]  -> wl_registry#2.global(29, "ext_image_copy_capture_manager_v1", 1)
[18:47:13.743445]  -> wl_registry#2.global(30, "ext_output_image_capture_source_manager_v1", 1)
[18:47:13.743473]  -> wl_registry#2.global(38, "ext_foreign_toplevel_image_capture_source_manager_v1", 1)
[18:47:13.743735] wl_registry#2.bind(28, "zwlr_screencopy_manager_v1", 3, new id [unknown]#5)
[18:47:13.901827]  -> wl_registry#2.global(28, "zwlr_screencopy_manager_v1", 3)
[18:47:13.901843]  -> wl_registry#2.global(29, "ext_image_copy_capture_manager_v1", 1)
[18:47:13.901848]  -> wl_registry#2.global(30, "ext_output_image_capture_source_manager_v1", 1)
[18:47:13.901877]  -> wl_registry#2.global(38, "ext_foreign_toplevel_image_capture_source_manager_v1", 1)
[18:47:13.902119] wl_registry#2.bind(28, "zwlr_screencopy_manager_v1", 3, new id [unknown]#5)
[18:47:14.345417]  -> wl_registry#2.global(28, "zwlr_screencopy_manager_v1", 3)
[18:47:14.345420]  -> wl_registry#2.global(29, "ext_image_copy_capture_manager_v1", 1)
[18:47:14.345424]  -> wl_registry#2.global(30, "ext_output_image_capture_source_manager_v1", 1)
[18:47:14.345468]  -> wl_registry#2.global(38, "ext_foreign_toplevel_image_capture_source_manager_v1", 1)
[18:47:14.345643] wl_registry#2.bind(28, "zwlr_screencopy_manager_v1", 3, new id [unknown]#5)
[18:47:14.382146]  -> wl_registry#2.global(28, "zwlr_screencopy_manager_v1", 3)
[18:47:14.382149]  -> wl_registry#2.global(29, "ext_image_copy_capture_manager_v1", 1)
[18:47:14.382153]  -> wl_registry#2.global(30, "ext_output_image_capture_source_manager_v1", 1)
[18:47:14.382187]  -> wl_registry#2.global(38, "ext_foreign_toplevel_image_capture_source_manager_v1", 1)
[18:47:14.382512] wl_registry#2.bind(28, "zwlr_screencopy_manager_v1", 3, new id [unknown]#5)
[18:47:14.382632] zwlr_screencopy_manager_v1#5.capture_output(new id zwlr_screencopy_frame_v1#9, 0, wl_output#8)
[18:47:14.382649]  -> zwlr_screencopy_frame_v1#9.buffer(1, 1920, 1080, 7680)
[18:47:14.382653]  -> zwlr_screencopy_frame_v1#9.buffer_done()
[18:47:14.382757] zwlr_screencopy_frame_v1#9.copy(wl_buffer#11)
[18:47:14.389036]  -> zwlr_screencopy_frame_v1#9.flags(0)
[18:47:14.389083]  -> zwlr_screencopy_frame_v1#9.ready(0, 271218, 359565132)
[18:47:14.410874] zwlr_screencopy_frame_v1#9.destroy()
[18:47:14.720813]  -> wl_registry#2.global(28, "zwlr_screencopy_manager_v1", 3)
[18:47:14.720816]  -> wl_registry#2.global(29, "ext_image_copy_capture_manager_v1", 1)
[18:47:14.720820]  -> wl_registry#2.global(30, "ext_output_image_capture_source_manager_v1", 1)
[18:47:14.720851]  -> wl_registry#2.global(38, "ext_foreign_toplevel_image_capture_source_manager_v1", 1)
[18:47:14.721157] wl_registry#2.bind(28, "zwlr_screencopy_manager_v1", 3, new id [unknown]#5)
[18:47:14.742555]  -> wl_registry#2.global(28, "zwlr_screencopy_manager_v1", 3)
[18:47:14.742558]  -> wl_registry#2.global(29, "ext_image_copy_capture_manager_v1", 1)
[18:47:14.742562]  -> wl_registry#2.global(30, "ext_output_image_capture_source_manager_v1", 1)
[18:47:14.742591]  -> wl_registry#2.global(38, "ext_foreign_toplevel_image_capture_source_manager_v1", 1)
[18:47:14.742897] wl_registry#2.bind(28, "zwlr_screencopy_manager_v1", 3, new id [unknown]#5)
[18:47:14.743008] zwlr_screencopy_manager_v1#5.capture_output(new id zwlr_screencopy_frame_v1#9, 0, wl_output#8)
[18:47:14.743022]  -> zwlr_screencopy_frame_v1#9.buffer(1, 1920, 1080, 7680)
[18:47:14.743026]  -> zwlr_screencopy_frame_v1#9.buffer_done()
[18:47:14.743106] zwlr_screencopy_frame_v1#9.copy(wl_buffer#11)
[18:47:14.747560]  -> zwlr_screencopy_frame_v1#9.flags(0)
[18:47:14.747598]  -> zwlr_screencopy_frame_v1#9.ready(0, 271218, 719884317)
[18:47:14.763897] zwlr_screencopy_frame_v1#9.destroy()
[18:47:15.111880]  -> wl_registry#2.global(28, "zwlr_screencopy_manager_v1", 3)
[18:47:15.111883]  -> wl_registry#2.global(29, "ext_image_copy_capture_manager_v1", 1)
[18:47:15.111885]  -> wl_registry#2.global(30, "ext_output_image_capture_source_manager_v1", 1)
[18:47:15.111913]  -> wl_registry#2.global(38, "ext_foreign_toplevel_image_capture_source_manager_v1", 1)
[18:47:15.112218] wl_registry#2.bind(28, "zwlr_screencopy_manager_v1", 3, new id [unknown]#5)
[18:47:15.266416]  -> wl_registry#2.global(28, "zwlr_screencopy_manager_v1", 3)
[18:47:15.266420]  -> wl_registry#2.global(29, "ext_image_copy_capture_manager_v1", 1)
[18:47:15.266423]  -> wl_registry#2.global(30, "ext_output_image_capture_source_manager_v1", 1)
[18:47:15.266454]  -> wl_registry#2.global(38, "ext_foreign_toplevel_image_capture_source_manager_v1", 1)
[18:47:15.266752] wl_registry#2.bind(28, "zwlr_screencopy_manager_v1", 3, new id [unknown]#5)
[18:47:15.388159]  -> wl_registry#2.global(28, "zwlr_screencopy_manager_v1", 3)
[18:47:15.388161]  -> wl_registry#2.global(29, "ext_image_copy_capture_manager_v1", 1)
[18:47:15.388163]  -> wl_registry#2.global(30, "ext_output_image_capture_source_manager_v1", 1)
[18:47:15.388181]  -> wl_registry#2.global(38, "ext_foreign_toplevel_image_capture_source_manager_v1", 1)
[18:47:15.388407] wl_registry#2.bind(28, "zwlr_screencopy_manager_v1", 3, new id [unknown]#5)
[18:47:15.421194]  -> wl_registry#2.global(28, "zwlr_screencopy_manager_v1", 3)
[18:47:15.421197]  -> wl_registry#2.global(29, "ext_image_copy_capture_manager_v1", 1)
[18:47:15.421200]  -> wl_registry#2.global(30, "ext_output_image_capture_source_manager_v1", 1)
[18:47:15.421229]  -> wl_registry#2.global(38, "ext_foreign_toplevel_image_capture_source_manager_v1", 1)
[18:47:15.421513] wl_registry#2.bind(28, "zwlr_screencopy_manager_v1", 3, new id [unknown]#5)
[18:47:15.421655] zwlr_screencopy_manager_v1#5.capture_output(new id zwlr_screencopy_frame_v1#9, 0, wl_output#8)
[18:47:15.421674]  -> zwlr_screencopy_frame_v1#9.buffer(1, 1920, 1080, 7680)
[18:47:15.421678]  -> zwlr_screencopy_frame_v1#9.buffer_done()
[18:47:15.421791] zwlr_screencopy_frame_v1#9.copy(wl_buffer#11)
[18:47:15.425998]  -> zwlr_screencopy_frame_v1#9.flags(0)
[18:47:15.426021]  -> zwlr_screencopy_frame_v1#9.ready(0, 271219, 398595006)
[18:47:15.445164] zwlr_screencopy_frame_v1#9.destroy()
[18:47:16.005459]  -> wl_registry#2.global(28, "zwlr_screencopy_manager_v1", 3)
[18:47:16.005464]  -> wl_registry#2.global(29, "ext_image_copy_capture_manager_v1", 1)
[18:47:16.005467]  -> wl_registry#2.global(30, "ext_output_image_capture_source_manager_v1", 1)
[18:47:16.005500]  -> wl_registry#2.global(38, "ext_foreign_toplevel_image_capture_source_manager_v1", 1)
[18:47:16.005819] wl_registry#2.bind(28, "zwlr_screencopy_manager_v1", 3, new id [unknown]#5)
[18:47:16.044893]  -> wl_registry#2.global(28, "zwlr_screencopy_manager_v1", 3)
[18:47:16.044897]  -> wl_registry#2.global(29, "ext_image_copy_capture_manager_v1", 1)
[18:47:16.044901]  -> wl_registry#2.global(30, "ext_output_image_capture_source_manager_v1", 1)
[18:47:16.044931]  -> wl_registry#2.global(38, "ext_foreign_toplevel_image_capture_source_manager_v1", 1)
[18:47:16.045194] wl_registry#2.bind(28, "zwlr_screencopy_manager_v1", 3, new id [unknown]#5)
[18:47:16.045342] zwlr_screencopy_manager_v1#5.capture_output(new id zwlr_screencopy_frame_v1#9, 0, wl_output#8)
[18:47:16.045359]  -> zwlr_screencopy_frame_v1#9.buffer(1, 1920, 1080, 7680)
[18:47:16.045364]  -> zwlr_screencopy_frame_v1#9.buffer_done()
[18:47:16.045473] zwlr_screencopy_frame_v1#9.copy(wl_buffer#11)
[18:47:16.052051]  -> zwlr_screencopy_frame_v1#9.flags(0)
[18:47:16.052077]  -> zwlr_screencopy_frame_v1#9.ready(0, 271220, 22270814)
[18:47:16.067661] zwlr_screencopy_frame_v1#9.destroy()
[18:47:16.349845]  -> wl_registry#2.global(28, "zwlr_screencopy_manager_v1", 3)
[18:47:16.349847]  -> wl_registry#2.global(29, "ext_image_copy_capture_manager_v1", 1)
[18:47:16.349849]  -> wl_registry#2.global(30, "ext_output_image_capture_source_manager_v1", 1)
[18:47:16.349866]  -> wl_registry#2.global(38, "ext_foreign_toplevel_image_capture_source_manager_v1", 1)
[18:47:16.350045] wl_registry#2.bind(28, "zwlr_screencopy_manager_v1", 3, new id [unknown]#5)
[18:47:16.372676]  -> wl_registry#2.global(28, "zwlr_screencopy_manager_v1", 3)
[18:47:16.372677]  -> wl_registry#2.global(29, "ext_image_copy_capture_manager_v1", 1)
[18:47:16.372679]  -> wl_registry#2.global(30, "ext_output_image_capture_source_manager_v1", 1)
[18:47:16.372715]  -> wl_registry#2.global(38, "ext_foreign_toplevel_image_capture_source_manager_v1", 1)
[18:47:16.372904] wl_registry#2.bind(28, "zwlr_screencopy_manager_v1", 3, new id [unknown]#5)
[18:47:16.373013] zwlr_screencopy_manager_v1#5.capture_output(new id zwlr_screencopy_frame_v1#9, 0, wl_output#8)
[18:47:16.373024]  -> zwlr_screencopy_frame_v1#9.buffer(1, 1920, 1080, 7680)
[18:47:16.373026]  -> zwlr_screencopy_frame_v1#9.buffer_done()
[18:47:16.373100] zwlr_screencopy_frame_v1#9.copy(wl_buffer#11)
[18:47:16.377902]  -> zwlr_screencopy_frame_v1#9.flags(0)
[18:47:16.377938]  -> zwlr_screencopy_frame_v1#9.ready(0, 271220, 349879963)
[18:47:16.397012] zwlr_screencopy_frame_v1#9.destroy()
[18:47:16.691580]  -> wl_registry#2.global(28, "zwlr_screencopy_manager_v1", 3)
[18:47:16.691590]  -> wl_registry#2.global(29, "ext_image_copy_capture_manager_v1", 1)
[18:47:16.691592]  -> wl_registry#2.global(30, "ext_output_image_capture_source_manager_v1", 1)
[18:47:16.691608]  -> wl_registry#2.global(38, "ext_foreign_toplevel_image_capture_source_manager_v1", 1)
[18:47:16.691758] wl_registry#2.bind(28, "zwlr_screencopy_manager_v1", 3, new id [unknown]#5)
[18:47:16.832292]  -> wl_registry#2.global(28, "zwlr_screencopy_manager_v1", 3)
[18:47:16.832296]  -> wl_registry#2.global(29, "ext_image_copy_capture_manager_v1", 1)
[18:47:16.832299]  -> wl_registry#2.global(30, "ext_output_image_capture_source_manager_v1", 1)
[18:47:16.832345]  -> wl_registry#2.global(38, "ext_foreign_toplevel_image_capture_source_manager_v1", 1)
[18:47:16.832575] wl_registry#2.bind(28, "zwlr_screencopy_manager_v1", 3, new id [unknown]#5)
[18:47:16.950598]  -> wl_registry#2.global(28, "zwlr_screencopy_manager_v1", 3)
[18:47:16.950601]  -> wl_registry#2.global(29, "ext_image_copy_capture_manager_v1", 1)
[18:47:16.950605]  -> wl_registry#2.global(30, "ext_output_image_capture_source_manager_v1", 1)
[18:47:16.950633]  -> wl_registry#2.global(38, "ext_foreign_toplevel_image_capture_source_manager_v1", 1)
[18:47:16.950897] wl_registry#2.bind(28, "zwlr_screencopy_manager_v1", 3, new id [unknown]#5)
[18:47:16.979399]  -> wl_registry#2.global(28, "zwlr_screencopy_manager_v1", 3)
[18:47:16.979402]  -> wl_registry#2.global(29, "ext_image_copy_capture_manager_v1", 1)
[18:47:16.979406]  -> wl_registry#2.global(30, "ext_output_image_capture_source_manager_v1", 1)
[18:47:16.979434]  -> wl_registry#2.global(38, "ext_foreign_toplevel_image_capture_source_manager_v1", 1)
[18:47:16.979666] wl_registry#2.bind(28, "zwlr_screencopy_manager_v1", 3, new id [unknown]#5)
[18:47:16.979777] zwlr_screencopy_manager_v1#5.capture_output(new id zwlr_screencopy_frame_v1#9, 0, wl_output#8)
[18:47:16.979793]  -> zwlr_screencopy_frame_v1#9.buffer(1, 1920, 1080, 7680)
[18:47:16.979797]  -> zwlr_screencopy_frame_v1#9.buffer_done()
[18:47:16.979879] zwlr_screencopy_frame_v1#9.copy(wl_buffer#11)
[18:47:16.984710]  -> zwlr_screencopy_frame_v1#9.flags(0)
[18:47:16.984737]  -> zwlr_screencopy_frame_v1#9.ready(0, 271220, 956660482)
[18:47:16.997296] zwlr_screencopy_frame_v1#9.destroy()
[18:47:17.493325]  -> wl_registry#2.global(28, "zwlr_screencopy_manager_v1", 3)
[18:47:17.493327]  -> wl_registry#2.global(29, "ext_image_copy_capture_manager_v1", 1)
[18:47:17.493329]  -> wl_registry#2.global(30, "ext_output_image_capture_source_manager_v1", 1)
[18:47:17.493344]  -> wl_registry#2.global(38, "ext_foreign_toplevel_image_capture_source_manager_v1", 1)
[18:47:17.493507] wl_registry#2.bind(28, "zwlr_screencopy_manager_v1", 3, new id [unknown]#5)
[18:47:17.522684]  -> wl_registry#2.global(28, "zwlr_screencopy_manager_v1", 3)
[18:47:17.522686]  -> wl_registry#2.global(29, "ext_image_copy_capture_manager_v1", 1)
[18:47:17.522688]  -> wl_registry#2.global(30, "ext_output_image_capture_source_manager_v1", 1)
[18:47:17.522704]  -> wl_registry#2.global(38, "ext_foreign_toplevel_image_capture_source_manager_v1", 1)
[18:47:17.522933] wl_registry#2.bind(28, "zwlr_screencopy_manager_v1", 3, new id [unknown]#5)
[18:47:17.523016] zwlr_screencopy_manager_v1#5.capture_output(new id zwlr_screencopy_frame_v1#9, 0, wl_output#8)
[18:47:17.523025]  -> zwlr_screencopy_frame_v1#9.buffer(1, 1920, 1080, 7680)
[18:47:17.523027]  -> zwlr_screencopy_frame_v1#9.buffer_done()
[18:47:17.523098] zwlr_screencopy_frame_v1#9.copy(wl_buffer#11)
[18:47:17.526825]  -> zwlr_screencopy_frame_v1#9.flags(0)
[18:47:17.526842]  -> zwlr_screencopy_frame_v1#9.ready(0, 271221, 499872544)
[18:47:17.539484] zwlr_screencopy_frame_v1#9.destroy()
[18:47:17.811555]  -> wl_registry#2.global(28, "zwlr_screencopy_manager_v1", 3)
[18:47:17.811557]  -> wl_registry#2.global(29, "ext_image_copy_capture_manager_v1", 1)
[18:47:17.811559]  -> wl_registry#2.global(30, "ext_output_image_capture_source_manager_v1", 1)
[18:47:17.811575]  -> wl_registry#2.global(38, "ext_foreign_toplevel_image_capture_source_manager_v1", 1)
[18:47:17.811720] wl_registry#2.bind(28, "zwlr_screencopy_manager_v1", 3, new id [unknown]#5)
[18:47:17.830577]  -> wl_registry#2.global(28, "zwlr_screencopy_manager_v1", 3)
[18:47:17.830579]  -> wl_registry#2.global(29, "ext_image_copy_capture_manager_v1", 1)
[18:47:17.830581]  -> wl_registry#2.global(30, "ext_output_image_capture_source_manager_v1", 1)
[18:47:17.830597]  -> wl_registry#2.global(38, "ext_foreign_toplevel_image_capture_source_manager_v1", 1)
[18:47:17.830744] wl_registry#2.bind(28, "zwlr_screencopy_manager_v1", 3, new id [unknown]#5)
[18:47:17.830814] zwlr_screencopy_manager_v1#5.capture_output(new id zwlr_screencopy_frame_v1#9, 0, wl_output#8)
[18:47:17.830821]  -> zwlr_screencopy_frame_v1#9.buffer(1, 1920, 1080, 7680)
[18:47:17.830823]  -> zwlr_screencopy_frame_v1#9.buffer_done()
[18:47:17.830874] zwlr_screencopy_frame_v1#9.copy(wl_buffer#11)
[18:47:17.834161]  -> zwlr_screencopy_frame_v1#9.flags(0)
[18:47:17.834176]  -> zwlr_screencopy_frame_v1#9.ready(0, 271221, 807634174)
[18:47:17.846929] zwlr_screencopy_frame_v1#9.destroy()
[18:47:18.117594]  -> wl_registry#2.global(28, "zwlr_screencopy_manager_v1", 3)
[18:47:18.117596]  -> wl_registry#2.global(29, "ext_image_copy_capture_manager_v1", 1)
[18:47:18.117597]  -> wl_registry#2.global(30, "ext_output_image_capture_source_manager_v1", 1)
[18:47:18.117613]  -> wl_registry#2.global(38, "ext_foreign_toplevel_image_capture_source_manager_v1", 1)
[18:47:18.117801] wl_registry#2.bind(28, "zwlr_screencopy_manager_v1", 3, new id [unknown]#5)
[18:47:18.259608]  -> wl_registry#2.global(28, "zwlr_screencopy_manager_v1", 3)
[18:47:18.259610]  -> wl_registry#2.global(29, "ext_image_copy_capture_manager_v1", 1)
[18:47:18.259611]  -> wl_registry#2.global(30, "ext_output_image_capture_source_manager_v1", 1)
[18:47:18.259627]  -> wl_registry#2.global(38, "ext_foreign_toplevel_image_capture_source_manager_v1", 1)
[18:47:18.259777] wl_registry#2.bind(28, "zwlr_screencopy_manager_v1", 3, new id [unknown]#5)
[18:47:18.377240]  -> wl_registry#2.global(28, "zwlr_screencopy_manager_v1", 3)
[18:47:18.377244]  -> wl_registry#2.global(29, "ext_image_copy_capture_manager_v1", 1)
[18:47:18.377247]  -> wl_registry#2.global(30, "ext_output_image_capture_source_manager_v1", 1)
[18:47:18.377278]  -> wl_registry#2.global(38, "ext_foreign_toplevel_image_capture_source_manager_v1", 1)
[18:47:18.377496] wl_registry#2.bind(28, "zwlr_screencopy_manager_v1", 3, new id [unknown]#5)
[18:47:18.405558]  -> wl_registry#2.global(28, "zwlr_screencopy_manager_v1", 3)
[18:47:18.405560]  -> wl_registry#2.global(29, "ext_image_copy_capture_manager_v1", 1)
[18:47:18.405562]  -> wl_registry#2.global(30, "ext_output_image_capture_source_manager_v1", 1)
[18:47:18.405585]  -> wl_registry#2.global(38, "ext_foreign_toplevel_image_capture_source_manager_v1", 1)
[18:47:18.405735] wl_registry#2.bind(28, "zwlr_screencopy_manager_v1", 3, new id [unknown]#5)
[18:47:18.405814] zwlr_screencopy_manager_v1#5.capture_output(new id zwlr_screencopy_frame_v1#9, 0, wl_output#8)
[18:47:18.405823]  -> zwlr_screencopy_frame_v1#9.buffer(1, 1920, 1080, 7680)
[18:47:18.405826]  -> zwlr_screencopy_frame_v1#9.buffer_done()
[18:47:18.405879] zwlr_screencopy_frame_v1#9.copy(wl_buffer#11)
[18:47:18.409287]  -> zwlr_screencopy_frame_v1#9.flags(0)
[18:47:18.409296]  -> zwlr_screencopy_frame_v1#9.ready(0, 271222, 382640296)
[18:47:18.423234] zwlr_screencopy_frame_v1#9.destroy()
[18:47:18.894153]  -> wl_registry#2.global(28, "zwlr_screencopy_manager_v1", 3)
[18:47:18.894154]  -> wl_registry#2.global(29, "ext_image_copy_capture_manager_v1", 1)
[18:47:18.894156]  -> wl_registry#2.global(30, "ext_output_image_capture_source_manager_v1", 1)
[18:47:18.894182]  -> wl_registry#2.global(38, "ext_foreign_toplevel_image_capture_source_manager_v1", 1)
[18:47:18.894342] wl_registry#2.bind(28, "zwlr_screencopy_manager_v1", 3, new id [unknown]#5)
[18:47:18.920210]  -> wl_registry#2.global(28, "zwlr_screencopy_manager_v1", 3)
[18:47:18.920212]  -> wl_registry#2.global(29, "ext_image_copy_capture_manager_v1", 1)
[18:47:18.920214]  -> wl_registry#2.global(30, "ext_output_image_capture_source_manager_v1", 1)
[18:47:18.920239]  -> wl_registry#2.global(38, "ext_foreign_toplevel_image_capture_source_manager_v1", 1)
[18:47:18.920479] wl_registry#2.bind(28, "zwlr_screencopy_manager_v1", 3, new id [unknown]#5)
[18:47:18.920609] zwlr_screencopy_manager_v1#5.capture_output(new id zwlr_screencopy_frame_v1#9, 0, wl_output#8)
[18:47:18.920627]  -> zwlr_screencopy_frame_v1#9.buffer(1, 1920, 1080, 7680)
[18:47:18.920636]  -> zwlr_screencopy_frame_v1#9.buffer_done()
[18:47:18.920746] zwlr_screencopy_frame_v1#9.copy(wl_buffer#11)
[18:47:18.924211]  -> zwlr_screencopy_frame_v1#9.flags(0)
[18:47:18.924229]  -> zwlr_screencopy_frame_v1#9.ready(0, 271222, 897534816)
[18:47:18.935730] zwlr_screencopy_frame_v1#9.destroy()
[18:47:19.200281]  -> wl_registry#2.global(28, "zwlr_screencopy_manager_v1", 3)
[18:47:19.200283]  -> wl_registry#2.global(29, "ext_image_copy_capture_manager_v1", 1)
[18:47:19.200285]  -> wl_registry#2.global(30, "ext_output_image_capture_source_manager_v1", 1)
[18:47:19.200311]  -> wl_registry#2.global(38, "ext_foreign_toplevel_image_capture_source_manager_v1", 1)
[18:47:19.200455] wl_registry#2.bind(28, "zwlr_screencopy_manager_v1", 3, new id [unknown]#5)
[18:47:19.219270]  -> wl_registry#2.global(28, "zwlr_screencopy_manager_v1", 3)
[18:47:19.219272]  -> wl_registry#2.global(29, "ext_image_copy_capture_manager_v1", 1)
[18:47:19.219274]  -> wl_registry#2.global(30, "ext_output_image_capture_source_manager_v1", 1)
[18:47:19.219290]  -> wl_registry#2.global(38, "ext_foreign_toplevel_image_capture_source_manager_v1", 1)
[18:47:19.219446] wl_registry#2.bind(28, "zwlr_screencopy_manager_v1", 3, new id [unknown]#5)
[18:47:19.219513] zwlr_screencopy_manager_v1#5.capture_output(new id zwlr_screencopy_frame_v1#9, 0, wl_output#8)
[18:47:19.219520]  -> zwlr_screencopy_frame_v1#9.buffer(1, 1920, 1080, 7680)
[18:47:19.219522]  -> zwlr_screencopy_frame_v1#9.buffer_done()
[18:47:19.219575] zwlr_screencopy_frame_v1#9.copy(wl_buffer#11)
[18:47:19.222383]  -> zwlr_screencopy_frame_v1#9.flags(0)
[18:47:19.222392]  -> zwlr_screencopy_frame_v1#9.ready(0, 271223, 196336248)
[18:47:19.233475] zwlr_screencopy_frame_v1#9.destroy()
[18:47:19.495910]  -> wl_registry#2.global(28, "zwlr_screencopy_manager_v1", 3)
[18:47:19.495912]  -> wl_registry#2.global(29, "ext_image_copy_capture_manager_v1", 1)
[18:47:19.495914]  -> wl_registry#2.global(30, "ext_output_image_capture_source_manager_v1", 1)
[18:47:19.495929]  -> wl_registry#2.global(38, "ext_foreign_toplevel_image_capture_source_manager_v1", 1)
[18:47:19.496089] wl_registry#2.bind(28, "zwlr_screencopy_manager_v1", 3, new id [unknown]#5)
[18:47:19.636982]  -> wl_registry#2.global(28, "zwlr_screencopy_manager_v1", 3)
[18:47:19.636984]  -> wl_registry#2.global(29, "ext_image_copy_capture_manager_v1", 1)
[18:47:19.636986]  -> wl_registry#2.global(30, "ext_output_image_capture_source_manager_v1", 1)
[18:47:19.637001]  -> wl_registry#2.global(38, "ext_foreign_toplevel_image_capture_source_manager_v1", 1)
[18:47:19.637163] wl_registry#2.bind(28, "zwlr_screencopy_manager_v1", 3, new id [unknown]#5)
[18:47:19.753509]  -> wl_registry#2.global(28, "zwlr_screencopy_manager_v1", 3)
[18:47:19.753511]  -> wl_registry#2.global(29, "ext_image_copy_capture_manager_v1", 1)
[18:47:19.753513]  -> wl_registry#2.global(30, "ext_output_image_capture_source_manager_v1", 1)
[18:47:19.753529]  -> wl_registry#2.global(38, "ext_foreign_toplevel_image_capture_source_manager_v1", 1)
[18:47:19.753680] wl_registry#2.bind(28, "zwlr_screencopy_manager_v1", 3, new id [unknown]#5)
[18:47:19.778807]  -> wl_registry#2.global(28, "zwlr_screencopy_manager_v1", 3)
[18:47:19.778809]  -> wl_registry#2.global(29, "ext_image_copy_capture_manager_v1", 1)
[18:47:19.778811]  -> wl_registry#2.global(30, "ext_output_image_capture_source_manager_v1", 1)
[18:47:19.778827]  -> wl_registry#2.global(38, "ext_foreign_toplevel_image_capture_source_manager_v1", 1)
[18:47:19.778978] wl_registry#2.bind(28, "zwlr_screencopy_manager_v1", 3, new id [unknown]#5)
[18:47:19.779050] zwlr_screencopy_manager_v1#5.capture_output(new id zwlr_screencopy_frame_v1#9, 0, wl_output#8)
[18:47:19.779057]  -> zwlr_screencopy_frame_v1#9.buffer(1, 1920, 1080, 7680)
[18:47:19.779060]  -> zwlr_screencopy_frame_v1#9.buffer_done()
[18:47:19.779109] zwlr_screencopy_frame_v1#9.copy(wl_buffer#11)
[18:47:19.782290]  -> zwlr_screencopy_frame_v1#9.flags(0)
[18:47:19.782302]  -> zwlr_screencopy_frame_v1#9.ready(0, 271223, 755868722)
[18:47:19.793618] zwlr_screencopy_frame_v1#9.destroy()
[18:47:20.365774]  -> wl_registry#2.global(28, "zwlr_screencopy_manager_v1", 3)
[18:47:20.365776]  -> wl_registry#2.global(29, "ext_image_copy_capture_manager_v1", 1)
[18:47:20.365777]  -> wl_registry#2.global(30, "ext_output_image_capture_source_manager_v1", 1)
[18:47:20.365793]  -> wl_registry#2.global(38, "ext_foreign_toplevel_image_capture_source_manager_v1", 1)
[18:47:20.365941] wl_registry#2.bind(28, "zwlr_screencopy_manager_v1", 3, new id [unknown]#5)
[18:47:20.384460]  -> wl_registry#2.global(28, "zwlr_screencopy_manager_v1", 3)
[18:47:20.384462]  -> wl_registry#2.global(29, "ext_image_copy_capture_manager_v1", 1)
[18:47:20.384464]  -> wl_registry#2.global(30, "ext_output_image_capture_source_manager_v1", 1)
[18:47:20.384480]  -> wl_registry#2.global(38, "ext_foreign_toplevel_image_capture_source_manager_v1", 1)
[18:47:20.384624] wl_registry#2.bind(28, "zwlr_screencopy_manager_v1", 3, new id [unknown]#5)
[18:47:20.384692] zwlr_screencopy_manager_v1#5.capture_output(new id zwlr_screencopy_frame_v1#9, 0, wl_output#8)
[18:47:20.384699]  -> zwlr_screencopy_frame_v1#9.buffer(1, 1920, 1080, 7680)
[18:47:20.384701]  -> zwlr_screencopy_frame_v1#9.buffer_done()
[18:47:20.384750] zwlr_screencopy_frame_v1#9.copy(wl_buffer#11)
[18:47:20.387518]  -> zwlr_screencopy_frame_v1#9.flags(0)
[18:47:20.387536]  -> zwlr_screencopy_frame_v1#9.ready(0, 271224, 361508722)
[18:47:20.398617] zwlr_screencopy_frame_v1#9.destroy()
[18:47:20.658900]  -> wl_registry#2.global(28, "zwlr_screencopy_manager_v1", 3)
[18:47:20.658902]  -> wl_registry#2.global(29, "ext_image_copy_capture_manager_v1", 1)
[18:47:20.658904]  -> wl_registry#2.global(30, "ext_output_image_capture_source_manager_v1", 1)
[18:47:20.658920]  -> wl_registry#2.global(38, "ext_foreign_toplevel_image_capture_source_manager_v1", 1)
[18:47:20.659069] wl_registry#2.bind(28, "zwlr_screencopy_manager_v1", 3, new id [unknown]#5)
[18:47:20.796828]  -> wl_registry#2.global(28, "zwlr_screencopy_manager_v1", 3)
[18:47:20.796838]  -> wl_registry#2.global(29, "ext_image_copy_capture_manager_v1", 1)
[18:47:20.796840]  -> wl_registry#2.global(30, "ext_output_image_capture_source_manager_v1", 1)
[18:47:20.796857]  -> wl_registry#2.global(38, "ext_foreign_toplevel_image_capture_source_manager_v1", 1)
[18:47:20.797007] wl_registry#2.bind(28, "zwlr_screencopy_manager_v1", 3, new id [unknown]#5)
[18:47:20.913144]  -> wl_registry#2.global(28, "zwlr_screencopy_manager_v1", 3)
[18:47:20.913146]  -> wl_registry#2.global(29, "ext_image_copy_capture_manager_v1", 1)
[18:47:20.913148]  -> wl_registry#2.global(30, "ext_output_image_capture_source_manager_v1", 1)
[18:47:20.913176]  -> wl_registry#2.global(38, "ext_foreign_toplevel_image_capture_source_manager_v1", 1)
[18:47:20.913342] wl_registry#2.bind(28, "zwlr_screencopy_manager_v1", 3, new id [unknown]#5)
[18:47:20.939832]  -> wl_registry#2.global(28, "zwlr_screencopy_manager_v1", 3)
[18:47:20.939834]  -> wl_registry#2.global(29, "ext_image_copy_capture_manager_v1", 1)
[18:47:20.939836]  -> wl_registry#2.global(30, "ext_output_image_capture_source_manager_v1", 1)
[18:47:20.939852]  -> wl_registry#2.global(38, "ext_foreign_toplevel_image_capture_source_manager_v1", 1)
[18:47:20.940005] wl_registry#2.bind(28, "zwlr_screencopy_manager_v1", 3, new id [unknown]#5)
[18:47:20.940074] zwlr_screencopy_manager_v1#5.capture_output(new id zwlr_screencopy_frame_v1#9, 0, wl_output#8)
[18:47:20.940082]  -> zwlr_screencopy_frame_v1#9.buffer(1, 1920, 1080, 7680)
[18:47:20.940085]  -> zwlr_screencopy_frame_v1#9.buffer_done()
[18:47:20.940141] zwlr_screencopy_frame_v1#9.copy(wl_buffer#11)
[18:47:20.943051]  -> zwlr_screencopy_frame_v1#9.flags(0)
[18:47:20.943063]  -> zwlr_screencopy_frame_v1#9.ready(0, 271224, 916900505)
[18:47:20.954100] zwlr_screencopy_frame_v1#9.destroy()
[18:47:21.527258]  -> wl_registry#2.global(28, "zwlr_screencopy_manager_v1", 3)
[18:47:21.527259]  -> wl_registry#2.global(29, "ext_image_copy_capture_manager_v1", 1)
[18:47:21.527261]  -> wl_registry#2.global(30, "ext_output_image_capture_source_manager_v1", 1)
[18:47:21.527281]  -> wl_registry#2.global(38, "ext_foreign_toplevel_image_capture_source_manager_v1", 1)
[18:47:21.527438] wl_registry#2.bind(28, "zwlr_screencopy_manager_v1", 3, new id [unknown]#5)
[18:47:21.553587]  -> wl_registry#2.global(28, "zwlr_screencopy_manager_v1", 3)
[18:47:21.553589]  -> wl_registry#2.global(29, "ext_image_copy_capture_manager_v1", 1)
[18:47:21.553591]  -> wl_registry#2.global(30, "ext_output_image_capture_source_manager_v1", 1)
[18:47:21.553606]  -> wl_registry#2.global(38, "ext_foreign_toplevel_image_capture_source_manager_v1", 1)
[18:47:21.553755] wl_registry#2.bind(28, "zwlr_screencopy_manager_v1", 3, new id [unknown]#5)
[18:47:21.553823] zwlr_screencopy_manager_v1#5.capture_output(new id zwlr_screencopy_frame_v1#9, 0, wl_output#8)
[18:47:21.553829]  -> zwlr_screencopy_frame_v1#9.buffer(1, 1920, 1080, 7680)
[18:47:21.553832]  -> zwlr_screencopy_frame_v1#9.buffer_done()
[18:47:21.553880] zwlr_screencopy_frame_v1#9.copy(wl_buffer#11)
[18:47:21.557124]  -> zwlr_screencopy_frame_v1#9.flags(0)
[18:47:21.557138]  -> zwlr_screencopy_frame_v1#9.ready(0, 271225, 530639672)
[18:47:21.568979] zwlr_screencopy_frame_v1#9.destroy()
[18:47:21.838132]  -> wl_registry#2.global(28, "zwlr_screencopy_manager_v1", 3)
[18:47:21.838135]  -> wl_registry#2.global(29, "ext_image_copy_capture_manager_v1", 1)
[18:47:21.838139]  -> wl_registry#2.global(30, "ext_output_image_capture_source_manager_v1", 1)
[18:47:21.838167]  -> wl_registry#2.global(38, "ext_foreign_toplevel_image_capture_source_manager_v1", 1)
[18:47:21.838427] wl_registry#2.bind(28, "zwlr_screencopy_manager_v1", 3, new id [unknown]#5)
[18:47:21.976603]  -> wl_registry#2.global(28, "zwlr_screencopy_manager_v1", 3)
[18:47:21.976605]  -> wl_registry#2.global(29, "ext_image_copy_capture_manager_v1", 1)
[18:47:21.976607]  -> wl_registry#2.global(30, "ext_output_image_capture_source_manager_v1", 1)
[18:47:21.976623]  -> wl_registry#2.global(38, "ext_foreign_toplevel_image_capture_source_manager_v1", 1)
[18:47:21.976766] wl_registry#2.bind(28, "zwlr_screencopy_manager_v1", 3, new id [unknown]#5)
[18:47:22.092931]  -> wl_registry#2.global(28, "zwlr_screencopy_manager_v1", 3)
[18:47:22.092935]  -> wl_registry#2.global(29, "ext_image_copy_capture_manager_v1", 1)
[18:47:22.092939]  -> wl_registry#2.global(30, "ext_output_image_capture_source_manager_v1", 1)
[18:47:22.092968]  -> wl_registry#2.global(38, "ext_foreign_toplevel_image_capture_source_manager_v1", 1)
[18:47:22.093194] wl_registry#2.bind(28, "zwlr_screencopy_manager_v1", 3, new id [unknown]#5)
[18:47:22.119240]  -> wl_registry#2.global(28, "zwlr_screencopy_manager_v1", 3)
[18:47:22.119244]  -> wl_registry#2.global(29, "ext_image_copy_capture_manager_v1", 1)
[18:47:22.119247]  -> wl_registry#2.global(30, "ext_output_image_capture_source_manager_v1", 1)
[18:47:22.119276]  -> wl_registry#2.global(38, "ext_foreign_toplevel_image_capture_source_manager_v1", 1)
[18:47:22.119511] wl_registry#2.bind(28, "zwlr_screencopy_manager_v1", 3, new id [unknown]#5)
[18:47:22.119620] zwlr_screencopy_manager_v1#5.capture_output(new id zwlr_screencopy_frame_v1#9, 0, wl_output#8)
[18:47:22.119634]  -> zwlr_screencopy_frame_v1#9.buffer(1, 1920, 1080, 7680)
[18:47:22.119638]  -> zwlr_screencopy_frame_v1#9.buffer_done()
[18:47:22.119717] zwlr_screencopy_frame_v1#9.copy(wl_buffer#11)
[18:47:22.123655]  -> zwlr_screencopy_frame_v1#9.flags(0)
[18:47:22.123668]  -> zwlr_screencopy_frame_v1#9.ready(0, 271226, 96494719)
[18:47:22.134974] zwlr_screencopy_frame_v1#9.destroy()
[18:47:22.736683]  -> wl_registry#2.global(28, "zwlr_screencopy_manager_v1", 3)
[18:47:22.736685]  -> wl_registry#2.global(29, "ext_image_copy_capture_manager_v1", 1)
[18:47:22.736687]  -> wl_registry#2.global(30, "ext_output_image_capture_source_manager_v1", 1)
[18:47:22.736703]  -> wl_registry#2.global(38, "ext_foreign_toplevel_image_capture_source_manager_v1", 1)
[18:47:22.736865] wl_registry#2.bind(28, "zwlr_screencopy_manager_v1", 3, new id [unknown]#5)
[18:47:22.763753]  -> wl_registry#2.global(28, "zwlr_screencopy_manager_v1", 3)
[18:47:22.763757]  -> wl_registry#2.global(29, "ext_image_copy_capture_manager_v1", 1)
[18:47:22.763760]  -> wl_registry#2.global(30, "ext_output_image_capture_source_manager_v1", 1)
[18:47:22.763788]  -> wl_registry#2.global(38, "ext_foreign_toplevel_image_capture_source_manager_v1", 1)
[18:47:22.763993] wl_registry#2.bind(28, "zwlr_screencopy_manager_v1", 3, new id [unknown]#5)
[18:47:22.764097] zwlr_screencopy_manager_v1#5.capture_output(new id zwlr_screencopy_frame_v1#9, 0, wl_output#8)
[18:47:22.764112]  -> zwlr_screencopy_frame_v1#9.buffer(1, 1920, 1080, 7680)
[18:47:22.764117]  -> zwlr_screencopy_frame_v1#9.buffer_done()
[18:47:22.764180] zwlr_screencopy_frame_v1#9.copy(wl_buffer#11)
[18:47:22.768420]  -> zwlr_screencopy_frame_v1#9.flags(0)
[18:47:22.768437]  -> zwlr_screencopy_frame_v1#9.ready(0, 271226, 740958311)
[18:47:22.779759] zwlr_screencopy_frame_v1#9.destroy()
[18:47:23.067504]  -> wl_registry#2.global(28, "zwlr_screencopy_manager_v1", 3)
[18:47:23.067506]  -> wl_registry#2.global(29, "ext_image_copy_capture_manager_v1", 1)
[18:47:23.067508]  -> wl_registry#2.global(30, "ext_output_image_capture_source_manager_v1", 1)
[18:47:23.067524]  -> wl_registry#2.global(38, "ext_foreign_toplevel_image_capture_source_manager_v1", 1)
[18:47:23.067687] wl_registry#2.bind(28, "zwlr_screencopy_manager_v1", 3, new id [unknown]#5)
[18:47:23.087113]  -> wl_registry#2.global(28, "zwlr_screencopy_manager_v1", 3)
[18:47:23.087114]  -> wl_registry#2.global(29, "ext_image_copy_capture_manager_v1", 1)
[18:47:23.087116]  -> wl_registry#2.global(30, "ext_output_image_capture_source_manager_v1", 1)
[18:47:23.087145]  -> wl_registry#2.global(38, "ext_foreign_toplevel_image_capture_source_manager_v1", 1)
[18:47:23.087307] wl_registry#2.bind(28, "zwlr_screencopy_manager_v1", 3, new id [unknown]#5)
[18:47:23.087388] zwlr_screencopy_manager_v1#5.capture_output(new id zwlr_screencopy_frame_v1#9, 0, wl_output#8)
[18:47:23.087395]  -> zwlr_screencopy_frame_v1#9.buffer(1, 1920, 1080, 7680)
[18:47:23.087398]  -> zwlr_screencopy_frame_v1#9.buffer_done()
[18:47:23.087449] zwlr_screencopy_frame_v1#9.copy(wl_buffer#11)
[18:47:23.090899]  -> zwlr_screencopy_frame_v1#9.flags(0)
[18:47:23.090916]  -> zwlr_screencopy_frame_v1#9.ready(0, 271227, 64210584)
[18:47:23.103855] zwlr_screencopy_frame_v1#9.destroy()
[18:47:23.378910]  -> wl_registry#2.global(28, "zwlr_screencopy_manager_v1", 3)
[18:47:23.378922]  -> wl_registry#2.global(29, "ext_image_copy_capture_manager_v1", 1)
[18:47:23.378925]  -> wl_registry#2.global(30, "ext_output_image_capture_source_manager_v1", 1)
[18:47:23.378952]  -> wl_registry#2.global(38, "ext_foreign_toplevel_image_capture_source_manager_v1", 1)
[18:47:23.379178] wl_registry#2.bind(28, "zwlr_screencopy_manager_v1", 3, new id [unknown]#5)
[18:47:23.499889]  -> wl_registry#2.global(28, "zwlr_screencopy_manager_v1", 3)
[18:47:23.499892]  -> wl_registry#2.global(29, "ext_image_copy_capture_manager_v1", 1)
[18:47:23.499895]  -> wl_registry#2.global(30, "ext_output_image_capture_source_manager_v1", 1)
[18:47:23.499937]  -> wl_registry#2.global(38, "ext_foreign_toplevel_image_capture_source_manager_v1", 1)
[18:47:23.500202] wl_registry#2.bind(28, "zwlr_screencopy_manager_v1", 3, new id [unknown]#5)
[18:47:23.533291]  -> wl_registry#2.global(28, "zwlr_screencopy_manager_v1", 3)
[18:47:23.533294]  -> wl_registry#2.global(29, "ext_image_copy_capture_manager_v1", 1)
[18:47:23.533298]  -> wl_registry#2.global(30, "ext_output_image_capture_source_manager_v1", 1)
[18:47:23.533330]  -> wl_registry#2.global(38, "ext_foreign_toplevel_image_capture_source_manager_v1", 1)
[18:47:23.533610] wl_registry#2.bind(28, "zwlr_screencopy_manager_v1", 3, new id [unknown]#5)
[18:47:23.533730] zwlr_screencopy_manager_v1#5.capture_output(new id zwlr_screencopy_frame_v1#9, 0, wl_output#8)
[18:47:23.533745]  -> zwlr_screencopy_frame_v1#9.buffer(1, 1920, 1080, 7680)
[18:47:23.533750]  -> zwlr_screencopy_frame_v1#9.buffer_done()
[18:47:23.533839] zwlr_screencopy_frame_v1#9.copy(wl_buffer#11)
[18:47:23.538900]  -> zwlr_screencopy_frame_v1#9.flags(0)
[18:47:23.538934]  -> zwlr_screencopy_frame_v1#9.ready(0, 271227, 510625039)
[18:47:23.555203] zwlr_screencopy_frame_v1#9.destroy()
[18:47:24.163202]  -> wl_registry#2.global(28, "zwlr_screencopy_manager_v1", 3)
[18:47:24.163204]  -> wl_registry#2.global(29, "ext_image_copy_capture_manager_v1", 1)
[18:47:24.163206]  -> wl_registry#2.global(30, "ext_output_image_capture_source_manager_v1", 1)
[18:47:24.163224]  -> wl_registry#2.global(38, "ext_foreign_toplevel_image_capture_source_manager_v1", 1)
[18:47:24.163447] wl_registry#2.bind(28, "zwlr_screencopy_manager_v1", 3, new id [unknown]#5)
[18:47:24.197670]  -> wl_registry#2.global(28, "zwlr_screencopy_manager_v1", 3)
[18:47:24.197672]  -> wl_registry#2.global(29, "ext_image_copy_capture_manager_v1", 1)
[18:47:24.197674]  -> wl_registry#2.global(30, "ext_output_image_capture_source_manager_v1", 1)
[18:47:24.197694]  -> wl_registry#2.global(38, "ext_foreign_toplevel_image_capture_source_manager_v1", 1)
[18:47:24.197895] wl_registry#2.bind(28, "zwlr_screencopy_manager_v1", 3, new id [unknown]#5)
[18:47:24.198003] zwlr_screencopy_manager_v1#5.capture_output(new id zwlr_screencopy_frame_v1#9, 0, wl_output#8)
[18:47:24.198017]  -> zwlr_screencopy_frame_v1#9.buffer(1, 1920, 1080, 7680)
[18:47:24.198022]  -> zwlr_screencopy_frame_v1#9.buffer_done()
[18:47:24.198098] zwlr_screencopy_frame_v1#9.copy(wl_buffer#11)
[18:47:24.203723]  -> zwlr_screencopy_frame_v1#9.flags(0)
[18:47:24.203752]  -> zwlr_screencopy_frame_v1#9.ready(0, 271228, 174886792)
[18:47:24.220683] zwlr_screencopy_frame_v1#9.destroy()
[18:47:24.552262]  -> wl_registry#2.global(28, "zwlr_screencopy_manager_v1", 3)
[18:47:24.552269]  -> wl_registry#2.global(29, "ext_image_copy_capture_manager_v1", 1)
[18:47:24.552273]  -> wl_registry#2.global(30, "ext_output_image_capture_source_manager_v1", 1)
[18:47:24.552301]  -> wl_registry#2.global(38, "ext_foreign_toplevel_image_capture_source_manager_v1", 1)
[18:47:24.552608] wl_registry#2.bind(28, "zwlr_screencopy_manager_v1", 3, new id [unknown]#5)
[18:47:24.573982]  -> wl_registry#2.global(28, "zwlr_screencopy_manager_v1", 3)
[18:47:24.573985]  -> wl_registry#2.global(29, "ext_image_copy_capture_manager_v1", 1)
[18:47:24.573988]  -> wl_registry#2.global(30, "ext_output_image_capture_source_manager_v1", 1)
[18:47:24.574011]  -> wl_registry#2.global(38, "ext_foreign_toplevel_image_capture_source_manager_v1", 1)
[18:47:24.574230] wl_registry#2.bind(28, "zwlr_screencopy_manager_v1", 3, new id [unknown]#5)
[18:47:24.574384] zwlr_screencopy_manager_v1#5.capture_output(new id zwlr_screencopy_frame_v1#9, 0, wl_output#8)
[18:47:24.574403]  -> zwlr_screencopy_frame_v1#9.buffer(1, 1920, 1080, 7680)
[18:47:24.574407]  -> zwlr_screencopy_frame_v1#9.buffer_done()
[18:47:24.574490] zwlr_screencopy_frame_v1#9.copy(wl_buffer#11)
[18:47:24.579652]  -> zwlr_screencopy_frame_v1#9.flags(0)
[18:47:24.579685]  -> zwlr_screencopy_frame_v1#9.ready(0, 271228, 551284614)
[18:47:24.599897] zwlr_screencopy_frame_v1#9.destroy()
[18:47:24.897664]  -> wl_registry#2.global(28, "zwlr_screencopy_manager_v1", 3)
[18:47:24.897668]  -> wl_registry#2.global(29, "ext_image_copy_capture_manager_v1", 1)
[18:47:24.897671]  -> wl_registry#2.global(30, "ext_output_image_capture_source_manager_v1", 1)
[18:47:24.897704]  -> wl_registry#2.global(38, "ext_foreign_toplevel_image_capture_source_manager_v1", 1)
[18:47:24.897997] wl_registry#2.bind(28, "zwlr_screencopy_manager_v1", 3, new id [unknown]#5)
[18:47:25.048727]  -> wl_registry#2.global(28, "zwlr_screencopy_manager_v1", 3)
[18:47:25.048731]  -> wl_registry#2.global(29, "ext_image_copy_capture_manager_v1", 1)
[18:47:25.048734]  -> wl_registry#2.global(30, "ext_output_image_capture_source_manager_v1", 1)
[18:47:25.048765]  -> wl_registry#2.global(38, "ext_foreign_toplevel_image_capture_source_manager_v1", 1)
[18:47:25.049025] wl_registry#2.bind(28, "zwlr_screencopy_manager_v1", 3, new id [unknown]#5)
[18:47:25.083889]  -> wl_registry#2.global(28, "zwlr_screencopy_manager_v1", 3)
[18:47:25.083891]  -> wl_registry#2.global(29, "ext_image_copy_capture_manager_v1", 1)
[18:47:25.083893]  -> wl_registry#2.global(30, "ext_output_image_capture_source_manager_v1", 1)
[18:47:25.083911]  -> wl_registry#2.global(38, "ext_foreign_toplevel_image_capture_source_manager_v1", 1)
[18:47:25.084106] wl_registry#2.bind(28, "zwlr_screencopy_manager_v1", 3, new id [unknown]#5)
[18:47:25.084199] zwlr_screencopy_manager_v1#5.capture_output(new id zwlr_screencopy_frame_v1#9, 0, wl_output#8)
[18:47:25.084213]  -> zwlr_screencopy_frame_v1#9.buffer(1, 1920, 1080, 7680)
[18:47:25.084216]  -> zwlr_screencopy_frame_v1#9.buffer_done()
[18:47:25.084368] zwlr_screencopy_frame_v1#9.copy(wl_buffer#11)
[18:47:25.089812]  -> zwlr_screencopy_frame_v1#9.flags(0)
[18:47:25.089838]  -> zwlr_screencopy_frame_v1#9.ready(0, 271229, 61152119)
[18:47:25.105628] zwlr_screencopy_frame_v1#9.destroy()
[18:47:25.733209]  -> wl_registry#2.global(28, "zwlr_screencopy_manager_v1", 3)
[18:47:25.733211]  -> wl_registry#2.global(29, "ext_image_copy_capture_manager_v1", 1)
[18:47:25.733213]  -> wl_registry#2.global(30, "ext_output_image_capture_source_manager_v1", 1)
[18:47:25.733230]  -> wl_registry#2.global(38, "ext_foreign_toplevel_image_capture_source_manager_v1", 1)
[18:47:25.733421] wl_registry#2.bind(28, "zwlr_screencopy_manager_v1", 3, new id [unknown]#5)
[18:47:25.765246]  -> wl_registry#2.global(28, "zwlr_screencopy_manager_v1", 3)
[18:47:25.765248]  -> wl_registry#2.global(29, "ext_image_copy_capture_manager_v1", 1)
[18:47:25.765250]  -> wl_registry#2.global(30, "ext_output_image_capture_source_manager_v1", 1)
[18:47:25.765274]  -> wl_registry#2.global(38, "ext_foreign_toplevel_image_capture_source_manager_v1", 1)
[18:47:25.765447] wl_registry#2.bind(28, "zwlr_screencopy_manager_v1", 3, new id [unknown]#5)
[18:47:25.765525] zwlr_screencopy_manager_v1#5.capture_output(new id zwlr_screencopy_frame_v1#9, 0, wl_output#8)
[18:47:25.765535]  -> zwlr_screencopy_frame_v1#9.buffer(1, 1920, 1080, 7680)
[18:47:25.765537]  -> zwlr_screencopy_frame_v1#9.buffer_done()
[18:47:25.765598] zwlr_screencopy_frame_v1#9.copy(wl_buffer#11)
[18:47:25.770206]  -> zwlr_screencopy_frame_v1#9.flags(0)
[18:47:25.770246]  -> zwlr_screencopy_frame_v1#9.ready(0, 271229, 742365730)
[18:47:25.784858] zwlr_screencopy_frame_v1#9.destroy()
[18:47:26.092061]  -> wl_registry#2.global(28, "zwlr_screencopy_manager_v1", 3)
[18:47:26.092064]  -> wl_registry#2.global(29, "ext_image_copy_capture_manager_v1", 1)
[18:47:26.092068]  -> wl_registry#2.global(30, "ext_output_image_capture_source_manager_v1", 1)
[18:47:26.092099]  -> wl_registry#2.global(38, "ext_foreign_toplevel_image_capture_source_manager_v1", 1)
[18:47:26.092400] wl_registry#2.bind(28, "zwlr_screencopy_manager_v1", 3, new id [unknown]#5)
[18:47:26.114727]  -> wl_registry#2.global(28, "zwlr_screencopy_manager_v1", 3)
[18:47:26.114739]  -> wl_registry#2.global(29, "ext_image_copy_capture_manager_v1", 1)
[18:47:26.114758]  -> wl_registry#2.global(30, "ext_output_image_capture_source_manager_v1", 1)
[18:47:26.114785]  -> wl_registry#2.global(38, "ext_foreign_toplevel_image_capture_source_manager_v1", 1)
[18:47:26.115045] wl_registry#2.bind(28, "zwlr_screencopy_manager_v1", 3, new id [unknown]#5)
[18:47:26.115174] zwlr_screencopy_manager_v1#5.capture_output(new id zwlr_screencopy_frame_v1#9, 0, wl_output#8)
[18:47:26.115190]  -> zwlr_screencopy_frame_v1#9.buffer(1, 1920, 1080, 7680)
[18:47:26.115194]  -> zwlr_screencopy_frame_v1#9.buffer_done()
[18:47:26.115308] zwlr_screencopy_frame_v1#9.copy(wl_buffer#11)
[18:47:26.121191]  -> zwlr_screencopy_frame_v1#9.flags(0)
[18:47:26.121233]  -> zwlr_screencopy_frame_v1#9.ready(0, 271230, 92110896)
[18:47:26.144550] zwlr_screencopy_frame_v1#9.destroy()
[18:47:26.481097]  -> wl_registry#2.global(28, "zwlr_screencopy_manager_v1", 3)
[18:47:26.481100]  -> wl_registry#2.global(29, "ext_image_copy_capture_manager_v1", 1)
[18:47:26.481104]  -> wl_registry#2.global(30, "ext_output_image_capture_source_manager_v1", 1)
[18:47:26.481134]  -> wl_registry#2.global(38, "ext_foreign_toplevel_image_capture_source_manager_v1", 1)
[18:47:26.481390] wl_registry#2.bind(28, "zwlr_screencopy_manager_v1", 3, new id [unknown]#5)
[18:47:26.631414]  -> wl_registry#2.global(28, "zwlr_screencopy_manager_v1", 3)
[18:47:26.631416]  -> wl_registry#2.global(29, "ext_image_copy_capture_manager_v1", 1)
[18:47:26.631418]  -> wl_registry#2.global(30, "ext_output_image_capture_source_manager_v1", 1)
[18:47:26.631447]  -> wl_registry#2.global(38, "ext_foreign_toplevel_image_capture_source_manager_v1", 1)
[18:47:26.631653] wl_registry#2.bind(28, "zwlr_screencopy_manager_v1", 3, new id [unknown]#5)
