[session] DISPLAY=:100 openbox=3372477 picom=3372478 dbus=unix:path=<tmp>/dbus-XXXX,guid=3e2ee8ac2e076028f8e4e8426ac07b47
[b04a2] DISPLAY=:100 start_utc=2026-10-03T03:49:29.867Z loadavg=17.58 18.06 16.67 3/2795 3372735 telemetry_env=0 dnt=1 lock=exclusive wayland=unset hostless=1
dbus-daemon[3372475]: [session uid=1000 pid=3372475 pidfd=5] Activating service name='org.a11y.Bus' requested by ':1.0' (uid=1000 pid=3373427 comm="<lanes>/bin/cua-driver-r2")
dbus-daemon[3372475]: [session uid=1000 pid=3372475 pidfd=5] Successfully activated service 'org.a11y.Bus'
dbus-daemon[3372475]: [session uid=1000 pid=3372475 pidfd=5] Activating service name='ca.desrt.dconf' requested by ':1.1' (uid=1000 pid=3373434 comm="/usr/lib/at-spi-bus-launcher")
dbus-daemon[3372475]: [session uid=1000 pid=3372475 pidfd=5] Successfully activated service 'ca.desrt.dconf'
dbus-daemon[3372475]: [session uid=1000 pid=3372475 pidfd=5] Activating service name='org.freedesktop.systemd1' requested by ':1.4' (uid=1000 pid=3373468 comm="/usr/bin/dbus-broker-launch --config-file=/usr/sha")
dbus-daemon[3372475]: [session uid=1000 pid=3372475 pidfd=5] Activated service 'org.freedesktop.systemd1' failed: Process org.freedesktop.systemd1 exited with status 1
[2m2026-10-03T03:49:33.133021Z[0m [33m WARN[0m [2mcua_driver_sdk::runtime[0m[2m:[0m could not activate the persistent AT-SPI listener: AT-SPI connect failed: ZBus Error: MethodError(OwnedErrorName("org.freedesktop.DBus.Error.NameHasNoOwner"), Some("Could not activate remote peer 'org.a11y.atspi.Registry': unit failed"), Msg { type: Error, serial: 4294967295, sender: UniqueName("org.freedesktop.DBus"), reply-serial: 10, body: Str, fds: [] })
[2m2026-10-03T03:49:33.150774Z[0m [33m WARN[0m [2mplatform_linux::overlay[0m[2m:[0m X11 overlay: root reads cannot see this window's own pixels; save-unders will be served without readback confirmation
dbus-daemon[3372475]: [session uid=1000 pid=3372475 pidfd=5] Activating service name='org.gtk.vfs.Daemon' requested by ':1.5' (uid=1000 pid=3373630 comm="/opt/google/chrome/chrome --remote-debugging-port=")
dbus-daemon[3372475]: [session uid=1000 pid=3372475 pidfd=5] Successfully activated service 'org.gtk.vfs.Daemon'
fusermount3: mount failed: Operation not permitted
dbus-daemon[3372475]: [session uid=1000 pid=3372475 pidfd=5] Activating service name='org.freedesktop.systemd1' requested by ':1.4' (uid=1000 pid=3373468 comm="/usr/bin/dbus-broker-launch --config-file=/usr/sha")
dbus-daemon[3372475]: [session uid=1000 pid=3372475 pidfd=5] Activated service 'org.freedesktop.systemd1' failed: Process org.freedesktop.systemd1 exited with status 1
dbus-daemon[3372475]: [session uid=1000 pid=3372475 pidfd=5] Activating service name='org.freedesktop.systemd1' requested by ':1.4' (uid=1000 pid=3373468 comm="/usr/bin/dbus-broker-launch --config-file=/usr/sha")
dbus-daemon[3372475]: [session uid=1000 pid=3372475 pidfd=5] Activated service 'org.freedesktop.systemd1' failed: Process org.freedesktop.systemd1 exited with status 1
dbus-daemon[3372475]: [session uid=1000 pid=3372475 pidfd=5] Activating service name='org.freedesktop.Notifications' requested by ':1.7' (uid=1000 pid=3373630 comm="/opt/google/chrome/chrome --remote-debugging-port=")
dbus-daemon[3372475]: [session uid=1000 pid=3372475 pidfd=5] Activating service name='org.freedesktop.portal.Desktop' requested by ':1.7' (uid=1000 pid=3373630 comm="/opt/google/chrome/chrome --remote-debugging-port=")
dbus-daemon[3372475]: [session uid=1000 pid=3372475 pidfd=5] Successfully activated service 'org.freedesktop.Notifications'
dbus-daemon[3372475]: [session uid=1000 pid=3372475 pidfd=5] Activating service name='org.freedesktop.impl.portal.PermissionStore' requested by ':1.9' (uid=1000 pid=3373886 comm="/usr/lib/xdg-desktop-portal")
dbus-daemon[3372475]: [session uid=1000 pid=3372475 pidfd=5] Successfully activated service 'org.freedesktop.impl.portal.PermissionStore'
dbus-daemon[3372475]: [session uid=1000 pid=3372475 pidfd=5] Activating service name='org.freedesktop.portal.Documents' requested by ':1.9' (uid=1000 pid=3373886 comm="/usr/lib/xdg-desktop-portal")
dbus-daemon[3372475]: [session uid=1000 pid=3372475 pidfd=5] Successfully activated service 'org.freedesktop.portal.Documents'
fusermount3: mount failed: Operation not permitted
error: fuse init failed: Can't mount path <lane-tmp>/x11-session.cGfCJ0/xdg-runtime/doc

(/usr/lib/xdg-desktop-portal:3373886): xdg-desktop-portal-WARNING **: 22:49:34.312: Document portal fuse mount point unknown: GDBus.Error:org.freedesktop.DBus.Error.ServiceUnknown: The name :1.11 was not provided by any .service files

(/usr/lib/xdg-desktop-portal:3373886): xdg-desktop-portal-WARNING **: 22:49:34.312: Choosing gtk.portal for org.freedesktop.impl.portal.Lockdown as a last-resort fallback
dbus-daemon[3372475]: [session uid=1000 pid=3372475 pidfd=5] Activating service name='org.freedesktop.impl.portal.desktop.gtk' requested by ':1.9' (uid=1000 pid=3373886 comm="/usr/lib/xdg-desktop-portal")
dbus-daemon[3372475]: [session uid=1000 pid=3372475 pidfd=5] Activating service name='org.freedesktop.systemd1' requested by ':1.4' (uid=1000 pid=3373468 comm="/usr/bin/dbus-broker-launch --config-file=/usr/sha")
dbus-daemon[3372475]: [session uid=1000 pid=3372475 pidfd=5] Activated service 'org.freedesktop.systemd1' failed: Process org.freedesktop.systemd1 exited with status 1
dbus-daemon[3372475]: [session uid=1000 pid=3372475 pidfd=5] Successfully activated service 'org.freedesktop.impl.portal.desktop.gtk'

** (xdg-desktop-portal-gtk:3373912): WARNING **: 22:49:34.336: AT-SPI: Could not obtain desktop path or name

dbus-daemon[3372475]: [session uid=1000 pid=3372475 pidfd=5] Activating service name='org.freedesktop.systemd1' requested by ':1.4' (uid=1000 pid=3373468 comm="/usr/bin/dbus-broker-launch --config-file=/usr/sha")

(/usr/lib/xdg-desktop-portal:3373886): xdg-desktop-portal-WARNING **: 22:49:34.337: Choosing gtk.portal for org.freedesktop.impl.portal.Access as a last-resort fallback
dbus-daemon[3372475]: [session uid=1000 pid=3372475 pidfd=5] Activated service 'org.freedesktop.systemd1' failed: Process org.freedesktop.systemd1 exited with status 1

** (xdg-desktop-portal-gtk:3373912): WARNING **: 22:49:34.337: atk-bridge: GetRegisteredEvents returned message with unknown signature

** (xdg-desktop-portal-gtk:3373912): WARNING **: 22:49:34.337: atk-bridge: get_device_events_reply: unknown signature

(/usr/lib/xdg-desktop-portal:3373886): xdg-desktop-portal-WARNING **: 22:49:34.362: Choosing gtk.portal for org.freedesktop.impl.portal.Settings as a last-resort fallback

(/usr/lib/xdg-desktop-portal:3373886): xdg-desktop-portal-WARNING **: 22:49:34.362: Choosing gtk.portal for org.freedesktop.impl.portal.FileChooser as a last-resort fallback

(/usr/lib/xdg-desktop-portal:3373886): xdg-desktop-portal-WARNING **: 22:49:34.363: Choosing gtk.portal for org.freedesktop.impl.portal.AppChooser as a last-resort fallback

(/usr/lib/xdg-desktop-portal:3373886): xdg-desktop-portal-WARNING **: 22:49:34.363: Choosing gtk.portal for org.freedesktop.impl.portal.Print as a last-resort fallback

(/usr/lib/xdg-desktop-portal:3373886): xdg-desktop-portal-WARNING **: 22:49:34.363: Choosing gtk.portal for org.freedesktop.impl.portal.Notification as a last-resort fallback

(/usr/lib/xdg-desktop-portal:3373886): xdg-desktop-portal-WARNING **: 22:49:34.364: Choosing gtk.portal for org.freedesktop.impl.portal.Inhibit as a last-resort fallback

(/usr/lib/xdg-desktop-portal:3373886): xdg-desktop-portal-WARNING **: 22:49:34.370: Failed to connect to PipeWire: Couldn't connect to PipeWire

(/usr/lib/xdg-desktop-portal:3373886): xdg-desktop-portal-WARNING **: 22:49:34.370: Choosing gtk.portal for org.freedesktop.impl.portal.Account as a last-resort fallback

(/usr/lib/xdg-desktop-portal:3373886): xdg-desktop-portal-WARNING **: 22:49:34.371: Choosing gtk.portal for org.freedesktop.impl.portal.Email as a last-resort fallback

(/usr/lib/xdg-desktop-portal:3373886): xdg-desktop-portal-WARNING **: 22:49:34.371: Choosing gtk.portal for org.freedesktop.impl.portal.DynamicLauncher as a last-resort fallback
dbus-daemon[3372475]: [session uid=1000 pid=3372475 pidfd=5] Successfully activated service 'org.freedesktop.portal.Desktop'
{"trial": "x00-P4-fill-W0", "outcome": "verified", "oracle_exact_match": true, "completion_mutations": 1, "routes": ["compiled"], "loadavg_before": "17.93 18.13 16.70 15/2782 3373416"}
dbus-daemon[3372475]: [session uid=1000 pid=3372475 pidfd=5] Activating service name='org.freedesktop.systemd1' requested by ':1.4' (uid=1000 pid=3373468 comm="/usr/bin/dbus-broker-launch --config-file=/usr/sha")
dbus-daemon[3372475]: [session uid=1000 pid=3372475 pidfd=5] Activated service 'org.freedesktop.systemd1' failed: Process org.freedesktop.systemd1 exited with status 1
[2m2026-10-03T03:49:35.482311Z[0m [33m WARN[0m [2mcua_driver_sdk::runtime[0m[2m:[0m could not activate the persistent AT-SPI listener: AT-SPI connect failed: ZBus Error: MethodError(OwnedErrorName("org.freedesktop.DBus.Error.NameHasNoOwner"), Some("Could not activate remote peer 'org.a11y.atspi.Registry': unit failed"), Msg { type: Error, serial: 4294967295, sender: UniqueName("org.freedesktop.DBus"), reply-serial: 9, body: Str, fds: [] })
[2m2026-10-03T03:49:35.495487Z[0m [33m WARN[0m [2mplatform_linux::overlay[0m[2m:[0m X11 overlay: root reads cannot see this window's own pixels; save-unders will be served without readback confirmation
dbus-daemon[3372475]: [session uid=1000 pid=3372475 pidfd=5] Activating service name='org.freedesktop.systemd1' requested by ':1.4' (uid=1000 pid=3373468 comm="/usr/bin/dbus-broker-launch --config-file=/usr/sha")
dbus-daemon[3372475]: [session uid=1000 pid=3372475 pidfd=5] Activated service 'org.freedesktop.systemd1' failed: Process org.freedesktop.systemd1 exited with status 1
dbus-daemon[3372475]: [session uid=1000 pid=3372475 pidfd=5] Activating service name='org.freedesktop.systemd1' requested by ':1.4' (uid=1000 pid=3373468 comm="/usr/bin/dbus-broker-launch --config-file=/usr/sha")
dbus-daemon[3372475]: [session uid=1000 pid=3372475 pidfd=5] Activated service 'org.freedesktop.systemd1' failed: Process org.freedesktop.systemd1 exited with status 1
{"trial": "x00-P4-fill-W80", "outcome": "verified", "oracle_exact_match": true, "completion_mutations": 1, "routes": ["compiled"], "loadavg_before": "17.93 18.13 16.70 6/2804 3374195"}
dbus-daemon[3372475]: [session uid=1000 pid=3372475 pidfd=5] Activating service name='org.freedesktop.systemd1' requested by ':1.4' (uid=1000 pid=3373468 comm="/usr/bin/dbus-broker-launch --config-file=/usr/sha")
dbus-daemon[3372475]: [session uid=1000 pid=3372475 pidfd=5] Activated service 'org.freedesktop.systemd1' failed: Process org.freedesktop.systemd1 exited with status 1
[2m2026-10-03T03:49:37.129361Z[0m [33m WARN[0m [2mcua_driver_sdk::runtime[0m[2m:[0m could not activate the persistent AT-SPI listener: AT-SPI connect failed: ZBus Error: MethodError(OwnedErrorName("org.freedesktop.DBus.Error.NameHasNoOwner"), Some("Could not activate remote peer 'org.a11y.atspi.Registry': unit failed"), Msg { type: Error, serial: 4294967295, sender: UniqueName("org.freedesktop.DBus"), reply-serial: 9, body: Str, fds: [] })
[2m2026-10-03T03:49:37.138947Z[0m [33m WARN[0m [2mplatform_linux::overlay[0m[2m:[0m X11 overlay: root reads cannot see this window's own pixels; save-unders will be served without readback confirmation
dbus-daemon[3372475]: [session uid=1000 pid=3372475 pidfd=5] Activating service name='org.freedesktop.systemd1' requested by ':1.4' (uid=1000 pid=3373468 comm="/usr/bin/dbus-broker-launch --config-file=/usr/sha")
dbus-daemon[3372475]: [session uid=1000 pid=3372475 pidfd=5] Activated service 'org.freedesktop.systemd1' failed: Process org.freedesktop.systemd1 exited with status 1
dbus-daemon[3372475]: [session uid=1000 pid=3372475 pidfd=5] Activating service name='org.freedesktop.systemd1' requested by ':1.4' (uid=1000 pid=3373468 comm="/usr/bin/dbus-broker-launch --config-file=/usr/sha")
dbus-daemon[3372475]: [session uid=1000 pid=3372475 pidfd=5] Activated service 'org.freedesktop.systemd1' failed: Process org.freedesktop.systemd1 exited with status 1
{"trial": "x00-P4-fill-PREWARM", "outcome": "verified", "oracle_exact_match": true, "completion_mutations": 1, "routes": ["compiled"], "loadavg_before": "17.46 18.02 16.67 4/2814 3374751"}
dbus-daemon[3372475]: [session uid=1000 pid=3372475 pidfd=5] Activating service name='org.freedesktop.systemd1' requested by ':1.4' (uid=1000 pid=3373468 comm="/usr/bin/dbus-broker-launch --config-file=/usr/sha")
dbus-daemon[3372475]: [session uid=1000 pid=3372475 pidfd=5] Activated service 'org.freedesktop.systemd1' failed: Process org.freedesktop.systemd1 exited with status 1
[2m2026-10-03T03:49:38.484854Z[0m [33m WARN[0m [2mcua_driver_sdk::runtime[0m[2m:[0m could not activate the persistent AT-SPI listener: AT-SPI connect failed: ZBus Error: MethodError(OwnedErrorName("org.freedesktop.DBus.Error.NameHasNoOwner"), Some("Could not activate remote peer 'org.a11y.atspi.Registry': unit failed"), Msg { type: Error, serial: 4294967295, sender: UniqueName("org.freedesktop.DBus"), reply-serial: 9, body: Str, fds: [] })
[2m2026-10-03T03:49:38.498558Z[0m [33m WARN[0m [2mplatform_linux::overlay[0m[2m:[0m X11 overlay: root reads cannot see this window's own pixels; save-unders will be served without readback confirmation
dbus-daemon[3372475]: [session uid=1000 pid=3372475 pidfd=5] Activating service name='org.freedesktop.systemd1' requested by ':1.4' (uid=1000 pid=3373468 comm="/usr/bin/dbus-broker-launch --config-file=/usr/sha")
dbus-daemon[3372475]: [session uid=1000 pid=3372475 pidfd=5] Activated service 'org.freedesktop.systemd1' failed: Process org.freedesktop.systemd1 exited with status 1
dbus-daemon[3372475]: [session uid=1000 pid=3372475 pidfd=5] Activating service name='org.freedesktop.systemd1' requested by ':1.4' (uid=1000 pid=3373468 comm="/usr/bin/dbus-broker-launch --config-file=/usr/sha")
dbus-daemon[3372475]: [session uid=1000 pid=3372475 pidfd=5] Activated service 'org.freedesktop.systemd1' failed: Process org.freedesktop.systemd1 exited with status 1
{"trial": "x00-P4-toggle-PREWARM", "outcome": "verified", "oracle_exact_match": true, "completion_mutations": 1, "routes": ["provider", "provider"], "loadavg_before": "17.46 18.02 16.67 10/2839 3375371"}
dbus-daemon[3372475]: [session uid=1000 pid=3372475 pidfd=5] Activating service name='org.freedesktop.systemd1' requested by ':1.4' (uid=1000 pid=3373468 comm="/usr/bin/dbus-broker-launch --config-file=/usr/sha")
dbus-daemon[3372475]: [session uid=1000 pid=3372475 pidfd=5] Activated service 'org.freedesktop.systemd1' failed: Process org.freedesktop.systemd1 exited with status 1
[2m2026-10-03T03:49:40.394410Z[0m [33m WARN[0m [2mcua_driver_sdk::runtime[0m[2m:[0m could not activate the persistent AT-SPI listener: AT-SPI connect failed: ZBus Error: MethodError(OwnedErrorName("org.freedesktop.DBus.Error.NameHasNoOwner"), Some("Could not activate remote peer 'org.a11y.atspi.Registry': unit failed"), Msg { type: Error, serial: 4294967295, sender: UniqueName("org.freedesktop.DBus"), reply-serial: 9, body: Str, fds: [] })
[2m2026-10-03T03:49:40.414139Z[0m [33m WARN[0m [2mplatform_linux::overlay[0m[2m:[0m X11 overlay: root reads cannot see this window's own pixels; save-unders will be served without readback confirmation
dbus-daemon[3372475]: [session uid=1000 pid=3372475 pidfd=5] Activating service name='org.freedesktop.systemd1' requested by ':1.4' (uid=1000 pid=3373468 comm="/usr/bin/dbus-broker-launch --config-file=/usr/sha")
dbus-daemon[3372475]: [session uid=1000 pid=3372475 pidfd=5] Activated service 'org.freedesktop.systemd1' failed: Process org.freedesktop.systemd1 exited with status 1
dbus-daemon[3372475]: [session uid=1000 pid=3372475 pidfd=5] Activating service name='org.freedesktop.systemd1' requested by ':1.4' (uid=1000 pid=3373468 comm="/usr/bin/dbus-broker-launch --config-file=/usr/sha")
dbus-daemon[3372475]: [session uid=1000 pid=3372475 pidfd=5] Activated service 'org.freedesktop.systemd1' failed: Process org.freedesktop.systemd1 exited with status 1
{"trial": "x00-P4-toggle-W80", "outcome": "verified", "oracle_exact_match": true, "completion_mutations": 1, "routes": ["provider", "provider"], "loadavg_before": "17.46 18.02 16.67 10/2866 3376051"}
dbus-daemon[3372475]: [session uid=1000 pid=3372475 pidfd=5] Activating service name='org.freedesktop.systemd1' requested by ':1.4' (uid=1000 pid=3373468 comm="/usr/bin/dbus-broker-launch --config-file=/usr/sha")
dbus-daemon[3372475]: [session uid=1000 pid=3372475 pidfd=5] Activated service 'org.freedesktop.systemd1' failed: Process org.freedesktop.systemd1 exited with status 1
[2m2026-10-03T03:49:42.251530Z[0m [33m WARN[0m [2mcua_driver_sdk::runtime[0m[2m:[0m could not activate the persistent AT-SPI listener: AT-SPI connect failed: ZBus Error: MethodError(OwnedErrorName("org.freedesktop.DBus.Error.NameHasNoOwner"), Some("Could not activate remote peer 'org.a11y.atspi.Registry': unit failed"), Msg { type: Error, serial: 4294967295, sender: UniqueName("org.freedesktop.DBus"), reply-serial: 9, body: Str, fds: [] })
[2m2026-10-03T03:49:42.264529Z[0m [33m WARN[0m [2mplatform_linux::overlay[0m[2m:[0m X11 overlay: root reads cannot see this window's own pixels; save-unders will be served without readback confirmation
dbus-daemon[3372475]: [session uid=1000 pid=3372475 pidfd=5] Activating service name='org.freedesktop.systemd1' requested by ':1.4' (uid=1000 pid=3373468 comm="/usr/bin/dbus-broker-launch --config-file=/usr/sha")
dbus-daemon[3372475]: [session uid=1000 pid=3372475 pidfd=5] Activated service 'org.freedesktop.systemd1' failed: Process org.freedesktop.systemd1 exited with status 1
dbus-daemon[3372475]: [session uid=1000 pid=3372475 pidfd=5] Activating service name='org.freedesktop.systemd1' requested by ':1.4' (uid=1000 pid=3373468 comm="/usr/bin/dbus-broker-launch --config-file=/usr/sha")
dbus-daemon[3372475]: [session uid=1000 pid=3372475 pidfd=5] Activated service 'org.freedesktop.systemd1' failed: Process org.freedesktop.systemd1 exited with status 1
{"trial": "x00-P4-toggle-W0", "outcome": "verified", "oracle_exact_match": true, "completion_mutations": 1, "routes": ["provider", "provider"], "loadavg_before": "16.70 17.86 16.62 15/2881 3376787"}
dbus-daemon[3372475]: [session uid=1000 pid=3372475 pidfd=5] Activating service name='org.freedesktop.systemd1' requested by ':1.4' (uid=1000 pid=3373468 comm="/usr/bin/dbus-broker-launch --config-file=/usr/sha")
dbus-daemon[3372475]: [session uid=1000 pid=3372475 pidfd=5] Activated service 'org.freedesktop.systemd1' failed: Process org.freedesktop.systemd1 exited with status 1
[2m2026-10-03T03:49:43.839438Z[0m [33m WARN[0m [2mcua_driver_sdk::runtime[0m[2m:[0m could not activate the persistent AT-SPI listener: AT-SPI connect failed: ZBus Error: MethodError(OwnedErrorName("org.freedesktop.DBus.Error.NameHasNoOwner"), Some("Could not activate remote peer 'org.a11y.atspi.Registry': unit failed"), Msg { type: Error, serial: 4294967295, sender: UniqueName("org.freedesktop.DBus"), reply-serial: 9, body: Str, fds: [] })
[2m2026-10-03T03:49:43.852781Z[0m [33m WARN[0m [2mplatform_linux::overlay[0m[2m:[0m X11 overlay: root reads cannot see this window's own pixels; save-unders will be served without readback confirmation
dbus-daemon[3372475]: [session uid=1000 pid=3372475 pidfd=5] Activating service name='org.freedesktop.systemd1' requested by ':1.4' (uid=1000 pid=3373468 comm="/usr/bin/dbus-broker-launch --config-file=/usr/sha")
dbus-daemon[3372475]: [session uid=1000 pid=3372475 pidfd=5] Activated service 'org.freedesktop.systemd1' failed: Process org.freedesktop.systemd1 exited with status 1
dbus-daemon[3372475]: [session uid=1000 pid=3372475 pidfd=5] Activating service name='org.freedesktop.systemd1' requested by ':1.4' (uid=1000 pid=3373468 comm="/usr/bin/dbus-broker-launch --config-file=/usr/sha")
dbus-daemon[3372475]: [session uid=1000 pid=3372475 pidfd=5] Activated service 'org.freedesktop.systemd1' failed: Process org.freedesktop.systemd1 exited with status 1
{"trial": "x01-P4-toggle-W0", "outcome": "verified", "oracle_exact_match": true, "completion_mutations": 1, "routes": ["provider", "provider"], "loadavg_before": "16.70 17.86 16.62 8/2869 3377326"}
dbus-daemon[3372475]: [session uid=1000 pid=3372475 pidfd=5] Activating service name='org.freedesktop.systemd1' requested by ':1.4' (uid=1000 pid=3373468 comm="/usr/bin/dbus-broker-launch --config-file=/usr/sha")
dbus-daemon[3372475]: [session uid=1000 pid=3372475 pidfd=5] Activated service 'org.freedesktop.systemd1' failed: Process org.freedesktop.systemd1 exited with status 1
[2m2026-10-03T03:49:45.691070Z[0m [33m WARN[0m [2mcua_driver_sdk::runtime[0m[2m:[0m could not activate the persistent AT-SPI listener: AT-SPI connect failed: ZBus Error: MethodError(OwnedErrorName("org.freedesktop.DBus.Error.NameHasNoOwner"), Some("Could not activate remote peer 'org.a11y.atspi.Registry': unit failed"), Msg { type: Error, serial: 4294967295, sender: UniqueName("org.freedesktop.DBus"), reply-serial: 9, body: Str, fds: [] })
[2m2026-10-03T03:49:45.702274Z[0m [33m WARN[0m [2mplatform_linux::overlay[0m[2m:[0m X11 overlay: root reads cannot see this window's own pixels; save-unders will be served without readback confirmation
dbus-daemon[3372475]: [session uid=1000 pid=3372475 pidfd=5] Activating service name='org.freedesktop.systemd1' requested by ':1.4' (uid=1000 pid=3373468 comm="/usr/bin/dbus-broker-launch --config-file=/usr/sha")
dbus-daemon[3372475]: [session uid=1000 pid=3372475 pidfd=5] Activated service 'org.freedesktop.systemd1' failed: Process org.freedesktop.systemd1 exited with status 1
dbus-daemon[3372475]: [session uid=1000 pid=3372475 pidfd=5] Activating service name='org.freedesktop.systemd1' requested by ':1.4' (uid=1000 pid=3373468 comm="/usr/bin/dbus-broker-launch --config-file=/usr/sha")
dbus-daemon[3372475]: [session uid=1000 pid=3372475 pidfd=5] Activated service 'org.freedesktop.systemd1' failed: Process org.freedesktop.systemd1 exited with status 1
{"trial": "x01-P4-toggle-PREWARM", "outcome": "verified", "oracle_exact_match": true, "completion_mutations": 1, "routes": ["provider", "provider"], "loadavg_before": "16.70 17.86 16.62 6/2867 3378052"}
dbus-daemon[3372475]: [session uid=1000 pid=3372475 pidfd=5] Activating service name='org.freedesktop.systemd1' requested by ':1.4' (uid=1000 pid=3373468 comm="/usr/bin/dbus-broker-launch --config-file=/usr/sha")
dbus-daemon[3372475]: [session uid=1000 pid=3372475 pidfd=5] Activated service 'org.freedesktop.systemd1' failed: Process org.freedesktop.systemd1 exited with status 1
[2m2026-10-03T03:49:47.268078Z[0m [33m WARN[0m [2mcua_driver_sdk::runtime[0m[2m:[0m could not activate the persistent AT-SPI listener: AT-SPI connect failed: ZBus Error: MethodError(OwnedErrorName("org.freedesktop.DBus.Error.NameHasNoOwner"), Some("Could not activate remote peer 'org.a11y.atspi.Registry': unit failed"), Msg { type: Error, serial: 4294967295, sender: UniqueName("org.freedesktop.DBus"), reply-serial: 9, body: Str, fds: [] })
[2m2026-10-03T03:49:47.290316Z[0m [33m WARN[0m [2mplatform_linux::overlay[0m[2m:[0m X11 overlay: root reads cannot see this window's own pixels; save-unders will be served without readback confirmation
dbus-daemon[3372475]: [session uid=1000 pid=3372475 pidfd=5] Activating service name='org.freedesktop.systemd1' requested by ':1.4' (uid=1000 pid=3373468 comm="/usr/bin/dbus-broker-launch --config-file=/usr/sha")
dbus-daemon[3372475]: [session uid=1000 pid=3372475 pidfd=5] Activated service 'org.freedesktop.systemd1' failed: Process org.freedesktop.systemd1 exited with status 1
dbus-daemon[3372475]: [session uid=1000 pid=3372475 pidfd=5] Activating service name='org.freedesktop.systemd1' requested by ':1.4' (uid=1000 pid=3373468 comm="/usr/bin/dbus-broker-launch --config-file=/usr/sha")
dbus-daemon[3372475]: [session uid=1000 pid=3372475 pidfd=5] Activated service 'org.freedesktop.systemd1' failed: Process org.freedesktop.systemd1 exited with status 1
{"trial": "x01-P4-toggle-W80", "outcome": "verified", "oracle_exact_match": true, "completion_mutations": 1, "routes": ["provider", "provider"], "loadavg_before": "16.88 17.88 16.64 21/2913 3378627"}
dbus-daemon[3372475]: [session uid=1000 pid=3372475 pidfd=5] Activating service name='org.freedesktop.systemd1' requested by ':1.4' (uid=1000 pid=3373468 comm="/usr/bin/dbus-broker-launch --config-file=/usr/sha")
dbus-daemon[3372475]: [session uid=1000 pid=3372475 pidfd=5] Activated service 'org.freedesktop.systemd1' failed: Process org.freedesktop.systemd1 exited with status 1
[2m2026-10-03T03:49:50.067312Z[0m [33m WARN[0m [2mcua_driver_sdk::runtime[0m[2m:[0m could not activate the persistent AT-SPI listener: AT-SPI connect failed: ZBus Error: MethodError(OwnedErrorName("org.freedesktop.DBus.Error.NameHasNoOwner"), Some("Could not activate remote peer 'org.a11y.atspi.Registry': unit failed"), Msg { type: Error, serial: 4294967295, sender: UniqueName("org.freedesktop.DBus"), reply-serial: 9, body: Str, fds: [] })
[2m2026-10-03T03:49:50.077591Z[0m [33m WARN[0m [2mplatform_linux::overlay[0m[2m:[0m X11 overlay: root reads cannot see this window's own pixels; save-unders will be served without readback confirmation
dbus-daemon[3372475]: [session uid=1000 pid=3372475 pidfd=5] Activating service name='org.freedesktop.systemd1' requested by ':1.4' (uid=1000 pid=3373468 comm="/usr/bin/dbus-broker-launch --config-file=/usr/sha")
dbus-daemon[3372475]: [session uid=1000 pid=3372475 pidfd=5] Activated service 'org.freedesktop.systemd1' failed: Process org.freedesktop.systemd1 exited with status 1
dbus-daemon[3372475]: [session uid=1000 pid=3372475 pidfd=5] Activating service name='org.freedesktop.systemd1' requested by ':1.4' (uid=1000 pid=3373468 comm="/usr/bin/dbus-broker-launch --config-file=/usr/sha")
dbus-daemon[3372475]: [session uid=1000 pid=3372475 pidfd=5] Activated service 'org.freedesktop.systemd1' failed: Process org.freedesktop.systemd1 exited with status 1
{"trial": "x01-P4-fill-W80", "outcome": "verified", "oracle_exact_match": true, "completion_mutations": 1, "routes": ["compiled"], "loadavg_before": "16.88 17.88 16.64 16/2853 3379392"}
dbus-daemon[3372475]: [session uid=1000 pid=3372475 pidfd=5] Activating service name='org.freedesktop.systemd1' requested by ':1.4' (uid=1000 pid=3373468 comm="/usr/bin/dbus-broker-launch --config-file=/usr/sha")
dbus-daemon[3372475]: [session uid=1000 pid=3372475 pidfd=5] Activated service 'org.freedesktop.systemd1' failed: Process org.freedesktop.systemd1 exited with status 1
[2m2026-10-03T03:49:51.562389Z[0m [33m WARN[0m [2mcua_driver_sdk::runtime[0m[2m:[0m could not activate the persistent AT-SPI listener: AT-SPI connect failed: ZBus Error: MethodError(OwnedErrorName("org.freedesktop.DBus.Error.NameHasNoOwner"), Some("Could not activate remote peer 'org.a11y.atspi.Registry': unit failed"), Msg { type: Error, serial: 4294967295, sender: UniqueName("org.freedesktop.DBus"), reply-serial: 9, body: Str, fds: [] })
[2m2026-10-03T03:49:51.573904Z[0m [33m WARN[0m [2mplatform_linux::overlay[0m[2m:[0m X11 overlay: root reads cannot see this window's own pixels; save-unders will be served without readback confirmation
dbus-daemon[3372475]: [session uid=1000 pid=3372475 pidfd=5] Activating service name='org.freedesktop.systemd1' requested by ':1.4' (uid=1000 pid=3373468 comm="/usr/bin/dbus-broker-launch --config-file=/usr/sha")
dbus-daemon[3372475]: [session uid=1000 pid=3372475 pidfd=5] Activated service 'org.freedesktop.systemd1' failed: Process org.freedesktop.systemd1 exited with status 1
dbus-daemon[3372475]: [session uid=1000 pid=3372475 pidfd=5] Activating service name='org.freedesktop.systemd1' requested by ':1.4' (uid=1000 pid=3373468 comm="/usr/bin/dbus-broker-launch --config-file=/usr/sha")
dbus-daemon[3372475]: [session uid=1000 pid=3372475 pidfd=5] Activated service 'org.freedesktop.systemd1' failed: Process org.freedesktop.systemd1 exited with status 1
{"trial": "x01-P4-fill-PREWARM", "outcome": "verified", "oracle_exact_match": true, "completion_mutations": 1, "routes": ["compiled"], "loadavg_before": "16.88 17.88 16.64 13/2861 3379952"}
dbus-daemon[3372475]: [session uid=1000 pid=3372475 pidfd=5] Activating service name='org.freedesktop.systemd1' requested by ':1.4' (uid=1000 pid=3373468 comm="/usr/bin/dbus-broker-launch --config-file=/usr/sha")
dbus-daemon[3372475]: [session uid=1000 pid=3372475 pidfd=5] Activated service 'org.freedesktop.systemd1' failed: Process org.freedesktop.systemd1 exited with status 1
[2m2026-10-03T03:49:53.062159Z[0m [33m WARN[0m [2mcua_driver_sdk::runtime[0m[2m:[0m could not activate the persistent AT-SPI listener: AT-SPI connect failed: ZBus Error: MethodError(OwnedErrorName("org.freedesktop.DBus.Error.NameHasNoOwner"), Some("Could not activate remote peer 'org.a11y.atspi.Registry': unit failed"), Msg { type: Error, serial: 4294967295, sender: UniqueName("org.freedesktop.DBus"), reply-serial: 9, body: Str, fds: [] })
[2m2026-10-03T03:49:53.074502Z[0m [33m WARN[0m [2mplatform_linux::overlay[0m[2m:[0m X11 overlay: root reads cannot see this window's own pixels; save-unders will be served without readback confirmation
dbus-daemon[3372475]: [session uid=1000 pid=3372475 pidfd=5] Activating service name='org.freedesktop.systemd1' requested by ':1.4' (uid=1000 pid=3373468 comm="/usr/bin/dbus-broker-launch --config-file=/usr/sha")
dbus-daemon[3372475]: [session uid=1000 pid=3372475 pidfd=5] Activated service 'org.freedesktop.systemd1' failed: Process org.freedesktop.systemd1 exited with status 1
dbus-daemon[3372475]: [session uid=1000 pid=3372475 pidfd=5] Activating service name='org.freedesktop.systemd1' requested by ':1.4' (uid=1000 pid=3373468 comm="/usr/bin/dbus-broker-launch --config-file=/usr/sha")
dbus-daemon[3372475]: [session uid=1000 pid=3372475 pidfd=5] Activated service 'org.freedesktop.systemd1' failed: Process org.freedesktop.systemd1 exited with status 1
{"trial": "x01-P4-fill-W0", "outcome": "verified", "oracle_exact_match": true, "completion_mutations": 1, "routes": ["compiled"], "loadavg_before": "16.65 17.81 16.62 6/2847 3380480"}
dbus-daemon[3372475]: [session uid=1000 pid=3372475 pidfd=5] Activating service name='org.freedesktop.systemd1' requested by ':1.4' (uid=1000 pid=3373468 comm="/usr/bin/dbus-broker-launch --config-file=/usr/sha")
dbus-daemon[3372475]: [session uid=1000 pid=3372475 pidfd=5] Activated service 'org.freedesktop.systemd1' failed: Process org.freedesktop.systemd1 exited with status 1
[2m2026-10-03T03:49:54.562374Z[0m [33m WARN[0m [2mcua_driver_sdk::runtime[0m[2m:[0m could not activate the persistent AT-SPI listener: AT-SPI connect failed: ZBus Error: MethodError(OwnedErrorName("org.freedesktop.DBus.Error.NameHasNoOwner"), Some("Could not activate remote peer 'org.a11y.atspi.Registry': unit failed"), Msg { type: Error, serial: 4294967295, sender: UniqueName("org.freedesktop.DBus"), reply-serial: 9, body: Str, fds: [] })
[2m2026-10-03T03:49:54.575866Z[0m [33m WARN[0m [2mplatform_linux::overlay[0m[2m:[0m X11 overlay: root reads cannot see this window's own pixels; save-unders will be served without readback confirmation
dbus-daemon[3372475]: [session uid=1000 pid=3372475 pidfd=5] Activating service name='org.freedesktop.systemd1' requested by ':1.4' (uid=1000 pid=3373468 comm="/usr/bin/dbus-broker-launch --config-file=/usr/sha")
dbus-daemon[3372475]: [session uid=1000 pid=3372475 pidfd=5] Activated service 'org.freedesktop.systemd1' failed: Process org.freedesktop.systemd1 exited with status 1
dbus-daemon[3372475]: [session uid=1000 pid=3372475 pidfd=5] Activating service name='org.freedesktop.systemd1' requested by ':1.4' (uid=1000 pid=3373468 comm="/usr/bin/dbus-broker-launch --config-file=/usr/sha")
dbus-daemon[3372475]: [session uid=1000 pid=3372475 pidfd=5] Activated service 'org.freedesktop.systemd1' failed: Process org.freedesktop.systemd1 exited with status 1
{"trial": "x02-P4-fill-PREWARM", "outcome": "verified", "oracle_exact_match": true, "completion_mutations": 1, "routes": ["compiled"], "loadavg_before": "16.65 17.81 16.62 6/2878 3380876"}
dbus-daemon[3372475]: [session uid=1000 pid=3372475 pidfd=5] Activating service name='org.freedesktop.systemd1' requested by ':1.4' (uid=1000 pid=3373468 comm="/usr/bin/dbus-broker-launch --config-file=/usr/sha")
dbus-daemon[3372475]: [session uid=1000 pid=3372475 pidfd=5] Activated service 'org.freedesktop.systemd1' failed: Process org.freedesktop.systemd1 exited with status 1
[2m2026-10-03T03:49:56.063238Z[0m [33m WARN[0m [2mcua_driver_sdk::runtime[0m[2m:[0m could not activate the persistent AT-SPI listener: AT-SPI connect failed: ZBus Error: MethodError(OwnedErrorName("org.freedesktop.DBus.Error.NameHasNoOwner"), Some("Could not activate remote peer 'org.a11y.atspi.Registry': unit failed"), Msg { type: Error, serial: 4294967295, sender: UniqueName("org.freedesktop.DBus"), reply-serial: 9, body: Str, fds: [] })
[2m2026-10-03T03:49:56.074262Z[0m [33m WARN[0m [2mplatform_linux::overlay[0m[2m:[0m X11 overlay: root reads cannot see this window's own pixels; save-unders will be served without readback confirmation
dbus-daemon[3372475]: [session uid=1000 pid=3372475 pidfd=5] Activating service name='org.freedesktop.systemd1' requested by ':1.4' (uid=1000 pid=3373468 comm="/usr/bin/dbus-broker-launch --config-file=/usr/sha")
dbus-daemon[3372475]: [session uid=1000 pid=3372475 pidfd=5] Activated service 'org.freedesktop.systemd1' failed: Process org.freedesktop.systemd1 exited with status 1
dbus-daemon[3372475]: [session uid=1000 pid=3372475 pidfd=5] Activating service name='org.freedesktop.systemd1' requested by ':1.4' (uid=1000 pid=3373468 comm="/usr/bin/dbus-broker-launch --config-file=/usr/sha")
dbus-daemon[3372475]: [session uid=1000 pid=3372475 pidfd=5] Activated service 'org.freedesktop.systemd1' failed: Process org.freedesktop.systemd1 exited with status 1
{"trial": "x02-P4-fill-W0", "outcome": "verified", "oracle_exact_match": true, "completion_mutations": 1, "routes": ["compiled"], "loadavg_before": "16.65 17.81 16.62 6/2897 3381335"}
dbus-daemon[3372475]: [session uid=1000 pid=3372475 pidfd=5] Activating service name='org.freedesktop.systemd1' requested by ':1.4' (uid=1000 pid=3373468 comm="/usr/bin/dbus-broker-launch --config-file=/usr/sha")
dbus-daemon[3372475]: [session uid=1000 pid=3372475 pidfd=5] Activated service 'org.freedesktop.systemd1' failed: Process org.freedesktop.systemd1 exited with status 1
[2m2026-10-03T03:49:57.564180Z[0m [33m WARN[0m [2mcua_driver_sdk::runtime[0m[2m:[0m could not activate the persistent AT-SPI listener: AT-SPI connect failed: ZBus Error: MethodError(OwnedErrorName("org.freedesktop.DBus.Error.NameHasNoOwner"), Some("Could not activate remote peer 'org.a11y.atspi.Registry': unit failed"), Msg { type: Error, serial: 4294967295, sender: UniqueName("org.freedesktop.DBus"), reply-serial: 9, body: Str, fds: [] })
[2m2026-10-03T03:49:57.580356Z[0m [33m WARN[0m [2mplatform_linux::overlay[0m[2m:[0m X11 overlay: root reads cannot see this window's own pixels; save-unders will be served without readback confirmation
dbus-daemon[3372475]: [session uid=1000 pid=3372475 pidfd=5] Activating service name='org.freedesktop.systemd1' requested by ':1.4' (uid=1000 pid=3373468 comm="/usr/bin/dbus-broker-launch --config-file=/usr/sha")
dbus-daemon[3372475]: [session uid=1000 pid=3372475 pidfd=5] Activated service 'org.freedesktop.systemd1' failed: Process org.freedesktop.systemd1 exited with status 1
dbus-daemon[3372475]: [session uid=1000 pid=3372475 pidfd=5] Activating service name='org.freedesktop.systemd1' requested by ':1.4' (uid=1000 pid=3373468 comm="/usr/bin/dbus-broker-launch --config-file=/usr/sha")
dbus-daemon[3372475]: [session uid=1000 pid=3372475 pidfd=5] Activated service 'org.freedesktop.systemd1' failed: Process org.freedesktop.systemd1 exited with status 1
{"trial": "x02-P4-fill-W80", "outcome": "verified", "oracle_exact_match": true, "completion_mutations": 1, "routes": ["compiled"], "loadavg_before": "16.20 17.70 16.59 16/2875 3381956"}
dbus-daemon[3372475]: [session uid=1000 pid=3372475 pidfd=5] Activating service name='org.freedesktop.systemd1' requested by ':1.4' (uid=1000 pid=3373468 comm="/usr/bin/dbus-broker-launch --config-file=/usr/sha")
dbus-daemon[3372475]: [session uid=1000 pid=3372475 pidfd=5] Activated service 'org.freedesktop.systemd1' failed: Process org.freedesktop.systemd1 exited with status 1
[2m2026-10-03T03:49:59.576693Z[0m [33m WARN[0m [2mcua_driver_sdk::runtime[0m[2m:[0m could not activate the persistent AT-SPI listener: AT-SPI connect failed: ZBus Error: MethodError(OwnedErrorName("org.freedesktop.DBus.Error.NameHasNoOwner"), Some("Could not activate remote peer 'org.a11y.atspi.Registry': unit failed"), Msg { type: Error, serial: 4294967295, sender: UniqueName("org.freedesktop.DBus"), reply-serial: 9, body: Str, fds: [] })
[2m2026-10-03T03:49:59.587648Z[0m [33m WARN[0m [2mplatform_linux::overlay[0m[2m:[0m X11 overlay: root reads cannot see this window's own pixels; save-unders will be served without readback confirmation
dbus-daemon[3372475]: [session uid=1000 pid=3372475 pidfd=5] Activating service name='org.freedesktop.systemd1' requested by ':1.4' (uid=1000 pid=3373468 comm="/usr/bin/dbus-broker-launch --config-file=/usr/sha")
dbus-daemon[3372475]: [session uid=1000 pid=3372475 pidfd=5] Activated service 'org.freedesktop.systemd1' failed: Process org.freedesktop.systemd1 exited with status 1
dbus-daemon[3372475]: [session uid=1000 pid=3372475 pidfd=5] Activating service name='org.freedesktop.systemd1' requested by ':1.4' (uid=1000 pid=3373468 comm="/usr/bin/dbus-broker-launch --config-file=/usr/sha")
dbus-daemon[3372475]: [session uid=1000 pid=3372475 pidfd=5] Activated service 'org.freedesktop.systemd1' failed: Process org.freedesktop.systemd1 exited with status 1
{"trial": "x02-P4-toggle-W80", "outcome": "verified", "oracle_exact_match": true, "completion_mutations": 1, "routes": ["provider", "provider"], "loadavg_before": "16.20 17.70 16.59 5/2759 3382534"}
dbus-daemon[3372475]: [session uid=1000 pid=3372475 pidfd=5] Activating service name='org.freedesktop.systemd1' requested by ':1.4' (uid=1000 pid=3373468 comm="/usr/bin/dbus-broker-launch --config-file=/usr/sha")
dbus-daemon[3372475]: [session uid=1000 pid=3372475 pidfd=5] Activated service 'org.freedesktop.systemd1' failed: Process org.freedesktop.systemd1 exited with status 1
[2m2026-10-03T03:50:01.376677Z[0m [33m WARN[0m [2mcua_driver_sdk::runtime[0m[2m:[0m could not activate the persistent AT-SPI listener: AT-SPI connect failed: ZBus Error: MethodError(OwnedErrorName("org.freedesktop.DBus.Error.NameHasNoOwner"), Some("Could not activate remote peer 'org.a11y.atspi.Registry': unit failed"), Msg { type: Error, serial: 4294967295, sender: UniqueName("org.freedesktop.DBus"), reply-serial: 9, body: Str, fds: [] })
[2m2026-10-03T03:50:01.386348Z[0m [33m WARN[0m [2mplatform_linux::overlay[0m[2m:[0m X11 overlay: root reads cannot see this window's own pixels; save-unders will be served without readback confirmation
dbus-daemon[3372475]: [session uid=1000 pid=3372475 pidfd=5] Activating service name='org.freedesktop.systemd1' requested by ':1.4' (uid=1000 pid=3373468 comm="/usr/bin/dbus-broker-launch --config-file=/usr/sha")
dbus-daemon[3372475]: [session uid=1000 pid=3372475 pidfd=5] Activated service 'org.freedesktop.systemd1' failed: Process org.freedesktop.systemd1 exited with status 1
dbus-daemon[3372475]: [session uid=1000 pid=3372475 pidfd=5] Activating service name='org.freedesktop.systemd1' requested by ':1.4' (uid=1000 pid=3373468 comm="/usr/bin/dbus-broker-launch --config-file=/usr/sha")
dbus-daemon[3372475]: [session uid=1000 pid=3372475 pidfd=5] Activated service 'org.freedesktop.systemd1' failed: Process org.freedesktop.systemd1 exited with status 1
{"trial": "x02-P4-toggle-W0", "outcome": "verified", "oracle_exact_match": true, "completion_mutations": 1, "routes": ["provider", "provider"], "loadavg_before": "16.20 17.70 16.59 5/2764 3383053"}
dbus-daemon[3372475]: [session uid=1000 pid=3372475 pidfd=5] Activating service name='org.freedesktop.systemd1' requested by ':1.4' (uid=1000 pid=3373468 comm="/usr/bin/dbus-broker-launch --config-file=/usr/sha")
dbus-daemon[3372475]: [session uid=1000 pid=3372475 pidfd=5] Activated service 'org.freedesktop.systemd1' failed: Process org.freedesktop.systemd1 exited with status 1
[2m2026-10-03T03:50:02.533926Z[0m [33m WARN[0m [2mcua_driver_sdk::runtime[0m[2m:[0m could not activate the persistent AT-SPI listener: AT-SPI connect failed: ZBus Error: MethodError(OwnedErrorName("org.freedesktop.DBus.Error.NameHasNoOwner"), Some("Could not activate remote peer 'org.a11y.atspi.Registry': unit failed"), Msg { type: Error, serial: 4294967295, sender: UniqueName("org.freedesktop.DBus"), reply-serial: 9, body: Str, fds: [] })
[2m2026-10-03T03:50:02.543008Z[0m [33m WARN[0m [2mplatform_linux::overlay[0m[2m:[0m X11 overlay: root reads cannot see this window's own pixels; save-unders will be served without readback confirmation
dbus-daemon[3372475]: [session uid=1000 pid=3372475 pidfd=5] Activating service name='org.freedesktop.systemd1' requested by ':1.4' (uid=1000 pid=3373468 comm="/usr/bin/dbus-broker-launch --config-file=/usr/sha")
dbus-daemon[3372475]: [session uid=1000 pid=3372475 pidfd=5] Activated service 'org.freedesktop.systemd1' failed: Process org.freedesktop.systemd1 exited with status 1
dbus-daemon[3372475]: [session uid=1000 pid=3372475 pidfd=5] Activating service name='org.freedesktop.systemd1' requested by ':1.4' (uid=1000 pid=3373468 comm="/usr/bin/dbus-broker-launch --config-file=/usr/sha")
dbus-daemon[3372475]: [session uid=1000 pid=3372475 pidfd=5] Activated service 'org.freedesktop.systemd1' failed: Process org.freedesktop.systemd1 exited with status 1
{"trial": "x02-P4-toggle-PREWARM", "outcome": "verified", "oracle_exact_match": true, "completion_mutations": 1, "routes": ["provider", "provider"], "loadavg_before": "15.86 17.60 16.57 5/2762 3383378"}
dbus-daemon[3372475]: [session uid=1000 pid=3372475 pidfd=5] Activating service name='org.freedesktop.systemd1' requested by ':1.4' (uid=1000 pid=3373468 comm="/usr/bin/dbus-broker-launch --config-file=/usr/sha")
dbus-daemon[3372475]: [session uid=1000 pid=3372475 pidfd=5] Activated service 'org.freedesktop.systemd1' failed: Process org.freedesktop.systemd1 exited with status 1
[2m2026-10-03T03:50:04.269801Z[0m [33m WARN[0m [2mcua_driver_sdk::runtime[0m[2m:[0m could not activate the persistent AT-SPI listener: AT-SPI connect failed: ZBus Error: MethodError(OwnedErrorName("org.freedesktop.DBus.Error.NameHasNoOwner"), Some("Could not activate remote peer 'org.a11y.atspi.Registry': unit failed"), Msg { type: Error, serial: 4294967295, sender: UniqueName("org.freedesktop.DBus"), reply-serial: 9, body: Str, fds: [] })
[2m2026-10-03T03:50:04.282615Z[0m [33m WARN[0m [2mplatform_linux::overlay[0m[2m:[0m X11 overlay: root reads cannot see this window's own pixels; save-unders will be served without readback confirmation
dbus-daemon[3372475]: [session uid=1000 pid=3372475 pidfd=5] Activating service name='org.freedesktop.systemd1' requested by ':1.4' (uid=1000 pid=3373468 comm="/usr/bin/dbus-broker-launch --config-file=/usr/sha")
dbus-daemon[3372475]: [session uid=1000 pid=3372475 pidfd=5] Activated service 'org.freedesktop.systemd1' failed: Process org.freedesktop.systemd1 exited with status 1
dbus-daemon[3372475]: [session uid=1000 pid=3372475 pidfd=5] Activating service name='org.freedesktop.systemd1' requested by ':1.4' (uid=1000 pid=3373468 comm="/usr/bin/dbus-broker-launch --config-file=/usr/sha")
dbus-daemon[3372475]: [session uid=1000 pid=3372475 pidfd=5] Activated service 'org.freedesktop.systemd1' failed: Process org.freedesktop.systemd1 exited with status 1
{"trial": "x03-P4-toggle-W0", "outcome": "verified", "oracle_exact_match": true, "completion_mutations": 1, "routes": ["provider", "provider"], "loadavg_before": "15.86 17.60 16.57 7/2770 3383860"}
dbus-daemon[3372475]: [session uid=1000 pid=3372475 pidfd=5] Activating service name='org.freedesktop.systemd1' requested by ':1.4' (uid=1000 pid=3373468 comm="/usr/bin/dbus-broker-launch --config-file=/usr/sha")
dbus-daemon[3372475]: [session uid=1000 pid=3372475 pidfd=5] Activated service 'org.freedesktop.systemd1' failed: Process org.freedesktop.systemd1 exited with status 1
[2m2026-10-03T03:50:05.941932Z[0m [33m WARN[0m [2mcua_driver_sdk::runtime[0m[2m:[0m could not activate the persistent AT-SPI listener: AT-SPI connect failed: ZBus Error: MethodError(OwnedErrorName("org.freedesktop.DBus.Error.NameHasNoOwner"), Some("Could not activate remote peer 'org.a11y.atspi.Registry': unit failed"), Msg { type: Error, serial: 4294967295, sender: UniqueName("org.freedesktop.DBus"), reply-serial: 9, body: Str, fds: [] })
[2m2026-10-03T03:50:05.953612Z[0m [33m WARN[0m [2mplatform_linux::overlay[0m[2m:[0m X11 overlay: root reads cannot see this window's own pixels; save-unders will be served without readback confirmation
dbus-daemon[3372475]: [session uid=1000 pid=3372475 pidfd=5] Activating service name='org.freedesktop.systemd1' requested by ':1.4' (uid=1000 pid=3373468 comm="/usr/bin/dbus-broker-launch --config-file=/usr/sha")
dbus-daemon[3372475]: [session uid=1000 pid=3372475 pidfd=5] Activated service 'org.freedesktop.systemd1' failed: Process org.freedesktop.systemd1 exited with status 1
dbus-daemon[3372475]: [session uid=1000 pid=3372475 pidfd=5] Activating service name='org.freedesktop.systemd1' requested by ':1.4' (uid=1000 pid=3373468 comm="/usr/bin/dbus-broker-launch --config-file=/usr/sha")
dbus-daemon[3372475]: [session uid=1000 pid=3372475 pidfd=5] Activated service 'org.freedesktop.systemd1' failed: Process org.freedesktop.systemd1 exited with status 1
{"trial": "x03-P4-toggle-W80", "outcome": "verified", "oracle_exact_match": true, "completion_mutations": 1, "routes": ["provider", "provider"], "loadavg_before": "15.86 17.60 16.57 5/2781 3384396"}
dbus-daemon[3372475]: [session uid=1000 pid=3372475 pidfd=5] Activating service name='org.freedesktop.systemd1' requested by ':1.4' (uid=1000 pid=3373468 comm="/usr/bin/dbus-broker-launch --config-file=/usr/sha")
dbus-daemon[3372475]: [session uid=1000 pid=3372475 pidfd=5] Activated service 'org.freedesktop.systemd1' failed: Process org.freedesktop.systemd1 exited with status 1
[2m2026-10-03T03:50:07.795053Z[0m [33m WARN[0m [2mcua_driver_sdk::runtime[0m[2m:[0m could not activate the persistent AT-SPI listener: AT-SPI connect failed: ZBus Error: MethodError(OwnedErrorName("org.freedesktop.DBus.Error.NameHasNoOwner"), Some("Could not activate remote peer 'org.a11y.atspi.Registry': unit failed"), Msg { type: Error, serial: 4294967295, sender: UniqueName("org.freedesktop.DBus"), reply-serial: 9, body: Str, fds: [] })
[2m2026-10-03T03:50:07.807877Z[0m [33m WARN[0m [2mplatform_linux::overlay[0m[2m:[0m X11 overlay: root reads cannot see this window's own pixels; save-unders will be served without readback confirmation
dbus-daemon[3372475]: [session uid=1000 pid=3372475 pidfd=5] Activating service name='org.freedesktop.systemd1' requested by ':1.4' (uid=1000 pid=3373468 comm="/usr/bin/dbus-broker-launch --config-file=/usr/sha")
dbus-daemon[3372475]: [session uid=1000 pid=3372475 pidfd=5] Activated service 'org.freedesktop.systemd1' failed: Process org.freedesktop.systemd1 exited with status 1
dbus-daemon[3372475]: [session uid=1000 pid=3372475 pidfd=5] Activating service name='org.freedesktop.systemd1' requested by ':1.4' (uid=1000 pid=3373468 comm="/usr/bin/dbus-broker-launch --config-file=/usr/sha")
dbus-daemon[3372475]: [session uid=1000 pid=3372475 pidfd=5] Activated service 'org.freedesktop.systemd1' failed: Process org.freedesktop.systemd1 exited with status 1
{"trial": "x03-P4-toggle-PREWARM", "outcome": "verified", "oracle_exact_match": true, "completion_mutations": 1, "routes": ["provider", "provider"], "loadavg_before": "15.07 17.41 16.51 6/2799 3385086"}
dbus-daemon[3372475]: [session uid=1000 pid=3372475 pidfd=5] Activating service name='org.freedesktop.systemd1' requested by ':1.4' (uid=1000 pid=3373468 comm="/usr/bin/dbus-broker-launch --config-file=/usr/sha")
dbus-daemon[3372475]: [session uid=1000 pid=3372475 pidfd=5] Activated service 'org.freedesktop.systemd1' failed: Process org.freedesktop.systemd1 exited with status 1
[2m2026-10-03T03:50:09.574010Z[0m [33m WARN[0m [2mcua_driver_sdk::runtime[0m[2m:[0m could not activate the persistent AT-SPI listener: AT-SPI connect failed: ZBus Error: MethodError(OwnedErrorName("org.freedesktop.DBus.Error.NameHasNoOwner"), Some("Could not activate remote peer 'org.a11y.atspi.Registry': unit failed"), Msg { type: Error, serial: 4294967295, sender: UniqueName("org.freedesktop.DBus"), reply-serial: 9, body: Str, fds: [] })
[2m2026-10-03T03:50:09.587107Z[0m [33m WARN[0m [2mplatform_linux::overlay[0m[2m:[0m X11 overlay: root reads cannot see this window's own pixels; save-unders will be served without readback confirmation
dbus-daemon[3372475]: [session uid=1000 pid=3372475 pidfd=5] Activating service name='org.freedesktop.systemd1' requested by ':1.4' (uid=1000 pid=3373468 comm="/usr/bin/dbus-broker-launch --config-file=/usr/sha")
dbus-daemon[3372475]: [session uid=1000 pid=3372475 pidfd=5] Activated service 'org.freedesktop.systemd1' failed: Process org.freedesktop.systemd1 exited with status 1
dbus-daemon[3372475]: [session uid=1000 pid=3372475 pidfd=5] Activating service name='org.freedesktop.systemd1' requested by ':1.4' (uid=1000 pid=3373468 comm="/usr/bin/dbus-broker-launch --config-file=/usr/sha")
dbus-daemon[3372475]: [session uid=1000 pid=3372475 pidfd=5] Activated service 'org.freedesktop.systemd1' failed: Process org.freedesktop.systemd1 exited with status 1
{"trial": "x03-P4-fill-PREWARM", "outcome": "verified", "oracle_exact_match": true, "completion_mutations": 1, "routes": ["compiled"], "loadavg_before": "15.07 17.41 16.51 4/2823 3385507"}
dbus-daemon[3372475]: [session uid=1000 pid=3372475 pidfd=5] Activating service name='org.freedesktop.systemd1' requested by ':1.4' (uid=1000 pid=3373468 comm="/usr/bin/dbus-broker-launch --config-file=/usr/sha")
dbus-daemon[3372475]: [session uid=1000 pid=3372475 pidfd=5] Activated service 'org.freedesktop.systemd1' failed: Process org.freedesktop.systemd1 exited with status 1
[2m2026-10-03T03:50:11.076425Z[0m [33m WARN[0m [2mcua_driver_sdk::runtime[0m[2m:[0m could not activate the persistent AT-SPI listener: AT-SPI connect failed: ZBus Error: MethodError(OwnedErrorName("org.freedesktop.DBus.Error.NameHasNoOwner"), Some("Could not activate remote peer 'org.a11y.atspi.Registry': unit failed"), Msg { type: Error, serial: 4294967295, sender: UniqueName("org.freedesktop.DBus"), reply-serial: 9, body: Str, fds: [] })
[2m2026-10-03T03:50:11.089848Z[0m [33m WARN[0m [2mplatform_linux::overlay[0m[2m:[0m X11 overlay: root reads cannot see this window's own pixels; save-unders will be served without readback confirmation
dbus-daemon[3372475]: [session uid=1000 pid=3372475 pidfd=5] Activating service name='org.freedesktop.systemd1' requested by ':1.4' (uid=1000 pid=3373468 comm="/usr/bin/dbus-broker-launch --config-file=/usr/sha")
dbus-daemon[3372475]: [session uid=1000 pid=3372475 pidfd=5] Activated service 'org.freedesktop.systemd1' failed: Process org.freedesktop.systemd1 exited with status 1
dbus-daemon[3372475]: [session uid=1000 pid=3372475 pidfd=5] Activating service name='org.freedesktop.systemd1' requested by ':1.4' (uid=1000 pid=3373468 comm="/usr/bin/dbus-broker-launch --config-file=/usr/sha")
dbus-daemon[3372475]: [session uid=1000 pid=3372475 pidfd=5] Activated service 'org.freedesktop.systemd1' failed: Process org.freedesktop.systemd1 exited with status 1
{"trial": "x03-P4-fill-W80", "outcome": "verified", "oracle_exact_match": true, "completion_mutations": 1, "routes": ["compiled"], "loadavg_before": "15.07 17.41 16.51 7/2835 3385881"}
dbus-daemon[3372475]: [session uid=1000 pid=3372475 pidfd=5] Activating service name='org.freedesktop.systemd1' requested by ':1.4' (uid=1000 pid=3373468 comm="/usr/bin/dbus-broker-launch --config-file=/usr/sha")
dbus-daemon[3372475]: [session uid=1000 pid=3372475 pidfd=5] Activated service 'org.freedesktop.systemd1' failed: Process org.freedesktop.systemd1 exited with status 1
[2m2026-10-03T03:50:12.575174Z[0m [33m WARN[0m [2mcua_driver_sdk::runtime[0m[2m:[0m could not activate the persistent AT-SPI listener: AT-SPI connect failed: ZBus Error: MethodError(OwnedErrorName("org.freedesktop.DBus.Error.NameHasNoOwner"), Some("Could not activate remote peer 'org.a11y.atspi.Registry': unit failed"), Msg { type: Error, serial: 4294967295, sender: UniqueName("org.freedesktop.DBus"), reply-serial: 9, body: Str, fds: [] })
[2m2026-10-03T03:50:12.587756Z[0m [33m WARN[0m [2mplatform_linux::overlay[0m[2m:[0m X11 overlay: root reads cannot see this window's own pixels; save-unders will be served without readback confirmation
dbus-daemon[3372475]: [session uid=1000 pid=3372475 pidfd=5] Activating service name='org.freedesktop.systemd1' requested by ':1.4' (uid=1000 pid=3373468 comm="/usr/bin/dbus-broker-launch --config-file=/usr/sha")
dbus-daemon[3372475]: [session uid=1000 pid=3372475 pidfd=5] Activated service 'org.freedesktop.systemd1' failed: Process org.freedesktop.systemd1 exited with status 1
dbus-daemon[3372475]: [session uid=1000 pid=3372475 pidfd=5] Activating service name='org.freedesktop.systemd1' requested by ':1.4' (uid=1000 pid=3373468 comm="/usr/bin/dbus-broker-launch --config-file=/usr/sha")
dbus-daemon[3372475]: [session uid=1000 pid=3372475 pidfd=5] Activated service 'org.freedesktop.systemd1' failed: Process org.freedesktop.systemd1 exited with status 1
{"trial": "x03-P4-fill-W0", "outcome": "verified", "oracle_exact_match": true, "completion_mutations": 1, "routes": ["compiled"], "loadavg_before": "14.43 17.24 16.46 5/2853 3386405"}
dbus-daemon[3372475]: [session uid=1000 pid=3372475 pidfd=5] Activating service name='org.freedesktop.systemd1' requested by ':1.4' (uid=1000 pid=3373468 comm="/usr/bin/dbus-broker-launch --config-file=/usr/sha")
dbus-daemon[3372475]: [session uid=1000 pid=3372475 pidfd=5] Activated service 'org.freedesktop.systemd1' failed: Process org.freedesktop.systemd1 exited with status 1
[2m2026-10-03T03:50:14.079347Z[0m [33m WARN[0m [2mcua_driver_sdk::runtime[0m[2m:[0m could not activate the persistent AT-SPI listener: AT-SPI connect failed: ZBus Error: MethodError(OwnedErrorName("org.freedesktop.DBus.Error.NameHasNoOwner"), Some("Could not activate remote peer 'org.a11y.atspi.Registry': unit failed"), Msg { type: Error, serial: 4294967295, sender: UniqueName("org.freedesktop.DBus"), reply-serial: 9, body: Str, fds: [] })
[2m2026-10-03T03:50:14.094179Z[0m [33m WARN[0m [2mplatform_linux::overlay[0m[2m:[0m X11 overlay: root reads cannot see this window's own pixels; save-unders will be served without readback confirmation
dbus-daemon[3372475]: [session uid=1000 pid=3372475 pidfd=5] Activating service name='org.freedesktop.systemd1' requested by ':1.4' (uid=1000 pid=3373468 comm="/usr/bin/dbus-broker-launch --config-file=/usr/sha")
dbus-daemon[3372475]: [session uid=1000 pid=3372475 pidfd=5] Activated service 'org.freedesktop.systemd1' failed: Process org.freedesktop.systemd1 exited with status 1
dbus-daemon[3372475]: [session uid=1000 pid=3372475 pidfd=5] Activating service name='org.freedesktop.systemd1' requested by ':1.4' (uid=1000 pid=3373468 comm="/usr/bin/dbus-broker-launch --config-file=/usr/sha")
dbus-daemon[3372475]: [session uid=1000 pid=3372475 pidfd=5] Activated service 'org.freedesktop.systemd1' failed: Process org.freedesktop.systemd1 exited with status 1
{"trial": "x04-P4-fill-W0", "outcome": "verified", "oracle_exact_match": true, "completion_mutations": 1, "routes": ["compiled"], "loadavg_before": "14.43 17.24 16.46 5/2833 3386729"}
dbus-daemon[3372475]: [session uid=1000 pid=3372475 pidfd=5] Activating service name='org.freedesktop.systemd1' requested by ':1.4' (uid=1000 pid=3373468 comm="/usr/bin/dbus-broker-launch --config-file=/usr/sha")
dbus-daemon[3372475]: [session uid=1000 pid=3372475 pidfd=5] Activated service 'org.freedesktop.systemd1' failed: Process org.freedesktop.systemd1 exited with status 1
[2m2026-10-03T03:50:15.578027Z[0m [33m WARN[0m [2mcua_driver_sdk::runtime[0m[2m:[0m could not activate the persistent AT-SPI listener: AT-SPI connect failed: ZBus Error: MethodError(OwnedErrorName("org.freedesktop.DBus.Error.NameHasNoOwner"), Some("Could not activate remote peer 'org.a11y.atspi.Registry': unit failed"), Msg { type: Error, serial: 4294967295, sender: UniqueName("org.freedesktop.DBus"), reply-serial: 9, body: Str, fds: [] })
[2m2026-10-03T03:50:15.590999Z[0m [33m WARN[0m [2mplatform_linux::overlay[0m[2m:[0m X11 overlay: root reads cannot see this window's own pixels; save-unders will be served without readback confirmation
dbus-daemon[3372475]: [session uid=1000 pid=3372475 pidfd=5] Activating service name='org.freedesktop.systemd1' requested by ':1.4' (uid=1000 pid=3373468 comm="/usr/bin/dbus-broker-launch --config-file=/usr/sha")
dbus-daemon[3372475]: [session uid=1000 pid=3372475 pidfd=5] Activated service 'org.freedesktop.systemd1' failed: Process org.freedesktop.systemd1 exited with status 1
dbus-daemon[3372475]: [session uid=1000 pid=3372475 pidfd=5] Activating service name='org.freedesktop.systemd1' requested by ':1.4' (uid=1000 pid=3373468 comm="/usr/bin/dbus-broker-launch --config-file=/usr/sha")
dbus-daemon[3372475]: [session uid=1000 pid=3372475 pidfd=5] Activated service 'org.freedesktop.systemd1' failed: Process org.freedesktop.systemd1 exited with status 1
{"trial": "x04-P4-fill-PREWARM", "outcome": "verified", "oracle_exact_match": true, "completion_mutations": 1, "routes": ["compiled"], "loadavg_before": "14.43 17.24 16.46 9/2869 3387076"}
dbus-daemon[3372475]: [session uid=1000 pid=3372475 pidfd=5] Activating service name='org.freedesktop.systemd1' requested by ':1.4' (uid=1000 pid=3373468 comm="/usr/bin/dbus-broker-launch --config-file=/usr/sha")
dbus-daemon[3372475]: [session uid=1000 pid=3372475 pidfd=5] Activated service 'org.freedesktop.systemd1' failed: Process org.freedesktop.systemd1 exited with status 1
[2m2026-10-03T03:50:17.081495Z[0m [33m WARN[0m [2mcua_driver_sdk::runtime[0m[2m:[0m could not activate the persistent AT-SPI listener: AT-SPI connect failed: ZBus Error: MethodError(OwnedErrorName("org.freedesktop.DBus.Error.NameHasNoOwner"), Some("Could not activate remote peer 'org.a11y.atspi.Registry': unit failed"), Msg { type: Error, serial: 4294967295, sender: UniqueName("org.freedesktop.DBus"), reply-serial: 9, body: Str, fds: [] })
[2m2026-10-03T03:50:17.097697Z[0m [33m WARN[0m [2mplatform_linux::overlay[0m[2m:[0m X11 overlay: root reads cannot see this window's own pixels; save-unders will be served without readback confirmation
dbus-daemon[3372475]: [session uid=1000 pid=3372475 pidfd=5] Activating service name='org.freedesktop.systemd1' requested by ':1.4' (uid=1000 pid=3373468 comm="/usr/bin/dbus-broker-launch --config-file=/usr/sha")
dbus-daemon[3372475]: [session uid=1000 pid=3372475 pidfd=5] Activated service 'org.freedesktop.systemd1' failed: Process org.freedesktop.systemd1 exited with status 1
dbus-daemon[3372475]: [session uid=1000 pid=3372475 pidfd=5] Activating service name='org.freedesktop.systemd1' requested by ':1.4' (uid=1000 pid=3373468 comm="/usr/bin/dbus-broker-launch --config-file=/usr/sha")
dbus-daemon[3372475]: [session uid=1000 pid=3372475 pidfd=5] Activated service 'org.freedesktop.systemd1' failed: Process org.freedesktop.systemd1 exited with status 1
{"trial": "x04-P4-fill-W80", "outcome": "verified", "oracle_exact_match": true, "completion_mutations": 1, "routes": ["compiled"], "loadavg_before": "13.91 17.08 16.41 10/2872 3387426"}
dbus-daemon[3372475]: [session uid=1000 pid=3372475 pidfd=5] Activating service name='org.freedesktop.systemd1' requested by ':1.4' (uid=1000 pid=3373468 comm="/usr/bin/dbus-broker-launch --config-file=/usr/sha")
dbus-daemon[3372475]: [session uid=1000 pid=3372475 pidfd=5] Activated service 'org.freedesktop.systemd1' failed: Process org.freedesktop.systemd1 exited with status 1
[2m2026-10-03T03:50:18.578862Z[0m [33m WARN[0m [2mcua_driver_sdk::runtime[0m[2m:[0m could not activate the persistent AT-SPI listener: AT-SPI connect failed: ZBus Error: MethodError(OwnedErrorName("org.freedesktop.DBus.Error.NameHasNoOwner"), Some("Could not activate remote peer 'org.a11y.atspi.Registry': unit failed"), Msg { type: Error, serial: 4294967295, sender: UniqueName("org.freedesktop.DBus"), reply-serial: 9, body: Str, fds: [] })
[2m2026-10-03T03:50:18.592050Z[0m [33m WARN[0m [2mplatform_linux::overlay[0m[2m:[0m X11 overlay: root reads cannot see this window's own pixels; save-unders will be served without readback confirmation
dbus-daemon[3372475]: [session uid=1000 pid=3372475 pidfd=5] Activating service name='org.freedesktop.systemd1' requested by ':1.4' (uid=1000 pid=3373468 comm="/usr/bin/dbus-broker-launch --config-file=/usr/sha")
dbus-daemon[3372475]: [session uid=1000 pid=3372475 pidfd=5] Activated service 'org.freedesktop.systemd1' failed: Process org.freedesktop.systemd1 exited with status 1
dbus-daemon[3372475]: [session uid=1000 pid=3372475 pidfd=5] Activating service name='org.freedesktop.systemd1' requested by ':1.4' (uid=1000 pid=3373468 comm="/usr/bin/dbus-broker-launch --config-file=/usr/sha")
dbus-daemon[3372475]: [session uid=1000 pid=3372475 pidfd=5] Activated service 'org.freedesktop.systemd1' failed: Process org.freedesktop.systemd1 exited with status 1
{"trial": "x04-P4-toggle-W80", "outcome": "verified", "oracle_exact_match": true, "completion_mutations": 1, "routes": ["provider", "provider"], "loadavg_before": "13.91 17.08 16.41 8/3086 3388048"}
dbus-daemon[3372475]: [session uid=1000 pid=3372475 pidfd=5] Activating service name='org.freedesktop.systemd1' requested by ':1.4' (uid=1000 pid=3373468 comm="/usr/bin/dbus-broker-launch --config-file=/usr/sha")
dbus-daemon[3372475]: [session uid=1000 pid=3372475 pidfd=5] Activated service 'org.freedesktop.systemd1' failed: Process org.freedesktop.systemd1 exited with status 1
[2m2026-10-03T03:50:20.399391Z[0m [33m WARN[0m [2mcua_driver_sdk::runtime[0m[2m:[0m could not activate the persistent AT-SPI listener: AT-SPI connect failed: ZBus Error: MethodError(OwnedErrorName("org.freedesktop.DBus.Error.NameHasNoOwner"), Some("Could not activate remote peer 'org.a11y.atspi.Registry': unit failed"), Msg { type: Error, serial: 4294967295, sender: UniqueName("org.freedesktop.DBus"), reply-serial: 9, body: Str, fds: [] })
[2m2026-10-03T03:50:20.407812Z[0m [33m WARN[0m [2mplatform_linux::overlay[0m[2m:[0m X11 overlay: root reads cannot see this window's own pixels; save-unders will be served without readback confirmation
dbus-daemon[3372475]: [session uid=1000 pid=3372475 pidfd=5] Activating service name='org.freedesktop.systemd1' requested by ':1.4' (uid=1000 pid=3373468 comm="/usr/bin/dbus-broker-launch --config-file=/usr/sha")
dbus-daemon[3372475]: [session uid=1000 pid=3372475 pidfd=5] Activated service 'org.freedesktop.systemd1' failed: Process org.freedesktop.systemd1 exited with status 1
dbus-daemon[3372475]: [session uid=1000 pid=3372475 pidfd=5] Activating service name='org.freedesktop.systemd1' requested by ':1.4' (uid=1000 pid=3373468 comm="/usr/bin/dbus-broker-launch --config-file=/usr/sha")
dbus-daemon[3372475]: [session uid=1000 pid=3372475 pidfd=5] Activated service 'org.freedesktop.systemd1' failed: Process org.freedesktop.systemd1 exited with status 1
{"trial": "x04-P4-toggle-PREWARM", "outcome": "verified", "oracle_exact_match": true, "completion_mutations": 1, "routes": ["provider", "provider"], "loadavg_before": "13.91 17.08 16.41 7/3074 3388464"}
dbus-daemon[3372475]: [session uid=1000 pid=3372475 pidfd=5] Activating service name='org.freedesktop.systemd1' requested by ':1.4' (uid=1000 pid=3373468 comm="/usr/bin/dbus-broker-launch --config-file=/usr/sha")
dbus-daemon[3372475]: [session uid=1000 pid=3372475 pidfd=5] Activated service 'org.freedesktop.systemd1' failed: Process org.freedesktop.systemd1 exited with status 1
[2m2026-10-03T03:50:22.249909Z[0m [33m WARN[0m [2mcua_driver_sdk::runtime[0m[2m:[0m could not activate the persistent AT-SPI listener: AT-SPI connect failed: ZBus Error: MethodError(OwnedErrorName("org.freedesktop.DBus.Error.NameHasNoOwner"), Some("Could not activate remote peer 'org.a11y.atspi.Registry': unit failed"), Msg { type: Error, serial: 4294967295, sender: UniqueName("org.freedesktop.DBus"), reply-serial: 9, body: Str, fds: [] })
[2m2026-10-03T03:50:22.258364Z[0m [33m WARN[0m [2mplatform_linux::overlay[0m[2m:[0m X11 overlay: root reads cannot see this window's own pixels; save-unders will be served without readback confirmation
dbus-daemon[3372475]: [session uid=1000 pid=3372475 pidfd=5] Activating service name='org.freedesktop.systemd1' requested by ':1.4' (uid=1000 pid=3373468 comm="/usr/bin/dbus-broker-launch --config-file=/usr/sha")
dbus-daemon[3372475]: [session uid=1000 pid=3372475 pidfd=5] Activated service 'org.freedesktop.systemd1' failed: Process org.freedesktop.systemd1 exited with status 1
dbus-daemon[3372475]: [session uid=1000 pid=3372475 pidfd=5] Activating service name='org.freedesktop.systemd1' requested by ':1.4' (uid=1000 pid=3373468 comm="/usr/bin/dbus-broker-launch --config-file=/usr/sha")
dbus-daemon[3372475]: [session uid=1000 pid=3372475 pidfd=5] Activated service 'org.freedesktop.systemd1' failed: Process org.freedesktop.systemd1 exited with status 1
{"trial": "x04-P4-toggle-W0", "outcome": "verified", "oracle_exact_match": true, "completion_mutations": 1, "routes": ["provider", "provider"], "loadavg_before": "13.04 16.85 16.34 6/2970 3388981"}
dbus-daemon[3372475]: [session uid=1000 pid=3372475 pidfd=5] Activating service name='org.freedesktop.systemd1' requested by ':1.4' (uid=1000 pid=3373468 comm="/usr/bin/dbus-broker-launch --config-file=/usr/sha")
dbus-daemon[3372475]: [session uid=1000 pid=3372475 pidfd=5] Activated service 'org.freedesktop.systemd1' failed: Process org.freedesktop.systemd1 exited with status 1
[2m2026-10-03T03:50:23.943766Z[0m [33m WARN[0m [2mcua_driver_sdk::runtime[0m[2m:[0m could not activate the persistent AT-SPI listener: AT-SPI connect failed: ZBus Error: MethodError(OwnedErrorName("org.freedesktop.DBus.Error.NameHasNoOwner"), Some("Could not activate remote peer 'org.a11y.atspi.Registry': unit failed"), Msg { type: Error, serial: 4294967295, sender: UniqueName("org.freedesktop.DBus"), reply-serial: 9, body: Str, fds: [] })
[2m2026-10-03T03:50:23.955421Z[0m [33m WARN[0m [2mplatform_linux::overlay[0m[2m:[0m X11 overlay: root reads cannot see this window's own pixels; save-unders will be served without readback confirmation
dbus-daemon[3372475]: [session uid=1000 pid=3372475 pidfd=5] Activating service name='org.freedesktop.systemd1' requested by ':1.4' (uid=1000 pid=3373468 comm="/usr/bin/dbus-broker-launch --config-file=/usr/sha")
dbus-daemon[3372475]: [session uid=1000 pid=3372475 pidfd=5] Activated service 'org.freedesktop.systemd1' failed: Process org.freedesktop.systemd1 exited with status 1
dbus-daemon[3372475]: [session uid=1000 pid=3372475 pidfd=5] Activating service name='org.freedesktop.systemd1' requested by ':1.4' (uid=1000 pid=3373468 comm="/usr/bin/dbus-broker-launch --config-file=/usr/sha")
dbus-daemon[3372475]: [session uid=1000 pid=3372475 pidfd=5] Activated service 'org.freedesktop.systemd1' failed: Process org.freedesktop.systemd1 exited with status 1
{"trial": "x05-P4-toggle-PREWARM", "outcome": "verified", "oracle_exact_match": true, "completion_mutations": 1, "routes": ["provider", "provider"], "loadavg_before": "13.04 16.85 16.34 11/2979 3389345"}
dbus-daemon[3372475]: [session uid=1000 pid=3372475 pidfd=5] Activating service name='org.freedesktop.systemd1' requested by ':1.4' (uid=1000 pid=3373468 comm="/usr/bin/dbus-broker-launch --config-file=/usr/sha")
dbus-daemon[3372475]: [session uid=1000 pid=3372475 pidfd=5] Activated service 'org.freedesktop.systemd1' failed: Process org.freedesktop.systemd1 exited with status 1
[2m2026-10-03T03:50:25.877212Z[0m [33m WARN[0m [2mcua_driver_sdk::runtime[0m[2m:[0m could not activate the persistent AT-SPI listener: AT-SPI connect failed: ZBus Error: MethodError(OwnedErrorName("org.freedesktop.DBus.Error.NameHasNoOwner"), Some("Could not activate remote peer 'org.a11y.atspi.Registry': unit failed"), Msg { type: Error, serial: 4294967295, sender: UniqueName("org.freedesktop.DBus"), reply-serial: 9, body: Str, fds: [] })
[2m2026-10-03T03:50:25.892159Z[0m [33m WARN[0m [2mplatform_linux::overlay[0m[2m:[0m X11 overlay: root reads cannot see this window's own pixels; save-unders will be served without readback confirmation
dbus-daemon[3372475]: [session uid=1000 pid=3372475 pidfd=5] Activating service name='org.freedesktop.systemd1' requested by ':1.4' (uid=1000 pid=3373468 comm="/usr/bin/dbus-broker-launch --config-file=/usr/sha")
dbus-daemon[3372475]: [session uid=1000 pid=3372475 pidfd=5] Activated service 'org.freedesktop.systemd1' failed: Process org.freedesktop.systemd1 exited with status 1
dbus-daemon[3372475]: [session uid=1000 pid=3372475 pidfd=5] Activating service name='org.freedesktop.systemd1' requested by ':1.4' (uid=1000 pid=3373468 comm="/usr/bin/dbus-broker-launch --config-file=/usr/sha")
dbus-daemon[3372475]: [session uid=1000 pid=3372475 pidfd=5] Activated service 'org.freedesktop.systemd1' failed: Process org.freedesktop.systemd1 exited with status 1
{"trial": "x05-P4-toggle-W0", "outcome": "verified", "oracle_exact_match": true, "completion_mutations": 1, "routes": ["provider", "provider"], "loadavg_before": "13.04 16.85 16.34 7/2981 3389908"}
dbus-daemon[3372475]: [session uid=1000 pid=3372475 pidfd=5] Activating service name='org.freedesktop.systemd1' requested by ':1.4' (uid=1000 pid=3373468 comm="/usr/bin/dbus-broker-launch --config-file=/usr/sha")
dbus-daemon[3372475]: [session uid=1000 pid=3372475 pidfd=5] Activated service 'org.freedesktop.systemd1' failed: Process org.freedesktop.systemd1 exited with status 1
[2m2026-10-03T03:50:27.685531Z[0m [33m WARN[0m [2mcua_driver_sdk::runtime[0m[2m:[0m could not activate the persistent AT-SPI listener: AT-SPI connect failed: ZBus Error: MethodError(OwnedErrorName("org.freedesktop.DBus.Error.NameHasNoOwner"), Some("Could not activate remote peer 'org.a11y.atspi.Registry': unit failed"), Msg { type: Error, serial: 4294967295, sender: UniqueName("org.freedesktop.DBus"), reply-serial: 9, body: Str, fds: [] })
[2m2026-10-03T03:50:27.694908Z[0m [33m WARN[0m [2mplatform_linux::overlay[0m[2m:[0m X11 overlay: root reads cannot see this window's own pixels; save-unders will be served without readback confirmation
dbus-daemon[3372475]: [session uid=1000 pid=3372475 pidfd=5] Activating service name='org.freedesktop.systemd1' requested by ':1.4' (uid=1000 pid=3373468 comm="/usr/bin/dbus-broker-launch --config-file=/usr/sha")
dbus-daemon[3372475]: [session uid=1000 pid=3372475 pidfd=5] Activated service 'org.freedesktop.systemd1' failed: Process org.freedesktop.systemd1 exited with status 1
dbus-daemon[3372475]: [session uid=1000 pid=3372475 pidfd=5] Activating service name='org.freedesktop.systemd1' requested by ':1.4' (uid=1000 pid=3373468 comm="/usr/bin/dbus-broker-launch --config-file=/usr/sha")
dbus-daemon[3372475]: [session uid=1000 pid=3372475 pidfd=5] Activated service 'org.freedesktop.systemd1' failed: Process org.freedesktop.systemd1 exited with status 1
{"trial": "x05-P4-toggle-W80", "outcome": "verified", "oracle_exact_match": true, "completion_mutations": 1, "routes": ["provider", "provider"], "loadavg_before": "12.39 16.65 16.28 5/2975 3390350"}
dbus-daemon[3372475]: [session uid=1000 pid=3372475 pidfd=5] Activating service name='org.freedesktop.systemd1' requested by ':1.4' (uid=1000 pid=3373468 comm="/usr/bin/dbus-broker-launch --config-file=/usr/sha")
dbus-daemon[3372475]: [session uid=1000 pid=3372475 pidfd=5] Activated service 'org.freedesktop.systemd1' failed: Process org.freedesktop.systemd1 exited with status 1
[2m2026-10-03T03:50:29.631241Z[0m [33m WARN[0m [2mcua_driver_sdk::runtime[0m[2m:[0m could not activate the persistent AT-SPI listener: AT-SPI connect failed: ZBus Error: MethodError(OwnedErrorName("org.freedesktop.DBus.Error.NameHasNoOwner"), Some("Could not activate remote peer 'org.a11y.atspi.Registry': unit failed"), Msg { type: Error, serial: 4294967295, sender: UniqueName("org.freedesktop.DBus"), reply-serial: 9, body: Str, fds: [] })
[2m2026-10-03T03:50:29.640233Z[0m [33m WARN[0m [2mplatform_linux::overlay[0m[2m:[0m X11 overlay: root reads cannot see this window's own pixels; save-unders will be served without readback confirmation
dbus-daemon[3372475]: [session uid=1000 pid=3372475 pidfd=5] Activating service name='org.freedesktop.systemd1' requested by ':1.4' (uid=1000 pid=3373468 comm="/usr/bin/dbus-broker-launch --config-file=/usr/sha")
dbus-daemon[3372475]: [session uid=1000 pid=3372475 pidfd=5] Activated service 'org.freedesktop.systemd1' failed: Process org.freedesktop.systemd1 exited with status 1
dbus-daemon[3372475]: [session uid=1000 pid=3372475 pidfd=5] Activating service name='org.freedesktop.systemd1' requested by ':1.4' (uid=1000 pid=3373468 comm="/usr/bin/dbus-broker-launch --config-file=/usr/sha")
dbus-daemon[3372475]: [session uid=1000 pid=3372475 pidfd=5] Activated service 'org.freedesktop.systemd1' failed: Process org.freedesktop.systemd1 exited with status 1
{"trial": "x05-P4-fill-W80", "outcome": "verified", "oracle_exact_match": true, "completion_mutations": 1, "routes": ["compiled"], "loadavg_before": "12.39 16.65 16.28 5/2975 3390717"}
dbus-daemon[3372475]: [session uid=1000 pid=3372475 pidfd=5] Activating service name='org.freedesktop.systemd1' requested by ':1.4' (uid=1000 pid=3373468 comm="/usr/bin/dbus-broker-launch --config-file=/usr/sha")
dbus-daemon[3372475]: [session uid=1000 pid=3372475 pidfd=5] Activated service 'org.freedesktop.systemd1' failed: Process org.freedesktop.systemd1 exited with status 1
[2m2026-10-03T03:50:31.130166Z[0m [33m WARN[0m [2mcua_driver_sdk::runtime[0m[2m:[0m could not activate the persistent AT-SPI listener: AT-SPI connect failed: ZBus Error: MethodError(OwnedErrorName("org.freedesktop.DBus.Error.NameHasNoOwner"), Some("Could not activate remote peer 'org.a11y.atspi.Registry': unit failed"), Msg { type: Error, serial: 4294967295, sender: UniqueName("org.freedesktop.DBus"), reply-serial: 9, body: Str, fds: [] })
[2m2026-10-03T03:50:31.146545Z[0m [33m WARN[0m [2mplatform_linux::overlay[0m[2m:[0m X11 overlay: root reads cannot see this window's own pixels; save-unders will be served without readback confirmation
dbus-daemon[3372475]: [session uid=1000 pid=3372475 pidfd=5] Activating service name='org.freedesktop.systemd1' requested by ':1.4' (uid=1000 pid=3373468 comm="/usr/bin/dbus-broker-launch --config-file=/usr/sha")
dbus-daemon[3372475]: [session uid=1000 pid=3372475 pidfd=5] Activated service 'org.freedesktop.systemd1' failed: Process org.freedesktop.systemd1 exited with status 1
dbus-daemon[3372475]: [session uid=1000 pid=3372475 pidfd=5] Activating service name='org.freedesktop.systemd1' requested by ':1.4' (uid=1000 pid=3373468 comm="/usr/bin/dbus-broker-launch --config-file=/usr/sha")
dbus-daemon[3372475]: [session uid=1000 pid=3372475 pidfd=5] Activated service 'org.freedesktop.systemd1' failed: Process org.freedesktop.systemd1 exited with status 1
{"trial": "x05-P4-fill-W0", "outcome": "verified", "oracle_exact_match": true, "completion_mutations": 1, "routes": ["compiled"], "loadavg_before": "12.39 16.65 16.28 10/2976 3391091"}
dbus-daemon[3372475]: [session uid=1000 pid=3372475 pidfd=5] Activating service name='org.freedesktop.systemd1' requested by ':1.4' (uid=1000 pid=3373468 comm="/usr/bin/dbus-broker-launch --config-file=/usr/sha")
dbus-daemon[3372475]: [session uid=1000 pid=3372475 pidfd=5] Activated service 'org.freedesktop.systemd1' failed: Process org.freedesktop.systemd1 exited with status 1
[2m2026-10-03T03:50:32.628718Z[0m [33m WARN[0m [2mcua_driver_sdk::runtime[0m[2m:[0m could not activate the persistent AT-SPI listener: AT-SPI connect failed: ZBus Error: MethodError(OwnedErrorName("org.freedesktop.DBus.Error.NameHasNoOwner"), Some("Could not activate remote peer 'org.a11y.atspi.Registry': unit failed"), Msg { type: Error, serial: 4294967295, sender: UniqueName("org.freedesktop.DBus"), reply-serial: 9, body: Str, fds: [] })
[2m2026-10-03T03:50:32.639440Z[0m [33m WARN[0m [2mplatform_linux::overlay[0m[2m:[0m X11 overlay: root reads cannot see this window's own pixels; save-unders will be served without readback confirmation
dbus-daemon[3372475]: [session uid=1000 pid=3372475 pidfd=5] Activating service name='org.freedesktop.systemd1' requested by ':1.4' (uid=1000 pid=3373468 comm="/usr/bin/dbus-broker-launch --config-file=/usr/sha")
dbus-daemon[3372475]: [session uid=1000 pid=3372475 pidfd=5] Activated service 'org.freedesktop.systemd1' failed: Process org.freedesktop.systemd1 exited with status 1
dbus-daemon[3372475]: [session uid=1000 pid=3372475 pidfd=5] Activating service name='org.freedesktop.systemd1' requested by ':1.4' (uid=1000 pid=3373468 comm="/usr/bin/dbus-broker-launch --config-file=/usr/sha")
dbus-daemon[3372475]: [session uid=1000 pid=3372475 pidfd=5] Activated service 'org.freedesktop.systemd1' failed: Process org.freedesktop.systemd1 exited with status 1
{"trial": "x05-P4-fill-PREWARM", "outcome": "verified", "oracle_exact_match": true, "completion_mutations": 1, "routes": ["compiled"], "loadavg_before": "12.52 16.61 16.27 6/2993 3391405"}
dbus-daemon[3372475]: [session uid=1000 pid=3372475 pidfd=5] Activating service name='org.freedesktop.systemd1' requested by ':1.4' (uid=1000 pid=3373468 comm="/usr/bin/dbus-broker-launch --config-file=/usr/sha")
dbus-daemon[3372475]: [session uid=1000 pid=3372475 pidfd=5] Activated service 'org.freedesktop.systemd1' failed: Process org.freedesktop.systemd1 exited with status 1
[2m2026-10-03T03:50:34.633411Z[0m [33m WARN[0m [2mcua_driver_sdk::runtime[0m[2m:[0m could not activate the persistent AT-SPI listener: AT-SPI connect failed: ZBus Error: MethodError(OwnedErrorName("org.freedesktop.DBus.Error.NameHasNoOwner"), Some("Could not activate remote peer 'org.a11y.atspi.Registry': unit failed"), Msg { type: Error, serial: 4294967295, sender: UniqueName("org.freedesktop.DBus"), reply-serial: 9, body: Str, fds: [] })
[2m2026-10-03T03:50:34.651307Z[0m [33m WARN[0m [2mplatform_linux::overlay[0m[2m:[0m X11 overlay: root reads cannot see this window's own pixels; save-unders will be served without readback confirmation
dbus-daemon[3372475]: [session uid=1000 pid=3372475 pidfd=5] Activating service name='org.freedesktop.systemd1' requested by ':1.4' (uid=1000 pid=3373468 comm="/usr/bin/dbus-broker-launch --config-file=/usr/sha")
dbus-daemon[3372475]: [session uid=1000 pid=3372475 pidfd=5] Activated service 'org.freedesktop.systemd1' failed: Process org.freedesktop.systemd1 exited with status 1
dbus-daemon[3372475]: [session uid=1000 pid=3372475 pidfd=5] Activating service name='org.freedesktop.systemd1' requested by ':1.4' (uid=1000 pid=3373468 comm="/usr/bin/dbus-broker-launch --config-file=/usr/sha")
dbus-daemon[3372475]: [session uid=1000 pid=3372475 pidfd=5] Activated service 'org.freedesktop.systemd1' failed: Process org.freedesktop.systemd1 exited with status 1
{"trial": "x06-P4-fill-W0", "outcome": "verified", "oracle_exact_match": true, "completion_mutations": 1, "routes": ["compiled"], "loadavg_before": "12.52 16.61 16.27 7/2981 3391864"}
dbus-daemon[3372475]: [session uid=1000 pid=3372475 pidfd=5] Activating service name='org.freedesktop.systemd1' requested by ':1.4' (uid=1000 pid=3373468 comm="/usr/bin/dbus-broker-launch --config-file=/usr/sha")
dbus-daemon[3372475]: [session uid=1000 pid=3372475 pidfd=5] Activated service 'org.freedesktop.systemd1' failed: Process org.freedesktop.systemd1 exited with status 1
[2m2026-10-03T03:50:36.636675Z[0m [33m WARN[0m [2mcua_driver_sdk::runtime[0m[2m:[0m could not activate the persistent AT-SPI listener: AT-SPI connect failed: ZBus Error: MethodError(OwnedErrorName("org.freedesktop.DBus.Error.NameHasNoOwner"), Some("Could not activate remote peer 'org.a11y.atspi.Registry': unit failed"), Msg { type: Error, serial: 4294967295, sender: UniqueName("org.freedesktop.DBus"), reply-serial: 9, body: Str, fds: [] })
[2m2026-10-03T03:50:36.655087Z[0m [33m WARN[0m [2mplatform_linux::overlay[0m[2m:[0m X11 overlay: root reads cannot see this window's own pixels; save-unders will be served without readback confirmation
dbus-daemon[3372475]: [session uid=1000 pid=3372475 pidfd=5] Activating service name='org.freedesktop.systemd1' requested by ':1.4' (uid=1000 pid=3373468 comm="/usr/bin/dbus-broker-launch --config-file=/usr/sha")
dbus-daemon[3372475]: [session uid=1000 pid=3372475 pidfd=5] Activated service 'org.freedesktop.systemd1' failed: Process org.freedesktop.systemd1 exited with status 1
dbus-daemon[3372475]: [session uid=1000 pid=3372475 pidfd=5] Activating service name='org.freedesktop.systemd1' requested by ':1.4' (uid=1000 pid=3373468 comm="/usr/bin/dbus-broker-launch --config-file=/usr/sha")
dbus-daemon[3372475]: [session uid=1000 pid=3372475 pidfd=5] Activated service 'org.freedesktop.systemd1' failed: Process org.freedesktop.systemd1 exited with status 1
{"trial": "x06-P4-fill-W80", "outcome": "verified", "oracle_exact_match": true, "completion_mutations": 1, "routes": ["compiled"], "loadavg_before": "12.52 16.61 16.27 12/3009 3392384"}
dbus-daemon[3372475]: [session uid=1000 pid=3372475 pidfd=5] Activating service name='org.freedesktop.systemd1' requested by ':1.4' (uid=1000 pid=3373468 comm="/usr/bin/dbus-broker-launch --config-file=/usr/sha")
dbus-daemon[3372475]: [session uid=1000 pid=3372475 pidfd=5] Activated service 'org.freedesktop.systemd1' failed: Process org.freedesktop.systemd1 exited with status 1
[2m2026-10-03T03:50:38.636570Z[0m [33m WARN[0m [2mcua_driver_sdk::runtime[0m[2m:[0m could not activate the persistent AT-SPI listener: AT-SPI connect failed: ZBus Error: MethodError(OwnedErrorName("org.freedesktop.DBus.Error.NameHasNoOwner"), Some("Could not activate remote peer 'org.a11y.atspi.Registry': unit failed"), Msg { type: Error, serial: 4294967295, sender: UniqueName("org.freedesktop.DBus"), reply-serial: 9, body: Str, fds: [] })
[2m2026-10-03T03:50:38.652245Z[0m [33m WARN[0m [2mplatform_linux::overlay[0m[2m:[0m X11 overlay: root reads cannot see this window's own pixels; save-unders will be served without readback confirmation
dbus-daemon[3372475]: [session uid=1000 pid=3372475 pidfd=5] Activating service name='org.freedesktop.systemd1' requested by ':1.4' (uid=1000 pid=3373468 comm="/usr/bin/dbus-broker-launch --config-file=/usr/sha")
dbus-daemon[3372475]: [session uid=1000 pid=3372475 pidfd=5] Activated service 'org.freedesktop.systemd1' failed: Process org.freedesktop.systemd1 exited with status 1
dbus-daemon[3372475]: [session uid=1000 pid=3372475 pidfd=5] Activating service name='org.freedesktop.systemd1' requested by ':1.4' (uid=1000 pid=3373468 comm="/usr/bin/dbus-broker-launch --config-file=/usr/sha")
dbus-daemon[3372475]: [session uid=1000 pid=3372475 pidfd=5] Activated service 'org.freedesktop.systemd1' failed: Process org.freedesktop.systemd1 exited with status 1
{"trial": "x06-P4-fill-PREWARM", "outcome": "verified", "oracle_exact_match": true, "completion_mutations": 1, "routes": ["compiled"], "loadavg_before": "12.24 16.48 16.23 12/2991 3392770"}
dbus-daemon[3372475]: [session uid=1000 pid=3372475 pidfd=5] Activating service name='org.freedesktop.systemd1' requested by ':1.4' (uid=1000 pid=3373468 comm="/usr/bin/dbus-broker-launch --config-file=/usr/sha")
dbus-daemon[3372475]: [session uid=1000 pid=3372475 pidfd=5] Activated service 'org.freedesktop.systemd1' failed: Process org.freedesktop.systemd1 exited with status 1
[2m2026-10-03T03:50:40.635908Z[0m [33m WARN[0m [2mcua_driver_sdk::runtime[0m[2m:[0m could not activate the persistent AT-SPI listener: AT-SPI connect failed: ZBus Error: MethodError(OwnedErrorName("org.freedesktop.DBus.Error.NameHasNoOwner"), Some("Could not activate remote peer 'org.a11y.atspi.Registry': unit failed"), Msg { type: Error, serial: 4294967295, sender: UniqueName("org.freedesktop.DBus"), reply-serial: 9, body: Str, fds: [] })
[2m2026-10-03T03:50:40.651275Z[0m [33m WARN[0m [2mplatform_linux::overlay[0m[2m:[0m X11 overlay: root reads cannot see this window's own pixels; save-unders will be served without readback confirmation
dbus-daemon[3372475]: [session uid=1000 pid=3372475 pidfd=5] Activating service name='org.freedesktop.systemd1' requested by ':1.4' (uid=1000 pid=3373468 comm="/usr/bin/dbus-broker-launch --config-file=/usr/sha")
dbus-daemon[3372475]: [session uid=1000 pid=3372475 pidfd=5] Activated service 'org.freedesktop.systemd1' failed: Process org.freedesktop.systemd1 exited with status 1
dbus-daemon[3372475]: [session uid=1000 pid=3372475 pidfd=5] Activating service name='org.freedesktop.systemd1' requested by ':1.4' (uid=1000 pid=3373468 comm="/usr/bin/dbus-broker-launch --config-file=/usr/sha")
dbus-daemon[3372475]: [session uid=1000 pid=3372475 pidfd=5] Activated service 'org.freedesktop.systemd1' failed: Process org.freedesktop.systemd1 exited with status 1
{"trial": "x06-P4-toggle-PREWARM", "outcome": "verified", "oracle_exact_match": true, "completion_mutations": 1, "routes": ["provider", "provider"], "loadavg_before": "12.24 16.48 16.23 6/3042 3393356"}
dbus-daemon[3372475]: [session uid=1000 pid=3372475 pidfd=5] Activating service name='org.freedesktop.systemd1' requested by ':1.4' (uid=1000 pid=3373468 comm="/usr/bin/dbus-broker-launch --config-file=/usr/sha")
dbus-daemon[3372475]: [session uid=1000 pid=3372475 pidfd=5] Activated service 'org.freedesktop.systemd1' failed: Process org.freedesktop.systemd1 exited with status 1
[2m2026-10-03T03:50:42.202588Z[0m [33m WARN[0m [2mcua_driver_sdk::runtime[0m[2m:[0m could not activate the persistent AT-SPI listener: AT-SPI connect failed: ZBus Error: MethodError(OwnedErrorName("org.freedesktop.DBus.Error.NameHasNoOwner"), Some("Could not activate remote peer 'org.a11y.atspi.Registry': unit failed"), Msg { type: Error, serial: 4294967295, sender: UniqueName("org.freedesktop.DBus"), reply-serial: 9, body: Str, fds: [] })
[2m2026-10-03T03:50:42.222256Z[0m [33m WARN[0m [2mplatform_linux::overlay[0m[2m:[0m X11 overlay: root reads cannot see this window's own pixels; save-unders will be served without readback confirmation
dbus-daemon[3372475]: [session uid=1000 pid=3372475 pidfd=5] Activating service name='org.freedesktop.systemd1' requested by ':1.4' (uid=1000 pid=3373468 comm="/usr/bin/dbus-broker-launch --config-file=/usr/sha")
dbus-daemon[3372475]: [session uid=1000 pid=3372475 pidfd=5] Activated service 'org.freedesktop.systemd1' failed: Process org.freedesktop.systemd1 exited with status 1
dbus-daemon[3372475]: [session uid=1000 pid=3372475 pidfd=5] Activating service name='org.freedesktop.systemd1' requested by ':1.4' (uid=1000 pid=3373468 comm="/usr/bin/dbus-broker-launch --config-file=/usr/sha")
dbus-daemon[3372475]: [session uid=1000 pid=3372475 pidfd=5] Activated service 'org.freedesktop.systemd1' failed: Process org.freedesktop.systemd1 exited with status 1
{"trial": "x06-P4-toggle-W80", "outcome": "verified", "oracle_exact_match": true, "completion_mutations": 1, "routes": ["provider", "provider"], "loadavg_before": "11.98 16.36 16.19 13/3046 3393685"}
dbus-daemon[3372475]: [session uid=1000 pid=3372475 pidfd=5] Activating service name='org.freedesktop.systemd1' requested by ':1.4' (uid=1000 pid=3373468 comm="/usr/bin/dbus-broker-launch --config-file=/usr/sha")
dbus-daemon[3372475]: [session uid=1000 pid=3372475 pidfd=5] Activated service 'org.freedesktop.systemd1' failed: Process org.freedesktop.systemd1 exited with status 1
[2m2026-10-03T03:50:43.747164Z[0m [33m WARN[0m [2mcua_driver_sdk::runtime[0m[2m:[0m could not activate the persistent AT-SPI listener: AT-SPI connect failed: ZBus Error: MethodError(OwnedErrorName("org.freedesktop.DBus.Error.NameHasNoOwner"), Some("Could not activate remote peer 'org.a11y.atspi.Registry': unit failed"), Msg { type: Error, serial: 4294967295, sender: UniqueName("org.freedesktop.DBus"), reply-serial: 9, body: Str, fds: [] })
[2m2026-10-03T03:50:43.767332Z[0m [33m WARN[0m [2mplatform_linux::overlay[0m[2m:[0m X11 overlay: root reads cannot see this window's own pixels; save-unders will be served without readback confirmation
dbus-daemon[3372475]: [session uid=1000 pid=3372475 pidfd=5] Activating service name='org.freedesktop.systemd1' requested by ':1.4' (uid=1000 pid=3373468 comm="/usr/bin/dbus-broker-launch --config-file=/usr/sha")
dbus-daemon[3372475]: [session uid=1000 pid=3372475 pidfd=5] Activated service 'org.freedesktop.systemd1' failed: Process org.freedesktop.systemd1 exited with status 1
dbus-daemon[3372475]: [session uid=1000 pid=3372475 pidfd=5] Activating service name='org.freedesktop.systemd1' requested by ':1.4' (uid=1000 pid=3373468 comm="/usr/bin/dbus-broker-launch --config-file=/usr/sha")
dbus-daemon[3372475]: [session uid=1000 pid=3372475 pidfd=5] Activated service 'org.freedesktop.systemd1' failed: Process org.freedesktop.systemd1 exited with status 1
{"trial": "x06-P4-toggle-W0", "outcome": "verified", "oracle_exact_match": true, "completion_mutations": 1, "routes": ["provider", "provider"], "loadavg_before": "11.98 16.36 16.19 9/3045 3394077"}
dbus-daemon[3372475]: [session uid=1000 pid=3372475 pidfd=5] Activating service name='org.freedesktop.systemd1' requested by ':1.4' (uid=1000 pid=3373468 comm="/usr/bin/dbus-broker-launch --config-file=/usr/sha")
dbus-daemon[3372475]: [session uid=1000 pid=3372475 pidfd=5] Activated service 'org.freedesktop.systemd1' failed: Process org.freedesktop.systemd1 exited with status 1
[2m2026-10-03T03:50:45.315859Z[0m [33m WARN[0m [2mcua_driver_sdk::runtime[0m[2m:[0m could not activate the persistent AT-SPI listener: AT-SPI connect failed: ZBus Error: MethodError(OwnedErrorName("org.freedesktop.DBus.Error.NameHasNoOwner"), Some("Could not activate remote peer 'org.a11y.atspi.Registry': unit failed"), Msg { type: Error, serial: 4294967295, sender: UniqueName("org.freedesktop.DBus"), reply-serial: 9, body: Str, fds: [] })
[2m2026-10-03T03:50:45.329053Z[0m [33m WARN[0m [2mplatform_linux::overlay[0m[2m:[0m X11 overlay: root reads cannot see this window's own pixels; save-unders will be served without readback confirmation
dbus-daemon[3372475]: [session uid=1000 pid=3372475 pidfd=5] Activating service name='org.freedesktop.systemd1' requested by ':1.4' (uid=1000 pid=3373468 comm="/usr/bin/dbus-broker-launch --config-file=/usr/sha")
dbus-daemon[3372475]: [session uid=1000 pid=3372475 pidfd=5] Activated service 'org.freedesktop.systemd1' failed: Process org.freedesktop.systemd1 exited with status 1
dbus-daemon[3372475]: [session uid=1000 pid=3372475 pidfd=5] Activating service name='org.freedesktop.systemd1' requested by ':1.4' (uid=1000 pid=3373468 comm="/usr/bin/dbus-broker-launch --config-file=/usr/sha")
dbus-daemon[3372475]: [session uid=1000 pid=3372475 pidfd=5] Activated service 'org.freedesktop.systemd1' failed: Process org.freedesktop.systemd1 exited with status 1
{"trial": "x07-P4-toggle-W0", "outcome": "verified", "oracle_exact_match": true, "completion_mutations": 1, "routes": ["provider", "provider"], "loadavg_before": "11.98 16.36 16.19 7/3050 3394398"}
dbus-daemon[3372475]: [session uid=1000 pid=3372475 pidfd=5] Activating service name='org.freedesktop.systemd1' requested by ':1.4' (uid=1000 pid=3373468 comm="/usr/bin/dbus-broker-launch --config-file=/usr/sha")
dbus-daemon[3372475]: [session uid=1000 pid=3372475 pidfd=5] Activated service 'org.freedesktop.systemd1' failed: Process org.freedesktop.systemd1 exited with status 1
[2m2026-10-03T03:50:47.306633Z[0m [33m WARN[0m [2mcua_driver_sdk::runtime[0m[2m:[0m could not activate the persistent AT-SPI listener: AT-SPI connect failed: ZBus Error: MethodError(OwnedErrorName("org.freedesktop.DBus.Error.NameHasNoOwner"), Some("Could not activate remote peer 'org.a11y.atspi.Registry': unit failed"), Msg { type: Error, serial: 4294967295, sender: UniqueName("org.freedesktop.DBus"), reply-serial: 9, body: Str, fds: [] })
[2m2026-10-03T03:50:47.325591Z[0m [33m WARN[0m [2mplatform_linux::overlay[0m[2m:[0m X11 overlay: root reads cannot see this window's own pixels; save-unders will be served without readback confirmation
dbus-daemon[3372475]: [session uid=1000 pid=3372475 pidfd=5] Activating service name='org.freedesktop.systemd1' requested by ':1.4' (uid=1000 pid=3373468 comm="/usr/bin/dbus-broker-launch --config-file=/usr/sha")
dbus-daemon[3372475]: [session uid=1000 pid=3372475 pidfd=5] Activated service 'org.freedesktop.systemd1' failed: Process org.freedesktop.systemd1 exited with status 1
dbus-daemon[3372475]: [session uid=1000 pid=3372475 pidfd=5] Activating service name='org.freedesktop.systemd1' requested by ':1.4' (uid=1000 pid=3373468 comm="/usr/bin/dbus-broker-launch --config-file=/usr/sha")
dbus-daemon[3372475]: [session uid=1000 pid=3372475 pidfd=5] Activated service 'org.freedesktop.systemd1' failed: Process org.freedesktop.systemd1 exited with status 1
{"trial": "x07-P4-toggle-PREWARM", "outcome": "verified", "oracle_exact_match": true, "completion_mutations": 1, "routes": ["provider", "provider"], "loadavg_before": "11.58 16.20 16.14 7/2984 3394700"}
dbus-daemon[3372475]: [session uid=1000 pid=3372475 pidfd=5] Activating service name='org.freedesktop.systemd1' requested by ':1.4' (uid=1000 pid=3373468 comm="/usr/bin/dbus-broker-launch --config-file=/usr/sha")
dbus-daemon[3372475]: [session uid=1000 pid=3372475 pidfd=5] Activated service 'org.freedesktop.systemd1' failed: Process org.freedesktop.systemd1 exited with status 1
[2m2026-10-03T03:50:49.283212Z[0m [33m WARN[0m [2mcua_driver_sdk::runtime[0m[2m:[0m could not activate the persistent AT-SPI listener: AT-SPI connect failed: ZBus Error: MethodError(OwnedErrorName("org.freedesktop.DBus.Error.NameHasNoOwner"), Some("Could not activate remote peer 'org.a11y.atspi.Registry': unit failed"), Msg { type: Error, serial: 4294967295, sender: UniqueName("org.freedesktop.DBus"), reply-serial: 9, body: Str, fds: [] })
[2m2026-10-03T03:50:49.301856Z[0m [33m WARN[0m [2mplatform_linux::overlay[0m[2m:[0m X11 overlay: root reads cannot see this window's own pixels; save-unders will be served without readback confirmation
dbus-daemon[3372475]: [session uid=1000 pid=3372475 pidfd=5] Activating service name='org.freedesktop.systemd1' requested by ':1.4' (uid=1000 pid=3373468 comm="/usr/bin/dbus-broker-launch --config-file=/usr/sha")
dbus-daemon[3372475]: [session uid=1000 pid=3372475 pidfd=5] Activated service 'org.freedesktop.systemd1' failed: Process org.freedesktop.systemd1 exited with status 1
dbus-daemon[3372475]: [session uid=1000 pid=3372475 pidfd=5] Activating service name='org.freedesktop.systemd1' requested by ':1.4' (uid=1000 pid=3373468 comm="/usr/bin/dbus-broker-launch --config-file=/usr/sha")
dbus-daemon[3372475]: [session uid=1000 pid=3372475 pidfd=5] Activated service 'org.freedesktop.systemd1' failed: Process org.freedesktop.systemd1 exited with status 1
{"trial": "x07-P4-toggle-W80", "outcome": "verified", "oracle_exact_match": true, "completion_mutations": 1, "routes": ["provider", "provider"], "loadavg_before": "11.58 16.20 16.14 9/2787 3395083"}
dbus-daemon[3372475]: [session uid=1000 pid=3372475 pidfd=5] Activating service name='org.freedesktop.systemd1' requested by ':1.4' (uid=1000 pid=3373468 comm="/usr/bin/dbus-broker-launch --config-file=/usr/sha")
dbus-daemon[3372475]: [session uid=1000 pid=3372475 pidfd=5] Activated service 'org.freedesktop.systemd1' failed: Process org.freedesktop.systemd1 exited with status 1
[2m2026-10-03T03:50:51.260518Z[0m [33m WARN[0m [2mcua_driver_sdk::runtime[0m[2m:[0m could not activate the persistent AT-SPI listener: AT-SPI connect failed: ZBus Error: MethodError(OwnedErrorName("org.freedesktop.DBus.Error.NameHasNoOwner"), Some("Could not activate remote peer 'org.a11y.atspi.Registry': unit failed"), Msg { type: Error, serial: 4294967295, sender: UniqueName("org.freedesktop.DBus"), reply-serial: 9, body: Str, fds: [] })
[2m2026-10-03T03:50:51.271714Z[0m [33m WARN[0m [2mplatform_linux::overlay[0m[2m:[0m X11 overlay: root reads cannot see this window's own pixels; save-unders will be served without readback confirmation
dbus-daemon[3372475]: [session uid=1000 pid=3372475 pidfd=5] Activating service name='org.freedesktop.systemd1' requested by ':1.4' (uid=1000 pid=3373468 comm="/usr/bin/dbus-broker-launch --config-file=/usr/sha")
dbus-daemon[3372475]: [session uid=1000 pid=3372475 pidfd=5] Activated service 'org.freedesktop.systemd1' failed: Process org.freedesktop.systemd1 exited with status 1
dbus-daemon[3372475]: [session uid=1000 pid=3372475 pidfd=5] Activating service name='org.freedesktop.systemd1' requested by ':1.4' (uid=1000 pid=3373468 comm="/usr/bin/dbus-broker-launch --config-file=/usr/sha")
dbus-daemon[3372475]: [session uid=1000 pid=3372475 pidfd=5] Activated service 'org.freedesktop.systemd1' failed: Process org.freedesktop.systemd1 exited with status 1
{"trial": "x07-P4-fill-W80", "outcome": "verified", "oracle_exact_match": true, "completion_mutations": 1, "routes": ["compiled"], "loadavg_before": "11.58 16.20 16.14 6/2795 3395469"}
dbus-daemon[3372475]: [session uid=1000 pid=3372475 pidfd=5] Activating service name='org.freedesktop.systemd1' requested by ':1.4' (uid=1000 pid=3373468 comm="/usr/bin/dbus-broker-launch --config-file=/usr/sha")
dbus-daemon[3372475]: [session uid=1000 pid=3372475 pidfd=5] Activated service 'org.freedesktop.systemd1' failed: Process org.freedesktop.systemd1 exited with status 1
[2m2026-10-03T03:50:52.766701Z[0m [33m WARN[0m [2mcua_driver_sdk::runtime[0m[2m:[0m could not activate the persistent AT-SPI listener: AT-SPI connect failed: ZBus Error: MethodError(OwnedErrorName("org.freedesktop.DBus.Error.NameHasNoOwner"), Some("Could not activate remote peer 'org.a11y.atspi.Registry': unit failed"), Msg { type: Error, serial: 4294967295, sender: UniqueName("org.freedesktop.DBus"), reply-serial: 9, body: Str, fds: [] })
[2m2026-10-03T03:50:52.788730Z[0m [33m WARN[0m [2mplatform_linux::overlay[0m[2m:[0m X11 overlay: root reads cannot see this window's own pixels; save-unders will be served without readback confirmation
dbus-daemon[3372475]: [session uid=1000 pid=3372475 pidfd=5] Activating service name='org.freedesktop.systemd1' requested by ':1.4' (uid=1000 pid=3373468 comm="/usr/bin/dbus-broker-launch --config-file=/usr/sha")
dbus-daemon[3372475]: [session uid=1000 pid=3372475 pidfd=5] Activated service 'org.freedesktop.systemd1' failed: Process org.freedesktop.systemd1 exited with status 1
dbus-daemon[3372475]: [session uid=1000 pid=3372475 pidfd=5] Activating service name='org.freedesktop.systemd1' requested by ':1.4' (uid=1000 pid=3373468 comm="/usr/bin/dbus-broker-launch --config-file=/usr/sha")
dbus-daemon[3372475]: [session uid=1000 pid=3372475 pidfd=5] Activated service 'org.freedesktop.systemd1' failed: Process org.freedesktop.systemd1 exited with status 1
{"trial": "x07-P4-fill-PREWARM", "outcome": "verified", "oracle_exact_match": true, "completion_mutations": 1, "routes": ["compiled"], "loadavg_before": "12.10 16.23 16.15 8/2804 3395878"}
dbus-daemon[3372475]: [session uid=1000 pid=3372475 pidfd=5] Activating service name='org.freedesktop.systemd1' requested by ':1.4' (uid=1000 pid=3373468 comm="/usr/bin/dbus-broker-launch --config-file=/usr/sha")
dbus-daemon[3372475]: [session uid=1000 pid=3372475 pidfd=5] Activated service 'org.freedesktop.systemd1' failed: Process org.freedesktop.systemd1 exited with status 1
[2m2026-10-03T03:50:54.264555Z[0m [33m WARN[0m [2mcua_driver_sdk::runtime[0m[2m:[0m could not activate the persistent AT-SPI listener: AT-SPI connect failed: ZBus Error: MethodError(OwnedErrorName("org.freedesktop.DBus.Error.NameHasNoOwner"), Some("Could not activate remote peer 'org.a11y.atspi.Registry': unit failed"), Msg { type: Error, serial: 4294967295, sender: UniqueName("org.freedesktop.DBus"), reply-serial: 9, body: Str, fds: [] })
[2m2026-10-03T03:50:54.281923Z[0m [33m WARN[0m [2mplatform_linux::overlay[0m[2m:[0m X11 overlay: root reads cannot see this window's own pixels; save-unders will be served without readback confirmation
dbus-daemon[3372475]: [session uid=1000 pid=3372475 pidfd=5] Activating service name='org.freedesktop.systemd1' requested by ':1.4' (uid=1000 pid=3373468 comm="/usr/bin/dbus-broker-launch --config-file=/usr/sha")
dbus-daemon[3372475]: [session uid=1000 pid=3372475 pidfd=5] Activated service 'org.freedesktop.systemd1' failed: Process org.freedesktop.systemd1 exited with status 1
dbus-daemon[3372475]: [session uid=1000 pid=3372475 pidfd=5] Activating service name='org.freedesktop.systemd1' requested by ':1.4' (uid=1000 pid=3373468 comm="/usr/bin/dbus-broker-launch --config-file=/usr/sha")
dbus-daemon[3372475]: [session uid=1000 pid=3372475 pidfd=5] Activated service 'org.freedesktop.systemd1' failed: Process org.freedesktop.systemd1 exited with status 1
{"trial": "x07-P4-fill-W0", "outcome": "verified", "oracle_exact_match": true, "completion_mutations": 1, "routes": ["compiled"], "loadavg_before": "12.10 16.23 16.15 10/2794 3396261"}
dbus-daemon[3372475]: [session uid=1000 pid=3372475 pidfd=5] Activating service name='org.freedesktop.systemd1' requested by ':1.4' (uid=1000 pid=3373468 comm="/usr/bin/dbus-broker-launch --config-file=/usr/sha")
dbus-daemon[3372475]: [session uid=1000 pid=3372475 pidfd=5] Activated service 'org.freedesktop.systemd1' failed: Process org.freedesktop.systemd1 exited with status 1
[2m2026-10-03T03:50:55.766246Z[0m [33m WARN[0m [2mcua_driver_sdk::runtime[0m[2m:[0m could not activate the persistent AT-SPI listener: AT-SPI connect failed: ZBus Error: MethodError(OwnedErrorName("org.freedesktop.DBus.Error.NameHasNoOwner"), Some("Could not activate remote peer 'org.a11y.atspi.Registry': unit failed"), Msg { type: Error, serial: 4294967295, sender: UniqueName("org.freedesktop.DBus"), reply-serial: 9, body: Str, fds: [] })
[2m2026-10-03T03:50:55.781073Z[0m [33m WARN[0m [2mplatform_linux::overlay[0m[2m:[0m X11 overlay: root reads cannot see this window's own pixels; save-unders will be served without readback confirmation
dbus-daemon[3372475]: [session uid=1000 pid=3372475 pidfd=5] Activating service name='org.freedesktop.systemd1' requested by ':1.4' (uid=1000 pid=3373468 comm="/usr/bin/dbus-broker-launch --config-file=/usr/sha")
dbus-daemon[3372475]: [session uid=1000 pid=3372475 pidfd=5] Activated service 'org.freedesktop.systemd1' failed: Process org.freedesktop.systemd1 exited with status 1
dbus-daemon[3372475]: [session uid=1000 pid=3372475 pidfd=5] Activating service name='org.freedesktop.systemd1' requested by ':1.4' (uid=1000 pid=3373468 comm="/usr/bin/dbus-broker-launch --config-file=/usr/sha")
dbus-daemon[3372475]: [session uid=1000 pid=3372475 pidfd=5] Activated service 'org.freedesktop.systemd1' failed: Process org.freedesktop.systemd1 exited with status 1
{"trial": "x08-P4-fill-PREWARM", "outcome": "verified", "oracle_exact_match": true, "completion_mutations": 1, "routes": ["compiled"], "loadavg_before": "12.10 16.23 16.15 10/2789 3396710"}
dbus-daemon[3372475]: [session uid=1000 pid=3372475 pidfd=5] Activating service name='org.freedesktop.systemd1' requested by ':1.4' (uid=1000 pid=3373468 comm="/usr/bin/dbus-broker-launch --config-file=/usr/sha")
dbus-daemon[3372475]: [session uid=1000 pid=3372475 pidfd=5] Activated service 'org.freedesktop.systemd1' failed: Process org.freedesktop.systemd1 exited with status 1
[2m2026-10-03T03:50:57.767946Z[0m [33m WARN[0m [2mcua_driver_sdk::runtime[0m[2m:[0m could not activate the persistent AT-SPI listener: AT-SPI connect failed: ZBus Error: MethodError(OwnedErrorName("org.freedesktop.DBus.Error.NameHasNoOwner"), Some("Could not activate remote peer 'org.a11y.atspi.Registry': unit failed"), Msg { type: Error, serial: 4294967295, sender: UniqueName("org.freedesktop.DBus"), reply-serial: 9, body: Str, fds: [] })
[2m2026-10-03T03:50:57.785055Z[0m [33m WARN[0m [2mplatform_linux::overlay[0m[2m:[0m X11 overlay: root reads cannot see this window's own pixels; save-unders will be served without readback confirmation
dbus-daemon[3372475]: [session uid=1000 pid=3372475 pidfd=5] Activating service name='org.freedesktop.systemd1' requested by ':1.4' (uid=1000 pid=3373468 comm="/usr/bin/dbus-broker-launch --config-file=/usr/sha")
dbus-daemon[3372475]: [session uid=1000 pid=3372475 pidfd=5] Activated service 'org.freedesktop.systemd1' failed: Process org.freedesktop.systemd1 exited with status 1
dbus-daemon[3372475]: [session uid=1000 pid=3372475 pidfd=5] Activating service name='org.freedesktop.systemd1' requested by ':1.4' (uid=1000 pid=3373468 comm="/usr/bin/dbus-broker-launch --config-file=/usr/sha")
dbus-daemon[3372475]: [session uid=1000 pid=3372475 pidfd=5] Activated service 'org.freedesktop.systemd1' failed: Process org.freedesktop.systemd1 exited with status 1
{"trial": "x08-P4-fill-W0", "outcome": "verified", "oracle_exact_match": true, "completion_mutations": 1, "routes": ["compiled"], "loadavg_before": "11.61 16.06 16.09 10/2792 3397100"}
dbus-daemon[3372475]: [session uid=1000 pid=3372475 pidfd=5] Activating service name='org.freedesktop.systemd1' requested by ':1.4' (uid=1000 pid=3373468 comm="/usr/bin/dbus-broker-launch --config-file=/usr/sha")
dbus-daemon[3372475]: [session uid=1000 pid=3372475 pidfd=5] Activated service 'org.freedesktop.systemd1' failed: Process org.freedesktop.systemd1 exited with status 1
[2m2026-10-03T03:50:59.272009Z[0m [33m WARN[0m [2mcua_driver_sdk::runtime[0m[2m:[0m could not activate the persistent AT-SPI listener: AT-SPI connect failed: ZBus Error: MethodError(OwnedErrorName("org.freedesktop.DBus.Error.NameHasNoOwner"), Some("Could not activate remote peer 'org.a11y.atspi.Registry': unit failed"), Msg { type: Error, serial: 4294967295, sender: UniqueName("org.freedesktop.DBus"), reply-serial: 9, body: Str, fds: [] })
[2m2026-10-03T03:50:59.286382Z[0m [33m WARN[0m [2mplatform_linux::overlay[0m[2m:[0m X11 overlay: root reads cannot see this window's own pixels; save-unders will be served without readback confirmation
dbus-daemon[3372475]: [session uid=1000 pid=3372475 pidfd=5] Activating service name='org.freedesktop.systemd1' requested by ':1.4' (uid=1000 pid=3373468 comm="/usr/bin/dbus-broker-launch --config-file=/usr/sha")
dbus-daemon[3372475]: [session uid=1000 pid=3372475 pidfd=5] Activated service 'org.freedesktop.systemd1' failed: Process org.freedesktop.systemd1 exited with status 1
dbus-daemon[3372475]: [session uid=1000 pid=3372475 pidfd=5] Activating service name='org.freedesktop.systemd1' requested by ':1.4' (uid=1000 pid=3373468 comm="/usr/bin/dbus-broker-launch --config-file=/usr/sha")
dbus-daemon[3372475]: [session uid=1000 pid=3372475 pidfd=5] Activated service 'org.freedesktop.systemd1' failed: Process org.freedesktop.systemd1 exited with status 1
{"trial": "x08-P4-fill-W80", "outcome": "verified", "oracle_exact_match": true, "completion_mutations": 1, "routes": ["compiled"], "loadavg_before": "11.61 16.06 16.09 7/2787 3397459"}
dbus-daemon[3372475]: [session uid=1000 pid=3372475 pidfd=5] Activating service name='org.freedesktop.systemd1' requested by ':1.4' (uid=1000 pid=3373468 comm="/usr/bin/dbus-broker-launch --config-file=/usr/sha")
dbus-daemon[3372475]: [session uid=1000 pid=3372475 pidfd=5] Activated service 'org.freedesktop.systemd1' failed: Process org.freedesktop.systemd1 exited with status 1
[2m2026-10-03T03:51:00.770453Z[0m [33m WARN[0m [2mcua_driver_sdk::runtime[0m[2m:[0m could not activate the persistent AT-SPI listener: AT-SPI connect failed: ZBus Error: MethodError(OwnedErrorName("org.freedesktop.DBus.Error.NameHasNoOwner"), Some("Could not activate remote peer 'org.a11y.atspi.Registry': unit failed"), Msg { type: Error, serial: 4294967295, sender: UniqueName("org.freedesktop.DBus"), reply-serial: 9, body: Str, fds: [] })
[2m2026-10-03T03:51:00.791875Z[0m [33m WARN[0m [2mplatform_linux::overlay[0m[2m:[0m X11 overlay: root reads cannot see this window's own pixels; save-unders will be served without readback confirmation
dbus-daemon[3372475]: [session uid=1000 pid=3372475 pidfd=5] Activating service name='org.freedesktop.systemd1' requested by ':1.4' (uid=1000 pid=3373468 comm="/usr/bin/dbus-broker-launch --config-file=/usr/sha")
dbus-daemon[3372475]: [session uid=1000 pid=3372475 pidfd=5] Activated service 'org.freedesktop.systemd1' failed: Process org.freedesktop.systemd1 exited with status 1
dbus-daemon[3372475]: [session uid=1000 pid=3372475 pidfd=5] Activating service name='org.freedesktop.systemd1' requested by ':1.4' (uid=1000 pid=3373468 comm="/usr/bin/dbus-broker-launch --config-file=/usr/sha")
dbus-daemon[3372475]: [session uid=1000 pid=3372475 pidfd=5] Activated service 'org.freedesktop.systemd1' failed: Process org.freedesktop.systemd1 exited with status 1
{"trial": "x08-P4-toggle-W80", "outcome": "verified", "oracle_exact_match": true, "completion_mutations": 1, "routes": ["provider", "provider"], "loadavg_before": "11.61 16.06 16.09 10/2791 3397772"}
dbus-daemon[3372475]: [session uid=1000 pid=3372475 pidfd=5] Activating service name='org.freedesktop.systemd1' requested by ':1.4' (uid=1000 pid=3373468 comm="/usr/bin/dbus-broker-launch --config-file=/usr/sha")
dbus-daemon[3372475]: [session uid=1000 pid=3372475 pidfd=5] Activated service 'org.freedesktop.systemd1' failed: Process org.freedesktop.systemd1 exited with status 1
[2m2026-10-03T03:51:02.715144Z[0m [33m WARN[0m [2mcua_driver_sdk::runtime[0m[2m:[0m could not activate the persistent AT-SPI listener: AT-SPI connect failed: ZBus Error: MethodError(OwnedErrorName("org.freedesktop.DBus.Error.NameHasNoOwner"), Some("Could not activate remote peer 'org.a11y.atspi.Registry': unit failed"), Msg { type: Error, serial: 4294967295, sender: UniqueName("org.freedesktop.DBus"), reply-serial: 9, body: Str, fds: [] })
[2m2026-10-03T03:51:02.732462Z[0m [33m WARN[0m [2mplatform_linux::overlay[0m[2m:[0m X11 overlay: root reads cannot see this window's own pixels; save-unders will be served without readback confirmation
dbus-daemon[3372475]: [session uid=1000 pid=3372475 pidfd=5] Activating service name='org.freedesktop.systemd1' requested by ':1.4' (uid=1000 pid=3373468 comm="/usr/bin/dbus-broker-launch --config-file=/usr/sha")
dbus-daemon[3372475]: [session uid=1000 pid=3372475 pidfd=5] Activated service 'org.freedesktop.systemd1' failed: Process org.freedesktop.systemd1 exited with status 1
dbus-daemon[3372475]: [session uid=1000 pid=3372475 pidfd=5] Activating service name='org.freedesktop.systemd1' requested by ':1.4' (uid=1000 pid=3373468 comm="/usr/bin/dbus-broker-launch --config-file=/usr/sha")
dbus-daemon[3372475]: [session uid=1000 pid=3372475 pidfd=5] Activated service 'org.freedesktop.systemd1' failed: Process org.freedesktop.systemd1 exited with status 1
{"trial": "x08-P4-toggle-W0", "outcome": "verified", "oracle_exact_match": true, "completion_mutations": 1, "routes": ["provider", "provider"], "loadavg_before": "11.16 15.90 16.04 12/2812 3398225"}
dbus-daemon[3372475]: [session uid=1000 pid=3372475 pidfd=5] Activating service name='org.freedesktop.systemd1' requested by ':1.4' (uid=1000 pid=3373468 comm="/usr/bin/dbus-broker-launch --config-file=/usr/sha")
dbus-daemon[3372475]: [session uid=1000 pid=3372475 pidfd=5] Activated service 'org.freedesktop.systemd1' failed: Process org.freedesktop.systemd1 exited with status 1
[2m2026-10-03T03:51:04.282362Z[0m [33m WARN[0m [2mcua_driver_sdk::runtime[0m[2m:[0m could not activate the persistent AT-SPI listener: AT-SPI connect failed: ZBus Error: MethodError(OwnedErrorName("org.freedesktop.DBus.Error.NameHasNoOwner"), Some("Could not activate remote peer 'org.a11y.atspi.Registry': unit failed"), Msg { type: Error, serial: 4294967295, sender: UniqueName("org.freedesktop.DBus"), reply-serial: 9, body: Str, fds: [] })
[2m2026-10-03T03:51:04.301150Z[0m [33m WARN[0m [2mplatform_linux::overlay[0m[2m:[0m X11 overlay: root reads cannot see this window's own pixels; save-unders will be served without readback confirmation
dbus-daemon[3372475]: [session uid=1000 pid=3372475 pidfd=5] Activating service name='org.freedesktop.systemd1' requested by ':1.4' (uid=1000 pid=3373468 comm="/usr/bin/dbus-broker-launch --config-file=/usr/sha")
dbus-daemon[3372475]: [session uid=1000 pid=3372475 pidfd=5] Activated service 'org.freedesktop.systemd1' failed: Process org.freedesktop.systemd1 exited with status 1
dbus-daemon[3372475]: [session uid=1000 pid=3372475 pidfd=5] Activating service name='org.freedesktop.systemd1' requested by ':1.4' (uid=1000 pid=3373468 comm="/usr/bin/dbus-broker-launch --config-file=/usr/sha")
dbus-daemon[3372475]: [session uid=1000 pid=3372475 pidfd=5] Activated service 'org.freedesktop.systemd1' failed: Process org.freedesktop.systemd1 exited with status 1
{"trial": "x08-P4-toggle-PREWARM", "outcome": "verified", "oracle_exact_match": true, "completion_mutations": 1, "routes": ["provider", "provider"], "loadavg_before": "11.16 15.90 16.04 14/2838 3398662"}
dbus-daemon[3372475]: [session uid=1000 pid=3372475 pidfd=5] Activating service name='org.freedesktop.systemd1' requested by ':1.4' (uid=1000 pid=3373468 comm="/usr/bin/dbus-broker-launch --config-file=/usr/sha")
dbus-daemon[3372475]: [session uid=1000 pid=3372475 pidfd=5] Activated service 'org.freedesktop.systemd1' failed: Process org.freedesktop.systemd1 exited with status 1
[2m2026-10-03T03:51:05.807618Z[0m [33m WARN[0m [2mcua_driver_sdk::runtime[0m[2m:[0m could not activate the persistent AT-SPI listener: AT-SPI connect failed: ZBus Error: MethodError(OwnedErrorName("org.freedesktop.DBus.Error.NameHasNoOwner"), Some("Could not activate remote peer 'org.a11y.atspi.Registry': unit failed"), Msg { type: Error, serial: 4294967295, sender: UniqueName("org.freedesktop.DBus"), reply-serial: 9, body: Str, fds: [] })
[2m2026-10-03T03:51:05.824387Z[0m [33m WARN[0m [2mplatform_linux::overlay[0m[2m:[0m X11 overlay: root reads cannot see this window's own pixels; save-unders will be served without readback confirmation
dbus-daemon[3372475]: [session uid=1000 pid=3372475 pidfd=5] Activating service name='org.freedesktop.systemd1' requested by ':1.4' (uid=1000 pid=3373468 comm="/usr/bin/dbus-broker-launch --config-file=/usr/sha")
dbus-daemon[3372475]: [session uid=1000 pid=3372475 pidfd=5] Activated service 'org.freedesktop.systemd1' failed: Process org.freedesktop.systemd1 exited with status 1
dbus-daemon[3372475]: [session uid=1000 pid=3372475 pidfd=5] Activating service name='org.freedesktop.systemd1' requested by ':1.4' (uid=1000 pid=3373468 comm="/usr/bin/dbus-broker-launch --config-file=/usr/sha")
dbus-daemon[3372475]: [session uid=1000 pid=3372475 pidfd=5] Activated service 'org.freedesktop.systemd1' failed: Process org.freedesktop.systemd1 exited with status 1
{"trial": "x09-P4-toggle-W0", "outcome": "verified", "oracle_exact_match": true, "completion_mutations": 1, "routes": ["provider", "provider"], "loadavg_before": "11.16 15.90 16.04 8/2877 3399085"}
dbus-daemon[3372475]: [session uid=1000 pid=3372475 pidfd=5] Activating service name='org.freedesktop.systemd1' requested by ':1.4' (uid=1000 pid=3373468 comm="/usr/bin/dbus-broker-launch --config-file=/usr/sha")
dbus-daemon[3372475]: [session uid=1000 pid=3372475 pidfd=5] Activated service 'org.freedesktop.systemd1' failed: Process org.freedesktop.systemd1 exited with status 1
[2m2026-10-03T03:51:07.728052Z[0m [33m WARN[0m [2mcua_driver_sdk::runtime[0m[2m:[0m could not activate the persistent AT-SPI listener: AT-SPI connect failed: ZBus Error: MethodError(OwnedErrorName("org.freedesktop.DBus.Error.NameHasNoOwner"), Some("Could not activate remote peer 'org.a11y.atspi.Registry': unit failed"), Msg { type: Error, serial: 4294967295, sender: UniqueName("org.freedesktop.DBus"), reply-serial: 9, body: Str, fds: [] })
[2m2026-10-03T03:51:07.746999Z[0m [33m WARN[0m [2mplatform_linux::overlay[0m[2m:[0m X11 overlay: root reads cannot see this window's own pixels; save-unders will be served without readback confirmation
dbus-daemon[3372475]: [session uid=1000 pid=3372475 pidfd=5] Activating service name='org.freedesktop.systemd1' requested by ':1.4' (uid=1000 pid=3373468 comm="/usr/bin/dbus-broker-launch --config-file=/usr/sha")
dbus-daemon[3372475]: [session uid=1000 pid=3372475 pidfd=5] Activated service 'org.freedesktop.systemd1' failed: Process org.freedesktop.systemd1 exited with status 1
dbus-daemon[3372475]: [session uid=1000 pid=3372475 pidfd=5] Activating service name='org.freedesktop.systemd1' requested by ':1.4' (uid=1000 pid=3373468 comm="/usr/bin/dbus-broker-launch --config-file=/usr/sha")
dbus-daemon[3372475]: [session uid=1000 pid=3372475 pidfd=5] Activated service 'org.freedesktop.systemd1' failed: Process org.freedesktop.systemd1 exited with status 1
{"trial": "x09-P4-toggle-W80", "outcome": "verified", "oracle_exact_match": true, "completion_mutations": 1, "routes": ["provider", "provider"], "loadavg_before": "10.66 15.71 15.98 7/2856 3399498"}
dbus-daemon[3372475]: [session uid=1000 pid=3372475 pidfd=5] Activating service name='org.freedesktop.systemd1' requested by ':1.4' (uid=1000 pid=3373468 comm="/usr/bin/dbus-broker-launch --config-file=/usr/sha")
dbus-daemon[3372475]: [session uid=1000 pid=3372475 pidfd=5] Activated service 'org.freedesktop.systemd1' failed: Process org.freedesktop.systemd1 exited with status 1
[2m2026-10-03T03:51:09.240149Z[0m [33m WARN[0m [2mcua_driver_sdk::runtime[0m[2m:[0m could not activate the persistent AT-SPI listener: AT-SPI connect failed: ZBus Error: MethodError(OwnedErrorName("org.freedesktop.DBus.Error.NameHasNoOwner"), Some("Could not activate remote peer 'org.a11y.atspi.Registry': unit failed"), Msg { type: Error, serial: 4294967295, sender: UniqueName("org.freedesktop.DBus"), reply-serial: 9, body: Str, fds: [] })
[2m2026-10-03T03:51:09.259834Z[0m [33m WARN[0m [2mplatform_linux::overlay[0m[2m:[0m X11 overlay: root reads cannot see this window's own pixels; save-unders will be served without readback confirmation
dbus-daemon[3372475]: [session uid=1000 pid=3372475 pidfd=5] Activating service name='org.freedesktop.systemd1' requested by ':1.4' (uid=1000 pid=3373468 comm="/usr/bin/dbus-broker-launch --config-file=/usr/sha")
dbus-daemon[3372475]: [session uid=1000 pid=3372475 pidfd=5] Activated service 'org.freedesktop.systemd1' failed: Process org.freedesktop.systemd1 exited with status 1
dbus-daemon[3372475]: [session uid=1000 pid=3372475 pidfd=5] Activating service name='org.freedesktop.systemd1' requested by ':1.4' (uid=1000 pid=3373468 comm="/usr/bin/dbus-broker-launch --config-file=/usr/sha")
dbus-daemon[3372475]: [session uid=1000 pid=3372475 pidfd=5] Activated service 'org.freedesktop.systemd1' failed: Process org.freedesktop.systemd1 exited with status 1
{"trial": "x09-P4-toggle-PREWARM", "outcome": "verified", "oracle_exact_match": true, "completion_mutations": 1, "routes": ["provider", "provider"], "loadavg_before": "10.66 15.71 15.98 9/2899 3399939"}
dbus-daemon[3372475]: [session uid=1000 pid=3372475 pidfd=5] Activating service name='org.freedesktop.systemd1' requested by ':1.4' (uid=1000 pid=3373468 comm="/usr/bin/dbus-broker-launch --config-file=/usr/sha")
dbus-daemon[3372475]: [session uid=1000 pid=3372475 pidfd=5] Activated service 'org.freedesktop.systemd1' failed: Process org.freedesktop.systemd1 exited with status 1
[2m2026-10-03T03:51:11.208367Z[0m [33m WARN[0m [2mcua_driver_sdk::runtime[0m[2m:[0m could not activate the persistent AT-SPI listener: AT-SPI connect failed: ZBus Error: MethodError(OwnedErrorName("org.freedesktop.DBus.Error.NameHasNoOwner"), Some("Could not activate remote peer 'org.a11y.atspi.Registry': unit failed"), Msg { type: Error, serial: 4294967295, sender: UniqueName("org.freedesktop.DBus"), reply-serial: 9, body: Str, fds: [] })
[2m2026-10-03T03:51:11.223010Z[0m [33m WARN[0m [2mplatform_linux::overlay[0m[2m:[0m X11 overlay: root reads cannot see this window's own pixels; save-unders will be served without readback confirmation
dbus-daemon[3372475]: [session uid=1000 pid=3372475 pidfd=5] Activating service name='org.freedesktop.systemd1' requested by ':1.4' (uid=1000 pid=3373468 comm="/usr/bin/dbus-broker-launch --config-file=/usr/sha")
dbus-daemon[3372475]: [session uid=1000 pid=3372475 pidfd=5] Activated service 'org.freedesktop.systemd1' failed: Process org.freedesktop.systemd1 exited with status 1
dbus-daemon[3372475]: [session uid=1000 pid=3372475 pidfd=5] Activating service name='org.freedesktop.systemd1' requested by ':1.4' (uid=1000 pid=3373468 comm="/usr/bin/dbus-broker-launch --config-file=/usr/sha")
dbus-daemon[3372475]: [session uid=1000 pid=3372475 pidfd=5] Activated service 'org.freedesktop.systemd1' failed: Process org.freedesktop.systemd1 exited with status 1
{"trial": "x09-P4-fill-PREWARM", "outcome": "verified", "oracle_exact_match": true, "completion_mutations": 1, "routes": ["compiled"], "loadavg_before": "10.66 15.71 15.98 16/2907 3400419"}
dbus-daemon[3372475]: [session uid=1000 pid=3372475 pidfd=5] Activating service name='org.freedesktop.systemd1' requested by ':1.4' (uid=1000 pid=3373468 comm="/usr/bin/dbus-broker-launch --config-file=/usr/sha")
dbus-daemon[3372475]: [session uid=1000 pid=3372475 pidfd=5] Activated service 'org.freedesktop.systemd1' failed: Process org.freedesktop.systemd1 exited with status 1
[2m2026-10-03T03:51:12.702718Z[0m [33m WARN[0m [2mcua_driver_sdk::runtime[0m[2m:[0m could not activate the persistent AT-SPI listener: AT-SPI connect failed: ZBus Error: MethodError(OwnedErrorName("org.freedesktop.DBus.Error.NameHasNoOwner"), Some("Could not activate remote peer 'org.a11y.atspi.Registry': unit failed"), Msg { type: Error, serial: 4294967295, sender: UniqueName("org.freedesktop.DBus"), reply-serial: 9, body: Str, fds: [] })
[2m2026-10-03T03:51:12.717881Z[0m [33m WARN[0m [2mplatform_linux::overlay[0m[2m:[0m X11 overlay: root reads cannot see this window's own pixels; save-unders will be served without readback confirmation
dbus-daemon[3372475]: [session uid=1000 pid=3372475 pidfd=5] Activating service name='org.freedesktop.systemd1' requested by ':1.4' (uid=1000 pid=3373468 comm="/usr/bin/dbus-broker-launch --config-file=/usr/sha")
dbus-daemon[3372475]: [session uid=1000 pid=3372475 pidfd=5] Activated service 'org.freedesktop.systemd1' failed: Process org.freedesktop.systemd1 exited with status 1
dbus-daemon[3372475]: [session uid=1000 pid=3372475 pidfd=5] Activating service name='org.freedesktop.systemd1' requested by ':1.4' (uid=1000 pid=3373468 comm="/usr/bin/dbus-broker-launch --config-file=/usr/sha")
dbus-daemon[3372475]: [session uid=1000 pid=3372475 pidfd=5] Activated service 'org.freedesktop.systemd1' failed: Process org.freedesktop.systemd1 exited with status 1
{"trial": "x09-P4-fill-W80", "outcome": "verified", "oracle_exact_match": true, "completion_mutations": 1, "routes": ["compiled"], "loadavg_before": "10.69 15.64 15.95 5/2800 3400790"}
dbus-daemon[3372475]: [session uid=1000 pid=3372475 pidfd=5] Activating service name='org.freedesktop.systemd1' requested by ':1.4' (uid=1000 pid=3373468 comm="/usr/bin/dbus-broker-launch --config-file=/usr/sha")
dbus-daemon[3372475]: [session uid=1000 pid=3372475 pidfd=5] Activated service 'org.freedesktop.systemd1' failed: Process org.freedesktop.systemd1 exited with status 1
[2m2026-10-03T03:51:14.204550Z[0m [33m WARN[0m [2mcua_driver_sdk::runtime[0m[2m:[0m could not activate the persistent AT-SPI listener: AT-SPI connect failed: ZBus Error: MethodError(OwnedErrorName("org.freedesktop.DBus.Error.NameHasNoOwner"), Some("Could not activate remote peer 'org.a11y.atspi.Registry': unit failed"), Msg { type: Error, serial: 4294967295, sender: UniqueName("org.freedesktop.DBus"), reply-serial: 9, body: Str, fds: [] })
[2m2026-10-03T03:51:14.224109Z[0m [33m WARN[0m [2mplatform_linux::overlay[0m[2m:[0m X11 overlay: root reads cannot see this window's own pixels; save-unders will be served without readback confirmation
dbus-daemon[3372475]: [session uid=1000 pid=3372475 pidfd=5] Activating service name='org.freedesktop.systemd1' requested by ':1.4' (uid=1000 pid=3373468 comm="/usr/bin/dbus-broker-launch --config-file=/usr/sha")
dbus-daemon[3372475]: [session uid=1000 pid=3372475 pidfd=5] Activated service 'org.freedesktop.systemd1' failed: Process org.freedesktop.systemd1 exited with status 1
dbus-daemon[3372475]: [session uid=1000 pid=3372475 pidfd=5] Activating service name='org.freedesktop.systemd1' requested by ':1.4' (uid=1000 pid=3373468 comm="/usr/bin/dbus-broker-launch --config-file=/usr/sha")
dbus-daemon[3372475]: [session uid=1000 pid=3372475 pidfd=5] Activated service 'org.freedesktop.systemd1' failed: Process org.freedesktop.systemd1 exited with status 1
{"trial": "x09-P4-fill-W0", "outcome": "verified", "oracle_exact_match": true, "completion_mutations": 1, "routes": ["compiled"], "loadavg_before": "10.69 15.64 15.95 8/2813 3401119"}
dbus-daemon[3372475]: [session uid=1000 pid=3372475 pidfd=5] Activating service name='org.freedesktop.systemd1' requested by ':1.4' (uid=1000 pid=3373468 comm="/usr/bin/dbus-broker-launch --config-file=/usr/sha")
dbus-daemon[3372475]: [session uid=1000 pid=3372475 pidfd=5] Activated service 'org.freedesktop.systemd1' failed: Process org.freedesktop.systemd1 exited with status 1
[2m2026-10-03T03:51:15.709271Z[0m [33m WARN[0m [2mcua_driver_sdk::runtime[0m[2m:[0m could not activate the persistent AT-SPI listener: AT-SPI connect failed: ZBus Error: MethodError(OwnedErrorName("org.freedesktop.DBus.Error.NameHasNoOwner"), Some("Could not activate remote peer 'org.a11y.atspi.Registry': unit failed"), Msg { type: Error, serial: 4294967295, sender: UniqueName("org.freedesktop.DBus"), reply-serial: 9, body: Str, fds: [] })
[2m2026-10-03T03:51:15.728019Z[0m [33m WARN[0m [2mplatform_linux::overlay[0m[2m:[0m X11 overlay: root reads cannot see this window's own pixels; save-unders will be served without readback confirmation
dbus-daemon[3372475]: [session uid=1000 pid=3372475 pidfd=5] Activating service name='org.freedesktop.systemd1' requested by ':1.4' (uid=1000 pid=3373468 comm="/usr/bin/dbus-broker-launch --config-file=/usr/sha")
dbus-daemon[3372475]: [session uid=1000 pid=3372475 pidfd=5] Activated service 'org.freedesktop.systemd1' failed: Process org.freedesktop.systemd1 exited with status 1
dbus-daemon[3372475]: [session uid=1000 pid=3372475 pidfd=5] Activating service name='org.freedesktop.systemd1' requested by ':1.4' (uid=1000 pid=3373468 comm="/usr/bin/dbus-broker-launch --config-file=/usr/sha")
dbus-daemon[3372475]: [session uid=1000 pid=3372475 pidfd=5] Activated service 'org.freedesktop.systemd1' failed: Process org.freedesktop.systemd1 exited with status 1
{"trial": "x10-P4-fill-W0", "outcome": "verified", "oracle_exact_match": true, "completion_mutations": 1, "routes": ["compiled"], "loadavg_before": "10.69 15.64 15.95 7/2822 3401478"}
dbus-daemon[3372475]: [session uid=1000 pid=3372475 pidfd=5] Activating service name='org.freedesktop.systemd1' requested by ':1.4' (uid=1000 pid=3373468 comm="/usr/bin/dbus-broker-launch --config-file=/usr/sha")
dbus-daemon[3372475]: [session uid=1000 pid=3372475 pidfd=5] Activated service 'org.freedesktop.systemd1' failed: Process org.freedesktop.systemd1 exited with status 1
[2m2026-10-03T03:51:17.204736Z[0m [33m WARN[0m [2mcua_driver_sdk::runtime[0m[2m:[0m could not activate the persistent AT-SPI listener: AT-SPI connect failed: ZBus Error: MethodError(OwnedErrorName("org.freedesktop.DBus.Error.NameHasNoOwner"), Some("Could not activate remote peer 'org.a11y.atspi.Registry': unit failed"), Msg { type: Error, serial: 4294967295, sender: UniqueName("org.freedesktop.DBus"), reply-serial: 9, body: Str, fds: [] })
[2m2026-10-03T03:51:17.219406Z[0m [33m WARN[0m [2mplatform_linux::overlay[0m[2m:[0m X11 overlay: root reads cannot see this window's own pixels; save-unders will be served without readback confirmation
dbus-daemon[3372475]: [session uid=1000 pid=3372475 pidfd=5] Activating service name='org.freedesktop.systemd1' requested by ':1.4' (uid=1000 pid=3373468 comm="/usr/bin/dbus-broker-launch --config-file=/usr/sha")
dbus-daemon[3372475]: [session uid=1000 pid=3372475 pidfd=5] Activated service 'org.freedesktop.systemd1' failed: Process org.freedesktop.systemd1 exited with status 1
dbus-daemon[3372475]: [session uid=1000 pid=3372475 pidfd=5] Activating service name='org.freedesktop.systemd1' requested by ':1.4' (uid=1000 pid=3373468 comm="/usr/bin/dbus-broker-launch --config-file=/usr/sha")
dbus-daemon[3372475]: [session uid=1000 pid=3372475 pidfd=5] Activated service 'org.freedesktop.systemd1' failed: Process org.freedesktop.systemd1 exited with status 1
{"trial": "x10-P4-fill-PREWARM", "outcome": "verified", "oracle_exact_match": true, "completion_mutations": 1, "routes": ["compiled"], "loadavg_before": "10.40 15.49 15.90 8/2828 3401847"}
dbus-daemon[3372475]: [session uid=1000 pid=3372475 pidfd=5] Activating service name='org.freedesktop.systemd1' requested by ':1.4' (uid=1000 pid=3373468 comm="/usr/bin/dbus-broker-launch --config-file=/usr/sha")
dbus-daemon[3372475]: [session uid=1000 pid=3372475 pidfd=5] Activated service 'org.freedesktop.systemd1' failed: Process org.freedesktop.systemd1 exited with status 1
[2m2026-10-03T03:51:19.206774Z[0m [33m WARN[0m [2mcua_driver_sdk::runtime[0m[2m:[0m could not activate the persistent AT-SPI listener: AT-SPI connect failed: ZBus Error: MethodError(OwnedErrorName("org.freedesktop.DBus.Error.NameHasNoOwner"), Some("Could not activate remote peer 'org.a11y.atspi.Registry': unit failed"), Msg { type: Error, serial: 4294967295, sender: UniqueName("org.freedesktop.DBus"), reply-serial: 9, body: Str, fds: [] })
[2m2026-10-03T03:51:19.221159Z[0m [33m WARN[0m [2mplatform_linux::overlay[0m[2m:[0m X11 overlay: root reads cannot see this window's own pixels; save-unders will be served without readback confirmation
dbus-daemon[3372475]: [session uid=1000 pid=3372475 pidfd=5] Activating service name='org.freedesktop.systemd1' requested by ':1.4' (uid=1000 pid=3373468 comm="/usr/bin/dbus-broker-launch --config-file=/usr/sha")
dbus-daemon[3372475]: [session uid=1000 pid=3372475 pidfd=5] Activated service 'org.freedesktop.systemd1' failed: Process org.freedesktop.systemd1 exited with status 1
dbus-daemon[3372475]: [session uid=1000 pid=3372475 pidfd=5] Activating service name='org.freedesktop.systemd1' requested by ':1.4' (uid=1000 pid=3373468 comm="/usr/bin/dbus-broker-launch --config-file=/usr/sha")
dbus-daemon[3372475]: [session uid=1000 pid=3372475 pidfd=5] Activated service 'org.freedesktop.systemd1' failed: Process org.freedesktop.systemd1 exited with status 1
{"trial": "x10-P4-fill-W80", "outcome": "verified", "oracle_exact_match": true, "completion_mutations": 1, "routes": ["compiled"], "loadavg_before": "10.40 15.49 15.90 5/2823 3402267"}
dbus-daemon[3372475]: [session uid=1000 pid=3372475 pidfd=5] Activating service name='org.freedesktop.systemd1' requested by ':1.4' (uid=1000 pid=3373468 comm="/usr/bin/dbus-broker-launch --config-file=/usr/sha")
dbus-daemon[3372475]: [session uid=1000 pid=3372475 pidfd=5] Activated service 'org.freedesktop.systemd1' failed: Process org.freedesktop.systemd1 exited with status 1
[2m2026-10-03T03:51:20.709693Z[0m [33m WARN[0m [2mcua_driver_sdk::runtime[0m[2m:[0m could not activate the persistent AT-SPI listener: AT-SPI connect failed: ZBus Error: MethodError(OwnedErrorName("org.freedesktop.DBus.Error.NameHasNoOwner"), Some("Could not activate remote peer 'org.a11y.atspi.Registry': unit failed"), Msg { type: Error, serial: 4294967295, sender: UniqueName("org.freedesktop.DBus"), reply-serial: 9, body: Str, fds: [] })
[2m2026-10-03T03:51:20.728981Z[0m [33m WARN[0m [2mplatform_linux::overlay[0m[2m:[0m X11 overlay: root reads cannot see this window's own pixels; save-unders will be served without readback confirmation
dbus-daemon[3372475]: [session uid=1000 pid=3372475 pidfd=5] Activating service name='org.freedesktop.systemd1' requested by ':1.4' (uid=1000 pid=3373468 comm="/usr/bin/dbus-broker-launch --config-file=/usr/sha")
dbus-daemon[3372475]: [session uid=1000 pid=3372475 pidfd=5] Activated service 'org.freedesktop.systemd1' failed: Process org.freedesktop.systemd1 exited with status 1
dbus-daemon[3372475]: [session uid=1000 pid=3372475 pidfd=5] Activating service name='org.freedesktop.systemd1' requested by ':1.4' (uid=1000 pid=3373468 comm="/usr/bin/dbus-broker-launch --config-file=/usr/sha")
dbus-daemon[3372475]: [session uid=1000 pid=3372475 pidfd=5] Activated service 'org.freedesktop.systemd1' failed: Process org.freedesktop.systemd1 exited with status 1
{"trial": "x10-P4-toggle-W80", "outcome": "verified", "oracle_exact_match": true, "completion_mutations": 1, "routes": ["provider", "provider"], "loadavg_before": "10.40 15.49 15.90 8/2799 3402676"}
dbus-daemon[3372475]: [session uid=1000 pid=3372475 pidfd=5] Activating service name='org.freedesktop.systemd1' requested by ':1.4' (uid=1000 pid=3373468 comm="/usr/bin/dbus-broker-launch --config-file=/usr/sha")
dbus-daemon[3372475]: [session uid=1000 pid=3372475 pidfd=5] Activated service 'org.freedesktop.systemd1' failed: Process org.freedesktop.systemd1 exited with status 1
[2m2026-10-03T03:51:22.210506Z[0m [33m WARN[0m [2mcua_driver_sdk::runtime[0m[2m:[0m could not activate the persistent AT-SPI listener: AT-SPI connect failed: ZBus Error: MethodError(OwnedErrorName("org.freedesktop.DBus.Error.NameHasNoOwner"), Some("Could not activate remote peer 'org.a11y.atspi.Registry': unit failed"), Msg { type: Error, serial: 4294967295, sender: UniqueName("org.freedesktop.DBus"), reply-serial: 9, body: Str, fds: [] })
[2m2026-10-03T03:51:22.226982Z[0m [33m WARN[0m [2mplatform_linux::overlay[0m[2m:[0m X11 overlay: root reads cannot see this window's own pixels; save-unders will be served without readback confirmation
dbus-daemon[3372475]: [session uid=1000 pid=3372475 pidfd=5] Activating service name='org.freedesktop.systemd1' requested by ':1.4' (uid=1000 pid=3373468 comm="/usr/bin/dbus-broker-launch --config-file=/usr/sha")
dbus-daemon[3372475]: [session uid=1000 pid=3372475 pidfd=5] Activated service 'org.freedesktop.systemd1' failed: Process org.freedesktop.systemd1 exited with status 1
dbus-daemon[3372475]: [session uid=1000 pid=3372475 pidfd=5] Activating service name='org.freedesktop.systemd1' requested by ':1.4' (uid=1000 pid=3373468 comm="/usr/bin/dbus-broker-launch --config-file=/usr/sha")
dbus-daemon[3372475]: [session uid=1000 pid=3372475 pidfd=5] Activated service 'org.freedesktop.systemd1' failed: Process org.freedesktop.systemd1 exited with status 1
{"trial": "x10-P4-toggle-PREWARM", "outcome": "verified", "oracle_exact_match": true, "completion_mutations": 1, "routes": ["provider", "provider"], "loadavg_before": "10.04 15.33 15.85 7/2821 3403041"}
dbus-daemon[3372475]: [session uid=1000 pid=3372475 pidfd=5] Activating service name='org.freedesktop.systemd1' requested by ':1.4' (uid=1000 pid=3373468 comm="/usr/bin/dbus-broker-launch --config-file=/usr/sha")
dbus-daemon[3372475]: [session uid=1000 pid=3372475 pidfd=5] Activated service 'org.freedesktop.systemd1' failed: Process org.freedesktop.systemd1 exited with status 1
[2m2026-10-03T03:51:24.125750Z[0m [33m WARN[0m [2mcua_driver_sdk::runtime[0m[2m:[0m could not activate the persistent AT-SPI listener: AT-SPI connect failed: ZBus Error: MethodError(OwnedErrorName("org.freedesktop.DBus.Error.NameHasNoOwner"), Some("Could not activate remote peer 'org.a11y.atspi.Registry': unit failed"), Msg { type: Error, serial: 4294967295, sender: UniqueName("org.freedesktop.DBus"), reply-serial: 9, body: Str, fds: [] })
[2m2026-10-03T03:51:24.151618Z[0m [33m WARN[0m [2mplatform_linux::overlay[0m[2m:[0m X11 overlay: root reads cannot see this window's own pixels; save-unders will be served without readback confirmation
dbus-daemon[3372475]: [session uid=1000 pid=3372475 pidfd=5] Activating service name='org.freedesktop.systemd1' requested by ':1.4' (uid=1000 pid=3373468 comm="/usr/bin/dbus-broker-launch --config-file=/usr/sha")
dbus-daemon[3372475]: [session uid=1000 pid=3372475 pidfd=5] Activated service 'org.freedesktop.systemd1' failed: Process org.freedesktop.systemd1 exited with status 1
dbus-daemon[3372475]: [session uid=1000 pid=3372475 pidfd=5] Activating service name='org.freedesktop.systemd1' requested by ':1.4' (uid=1000 pid=3373468 comm="/usr/bin/dbus-broker-launch --config-file=/usr/sha")
dbus-daemon[3372475]: [session uid=1000 pid=3372475 pidfd=5] Activated service 'org.freedesktop.systemd1' failed: Process org.freedesktop.systemd1 exited with status 1
{"trial": "x10-P4-toggle-W0", "outcome": "verified", "oracle_exact_match": true, "completion_mutations": 1, "routes": ["provider", "provider"], "loadavg_before": "10.04 15.33 15.85 25/2824 3403373"}
dbus-daemon[3372475]: [session uid=1000 pid=3372475 pidfd=5] Activating service name='org.freedesktop.systemd1' requested by ':1.4' (uid=1000 pid=3373468 comm="/usr/bin/dbus-broker-launch --config-file=/usr/sha")
dbus-daemon[3372475]: [session uid=1000 pid=3372475 pidfd=5] Activated service 'org.freedesktop.systemd1' failed: Process org.freedesktop.systemd1 exited with status 1
[2m2026-10-03T03:51:25.690289Z[0m [33m WARN[0m [2mcua_driver_sdk::runtime[0m[2m:[0m could not activate the persistent AT-SPI listener: AT-SPI connect failed: ZBus Error: MethodError(OwnedErrorName("org.freedesktop.DBus.Error.NameHasNoOwner"), Some("Could not activate remote peer 'org.a11y.atspi.Registry': unit failed"), Msg { type: Error, serial: 4294967295, sender: UniqueName("org.freedesktop.DBus"), reply-serial: 9, body: Str, fds: [] })
[2m2026-10-03T03:51:25.704312Z[0m [33m WARN[0m [2mplatform_linux::overlay[0m[2m:[0m X11 overlay: root reads cannot see this window's own pixels; save-unders will be served without readback confirmation
dbus-daemon[3372475]: [session uid=1000 pid=3372475 pidfd=5] Activating service name='org.freedesktop.systemd1' requested by ':1.4' (uid=1000 pid=3373468 comm="/usr/bin/dbus-broker-launch --config-file=/usr/sha")
dbus-daemon[3372475]: [session uid=1000 pid=3372475 pidfd=5] Activated service 'org.freedesktop.systemd1' failed: Process org.freedesktop.systemd1 exited with status 1
dbus-daemon[3372475]: [session uid=1000 pid=3372475 pidfd=5] Activating service name='org.freedesktop.systemd1' requested by ':1.4' (uid=1000 pid=3373468 comm="/usr/bin/dbus-broker-launch --config-file=/usr/sha")
dbus-daemon[3372475]: [session uid=1000 pid=3372475 pidfd=5] Activated service 'org.freedesktop.systemd1' failed: Process org.freedesktop.systemd1 exited with status 1
{"trial": "x11-P4-toggle-PREWARM", "outcome": "verified", "oracle_exact_match": true, "completion_mutations": 1, "routes": ["provider", "provider"], "loadavg_before": "10.04 15.33 15.85 18/2824 3403712"}
dbus-daemon[3372475]: [session uid=1000 pid=3372475 pidfd=5] Activating service name='org.freedesktop.systemd1' requested by ':1.4' (uid=1000 pid=3373468 comm="/usr/bin/dbus-broker-launch --config-file=/usr/sha")
dbus-daemon[3372475]: [session uid=1000 pid=3372475 pidfd=5] Activated service 'org.freedesktop.systemd1' failed: Process org.freedesktop.systemd1 exited with status 1
[2m2026-10-03T03:51:27.234861Z[0m [33m WARN[0m [2mcua_driver_sdk::runtime[0m[2m:[0m could not activate the persistent AT-SPI listener: AT-SPI connect failed: ZBus Error: MethodError(OwnedErrorName("org.freedesktop.DBus.Error.NameHasNoOwner"), Some("Could not activate remote peer 'org.a11y.atspi.Registry': unit failed"), Msg { type: Error, serial: 4294967295, sender: UniqueName("org.freedesktop.DBus"), reply-serial: 9, body: Str, fds: [] })
[2m2026-10-03T03:51:27.255347Z[0m [33m WARN[0m [2mplatform_linux::overlay[0m[2m:[0m X11 overlay: root reads cannot see this window's own pixels; save-unders will be served without readback confirmation
dbus-daemon[3372475]: [session uid=1000 pid=3372475 pidfd=5] Activating service name='org.freedesktop.systemd1' requested by ':1.4' (uid=1000 pid=3373468 comm="/usr/bin/dbus-broker-launch --config-file=/usr/sha")
dbus-daemon[3372475]: [session uid=1000 pid=3372475 pidfd=5] Activated service 'org.freedesktop.systemd1' failed: Process org.freedesktop.systemd1 exited with status 1
dbus-daemon[3372475]: [session uid=1000 pid=3372475 pidfd=5] Activating service name='org.freedesktop.systemd1' requested by ':1.4' (uid=1000 pid=3373468 comm="/usr/bin/dbus-broker-launch --config-file=/usr/sha")
dbus-daemon[3372475]: [session uid=1000 pid=3372475 pidfd=5] Activated service 'org.freedesktop.systemd1' failed: Process org.freedesktop.systemd1 exited with status 1
{"trial": "x11-P4-toggle-W0", "outcome": "verified", "oracle_exact_match": true, "completion_mutations": 1, "routes": ["provider", "provider"], "loadavg_before": "10.44 15.33 15.85 10/2852 3404065"}
dbus-daemon[3372475]: [session uid=1000 pid=3372475 pidfd=5] Activating service name='org.freedesktop.systemd1' requested by ':1.4' (uid=1000 pid=3373468 comm="/usr/bin/dbus-broker-launch --config-file=/usr/sha")
dbus-daemon[3372475]: [session uid=1000 pid=3372475 pidfd=5] Activated service 'org.freedesktop.systemd1' failed: Process org.freedesktop.systemd1 exited with status 1
[2m2026-10-03T03:51:28.793067Z[0m [33m WARN[0m [2mcua_driver_sdk::runtime[0m[2m:[0m could not activate the persistent AT-SPI listener: AT-SPI connect failed: ZBus Error: MethodError(OwnedErrorName("org.freedesktop.DBus.Error.NameHasNoOwner"), Some("Could not activate remote peer 'org.a11y.atspi.Registry': unit failed"), Msg { type: Error, serial: 4294967295, sender: UniqueName("org.freedesktop.DBus"), reply-serial: 9, body: Str, fds: [] })
[2m2026-10-03T03:51:28.812115Z[0m [33m WARN[0m [2mplatform_linux::overlay[0m[2m:[0m X11 overlay: root reads cannot see this window's own pixels; save-unders will be served without readback confirmation
dbus-daemon[3372475]: [session uid=1000 pid=3372475 pidfd=5] Activating service name='org.freedesktop.systemd1' requested by ':1.4' (uid=1000 pid=3373468 comm="/usr/bin/dbus-broker-launch --config-file=/usr/sha")
dbus-daemon[3372475]: [session uid=1000 pid=3372475 pidfd=5] Activated service 'org.freedesktop.systemd1' failed: Process org.freedesktop.systemd1 exited with status 1
dbus-daemon[3372475]: [session uid=1000 pid=3372475 pidfd=5] Activating service name='org.freedesktop.systemd1' requested by ':1.4' (uid=1000 pid=3373468 comm="/usr/bin/dbus-broker-launch --config-file=/usr/sha")
dbus-daemon[3372475]: [session uid=1000 pid=3372475 pidfd=5] Activated service 'org.freedesktop.systemd1' failed: Process org.freedesktop.systemd1 exited with status 1
{"trial": "x11-P4-toggle-W80", "outcome": "verified", "oracle_exact_match": true, "completion_mutations": 1, "routes": ["provider", "provider"], "loadavg_before": "10.44 15.33 15.85 7/2822 3404363"}
dbus-daemon[3372475]: [session uid=1000 pid=3372475 pidfd=5] Activating service name='org.freedesktop.systemd1' requested by ':1.4' (uid=1000 pid=3373468 comm="/usr/bin/dbus-broker-launch --config-file=/usr/sha")
dbus-daemon[3372475]: [session uid=1000 pid=3372475 pidfd=5] Activated service 'org.freedesktop.systemd1' failed: Process org.freedesktop.systemd1 exited with status 1
[2m2026-10-03T03:51:30.791934Z[0m [33m WARN[0m [2mcua_driver_sdk::runtime[0m[2m:[0m could not activate the persistent AT-SPI listener: AT-SPI connect failed: ZBus Error: MethodError(OwnedErrorName("org.freedesktop.DBus.Error.NameHasNoOwner"), Some("Could not activate remote peer 'org.a11y.atspi.Registry': unit failed"), Msg { type: Error, serial: 4294967295, sender: UniqueName("org.freedesktop.DBus"), reply-serial: 9, body: Str, fds: [] })
[2m2026-10-03T03:51:30.812828Z[0m [33m WARN[0m [2mplatform_linux::overlay[0m[2m:[0m X11 overlay: root reads cannot see this window's own pixels; save-unders will be served without readback confirmation
dbus-daemon[3372475]: [session uid=1000 pid=3372475 pidfd=5] Activating service name='org.freedesktop.systemd1' requested by ':1.4' (uid=1000 pid=3373468 comm="/usr/bin/dbus-broker-launch --config-file=/usr/sha")
dbus-daemon[3372475]: [session uid=1000 pid=3372475 pidfd=5] Activated service 'org.freedesktop.systemd1' failed: Process org.freedesktop.systemd1 exited with status 1
dbus-daemon[3372475]: [session uid=1000 pid=3372475 pidfd=5] Activating service name='org.freedesktop.systemd1' requested by ':1.4' (uid=1000 pid=3373468 comm="/usr/bin/dbus-broker-launch --config-file=/usr/sha")
dbus-daemon[3372475]: [session uid=1000 pid=3372475 pidfd=5] Activated service 'org.freedesktop.systemd1' failed: Process org.freedesktop.systemd1 exited with status 1
{"trial": "x11-P4-fill-W80", "outcome": "verified", "oracle_exact_match": true, "completion_mutations": 1, "routes": ["compiled"], "loadavg_before": "10.44 15.33 15.85 6/2855 3404857"}
dbus-daemon[3372475]: [session uid=1000 pid=3372475 pidfd=5] Activating service name='org.freedesktop.systemd1' requested by ':1.4' (uid=1000 pid=3373468 comm="/usr/bin/dbus-broker-launch --config-file=/usr/sha")
dbus-daemon[3372475]: [session uid=1000 pid=3372475 pidfd=5] Activated service 'org.freedesktop.systemd1' failed: Process org.freedesktop.systemd1 exited with status 1
[2m2026-10-03T03:51:32.293103Z[0m [33m WARN[0m [2mcua_driver_sdk::runtime[0m[2m:[0m could not activate the persistent AT-SPI listener: AT-SPI connect failed: ZBus Error: MethodError(OwnedErrorName("org.freedesktop.DBus.Error.NameHasNoOwner"), Some("Could not activate remote peer 'org.a11y.atspi.Registry': unit failed"), Msg { type: Error, serial: 4294967295, sender: UniqueName("org.freedesktop.DBus"), reply-serial: 9, body: Str, fds: [] })
[2m2026-10-03T03:51:32.305710Z[0m [33m WARN[0m [2mplatform_linux::overlay[0m[2m:[0m X11 overlay: root reads cannot see this window's own pixels; save-unders will be served without readback confirmation
dbus-daemon[3372475]: [session uid=1000 pid=3372475 pidfd=5] Activating service name='org.freedesktop.systemd1' requested by ':1.4' (uid=1000 pid=3373468 comm="/usr/bin/dbus-broker-launch --config-file=/usr/sha")
dbus-daemon[3372475]: [session uid=1000 pid=3372475 pidfd=5] Activated service 'org.freedesktop.systemd1' failed: Process org.freedesktop.systemd1 exited with status 1
dbus-daemon[3372475]: [session uid=1000 pid=3372475 pidfd=5] Activating service name='org.freedesktop.systemd1' requested by ':1.4' (uid=1000 pid=3373468 comm="/usr/bin/dbus-broker-launch --config-file=/usr/sha")
dbus-daemon[3372475]: [session uid=1000 pid=3372475 pidfd=5] Activated service 'org.freedesktop.systemd1' failed: Process org.freedesktop.systemd1 exited with status 1
{"trial": "x11-P4-fill-W0", "outcome": "verified", "oracle_exact_match": true, "completion_mutations": 1, "routes": ["compiled"], "loadavg_before": "10.00 15.16 15.79 6/2876 3405341"}
dbus-daemon[3372475]: [session uid=1000 pid=3372475 pidfd=5] Activating service name='org.freedesktop.systemd1' requested by ':1.4' (uid=1000 pid=3373468 comm="/usr/bin/dbus-broker-launch --config-file=/usr/sha")
dbus-daemon[3372475]: [session uid=1000 pid=3372475 pidfd=5] Activated service 'org.freedesktop.systemd1' failed: Process org.freedesktop.systemd1 exited with status 1
[2m2026-10-03T03:51:33.797825Z[0m [33m WARN[0m [2mcua_driver_sdk::runtime[0m[2m:[0m could not activate the persistent AT-SPI listener: AT-SPI connect failed: ZBus Error: MethodError(OwnedErrorName("org.freedesktop.DBus.Error.NameHasNoOwner"), Some("Could not activate remote peer 'org.a11y.atspi.Registry': unit failed"), Msg { type: Error, serial: 4294967295, sender: UniqueName("org.freedesktop.DBus"), reply-serial: 9, body: Str, fds: [] })
[2m2026-10-03T03:51:33.820692Z[0m [33m WARN[0m [2mplatform_linux::overlay[0m[2m:[0m X11 overlay: root reads cannot see this window's own pixels; save-unders will be served without readback confirmation
dbus-daemon[3372475]: [session uid=1000 pid=3372475 pidfd=5] Activating service name='org.freedesktop.systemd1' requested by ':1.4' (uid=1000 pid=3373468 comm="/usr/bin/dbus-broker-launch --config-file=/usr/sha")
dbus-daemon[3372475]: [session uid=1000 pid=3372475 pidfd=5] Activated service 'org.freedesktop.systemd1' failed: Process org.freedesktop.systemd1 exited with status 1
dbus-daemon[3372475]: [session uid=1000 pid=3372475 pidfd=5] Activating service name='org.freedesktop.systemd1' requested by ':1.4' (uid=1000 pid=3373468 comm="/usr/bin/dbus-broker-launch --config-file=/usr/sha")
dbus-daemon[3372475]: [session uid=1000 pid=3372475 pidfd=5] Activated service 'org.freedesktop.systemd1' failed: Process org.freedesktop.systemd1 exited with status 1
{"trial": "x11-P4-fill-PREWARM", "outcome": "verified", "oracle_exact_match": true, "completion_mutations": 1, "routes": ["compiled"], "loadavg_before": "10.00 15.16 15.79 13/2841 3405656"}
dbus-daemon[3372475]: [session uid=1000 pid=3372475 pidfd=5] Activating service name='org.freedesktop.systemd1' requested by ':1.4' (uid=1000 pid=3373468 comm="/usr/bin/dbus-broker-launch --config-file=/usr/sha")
dbus-daemon[3372475]: [session uid=1000 pid=3372475 pidfd=5] Activated service 'org.freedesktop.systemd1' failed: Process org.freedesktop.systemd1 exited with status 1
[2m2026-10-03T03:51:36.295697Z[0m [33m WARN[0m [2mcua_driver_sdk::runtime[0m[2m:[0m could not activate the persistent AT-SPI listener: AT-SPI connect failed: ZBus Error: MethodError(OwnedErrorName("org.freedesktop.DBus.Error.NameHasNoOwner"), Some("Could not activate remote peer 'org.a11y.atspi.Registry': unit failed"), Msg { type: Error, serial: 4294967295, sender: UniqueName("org.freedesktop.DBus"), reply-serial: 9, body: Str, fds: [] })
[2m2026-10-03T03:51:36.310621Z[0m [33m WARN[0m [2mplatform_linux::overlay[0m[2m:[0m X11 overlay: root reads cannot see this window's own pixels; save-unders will be served without readback confirmation
dbus-daemon[3372475]: [session uid=1000 pid=3372475 pidfd=5] Activating service name='org.freedesktop.systemd1' requested by ':1.4' (uid=1000 pid=3373468 comm="/usr/bin/dbus-broker-launch --config-file=/usr/sha")
dbus-daemon[3372475]: [session uid=1000 pid=3372475 pidfd=5] Activated service 'org.freedesktop.systemd1' failed: Process org.freedesktop.systemd1 exited with status 1
dbus-daemon[3372475]: [session uid=1000 pid=3372475 pidfd=5] Activating service name='org.freedesktop.systemd1' requested by ':1.4' (uid=1000 pid=3373468 comm="/usr/bin/dbus-broker-launch --config-file=/usr/sha")
dbus-daemon[3372475]: [session uid=1000 pid=3372475 pidfd=5] Activated service 'org.freedesktop.systemd1' failed: Process org.freedesktop.systemd1 exited with status 1
{"trial": "x12-P4-fill-W0", "outcome": "verified", "oracle_exact_match": true, "completion_mutations": 1, "routes": ["compiled"], "loadavg_before": "10.00 15.16 15.79 7/2782 3406273"}
dbus-daemon[3372475]: [session uid=1000 pid=3372475 pidfd=5] Activating service name='org.freedesktop.systemd1' requested by ':1.4' (uid=1000 pid=3373468 comm="/usr/bin/dbus-broker-launch --config-file=/usr/sha")
dbus-daemon[3372475]: [session uid=1000 pid=3372475 pidfd=5] Activated service 'org.freedesktop.systemd1' failed: Process org.freedesktop.systemd1 exited with status 1
[2m2026-10-03T03:51:37.798032Z[0m [33m WARN[0m [2mcua_driver_sdk::runtime[0m[2m:[0m could not activate the persistent AT-SPI listener: AT-SPI connect failed: ZBus Error: MethodError(OwnedErrorName("org.freedesktop.DBus.Error.NameHasNoOwner"), Some("Could not activate remote peer 'org.a11y.atspi.Registry': unit failed"), Msg { type: Error, serial: 4294967295, sender: UniqueName("org.freedesktop.DBus"), reply-serial: 9, body: Str, fds: [] })
[2m2026-10-03T03:51:37.815325Z[0m [33m WARN[0m [2mplatform_linux::overlay[0m[2m:[0m X11 overlay: root reads cannot see this window's own pixels; save-unders will be served without readback confirmation
dbus-daemon[3372475]: [session uid=1000 pid=3372475 pidfd=5] Activating service name='org.freedesktop.systemd1' requested by ':1.4' (uid=1000 pid=3373468 comm="/usr/bin/dbus-broker-launch --config-file=/usr/sha")
dbus-daemon[3372475]: [session uid=1000 pid=3372475 pidfd=5] Activated service 'org.freedesktop.systemd1' failed: Process org.freedesktop.systemd1 exited with status 1
dbus-daemon[3372475]: [session uid=1000 pid=3372475 pidfd=5] Activating service name='org.freedesktop.systemd1' requested by ':1.4' (uid=1000 pid=3373468 comm="/usr/bin/dbus-broker-launch --config-file=/usr/sha")
dbus-daemon[3372475]: [session uid=1000 pid=3372475 pidfd=5] Activated service 'org.freedesktop.systemd1' failed: Process org.freedesktop.systemd1 exited with status 1
{"trial": "x12-P4-fill-W80", "outcome": "verified", "oracle_exact_match": true, "completion_mutations": 1, "routes": ["compiled"], "loadavg_before": "10.57 15.19 15.79 12/2771 3406661"}
dbus-daemon[3372475]: [session uid=1000 pid=3372475 pidfd=5] Activating service name='org.freedesktop.systemd1' requested by ':1.4' (uid=1000 pid=3373468 comm="/usr/bin/dbus-broker-launch --config-file=/usr/sha")
dbus-daemon[3372475]: [session uid=1000 pid=3372475 pidfd=5] Activated service 'org.freedesktop.systemd1' failed: Process org.freedesktop.systemd1 exited with status 1
[2m2026-10-03T03:51:39.302287Z[0m [33m WARN[0m [2mcua_driver_sdk::runtime[0m[2m:[0m could not activate the persistent AT-SPI listener: AT-SPI connect failed: ZBus Error: MethodError(OwnedErrorName("org.freedesktop.DBus.Error.NameHasNoOwner"), Some("Could not activate remote peer 'org.a11y.atspi.Registry': unit failed"), Msg { type: Error, serial: 4294967295, sender: UniqueName("org.freedesktop.DBus"), reply-serial: 9, body: Str, fds: [] })
[2m2026-10-03T03:51:39.327811Z[0m [33m WARN[0m [2mplatform_linux::overlay[0m[2m:[0m X11 overlay: root reads cannot see this window's own pixels; save-unders will be served without readback confirmation
dbus-daemon[3372475]: [session uid=1000 pid=3372475 pidfd=5] Activating service name='org.freedesktop.systemd1' requested by ':1.4' (uid=1000 pid=3373468 comm="/usr/bin/dbus-broker-launch --config-file=/usr/sha")
dbus-daemon[3372475]: [session uid=1000 pid=3372475 pidfd=5] Activated service 'org.freedesktop.systemd1' failed: Process org.freedesktop.systemd1 exited with status 1
dbus-daemon[3372475]: [session uid=1000 pid=3372475 pidfd=5] Activating service name='org.freedesktop.systemd1' requested by ':1.4' (uid=1000 pid=3373468 comm="/usr/bin/dbus-broker-launch --config-file=/usr/sha")
dbus-daemon[3372475]: [session uid=1000 pid=3372475 pidfd=5] Activated service 'org.freedesktop.systemd1' failed: Process org.freedesktop.systemd1 exited with status 1
{"trial": "x12-P4-fill-PREWARM", "outcome": "verified", "oracle_exact_match": true, "completion_mutations": 1, "routes": ["compiled"], "loadavg_before": "10.57 15.19 15.79 9/2890 3407128"}
dbus-daemon[3372475]: [session uid=1000 pid=3372475 pidfd=5] Activating service name='org.freedesktop.systemd1' requested by ':1.4' (uid=1000 pid=3373468 comm="/usr/bin/dbus-broker-launch --config-file=/usr/sha")
dbus-daemon[3372475]: [session uid=1000 pid=3372475 pidfd=5] Activated service 'org.freedesktop.systemd1' failed: Process org.freedesktop.systemd1 exited with status 1
[2m2026-10-03T03:51:41.297837Z[0m [33m WARN[0m [2mcua_driver_sdk::runtime[0m[2m:[0m could not activate the persistent AT-SPI listener: AT-SPI connect failed: ZBus Error: MethodError(OwnedErrorName("org.freedesktop.DBus.Error.NameHasNoOwner"), Some("Could not activate remote peer 'org.a11y.atspi.Registry': unit failed"), Msg { type: Error, serial: 4294967295, sender: UniqueName("org.freedesktop.DBus"), reply-serial: 9, body: Str, fds: [] })
[2m2026-10-03T03:51:41.312424Z[0m [33m WARN[0m [2mplatform_linux::overlay[0m[2m:[0m X11 overlay: root reads cannot see this window's own pixels; save-unders will be served without readback confirmation
dbus-daemon[3372475]: [session uid=1000 pid=3372475 pidfd=5] Activating service name='org.freedesktop.systemd1' requested by ':1.4' (uid=1000 pid=3373468 comm="/usr/bin/dbus-broker-launch --config-file=/usr/sha")
dbus-daemon[3372475]: [session uid=1000 pid=3372475 pidfd=5] Activated service 'org.freedesktop.systemd1' failed: Process org.freedesktop.systemd1 exited with status 1
dbus-daemon[3372475]: [session uid=1000 pid=3372475 pidfd=5] Activating service name='org.freedesktop.systemd1' requested by ':1.4' (uid=1000 pid=3373468 comm="/usr/bin/dbus-broker-launch --config-file=/usr/sha")
dbus-daemon[3372475]: [session uid=1000 pid=3372475 pidfd=5] Activated service 'org.freedesktop.systemd1' failed: Process org.freedesktop.systemd1 exited with status 1
{"trial": "x12-P4-toggle-PREWARM", "outcome": "verified", "oracle_exact_match": true, "completion_mutations": 1, "routes": ["provider", "provider"], "loadavg_before": "10.57 15.19 15.79 4/2926 3407514"}
dbus-daemon[3372475]: [session uid=1000 pid=3372475 pidfd=5] Activating service name='org.freedesktop.systemd1' requested by ':1.4' (uid=1000 pid=3373468 comm="/usr/bin/dbus-broker-launch --config-file=/usr/sha")
dbus-daemon[3372475]: [session uid=1000 pid=3372475 pidfd=5] Activated service 'org.freedesktop.systemd1' failed: Process org.freedesktop.systemd1 exited with status 1
[2m2026-10-03T03:51:42.888902Z[0m [33m WARN[0m [2mcua_driver_sdk::runtime[0m[2m:[0m could not activate the persistent AT-SPI listener: AT-SPI connect failed: ZBus Error: MethodError(OwnedErrorName("org.freedesktop.DBus.Error.NameHasNoOwner"), Some("Could not activate remote peer 'org.a11y.atspi.Registry': unit failed"), Msg { type: Error, serial: 4294967295, sender: UniqueName("org.freedesktop.DBus"), reply-serial: 9, body: Str, fds: [] })
[2m2026-10-03T03:51:42.906191Z[0m [33m WARN[0m [2mplatform_linux::overlay[0m[2m:[0m X11 overlay: root reads cannot see this window's own pixels; save-unders will be served without readback confirmation
dbus-daemon[3372475]: [session uid=1000 pid=3372475 pidfd=5] Activating service name='org.freedesktop.systemd1' requested by ':1.4' (uid=1000 pid=3373468 comm="/usr/bin/dbus-broker-launch --config-file=/usr/sha")
dbus-daemon[3372475]: [session uid=1000 pid=3372475 pidfd=5] Activated service 'org.freedesktop.systemd1' failed: Process org.freedesktop.systemd1 exited with status 1
dbus-daemon[3372475]: [session uid=1000 pid=3372475 pidfd=5] Activating service name='org.freedesktop.systemd1' requested by ':1.4' (uid=1000 pid=3373468 comm="/usr/bin/dbus-broker-launch --config-file=/usr/sha")
dbus-daemon[3372475]: [session uid=1000 pid=3372475 pidfd=5] Activated service 'org.freedesktop.systemd1' failed: Process org.freedesktop.systemd1 exited with status 1
{"trial": "x12-P4-toggle-W80", "outcome": "verified", "oracle_exact_match": true, "completion_mutations": 1, "routes": ["provider", "provider"], "loadavg_before": "10.52 15.10 15.76 7/2940 3407901"}
dbus-daemon[3372475]: [session uid=1000 pid=3372475 pidfd=5] Activating service name='org.freedesktop.systemd1' requested by ':1.4' (uid=1000 pid=3373468 comm="/usr/bin/dbus-broker-launch --config-file=/usr/sha")
dbus-daemon[3372475]: [session uid=1000 pid=3372475 pidfd=5] Activated service 'org.freedesktop.systemd1' failed: Process org.freedesktop.systemd1 exited with status 1
[2m2026-10-03T03:51:44.409788Z[0m [33m WARN[0m [2mcua_driver_sdk::runtime[0m[2m:[0m could not activate the persistent AT-SPI listener: AT-SPI connect failed: ZBus Error: MethodError(OwnedErrorName("org.freedesktop.DBus.Error.NameHasNoOwner"), Some("Could not activate remote peer 'org.a11y.atspi.Registry': unit failed"), Msg { type: Error, serial: 4294967295, sender: UniqueName("org.freedesktop.DBus"), reply-serial: 9, body: Str, fds: [] })
[2m2026-10-03T03:51:44.426510Z[0m [33m WARN[0m [2mplatform_linux::overlay[0m[2m:[0m X11 overlay: root reads cannot see this window's own pixels; save-unders will be served without readback confirmation
dbus-daemon[3372475]: [session uid=1000 pid=3372475 pidfd=5] Activating service name='org.freedesktop.systemd1' requested by ':1.4' (uid=1000 pid=3373468 comm="/usr/bin/dbus-broker-launch --config-file=/usr/sha")
dbus-daemon[3372475]: [session uid=1000 pid=3372475 pidfd=5] Activated service 'org.freedesktop.systemd1' failed: Process org.freedesktop.systemd1 exited with status 1
dbus-daemon[3372475]: [session uid=1000 pid=3372475 pidfd=5] Activating service name='org.freedesktop.systemd1' requested by ':1.4' (uid=1000 pid=3373468 comm="/usr/bin/dbus-broker-launch --config-file=/usr/sha")
dbus-daemon[3372475]: [session uid=1000 pid=3372475 pidfd=5] Activated service 'org.freedesktop.systemd1' failed: Process org.freedesktop.systemd1 exited with status 1
{"trial": "x12-P4-toggle-W0", "outcome": "verified", "oracle_exact_match": true, "completion_mutations": 1, "routes": ["provider", "provider"], "loadavg_before": "10.52 15.10 15.76 5/2940 3408358"}
dbus-daemon[3372475]: [session uid=1000 pid=3372475 pidfd=5] Activating service name='org.freedesktop.systemd1' requested by ':1.4' (uid=1000 pid=3373468 comm="/usr/bin/dbus-broker-launch --config-file=/usr/sha")
dbus-daemon[3372475]: [session uid=1000 pid=3372475 pidfd=5] Activated service 'org.freedesktop.systemd1' failed: Process org.freedesktop.systemd1 exited with status 1
[2m2026-10-03T03:51:46.370962Z[0m [33m WARN[0m [2mcua_driver_sdk::runtime[0m[2m:[0m could not activate the persistent AT-SPI listener: AT-SPI connect failed: ZBus Error: MethodError(OwnedErrorName("org.freedesktop.DBus.Error.NameHasNoOwner"), Some("Could not activate remote peer 'org.a11y.atspi.Registry': unit failed"), Msg { type: Error, serial: 4294967295, sender: UniqueName("org.freedesktop.DBus"), reply-serial: 9, body: Str, fds: [] })
[2m2026-10-03T03:51:46.389710Z[0m [33m WARN[0m [2mplatform_linux::overlay[0m[2m:[0m X11 overlay: root reads cannot see this window's own pixels; save-unders will be served without readback confirmation
dbus-daemon[3372475]: [session uid=1000 pid=3372475 pidfd=5] Activating service name='org.freedesktop.systemd1' requested by ':1.4' (uid=1000 pid=3373468 comm="/usr/bin/dbus-broker-launch --config-file=/usr/sha")
dbus-daemon[3372475]: [session uid=1000 pid=3372475 pidfd=5] Activated service 'org.freedesktop.systemd1' failed: Process org.freedesktop.systemd1 exited with status 1
dbus-daemon[3372475]: [session uid=1000 pid=3372475 pidfd=5] Activating service name='org.freedesktop.systemd1' requested by ':1.4' (uid=1000 pid=3373468 comm="/usr/bin/dbus-broker-launch --config-file=/usr/sha")
dbus-daemon[3372475]: [session uid=1000 pid=3372475 pidfd=5] Activated service 'org.freedesktop.systemd1' failed: Process org.freedesktop.systemd1 exited with status 1
{"trial": "x13-P4-toggle-W0", "outcome": "verified", "oracle_exact_match": true, "completion_mutations": 1, "routes": ["provider", "provider"], "loadavg_before": "10.52 15.10 15.76 7/2966 3408823"}
dbus-daemon[3372475]: [session uid=1000 pid=3372475 pidfd=5] Activating service name='org.freedesktop.systemd1' requested by ':1.4' (uid=1000 pid=3373468 comm="/usr/bin/dbus-broker-launch --config-file=/usr/sha")
dbus-daemon[3372475]: [session uid=1000 pid=3372475 pidfd=5] Activated service 'org.freedesktop.systemd1' failed: Process org.freedesktop.systemd1 exited with status 1
[2m2026-10-03T03:51:48.353290Z[0m [33m WARN[0m [2mcua_driver_sdk::runtime[0m[2m:[0m could not activate the persistent AT-SPI listener: AT-SPI connect failed: ZBus Error: MethodError(OwnedErrorName("org.freedesktop.DBus.Error.NameHasNoOwner"), Some("Could not activate remote peer 'org.a11y.atspi.Registry': unit failed"), Msg { type: Error, serial: 4294967295, sender: UniqueName("org.freedesktop.DBus"), reply-serial: 9, body: Str, fds: [] })
[2m2026-10-03T03:51:48.372421Z[0m [33m WARN[0m [2mplatform_linux::overlay[0m[2m:[0m X11 overlay: root reads cannot see this window's own pixels; save-unders will be served without readback confirmation
dbus-daemon[3372475]: [session uid=1000 pid=3372475 pidfd=5] Activating service name='org.freedesktop.systemd1' requested by ':1.4' (uid=1000 pid=3373468 comm="/usr/bin/dbus-broker-launch --config-file=/usr/sha")
dbus-daemon[3372475]: [session uid=1000 pid=3372475 pidfd=5] Activated service 'org.freedesktop.systemd1' failed: Process org.freedesktop.systemd1 exited with status 1
dbus-daemon[3372475]: [session uid=1000 pid=3372475 pidfd=5] Activating service name='org.freedesktop.systemd1' requested by ':1.4' (uid=1000 pid=3373468 comm="/usr/bin/dbus-broker-launch --config-file=/usr/sha")
dbus-daemon[3372475]: [session uid=1000 pid=3372475 pidfd=5] Activated service 'org.freedesktop.systemd1' failed: Process org.freedesktop.systemd1 exited with status 1
{"trial": "x13-P4-toggle-PREWARM", "outcome": "verified", "oracle_exact_match": true, "completion_mutations": 1, "routes": ["provider", "provider"], "loadavg_before": "12.00 15.33 15.83 22/2982 3409217"}
dbus-daemon[3372475]: [session uid=1000 pid=3372475 pidfd=5] Activating service name='org.freedesktop.systemd1' requested by ':1.4' (uid=1000 pid=3373468 comm="/usr/bin/dbus-broker-launch --config-file=/usr/sha")
dbus-daemon[3372475]: [session uid=1000 pid=3372475 pidfd=5] Activated service 'org.freedesktop.systemd1' failed: Process org.freedesktop.systemd1 exited with status 1
[2m2026-10-03T03:51:49.902752Z[0m [33m WARN[0m [2mcua_driver_sdk::runtime[0m[2m:[0m could not activate the persistent AT-SPI listener: AT-SPI connect failed: ZBus Error: MethodError(OwnedErrorName("org.freedesktop.DBus.Error.NameHasNoOwner"), Some("Could not activate remote peer 'org.a11y.atspi.Registry': unit failed"), Msg { type: Error, serial: 4294967295, sender: UniqueName("org.freedesktop.DBus"), reply-serial: 9, body: Str, fds: [] })
[2m2026-10-03T03:51:49.919376Z[0m [33m WARN[0m [2mplatform_linux::overlay[0m[2m:[0m X11 overlay: root reads cannot see this window's own pixels; save-unders will be served without readback confirmation
dbus-daemon[3372475]: [session uid=1000 pid=3372475 pidfd=5] Activating service name='org.freedesktop.systemd1' requested by ':1.4' (uid=1000 pid=3373468 comm="/usr/bin/dbus-broker-launch --config-file=/usr/sha")
dbus-daemon[3372475]: [session uid=1000 pid=3372475 pidfd=5] Activated service 'org.freedesktop.systemd1' failed: Process org.freedesktop.systemd1 exited with status 1
dbus-daemon[3372475]: [session uid=1000 pid=3372475 pidfd=5] Activating service name='org.freedesktop.systemd1' requested by ':1.4' (uid=1000 pid=3373468 comm="/usr/bin/dbus-broker-launch --config-file=/usr/sha")
dbus-daemon[3372475]: [session uid=1000 pid=3372475 pidfd=5] Activated service 'org.freedesktop.systemd1' failed: Process org.freedesktop.systemd1 exited with status 1
{"trial": "x13-P4-toggle-W80", "outcome": "verified", "oracle_exact_match": true, "completion_mutations": 1, "routes": ["provider", "provider"], "loadavg_before": "12.00 15.33 15.83 14/2961 3409529"}
dbus-daemon[3372475]: [session uid=1000 pid=3372475 pidfd=5] Activating service name='org.freedesktop.systemd1' requested by ':1.4' (uid=1000 pid=3373468 comm="/usr/bin/dbus-broker-launch --config-file=/usr/sha")
dbus-daemon[3372475]: [session uid=1000 pid=3372475 pidfd=5] Activated service 'org.freedesktop.systemd1' failed: Process org.freedesktop.systemd1 exited with status 1
[2m2026-10-03T03:51:51.432915Z[0m [33m WARN[0m [2mcua_driver_sdk::runtime[0m[2m:[0m could not activate the persistent AT-SPI listener: AT-SPI connect failed: ZBus Error: MethodError(OwnedErrorName("org.freedesktop.DBus.Error.NameHasNoOwner"), Some("Could not activate remote peer 'org.a11y.atspi.Registry': unit failed"), Msg { type: Error, serial: 4294967295, sender: UniqueName("org.freedesktop.DBus"), reply-serial: 9, body: Str, fds: [] })
[2m2026-10-03T03:51:51.451079Z[0m [33m WARN[0m [2mplatform_linux::overlay[0m[2m:[0m X11 overlay: root reads cannot see this window's own pixels; save-unders will be served without readback confirmation
dbus-daemon[3372475]: [session uid=1000 pid=3372475 pidfd=5] Activating service name='org.freedesktop.systemd1' requested by ':1.4' (uid=1000 pid=3373468 comm="/usr/bin/dbus-broker-launch --config-file=/usr/sha")
dbus-daemon[3372475]: [session uid=1000 pid=3372475 pidfd=5] Activated service 'org.freedesktop.systemd1' failed: Process org.freedesktop.systemd1 exited with status 1
dbus-daemon[3372475]: [session uid=1000 pid=3372475 pidfd=5] Activating service name='org.freedesktop.systemd1' requested by ':1.4' (uid=1000 pid=3373468 comm="/usr/bin/dbus-broker-launch --config-file=/usr/sha")
dbus-daemon[3372475]: [session uid=1000 pid=3372475 pidfd=5] Activated service 'org.freedesktop.systemd1' failed: Process org.freedesktop.systemd1 exited with status 1
{"trial": "x13-P4-fill-W80", "outcome": "verified", "oracle_exact_match": true, "completion_mutations": 1, "routes": ["compiled"], "loadavg_before": "12.00 15.33 15.83 19/2923 3409861"}
dbus-daemon[3372475]: [session uid=1000 pid=3372475 pidfd=5] Activating service name='org.freedesktop.systemd1' requested by ':1.4' (uid=1000 pid=3373468 comm="/usr/bin/dbus-broker-launch --config-file=/usr/sha")
dbus-daemon[3372475]: [session uid=1000 pid=3372475 pidfd=5] Activated service 'org.freedesktop.systemd1' failed: Process org.freedesktop.systemd1 exited with status 1
[2m2026-10-03T03:51:53.429037Z[0m [33m WARN[0m [2mcua_driver_sdk::runtime[0m[2m:[0m could not activate the persistent AT-SPI listener: AT-SPI connect failed: ZBus Error: MethodError(OwnedErrorName("org.freedesktop.DBus.Error.NameHasNoOwner"), Some("Could not activate remote peer 'org.a11y.atspi.Registry': unit failed"), Msg { type: Error, serial: 4294967295, sender: UniqueName("org.freedesktop.DBus"), reply-serial: 9, body: Str, fds: [] })
[2m2026-10-03T03:51:53.446649Z[0m [33m WARN[0m [2mplatform_linux::overlay[0m[2m:[0m X11 overlay: root reads cannot see this window's own pixels; save-unders will be served without readback confirmation
dbus-daemon[3372475]: [session uid=1000 pid=3372475 pidfd=5] Activating service name='org.freedesktop.systemd1' requested by ':1.4' (uid=1000 pid=3373468 comm="/usr/bin/dbus-broker-launch --config-file=/usr/sha")
dbus-daemon[3372475]: [session uid=1000 pid=3372475 pidfd=5] Activated service 'org.freedesktop.systemd1' failed: Process org.freedesktop.systemd1 exited with status 1
dbus-daemon[3372475]: [session uid=1000 pid=3372475 pidfd=5] Activating service name='org.freedesktop.systemd1' requested by ':1.4' (uid=1000 pid=3373468 comm="/usr/bin/dbus-broker-launch --config-file=/usr/sha")
dbus-daemon[3372475]: [session uid=1000 pid=3372475 pidfd=5] Activated service 'org.freedesktop.systemd1' failed: Process org.freedesktop.systemd1 exited with status 1
{"trial": "x13-P4-fill-PREWARM", "outcome": "verified", "oracle_exact_match": true, "completion_mutations": 1, "routes": ["compiled"], "loadavg_before": "12.24 15.33 15.83 8/2920 3410302"}
dbus-daemon[3372475]: [session uid=1000 pid=3372475 pidfd=5] Activating service name='org.freedesktop.systemd1' requested by ':1.4' (uid=1000 pid=3373468 comm="/usr/bin/dbus-broker-launch --config-file=/usr/sha")
dbus-daemon[3372475]: [session uid=1000 pid=3372475 pidfd=5] Activated service 'org.freedesktop.systemd1' failed: Process org.freedesktop.systemd1 exited with status 1
[2m2026-10-03T03:51:54.932630Z[0m [33m WARN[0m [2mcua_driver_sdk::runtime[0m[2m:[0m could not activate the persistent AT-SPI listener: AT-SPI connect failed: ZBus Error: MethodError(OwnedErrorName("org.freedesktop.DBus.Error.NameHasNoOwner"), Some("Could not activate remote peer 'org.a11y.atspi.Registry': unit failed"), Msg { type: Error, serial: 4294967295, sender: UniqueName("org.freedesktop.DBus"), reply-serial: 9, body: Str, fds: [] })
[2m2026-10-03T03:51:54.956313Z[0m [33m WARN[0m [2mplatform_linux::overlay[0m[2m:[0m X11 overlay: root reads cannot see this window's own pixels; save-unders will be served without readback confirmation
dbus-daemon[3372475]: [session uid=1000 pid=3372475 pidfd=5] Activating service name='org.freedesktop.systemd1' requested by ':1.4' (uid=1000 pid=3373468 comm="/usr/bin/dbus-broker-launch --config-file=/usr/sha")
dbus-daemon[3372475]: [session uid=1000 pid=3372475 pidfd=5] Activated service 'org.freedesktop.systemd1' failed: Process org.freedesktop.systemd1 exited with status 1
dbus-daemon[3372475]: [session uid=1000 pid=3372475 pidfd=5] Activating service name='org.freedesktop.systemd1' requested by ':1.4' (uid=1000 pid=3373468 comm="/usr/bin/dbus-broker-launch --config-file=/usr/sha")
dbus-daemon[3372475]: [session uid=1000 pid=3372475 pidfd=5] Activated service 'org.freedesktop.systemd1' failed: Process org.freedesktop.systemd1 exited with status 1
{"trial": "x13-P4-fill-W0", "outcome": "verified", "oracle_exact_match": true, "completion_mutations": 1, "routes": ["compiled"], "loadavg_before": "12.24 15.33 15.83 7/2924 3410644"}
dbus-daemon[3372475]: [session uid=1000 pid=3372475 pidfd=5] Activating service name='org.freedesktop.systemd1' requested by ':1.4' (uid=1000 pid=3373468 comm="/usr/bin/dbus-broker-launch --config-file=/usr/sha")
dbus-daemon[3372475]: [session uid=1000 pid=3372475 pidfd=5] Activated service 'org.freedesktop.systemd1' failed: Process org.freedesktop.systemd1 exited with status 1
[2m2026-10-03T03:51:56.429748Z[0m [33m WARN[0m [2mcua_driver_sdk::runtime[0m[2m:[0m could not activate the persistent AT-SPI listener: AT-SPI connect failed: ZBus Error: MethodError(OwnedErrorName("org.freedesktop.DBus.Error.NameHasNoOwner"), Some("Could not activate remote peer 'org.a11y.atspi.Registry': unit failed"), Msg { type: Error, serial: 4294967295, sender: UniqueName("org.freedesktop.DBus"), reply-serial: 9, body: Str, fds: [] })
[2m2026-10-03T03:51:56.445176Z[0m [33m WARN[0m [2mplatform_linux::overlay[0m[2m:[0m X11 overlay: root reads cannot see this window's own pixels; save-unders will be served without readback confirmation
dbus-daemon[3372475]: [session uid=1000 pid=3372475 pidfd=5] Activating service name='org.freedesktop.systemd1' requested by ':1.4' (uid=1000 pid=3373468 comm="/usr/bin/dbus-broker-launch --config-file=/usr/sha")
dbus-daemon[3372475]: [session uid=1000 pid=3372475 pidfd=5] Activated service 'org.freedesktop.systemd1' failed: Process org.freedesktop.systemd1 exited with status 1
dbus-daemon[3372475]: [session uid=1000 pid=3372475 pidfd=5] Activating service name='org.freedesktop.systemd1' requested by ':1.4' (uid=1000 pid=3373468 comm="/usr/bin/dbus-broker-launch --config-file=/usr/sha")
dbus-daemon[3372475]: [session uid=1000 pid=3372475 pidfd=5] Activated service 'org.freedesktop.systemd1' failed: Process org.freedesktop.systemd1 exited with status 1
{"trial": "x14-P4-fill-PREWARM", "outcome": "verified", "oracle_exact_match": true, "completion_mutations": 1, "routes": ["compiled"], "loadavg_before": "12.24 15.33 15.83 8/2937 3411010"}
dbus-daemon[3372475]: [session uid=1000 pid=3372475 pidfd=5] Activating service name='org.freedesktop.systemd1' requested by ':1.4' (uid=1000 pid=3373468 comm="/usr/bin/dbus-broker-launch --config-file=/usr/sha")
dbus-daemon[3372475]: [session uid=1000 pid=3372475 pidfd=5] Activated service 'org.freedesktop.systemd1' failed: Process org.freedesktop.systemd1 exited with status 1
[2m2026-10-03T03:51:57.931712Z[0m [33m WARN[0m [2mcua_driver_sdk::runtime[0m[2m:[0m could not activate the persistent AT-SPI listener: AT-SPI connect failed: ZBus Error: MethodError(OwnedErrorName("org.freedesktop.DBus.Error.NameHasNoOwner"), Some("Could not activate remote peer 'org.a11y.atspi.Registry': unit failed"), Msg { type: Error, serial: 4294967295, sender: UniqueName("org.freedesktop.DBus"), reply-serial: 9, body: Str, fds: [] })
[2m2026-10-03T03:51:57.949657Z[0m [33m WARN[0m [2mplatform_linux::overlay[0m[2m:[0m X11 overlay: root reads cannot see this window's own pixels; save-unders will be served without readback confirmation
dbus-daemon[3372475]: [session uid=1000 pid=3372475 pidfd=5] Activating service name='org.freedesktop.systemd1' requested by ':1.4' (uid=1000 pid=3373468 comm="/usr/bin/dbus-broker-launch --config-file=/usr/sha")
dbus-daemon[3372475]: [session uid=1000 pid=3372475 pidfd=5] Activated service 'org.freedesktop.systemd1' failed: Process org.freedesktop.systemd1 exited with status 1
dbus-daemon[3372475]: [session uid=1000 pid=3372475 pidfd=5] Activating service name='org.freedesktop.systemd1' requested by ':1.4' (uid=1000 pid=3373468 comm="/usr/bin/dbus-broker-launch --config-file=/usr/sha")
dbus-daemon[3372475]: [session uid=1000 pid=3372475 pidfd=5] Activated service 'org.freedesktop.systemd1' failed: Process org.freedesktop.systemd1 exited with status 1
{"trial": "x14-P4-fill-W0", "outcome": "verified", "oracle_exact_match": true, "completion_mutations": 1, "routes": ["compiled"], "loadavg_before": "12.30 15.29 15.81 10/2973 3411565"}
dbus-daemon[3372475]: [session uid=1000 pid=3372475 pidfd=5] Activating service name='org.freedesktop.systemd1' requested by ':1.4' (uid=1000 pid=3373468 comm="/usr/bin/dbus-broker-launch --config-file=/usr/sha")
dbus-daemon[3372475]: [session uid=1000 pid=3372475 pidfd=5] Activated service 'org.freedesktop.systemd1' failed: Process org.freedesktop.systemd1 exited with status 1
[2m2026-10-03T03:51:59.430164Z[0m [33m WARN[0m [2mcua_driver_sdk::runtime[0m[2m:[0m could not activate the persistent AT-SPI listener: AT-SPI connect failed: ZBus Error: MethodError(OwnedErrorName("org.freedesktop.DBus.Error.NameHasNoOwner"), Some("Could not activate remote peer 'org.a11y.atspi.Registry': unit failed"), Msg { type: Error, serial: 4294967295, sender: UniqueName("org.freedesktop.DBus"), reply-serial: 9, body: Str, fds: [] })
[2m2026-10-03T03:51:59.442725Z[0m [33m WARN[0m [2mplatform_linux::overlay[0m[2m:[0m X11 overlay: root reads cannot see this window's own pixels; save-unders will be served without readback confirmation
dbus-daemon[3372475]: [session uid=1000 pid=3372475 pidfd=5] Activating service name='org.freedesktop.systemd1' requested by ':1.4' (uid=1000 pid=3373468 comm="/usr/bin/dbus-broker-launch --config-file=/usr/sha")
dbus-daemon[3372475]: [session uid=1000 pid=3372475 pidfd=5] Activated service 'org.freedesktop.systemd1' failed: Process org.freedesktop.systemd1 exited with status 1
dbus-daemon[3372475]: [session uid=1000 pid=3372475 pidfd=5] Activating service name='org.freedesktop.systemd1' requested by ':1.4' (uid=1000 pid=3373468 comm="/usr/bin/dbus-broker-launch --config-file=/usr/sha")
dbus-daemon[3372475]: [session uid=1000 pid=3372475 pidfd=5] Activated service 'org.freedesktop.systemd1' failed: Process org.freedesktop.systemd1 exited with status 1
{"trial": "x14-P4-fill-W80", "outcome": "verified", "oracle_exact_match": true, "completion_mutations": 1, "routes": ["compiled"], "loadavg_before": "12.30 15.29 15.81 6/2941 3411940"}
dbus-daemon[3372475]: [session uid=1000 pid=3372475 pidfd=5] Activating service name='org.freedesktop.systemd1' requested by ':1.4' (uid=1000 pid=3373468 comm="/usr/bin/dbus-broker-launch --config-file=/usr/sha")
dbus-daemon[3372475]: [session uid=1000 pid=3372475 pidfd=5] Activated service 'org.freedesktop.systemd1' failed: Process org.freedesktop.systemd1 exited with status 1
[2m2026-10-03T03:52:00.932146Z[0m [33m WARN[0m [2mcua_driver_sdk::runtime[0m[2m:[0m could not activate the persistent AT-SPI listener: AT-SPI connect failed: ZBus Error: MethodError(OwnedErrorName("org.freedesktop.DBus.Error.NameHasNoOwner"), Some("Could not activate remote peer 'org.a11y.atspi.Registry': unit failed"), Msg { type: Error, serial: 4294967295, sender: UniqueName("org.freedesktop.DBus"), reply-serial: 9, body: Str, fds: [] })
[2m2026-10-03T03:52:00.944859Z[0m [33m WARN[0m [2mplatform_linux::overlay[0m[2m:[0m X11 overlay: root reads cannot see this window's own pixels; save-unders will be served without readback confirmation
dbus-daemon[3372475]: [session uid=1000 pid=3372475 pidfd=5] Activating service name='org.freedesktop.systemd1' requested by ':1.4' (uid=1000 pid=3373468 comm="/usr/bin/dbus-broker-launch --config-file=/usr/sha")
dbus-daemon[3372475]: [session uid=1000 pid=3372475 pidfd=5] Activated service 'org.freedesktop.systemd1' failed: Process org.freedesktop.systemd1 exited with status 1
dbus-daemon[3372475]: [session uid=1000 pid=3372475 pidfd=5] Activating service name='org.freedesktop.systemd1' requested by ':1.4' (uid=1000 pid=3373468 comm="/usr/bin/dbus-broker-launch --config-file=/usr/sha")
dbus-daemon[3372475]: [session uid=1000 pid=3372475 pidfd=5] Activated service 'org.freedesktop.systemd1' failed: Process org.freedesktop.systemd1 exited with status 1
{"trial": "x14-P4-toggle-W80", "outcome": "verified", "oracle_exact_match": true, "completion_mutations": 1, "routes": ["provider", "provider"], "loadavg_before": "12.30 15.29 15.81 7/2861 3412319"}
dbus-daemon[3372475]: [session uid=1000 pid=3372475 pidfd=5] Activating service name='org.freedesktop.systemd1' requested by ':1.4' (uid=1000 pid=3373468 comm="/usr/bin/dbus-broker-launch --config-file=/usr/sha")
dbus-daemon[3372475]: [session uid=1000 pid=3372475 pidfd=5] Activated service 'org.freedesktop.systemd1' failed: Process org.freedesktop.systemd1 exited with status 1
[2m2026-10-03T03:52:02.681323Z[0m [33m WARN[0m [2mcua_driver_sdk::runtime[0m[2m:[0m could not activate the persistent AT-SPI listener: AT-SPI connect failed: ZBus Error: MethodError(OwnedErrorName("org.freedesktop.DBus.Error.NameHasNoOwner"), Some("Could not activate remote peer 'org.a11y.atspi.Registry': unit failed"), Msg { type: Error, serial: 4294967295, sender: UniqueName("org.freedesktop.DBus"), reply-serial: 9, body: Str, fds: [] })
[2m2026-10-03T03:52:02.692643Z[0m [33m WARN[0m [2mplatform_linux::overlay[0m[2m:[0m X11 overlay: root reads cannot see this window's own pixels; save-unders will be served without readback confirmation
dbus-daemon[3372475]: [session uid=1000 pid=3372475 pidfd=5] Activating service name='org.freedesktop.systemd1' requested by ':1.4' (uid=1000 pid=3373468 comm="/usr/bin/dbus-broker-launch --config-file=/usr/sha")
dbus-daemon[3372475]: [session uid=1000 pid=3372475 pidfd=5] Activated service 'org.freedesktop.systemd1' failed: Process org.freedesktop.systemd1 exited with status 1
dbus-daemon[3372475]: [session uid=1000 pid=3372475 pidfd=5] Activating service name='org.freedesktop.systemd1' requested by ':1.4' (uid=1000 pid=3373468 comm="/usr/bin/dbus-broker-launch --config-file=/usr/sha")
dbus-daemon[3372475]: [session uid=1000 pid=3372475 pidfd=5] Activated service 'org.freedesktop.systemd1' failed: Process org.freedesktop.systemd1 exited with status 1
{"trial": "x14-P4-toggle-W0", "outcome": "verified", "oracle_exact_match": true, "completion_mutations": 1, "routes": ["provider", "provider"], "loadavg_before": "11.80 15.13 15.76 7/2860 3412755"}
dbus-daemon[3372475]: [session uid=1000 pid=3372475 pidfd=5] Activating service name='org.freedesktop.systemd1' requested by ':1.4' (uid=1000 pid=3373468 comm="/usr/bin/dbus-broker-launch --config-file=/usr/sha")
dbus-daemon[3372475]: [session uid=1000 pid=3372475 pidfd=5] Activated service 'org.freedesktop.systemd1' failed: Process org.freedesktop.systemd1 exited with status 1
[2m2026-10-03T03:52:04.387057Z[0m [33m WARN[0m [2mcua_driver_sdk::runtime[0m[2m:[0m could not activate the persistent AT-SPI listener: AT-SPI connect failed: ZBus Error: MethodError(OwnedErrorName("org.freedesktop.DBus.Error.NameHasNoOwner"), Some("Could not activate remote peer 'org.a11y.atspi.Registry': unit failed"), Msg { type: Error, serial: 4294967295, sender: UniqueName("org.freedesktop.DBus"), reply-serial: 9, body: Str, fds: [] })
[2m2026-10-03T03:52:04.396943Z[0m [33m WARN[0m [2mplatform_linux::overlay[0m[2m:[0m X11 overlay: root reads cannot see this window's own pixels; save-unders will be served without readback confirmation
dbus-daemon[3372475]: [session uid=1000 pid=3372475 pidfd=5] Activating service name='org.freedesktop.systemd1' requested by ':1.4' (uid=1000 pid=3373468 comm="/usr/bin/dbus-broker-launch --config-file=/usr/sha")
dbus-daemon[3372475]: [session uid=1000 pid=3372475 pidfd=5] Activated service 'org.freedesktop.systemd1' failed: Process org.freedesktop.systemd1 exited with status 1
dbus-daemon[3372475]: [session uid=1000 pid=3372475 pidfd=5] Activating service name='org.freedesktop.systemd1' requested by ':1.4' (uid=1000 pid=3373468 comm="/usr/bin/dbus-broker-launch --config-file=/usr/sha")
dbus-daemon[3372475]: [session uid=1000 pid=3372475 pidfd=5] Activated service 'org.freedesktop.systemd1' failed: Process org.freedesktop.systemd1 exited with status 1
{"trial": "x14-P4-toggle-PREWARM", "outcome": "verified", "oracle_exact_match": true, "completion_mutations": 1, "routes": ["provider", "provider"], "loadavg_before": "11.80 15.13 15.76 5/2873 3413120"}
dbus-daemon[3372475]: [session uid=1000 pid=3372475 pidfd=5] Activating service name='org.freedesktop.systemd1' requested by ':1.4' (uid=1000 pid=3373468 comm="/usr/bin/dbus-broker-launch --config-file=/usr/sha")
dbus-daemon[3372475]: [session uid=1000 pid=3372475 pidfd=5] Activated service 'org.freedesktop.systemd1' failed: Process org.freedesktop.systemd1 exited with status 1
[2m2026-10-03T03:52:06.208633Z[0m [33m WARN[0m [2mcua_driver_sdk::runtime[0m[2m:[0m could not activate the persistent AT-SPI listener: AT-SPI connect failed: ZBus Error: MethodError(OwnedErrorName("org.freedesktop.DBus.Error.NameHasNoOwner"), Some("Could not activate remote peer 'org.a11y.atspi.Registry': unit failed"), Msg { type: Error, serial: 4294967295, sender: UniqueName("org.freedesktop.DBus"), reply-serial: 9, body: Str, fds: [] })
[2m2026-10-03T03:52:06.220137Z[0m [33m WARN[0m [2mplatform_linux::overlay[0m[2m:[0m X11 overlay: root reads cannot see this window's own pixels; save-unders will be served without readback confirmation
dbus-daemon[3372475]: [session uid=1000 pid=3372475 pidfd=5] Activating service name='org.freedesktop.systemd1' requested by ':1.4' (uid=1000 pid=3373468 comm="/usr/bin/dbus-broker-launch --config-file=/usr/sha")
dbus-daemon[3372475]: [session uid=1000 pid=3372475 pidfd=5] Activated service 'org.freedesktop.systemd1' failed: Process org.freedesktop.systemd1 exited with status 1
dbus-daemon[3372475]: [session uid=1000 pid=3372475 pidfd=5] Activating service name='org.freedesktop.systemd1' requested by ':1.4' (uid=1000 pid=3373468 comm="/usr/bin/dbus-broker-launch --config-file=/usr/sha")
dbus-daemon[3372475]: [session uid=1000 pid=3372475 pidfd=5] Activated service 'org.freedesktop.systemd1' failed: Process org.freedesktop.systemd1 exited with status 1
{"trial": "x15-P4-toggle-W0", "outcome": "verified", "oracle_exact_match": true, "completion_mutations": 1, "routes": ["provider", "provider"], "loadavg_before": "11.80 15.13 15.76 6/2879 3413605"}
dbus-daemon[3372475]: [session uid=1000 pid=3372475 pidfd=5] Activating service name='org.freedesktop.systemd1' requested by ':1.4' (uid=1000 pid=3373468 comm="/usr/bin/dbus-broker-launch --config-file=/usr/sha")
dbus-daemon[3372475]: [session uid=1000 pid=3372475 pidfd=5] Activated service 'org.freedesktop.systemd1' failed: Process org.freedesktop.systemd1 exited with status 1
[2m2026-10-03T03:52:07.940116Z[0m [33m WARN[0m [2mcua_driver_sdk::runtime[0m[2m:[0m could not activate the persistent AT-SPI listener: AT-SPI connect failed: ZBus Error: MethodError(OwnedErrorName("org.freedesktop.DBus.Error.NameHasNoOwner"), Some("Could not activate remote peer 'org.a11y.atspi.Registry': unit failed"), Msg { type: Error, serial: 4294967295, sender: UniqueName("org.freedesktop.DBus"), reply-serial: 9, body: Str, fds: [] })
[2m2026-10-03T03:52:07.952120Z[0m [33m WARN[0m [2mplatform_linux::overlay[0m[2m:[0m X11 overlay: root reads cannot see this window's own pixels; save-unders will be served without readback confirmation
dbus-daemon[3372475]: [session uid=1000 pid=3372475 pidfd=5] Activating service name='org.freedesktop.systemd1' requested by ':1.4' (uid=1000 pid=3373468 comm="/usr/bin/dbus-broker-launch --config-file=/usr/sha")
dbus-daemon[3372475]: [session uid=1000 pid=3372475 pidfd=5] Activated service 'org.freedesktop.systemd1' failed: Process org.freedesktop.systemd1 exited with status 1
dbus-daemon[3372475]: [session uid=1000 pid=3372475 pidfd=5] Activating service name='org.freedesktop.systemd1' requested by ':1.4' (uid=1000 pid=3373468 comm="/usr/bin/dbus-broker-launch --config-file=/usr/sha")
dbus-daemon[3372475]: [session uid=1000 pid=3372475 pidfd=5] Activated service 'org.freedesktop.systemd1' failed: Process org.freedesktop.systemd1 exited with status 1
{"trial": "x15-P4-toggle-W80", "outcome": "verified", "oracle_exact_match": true, "completion_mutations": 1, "routes": ["provider", "provider"], "loadavg_before": "11.73 15.06 15.74 4/2903 3413997"}
dbus-daemon[3372475]: [session uid=1000 pid=3372475 pidfd=5] Activating service name='org.freedesktop.systemd1' requested by ':1.4' (uid=1000 pid=3373468 comm="/usr/bin/dbus-broker-launch --config-file=/usr/sha")
dbus-daemon[3372475]: [session uid=1000 pid=3372475 pidfd=5] Activated service 'org.freedesktop.systemd1' failed: Process org.freedesktop.systemd1 exited with status 1
[2m2026-10-03T03:52:09.701155Z[0m [33m WARN[0m [2mcua_driver_sdk::runtime[0m[2m:[0m could not activate the persistent AT-SPI listener: AT-SPI connect failed: ZBus Error: MethodError(OwnedErrorName("org.freedesktop.DBus.Error.NameHasNoOwner"), Some("Could not activate remote peer 'org.a11y.atspi.Registry': unit failed"), Msg { type: Error, serial: 4294967295, sender: UniqueName("org.freedesktop.DBus"), reply-serial: 9, body: Str, fds: [] })
[2m2026-10-03T03:52:09.717181Z[0m [33m WARN[0m [2mplatform_linux::overlay[0m[2m:[0m X11 overlay: root reads cannot see this window's own pixels; save-unders will be served without readback confirmation
dbus-daemon[3372475]: [session uid=1000 pid=3372475 pidfd=5] Activating service name='org.freedesktop.systemd1' requested by ':1.4' (uid=1000 pid=3373468 comm="/usr/bin/dbus-broker-launch --config-file=/usr/sha")
dbus-daemon[3372475]: [session uid=1000 pid=3372475 pidfd=5] Activated service 'org.freedesktop.systemd1' failed: Process org.freedesktop.systemd1 exited with status 1
dbus-daemon[3372475]: [session uid=1000 pid=3372475 pidfd=5] Activating service name='org.freedesktop.systemd1' requested by ':1.4' (uid=1000 pid=3373468 comm="/usr/bin/dbus-broker-launch --config-file=/usr/sha")
dbus-daemon[3372475]: [session uid=1000 pid=3372475 pidfd=5] Activated service 'org.freedesktop.systemd1' failed: Process org.freedesktop.systemd1 exited with status 1
{"trial": "x15-P4-toggle-PREWARM", "outcome": "verified", "oracle_exact_match": true, "completion_mutations": 1, "routes": ["provider", "provider"], "loadavg_before": "11.73 15.06 15.74 6/2943 3414454"}
dbus-daemon[3372475]: [session uid=1000 pid=3372475 pidfd=5] Activating service name='org.freedesktop.systemd1' requested by ':1.4' (uid=1000 pid=3373468 comm="/usr/bin/dbus-broker-launch --config-file=/usr/sha")
dbus-daemon[3372475]: [session uid=1000 pid=3372475 pidfd=5] Activated service 'org.freedesktop.systemd1' failed: Process org.freedesktop.systemd1 exited with status 1
[2m2026-10-03T03:52:11.543949Z[0m [33m WARN[0m [2mcua_driver_sdk::runtime[0m[2m:[0m could not activate the persistent AT-SPI listener: AT-SPI connect failed: ZBus Error: MethodError(OwnedErrorName("org.freedesktop.DBus.Error.NameHasNoOwner"), Some("Could not activate remote peer 'org.a11y.atspi.Registry': unit failed"), Msg { type: Error, serial: 4294967295, sender: UniqueName("org.freedesktop.DBus"), reply-serial: 9, body: Str, fds: [] })
[2m2026-10-03T03:52:11.554194Z[0m [33m WARN[0m [2mplatform_linux::overlay[0m[2m:[0m X11 overlay: root reads cannot see this window's own pixels; save-unders will be served without readback confirmation
dbus-daemon[3372475]: [session uid=1000 pid=3372475 pidfd=5] Activating service name='org.freedesktop.systemd1' requested by ':1.4' (uid=1000 pid=3373468 comm="/usr/bin/dbus-broker-launch --config-file=/usr/sha")
dbus-daemon[3372475]: [session uid=1000 pid=3372475 pidfd=5] Activated service 'org.freedesktop.systemd1' failed: Process org.freedesktop.systemd1 exited with status 1
dbus-daemon[3372475]: [session uid=1000 pid=3372475 pidfd=5] Activating service name='org.freedesktop.systemd1' requested by ':1.4' (uid=1000 pid=3373468 comm="/usr/bin/dbus-broker-launch --config-file=/usr/sha")
dbus-daemon[3372475]: [session uid=1000 pid=3372475 pidfd=5] Activated service 'org.freedesktop.systemd1' failed: Process org.freedesktop.systemd1 exited with status 1
{"trial": "x15-P4-fill-PREWARM", "outcome": "verified", "oracle_exact_match": true, "completion_mutations": 1, "routes": ["compiled"], "loadavg_before": "11.73 15.06 15.74 6/2960 3414803"}
dbus-daemon[3372475]: [session uid=1000 pid=3372475 pidfd=5] Activating service name='org.freedesktop.systemd1' requested by ':1.4' (uid=1000 pid=3373468 comm="/usr/bin/dbus-broker-launch --config-file=/usr/sha")
dbus-daemon[3372475]: [session uid=1000 pid=3372475 pidfd=5] Activated service 'org.freedesktop.systemd1' failed: Process org.freedesktop.systemd1 exited with status 1
[2m2026-10-03T03:52:13.044695Z[0m [33m WARN[0m [2mcua_driver_sdk::runtime[0m[2m:[0m could not activate the persistent AT-SPI listener: AT-SPI connect failed: ZBus Error: MethodError(OwnedErrorName("org.freedesktop.DBus.Error.NameHasNoOwner"), Some("Could not activate remote peer 'org.a11y.atspi.Registry': unit failed"), Msg { type: Error, serial: 4294967295, sender: UniqueName("org.freedesktop.DBus"), reply-serial: 9, body: Str, fds: [] })
[2m2026-10-03T03:52:13.057094Z[0m [33m WARN[0m [2mplatform_linux::overlay[0m[2m:[0m X11 overlay: root reads cannot see this window's own pixels; save-unders will be served without readback confirmation
dbus-daemon[3372475]: [session uid=1000 pid=3372475 pidfd=5] Activating service name='org.freedesktop.systemd1' requested by ':1.4' (uid=1000 pid=3373468 comm="/usr/bin/dbus-broker-launch --config-file=/usr/sha")
dbus-daemon[3372475]: [session uid=1000 pid=3372475 pidfd=5] Activated service 'org.freedesktop.systemd1' failed: Process org.freedesktop.systemd1 exited with status 1
dbus-daemon[3372475]: [session uid=1000 pid=3372475 pidfd=5] Activating service name='org.freedesktop.systemd1' requested by ':1.4' (uid=1000 pid=3373468 comm="/usr/bin/dbus-broker-launch --config-file=/usr/sha")
dbus-daemon[3372475]: [session uid=1000 pid=3372475 pidfd=5] Activated service 'org.freedesktop.systemd1' failed: Process org.freedesktop.systemd1 exited with status 1
{"trial": "x15-P4-fill-W80", "outcome": "verified", "oracle_exact_match": true, "completion_mutations": 1, "routes": ["compiled"], "loadavg_before": "11.67 15.00 15.71 7/3148 3415310"}
dbus-daemon[3372475]: [session uid=1000 pid=3372475 pidfd=5] Activating service name='org.freedesktop.systemd1' requested by ':1.4' (uid=1000 pid=3373468 comm="/usr/bin/dbus-broker-launch --config-file=/usr/sha")
dbus-daemon[3372475]: [session uid=1000 pid=3372475 pidfd=5] Activated service 'org.freedesktop.systemd1' failed: Process org.freedesktop.systemd1 exited with status 1
[2m2026-10-03T03:52:14.546675Z[0m [33m WARN[0m [2mcua_driver_sdk::runtime[0m[2m:[0m could not activate the persistent AT-SPI listener: AT-SPI connect failed: ZBus Error: MethodError(OwnedErrorName("org.freedesktop.DBus.Error.NameHasNoOwner"), Some("Could not activate remote peer 'org.a11y.atspi.Registry': unit failed"), Msg { type: Error, serial: 4294967295, sender: UniqueName("org.freedesktop.DBus"), reply-serial: 9, body: Str, fds: [] })
[2m2026-10-03T03:52:14.560658Z[0m [33m WARN[0m [2mplatform_linux::overlay[0m[2m:[0m X11 overlay: root reads cannot see this window's own pixels; save-unders will be served without readback confirmation
dbus-daemon[3372475]: [session uid=1000 pid=3372475 pidfd=5] Activating service name='org.freedesktop.systemd1' requested by ':1.4' (uid=1000 pid=3373468 comm="/usr/bin/dbus-broker-launch --config-file=/usr/sha")
dbus-daemon[3372475]: [session uid=1000 pid=3372475 pidfd=5] Activated service 'org.freedesktop.systemd1' failed: Process org.freedesktop.systemd1 exited with status 1
dbus-daemon[3372475]: [session uid=1000 pid=3372475 pidfd=5] Activating service name='org.freedesktop.systemd1' requested by ':1.4' (uid=1000 pid=3373468 comm="/usr/bin/dbus-broker-launch --config-file=/usr/sha")
dbus-daemon[3372475]: [session uid=1000 pid=3372475 pidfd=5] Activated service 'org.freedesktop.systemd1' failed: Process org.freedesktop.systemd1 exited with status 1
{"trial": "x15-P4-fill-W0", "outcome": "verified", "oracle_exact_match": true, "completion_mutations": 1, "routes": ["compiled"], "loadavg_before": "11.67 15.00 15.71 6/3145 3415687"}
dbus-daemon[3372475]: [session uid=1000 pid=3372475 pidfd=5] Activating service name='org.freedesktop.systemd1' requested by ':1.4' (uid=1000 pid=3373468 comm="/usr/bin/dbus-broker-launch --config-file=/usr/sha")
dbus-daemon[3372475]: [session uid=1000 pid=3372475 pidfd=5] Activated service 'org.freedesktop.systemd1' failed: Process org.freedesktop.systemd1 exited with status 1
[2m2026-10-03T03:52:16.045994Z[0m [33m WARN[0m [2mcua_driver_sdk::runtime[0m[2m:[0m could not activate the persistent AT-SPI listener: AT-SPI connect failed: ZBus Error: MethodError(OwnedErrorName("org.freedesktop.DBus.Error.NameHasNoOwner"), Some("Could not activate remote peer 'org.a11y.atspi.Registry': unit failed"), Msg { type: Error, serial: 4294967295, sender: UniqueName("org.freedesktop.DBus"), reply-serial: 9, body: Str, fds: [] })
[2m2026-10-03T03:52:16.058562Z[0m [33m WARN[0m [2mplatform_linux::overlay[0m[2m:[0m X11 overlay: root reads cannot see this window's own pixels; save-unders will be served without readback confirmation
dbus-daemon[3372475]: [session uid=1000 pid=3372475 pidfd=5] Activating service name='org.freedesktop.systemd1' requested by ':1.4' (uid=1000 pid=3373468 comm="/usr/bin/dbus-broker-launch --config-file=/usr/sha")
dbus-daemon[3372475]: [session uid=1000 pid=3372475 pidfd=5] Activated service 'org.freedesktop.systemd1' failed: Process org.freedesktop.systemd1 exited with status 1
dbus-daemon[3372475]: [session uid=1000 pid=3372475 pidfd=5] Activating service name='org.freedesktop.systemd1' requested by ':1.4' (uid=1000 pid=3373468 comm="/usr/bin/dbus-broker-launch --config-file=/usr/sha")
dbus-daemon[3372475]: [session uid=1000 pid=3372475 pidfd=5] Activated service 'org.freedesktop.systemd1' failed: Process org.freedesktop.systemd1 exited with status 1
{"trial": "x16-P4-fill-W0", "outcome": "verified", "oracle_exact_match": true, "completion_mutations": 1, "routes": ["compiled"], "loadavg_before": "11.67 15.00 15.71 5/3169 3416047"}
dbus-daemon[3372475]: [session uid=1000 pid=3372475 pidfd=5] Activating service name='org.freedesktop.systemd1' requested by ':1.4' (uid=1000 pid=3373468 comm="/usr/bin/dbus-broker-launch --config-file=/usr/sha")
dbus-daemon[3372475]: [session uid=1000 pid=3372475 pidfd=5] Activated service 'org.freedesktop.systemd1' failed: Process org.freedesktop.systemd1 exited with status 1
[2m2026-10-03T03:52:17.547595Z[0m [33m WARN[0m [2mcua_driver_sdk::runtime[0m[2m:[0m could not activate the persistent AT-SPI listener: AT-SPI connect failed: ZBus Error: MethodError(OwnedErrorName("org.freedesktop.DBus.Error.NameHasNoOwner"), Some("Could not activate remote peer 'org.a11y.atspi.Registry': unit failed"), Msg { type: Error, serial: 4294967295, sender: UniqueName("org.freedesktop.DBus"), reply-serial: 9, body: Str, fds: [] })
[2m2026-10-03T03:52:17.559994Z[0m [33m WARN[0m [2mplatform_linux::overlay[0m[2m:[0m X11 overlay: root reads cannot see this window's own pixels; save-unders will be served without readback confirmation
dbus-daemon[3372475]: [session uid=1000 pid=3372475 pidfd=5] Activating service name='org.freedesktop.systemd1' requested by ':1.4' (uid=1000 pid=3373468 comm="/usr/bin/dbus-broker-launch --config-file=/usr/sha")
dbus-daemon[3372475]: [session uid=1000 pid=3372475 pidfd=5] Activated service 'org.freedesktop.systemd1' failed: Process org.freedesktop.systemd1 exited with status 1
dbus-daemon[3372475]: [session uid=1000 pid=3372475 pidfd=5] Activating service name='org.freedesktop.systemd1' requested by ':1.4' (uid=1000 pid=3373468 comm="/usr/bin/dbus-broker-launch --config-file=/usr/sha")
dbus-daemon[3372475]: [session uid=1000 pid=3372475 pidfd=5] Activated service 'org.freedesktop.systemd1' failed: Process org.freedesktop.systemd1 exited with status 1
{"trial": "x16-P4-fill-PREWARM", "outcome": "verified", "oracle_exact_match": true, "completion_mutations": 1, "routes": ["compiled"], "loadavg_before": "11.78 14.96 15.70 9/3183 3416408"}
dbus-daemon[3372475]: [session uid=1000 pid=3372475 pidfd=5] Activating service name='org.freedesktop.systemd1' requested by ':1.4' (uid=1000 pid=3373468 comm="/usr/bin/dbus-broker-launch --config-file=/usr/sha")
dbus-daemon[3372475]: [session uid=1000 pid=3372475 pidfd=5] Activated service 'org.freedesktop.systemd1' failed: Process org.freedesktop.systemd1 exited with status 1
[2m2026-10-03T03:52:19.049350Z[0m [33m WARN[0m [2mcua_driver_sdk::runtime[0m[2m:[0m could not activate the persistent AT-SPI listener: AT-SPI connect failed: ZBus Error: MethodError(OwnedErrorName("org.freedesktop.DBus.Error.NameHasNoOwner"), Some("Could not activate remote peer 'org.a11y.atspi.Registry': unit failed"), Msg { type: Error, serial: 4294967295, sender: UniqueName("org.freedesktop.DBus"), reply-serial: 9, body: Str, fds: [] })
[2m2026-10-03T03:52:19.063307Z[0m [33m WARN[0m [2mplatform_linux::overlay[0m[2m:[0m X11 overlay: root reads cannot see this window's own pixels; save-unders will be served without readback confirmation
dbus-daemon[3372475]: [session uid=1000 pid=3372475 pidfd=5] Activating service name='org.freedesktop.systemd1' requested by ':1.4' (uid=1000 pid=3373468 comm="/usr/bin/dbus-broker-launch --config-file=/usr/sha")
dbus-daemon[3372475]: [session uid=1000 pid=3372475 pidfd=5] Activated service 'org.freedesktop.systemd1' failed: Process org.freedesktop.systemd1 exited with status 1
dbus-daemon[3372475]: [session uid=1000 pid=3372475 pidfd=5] Activating service name='org.freedesktop.systemd1' requested by ':1.4' (uid=1000 pid=3373468 comm="/usr/bin/dbus-broker-launch --config-file=/usr/sha")
dbus-daemon[3372475]: [session uid=1000 pid=3372475 pidfd=5] Activated service 'org.freedesktop.systemd1' failed: Process org.freedesktop.systemd1 exited with status 1
{"trial": "x16-P4-fill-W80", "outcome": "verified", "oracle_exact_match": true, "completion_mutations": 1, "routes": ["compiled"], "loadavg_before": "11.78 14.96 15.70 14/3188 3416827"}
dbus-daemon[3372475]: [session uid=1000 pid=3372475 pidfd=5] Activating service name='org.freedesktop.systemd1' requested by ':1.4' (uid=1000 pid=3373468 comm="/usr/bin/dbus-broker-launch --config-file=/usr/sha")
dbus-daemon[3372475]: [session uid=1000 pid=3372475 pidfd=5] Activated service 'org.freedesktop.systemd1' failed: Process org.freedesktop.systemd1 exited with status 1
[2m2026-10-03T03:52:20.557365Z[0m [33m WARN[0m [2mcua_driver_sdk::runtime[0m[2m:[0m could not activate the persistent AT-SPI listener: AT-SPI connect failed: ZBus Error: MethodError(OwnedErrorName("org.freedesktop.DBus.Error.NameHasNoOwner"), Some("Could not activate remote peer 'org.a11y.atspi.Registry': unit failed"), Msg { type: Error, serial: 4294967295, sender: UniqueName("org.freedesktop.DBus"), reply-serial: 9, body: Str, fds: [] })
[2m2026-10-03T03:52:20.589676Z[0m [33m WARN[0m [2mplatform_linux::overlay[0m[2m:[0m X11 overlay: root reads cannot see this window's own pixels; save-unders will be served without readback confirmation
dbus-daemon[3372475]: [session uid=1000 pid=3372475 pidfd=5] Activating service name='org.freedesktop.systemd1' requested by ':1.4' (uid=1000 pid=3373468 comm="/usr/bin/dbus-broker-launch --config-file=/usr/sha")
dbus-daemon[3372475]: [session uid=1000 pid=3372475 pidfd=5] Activated service 'org.freedesktop.systemd1' failed: Process org.freedesktop.systemd1 exited with status 1
dbus-daemon[3372475]: [session uid=1000 pid=3372475 pidfd=5] Activating service name='org.freedesktop.systemd1' requested by ':1.4' (uid=1000 pid=3373468 comm="/usr/bin/dbus-broker-launch --config-file=/usr/sha")
dbus-daemon[3372475]: [session uid=1000 pid=3372475 pidfd=5] Activated service 'org.freedesktop.systemd1' failed: Process org.freedesktop.systemd1 exited with status 1
{"trial": "x16-P4-toggle-W80", "outcome": "verified", "oracle_exact_match": true, "completion_mutations": 1, "routes": ["provider", "provider"], "loadavg_before": "11.78 14.96 15.70 13/3153 3417449"}
dbus-daemon[3372475]: [session uid=1000 pid=3372475 pidfd=5] Activating service name='org.freedesktop.systemd1' requested by ':1.4' (uid=1000 pid=3373468 comm="/usr/bin/dbus-broker-launch --config-file=/usr/sha")
dbus-daemon[3372475]: [session uid=1000 pid=3372475 pidfd=5] Activated service 'org.freedesktop.systemd1' failed: Process org.freedesktop.systemd1 exited with status 1
[2m2026-10-03T03:52:22.091509Z[0m [33m WARN[0m [2mcua_driver_sdk::runtime[0m[2m:[0m could not activate the persistent AT-SPI listener: AT-SPI connect failed: ZBus Error: MethodError(OwnedErrorName("org.freedesktop.DBus.Error.NameHasNoOwner"), Some("Could not activate remote peer 'org.a11y.atspi.Registry': unit failed"), Msg { type: Error, serial: 4294967295, sender: UniqueName("org.freedesktop.DBus"), reply-serial: 9, body: Str, fds: [] })
[2m2026-10-03T03:52:22.111293Z[0m [33m WARN[0m [2mplatform_linux::overlay[0m[2m:[0m X11 overlay: root reads cannot see this window's own pixels; save-unders will be served without readback confirmation
dbus-daemon[3372475]: [session uid=1000 pid=3372475 pidfd=5] Activating service name='org.freedesktop.systemd1' requested by ':1.4' (uid=1000 pid=3373468 comm="/usr/bin/dbus-broker-launch --config-file=/usr/sha")
dbus-daemon[3372475]: [session uid=1000 pid=3372475 pidfd=5] Activated service 'org.freedesktop.systemd1' failed: Process org.freedesktop.systemd1 exited with status 1
dbus-daemon[3372475]: [session uid=1000 pid=3372475 pidfd=5] Activating service name='org.freedesktop.systemd1' requested by ':1.4' (uid=1000 pid=3373468 comm="/usr/bin/dbus-broker-launch --config-file=/usr/sha")
dbus-daemon[3372475]: [session uid=1000 pid=3372475 pidfd=5] Activated service 'org.freedesktop.systemd1' failed: Process org.freedesktop.systemd1 exited with status 1
{"trial": "x16-P4-toggle-PREWARM", "outcome": "verified", "oracle_exact_match": true, "completion_mutations": 1, "routes": ["provider", "provider"], "loadavg_before": "11.24 14.80 15.64 6/3065 3417817"}
dbus-daemon[3372475]: [session uid=1000 pid=3372475 pidfd=5] Activating service name='org.freedesktop.systemd1' requested by ':1.4' (uid=1000 pid=3373468 comm="/usr/bin/dbus-broker-launch --config-file=/usr/sha")
dbus-daemon[3372475]: [session uid=1000 pid=3372475 pidfd=5] Activated service 'org.freedesktop.systemd1' failed: Process org.freedesktop.systemd1 exited with status 1
[2m2026-10-03T03:52:24.086326Z[0m [33m WARN[0m [2mcua_driver_sdk::runtime[0m[2m:[0m could not activate the persistent AT-SPI listener: AT-SPI connect failed: ZBus Error: MethodError(OwnedErrorName("org.freedesktop.DBus.Error.NameHasNoOwner"), Some("Could not activate remote peer 'org.a11y.atspi.Registry': unit failed"), Msg { type: Error, serial: 4294967295, sender: UniqueName("org.freedesktop.DBus"), reply-serial: 9, body: Str, fds: [] })
[2m2026-10-03T03:52:24.104047Z[0m [33m WARN[0m [2mplatform_linux::overlay[0m[2m:[0m X11 overlay: root reads cannot see this window's own pixels; save-unders will be served without readback confirmation
dbus-daemon[3372475]: [session uid=1000 pid=3372475 pidfd=5] Activating service name='org.freedesktop.systemd1' requested by ':1.4' (uid=1000 pid=3373468 comm="/usr/bin/dbus-broker-launch --config-file=/usr/sha")
dbus-daemon[3372475]: [session uid=1000 pid=3372475 pidfd=5] Activated service 'org.freedesktop.systemd1' failed: Process org.freedesktop.systemd1 exited with status 1
dbus-daemon[3372475]: [session uid=1000 pid=3372475 pidfd=5] Activating service name='org.freedesktop.systemd1' requested by ':1.4' (uid=1000 pid=3373468 comm="/usr/bin/dbus-broker-launch --config-file=/usr/sha")
dbus-daemon[3372475]: [session uid=1000 pid=3372475 pidfd=5] Activated service 'org.freedesktop.systemd1' failed: Process org.freedesktop.systemd1 exited with status 1
{"trial": "x16-P4-toggle-W0", "outcome": "verified", "oracle_exact_match": true, "completion_mutations": 1, "routes": ["provider", "provider"], "loadavg_before": "11.24 14.80 15.64 10/3071 3418158"}
dbus-daemon[3372475]: [session uid=1000 pid=3372475 pidfd=5] Activating service name='org.freedesktop.systemd1' requested by ':1.4' (uid=1000 pid=3373468 comm="/usr/bin/dbus-broker-launch --config-file=/usr/sha")
dbus-daemon[3372475]: [session uid=1000 pid=3372475 pidfd=5] Activated service 'org.freedesktop.systemd1' failed: Process org.freedesktop.systemd1 exited with status 1
[2m2026-10-03T03:52:25.989624Z[0m [33m WARN[0m [2mcua_driver_sdk::runtime[0m[2m:[0m could not activate the persistent AT-SPI listener: AT-SPI connect failed: ZBus Error: MethodError(OwnedErrorName("org.freedesktop.DBus.Error.NameHasNoOwner"), Some("Could not activate remote peer 'org.a11y.atspi.Registry': unit failed"), Msg { type: Error, serial: 4294967295, sender: UniqueName("org.freedesktop.DBus"), reply-serial: 9, body: Str, fds: [] })
[2m2026-10-03T03:52:26.011115Z[0m [33m WARN[0m [2mplatform_linux::overlay[0m[2m:[0m X11 overlay: root reads cannot see this window's own pixels; save-unders will be served without readback confirmation
dbus-daemon[3372475]: [session uid=1000 pid=3372475 pidfd=5] Activating service name='org.freedesktop.systemd1' requested by ':1.4' (uid=1000 pid=3373468 comm="/usr/bin/dbus-broker-launch --config-file=/usr/sha")
dbus-daemon[3372475]: [session uid=1000 pid=3372475 pidfd=5] Activated service 'org.freedesktop.systemd1' failed: Process org.freedesktop.systemd1 exited with status 1
dbus-daemon[3372475]: [session uid=1000 pid=3372475 pidfd=5] Activating service name='org.freedesktop.systemd1' requested by ':1.4' (uid=1000 pid=3373468 comm="/usr/bin/dbus-broker-launch --config-file=/usr/sha")
dbus-daemon[3372475]: [session uid=1000 pid=3372475 pidfd=5] Activated service 'org.freedesktop.systemd1' failed: Process org.freedesktop.systemd1 exited with status 1
{"trial": "x17-P4-toggle-PREWARM", "outcome": "verified", "oracle_exact_match": true, "completion_mutations": 1, "routes": ["provider", "provider"], "loadavg_before": "11.24 14.80 15.64 9/3075 3418641"}
dbus-daemon[3372475]: [session uid=1000 pid=3372475 pidfd=5] Activating service name='org.freedesktop.systemd1' requested by ':1.4' (uid=1000 pid=3373468 comm="/usr/bin/dbus-broker-launch --config-file=/usr/sha")
dbus-daemon[3372475]: [session uid=1000 pid=3372475 pidfd=5] Activated service 'org.freedesktop.systemd1' failed: Process org.freedesktop.systemd1 exited with status 1
[2m2026-10-03T03:52:27.918858Z[0m [33m WARN[0m [2mcua_driver_sdk::runtime[0m[2m:[0m could not activate the persistent AT-SPI listener: AT-SPI connect failed: ZBus Error: MethodError(OwnedErrorName("org.freedesktop.DBus.Error.NameHasNoOwner"), Some("Could not activate remote peer 'org.a11y.atspi.Registry': unit failed"), Msg { type: Error, serial: 4294967295, sender: UniqueName("org.freedesktop.DBus"), reply-serial: 9, body: Str, fds: [] })
[2m2026-10-03T03:52:27.936844Z[0m [33m WARN[0m [2mplatform_linux::overlay[0m[2m:[0m X11 overlay: root reads cannot see this window's own pixels; save-unders will be served without readback confirmation
dbus-daemon[3372475]: [session uid=1000 pid=3372475 pidfd=5] Activating service name='org.freedesktop.systemd1' requested by ':1.4' (uid=1000 pid=3373468 comm="/usr/bin/dbus-broker-launch --config-file=/usr/sha")
dbus-daemon[3372475]: [session uid=1000 pid=3372475 pidfd=5] Activated service 'org.freedesktop.systemd1' failed: Process org.freedesktop.systemd1 exited with status 1
dbus-daemon[3372475]: [session uid=1000 pid=3372475 pidfd=5] Activating service name='org.freedesktop.systemd1' requested by ':1.4' (uid=1000 pid=3373468 comm="/usr/bin/dbus-broker-launch --config-file=/usr/sha")
dbus-daemon[3372475]: [session uid=1000 pid=3372475 pidfd=5] Activated service 'org.freedesktop.systemd1' failed: Process org.freedesktop.systemd1 exited with status 1
{"trial": "x17-P4-toggle-W0", "outcome": "verified", "oracle_exact_match": true, "completion_mutations": 1, "routes": ["provider", "provider"], "loadavg_before": "10.82 14.65 15.59 6/3058 3418973"}
dbus-daemon[3372475]: [session uid=1000 pid=3372475 pidfd=5] Activating service name='org.freedesktop.systemd1' requested by ':1.4' (uid=1000 pid=3373468 comm="/usr/bin/dbus-broker-launch --config-file=/usr/sha")
dbus-daemon[3372475]: [session uid=1000 pid=3372475 pidfd=5] Activated service 'org.freedesktop.systemd1' failed: Process org.freedesktop.systemd1 exited with status 1
[2m2026-10-03T03:52:29.454313Z[0m [33m WARN[0m [2mcua_driver_sdk::runtime[0m[2m:[0m could not activate the persistent AT-SPI listener: AT-SPI connect failed: ZBus Error: MethodError(OwnedErrorName("org.freedesktop.DBus.Error.NameHasNoOwner"), Some("Could not activate remote peer 'org.a11y.atspi.Registry': unit failed"), Msg { type: Error, serial: 4294967295, sender: UniqueName("org.freedesktop.DBus"), reply-serial: 9, body: Str, fds: [] })
[2m2026-10-03T03:52:29.471386Z[0m [33m WARN[0m [2mplatform_linux::overlay[0m[2m:[0m X11 overlay: root reads cannot see this window's own pixels; save-unders will be served without readback confirmation
dbus-daemon[3372475]: [session uid=1000 pid=3372475 pidfd=5] Activating service name='org.freedesktop.systemd1' requested by ':1.4' (uid=1000 pid=3373468 comm="/usr/bin/dbus-broker-launch --config-file=/usr/sha")
dbus-daemon[3372475]: [session uid=1000 pid=3372475 pidfd=5] Activated service 'org.freedesktop.systemd1' failed: Process org.freedesktop.systemd1 exited with status 1
dbus-daemon[3372475]: [session uid=1000 pid=3372475 pidfd=5] Activating service name='org.freedesktop.systemd1' requested by ':1.4' (uid=1000 pid=3373468 comm="/usr/bin/dbus-broker-launch --config-file=/usr/sha")
dbus-daemon[3372475]: [session uid=1000 pid=3372475 pidfd=5] Activated service 'org.freedesktop.systemd1' failed: Process org.freedesktop.systemd1 exited with status 1
{"trial": "x17-P4-toggle-W80", "outcome": "verified", "oracle_exact_match": true, "completion_mutations": 1, "routes": ["provider", "provider"], "loadavg_before": "10.82 14.65 15.59 7/3055 3419367"}
dbus-daemon[3372475]: [session uid=1000 pid=3372475 pidfd=5] Activating service name='org.freedesktop.systemd1' requested by ':1.4' (uid=1000 pid=3373468 comm="/usr/bin/dbus-broker-launch --config-file=/usr/sha")
dbus-daemon[3372475]: [session uid=1000 pid=3372475 pidfd=5] Activated service 'org.freedesktop.systemd1' failed: Process org.freedesktop.systemd1 exited with status 1
[2m2026-10-03T03:52:31.492997Z[0m [33m WARN[0m [2mcua_driver_sdk::runtime[0m[2m:[0m could not activate the persistent AT-SPI listener: AT-SPI connect failed: ZBus Error: MethodError(OwnedErrorName("org.freedesktop.DBus.Error.NameHasNoOwner"), Some("Could not activate remote peer 'org.a11y.atspi.Registry': unit failed"), Msg { type: Error, serial: 4294967295, sender: UniqueName("org.freedesktop.DBus"), reply-serial: 9, body: Str, fds: [] })
[2m2026-10-03T03:52:31.508535Z[0m [33m WARN[0m [2mplatform_linux::overlay[0m[2m:[0m X11 overlay: root reads cannot see this window's own pixels; save-unders will be served without readback confirmation
dbus-daemon[3372475]: [session uid=1000 pid=3372475 pidfd=5] Activating service name='org.freedesktop.systemd1' requested by ':1.4' (uid=1000 pid=3373468 comm="/usr/bin/dbus-broker-launch --config-file=/usr/sha")
dbus-daemon[3372475]: [session uid=1000 pid=3372475 pidfd=5] Activated service 'org.freedesktop.systemd1' failed: Process org.freedesktop.systemd1 exited with status 1
dbus-daemon[3372475]: [session uid=1000 pid=3372475 pidfd=5] Activating service name='org.freedesktop.systemd1' requested by ':1.4' (uid=1000 pid=3373468 comm="/usr/bin/dbus-broker-launch --config-file=/usr/sha")
dbus-daemon[3372475]: [session uid=1000 pid=3372475 pidfd=5] Activated service 'org.freedesktop.systemd1' failed: Process org.freedesktop.systemd1 exited with status 1
{"trial": "x17-P4-fill-W80", "outcome": "verified", "oracle_exact_match": true, "completion_mutations": 1, "routes": ["compiled"], "loadavg_before": "10.82 14.65 15.59 4/3079 3419741"}
dbus-daemon[3372475]: [session uid=1000 pid=3372475 pidfd=5] Activating service name='org.freedesktop.systemd1' requested by ':1.4' (uid=1000 pid=3373468 comm="/usr/bin/dbus-broker-launch --config-file=/usr/sha")
dbus-daemon[3372475]: [session uid=1000 pid=3372475 pidfd=5] Activated service 'org.freedesktop.systemd1' failed: Process org.freedesktop.systemd1 exited with status 1
[2m2026-10-03T03:52:33.437940Z[0m [33m WARN[0m [2mcua_driver_sdk::runtime[0m[2m:[0m could not activate the persistent AT-SPI listener: AT-SPI connect failed: ZBus Error: MethodError(OwnedErrorName("org.freedesktop.DBus.Error.NameHasNoOwner"), Some("Could not activate remote peer 'org.a11y.atspi.Registry': unit failed"), Msg { type: Error, serial: 4294967295, sender: UniqueName("org.freedesktop.DBus"), reply-serial: 9, body: Str, fds: [] })
[2m2026-10-03T03:52:33.458791Z[0m [33m WARN[0m [2mplatform_linux::overlay[0m[2m:[0m X11 overlay: root reads cannot see this window's own pixels; save-unders will be served without readback confirmation
dbus-daemon[3372475]: [session uid=1000 pid=3372475 pidfd=5] Activating service name='org.freedesktop.systemd1' requested by ':1.4' (uid=1000 pid=3373468 comm="/usr/bin/dbus-broker-launch --config-file=/usr/sha")
dbus-daemon[3372475]: [session uid=1000 pid=3372475 pidfd=5] Activated service 'org.freedesktop.systemd1' failed: Process org.freedesktop.systemd1 exited with status 1
dbus-daemon[3372475]: [session uid=1000 pid=3372475 pidfd=5] Activating service name='org.freedesktop.systemd1' requested by ':1.4' (uid=1000 pid=3373468 comm="/usr/bin/dbus-broker-launch --config-file=/usr/sha")
dbus-daemon[3372475]: [session uid=1000 pid=3372475 pidfd=5] Activated service 'org.freedesktop.systemd1' failed: Process org.freedesktop.systemd1 exited with status 1
{"trial": "x17-P4-fill-W0", "outcome": "verified", "oracle_exact_match": true, "completion_mutations": 1, "routes": ["compiled"], "loadavg_before": "10.67 14.56 15.55 8/3109 3420118"}
dbus-daemon[3372475]: [session uid=1000 pid=3372475 pidfd=5] Activating service name='org.freedesktop.systemd1' requested by ':1.4' (uid=1000 pid=3373468 comm="/usr/bin/dbus-broker-launch --config-file=/usr/sha")
dbus-daemon[3372475]: [session uid=1000 pid=3372475 pidfd=5] Activated service 'org.freedesktop.systemd1' failed: Process org.freedesktop.systemd1 exited with status 1
[2m2026-10-03T03:52:34.938280Z[0m [33m WARN[0m [2mcua_driver_sdk::runtime[0m[2m:[0m could not activate the persistent AT-SPI listener: AT-SPI connect failed: ZBus Error: MethodError(OwnedErrorName("org.freedesktop.DBus.Error.NameHasNoOwner"), Some("Could not activate remote peer 'org.a11y.atspi.Registry': unit failed"), Msg { type: Error, serial: 4294967295, sender: UniqueName("org.freedesktop.DBus"), reply-serial: 9, body: Str, fds: [] })
[2m2026-10-03T03:52:34.963783Z[0m [33m WARN[0m [2mplatform_linux::overlay[0m[2m:[0m X11 overlay: root reads cannot see this window's own pixels; save-unders will be served without readback confirmation
dbus-daemon[3372475]: [session uid=1000 pid=3372475 pidfd=5] Activating service name='org.freedesktop.systemd1' requested by ':1.4' (uid=1000 pid=3373468 comm="/usr/bin/dbus-broker-launch --config-file=/usr/sha")
dbus-daemon[3372475]: [session uid=1000 pid=3372475 pidfd=5] Activated service 'org.freedesktop.systemd1' failed: Process org.freedesktop.systemd1 exited with status 1
dbus-daemon[3372475]: [session uid=1000 pid=3372475 pidfd=5] Activating service name='org.freedesktop.systemd1' requested by ':1.4' (uid=1000 pid=3373468 comm="/usr/bin/dbus-broker-launch --config-file=/usr/sha")
dbus-daemon[3372475]: [session uid=1000 pid=3372475 pidfd=5] Activated service 'org.freedesktop.systemd1' failed: Process org.freedesktop.systemd1 exited with status 1
{"trial": "x17-P4-fill-PREWARM", "outcome": "verified", "oracle_exact_match": true, "completion_mutations": 1, "routes": ["compiled"], "loadavg_before": "10.67 14.56 15.55 10/3142 3420593"}
dbus-daemon[3372475]: [session uid=1000 pid=3372475 pidfd=5] Activating service name='org.freedesktop.systemd1' requested by ':1.4' (uid=1000 pid=3373468 comm="/usr/bin/dbus-broker-launch --config-file=/usr/sha")
dbus-daemon[3372475]: [session uid=1000 pid=3372475 pidfd=5] Activated service 'org.freedesktop.systemd1' failed: Process org.freedesktop.systemd1 exited with status 1
[2m2026-10-03T03:52:36.942591Z[0m [33m WARN[0m [2mcua_driver_sdk::runtime[0m[2m:[0m could not activate the persistent AT-SPI listener: AT-SPI connect failed: ZBus Error: MethodError(OwnedErrorName("org.freedesktop.DBus.Error.NameHasNoOwner"), Some("Could not activate remote peer 'org.a11y.atspi.Registry': unit failed"), Msg { type: Error, serial: 4294967295, sender: UniqueName("org.freedesktop.DBus"), reply-serial: 9, body: Str, fds: [] })
[2m2026-10-03T03:52:36.960875Z[0m [33m WARN[0m [2mplatform_linux::overlay[0m[2m:[0m X11 overlay: root reads cannot see this window's own pixels; save-unders will be served without readback confirmation
dbus-daemon[3372475]: [session uid=1000 pid=3372475 pidfd=5] Activating service name='org.freedesktop.systemd1' requested by ':1.4' (uid=1000 pid=3373468 comm="/usr/bin/dbus-broker-launch --config-file=/usr/sha")
dbus-daemon[3372475]: [session uid=1000 pid=3372475 pidfd=5] Activated service 'org.freedesktop.systemd1' failed: Process org.freedesktop.systemd1 exited with status 1
dbus-daemon[3372475]: [session uid=1000 pid=3372475 pidfd=5] Activating service name='org.freedesktop.systemd1' requested by ':1.4' (uid=1000 pid=3373468 comm="/usr/bin/dbus-broker-launch --config-file=/usr/sha")
dbus-daemon[3372475]: [session uid=1000 pid=3372475 pidfd=5] Activated service 'org.freedesktop.systemd1' failed: Process org.freedesktop.systemd1 exited with status 1
{"trial": "x18-P4-fill-W0", "outcome": "verified", "oracle_exact_match": true, "completion_mutations": 1, "routes": ["compiled"], "loadavg_before": "10.62 14.48 15.52 11/3146 3421009"}
dbus-daemon[3372475]: [session uid=1000 pid=3372475 pidfd=5] Activating service name='org.freedesktop.systemd1' requested by ':1.4' (uid=1000 pid=3373468 comm="/usr/bin/dbus-broker-launch --config-file=/usr/sha")
dbus-daemon[3372475]: [session uid=1000 pid=3372475 pidfd=5] Activated service 'org.freedesktop.systemd1' failed: Process org.freedesktop.systemd1 exited with status 1
[2m2026-10-03T03:52:38.438518Z[0m [33m WARN[0m [2mcua_driver_sdk::runtime[0m[2m:[0m could not activate the persistent AT-SPI listener: AT-SPI connect failed: ZBus Error: MethodError(OwnedErrorName("org.freedesktop.DBus.Error.NameHasNoOwner"), Some("Could not activate remote peer 'org.a11y.atspi.Registry': unit failed"), Msg { type: Error, serial: 4294967295, sender: UniqueName("org.freedesktop.DBus"), reply-serial: 9, body: Str, fds: [] })
[2m2026-10-03T03:52:38.453524Z[0m [33m WARN[0m [2mplatform_linux::overlay[0m[2m:[0m X11 overlay: root reads cannot see this window's own pixels; save-unders will be served without readback confirmation
dbus-daemon[3372475]: [session uid=1000 pid=3372475 pidfd=5] Activating service name='org.freedesktop.systemd1' requested by ':1.4' (uid=1000 pid=3373468 comm="/usr/bin/dbus-broker-launch --config-file=/usr/sha")
dbus-daemon[3372475]: [session uid=1000 pid=3372475 pidfd=5] Activated service 'org.freedesktop.systemd1' failed: Process org.freedesktop.systemd1 exited with status 1
dbus-daemon[3372475]: [session uid=1000 pid=3372475 pidfd=5] Activating service name='org.freedesktop.systemd1' requested by ':1.4' (uid=1000 pid=3373468 comm="/usr/bin/dbus-broker-launch --config-file=/usr/sha")
dbus-daemon[3372475]: [session uid=1000 pid=3372475 pidfd=5] Activated service 'org.freedesktop.systemd1' failed: Process org.freedesktop.systemd1 exited with status 1
{"trial": "x18-P4-fill-W80", "outcome": "verified", "oracle_exact_match": true, "completion_mutations": 1, "routes": ["compiled"], "loadavg_before": "10.62 14.48 15.52 16/3128 3421370"}
dbus-daemon[3372475]: [session uid=1000 pid=3372475 pidfd=5] Activating service name='org.freedesktop.systemd1' requested by ':1.4' (uid=1000 pid=3373468 comm="/usr/bin/dbus-broker-launch --config-file=/usr/sha")
dbus-daemon[3372475]: [session uid=1000 pid=3372475 pidfd=5] Activated service 'org.freedesktop.systemd1' failed: Process org.freedesktop.systemd1 exited with status 1
[2m2026-10-03T03:52:39.942627Z[0m [33m WARN[0m [2mcua_driver_sdk::runtime[0m[2m:[0m could not activate the persistent AT-SPI listener: AT-SPI connect failed: ZBus Error: MethodError(OwnedErrorName("org.freedesktop.DBus.Error.NameHasNoOwner"), Some("Could not activate remote peer 'org.a11y.atspi.Registry': unit failed"), Msg { type: Error, serial: 4294967295, sender: UniqueName("org.freedesktop.DBus"), reply-serial: 9, body: Str, fds: [] })
[2m2026-10-03T03:52:39.963444Z[0m [33m WARN[0m [2mplatform_linux::overlay[0m[2m:[0m X11 overlay: root reads cannot see this window's own pixels; save-unders will be served without readback confirmation
dbus-daemon[3372475]: [session uid=1000 pid=3372475 pidfd=5] Activating service name='org.freedesktop.systemd1' requested by ':1.4' (uid=1000 pid=3373468 comm="/usr/bin/dbus-broker-launch --config-file=/usr/sha")
dbus-daemon[3372475]: [session uid=1000 pid=3372475 pidfd=5] Activated service 'org.freedesktop.systemd1' failed: Process org.freedesktop.systemd1 exited with status 1
dbus-daemon[3372475]: [session uid=1000 pid=3372475 pidfd=5] Activating service name='org.freedesktop.systemd1' requested by ':1.4' (uid=1000 pid=3373468 comm="/usr/bin/dbus-broker-launch --config-file=/usr/sha")
dbus-daemon[3372475]: [session uid=1000 pid=3372475 pidfd=5] Activated service 'org.freedesktop.systemd1' failed: Process org.freedesktop.systemd1 exited with status 1
{"trial": "x18-P4-fill-PREWARM", "outcome": "verified", "oracle_exact_match": true, "completion_mutations": 1, "routes": ["compiled"], "loadavg_before": "10.62 14.48 15.52 19/3119 3421797"}
dbus-daemon[3372475]: [session uid=1000 pid=3372475 pidfd=5] Activating service name='org.freedesktop.systemd1' requested by ':1.4' (uid=1000 pid=3373468 comm="/usr/bin/dbus-broker-launch --config-file=/usr/sha")
dbus-daemon[3372475]: [session uid=1000 pid=3372475 pidfd=5] Activated service 'org.freedesktop.systemd1' failed: Process org.freedesktop.systemd1 exited with status 1
[2m2026-10-03T03:52:41.940700Z[0m [33m WARN[0m [2mcua_driver_sdk::runtime[0m[2m:[0m could not activate the persistent AT-SPI listener: AT-SPI connect failed: ZBus Error: MethodError(OwnedErrorName("org.freedesktop.DBus.Error.NameHasNoOwner"), Some("Could not activate remote peer 'org.a11y.atspi.Registry': unit failed"), Msg { type: Error, serial: 4294967295, sender: UniqueName("org.freedesktop.DBus"), reply-serial: 9, body: Str, fds: [] })
[2m2026-10-03T03:52:41.956978Z[0m [33m WARN[0m [2mplatform_linux::overlay[0m[2m:[0m X11 overlay: root reads cannot see this window's own pixels; save-unders will be served without readback confirmation
dbus-daemon[3372475]: [session uid=1000 pid=3372475 pidfd=5] Activating service name='org.freedesktop.systemd1' requested by ':1.4' (uid=1000 pid=3373468 comm="/usr/bin/dbus-broker-launch --config-file=/usr/sha")
dbus-daemon[3372475]: [session uid=1000 pid=3372475 pidfd=5] Activated service 'org.freedesktop.systemd1' failed: Process org.freedesktop.systemd1 exited with status 1
dbus-daemon[3372475]: [session uid=1000 pid=3372475 pidfd=5] Activating service name='org.freedesktop.systemd1' requested by ':1.4' (uid=1000 pid=3373468 comm="/usr/bin/dbus-broker-launch --config-file=/usr/sha")
dbus-daemon[3372475]: [session uid=1000 pid=3372475 pidfd=5] Activated service 'org.freedesktop.systemd1' failed: Process org.freedesktop.systemd1 exited with status 1
{"trial": "x18-P4-toggle-PREWARM", "outcome": "verified", "oracle_exact_match": true, "completion_mutations": 1, "routes": ["provider", "provider"], "loadavg_before": "10.09 14.31 15.46 5/2905 3422224"}
dbus-daemon[3372475]: [session uid=1000 pid=3372475 pidfd=5] Activating service name='org.freedesktop.systemd1' requested by ':1.4' (uid=1000 pid=3373468 comm="/usr/bin/dbus-broker-launch --config-file=/usr/sha")
dbus-daemon[3372475]: [session uid=1000 pid=3372475 pidfd=5] Activated service 'org.freedesktop.systemd1' failed: Process org.freedesktop.systemd1 exited with status 1
[2m2026-10-03T03:52:43.869308Z[0m [33m WARN[0m [2mcua_driver_sdk::runtime[0m[2m:[0m could not activate the persistent AT-SPI listener: AT-SPI connect failed: ZBus Error: MethodError(OwnedErrorName("org.freedesktop.DBus.Error.NameHasNoOwner"), Some("Could not activate remote peer 'org.a11y.atspi.Registry': unit failed"), Msg { type: Error, serial: 4294967295, sender: UniqueName("org.freedesktop.DBus"), reply-serial: 9, body: Str, fds: [] })
[2m2026-10-03T03:52:43.882993Z[0m [33m WARN[0m [2mplatform_linux::overlay[0m[2m:[0m X11 overlay: root reads cannot see this window's own pixels; save-unders will be served without readback confirmation
dbus-daemon[3372475]: [session uid=1000 pid=3372475 pidfd=5] Activating service name='org.freedesktop.systemd1' requested by ':1.4' (uid=1000 pid=3373468 comm="/usr/bin/dbus-broker-launch --config-file=/usr/sha")
dbus-daemon[3372475]: [session uid=1000 pid=3372475 pidfd=5] Activated service 'org.freedesktop.systemd1' failed: Process org.freedesktop.systemd1 exited with status 1
dbus-daemon[3372475]: [session uid=1000 pid=3372475 pidfd=5] Activating service name='org.freedesktop.systemd1' requested by ':1.4' (uid=1000 pid=3373468 comm="/usr/bin/dbus-broker-launch --config-file=/usr/sha")
dbus-daemon[3372475]: [session uid=1000 pid=3372475 pidfd=5] Activated service 'org.freedesktop.systemd1' failed: Process org.freedesktop.systemd1 exited with status 1
{"trial": "x18-P4-toggle-W80", "outcome": "verified", "oracle_exact_match": true, "completion_mutations": 1, "routes": ["provider", "provider"], "loadavg_before": "10.09 14.31 15.46 5/2900 3422556"}
dbus-daemon[3372475]: [session uid=1000 pid=3372475 pidfd=5] Activating service name='org.freedesktop.systemd1' requested by ':1.4' (uid=1000 pid=3373468 comm="/usr/bin/dbus-broker-launch --config-file=/usr/sha")
dbus-daemon[3372475]: [session uid=1000 pid=3372475 pidfd=5] Activated service 'org.freedesktop.systemd1' failed: Process org.freedesktop.systemd1 exited with status 1
[2m2026-10-03T03:52:45.767860Z[0m [33m WARN[0m [2mcua_driver_sdk::runtime[0m[2m:[0m could not activate the persistent AT-SPI listener: AT-SPI connect failed: ZBus Error: MethodError(OwnedErrorName("org.freedesktop.DBus.Error.NameHasNoOwner"), Some("Could not activate remote peer 'org.a11y.atspi.Registry': unit failed"), Msg { type: Error, serial: 4294967295, sender: UniqueName("org.freedesktop.DBus"), reply-serial: 9, body: Str, fds: [] })
[2m2026-10-03T03:52:45.783549Z[0m [33m WARN[0m [2mplatform_linux::overlay[0m[2m:[0m X11 overlay: root reads cannot see this window's own pixels; save-unders will be served without readback confirmation
dbus-daemon[3372475]: [session uid=1000 pid=3372475 pidfd=5] Activating service name='org.freedesktop.systemd1' requested by ':1.4' (uid=1000 pid=3373468 comm="/usr/bin/dbus-broker-launch --config-file=/usr/sha")
dbus-daemon[3372475]: [session uid=1000 pid=3372475 pidfd=5] Activated service 'org.freedesktop.systemd1' failed: Process org.freedesktop.systemd1 exited with status 1
dbus-daemon[3372475]: [session uid=1000 pid=3372475 pidfd=5] Activating service name='org.freedesktop.systemd1' requested by ':1.4' (uid=1000 pid=3373468 comm="/usr/bin/dbus-broker-launch --config-file=/usr/sha")
dbus-daemon[3372475]: [session uid=1000 pid=3372475 pidfd=5] Activated service 'org.freedesktop.systemd1' failed: Process org.freedesktop.systemd1 exited with status 1
{"trial": "x18-P4-toggle-W0", "outcome": "verified", "oracle_exact_match": true, "completion_mutations": 1, "routes": ["provider", "provider"], "loadavg_before": "10.09 14.31 15.46 5/2723 3422894"}
dbus-daemon[3372475]: [session uid=1000 pid=3372475 pidfd=5] Activating service name='org.freedesktop.systemd1' requested by ':1.4' (uid=1000 pid=3373468 comm="/usr/bin/dbus-broker-launch --config-file=/usr/sha")
dbus-daemon[3372475]: [session uid=1000 pid=3372475 pidfd=5] Activated service 'org.freedesktop.systemd1' failed: Process org.freedesktop.systemd1 exited with status 1
[2m2026-10-03T03:52:47.732309Z[0m [33m WARN[0m [2mcua_driver_sdk::runtime[0m[2m:[0m could not activate the persistent AT-SPI listener: AT-SPI connect failed: ZBus Error: MethodError(OwnedErrorName("org.freedesktop.DBus.Error.NameHasNoOwner"), Some("Could not activate remote peer 'org.a11y.atspi.Registry': unit failed"), Msg { type: Error, serial: 4294967295, sender: UniqueName("org.freedesktop.DBus"), reply-serial: 9, body: Str, fds: [] })
[2m2026-10-03T03:52:47.762335Z[0m [33m WARN[0m [2mplatform_linux::overlay[0m[2m:[0m X11 overlay: root reads cannot see this window's own pixels; save-unders will be served without readback confirmation
dbus-daemon[3372475]: [session uid=1000 pid=3372475 pidfd=5] Activating service name='org.freedesktop.systemd1' requested by ':1.4' (uid=1000 pid=3373468 comm="/usr/bin/dbus-broker-launch --config-file=/usr/sha")
dbus-daemon[3372475]: [session uid=1000 pid=3372475 pidfd=5] Activated service 'org.freedesktop.systemd1' failed: Process org.freedesktop.systemd1 exited with status 1
dbus-daemon[3372475]: [session uid=1000 pid=3372475 pidfd=5] Activating service name='org.freedesktop.systemd1' requested by ':1.4' (uid=1000 pid=3373468 comm="/usr/bin/dbus-broker-launch --config-file=/usr/sha")
dbus-daemon[3372475]: [session uid=1000 pid=3372475 pidfd=5] Activated service 'org.freedesktop.systemd1' failed: Process org.freedesktop.systemd1 exited with status 1
{"trial": "x19-P4-toggle-W0", "outcome": "verified", "oracle_exact_match": true, "completion_mutations": 1, "routes": ["provider", "provider"], "loadavg_before": "10.40 14.30 15.45 19/2741 3423227"}
dbus-daemon[3372475]: [session uid=1000 pid=3372475 pidfd=5] Activating service name='org.freedesktop.systemd1' requested by ':1.4' (uid=1000 pid=3373468 comm="/usr/bin/dbus-broker-launch --config-file=/usr/sha")
dbus-daemon[3372475]: [session uid=1000 pid=3372475 pidfd=5] Activated service 'org.freedesktop.systemd1' failed: Process org.freedesktop.systemd1 exited with status 1
[2m2026-10-03T03:52:49.317339Z[0m [33m WARN[0m [2mcua_driver_sdk::runtime[0m[2m:[0m could not activate the persistent AT-SPI listener: AT-SPI connect failed: ZBus Error: MethodError(OwnedErrorName("org.freedesktop.DBus.Error.NameHasNoOwner"), Some("Could not activate remote peer 'org.a11y.atspi.Registry': unit failed"), Msg { type: Error, serial: 4294967295, sender: UniqueName("org.freedesktop.DBus"), reply-serial: 9, body: Str, fds: [] })
[2m2026-10-03T03:52:49.336323Z[0m [33m WARN[0m [2mplatform_linux::overlay[0m[2m:[0m X11 overlay: root reads cannot see this window's own pixels; save-unders will be served without readback confirmation
dbus-daemon[3372475]: [session uid=1000 pid=3372475 pidfd=5] Activating service name='org.freedesktop.systemd1' requested by ':1.4' (uid=1000 pid=3373468 comm="/usr/bin/dbus-broker-launch --config-file=/usr/sha")
dbus-daemon[3372475]: [session uid=1000 pid=3372475 pidfd=5] Activated service 'org.freedesktop.systemd1' failed: Process org.freedesktop.systemd1 exited with status 1
dbus-daemon[3372475]: [session uid=1000 pid=3372475 pidfd=5] Activating service name='org.freedesktop.systemd1' requested by ':1.4' (uid=1000 pid=3373468 comm="/usr/bin/dbus-broker-launch --config-file=/usr/sha")
dbus-daemon[3372475]: [session uid=1000 pid=3372475 pidfd=5] Activated service 'org.freedesktop.systemd1' failed: Process org.freedesktop.systemd1 exited with status 1
{"trial": "x19-P4-toggle-PREWARM", "outcome": "verified", "oracle_exact_match": true, "completion_mutations": 1, "routes": ["provider", "provider"], "loadavg_before": "10.40 14.30 15.45 8/2712 3423642"}
dbus-daemon[3372475]: [session uid=1000 pid=3372475 pidfd=5] Activating service name='org.freedesktop.systemd1' requested by ':1.4' (uid=1000 pid=3373468 comm="/usr/bin/dbus-broker-launch --config-file=/usr/sha")
dbus-daemon[3372475]: [session uid=1000 pid=3372475 pidfd=5] Activated service 'org.freedesktop.systemd1' failed: Process org.freedesktop.systemd1 exited with status 1
[2m2026-10-03T03:52:50.830547Z[0m [33m WARN[0m [2mcua_driver_sdk::runtime[0m[2m:[0m could not activate the persistent AT-SPI listener: AT-SPI connect failed: ZBus Error: MethodError(OwnedErrorName("org.freedesktop.DBus.Error.NameHasNoOwner"), Some("Could not activate remote peer 'org.a11y.atspi.Registry': unit failed"), Msg { type: Error, serial: 4294967295, sender: UniqueName("org.freedesktop.DBus"), reply-serial: 9, body: Str, fds: [] })
[2m2026-10-03T03:52:50.848244Z[0m [33m WARN[0m [2mplatform_linux::overlay[0m[2m:[0m X11 overlay: root reads cannot see this window's own pixels; save-unders will be served without readback confirmation
dbus-daemon[3372475]: [session uid=1000 pid=3372475 pidfd=5] Activating service name='org.freedesktop.systemd1' requested by ':1.4' (uid=1000 pid=3373468 comm="/usr/bin/dbus-broker-launch --config-file=/usr/sha")
dbus-daemon[3372475]: [session uid=1000 pid=3372475 pidfd=5] Activated service 'org.freedesktop.systemd1' failed: Process org.freedesktop.systemd1 exited with status 1
dbus-daemon[3372475]: [session uid=1000 pid=3372475 pidfd=5] Activating service name='org.freedesktop.systemd1' requested by ':1.4' (uid=1000 pid=3373468 comm="/usr/bin/dbus-broker-launch --config-file=/usr/sha")
dbus-daemon[3372475]: [session uid=1000 pid=3372475 pidfd=5] Activated service 'org.freedesktop.systemd1' failed: Process org.freedesktop.systemd1 exited with status 1
{"trial": "x19-P4-toggle-W80", "outcome": "verified", "oracle_exact_match": true, "completion_mutations": 1, "routes": ["provider", "provider"], "loadavg_before": "10.40 14.30 15.45 7/2723 3424040"}
dbus-daemon[3372475]: [session uid=1000 pid=3372475 pidfd=5] Activating service name='org.freedesktop.systemd1' requested by ':1.4' (uid=1000 pid=3373468 comm="/usr/bin/dbus-broker-launch --config-file=/usr/sha")
dbus-daemon[3372475]: [session uid=1000 pid=3372475 pidfd=5] Activated service 'org.freedesktop.systemd1' failed: Process org.freedesktop.systemd1 exited with status 1
[2m2026-10-03T03:52:52.825366Z[0m [33m WARN[0m [2mcua_driver_sdk::runtime[0m[2m:[0m could not activate the persistent AT-SPI listener: AT-SPI connect failed: ZBus Error: MethodError(OwnedErrorName("org.freedesktop.DBus.Error.NameHasNoOwner"), Some("Could not activate remote peer 'org.a11y.atspi.Registry': unit failed"), Msg { type: Error, serial: 4294967295, sender: UniqueName("org.freedesktop.DBus"), reply-serial: 9, body: Str, fds: [] })
[2m2026-10-03T03:52:52.844347Z[0m [33m WARN[0m [2mplatform_linux::overlay[0m[2m:[0m X11 overlay: root reads cannot see this window's own pixels; save-unders will be served without readback confirmation
dbus-daemon[3372475]: [session uid=1000 pid=3372475 pidfd=5] Activating service name='org.freedesktop.systemd1' requested by ':1.4' (uid=1000 pid=3373468 comm="/usr/bin/dbus-broker-launch --config-file=/usr/sha")
dbus-daemon[3372475]: [session uid=1000 pid=3372475 pidfd=5] Activated service 'org.freedesktop.systemd1' failed: Process org.freedesktop.systemd1 exited with status 1
dbus-daemon[3372475]: [session uid=1000 pid=3372475 pidfd=5] Activating service name='org.freedesktop.systemd1' requested by ':1.4' (uid=1000 pid=3373468 comm="/usr/bin/dbus-broker-launch --config-file=/usr/sha")
dbus-daemon[3372475]: [session uid=1000 pid=3372475 pidfd=5] Activated service 'org.freedesktop.systemd1' failed: Process org.freedesktop.systemd1 exited with status 1
{"trial": "x19-P4-fill-W80", "outcome": "verified", "oracle_exact_match": true, "completion_mutations": 1, "routes": ["compiled"], "loadavg_before": "10.37 14.23 15.42 9/2727 3424410"}
dbus-daemon[3372475]: [session uid=1000 pid=3372475 pidfd=5] Activating service name='org.freedesktop.systemd1' requested by ':1.4' (uid=1000 pid=3373468 comm="/usr/bin/dbus-broker-launch --config-file=/usr/sha")
dbus-daemon[3372475]: [session uid=1000 pid=3372475 pidfd=5] Activated service 'org.freedesktop.systemd1' failed: Process org.freedesktop.systemd1 exited with status 1
[2m2026-10-03T03:52:55.872181Z[0m [33m WARN[0m [2mcua_driver_sdk::runtime[0m[2m:[0m could not activate the persistent AT-SPI listener: AT-SPI connect failed: ZBus Error: MethodError(OwnedErrorName("org.freedesktop.DBus.Error.NameHasNoOwner"), Some("Could not activate remote peer 'org.a11y.atspi.Registry': unit failed"), Msg { type: Error, serial: 4294967295, sender: UniqueName("org.freedesktop.DBus"), reply-serial: 9, body: Str, fds: [] })
[2m2026-10-03T03:52:55.886423Z[0m [33m WARN[0m [2mplatform_linux::overlay[0m[2m:[0m X11 overlay: root reads cannot see this window's own pixels; save-unders will be served without readback confirmation
dbus-daemon[3372475]: [session uid=1000 pid=3372475 pidfd=5] Activating service name='org.freedesktop.systemd1' requested by ':1.4' (uid=1000 pid=3373468 comm="/usr/bin/dbus-broker-launch --config-file=/usr/sha")
dbus-daemon[3372475]: [session uid=1000 pid=3372475 pidfd=5] Activated service 'org.freedesktop.systemd1' failed: Process org.freedesktop.systemd1 exited with status 1
dbus-daemon[3372475]: [session uid=1000 pid=3372475 pidfd=5] Activating service name='org.freedesktop.systemd1' requested by ':1.4' (uid=1000 pid=3373468 comm="/usr/bin/dbus-broker-launch --config-file=/usr/sha")
dbus-daemon[3372475]: [session uid=1000 pid=3372475 pidfd=5] Activated service 'org.freedesktop.systemd1' failed: Process org.freedesktop.systemd1 exited with status 1
{"trial": "x19-P4-fill-PREWARM", "outcome": "verified", "oracle_exact_match": true, "completion_mutations": 1, "routes": ["compiled"], "loadavg_before": "10.37 14.23 15.42 6/2687 3424803"}
dbus-daemon[3372475]: [session uid=1000 pid=3372475 pidfd=5] Activating service name='org.freedesktop.systemd1' requested by ':1.4' (uid=1000 pid=3373468 comm="/usr/bin/dbus-broker-launch --config-file=/usr/sha")
dbus-daemon[3372475]: [session uid=1000 pid=3372475 pidfd=5] Activated service 'org.freedesktop.systemd1' failed: Process org.freedesktop.systemd1 exited with status 1
[2m2026-10-03T03:52:57.823674Z[0m [33m WARN[0m [2mcua_driver_sdk::runtime[0m[2m:[0m could not activate the persistent AT-SPI listener: AT-SPI connect failed: ZBus Error: MethodError(OwnedErrorName("org.freedesktop.DBus.Error.NameHasNoOwner"), Some("Could not activate remote peer 'org.a11y.atspi.Registry': unit failed"), Msg { type: Error, serial: 4294967295, sender: UniqueName("org.freedesktop.DBus"), reply-serial: 9, body: Str, fds: [] })
[2m2026-10-03T03:52:57.838765Z[0m [33m WARN[0m [2mplatform_linux::overlay[0m[2m:[0m X11 overlay: root reads cannot see this window's own pixels; save-unders will be served without readback confirmation
dbus-daemon[3372475]: [session uid=1000 pid=3372475 pidfd=5] Activating service name='org.freedesktop.systemd1' requested by ':1.4' (uid=1000 pid=3373468 comm="/usr/bin/dbus-broker-launch --config-file=/usr/sha")
dbus-daemon[3372475]: [session uid=1000 pid=3372475 pidfd=5] Activated service 'org.freedesktop.systemd1' failed: Process org.freedesktop.systemd1 exited with status 1
dbus-daemon[3372475]: [session uid=1000 pid=3372475 pidfd=5] Activating service name='org.freedesktop.systemd1' requested by ':1.4' (uid=1000 pid=3373468 comm="/usr/bin/dbus-broker-launch --config-file=/usr/sha")
dbus-daemon[3372475]: [session uid=1000 pid=3372475 pidfd=5] Activated service 'org.freedesktop.systemd1' failed: Process org.freedesktop.systemd1 exited with status 1
{"trial": "x19-P4-fill-W0", "outcome": "verified", "oracle_exact_match": true, "completion_mutations": 1, "routes": ["compiled"], "loadavg_before": "10.18 14.13 15.38 8/2705 3425191"}
dbus-daemon[3372475]: [session uid=1000 pid=3372475 pidfd=5] Activating service name='org.freedesktop.systemd1' requested by ':1.4' (uid=1000 pid=3373468 comm="/usr/bin/dbus-broker-launch --config-file=/usr/sha")
dbus-daemon[3372475]: [session uid=1000 pid=3372475 pidfd=5] Activated service 'org.freedesktop.systemd1' failed: Process org.freedesktop.systemd1 exited with status 1
[2m2026-10-03T03:52:59.323862Z[0m [33m WARN[0m [2mcua_driver_sdk::runtime[0m[2m:[0m could not activate the persistent AT-SPI listener: AT-SPI connect failed: ZBus Error: MethodError(OwnedErrorName("org.freedesktop.DBus.Error.NameHasNoOwner"), Some("Could not activate remote peer 'org.a11y.atspi.Registry': unit failed"), Msg { type: Error, serial: 4294967295, sender: UniqueName("org.freedesktop.DBus"), reply-serial: 9, body: Str, fds: [] })
[2m2026-10-03T03:52:59.335170Z[0m [33m WARN[0m [2mplatform_linux::overlay[0m[2m:[0m X11 overlay: root reads cannot see this window's own pixels; save-unders will be served without readback confirmation
dbus-daemon[3372475]: [session uid=1000 pid=3372475 pidfd=5] Activating service name='org.freedesktop.systemd1' requested by ':1.4' (uid=1000 pid=3373468 comm="/usr/bin/dbus-broker-launch --config-file=/usr/sha")
dbus-daemon[3372475]: [session uid=1000 pid=3372475 pidfd=5] Activated service 'org.freedesktop.systemd1' failed: Process org.freedesktop.systemd1 exited with status 1
dbus-daemon[3372475]: [session uid=1000 pid=3372475 pidfd=5] Activating service name='org.freedesktop.systemd1' requested by ':1.4' (uid=1000 pid=3373468 comm="/usr/bin/dbus-broker-launch --config-file=/usr/sha")
dbus-daemon[3372475]: [session uid=1000 pid=3372475 pidfd=5] Activated service 'org.freedesktop.systemd1' failed: Process org.freedesktop.systemd1 exited with status 1
{"trial": "x20-P4-fill-PREWARM", "outcome": "verified", "oracle_exact_match": true, "completion_mutations": 1, "routes": ["compiled"], "loadavg_before": "10.18 14.13 15.38 5/2689 3425691"}
dbus-daemon[3372475]: [session uid=1000 pid=3372475 pidfd=5] Activating service name='org.freedesktop.systemd1' requested by ':1.4' (uid=1000 pid=3373468 comm="/usr/bin/dbus-broker-launch --config-file=/usr/sha")
dbus-daemon[3372475]: [session uid=1000 pid=3372475 pidfd=5] Activated service 'org.freedesktop.systemd1' failed: Process org.freedesktop.systemd1 exited with status 1
[2m2026-10-03T03:53:00.824037Z[0m [33m WARN[0m [2mcua_driver_sdk::runtime[0m[2m:[0m could not activate the persistent AT-SPI listener: AT-SPI connect failed: ZBus Error: MethodError(OwnedErrorName("org.freedesktop.DBus.Error.NameHasNoOwner"), Some("Could not activate remote peer 'org.a11y.atspi.Registry': unit failed"), Msg { type: Error, serial: 4294967295, sender: UniqueName("org.freedesktop.DBus"), reply-serial: 9, body: Str, fds: [] })
[2m2026-10-03T03:53:00.833649Z[0m [33m WARN[0m [2mplatform_linux::overlay[0m[2m:[0m X11 overlay: root reads cannot see this window's own pixels; save-unders will be served without readback confirmation
dbus-daemon[3372475]: [session uid=1000 pid=3372475 pidfd=5] Activating service name='org.freedesktop.systemd1' requested by ':1.4' (uid=1000 pid=3373468 comm="/usr/bin/dbus-broker-launch --config-file=/usr/sha")
dbus-daemon[3372475]: [session uid=1000 pid=3372475 pidfd=5] Activated service 'org.freedesktop.systemd1' failed: Process org.freedesktop.systemd1 exited with status 1
dbus-daemon[3372475]: [session uid=1000 pid=3372475 pidfd=5] Activating service name='org.freedesktop.systemd1' requested by ':1.4' (uid=1000 pid=3373468 comm="/usr/bin/dbus-broker-launch --config-file=/usr/sha")
dbus-daemon[3372475]: [session uid=1000 pid=3372475 pidfd=5] Activated service 'org.freedesktop.systemd1' failed: Process org.freedesktop.systemd1 exited with status 1
{"trial": "x20-P4-fill-W0", "outcome": "verified", "oracle_exact_match": true, "completion_mutations": 1, "routes": ["compiled"], "loadavg_before": "10.18 14.13 15.38 7/2749 3426127"}
dbus-daemon[3372475]: [session uid=1000 pid=3372475 pidfd=5] Activating service name='org.freedesktop.systemd1' requested by ':1.4' (uid=1000 pid=3373468 comm="/usr/bin/dbus-broker-launch --config-file=/usr/sha")
dbus-daemon[3372475]: [session uid=1000 pid=3372475 pidfd=5] Activated service 'org.freedesktop.systemd1' failed: Process org.freedesktop.systemd1 exited with status 1
[2m2026-10-03T03:53:02.325145Z[0m [33m WARN[0m [2mcua_driver_sdk::runtime[0m[2m:[0m could not activate the persistent AT-SPI listener: AT-SPI connect failed: ZBus Error: MethodError(OwnedErrorName("org.freedesktop.DBus.Error.NameHasNoOwner"), Some("Could not activate remote peer 'org.a11y.atspi.Registry': unit failed"), Msg { type: Error, serial: 4294967295, sender: UniqueName("org.freedesktop.DBus"), reply-serial: 9, body: Str, fds: [] })
[2m2026-10-03T03:53:02.339477Z[0m [33m WARN[0m [2mplatform_linux::overlay[0m[2m:[0m X11 overlay: root reads cannot see this window's own pixels; save-unders will be served without readback confirmation
dbus-daemon[3372475]: [session uid=1000 pid=3372475 pidfd=5] Activating service name='org.freedesktop.systemd1' requested by ':1.4' (uid=1000 pid=3373468 comm="/usr/bin/dbus-broker-launch --config-file=/usr/sha")
dbus-daemon[3372475]: [session uid=1000 pid=3372475 pidfd=5] Activated service 'org.freedesktop.systemd1' failed: Process org.freedesktop.systemd1 exited with status 1
dbus-daemon[3372475]: [session uid=1000 pid=3372475 pidfd=5] Activating service name='org.freedesktop.systemd1' requested by ':1.4' (uid=1000 pid=3373468 comm="/usr/bin/dbus-broker-launch --config-file=/usr/sha")
dbus-daemon[3372475]: [session uid=1000 pid=3372475 pidfd=5] Activated service 'org.freedesktop.systemd1' failed: Process org.freedesktop.systemd1 exited with status 1
{"trial": "x20-P4-fill-W80", "outcome": "verified", "oracle_exact_match": true, "completion_mutations": 1, "routes": ["compiled"], "loadavg_before": "9.68 13.96 15.32 7/2715 3426443"}
dbus-daemon[3372475]: [session uid=1000 pid=3372475 pidfd=5] Activating service name='org.freedesktop.systemd1' requested by ':1.4' (uid=1000 pid=3373468 comm="/usr/bin/dbus-broker-launch --config-file=/usr/sha")
dbus-daemon[3372475]: [session uid=1000 pid=3372475 pidfd=5] Activated service 'org.freedesktop.systemd1' failed: Process org.freedesktop.systemd1 exited with status 1
[2m2026-10-03T03:53:03.826051Z[0m [33m WARN[0m [2mcua_driver_sdk::runtime[0m[2m:[0m could not activate the persistent AT-SPI listener: AT-SPI connect failed: ZBus Error: MethodError(OwnedErrorName("org.freedesktop.DBus.Error.NameHasNoOwner"), Some("Could not activate remote peer 'org.a11y.atspi.Registry': unit failed"), Msg { type: Error, serial: 4294967295, sender: UniqueName("org.freedesktop.DBus"), reply-serial: 9, body: Str, fds: [] })
[2m2026-10-03T03:53:03.839910Z[0m [33m WARN[0m [2mplatform_linux::overlay[0m[2m:[0m X11 overlay: root reads cannot see this window's own pixels; save-unders will be served without readback confirmation
dbus-daemon[3372475]: [session uid=1000 pid=3372475 pidfd=5] Activating service name='org.freedesktop.systemd1' requested by ':1.4' (uid=1000 pid=3373468 comm="/usr/bin/dbus-broker-launch --config-file=/usr/sha")
dbus-daemon[3372475]: [session uid=1000 pid=3372475 pidfd=5] Activated service 'org.freedesktop.systemd1' failed: Process org.freedesktop.systemd1 exited with status 1
dbus-daemon[3372475]: [session uid=1000 pid=3372475 pidfd=5] Activating service name='org.freedesktop.systemd1' requested by ':1.4' (uid=1000 pid=3373468 comm="/usr/bin/dbus-broker-launch --config-file=/usr/sha")
dbus-daemon[3372475]: [session uid=1000 pid=3372475 pidfd=5] Activated service 'org.freedesktop.systemd1' failed: Process org.freedesktop.systemd1 exited with status 1
{"trial": "x20-P4-toggle-W80", "outcome": "verified", "oracle_exact_match": true, "completion_mutations": 1, "routes": ["provider", "provider"], "loadavg_before": "9.68 13.96 15.32 6/2742 3426871"}
dbus-daemon[3372475]: [session uid=1000 pid=3372475 pidfd=5] Activating service name='org.freedesktop.systemd1' requested by ':1.4' (uid=1000 pid=3373468 comm="/usr/bin/dbus-broker-launch --config-file=/usr/sha")
dbus-daemon[3372475]: [session uid=1000 pid=3372475 pidfd=5] Activated service 'org.freedesktop.systemd1' failed: Process org.freedesktop.systemd1 exited with status 1
[2m2026-10-03T03:53:05.581007Z[0m [33m WARN[0m [2mcua_driver_sdk::runtime[0m[2m:[0m could not activate the persistent AT-SPI listener: AT-SPI connect failed: ZBus Error: MethodError(OwnedErrorName("org.freedesktop.DBus.Error.NameHasNoOwner"), Some("Could not activate remote peer 'org.a11y.atspi.Registry': unit failed"), Msg { type: Error, serial: 4294967295, sender: UniqueName("org.freedesktop.DBus"), reply-serial: 9, body: Str, fds: [] })
[2m2026-10-03T03:53:05.593230Z[0m [33m WARN[0m [2mplatform_linux::overlay[0m[2m:[0m X11 overlay: root reads cannot see this window's own pixels; save-unders will be served without readback confirmation
dbus-daemon[3372475]: [session uid=1000 pid=3372475 pidfd=5] Activating service name='org.freedesktop.systemd1' requested by ':1.4' (uid=1000 pid=3373468 comm="/usr/bin/dbus-broker-launch --config-file=/usr/sha")
dbus-daemon[3372475]: [session uid=1000 pid=3372475 pidfd=5] Activated service 'org.freedesktop.systemd1' failed: Process org.freedesktop.systemd1 exited with status 1
dbus-daemon[3372475]: [session uid=1000 pid=3372475 pidfd=5] Activating service name='org.freedesktop.systemd1' requested by ':1.4' (uid=1000 pid=3373468 comm="/usr/bin/dbus-broker-launch --config-file=/usr/sha")
dbus-daemon[3372475]: [session uid=1000 pid=3372475 pidfd=5] Activated service 'org.freedesktop.systemd1' failed: Process org.freedesktop.systemd1 exited with status 1
{"trial": "x20-P4-toggle-W0", "outcome": "verified", "oracle_exact_match": true, "completion_mutations": 1, "routes": ["provider", "provider"], "loadavg_before": "9.68 13.96 15.32 14/2754 3427470"}
dbus-daemon[3372475]: [session uid=1000 pid=3372475 pidfd=5] Activating service name='org.freedesktop.systemd1' requested by ':1.4' (uid=1000 pid=3373468 comm="/usr/bin/dbus-broker-launch --config-file=/usr/sha")
dbus-daemon[3372475]: [session uid=1000 pid=3372475 pidfd=5] Activated service 'org.freedesktop.systemd1' failed: Process org.freedesktop.systemd1 exited with status 1
[2m2026-10-03T03:53:07.375182Z[0m [33m WARN[0m [2mcua_driver_sdk::runtime[0m[2m:[0m could not activate the persistent AT-SPI listener: AT-SPI connect failed: ZBus Error: MethodError(OwnedErrorName("org.freedesktop.DBus.Error.NameHasNoOwner"), Some("Could not activate remote peer 'org.a11y.atspi.Registry': unit failed"), Msg { type: Error, serial: 4294967295, sender: UniqueName("org.freedesktop.DBus"), reply-serial: 9, body: Str, fds: [] })
[2m2026-10-03T03:53:07.385792Z[0m [33m WARN[0m [2mplatform_linux::overlay[0m[2m:[0m X11 overlay: root reads cannot see this window's own pixels; save-unders will be served without readback confirmation
dbus-daemon[3372475]: [session uid=1000 pid=3372475 pidfd=5] Activating service name='org.freedesktop.systemd1' requested by ':1.4' (uid=1000 pid=3373468 comm="/usr/bin/dbus-broker-launch --config-file=/usr/sha")
dbus-daemon[3372475]: [session uid=1000 pid=3372475 pidfd=5] Activated service 'org.freedesktop.systemd1' failed: Process org.freedesktop.systemd1 exited with status 1
dbus-daemon[3372475]: [session uid=1000 pid=3372475 pidfd=5] Activating service name='org.freedesktop.systemd1' requested by ':1.4' (uid=1000 pid=3373468 comm="/usr/bin/dbus-broker-launch --config-file=/usr/sha")
dbus-daemon[3372475]: [session uid=1000 pid=3372475 pidfd=5] Activated service 'org.freedesktop.systemd1' failed: Process org.freedesktop.systemd1 exited with status 1
{"trial": "x20-P4-toggle-PREWARM", "outcome": "verified", "oracle_exact_match": true, "completion_mutations": 1, "routes": ["provider", "provider"], "loadavg_before": "9.55 13.86 15.28 5/2717 3428002"}
dbus-daemon[3372475]: [session uid=1000 pid=3372475 pidfd=5] Activating service name='org.freedesktop.systemd1' requested by ':1.4' (uid=1000 pid=3373468 comm="/usr/bin/dbus-broker-launch --config-file=/usr/sha")
dbus-daemon[3372475]: [session uid=1000 pid=3372475 pidfd=5] Activated service 'org.freedesktop.systemd1' failed: Process org.freedesktop.systemd1 exited with status 1
[2m2026-10-03T03:53:09.200041Z[0m [33m WARN[0m [2mcua_driver_sdk::runtime[0m[2m:[0m could not activate the persistent AT-SPI listener: AT-SPI connect failed: ZBus Error: MethodError(OwnedErrorName("org.freedesktop.DBus.Error.NameHasNoOwner"), Some("Could not activate remote peer 'org.a11y.atspi.Registry': unit failed"), Msg { type: Error, serial: 4294967295, sender: UniqueName("org.freedesktop.DBus"), reply-serial: 9, body: Str, fds: [] })
[2m2026-10-03T03:53:09.214073Z[0m [33m WARN[0m [2mplatform_linux::overlay[0m[2m:[0m X11 overlay: root reads cannot see this window's own pixels; save-unders will be served without readback confirmation
dbus-daemon[3372475]: [session uid=1000 pid=3372475 pidfd=5] Activating service name='org.freedesktop.systemd1' requested by ':1.4' (uid=1000 pid=3373468 comm="/usr/bin/dbus-broker-launch --config-file=/usr/sha")
dbus-daemon[3372475]: [session uid=1000 pid=3372475 pidfd=5] Activated service 'org.freedesktop.systemd1' failed: Process org.freedesktop.systemd1 exited with status 1
dbus-daemon[3372475]: [session uid=1000 pid=3372475 pidfd=5] Activating service name='org.freedesktop.systemd1' requested by ':1.4' (uid=1000 pid=3373468 comm="/usr/bin/dbus-broker-launch --config-file=/usr/sha")
dbus-daemon[3372475]: [session uid=1000 pid=3372475 pidfd=5] Activated service 'org.freedesktop.systemd1' failed: Process org.freedesktop.systemd1 exited with status 1
{"trial": "x21-P4-toggle-W0", "outcome": "verified", "oracle_exact_match": true, "completion_mutations": 1, "routes": ["provider", "provider"], "loadavg_before": "9.55 13.86 15.28 6/2728 3428534"}
dbus-daemon[3372475]: [session uid=1000 pid=3372475 pidfd=5] Activating service name='org.freedesktop.systemd1' requested by ':1.4' (uid=1000 pid=3373468 comm="/usr/bin/dbus-broker-launch --config-file=/usr/sha")
dbus-daemon[3372475]: [session uid=1000 pid=3372475 pidfd=5] Activated service 'org.freedesktop.systemd1' failed: Process org.freedesktop.systemd1 exited with status 1
[2m2026-10-03T03:53:11.100773Z[0m [33m WARN[0m [2mcua_driver_sdk::runtime[0m[2m:[0m could not activate the persistent AT-SPI listener: AT-SPI connect failed: ZBus Error: MethodError(OwnedErrorName("org.freedesktop.DBus.Error.NameHasNoOwner"), Some("Could not activate remote peer 'org.a11y.atspi.Registry': unit failed"), Msg { type: Error, serial: 4294967295, sender: UniqueName("org.freedesktop.DBus"), reply-serial: 9, body: Str, fds: [] })
[2m2026-10-03T03:53:11.111641Z[0m [33m WARN[0m [2mplatform_linux::overlay[0m[2m:[0m X11 overlay: root reads cannot see this window's own pixels; save-unders will be served without readback confirmation
dbus-daemon[3372475]: [session uid=1000 pid=3372475 pidfd=5] Activating service name='org.freedesktop.systemd1' requested by ':1.4' (uid=1000 pid=3373468 comm="/usr/bin/dbus-broker-launch --config-file=/usr/sha")
dbus-daemon[3372475]: [session uid=1000 pid=3372475 pidfd=5] Activated service 'org.freedesktop.systemd1' failed: Process org.freedesktop.systemd1 exited with status 1
dbus-daemon[3372475]: [session uid=1000 pid=3372475 pidfd=5] Activating service name='org.freedesktop.systemd1' requested by ':1.4' (uid=1000 pid=3373468 comm="/usr/bin/dbus-broker-launch --config-file=/usr/sha")
dbus-daemon[3372475]: [session uid=1000 pid=3372475 pidfd=5] Activated service 'org.freedesktop.systemd1' failed: Process org.freedesktop.systemd1 exited with status 1
{"trial": "x21-P4-toggle-W80", "outcome": "verified", "oracle_exact_match": true, "completion_mutations": 1, "routes": ["provider", "provider"], "loadavg_before": "9.55 13.86 15.28 6/2736 3429108"}
dbus-daemon[3372475]: [session uid=1000 pid=3372475 pidfd=5] Activating service name='org.freedesktop.systemd1' requested by ':1.4' (uid=1000 pid=3373468 comm="/usr/bin/dbus-broker-launch --config-file=/usr/sha")
dbus-daemon[3372475]: [session uid=1000 pid=3372475 pidfd=5] Activated service 'org.freedesktop.systemd1' failed: Process org.freedesktop.systemd1 exited with status 1
[2m2026-10-03T03:53:12.871901Z[0m [33m WARN[0m [2mcua_driver_sdk::runtime[0m[2m:[0m could not activate the persistent AT-SPI listener: AT-SPI connect failed: ZBus Error: MethodError(OwnedErrorName("org.freedesktop.DBus.Error.NameHasNoOwner"), Some("Could not activate remote peer 'org.a11y.atspi.Registry': unit failed"), Msg { type: Error, serial: 4294967295, sender: UniqueName("org.freedesktop.DBus"), reply-serial: 9, body: Str, fds: [] })
[2m2026-10-03T03:53:12.886302Z[0m [33m WARN[0m [2mplatform_linux::overlay[0m[2m:[0m X11 overlay: root reads cannot see this window's own pixels; save-unders will be served without readback confirmation
dbus-daemon[3372475]: [session uid=1000 pid=3372475 pidfd=5] Activating service name='org.freedesktop.systemd1' requested by ':1.4' (uid=1000 pid=3373468 comm="/usr/bin/dbus-broker-launch --config-file=/usr/sha")
dbus-daemon[3372475]: [session uid=1000 pid=3372475 pidfd=5] Activated service 'org.freedesktop.systemd1' failed: Process org.freedesktop.systemd1 exited with status 1
dbus-daemon[3372475]: [session uid=1000 pid=3372475 pidfd=5] Activating service name='org.freedesktop.systemd1' requested by ':1.4' (uid=1000 pid=3373468 comm="/usr/bin/dbus-broker-launch --config-file=/usr/sha")
dbus-daemon[3372475]: [session uid=1000 pid=3372475 pidfd=5] Activated service 'org.freedesktop.systemd1' failed: Process org.freedesktop.systemd1 exited with status 1
{"trial": "x21-P4-toggle-PREWARM", "outcome": "verified", "oracle_exact_match": true, "completion_mutations": 1, "routes": ["provider", "provider"], "loadavg_before": "9.18 13.71 15.22 9/2732 3429540"}
dbus-daemon[3372475]: [session uid=1000 pid=3372475 pidfd=5] Activating service name='org.freedesktop.systemd1' requested by ':1.4' (uid=1000 pid=3373468 comm="/usr/bin/dbus-broker-launch --config-file=/usr/sha")
dbus-daemon[3372475]: [session uid=1000 pid=3372475 pidfd=5] Activated service 'org.freedesktop.systemd1' failed: Process org.freedesktop.systemd1 exited with status 1
[2m2026-10-03T03:53:15.044623Z[0m [33m WARN[0m [2mcua_driver_sdk::runtime[0m[2m:[0m could not activate the persistent AT-SPI listener: AT-SPI connect failed: ZBus Error: MethodError(OwnedErrorName("org.freedesktop.DBus.Error.NameHasNoOwner"), Some("Could not activate remote peer 'org.a11y.atspi.Registry': unit failed"), Msg { type: Error, serial: 4294967295, sender: UniqueName("org.freedesktop.DBus"), reply-serial: 9, body: Str, fds: [] })
[2m2026-10-03T03:53:15.078342Z[0m [33m WARN[0m [2mplatform_linux::overlay[0m[2m:[0m X11 overlay: root reads cannot see this window's own pixels; save-unders will be served without readback confirmation
dbus-daemon[3372475]: [session uid=1000 pid=3372475 pidfd=5] Activating service name='org.freedesktop.systemd1' requested by ':1.4' (uid=1000 pid=3373468 comm="/usr/bin/dbus-broker-launch --config-file=/usr/sha")
dbus-daemon[3372475]: [session uid=1000 pid=3372475 pidfd=5] Activated service 'org.freedesktop.systemd1' failed: Process org.freedesktop.systemd1 exited with status 1
dbus-daemon[3372475]: [session uid=1000 pid=3372475 pidfd=5] Activating service name='org.freedesktop.systemd1' requested by ':1.4' (uid=1000 pid=3373468 comm="/usr/bin/dbus-broker-launch --config-file=/usr/sha")
dbus-daemon[3372475]: [session uid=1000 pid=3372475 pidfd=5] Activated service 'org.freedesktop.systemd1' failed: Process org.freedesktop.systemd1 exited with status 1
{"trial": "x21-P4-fill-PREWARM", "outcome": "verified", "oracle_exact_match": true, "completion_mutations": 1, "routes": ["compiled"], "loadavg_before": "9.18 13.71 15.22 20/3209 3430490"}
dbus-daemon[3372475]: [session uid=1000 pid=3372475 pidfd=5] Activating service name='org.freedesktop.systemd1' requested by ':1.4' (uid=1000 pid=3373468 comm="/usr/bin/dbus-broker-launch --config-file=/usr/sha")
dbus-daemon[3372475]: [session uid=1000 pid=3372475 pidfd=5] Activated service 'org.freedesktop.systemd1' failed: Process org.freedesktop.systemd1 exited with status 1
[2m2026-10-03T03:53:17.023587Z[0m [33m WARN[0m [2mcua_driver_sdk::runtime[0m[2m:[0m could not activate the persistent AT-SPI listener: AT-SPI connect failed: ZBus Error: MethodError(OwnedErrorName("org.freedesktop.DBus.Error.NameHasNoOwner"), Some("Could not activate remote peer 'org.a11y.atspi.Registry': unit failed"), Msg { type: Error, serial: 4294967295, sender: UniqueName("org.freedesktop.DBus"), reply-serial: 9, body: Str, fds: [] })
[2m2026-10-03T03:53:17.032395Z[0m [33m WARN[0m [2mplatform_linux::overlay[0m[2m:[0m X11 overlay: root reads cannot see this window's own pixels; save-unders will be served without readback confirmation
dbus-daemon[3372475]: [session uid=1000 pid=3372475 pidfd=5] Activating service name='org.freedesktop.systemd1' requested by ':1.4' (uid=1000 pid=3373468 comm="/usr/bin/dbus-broker-launch --config-file=/usr/sha")
dbus-daemon[3372475]: [session uid=1000 pid=3372475 pidfd=5] Activated service 'org.freedesktop.systemd1' failed: Process org.freedesktop.systemd1 exited with status 1
dbus-daemon[3372475]: [session uid=1000 pid=3372475 pidfd=5] Activating service name='org.freedesktop.systemd1' requested by ':1.4' (uid=1000 pid=3373468 comm="/usr/bin/dbus-broker-launch --config-file=/usr/sha")
dbus-daemon[3372475]: [session uid=1000 pid=3372475 pidfd=5] Activated service 'org.freedesktop.systemd1' failed: Process org.freedesktop.systemd1 exited with status 1
{"trial": "x21-P4-fill-W80", "outcome": "verified", "oracle_exact_match": true, "completion_mutations": 1, "routes": ["compiled"], "loadavg_before": "8.69 13.53 15.16 12/3299 3430924"}
dbus-daemon[3372475]: [session uid=1000 pid=3372475 pidfd=5] Activating service name='org.freedesktop.systemd1' requested by ':1.4' (uid=1000 pid=3373468 comm="/usr/bin/dbus-broker-launch --config-file=/usr/sha")
dbus-daemon[3372475]: [session uid=1000 pid=3372475 pidfd=5] Activated service 'org.freedesktop.systemd1' failed: Process org.freedesktop.systemd1 exited with status 1
[2m2026-10-03T03:53:18.524406Z[0m [33m WARN[0m [2mcua_driver_sdk::runtime[0m[2m:[0m could not activate the persistent AT-SPI listener: AT-SPI connect failed: ZBus Error: MethodError(OwnedErrorName("org.freedesktop.DBus.Error.NameHasNoOwner"), Some("Could not activate remote peer 'org.a11y.atspi.Registry': unit failed"), Msg { type: Error, serial: 4294967295, sender: UniqueName("org.freedesktop.DBus"), reply-serial: 9, body: Str, fds: [] })
[2m2026-10-03T03:53:18.541490Z[0m [33m WARN[0m [2mplatform_linux::overlay[0m[2m:[0m X11 overlay: root reads cannot see this window's own pixels; save-unders will be served without readback confirmation
dbus-daemon[3372475]: [session uid=1000 pid=3372475 pidfd=5] Activating service name='org.freedesktop.systemd1' requested by ':1.4' (uid=1000 pid=3373468 comm="/usr/bin/dbus-broker-launch --config-file=/usr/sha")
dbus-daemon[3372475]: [session uid=1000 pid=3372475 pidfd=5] Activated service 'org.freedesktop.systemd1' failed: Process org.freedesktop.systemd1 exited with status 1
dbus-daemon[3372475]: [session uid=1000 pid=3372475 pidfd=5] Activating service name='org.freedesktop.systemd1' requested by ':1.4' (uid=1000 pid=3373468 comm="/usr/bin/dbus-broker-launch --config-file=/usr/sha")
dbus-daemon[3372475]: [session uid=1000 pid=3372475 pidfd=5] Activated service 'org.freedesktop.systemd1' failed: Process org.freedesktop.systemd1 exited with status 1
{"trial": "x21-P4-fill-W0", "outcome": "verified", "oracle_exact_match": true, "completion_mutations": 1, "routes": ["compiled"], "loadavg_before": "8.69 13.53 15.16 5/3304 3431278"}
dbus-daemon[3372475]: [session uid=1000 pid=3372475 pidfd=5] Activating service name='org.freedesktop.systemd1' requested by ':1.4' (uid=1000 pid=3373468 comm="/usr/bin/dbus-broker-launch --config-file=/usr/sha")
dbus-daemon[3372475]: [session uid=1000 pid=3372475 pidfd=5] Activated service 'org.freedesktop.systemd1' failed: Process org.freedesktop.systemd1 exited with status 1
[2m2026-10-03T03:53:20.025843Z[0m [33m WARN[0m [2mcua_driver_sdk::runtime[0m[2m:[0m could not activate the persistent AT-SPI listener: AT-SPI connect failed: ZBus Error: MethodError(OwnedErrorName("org.freedesktop.DBus.Error.NameHasNoOwner"), Some("Could not activate remote peer 'org.a11y.atspi.Registry': unit failed"), Msg { type: Error, serial: 4294967295, sender: UniqueName("org.freedesktop.DBus"), reply-serial: 9, body: Str, fds: [] })
[2m2026-10-03T03:53:20.037928Z[0m [33m WARN[0m [2mplatform_linux::overlay[0m[2m:[0m X11 overlay: root reads cannot see this window's own pixels; save-unders will be served without readback confirmation
dbus-daemon[3372475]: [session uid=1000 pid=3372475 pidfd=5] Activating service name='org.freedesktop.systemd1' requested by ':1.4' (uid=1000 pid=3373468 comm="/usr/bin/dbus-broker-launch --config-file=/usr/sha")
dbus-daemon[3372475]: [session uid=1000 pid=3372475 pidfd=5] Activated service 'org.freedesktop.systemd1' failed: Process org.freedesktop.systemd1 exited with status 1
dbus-daemon[3372475]: [session uid=1000 pid=3372475 pidfd=5] Activating service name='org.freedesktop.systemd1' requested by ':1.4' (uid=1000 pid=3373468 comm="/usr/bin/dbus-broker-launch --config-file=/usr/sha")
dbus-daemon[3372475]: [session uid=1000 pid=3372475 pidfd=5] Activated service 'org.freedesktop.systemd1' failed: Process org.freedesktop.systemd1 exited with status 1
{"trial": "x22-P4-fill-W0", "outcome": "verified", "oracle_exact_match": true, "completion_mutations": 1, "routes": ["compiled"], "loadavg_before": "8.69 13.53 15.16 6/3305 3431675"}
dbus-daemon[3372475]: [session uid=1000 pid=3372475 pidfd=5] Activating service name='org.freedesktop.systemd1' requested by ':1.4' (uid=1000 pid=3373468 comm="/usr/bin/dbus-broker-launch --config-file=/usr/sha")
dbus-daemon[3372475]: [session uid=1000 pid=3372475 pidfd=5] Activated service 'org.freedesktop.systemd1' failed: Process org.freedesktop.systemd1 exited with status 1
[2m2026-10-03T03:53:21.525740Z[0m [33m WARN[0m [2mcua_driver_sdk::runtime[0m[2m:[0m could not activate the persistent AT-SPI listener: AT-SPI connect failed: ZBus Error: MethodError(OwnedErrorName("org.freedesktop.DBus.Error.NameHasNoOwner"), Some("Could not activate remote peer 'org.a11y.atspi.Registry': unit failed"), Msg { type: Error, serial: 4294967295, sender: UniqueName("org.freedesktop.DBus"), reply-serial: 9, body: Str, fds: [] })
[2m2026-10-03T03:53:21.534593Z[0m [33m WARN[0m [2mplatform_linux::overlay[0m[2m:[0m X11 overlay: root reads cannot see this window's own pixels; save-unders will be served without readback confirmation
dbus-daemon[3372475]: [session uid=1000 pid=3372475 pidfd=5] Activating service name='org.freedesktop.systemd1' requested by ':1.4' (uid=1000 pid=3373468 comm="/usr/bin/dbus-broker-launch --config-file=/usr/sha")
dbus-daemon[3372475]: [session uid=1000 pid=3372475 pidfd=5] Activated service 'org.freedesktop.systemd1' failed: Process org.freedesktop.systemd1 exited with status 1
dbus-daemon[3372475]: [session uid=1000 pid=3372475 pidfd=5] Activating service name='org.freedesktop.systemd1' requested by ':1.4' (uid=1000 pid=3373468 comm="/usr/bin/dbus-broker-launch --config-file=/usr/sha")
dbus-daemon[3372475]: [session uid=1000 pid=3372475 pidfd=5] Activated service 'org.freedesktop.systemd1' failed: Process org.freedesktop.systemd1 exited with status 1
{"trial": "x22-P4-fill-PREWARM", "outcome": "verified", "oracle_exact_match": true, "completion_mutations": 1, "routes": ["compiled"], "loadavg_before": "8.69 13.53 15.16 13/3321 3432284"}
dbus-daemon[3372475]: [session uid=1000 pid=3372475 pidfd=5] Activating service name='org.freedesktop.systemd1' requested by ':1.4' (uid=1000 pid=3373468 comm="/usr/bin/dbus-broker-launch --config-file=/usr/sha")
dbus-daemon[3372475]: [session uid=1000 pid=3372475 pidfd=5] Activated service 'org.freedesktop.systemd1' failed: Process org.freedesktop.systemd1 exited with status 1
[2m2026-10-03T03:53:23.029102Z[0m [33m WARN[0m [2mcua_driver_sdk::runtime[0m[2m:[0m could not activate the persistent AT-SPI listener: AT-SPI connect failed: ZBus Error: MethodError(OwnedErrorName("org.freedesktop.DBus.Error.NameHasNoOwner"), Some("Could not activate remote peer 'org.a11y.atspi.Registry': unit failed"), Msg { type: Error, serial: 4294967295, sender: UniqueName("org.freedesktop.DBus"), reply-serial: 9, body: Str, fds: [] })
[2m2026-10-03T03:53:23.044116Z[0m [33m WARN[0m [2mplatform_linux::overlay[0m[2m:[0m X11 overlay: root reads cannot see this window's own pixels; save-unders will be served without readback confirmation
dbus-daemon[3372475]: [session uid=1000 pid=3372475 pidfd=5] Activating service name='org.freedesktop.systemd1' requested by ':1.4' (uid=1000 pid=3373468 comm="/usr/bin/dbus-broker-launch --config-file=/usr/sha")
dbus-daemon[3372475]: [session uid=1000 pid=3372475 pidfd=5] Activated service 'org.freedesktop.systemd1' failed: Process org.freedesktop.systemd1 exited with status 1
dbus-daemon[3372475]: [session uid=1000 pid=3372475 pidfd=5] Activating service name='org.freedesktop.systemd1' requested by ':1.4' (uid=1000 pid=3373468 comm="/usr/bin/dbus-broker-launch --config-file=/usr/sha")
dbus-daemon[3372475]: [session uid=1000 pid=3372475 pidfd=5] Activated service 'org.freedesktop.systemd1' failed: Process org.freedesktop.systemd1 exited with status 1
{"trial": "x22-P4-fill-W80", "outcome": "verified", "oracle_exact_match": true, "completion_mutations": 1, "routes": ["compiled"], "loadavg_before": "8.39 13.39 15.10 10/3329 3432685"}
dbus-daemon[3372475]: [session uid=1000 pid=3372475 pidfd=5] Activating service name='org.freedesktop.systemd1' requested by ':1.4' (uid=1000 pid=3373468 comm="/usr/bin/dbus-broker-launch --config-file=/usr/sha")
dbus-daemon[3372475]: [session uid=1000 pid=3372475 pidfd=5] Activated service 'org.freedesktop.systemd1' failed: Process org.freedesktop.systemd1 exited with status 1
[2m2026-10-03T03:53:24.528397Z[0m [33m WARN[0m [2mcua_driver_sdk::runtime[0m[2m:[0m could not activate the persistent AT-SPI listener: AT-SPI connect failed: ZBus Error: MethodError(OwnedErrorName("org.freedesktop.DBus.Error.NameHasNoOwner"), Some("Could not activate remote peer 'org.a11y.atspi.Registry': unit failed"), Msg { type: Error, serial: 4294967295, sender: UniqueName("org.freedesktop.DBus"), reply-serial: 9, body: Str, fds: [] })
[2m2026-10-03T03:53:24.542515Z[0m [33m WARN[0m [2mplatform_linux::overlay[0m[2m:[0m X11 overlay: root reads cannot see this window's own pixels; save-unders will be served without readback confirmation
dbus-daemon[3372475]: [session uid=1000 pid=3372475 pidfd=5] Activating service name='org.freedesktop.systemd1' requested by ':1.4' (uid=1000 pid=3373468 comm="/usr/bin/dbus-broker-launch --config-file=/usr/sha")
dbus-daemon[3372475]: [session uid=1000 pid=3372475 pidfd=5] Activated service 'org.freedesktop.systemd1' failed: Process org.freedesktop.systemd1 exited with status 1
dbus-daemon[3372475]: [session uid=1000 pid=3372475 pidfd=5] Activating service name='org.freedesktop.systemd1' requested by ':1.4' (uid=1000 pid=3373468 comm="/usr/bin/dbus-broker-launch --config-file=/usr/sha")
dbus-daemon[3372475]: [session uid=1000 pid=3372475 pidfd=5] Activated service 'org.freedesktop.systemd1' failed: Process org.freedesktop.systemd1 exited with status 1
{"trial": "x22-P4-toggle-W80", "outcome": "verified", "oracle_exact_match": true, "completion_mutations": 1, "routes": ["provider", "provider"], "loadavg_before": "8.39 13.39 15.10 6/3318 3433098"}
dbus-daemon[3372475]: [session uid=1000 pid=3372475 pidfd=5] Activating service name='org.freedesktop.systemd1' requested by ':1.4' (uid=1000 pid=3373468 comm="/usr/bin/dbus-broker-launch --config-file=/usr/sha")
dbus-daemon[3372475]: [session uid=1000 pid=3372475 pidfd=5] Activated service 'org.freedesktop.systemd1' failed: Process org.freedesktop.systemd1 exited with status 1
[2m2026-10-03T03:53:26.353127Z[0m [33m WARN[0m [2mcua_driver_sdk::runtime[0m[2m:[0m could not activate the persistent AT-SPI listener: AT-SPI connect failed: ZBus Error: MethodError(OwnedErrorName("org.freedesktop.DBus.Error.NameHasNoOwner"), Some("Could not activate remote peer 'org.a11y.atspi.Registry': unit failed"), Msg { type: Error, serial: 4294967295, sender: UniqueName("org.freedesktop.DBus"), reply-serial: 9, body: Str, fds: [] })
[2m2026-10-03T03:53:26.369824Z[0m [33m WARN[0m [2mplatform_linux::overlay[0m[2m:[0m X11 overlay: root reads cannot see this window's own pixels; save-unders will be served without readback confirmation
dbus-daemon[3372475]: [session uid=1000 pid=3372475 pidfd=5] Activating service name='org.freedesktop.systemd1' requested by ':1.4' (uid=1000 pid=3373468 comm="/usr/bin/dbus-broker-launch --config-file=/usr/sha")
dbus-daemon[3372475]: [session uid=1000 pid=3372475 pidfd=5] Activated service 'org.freedesktop.systemd1' failed: Process org.freedesktop.systemd1 exited with status 1
dbus-daemon[3372475]: [session uid=1000 pid=3372475 pidfd=5] Activating service name='org.freedesktop.systemd1' requested by ':1.4' (uid=1000 pid=3373468 comm="/usr/bin/dbus-broker-launch --config-file=/usr/sha")
dbus-daemon[3372475]: [session uid=1000 pid=3372475 pidfd=5] Activated service 'org.freedesktop.systemd1' failed: Process org.freedesktop.systemd1 exited with status 1
{"trial": "x22-P4-toggle-PREWARM", "outcome": "verified", "oracle_exact_match": true, "completion_mutations": 1, "routes": ["provider", "provider"], "loadavg_before": "8.39 13.39 15.10 7/3325 3433654"}
dbus-daemon[3372475]: [session uid=1000 pid=3372475 pidfd=5] Activating service name='org.freedesktop.systemd1' requested by ':1.4' (uid=1000 pid=3373468 comm="/usr/bin/dbus-broker-launch --config-file=/usr/sha")
dbus-daemon[3372475]: [session uid=1000 pid=3372475 pidfd=5] Activated service 'org.freedesktop.systemd1' failed: Process org.freedesktop.systemd1 exited with status 1
[2m2026-10-03T03:53:28.099739Z[0m [33m WARN[0m [2mcua_driver_sdk::runtime[0m[2m:[0m could not activate the persistent AT-SPI listener: AT-SPI connect failed: ZBus Error: MethodError(OwnedErrorName("org.freedesktop.DBus.Error.NameHasNoOwner"), Some("Could not activate remote peer 'org.a11y.atspi.Registry': unit failed"), Msg { type: Error, serial: 4294967295, sender: UniqueName("org.freedesktop.DBus"), reply-serial: 9, body: Str, fds: [] })
[2m2026-10-03T03:53:28.111305Z[0m [33m WARN[0m [2mplatform_linux::overlay[0m[2m:[0m X11 overlay: root reads cannot see this window's own pixels; save-unders will be served without readback confirmation
dbus-daemon[3372475]: [session uid=1000 pid=3372475 pidfd=5] Activating service name='org.freedesktop.systemd1' requested by ':1.4' (uid=1000 pid=3373468 comm="/usr/bin/dbus-broker-launch --config-file=/usr/sha")
dbus-daemon[3372475]: [session uid=1000 pid=3372475 pidfd=5] Activated service 'org.freedesktop.systemd1' failed: Process org.freedesktop.systemd1 exited with status 1
dbus-daemon[3372475]: [session uid=1000 pid=3372475 pidfd=5] Activating service name='org.freedesktop.systemd1' requested by ':1.4' (uid=1000 pid=3373468 comm="/usr/bin/dbus-broker-launch --config-file=/usr/sha")
dbus-daemon[3372475]: [session uid=1000 pid=3372475 pidfd=5] Activated service 'org.freedesktop.systemd1' failed: Process org.freedesktop.systemd1 exited with status 1
{"trial": "x22-P4-toggle-W0", "outcome": "verified", "oracle_exact_match": true, "completion_mutations": 1, "routes": ["provider", "provider"], "loadavg_before": "8.52 13.33 15.07 5/3308 3434002"}
dbus-daemon[3372475]: [session uid=1000 pid=3372475 pidfd=5] Activating service name='org.freedesktop.systemd1' requested by ':1.4' (uid=1000 pid=3373468 comm="/usr/bin/dbus-broker-launch --config-file=/usr/sha")
dbus-daemon[3372475]: [session uid=1000 pid=3372475 pidfd=5] Activated service 'org.freedesktop.systemd1' failed: Process org.freedesktop.systemd1 exited with status 1
[2m2026-10-03T03:53:30.057080Z[0m [33m WARN[0m [2mcua_driver_sdk::runtime[0m[2m:[0m could not activate the persistent AT-SPI listener: AT-SPI connect failed: ZBus Error: MethodError(OwnedErrorName("org.freedesktop.DBus.Error.NameHasNoOwner"), Some("Could not activate remote peer 'org.a11y.atspi.Registry': unit failed"), Msg { type: Error, serial: 4294967295, sender: UniqueName("org.freedesktop.DBus"), reply-serial: 9, body: Str, fds: [] })
[2m2026-10-03T03:53:30.070635Z[0m [33m WARN[0m [2mplatform_linux::overlay[0m[2m:[0m X11 overlay: root reads cannot see this window's own pixels; save-unders will be served without readback confirmation
dbus-daemon[3372475]: [session uid=1000 pid=3372475 pidfd=5] Activating service name='org.freedesktop.systemd1' requested by ':1.4' (uid=1000 pid=3373468 comm="/usr/bin/dbus-broker-launch --config-file=/usr/sha")
dbus-daemon[3372475]: [session uid=1000 pid=3372475 pidfd=5] Activated service 'org.freedesktop.systemd1' failed: Process org.freedesktop.systemd1 exited with status 1
dbus-daemon[3372475]: [session uid=1000 pid=3372475 pidfd=5] Activating service name='org.freedesktop.systemd1' requested by ':1.4' (uid=1000 pid=3373468 comm="/usr/bin/dbus-broker-launch --config-file=/usr/sha")
dbus-daemon[3372475]: [session uid=1000 pid=3372475 pidfd=5] Activated service 'org.freedesktop.systemd1' failed: Process org.freedesktop.systemd1 exited with status 1
{"trial": "x23-P4-toggle-PREWARM", "outcome": "verified", "oracle_exact_match": true, "completion_mutations": 1, "routes": ["provider", "provider"], "loadavg_before": "8.52 13.33 15.07 5/3304 3434403"}
dbus-daemon[3372475]: [session uid=1000 pid=3372475 pidfd=5] Activating service name='org.freedesktop.systemd1' requested by ':1.4' (uid=1000 pid=3373468 comm="/usr/bin/dbus-broker-launch --config-file=/usr/sha")
dbus-daemon[3372475]: [session uid=1000 pid=3372475 pidfd=5] Activated service 'org.freedesktop.systemd1' failed: Process org.freedesktop.systemd1 exited with status 1
[2m2026-10-03T03:53:31.897155Z[0m [33m WARN[0m [2mcua_driver_sdk::runtime[0m[2m:[0m could not activate the persistent AT-SPI listener: AT-SPI connect failed: ZBus Error: MethodError(OwnedErrorName("org.freedesktop.DBus.Error.NameHasNoOwner"), Some("Could not activate remote peer 'org.a11y.atspi.Registry': unit failed"), Msg { type: Error, serial: 4294967295, sender: UniqueName("org.freedesktop.DBus"), reply-serial: 9, body: Str, fds: [] })
[2m2026-10-03T03:53:31.914164Z[0m [33m WARN[0m [2mplatform_linux::overlay[0m[2m:[0m X11 overlay: root reads cannot see this window's own pixels; save-unders will be served without readback confirmation
dbus-daemon[3372475]: [session uid=1000 pid=3372475 pidfd=5] Activating service name='org.freedesktop.systemd1' requested by ':1.4' (uid=1000 pid=3373468 comm="/usr/bin/dbus-broker-launch --config-file=/usr/sha")
dbus-daemon[3372475]: [session uid=1000 pid=3372475 pidfd=5] Activated service 'org.freedesktop.systemd1' failed: Process org.freedesktop.systemd1 exited with status 1
dbus-daemon[3372475]: [session uid=1000 pid=3372475 pidfd=5] Activating service name='org.freedesktop.systemd1' requested by ':1.4' (uid=1000 pid=3373468 comm="/usr/bin/dbus-broker-launch --config-file=/usr/sha")
dbus-daemon[3372475]: [session uid=1000 pid=3372475 pidfd=5] Activated service 'org.freedesktop.systemd1' failed: Process org.freedesktop.systemd1 exited with status 1
{"trial": "x23-P4-toggle-W0", "outcome": "verified", "oracle_exact_match": true, "completion_mutations": 1, "routes": ["provider", "provider"], "loadavg_before": "8.52 13.33 15.07 11/3296 3434777"}
dbus-daemon[3372475]: [session uid=1000 pid=3372475 pidfd=5] Activating service name='org.freedesktop.systemd1' requested by ':1.4' (uid=1000 pid=3373468 comm="/usr/bin/dbus-broker-launch --config-file=/usr/sha")
dbus-daemon[3372475]: [session uid=1000 pid=3372475 pidfd=5] Activated service 'org.freedesktop.systemd1' failed: Process org.freedesktop.systemd1 exited with status 1
[2m2026-10-03T03:53:33.673196Z[0m [33m WARN[0m [2mcua_driver_sdk::runtime[0m[2m:[0m could not activate the persistent AT-SPI listener: AT-SPI connect failed: ZBus Error: MethodError(OwnedErrorName("org.freedesktop.DBus.Error.NameHasNoOwner"), Some("Could not activate remote peer 'org.a11y.atspi.Registry': unit failed"), Msg { type: Error, serial: 4294967295, sender: UniqueName("org.freedesktop.DBus"), reply-serial: 9, body: Str, fds: [] })
[2m2026-10-03T03:53:33.684965Z[0m [33m WARN[0m [2mplatform_linux::overlay[0m[2m:[0m X11 overlay: root reads cannot see this window's own pixels; save-unders will be served without readback confirmation
dbus-daemon[3372475]: [session uid=1000 pid=3372475 pidfd=5] Activating service name='org.freedesktop.systemd1' requested by ':1.4' (uid=1000 pid=3373468 comm="/usr/bin/dbus-broker-launch --config-file=/usr/sha")
dbus-daemon[3372475]: [session uid=1000 pid=3372475 pidfd=5] Activated service 'org.freedesktop.systemd1' failed: Process org.freedesktop.systemd1 exited with status 1
dbus-daemon[3372475]: [session uid=1000 pid=3372475 pidfd=5] Activating service name='org.freedesktop.systemd1' requested by ':1.4' (uid=1000 pid=3373468 comm="/usr/bin/dbus-broker-launch --config-file=/usr/sha")
dbus-daemon[3372475]: [session uid=1000 pid=3372475 pidfd=5] Activated service 'org.freedesktop.systemd1' failed: Process org.freedesktop.systemd1 exited with status 1
{"trial": "x23-P4-toggle-W80", "outcome": "verified", "oracle_exact_match": true, "completion_mutations": 1, "routes": ["provider", "provider"], "loadavg_before": "8.96 13.35 15.07 6/2750 3435189"}
dbus-daemon[3372475]: [session uid=1000 pid=3372475 pidfd=5] Activating service name='org.freedesktop.systemd1' requested by ':1.4' (uid=1000 pid=3373468 comm="/usr/bin/dbus-broker-launch --config-file=/usr/sha")
dbus-daemon[3372475]: [session uid=1000 pid=3372475 pidfd=5] Activated service 'org.freedesktop.systemd1' failed: Process org.freedesktop.systemd1 exited with status 1
[2m2026-10-03T03:53:35.607343Z[0m [33m WARN[0m [2mcua_driver_sdk::runtime[0m[2m:[0m could not activate the persistent AT-SPI listener: AT-SPI connect failed: ZBus Error: MethodError(OwnedErrorName("org.freedesktop.DBus.Error.NameHasNoOwner"), Some("Could not activate remote peer 'org.a11y.atspi.Registry': unit failed"), Msg { type: Error, serial: 4294967295, sender: UniqueName("org.freedesktop.DBus"), reply-serial: 9, body: Str, fds: [] })
[2m2026-10-03T03:53:35.620476Z[0m [33m WARN[0m [2mplatform_linux::overlay[0m[2m:[0m X11 overlay: root reads cannot see this window's own pixels; save-unders will be served without readback confirmation
dbus-daemon[3372475]: [session uid=1000 pid=3372475 pidfd=5] Activating service name='org.freedesktop.systemd1' requested by ':1.4' (uid=1000 pid=3373468 comm="/usr/bin/dbus-broker-launch --config-file=/usr/sha")
dbus-daemon[3372475]: [session uid=1000 pid=3372475 pidfd=5] Activated service 'org.freedesktop.systemd1' failed: Process org.freedesktop.systemd1 exited with status 1
dbus-daemon[3372475]: [session uid=1000 pid=3372475 pidfd=5] Activating service name='org.freedesktop.systemd1' requested by ':1.4' (uid=1000 pid=3373468 comm="/usr/bin/dbus-broker-launch --config-file=/usr/sha")
dbus-daemon[3372475]: [session uid=1000 pid=3372475 pidfd=5] Activated service 'org.freedesktop.systemd1' failed: Process org.freedesktop.systemd1 exited with status 1
{"trial": "x23-P4-fill-W80", "outcome": "verified", "oracle_exact_match": true, "completion_mutations": 1, "routes": ["compiled"], "loadavg_before": "8.96 13.35 15.07 7/2743 3435627"}
dbus-daemon[3372475]: [session uid=1000 pid=3372475 pidfd=5] Activating service name='org.freedesktop.systemd1' requested by ':1.4' (uid=1000 pid=3373468 comm="/usr/bin/dbus-broker-launch --config-file=/usr/sha")
dbus-daemon[3372475]: [session uid=1000 pid=3372475 pidfd=5] Activated service 'org.freedesktop.systemd1' failed: Process org.freedesktop.systemd1 exited with status 1
[2m2026-10-03T03:53:37.107416Z[0m [33m WARN[0m [2mcua_driver_sdk::runtime[0m[2m:[0m could not activate the persistent AT-SPI listener: AT-SPI connect failed: ZBus Error: MethodError(OwnedErrorName("org.freedesktop.DBus.Error.NameHasNoOwner"), Some("Could not activate remote peer 'org.a11y.atspi.Registry': unit failed"), Msg { type: Error, serial: 4294967295, sender: UniqueName("org.freedesktop.DBus"), reply-serial: 9, body: Str, fds: [] })
[2m2026-10-03T03:53:37.120171Z[0m [33m WARN[0m [2mplatform_linux::overlay[0m[2m:[0m X11 overlay: root reads cannot see this window's own pixels; save-unders will be served without readback confirmation
dbus-daemon[3372475]: [session uid=1000 pid=3372475 pidfd=5] Activating service name='org.freedesktop.systemd1' requested by ':1.4' (uid=1000 pid=3373468 comm="/usr/bin/dbus-broker-launch --config-file=/usr/sha")
dbus-daemon[3372475]: [session uid=1000 pid=3372475 pidfd=5] Activated service 'org.freedesktop.systemd1' failed: Process org.freedesktop.systemd1 exited with status 1
dbus-daemon[3372475]: [session uid=1000 pid=3372475 pidfd=5] Activating service name='org.freedesktop.systemd1' requested by ':1.4' (uid=1000 pid=3373468 comm="/usr/bin/dbus-broker-launch --config-file=/usr/sha")
dbus-daemon[3372475]: [session uid=1000 pid=3372475 pidfd=5] Activated service 'org.freedesktop.systemd1' failed: Process org.freedesktop.systemd1 exited with status 1
{"trial": "x23-P4-fill-W0", "outcome": "verified", "oracle_exact_match": true, "completion_mutations": 1, "routes": ["compiled"], "loadavg_before": "8.88 13.26 15.03 6/2752 3436096"}
dbus-daemon[3372475]: [session uid=1000 pid=3372475 pidfd=5] Activating service name='org.freedesktop.systemd1' requested by ':1.4' (uid=1000 pid=3373468 comm="/usr/bin/dbus-broker-launch --config-file=/usr/sha")
dbus-daemon[3372475]: [session uid=1000 pid=3372475 pidfd=5] Activated service 'org.freedesktop.systemd1' failed: Process org.freedesktop.systemd1 exited with status 1
[2m2026-10-03T03:53:38.608158Z[0m [33m WARN[0m [2mcua_driver_sdk::runtime[0m[2m:[0m could not activate the persistent AT-SPI listener: AT-SPI connect failed: ZBus Error: MethodError(OwnedErrorName("org.freedesktop.DBus.Error.NameHasNoOwner"), Some("Could not activate remote peer 'org.a11y.atspi.Registry': unit failed"), Msg { type: Error, serial: 4294967295, sender: UniqueName("org.freedesktop.DBus"), reply-serial: 9, body: Str, fds: [] })
[2m2026-10-03T03:53:38.625889Z[0m [33m WARN[0m [2mplatform_linux::overlay[0m[2m:[0m X11 overlay: root reads cannot see this window's own pixels; save-unders will be served without readback confirmation
dbus-daemon[3372475]: [session uid=1000 pid=3372475 pidfd=5] Activating service name='org.freedesktop.systemd1' requested by ':1.4' (uid=1000 pid=3373468 comm="/usr/bin/dbus-broker-launch --config-file=/usr/sha")
dbus-daemon[3372475]: [session uid=1000 pid=3372475 pidfd=5] Activated service 'org.freedesktop.systemd1' failed: Process org.freedesktop.systemd1 exited with status 1
dbus-daemon[3372475]: [session uid=1000 pid=3372475 pidfd=5] Activating service name='org.freedesktop.systemd1' requested by ':1.4' (uid=1000 pid=3373468 comm="/usr/bin/dbus-broker-launch --config-file=/usr/sha")
dbus-daemon[3372475]: [session uid=1000 pid=3372475 pidfd=5] Activated service 'org.freedesktop.systemd1' failed: Process org.freedesktop.systemd1 exited with status 1
{"trial": "x23-P4-fill-PREWARM", "outcome": "verified", "oracle_exact_match": true, "completion_mutations": 1, "routes": ["compiled"], "loadavg_before": "8.88 13.26 15.03 8/2793 3436476"}
dbus-daemon[3372475]: [session uid=1000 pid=3372475 pidfd=5] Activating service name='org.freedesktop.systemd1' requested by ':1.4' (uid=1000 pid=3373468 comm="/usr/bin/dbus-broker-launch --config-file=/usr/sha")
dbus-daemon[3372475]: [session uid=1000 pid=3372475 pidfd=5] Activated service 'org.freedesktop.systemd1' failed: Process org.freedesktop.systemd1 exited with status 1
[2m2026-10-03T03:53:40.113340Z[0m [33m WARN[0m [2mcua_driver_sdk::runtime[0m[2m:[0m could not activate the persistent AT-SPI listener: AT-SPI connect failed: ZBus Error: MethodError(OwnedErrorName("org.freedesktop.DBus.Error.NameHasNoOwner"), Some("Could not activate remote peer 'org.a11y.atspi.Registry': unit failed"), Msg { type: Error, serial: 4294967295, sender: UniqueName("org.freedesktop.DBus"), reply-serial: 9, body: Str, fds: [] })
[2m2026-10-03T03:53:40.123687Z[0m [33m WARN[0m [2mplatform_linux::overlay[0m[2m:[0m X11 overlay: root reads cannot see this window's own pixels; save-unders will be served without readback confirmation
dbus-daemon[3372475]: [session uid=1000 pid=3372475 pidfd=5] Activating service name='org.freedesktop.systemd1' requested by ':1.4' (uid=1000 pid=3373468 comm="/usr/bin/dbus-broker-launch --config-file=/usr/sha")
dbus-daemon[3372475]: [session uid=1000 pid=3372475 pidfd=5] Activated service 'org.freedesktop.systemd1' failed: Process org.freedesktop.systemd1 exited with status 1
dbus-daemon[3372475]: [session uid=1000 pid=3372475 pidfd=5] Activating service name='org.freedesktop.systemd1' requested by ':1.4' (uid=1000 pid=3373468 comm="/usr/bin/dbus-broker-launch --config-file=/usr/sha")
dbus-daemon[3372475]: [session uid=1000 pid=3372475 pidfd=5] Activated service 'org.freedesktop.systemd1' failed: Process org.freedesktop.systemd1 exited with status 1
{"trial": "x24-P4-fill-W0", "outcome": "verified", "oracle_exact_match": true, "completion_mutations": 1, "routes": ["compiled"], "loadavg_before": "8.88 13.26 15.03 9/2809 3436869"}
dbus-daemon[3372475]: [session uid=1000 pid=3372475 pidfd=5] Activating service name='org.freedesktop.systemd1' requested by ':1.4' (uid=1000 pid=3373468 comm="/usr/bin/dbus-broker-launch --config-file=/usr/sha")
dbus-daemon[3372475]: [session uid=1000 pid=3372475 pidfd=5] Activated service 'org.freedesktop.systemd1' failed: Process org.freedesktop.systemd1 exited with status 1
[2m2026-10-03T03:53:41.609983Z[0m [33m WARN[0m [2mcua_driver_sdk::runtime[0m[2m:[0m could not activate the persistent AT-SPI listener: AT-SPI connect failed: ZBus Error: MethodError(OwnedErrorName("org.freedesktop.DBus.Error.NameHasNoOwner"), Some("Could not activate remote peer 'org.a11y.atspi.Registry': unit failed"), Msg { type: Error, serial: 4294967295, sender: UniqueName("org.freedesktop.DBus"), reply-serial: 9, body: Str, fds: [] })
[2m2026-10-03T03:53:41.621028Z[0m [33m WARN[0m [2mplatform_linux::overlay[0m[2m:[0m X11 overlay: root reads cannot see this window's own pixels; save-unders will be served without readback confirmation
dbus-daemon[3372475]: [session uid=1000 pid=3372475 pidfd=5] Activating service name='org.freedesktop.systemd1' requested by ':1.4' (uid=1000 pid=3373468 comm="/usr/bin/dbus-broker-launch --config-file=/usr/sha")
dbus-daemon[3372475]: [session uid=1000 pid=3372475 pidfd=5] Activated service 'org.freedesktop.systemd1' failed: Process org.freedesktop.systemd1 exited with status 1
dbus-daemon[3372475]: [session uid=1000 pid=3372475 pidfd=5] Activating service name='org.freedesktop.systemd1' requested by ':1.4' (uid=1000 pid=3373468 comm="/usr/bin/dbus-broker-launch --config-file=/usr/sha")
dbus-daemon[3372475]: [session uid=1000 pid=3372475 pidfd=5] Activated service 'org.freedesktop.systemd1' failed: Process org.freedesktop.systemd1 exited with status 1
{"trial": "x24-P4-fill-W80", "outcome": "verified", "oracle_exact_match": true, "completion_mutations": 1, "routes": ["compiled"], "loadavg_before": "8.88 13.26 15.03 15/2802 3437211"}
dbus-daemon[3372475]: [session uid=1000 pid=3372475 pidfd=5] Activating service name='org.freedesktop.systemd1' requested by ':1.4' (uid=1000 pid=3373468 comm="/usr/bin/dbus-broker-launch --config-file=/usr/sha")
dbus-daemon[3372475]: [session uid=1000 pid=3372475 pidfd=5] Activated service 'org.freedesktop.systemd1' failed: Process org.freedesktop.systemd1 exited with status 1
[2m2026-10-03T03:53:43.113397Z[0m [33m WARN[0m [2mcua_driver_sdk::runtime[0m[2m:[0m could not activate the persistent AT-SPI listener: AT-SPI connect failed: ZBus Error: MethodError(OwnedErrorName("org.freedesktop.DBus.Error.NameHasNoOwner"), Some("Could not activate remote peer 'org.a11y.atspi.Registry': unit failed"), Msg { type: Error, serial: 4294967295, sender: UniqueName("org.freedesktop.DBus"), reply-serial: 9, body: Str, fds: [] })
[2m2026-10-03T03:53:43.126643Z[0m [33m WARN[0m [2mplatform_linux::overlay[0m[2m:[0m X11 overlay: root reads cannot see this window's own pixels; save-unders will be served without readback confirmation
dbus-daemon[3372475]: [session uid=1000 pid=3372475 pidfd=5] Activating service name='org.freedesktop.systemd1' requested by ':1.4' (uid=1000 pid=3373468 comm="/usr/bin/dbus-broker-launch --config-file=/usr/sha")
dbus-daemon[3372475]: [session uid=1000 pid=3372475 pidfd=5] Activated service 'org.freedesktop.systemd1' failed: Process org.freedesktop.systemd1 exited with status 1
dbus-daemon[3372475]: [session uid=1000 pid=3372475 pidfd=5] Activating service name='org.freedesktop.systemd1' requested by ':1.4' (uid=1000 pid=3373468 comm="/usr/bin/dbus-broker-launch --config-file=/usr/sha")
dbus-daemon[3372475]: [session uid=1000 pid=3372475 pidfd=5] Activated service 'org.freedesktop.systemd1' failed: Process org.freedesktop.systemd1 exited with status 1
{"trial": "x24-P4-fill-PREWARM", "outcome": "verified", "oracle_exact_match": true, "completion_mutations": 1, "routes": ["compiled"], "loadavg_before": "9.61 13.34 15.05 14/2755 3437528"}
dbus-daemon[3372475]: [session uid=1000 pid=3372475 pidfd=5] Activating service name='org.freedesktop.systemd1' requested by ':1.4' (uid=1000 pid=3373468 comm="/usr/bin/dbus-broker-launch --config-file=/usr/sha")
dbus-daemon[3372475]: [session uid=1000 pid=3372475 pidfd=5] Activated service 'org.freedesktop.systemd1' failed: Process org.freedesktop.systemd1 exited with status 1
[2m2026-10-03T03:53:44.612151Z[0m [33m WARN[0m [2mcua_driver_sdk::runtime[0m[2m:[0m could not activate the persistent AT-SPI listener: AT-SPI connect failed: ZBus Error: MethodError(OwnedErrorName("org.freedesktop.DBus.Error.NameHasNoOwner"), Some("Could not activate remote peer 'org.a11y.atspi.Registry': unit failed"), Msg { type: Error, serial: 4294967295, sender: UniqueName("org.freedesktop.DBus"), reply-serial: 9, body: Str, fds: [] })
[2m2026-10-03T03:53:44.623953Z[0m [33m WARN[0m [2mplatform_linux::overlay[0m[2m:[0m X11 overlay: root reads cannot see this window's own pixels; save-unders will be served without readback confirmation
dbus-daemon[3372475]: [session uid=1000 pid=3372475 pidfd=5] Activating service name='org.freedesktop.systemd1' requested by ':1.4' (uid=1000 pid=3373468 comm="/usr/bin/dbus-broker-launch --config-file=/usr/sha")
dbus-daemon[3372475]: [session uid=1000 pid=3372475 pidfd=5] Activated service 'org.freedesktop.systemd1' failed: Process org.freedesktop.systemd1 exited with status 1
dbus-daemon[3372475]: [session uid=1000 pid=3372475 pidfd=5] Activating service name='org.freedesktop.systemd1' requested by ':1.4' (uid=1000 pid=3373468 comm="/usr/bin/dbus-broker-launch --config-file=/usr/sha")
dbus-daemon[3372475]: [session uid=1000 pid=3372475 pidfd=5] Activated service 'org.freedesktop.systemd1' failed: Process org.freedesktop.systemd1 exited with status 1
{"trial": "x24-P4-toggle-PREWARM", "outcome": "verified", "oracle_exact_match": true, "completion_mutations": 1, "routes": ["provider", "provider"], "loadavg_before": "9.61 13.34 15.05 5/2746 3437887"}
dbus-daemon[3372475]: [session uid=1000 pid=3372475 pidfd=5] Activating service name='org.freedesktop.systemd1' requested by ':1.4' (uid=1000 pid=3373468 comm="/usr/bin/dbus-broker-launch --config-file=/usr/sha")
dbus-daemon[3372475]: [session uid=1000 pid=3372475 pidfd=5] Activated service 'org.freedesktop.systemd1' failed: Process org.freedesktop.systemd1 exited with status 1
[2m2026-10-03T03:53:46.364432Z[0m [33m WARN[0m [2mcua_driver_sdk::runtime[0m[2m:[0m could not activate the persistent AT-SPI listener: AT-SPI connect failed: ZBus Error: MethodError(OwnedErrorName("org.freedesktop.DBus.Error.NameHasNoOwner"), Some("Could not activate remote peer 'org.a11y.atspi.Registry': unit failed"), Msg { type: Error, serial: 4294967295, sender: UniqueName("org.freedesktop.DBus"), reply-serial: 9, body: Str, fds: [] })
[2m2026-10-03T03:53:46.379739Z[0m [33m WARN[0m [2mplatform_linux::overlay[0m[2m:[0m X11 overlay: root reads cannot see this window's own pixels; save-unders will be served without readback confirmation
dbus-daemon[3372475]: [session uid=1000 pid=3372475 pidfd=5] Activating service name='org.freedesktop.systemd1' requested by ':1.4' (uid=1000 pid=3373468 comm="/usr/bin/dbus-broker-launch --config-file=/usr/sha")
dbus-daemon[3372475]: [session uid=1000 pid=3372475 pidfd=5] Activated service 'org.freedesktop.systemd1' failed: Process org.freedesktop.systemd1 exited with status 1
dbus-daemon[3372475]: [session uid=1000 pid=3372475 pidfd=5] Activating service name='org.freedesktop.systemd1' requested by ':1.4' (uid=1000 pid=3373468 comm="/usr/bin/dbus-broker-launch --config-file=/usr/sha")
dbus-daemon[3372475]: [session uid=1000 pid=3372475 pidfd=5] Activated service 'org.freedesktop.systemd1' failed: Process org.freedesktop.systemd1 exited with status 1
{"trial": "x24-P4-toggle-W80", "outcome": "verified", "oracle_exact_match": true, "completion_mutations": 1, "routes": ["provider", "provider"], "loadavg_before": "9.61 13.34 15.05 6/2747 3438251"}
dbus-daemon[3372475]: [session uid=1000 pid=3372475 pidfd=5] Activating service name='org.freedesktop.systemd1' requested by ':1.4' (uid=1000 pid=3373468 comm="/usr/bin/dbus-broker-launch --config-file=/usr/sha")
dbus-daemon[3372475]: [session uid=1000 pid=3372475 pidfd=5] Activated service 'org.freedesktop.systemd1' failed: Process org.freedesktop.systemd1 exited with status 1
[2m2026-10-03T03:53:48.136160Z[0m [33m WARN[0m [2mcua_driver_sdk::runtime[0m[2m:[0m could not activate the persistent AT-SPI listener: AT-SPI connect failed: ZBus Error: MethodError(OwnedErrorName("org.freedesktop.DBus.Error.NameHasNoOwner"), Some("Could not activate remote peer 'org.a11y.atspi.Registry': unit failed"), Msg { type: Error, serial: 4294967295, sender: UniqueName("org.freedesktop.DBus"), reply-serial: 9, body: Str, fds: [] })
[2m2026-10-03T03:53:48.150279Z[0m [33m WARN[0m [2mplatform_linux::overlay[0m[2m:[0m X11 overlay: root reads cannot see this window's own pixels; save-unders will be served without readback confirmation
dbus-daemon[3372475]: [session uid=1000 pid=3372475 pidfd=5] Activating service name='org.freedesktop.systemd1' requested by ':1.4' (uid=1000 pid=3373468 comm="/usr/bin/dbus-broker-launch --config-file=/usr/sha")
dbus-daemon[3372475]: [session uid=1000 pid=3372475 pidfd=5] Activated service 'org.freedesktop.systemd1' failed: Process org.freedesktop.systemd1 exited with status 1
dbus-daemon[3372475]: [session uid=1000 pid=3372475 pidfd=5] Activating service name='org.freedesktop.systemd1' requested by ':1.4' (uid=1000 pid=3373468 comm="/usr/bin/dbus-broker-launch --config-file=/usr/sha")
dbus-daemon[3372475]: [session uid=1000 pid=3372475 pidfd=5] Activated service 'org.freedesktop.systemd1' failed: Process org.freedesktop.systemd1 exited with status 1
{"trial": "x24-P4-toggle-W0", "outcome": "verified", "oracle_exact_match": true, "completion_mutations": 1, "routes": ["provider", "provider"], "loadavg_before": "10.85 13.53 15.10 6/2741 3438688"}
dbus-daemon[3372475]: [session uid=1000 pid=3372475 pidfd=5] Activating service name='org.freedesktop.systemd1' requested by ':1.4' (uid=1000 pid=3373468 comm="/usr/bin/dbus-broker-launch --config-file=/usr/sha")
dbus-daemon[3372475]: [session uid=1000 pid=3372475 pidfd=5] Activated service 'org.freedesktop.systemd1' failed: Process org.freedesktop.systemd1 exited with status 1
[2m2026-10-03T03:53:49.858979Z[0m [33m WARN[0m [2mcua_driver_sdk::runtime[0m[2m:[0m could not activate the persistent AT-SPI listener: AT-SPI connect failed: ZBus Error: MethodError(OwnedErrorName("org.freedesktop.DBus.Error.NameHasNoOwner"), Some("Could not activate remote peer 'org.a11y.atspi.Registry': unit failed"), Msg { type: Error, serial: 4294967295, sender: UniqueName("org.freedesktop.DBus"), reply-serial: 9, body: Str, fds: [] })
[2m2026-10-03T03:53:49.868640Z[0m [33m WARN[0m [2mplatform_linux::overlay[0m[2m:[0m X11 overlay: root reads cannot see this window's own pixels; save-unders will be served without readback confirmation
dbus-daemon[3372475]: [session uid=1000 pid=3372475 pidfd=5] Activating service name='org.freedesktop.systemd1' requested by ':1.4' (uid=1000 pid=3373468 comm="/usr/bin/dbus-broker-launch --config-file=/usr/sha")
dbus-daemon[3372475]: [session uid=1000 pid=3372475 pidfd=5] Activated service 'org.freedesktop.systemd1' failed: Process org.freedesktop.systemd1 exited with status 1
dbus-daemon[3372475]: [session uid=1000 pid=3372475 pidfd=5] Activating service name='org.freedesktop.systemd1' requested by ':1.4' (uid=1000 pid=3373468 comm="/usr/bin/dbus-broker-launch --config-file=/usr/sha")
dbus-daemon[3372475]: [session uid=1000 pid=3372475 pidfd=5] Activated service 'org.freedesktop.systemd1' failed: Process org.freedesktop.systemd1 exited with status 1
{"trial": "x25-P4-toggle-W0", "outcome": "verified", "oracle_exact_match": true, "completion_mutations": 1, "routes": ["provider", "provider"], "loadavg_before": "10.85 13.53 15.10 5/2721 3439049"}
dbus-daemon[3372475]: [session uid=1000 pid=3372475 pidfd=5] Activating service name='org.freedesktop.systemd1' requested by ':1.4' (uid=1000 pid=3373468 comm="/usr/bin/dbus-broker-launch --config-file=/usr/sha")
dbus-daemon[3372475]: [session uid=1000 pid=3372475 pidfd=5] Activated service 'org.freedesktop.systemd1' failed: Process org.freedesktop.systemd1 exited with status 1
[2m2026-10-03T03:53:51.605579Z[0m [33m WARN[0m [2mcua_driver_sdk::runtime[0m[2m:[0m could not activate the persistent AT-SPI listener: AT-SPI connect failed: ZBus Error: MethodError(OwnedErrorName("org.freedesktop.DBus.Error.NameHasNoOwner"), Some("Could not activate remote peer 'org.a11y.atspi.Registry': unit failed"), Msg { type: Error, serial: 4294967295, sender: UniqueName("org.freedesktop.DBus"), reply-serial: 9, body: Str, fds: [] })
[2m2026-10-03T03:53:51.616701Z[0m [33m WARN[0m [2mplatform_linux::overlay[0m[2m:[0m X11 overlay: root reads cannot see this window's own pixels; save-unders will be served without readback confirmation
dbus-daemon[3372475]: [session uid=1000 pid=3372475 pidfd=5] Activating service name='org.freedesktop.systemd1' requested by ':1.4' (uid=1000 pid=3373468 comm="/usr/bin/dbus-broker-launch --config-file=/usr/sha")
dbus-daemon[3372475]: [session uid=1000 pid=3372475 pidfd=5] Activated service 'org.freedesktop.systemd1' failed: Process org.freedesktop.systemd1 exited with status 1
dbus-daemon[3372475]: [session uid=1000 pid=3372475 pidfd=5] Activating service name='org.freedesktop.systemd1' requested by ':1.4' (uid=1000 pid=3373468 comm="/usr/bin/dbus-broker-launch --config-file=/usr/sha")
dbus-daemon[3372475]: [session uid=1000 pid=3372475 pidfd=5] Activated service 'org.freedesktop.systemd1' failed: Process org.freedesktop.systemd1 exited with status 1
{"trial": "x25-P4-toggle-PREWARM", "outcome": "verified", "oracle_exact_match": true, "completion_mutations": 1, "routes": ["provider", "provider"], "loadavg_before": "10.85 13.53 15.10 13/2699 3439465"}
dbus-daemon[3372475]: [session uid=1000 pid=3372475 pidfd=5] Activating service name='org.freedesktop.systemd1' requested by ':1.4' (uid=1000 pid=3373468 comm="/usr/bin/dbus-broker-launch --config-file=/usr/sha")
dbus-daemon[3372475]: [session uid=1000 pid=3372475 pidfd=5] Activated service 'org.freedesktop.systemd1' failed: Process org.freedesktop.systemd1 exited with status 1
[2m2026-10-03T03:53:53.362833Z[0m [33m WARN[0m [2mcua_driver_sdk::runtime[0m[2m:[0m could not activate the persistent AT-SPI listener: AT-SPI connect failed: ZBus Error: MethodError(OwnedErrorName("org.freedesktop.DBus.Error.NameHasNoOwner"), Some("Could not activate remote peer 'org.a11y.atspi.Registry': unit failed"), Msg { type: Error, serial: 4294967295, sender: UniqueName("org.freedesktop.DBus"), reply-serial: 9, body: Str, fds: [] })
[2m2026-10-03T03:53:53.374046Z[0m [33m WARN[0m [2mplatform_linux::overlay[0m[2m:[0m X11 overlay: root reads cannot see this window's own pixels; save-unders will be served without readback confirmation
dbus-daemon[3372475]: [session uid=1000 pid=3372475 pidfd=5] Activating service name='org.freedesktop.systemd1' requested by ':1.4' (uid=1000 pid=3373468 comm="/usr/bin/dbus-broker-launch --config-file=/usr/sha")
dbus-daemon[3372475]: [session uid=1000 pid=3372475 pidfd=5] Activated service 'org.freedesktop.systemd1' failed: Process org.freedesktop.systemd1 exited with status 1
dbus-daemon[3372475]: [session uid=1000 pid=3372475 pidfd=5] Activating service name='org.freedesktop.systemd1' requested by ':1.4' (uid=1000 pid=3373468 comm="/usr/bin/dbus-broker-launch --config-file=/usr/sha")
dbus-daemon[3372475]: [session uid=1000 pid=3372475 pidfd=5] Activated service 'org.freedesktop.systemd1' failed: Process org.freedesktop.systemd1 exited with status 1
{"trial": "x25-P4-toggle-W80", "outcome": "verified", "oracle_exact_match": true, "completion_mutations": 1, "routes": ["provider", "provider"], "loadavg_before": "10.46 13.40 15.05 5/2672 3439834"}
dbus-daemon[3372475]: [session uid=1000 pid=3372475 pidfd=5] Activating service name='org.freedesktop.systemd1' requested by ':1.4' (uid=1000 pid=3373468 comm="/usr/bin/dbus-broker-launch --config-file=/usr/sha")
dbus-daemon[3372475]: [session uid=1000 pid=3372475 pidfd=5] Activated service 'org.freedesktop.systemd1' failed: Process org.freedesktop.systemd1 exited with status 1
[2m2026-10-03T03:53:55.075619Z[0m [33m WARN[0m [2mcua_driver_sdk::runtime[0m[2m:[0m could not activate the persistent AT-SPI listener: AT-SPI connect failed: ZBus Error: MethodError(OwnedErrorName("org.freedesktop.DBus.Error.NameHasNoOwner"), Some("Could not activate remote peer 'org.a11y.atspi.Registry': unit failed"), Msg { type: Error, serial: 4294967295, sender: UniqueName("org.freedesktop.DBus"), reply-serial: 9, body: Str, fds: [] })
[2m2026-10-03T03:53:55.090489Z[0m [33m WARN[0m [2mplatform_linux::overlay[0m[2m:[0m X11 overlay: root reads cannot see this window's own pixels; save-unders will be served without readback confirmation
dbus-daemon[3372475]: [session uid=1000 pid=3372475 pidfd=5] Activating service name='org.freedesktop.systemd1' requested by ':1.4' (uid=1000 pid=3373468 comm="/usr/bin/dbus-broker-launch --config-file=/usr/sha")
dbus-daemon[3372475]: [session uid=1000 pid=3372475 pidfd=5] Activated service 'org.freedesktop.systemd1' failed: Process org.freedesktop.systemd1 exited with status 1
dbus-daemon[3372475]: [session uid=1000 pid=3372475 pidfd=5] Activating service name='org.freedesktop.systemd1' requested by ':1.4' (uid=1000 pid=3373468 comm="/usr/bin/dbus-broker-launch --config-file=/usr/sha")
dbus-daemon[3372475]: [session uid=1000 pid=3372475 pidfd=5] Activated service 'org.freedesktop.systemd1' failed: Process org.freedesktop.systemd1 exited with status 1
{"trial": "x25-P4-fill-W80", "outcome": "verified", "oracle_exact_match": true, "completion_mutations": 1, "routes": ["compiled"], "loadavg_before": "10.46 13.40 15.05 7/2684 3440214"}
dbus-daemon[3372475]: [session uid=1000 pid=3372475 pidfd=5] Activating service name='org.freedesktop.systemd1' requested by ':1.4' (uid=1000 pid=3373468 comm="/usr/bin/dbus-broker-launch --config-file=/usr/sha")
dbus-daemon[3372475]: [session uid=1000 pid=3372475 pidfd=5] Activated service 'org.freedesktop.systemd1' failed: Process org.freedesktop.systemd1 exited with status 1
[2m2026-10-03T03:53:56.574678Z[0m [33m WARN[0m [2mcua_driver_sdk::runtime[0m[2m:[0m could not activate the persistent AT-SPI listener: AT-SPI connect failed: ZBus Error: MethodError(OwnedErrorName("org.freedesktop.DBus.Error.NameHasNoOwner"), Some("Could not activate remote peer 'org.a11y.atspi.Registry': unit failed"), Msg { type: Error, serial: 4294967295, sender: UniqueName("org.freedesktop.DBus"), reply-serial: 9, body: Str, fds: [] })
[2m2026-10-03T03:53:56.589411Z[0m [33m WARN[0m [2mplatform_linux::overlay[0m[2m:[0m X11 overlay: root reads cannot see this window's own pixels; save-unders will be served without readback confirmation
dbus-daemon[3372475]: [session uid=1000 pid=3372475 pidfd=5] Activating service name='org.freedesktop.systemd1' requested by ':1.4' (uid=1000 pid=3373468 comm="/usr/bin/dbus-broker-launch --config-file=/usr/sha")
dbus-daemon[3372475]: [session uid=1000 pid=3372475 pidfd=5] Activated service 'org.freedesktop.systemd1' failed: Process org.freedesktop.systemd1 exited with status 1
dbus-daemon[3372475]: [session uid=1000 pid=3372475 pidfd=5] Activating service name='org.freedesktop.systemd1' requested by ':1.4' (uid=1000 pid=3373468 comm="/usr/bin/dbus-broker-launch --config-file=/usr/sha")
dbus-daemon[3372475]: [session uid=1000 pid=3372475 pidfd=5] Activated service 'org.freedesktop.systemd1' failed: Process org.freedesktop.systemd1 exited with status 1
{"trial": "x25-P4-fill-PREWARM", "outcome": "verified", "oracle_exact_match": true, "completion_mutations": 1, "routes": ["compiled"], "loadavg_before": "10.46 13.40 15.05 4/2687 3440547"}
dbus-daemon[3372475]: [session uid=1000 pid=3372475 pidfd=5] Activating service name='org.freedesktop.systemd1' requested by ':1.4' (uid=1000 pid=3373468 comm="/usr/bin/dbus-broker-launch --config-file=/usr/sha")
dbus-daemon[3372475]: [session uid=1000 pid=3372475 pidfd=5] Activated service 'org.freedesktop.systemd1' failed: Process org.freedesktop.systemd1 exited with status 1
[2m2026-10-03T03:53:58.075501Z[0m [33m WARN[0m [2mcua_driver_sdk::runtime[0m[2m:[0m could not activate the persistent AT-SPI listener: AT-SPI connect failed: ZBus Error: MethodError(OwnedErrorName("org.freedesktop.DBus.Error.NameHasNoOwner"), Some("Could not activate remote peer 'org.a11y.atspi.Registry': unit failed"), Msg { type: Error, serial: 4294967295, sender: UniqueName("org.freedesktop.DBus"), reply-serial: 9, body: Str, fds: [] })
[2m2026-10-03T03:53:58.086036Z[0m [33m WARN[0m [2mplatform_linux::overlay[0m[2m:[0m X11 overlay: root reads cannot see this window's own pixels; save-unders will be served without readback confirmation
dbus-daemon[3372475]: [session uid=1000 pid=3372475 pidfd=5] Activating service name='org.freedesktop.systemd1' requested by ':1.4' (uid=1000 pid=3373468 comm="/usr/bin/dbus-broker-launch --config-file=/usr/sha")
dbus-daemon[3372475]: [session uid=1000 pid=3372475 pidfd=5] Activated service 'org.freedesktop.systemd1' failed: Process org.freedesktop.systemd1 exited with status 1
dbus-daemon[3372475]: [session uid=1000 pid=3372475 pidfd=5] Activating service name='org.freedesktop.systemd1' requested by ':1.4' (uid=1000 pid=3373468 comm="/usr/bin/dbus-broker-launch --config-file=/usr/sha")
dbus-daemon[3372475]: [session uid=1000 pid=3372475 pidfd=5] Activated service 'org.freedesktop.systemd1' failed: Process org.freedesktop.systemd1 exited with status 1
{"trial": "x25-P4-fill-W0", "outcome": "verified", "oracle_exact_match": true, "completion_mutations": 1, "routes": ["compiled"], "loadavg_before": "10.42 13.35 15.02 5/2875 3441081"}
dbus-daemon[3372475]: [session uid=1000 pid=3372475 pidfd=5] Activating service name='org.freedesktop.systemd1' requested by ':1.4' (uid=1000 pid=3373468 comm="/usr/bin/dbus-broker-launch --config-file=/usr/sha")
dbus-daemon[3372475]: [session uid=1000 pid=3372475 pidfd=5] Activated service 'org.freedesktop.systemd1' failed: Process org.freedesktop.systemd1 exited with status 1
[2m2026-10-03T03:53:59.576835Z[0m [33m WARN[0m [2mcua_driver_sdk::runtime[0m[2m:[0m could not activate the persistent AT-SPI listener: AT-SPI connect failed: ZBus Error: MethodError(OwnedErrorName("org.freedesktop.DBus.Error.NameHasNoOwner"), Some("Could not activate remote peer 'org.a11y.atspi.Registry': unit failed"), Msg { type: Error, serial: 4294967295, sender: UniqueName("org.freedesktop.DBus"), reply-serial: 9, body: Str, fds: [] })
[2m2026-10-03T03:53:59.589729Z[0m [33m WARN[0m [2mplatform_linux::overlay[0m[2m:[0m X11 overlay: root reads cannot see this window's own pixels; save-unders will be served without readback confirmation
dbus-daemon[3372475]: [session uid=1000 pid=3372475 pidfd=5] Activating service name='org.freedesktop.systemd1' requested by ':1.4' (uid=1000 pid=3373468 comm="/usr/bin/dbus-broker-launch --config-file=/usr/sha")
dbus-daemon[3372475]: [session uid=1000 pid=3372475 pidfd=5] Activated service 'org.freedesktop.systemd1' failed: Process org.freedesktop.systemd1 exited with status 1
dbus-daemon[3372475]: [session uid=1000 pid=3372475 pidfd=5] Activating service name='org.freedesktop.systemd1' requested by ':1.4' (uid=1000 pid=3373468 comm="/usr/bin/dbus-broker-launch --config-file=/usr/sha")
dbus-daemon[3372475]: [session uid=1000 pid=3372475 pidfd=5] Activated service 'org.freedesktop.systemd1' failed: Process org.freedesktop.systemd1 exited with status 1
{"trial": "x26-P4-fill-PREWARM", "outcome": "verified", "oracle_exact_match": true, "completion_mutations": 1, "routes": ["compiled"], "loadavg_before": "10.42 13.35 15.02 6/2878 3441410"}
dbus-daemon[3372475]: [session uid=1000 pid=3372475 pidfd=5] Activating service name='org.freedesktop.systemd1' requested by ':1.4' (uid=1000 pid=3373468 comm="/usr/bin/dbus-broker-launch --config-file=/usr/sha")
dbus-daemon[3372475]: [session uid=1000 pid=3372475 pidfd=5] Activated service 'org.freedesktop.systemd1' failed: Process org.freedesktop.systemd1 exited with status 1
[2m2026-10-03T03:54:01.078612Z[0m [33m WARN[0m [2mcua_driver_sdk::runtime[0m[2m:[0m could not activate the persistent AT-SPI listener: AT-SPI connect failed: ZBus Error: MethodError(OwnedErrorName("org.freedesktop.DBus.Error.NameHasNoOwner"), Some("Could not activate remote peer 'org.a11y.atspi.Registry': unit failed"), Msg { type: Error, serial: 4294967295, sender: UniqueName("org.freedesktop.DBus"), reply-serial: 9, body: Str, fds: [] })
[2m2026-10-03T03:54:01.096342Z[0m [33m WARN[0m [2mplatform_linux::overlay[0m[2m:[0m X11 overlay: root reads cannot see this window's own pixels; save-unders will be served without readback confirmation
dbus-daemon[3372475]: [session uid=1000 pid=3372475 pidfd=5] Activating service name='org.freedesktop.systemd1' requested by ':1.4' (uid=1000 pid=3373468 comm="/usr/bin/dbus-broker-launch --config-file=/usr/sha")
dbus-daemon[3372475]: [session uid=1000 pid=3372475 pidfd=5] Activated service 'org.freedesktop.systemd1' failed: Process org.freedesktop.systemd1 exited with status 1
dbus-daemon[3372475]: [session uid=1000 pid=3372475 pidfd=5] Activating service name='org.freedesktop.systemd1' requested by ':1.4' (uid=1000 pid=3373468 comm="/usr/bin/dbus-broker-launch --config-file=/usr/sha")
dbus-daemon[3372475]: [session uid=1000 pid=3372475 pidfd=5] Activated service 'org.freedesktop.systemd1' failed: Process org.freedesktop.systemd1 exited with status 1
{"trial": "x26-P4-fill-W0", "outcome": "verified", "oracle_exact_match": true, "completion_mutations": 1, "routes": ["compiled"], "loadavg_before": "10.42 13.35 15.02 9/2901 3441728"}
dbus-daemon[3372475]: [session uid=1000 pid=3372475 pidfd=5] Activating service name='org.freedesktop.systemd1' requested by ':1.4' (uid=1000 pid=3373468 comm="/usr/bin/dbus-broker-launch --config-file=/usr/sha")
dbus-daemon[3372475]: [session uid=1000 pid=3372475 pidfd=5] Activated service 'org.freedesktop.systemd1' failed: Process org.freedesktop.systemd1 exited with status 1
[2m2026-10-03T03:54:02.578249Z[0m [33m WARN[0m [2mcua_driver_sdk::runtime[0m[2m:[0m could not activate the persistent AT-SPI listener: AT-SPI connect failed: ZBus Error: MethodError(OwnedErrorName("org.freedesktop.DBus.Error.NameHasNoOwner"), Some("Could not activate remote peer 'org.a11y.atspi.Registry': unit failed"), Msg { type: Error, serial: 4294967295, sender: UniqueName("org.freedesktop.DBus"), reply-serial: 9, body: Str, fds: [] })
[2m2026-10-03T03:54:02.589047Z[0m [33m WARN[0m [2mplatform_linux::overlay[0m[2m:[0m X11 overlay: root reads cannot see this window's own pixels; save-unders will be served without readback confirmation
dbus-daemon[3372475]: [session uid=1000 pid=3372475 pidfd=5] Activating service name='org.freedesktop.systemd1' requested by ':1.4' (uid=1000 pid=3373468 comm="/usr/bin/dbus-broker-launch --config-file=/usr/sha")
dbus-daemon[3372475]: [session uid=1000 pid=3372475 pidfd=5] Activated service 'org.freedesktop.systemd1' failed: Process org.freedesktop.systemd1 exited with status 1
dbus-daemon[3372475]: [session uid=1000 pid=3372475 pidfd=5] Activating service name='org.freedesktop.systemd1' requested by ':1.4' (uid=1000 pid=3373468 comm="/usr/bin/dbus-broker-launch --config-file=/usr/sha")
dbus-daemon[3372475]: [session uid=1000 pid=3372475 pidfd=5] Activated service 'org.freedesktop.systemd1' failed: Process org.freedesktop.systemd1 exited with status 1
{"trial": "x26-P4-fill-W80", "outcome": "verified", "oracle_exact_match": true, "completion_mutations": 1, "routes": ["compiled"], "loadavg_before": "10.63 13.34 15.01 5/2913 3442055"}
dbus-daemon[3372475]: [session uid=1000 pid=3372475 pidfd=5] Activating service name='org.freedesktop.systemd1' requested by ':1.4' (uid=1000 pid=3373468 comm="/usr/bin/dbus-broker-launch --config-file=/usr/sha")
dbus-daemon[3372475]: [session uid=1000 pid=3372475 pidfd=5] Activated service 'org.freedesktop.systemd1' failed: Process org.freedesktop.systemd1 exited with status 1
[2m2026-10-03T03:54:04.078578Z[0m [33m WARN[0m [2mcua_driver_sdk::runtime[0m[2m:[0m could not activate the persistent AT-SPI listener: AT-SPI connect failed: ZBus Error: MethodError(OwnedErrorName("org.freedesktop.DBus.Error.NameHasNoOwner"), Some("Could not activate remote peer 'org.a11y.atspi.Registry': unit failed"), Msg { type: Error, serial: 4294967295, sender: UniqueName("org.freedesktop.DBus"), reply-serial: 9, body: Str, fds: [] })
[2m2026-10-03T03:54:04.091282Z[0m [33m WARN[0m [2mplatform_linux::overlay[0m[2m:[0m X11 overlay: root reads cannot see this window's own pixels; save-unders will be served without readback confirmation
dbus-daemon[3372475]: [session uid=1000 pid=3372475 pidfd=5] Activating service name='org.freedesktop.systemd1' requested by ':1.4' (uid=1000 pid=3373468 comm="/usr/bin/dbus-broker-launch --config-file=/usr/sha")
dbus-daemon[3372475]: [session uid=1000 pid=3372475 pidfd=5] Activated service 'org.freedesktop.systemd1' failed: Process org.freedesktop.systemd1 exited with status 1
dbus-daemon[3372475]: [session uid=1000 pid=3372475 pidfd=5] Activating service name='org.freedesktop.systemd1' requested by ':1.4' (uid=1000 pid=3373468 comm="/usr/bin/dbus-broker-launch --config-file=/usr/sha")
dbus-daemon[3372475]: [session uid=1000 pid=3372475 pidfd=5] Activated service 'org.freedesktop.systemd1' failed: Process org.freedesktop.systemd1 exited with status 1
{"trial": "x26-P4-toggle-W80", "outcome": "verified", "oracle_exact_match": true, "completion_mutations": 1, "routes": ["provider", "provider"], "loadavg_before": "10.63 13.34 15.01 4/2891 3442504"}
dbus-daemon[3372475]: [session uid=1000 pid=3372475 pidfd=5] Activating service name='org.freedesktop.systemd1' requested by ':1.4' (uid=1000 pid=3373468 comm="/usr/bin/dbus-broker-launch --config-file=/usr/sha")
dbus-daemon[3372475]: [session uid=1000 pid=3372475 pidfd=5] Activated service 'org.freedesktop.systemd1' failed: Process org.freedesktop.systemd1 exited with status 1
[2m2026-10-03T03:54:05.840667Z[0m [33m WARN[0m [2mcua_driver_sdk::runtime[0m[2m:[0m could not activate the persistent AT-SPI listener: AT-SPI connect failed: ZBus Error: MethodError(OwnedErrorName("org.freedesktop.DBus.Error.NameHasNoOwner"), Some("Could not activate remote peer 'org.a11y.atspi.Registry': unit failed"), Msg { type: Error, serial: 4294967295, sender: UniqueName("org.freedesktop.DBus"), reply-serial: 9, body: Str, fds: [] })
[2m2026-10-03T03:54:05.857437Z[0m [33m WARN[0m [2mplatform_linux::overlay[0m[2m:[0m X11 overlay: root reads cannot see this window's own pixels; save-unders will be served without readback confirmation
dbus-daemon[3372475]: [session uid=1000 pid=3372475 pidfd=5] Activating service name='org.freedesktop.systemd1' requested by ':1.4' (uid=1000 pid=3373468 comm="/usr/bin/dbus-broker-launch --config-file=/usr/sha")
dbus-daemon[3372475]: [session uid=1000 pid=3372475 pidfd=5] Activated service 'org.freedesktop.systemd1' failed: Process org.freedesktop.systemd1 exited with status 1
dbus-daemon[3372475]: [session uid=1000 pid=3372475 pidfd=5] Activating service name='org.freedesktop.systemd1' requested by ':1.4' (uid=1000 pid=3373468 comm="/usr/bin/dbus-broker-launch --config-file=/usr/sha")
dbus-daemon[3372475]: [session uid=1000 pid=3372475 pidfd=5] Activated service 'org.freedesktop.systemd1' failed: Process org.freedesktop.systemd1 exited with status 1
{"trial": "x26-P4-toggle-W0", "outcome": "verified", "oracle_exact_match": true, "completion_mutations": 1, "routes": ["provider", "provider"], "loadavg_before": "10.63 13.34 15.01 8/3114 3443162"}
dbus-daemon[3372475]: [session uid=1000 pid=3372475 pidfd=5] Activating service name='org.freedesktop.systemd1' requested by ':1.4' (uid=1000 pid=3373468 comm="/usr/bin/dbus-broker-launch --config-file=/usr/sha")
dbus-daemon[3372475]: [session uid=1000 pid=3372475 pidfd=5] Activated service 'org.freedesktop.systemd1' failed: Process org.freedesktop.systemd1 exited with status 1
[2m2026-10-03T03:54:07.673217Z[0m [33m WARN[0m [2mcua_driver_sdk::runtime[0m[2m:[0m could not activate the persistent AT-SPI listener: AT-SPI connect failed: ZBus Error: MethodError(OwnedErrorName("org.freedesktop.DBus.Error.NameHasNoOwner"), Some("Could not activate remote peer 'org.a11y.atspi.Registry': unit failed"), Msg { type: Error, serial: 4294967295, sender: UniqueName("org.freedesktop.DBus"), reply-serial: 9, body: Str, fds: [] })
[2m2026-10-03T03:54:07.685526Z[0m [33m WARN[0m [2mplatform_linux::overlay[0m[2m:[0m X11 overlay: root reads cannot see this window's own pixels; save-unders will be served without readback confirmation
dbus-daemon[3372475]: [session uid=1000 pid=3372475 pidfd=5] Activating service name='org.freedesktop.systemd1' requested by ':1.4' (uid=1000 pid=3373468 comm="/usr/bin/dbus-broker-launch --config-file=/usr/sha")
dbus-daemon[3372475]: [session uid=1000 pid=3372475 pidfd=5] Activated service 'org.freedesktop.systemd1' failed: Process org.freedesktop.systemd1 exited with status 1
dbus-daemon[3372475]: [session uid=1000 pid=3372475 pidfd=5] Activating service name='org.freedesktop.systemd1' requested by ':1.4' (uid=1000 pid=3373468 comm="/usr/bin/dbus-broker-launch --config-file=/usr/sha")
dbus-daemon[3372475]: [session uid=1000 pid=3372475 pidfd=5] Activated service 'org.freedesktop.systemd1' failed: Process org.freedesktop.systemd1 exited with status 1
{"trial": "x26-P4-toggle-PREWARM", "outcome": "verified", "oracle_exact_match": true, "completion_mutations": 1, "routes": ["provider", "provider"], "loadavg_before": "10.10 13.19 14.95 7/3101 3443611"}
dbus-daemon[3372475]: [session uid=1000 pid=3372475 pidfd=5] Activating service name='org.freedesktop.systemd1' requested by ':1.4' (uid=1000 pid=3373468 comm="/usr/bin/dbus-broker-launch --config-file=/usr/sha")
dbus-daemon[3372475]: [session uid=1000 pid=3372475 pidfd=5] Activated service 'org.freedesktop.systemd1' failed: Process org.freedesktop.systemd1 exited with status 1
[2m2026-10-03T03:54:09.530846Z[0m [33m WARN[0m [2mcua_driver_sdk::runtime[0m[2m:[0m could not activate the persistent AT-SPI listener: AT-SPI connect failed: ZBus Error: MethodError(OwnedErrorName("org.freedesktop.DBus.Error.NameHasNoOwner"), Some("Could not activate remote peer 'org.a11y.atspi.Registry': unit failed"), Msg { type: Error, serial: 4294967295, sender: UniqueName("org.freedesktop.DBus"), reply-serial: 9, body: Str, fds: [] })
[2m2026-10-03T03:54:09.541615Z[0m [33m WARN[0m [2mplatform_linux::overlay[0m[2m:[0m X11 overlay: root reads cannot see this window's own pixels; save-unders will be served without readback confirmation
dbus-daemon[3372475]: [session uid=1000 pid=3372475 pidfd=5] Activating service name='org.freedesktop.systemd1' requested by ':1.4' (uid=1000 pid=3373468 comm="/usr/bin/dbus-broker-launch --config-file=/usr/sha")
dbus-daemon[3372475]: [session uid=1000 pid=3372475 pidfd=5] Activated service 'org.freedesktop.systemd1' failed: Process org.freedesktop.systemd1 exited with status 1
dbus-daemon[3372475]: [session uid=1000 pid=3372475 pidfd=5] Activating service name='org.freedesktop.systemd1' requested by ':1.4' (uid=1000 pid=3373468 comm="/usr/bin/dbus-broker-launch --config-file=/usr/sha")
dbus-daemon[3372475]: [session uid=1000 pid=3372475 pidfd=5] Activated service 'org.freedesktop.systemd1' failed: Process org.freedesktop.systemd1 exited with status 1
{"trial": "x27-P4-toggle-W0", "outcome": "verified", "oracle_exact_match": true, "completion_mutations": 1, "routes": ["provider", "provider"], "loadavg_before": "10.10 13.19 14.95 5/3108 3443952"}
dbus-daemon[3372475]: [session uid=1000 pid=3372475 pidfd=5] Activating service name='org.freedesktop.systemd1' requested by ':1.4' (uid=1000 pid=3373468 comm="/usr/bin/dbus-broker-launch --config-file=/usr/sha")
dbus-daemon[3372475]: [session uid=1000 pid=3372475 pidfd=5] Activated service 'org.freedesktop.systemd1' failed: Process org.freedesktop.systemd1 exited with status 1
[2m2026-10-03T03:54:11.239689Z[0m [33m WARN[0m [2mcua_driver_sdk::runtime[0m[2m:[0m could not activate the persistent AT-SPI listener: AT-SPI connect failed: ZBus Error: MethodError(OwnedErrorName("org.freedesktop.DBus.Error.NameHasNoOwner"), Some("Could not activate remote peer 'org.a11y.atspi.Registry': unit failed"), Msg { type: Error, serial: 4294967295, sender: UniqueName("org.freedesktop.DBus"), reply-serial: 9, body: Str, fds: [] })
[2m2026-10-03T03:54:11.252407Z[0m [33m WARN[0m [2mplatform_linux::overlay[0m[2m:[0m X11 overlay: root reads cannot see this window's own pixels; save-unders will be served without readback confirmation
dbus-daemon[3372475]: [session uid=1000 pid=3372475 pidfd=5] Activating service name='org.freedesktop.systemd1' requested by ':1.4' (uid=1000 pid=3373468 comm="/usr/bin/dbus-broker-launch --config-file=/usr/sha")
dbus-daemon[3372475]: [session uid=1000 pid=3372475 pidfd=5] Activated service 'org.freedesktop.systemd1' failed: Process org.freedesktop.systemd1 exited with status 1
dbus-daemon[3372475]: [session uid=1000 pid=3372475 pidfd=5] Activating service name='org.freedesktop.systemd1' requested by ':1.4' (uid=1000 pid=3373468 comm="/usr/bin/dbus-broker-launch --config-file=/usr/sha")
dbus-daemon[3372475]: [session uid=1000 pid=3372475 pidfd=5] Activated service 'org.freedesktop.systemd1' failed: Process org.freedesktop.systemd1 exited with status 1
{"trial": "x27-P4-toggle-W80", "outcome": "verified", "oracle_exact_match": true, "completion_mutations": 1, "routes": ["provider", "provider"], "loadavg_before": "10.10 13.19 14.95 4/3123 3444265"}
dbus-daemon[3372475]: [session uid=1000 pid=3372475 pidfd=5] Activating service name='org.freedesktop.systemd1' requested by ':1.4' (uid=1000 pid=3373468 comm="/usr/bin/dbus-broker-launch --config-file=/usr/sha")
dbus-daemon[3372475]: [session uid=1000 pid=3372475 pidfd=5] Activated service 'org.freedesktop.systemd1' failed: Process org.freedesktop.systemd1 exited with status 1
[2m2026-10-03T03:54:13.077112Z[0m [33m WARN[0m [2mcua_driver_sdk::runtime[0m[2m:[0m could not activate the persistent AT-SPI listener: AT-SPI connect failed: ZBus Error: MethodError(OwnedErrorName("org.freedesktop.DBus.Error.NameHasNoOwner"), Some("Could not activate remote peer 'org.a11y.atspi.Registry': unit failed"), Msg { type: Error, serial: 4294967295, sender: UniqueName("org.freedesktop.DBus"), reply-serial: 9, body: Str, fds: [] })
[2m2026-10-03T03:54:13.088883Z[0m [33m WARN[0m [2mplatform_linux::overlay[0m[2m:[0m X11 overlay: root reads cannot see this window's own pixels; save-unders will be served without readback confirmation
dbus-daemon[3372475]: [session uid=1000 pid=3372475 pidfd=5] Activating service name='org.freedesktop.systemd1' requested by ':1.4' (uid=1000 pid=3373468 comm="/usr/bin/dbus-broker-launch --config-file=/usr/sha")
dbus-daemon[3372475]: [session uid=1000 pid=3372475 pidfd=5] Activated service 'org.freedesktop.systemd1' failed: Process org.freedesktop.systemd1 exited with status 1
dbus-daemon[3372475]: [session uid=1000 pid=3372475 pidfd=5] Activating service name='org.freedesktop.systemd1' requested by ':1.4' (uid=1000 pid=3373468 comm="/usr/bin/dbus-broker-launch --config-file=/usr/sha")
dbus-daemon[3372475]: [session uid=1000 pid=3372475 pidfd=5] Activated service 'org.freedesktop.systemd1' failed: Process org.freedesktop.systemd1 exited with status 1
{"trial": "x27-P4-toggle-PREWARM", "outcome": "verified", "oracle_exact_match": true, "completion_mutations": 1, "routes": ["provider", "provider"], "loadavg_before": "10.33 13.18 14.94 5/3084 3444732"}
dbus-daemon[3372475]: [session uid=1000 pid=3372475 pidfd=5] Activating service name='org.freedesktop.systemd1' requested by ':1.4' (uid=1000 pid=3373468 comm="/usr/bin/dbus-broker-launch --config-file=/usr/sha")
dbus-daemon[3372475]: [session uid=1000 pid=3372475 pidfd=5] Activated service 'org.freedesktop.systemd1' failed: Process org.freedesktop.systemd1 exited with status 1
[2m2026-10-03T03:54:14.963070Z[0m [33m WARN[0m [2mcua_driver_sdk::runtime[0m[2m:[0m could not activate the persistent AT-SPI listener: AT-SPI connect failed: ZBus Error: MethodError(OwnedErrorName("org.freedesktop.DBus.Error.NameHasNoOwner"), Some("Could not activate remote peer 'org.a11y.atspi.Registry': unit failed"), Msg { type: Error, serial: 4294967295, sender: UniqueName("org.freedesktop.DBus"), reply-serial: 9, body: Str, fds: [] })
[2m2026-10-03T03:54:14.979669Z[0m [33m WARN[0m [2mplatform_linux::overlay[0m[2m:[0m X11 overlay: root reads cannot see this window's own pixels; save-unders will be served without readback confirmation
dbus-daemon[3372475]: [session uid=1000 pid=3372475 pidfd=5] Activating service name='org.freedesktop.systemd1' requested by ':1.4' (uid=1000 pid=3373468 comm="/usr/bin/dbus-broker-launch --config-file=/usr/sha")
dbus-daemon[3372475]: [session uid=1000 pid=3372475 pidfd=5] Activated service 'org.freedesktop.systemd1' failed: Process org.freedesktop.systemd1 exited with status 1
dbus-daemon[3372475]: [session uid=1000 pid=3372475 pidfd=5] Activating service name='org.freedesktop.systemd1' requested by ':1.4' (uid=1000 pid=3373468 comm="/usr/bin/dbus-broker-launch --config-file=/usr/sha")
dbus-daemon[3372475]: [session uid=1000 pid=3372475 pidfd=5] Activated service 'org.freedesktop.systemd1' failed: Process org.freedesktop.systemd1 exited with status 1
{"trial": "x27-P4-fill-PREWARM", "outcome": "verified", "oracle_exact_match": true, "completion_mutations": 1, "routes": ["compiled"], "loadavg_before": "10.33 13.18 14.94 18/3118 3445090"}
dbus-daemon[3372475]: [session uid=1000 pid=3372475 pidfd=5] Activating service name='org.freedesktop.systemd1' requested by ':1.4' (uid=1000 pid=3373468 comm="/usr/bin/dbus-broker-launch --config-file=/usr/sha")
dbus-daemon[3372475]: [session uid=1000 pid=3372475 pidfd=5] Activated service 'org.freedesktop.systemd1' failed: Process org.freedesktop.systemd1 exited with status 1
[2m2026-10-03T03:54:16.454236Z[0m [33m WARN[0m [2mcua_driver_sdk::runtime[0m[2m:[0m could not activate the persistent AT-SPI listener: AT-SPI connect failed: ZBus Error: MethodError(OwnedErrorName("org.freedesktop.DBus.Error.NameHasNoOwner"), Some("Could not activate remote peer 'org.a11y.atspi.Registry': unit failed"), Msg { type: Error, serial: 4294967295, sender: UniqueName("org.freedesktop.DBus"), reply-serial: 9, body: Str, fds: [] })
[2m2026-10-03T03:54:16.480058Z[0m [33m WARN[0m [2mplatform_linux::overlay[0m[2m:[0m X11 overlay: root reads cannot see this window's own pixels; save-unders will be served without readback confirmation
dbus-daemon[3372475]: [session uid=1000 pid=3372475 pidfd=5] Activating service name='org.freedesktop.systemd1' requested by ':1.4' (uid=1000 pid=3373468 comm="/usr/bin/dbus-broker-launch --config-file=/usr/sha")
dbus-daemon[3372475]: [session uid=1000 pid=3372475 pidfd=5] Activated service 'org.freedesktop.systemd1' failed: Process org.freedesktop.systemd1 exited with status 1
dbus-daemon[3372475]: [session uid=1000 pid=3372475 pidfd=5] Activating service name='org.freedesktop.systemd1' requested by ':1.4' (uid=1000 pid=3373468 comm="/usr/bin/dbus-broker-launch --config-file=/usr/sha")
dbus-daemon[3372475]: [session uid=1000 pid=3372475 pidfd=5] Activated service 'org.freedesktop.systemd1' failed: Process org.freedesktop.systemd1 exited with status 1
{"trial": "x27-P4-fill-W80", "outcome": "verified", "oracle_exact_match": true, "completion_mutations": 1, "routes": ["compiled"], "loadavg_before": "10.33 13.18 14.94 14/3278 3445929"}
dbus-daemon[3372475]: [session uid=1000 pid=3372475 pidfd=5] Activating service name='org.freedesktop.systemd1' requested by ':1.4' (uid=1000 pid=3373468 comm="/usr/bin/dbus-broker-launch --config-file=/usr/sha")
dbus-daemon[3372475]: [session uid=1000 pid=3372475 pidfd=5] Activated service 'org.freedesktop.systemd1' failed: Process org.freedesktop.systemd1 exited with status 1
[2m2026-10-03T03:54:18.485313Z[0m [33m WARN[0m [2mcua_driver_sdk::runtime[0m[2m:[0m could not activate the persistent AT-SPI listener: AT-SPI connect failed: ZBus Error: MethodError(OwnedErrorName("org.freedesktop.DBus.Error.NameHasNoOwner"), Some("Could not activate remote peer 'org.a11y.atspi.Registry': unit failed"), Msg { type: Error, serial: 4294967295, sender: UniqueName("org.freedesktop.DBus"), reply-serial: 9, body: Str, fds: [] })
[2m2026-10-03T03:54:18.513352Z[0m [33m WARN[0m [2mplatform_linux::overlay[0m[2m:[0m X11 overlay: root reads cannot see this window's own pixels; save-unders will be served without readback confirmation
dbus-daemon[3372475]: [session uid=1000 pid=3372475 pidfd=5] Activating service name='org.freedesktop.systemd1' requested by ':1.4' (uid=1000 pid=3373468 comm="/usr/bin/dbus-broker-launch --config-file=/usr/sha")
dbus-daemon[3372475]: [session uid=1000 pid=3372475 pidfd=5] Activated service 'org.freedesktop.systemd1' failed: Process org.freedesktop.systemd1 exited with status 1
dbus-daemon[3372475]: [session uid=1000 pid=3372475 pidfd=5] Activating service name='org.freedesktop.systemd1' requested by ':1.4' (uid=1000 pid=3373468 comm="/usr/bin/dbus-broker-launch --config-file=/usr/sha")
dbus-daemon[3372475]: [session uid=1000 pid=3372475 pidfd=5] Activated service 'org.freedesktop.systemd1' failed: Process org.freedesktop.systemd1 exited with status 1
{"trial": "x27-P4-fill-W0", "outcome": "verified", "oracle_exact_match": true, "completion_mutations": 1, "routes": ["compiled"], "loadavg_before": "10.70 13.21 14.94 25/3298 3446747"}
dbus-daemon[3372475]: [session uid=1000 pid=3372475 pidfd=5] Activating service name='org.freedesktop.systemd1' requested by ':1.4' (uid=1000 pid=3373468 comm="/usr/bin/dbus-broker-launch --config-file=/usr/sha")
dbus-daemon[3372475]: [session uid=1000 pid=3372475 pidfd=5] Activated service 'org.freedesktop.systemd1' failed: Process org.freedesktop.systemd1 exited with status 1
[2m2026-10-03T03:54:20.983313Z[0m [33m WARN[0m [2mcua_driver_sdk::runtime[0m[2m:[0m could not activate the persistent AT-SPI listener: AT-SPI connect failed: ZBus Error: MethodError(OwnedErrorName("org.freedesktop.DBus.Error.NameHasNoOwner"), Some("Could not activate remote peer 'org.a11y.atspi.Registry': unit failed"), Msg { type: Error, serial: 4294967295, sender: UniqueName("org.freedesktop.DBus"), reply-serial: 9, body: Str, fds: [] })
[2m2026-10-03T03:54:21.009079Z[0m [33m WARN[0m [2mplatform_linux::overlay[0m[2m:[0m X11 overlay: root reads cannot see this window's own pixels; save-unders will be served without readback confirmation
dbus-daemon[3372475]: [session uid=1000 pid=3372475 pidfd=5] Activating service name='org.freedesktop.systemd1' requested by ':1.4' (uid=1000 pid=3373468 comm="/usr/bin/dbus-broker-launch --config-file=/usr/sha")
dbus-daemon[3372475]: [session uid=1000 pid=3372475 pidfd=5] Activated service 'org.freedesktop.systemd1' failed: Process org.freedesktop.systemd1 exited with status 1
dbus-daemon[3372475]: [session uid=1000 pid=3372475 pidfd=5] Activating service name='org.freedesktop.systemd1' requested by ':1.4' (uid=1000 pid=3373468 comm="/usr/bin/dbus-broker-launch --config-file=/usr/sha")
dbus-daemon[3372475]: [session uid=1000 pid=3372475 pidfd=5] Activated service 'org.freedesktop.systemd1' failed: Process org.freedesktop.systemd1 exited with status 1
{"trial": "x28-P4-fill-W0", "outcome": "verified", "oracle_exact_match": true, "completion_mutations": 1, "routes": ["compiled"], "loadavg_before": "10.70 13.21 14.94 24/3276 3447756"}
dbus-daemon[3372475]: [session uid=1000 pid=3372475 pidfd=5] Activating service name='org.freedesktop.systemd1' requested by ':1.4' (uid=1000 pid=3373468 comm="/usr/bin/dbus-broker-launch --config-file=/usr/sha")
dbus-daemon[3372475]: [session uid=1000 pid=3372475 pidfd=5] Activated service 'org.freedesktop.systemd1' failed: Process org.freedesktop.systemd1 exited with status 1
[2m2026-10-03T03:54:23.506972Z[0m [33m WARN[0m [2mcua_driver_sdk::runtime[0m[2m:[0m could not activate the persistent AT-SPI listener: AT-SPI connect failed: ZBus Error: MethodError(OwnedErrorName("org.freedesktop.DBus.Error.NameHasNoOwner"), Some("Could not activate remote peer 'org.a11y.atspi.Registry': unit failed"), Msg { type: Error, serial: 4294967295, sender: UniqueName("org.freedesktop.DBus"), reply-serial: 9, body: Str, fds: [] })
[2m2026-10-03T03:54:23.540347Z[0m [33m WARN[0m [2mplatform_linux::overlay[0m[2m:[0m X11 overlay: root reads cannot see this window's own pixels; save-unders will be served without readback confirmation
dbus-daemon[3372475]: [session uid=1000 pid=3372475 pidfd=5] Activating service name='org.freedesktop.systemd1' requested by ':1.4' (uid=1000 pid=3373468 comm="/usr/bin/dbus-broker-launch --config-file=/usr/sha")
dbus-daemon[3372475]: [session uid=1000 pid=3372475 pidfd=5] Activated service 'org.freedesktop.systemd1' failed: Process org.freedesktop.systemd1 exited with status 1
dbus-daemon[3372475]: [session uid=1000 pid=3372475 pidfd=5] Activating service name='org.freedesktop.systemd1' requested by ':1.4' (uid=1000 pid=3373468 comm="/usr/bin/dbus-broker-launch --config-file=/usr/sha")
dbus-daemon[3372475]: [session uid=1000 pid=3372475 pidfd=5] Activated service 'org.freedesktop.systemd1' failed: Process org.freedesktop.systemd1 exited with status 1
{"trial": "x28-P4-fill-PREWARM", "outcome": "verified", "oracle_exact_match": true, "completion_mutations": 1, "routes": ["compiled"], "loadavg_before": "12.33 13.51 15.03 23/3273 3448663"}
dbus-daemon[3372475]: [session uid=1000 pid=3372475 pidfd=5] Activating service name='org.freedesktop.systemd1' requested by ':1.4' (uid=1000 pid=3373468 comm="/usr/bin/dbus-broker-launch --config-file=/usr/sha")
dbus-daemon[3372475]: [session uid=1000 pid=3372475 pidfd=5] Activated service 'org.freedesktop.systemd1' failed: Process org.freedesktop.systemd1 exited with status 1
[2m2026-10-03T03:54:25.979766Z[0m [33m WARN[0m [2mcua_driver_sdk::runtime[0m[2m:[0m could not activate the persistent AT-SPI listener: AT-SPI connect failed: ZBus Error: MethodError(OwnedErrorName("org.freedesktop.DBus.Error.NameHasNoOwner"), Some("Could not activate remote peer 'org.a11y.atspi.Registry': unit failed"), Msg { type: Error, serial: 4294967295, sender: UniqueName("org.freedesktop.DBus"), reply-serial: 9, body: Str, fds: [] })
[2m2026-10-03T03:54:25.997471Z[0m [33m WARN[0m [2mplatform_linux::overlay[0m[2m:[0m X11 overlay: root reads cannot see this window's own pixels; save-unders will be served without readback confirmation
dbus-daemon[3372475]: [session uid=1000 pid=3372475 pidfd=5] Activating service name='org.freedesktop.systemd1' requested by ':1.4' (uid=1000 pid=3373468 comm="/usr/bin/dbus-broker-launch --config-file=/usr/sha")
dbus-daemon[3372475]: [session uid=1000 pid=3372475 pidfd=5] Activated service 'org.freedesktop.systemd1' failed: Process org.freedesktop.systemd1 exited with status 1
dbus-daemon[3372475]: [session uid=1000 pid=3372475 pidfd=5] Activating service name='org.freedesktop.systemd1' requested by ':1.4' (uid=1000 pid=3373468 comm="/usr/bin/dbus-broker-launch --config-file=/usr/sha")
dbus-daemon[3372475]: [session uid=1000 pid=3372475 pidfd=5] Activated service 'org.freedesktop.systemd1' failed: Process org.freedesktop.systemd1 exited with status 1
{"trial": "x28-P4-fill-W80", "outcome": "verified", "oracle_exact_match": true, "completion_mutations": 1, "routes": ["compiled"], "loadavg_before": "12.33 13.51 15.03 13/3277 3449631"}
dbus-daemon[3372475]: [session uid=1000 pid=3372475 pidfd=5] Activating service name='org.freedesktop.systemd1' requested by ':1.4' (uid=1000 pid=3373468 comm="/usr/bin/dbus-broker-launch --config-file=/usr/sha")
dbus-daemon[3372475]: [session uid=1000 pid=3372475 pidfd=5] Activated service 'org.freedesktop.systemd1' failed: Process org.freedesktop.systemd1 exited with status 1
[2m2026-10-03T03:54:28.497870Z[0m [33m WARN[0m [2mcua_driver_sdk::runtime[0m[2m:[0m could not activate the persistent AT-SPI listener: AT-SPI connect failed: ZBus Error: MethodError(OwnedErrorName("org.freedesktop.DBus.Error.NameHasNoOwner"), Some("Could not activate remote peer 'org.a11y.atspi.Registry': unit failed"), Msg { type: Error, serial: 4294967295, sender: UniqueName("org.freedesktop.DBus"), reply-serial: 9, body: Str, fds: [] })
[2m2026-10-03T03:54:28.526350Z[0m [33m WARN[0m [2mplatform_linux::overlay[0m[2m:[0m X11 overlay: root reads cannot see this window's own pixels; save-unders will be served without readback confirmation
dbus-daemon[3372475]: [session uid=1000 pid=3372475 pidfd=5] Activating service name='org.freedesktop.systemd1' requested by ':1.4' (uid=1000 pid=3373468 comm="/usr/bin/dbus-broker-launch --config-file=/usr/sha")
dbus-daemon[3372475]: [session uid=1000 pid=3372475 pidfd=5] Activated service 'org.freedesktop.systemd1' failed: Process org.freedesktop.systemd1 exited with status 1
dbus-daemon[3372475]: [session uid=1000 pid=3372475 pidfd=5] Activating service name='org.freedesktop.systemd1' requested by ':1.4' (uid=1000 pid=3373468 comm="/usr/bin/dbus-broker-launch --config-file=/usr/sha")
dbus-daemon[3372475]: [session uid=1000 pid=3372475 pidfd=5] Activated service 'org.freedesktop.systemd1' failed: Process org.freedesktop.systemd1 exited with status 1
{"trial": "x28-P4-toggle-W80", "outcome": "verified", "oracle_exact_match": true, "completion_mutations": 1, "routes": ["provider", "provider"], "loadavg_before": "13.42 13.72 15.09 18/3227 3450348"}
dbus-daemon[3372475]: [session uid=1000 pid=3372475 pidfd=5] Activating service name='org.freedesktop.systemd1' requested by ':1.4' (uid=1000 pid=3373468 comm="/usr/bin/dbus-broker-launch --config-file=/usr/sha")
dbus-daemon[3372475]: [session uid=1000 pid=3372475 pidfd=5] Activated service 'org.freedesktop.systemd1' failed: Process org.freedesktop.systemd1 exited with status 1
[2m2026-10-03T03:54:31.205325Z[0m [33m WARN[0m [2mcua_driver_sdk::runtime[0m[2m:[0m could not activate the persistent AT-SPI listener: AT-SPI connect failed: ZBus Error: MethodError(OwnedErrorName("org.freedesktop.DBus.Error.NameHasNoOwner"), Some("Could not activate remote peer 'org.a11y.atspi.Registry': unit failed"), Msg { type: Error, serial: 4294967295, sender: UniqueName("org.freedesktop.DBus"), reply-serial: 9, body: Str, fds: [] })
[2m2026-10-03T03:54:31.233923Z[0m [33m WARN[0m [2mplatform_linux::overlay[0m[2m:[0m X11 overlay: root reads cannot see this window's own pixels; save-unders will be served without readback confirmation
dbus-daemon[3372475]: [session uid=1000 pid=3372475 pidfd=5] Activating service name='org.freedesktop.systemd1' requested by ':1.4' (uid=1000 pid=3373468 comm="/usr/bin/dbus-broker-launch --config-file=/usr/sha")
dbus-daemon[3372475]: [session uid=1000 pid=3372475 pidfd=5] Activated service 'org.freedesktop.systemd1' failed: Process org.freedesktop.systemd1 exited with status 1
dbus-daemon[3372475]: [session uid=1000 pid=3372475 pidfd=5] Activating service name='org.freedesktop.systemd1' requested by ':1.4' (uid=1000 pid=3373468 comm="/usr/bin/dbus-broker-launch --config-file=/usr/sha")
dbus-daemon[3372475]: [session uid=1000 pid=3372475 pidfd=5] Activated service 'org.freedesktop.systemd1' failed: Process org.freedesktop.systemd1 exited with status 1
{"trial": "x28-P4-toggle-PREWARM", "outcome": "verified", "oracle_exact_match": true, "completion_mutations": 1, "routes": ["provider", "provider"], "loadavg_before": "13.42 13.72 15.09 14/3018 3451080"}
dbus-daemon[3372475]: [session uid=1000 pid=3372475 pidfd=5] Activating service name='org.freedesktop.systemd1' requested by ':1.4' (uid=1000 pid=3373468 comm="/usr/bin/dbus-broker-launch --config-file=/usr/sha")
dbus-daemon[3372475]: [session uid=1000 pid=3372475 pidfd=5] Activated service 'org.freedesktop.systemd1' failed: Process org.freedesktop.systemd1 exited with status 1
[2m2026-10-03T03:54:33.249717Z[0m [33m WARN[0m [2mcua_driver_sdk::runtime[0m[2m:[0m could not activate the persistent AT-SPI listener: AT-SPI connect failed: ZBus Error: MethodError(OwnedErrorName("org.freedesktop.DBus.Error.NameHasNoOwner"), Some("Could not activate remote peer 'org.a11y.atspi.Registry': unit failed"), Msg { type: Error, serial: 4294967295, sender: UniqueName("org.freedesktop.DBus"), reply-serial: 9, body: Str, fds: [] })
[2m2026-10-03T03:54:33.272690Z[0m [33m WARN[0m [2mplatform_linux::overlay[0m[2m:[0m X11 overlay: root reads cannot see this window's own pixels; save-unders will be served without readback confirmation
dbus-daemon[3372475]: [session uid=1000 pid=3372475 pidfd=5] Activating service name='org.freedesktop.systemd1' requested by ':1.4' (uid=1000 pid=3373468 comm="/usr/bin/dbus-broker-launch --config-file=/usr/sha")
dbus-daemon[3372475]: [session uid=1000 pid=3372475 pidfd=5] Activated service 'org.freedesktop.systemd1' failed: Process org.freedesktop.systemd1 exited with status 1
dbus-daemon[3372475]: [session uid=1000 pid=3372475 pidfd=5] Activating service name='org.freedesktop.systemd1' requested by ':1.4' (uid=1000 pid=3373468 comm="/usr/bin/dbus-broker-launch --config-file=/usr/sha")
dbus-daemon[3372475]: [session uid=1000 pid=3372475 pidfd=5] Activated service 'org.freedesktop.systemd1' failed: Process org.freedesktop.systemd1 exited with status 1
{"trial": "x28-P4-toggle-W0", "outcome": "verified", "oracle_exact_match": true, "completion_mutations": 1, "routes": ["provider", "provider"], "loadavg_before": "13.87 13.80 15.11 15/3018 3451893"}
dbus-daemon[3372475]: [session uid=1000 pid=3372475 pidfd=5] Activating service name='org.freedesktop.systemd1' requested by ':1.4' (uid=1000 pid=3373468 comm="/usr/bin/dbus-broker-launch --config-file=/usr/sha")
dbus-daemon[3372475]: [session uid=1000 pid=3372475 pidfd=5] Activated service 'org.freedesktop.systemd1' failed: Process org.freedesktop.systemd1 exited with status 1
[2m2026-10-03T03:54:35.755335Z[0m [33m WARN[0m [2mcua_driver_sdk::runtime[0m[2m:[0m could not activate the persistent AT-SPI listener: AT-SPI connect failed: ZBus Error: MethodError(OwnedErrorName("org.freedesktop.DBus.Error.NameHasNoOwner"), Some("Could not activate remote peer 'org.a11y.atspi.Registry': unit failed"), Msg { type: Error, serial: 4294967295, sender: UniqueName("org.freedesktop.DBus"), reply-serial: 9, body: Str, fds: [] })
[2m2026-10-03T03:54:35.793833Z[0m [33m WARN[0m [2mplatform_linux::overlay[0m[2m:[0m X11 overlay: root reads cannot see this window's own pixels; save-unders will be served without readback confirmation
dbus-daemon[3372475]: [session uid=1000 pid=3372475 pidfd=5] Activating service name='org.freedesktop.systemd1' requested by ':1.4' (uid=1000 pid=3373468 comm="/usr/bin/dbus-broker-launch --config-file=/usr/sha")
dbus-daemon[3372475]: [session uid=1000 pid=3372475 pidfd=5] Activated service 'org.freedesktop.systemd1' failed: Process org.freedesktop.systemd1 exited with status 1
dbus-daemon[3372475]: [session uid=1000 pid=3372475 pidfd=5] Activating service name='org.freedesktop.systemd1' requested by ':1.4' (uid=1000 pid=3373468 comm="/usr/bin/dbus-broker-launch --config-file=/usr/sha")
dbus-daemon[3372475]: [session uid=1000 pid=3372475 pidfd=5] Activated service 'org.freedesktop.systemd1' failed: Process org.freedesktop.systemd1 exited with status 1
{"trial": "x29-P4-toggle-PREWARM", "outcome": "verified", "oracle_exact_match": true, "completion_mutations": 1, "routes": ["provider", "provider"], "loadavg_before": "13.87 13.80 15.11 18/3043 3452807"}
dbus-daemon[3372475]: [session uid=1000 pid=3372475 pidfd=5] Activating service name='org.freedesktop.systemd1' requested by ':1.4' (uid=1000 pid=3373468 comm="/usr/bin/dbus-broker-launch --config-file=/usr/sha")
dbus-daemon[3372475]: [session uid=1000 pid=3372475 pidfd=5] Activated service 'org.freedesktop.systemd1' failed: Process org.freedesktop.systemd1 exited with status 1
[2m2026-10-03T03:54:38.964033Z[0m [33m WARN[0m [2mcua_driver_sdk::runtime[0m[2m:[0m could not activate the persistent AT-SPI listener: AT-SPI connect failed: ZBus Error: MethodError(OwnedErrorName("org.freedesktop.DBus.Error.NameHasNoOwner"), Some("Could not activate remote peer 'org.a11y.atspi.Registry': unit failed"), Msg { type: Error, serial: 4294967295, sender: UniqueName("org.freedesktop.DBus"), reply-serial: 9, body: Str, fds: [] })
[2m2026-10-03T03:54:38.989444Z[0m [33m WARN[0m [2mplatform_linux::overlay[0m[2m:[0m X11 overlay: root reads cannot see this window's own pixels; save-unders will be served without readback confirmation
dbus-daemon[3372475]: [session uid=1000 pid=3372475 pidfd=5] Activating service name='org.freedesktop.systemd1' requested by ':1.4' (uid=1000 pid=3373468 comm="/usr/bin/dbus-broker-launch --config-file=/usr/sha")
dbus-daemon[3372475]: [session uid=1000 pid=3372475 pidfd=5] Activated service 'org.freedesktop.systemd1' failed: Process org.freedesktop.systemd1 exited with status 1
dbus-daemon[3372475]: [session uid=1000 pid=3372475 pidfd=5] Activating service name='org.freedesktop.systemd1' requested by ':1.4' (uid=1000 pid=3373468 comm="/usr/bin/dbus-broker-launch --config-file=/usr/sha")
dbus-daemon[3372475]: [session uid=1000 pid=3372475 pidfd=5] Activated service 'org.freedesktop.systemd1' failed: Process org.freedesktop.systemd1 exited with status 1
{"trial": "x29-P4-toggle-W0", "outcome": "verified", "oracle_exact_match": true, "completion_mutations": 1, "routes": ["provider", "provider"], "loadavg_before": "14.76 13.99 15.16 16/3079 3453595"}
dbus-daemon[3372475]: [session uid=1000 pid=3372475 pidfd=5] Activating service name='org.freedesktop.systemd1' requested by ':1.4' (uid=1000 pid=3373468 comm="/usr/bin/dbus-broker-launch --config-file=/usr/sha")
dbus-daemon[3372475]: [session uid=1000 pid=3372475 pidfd=5] Activated service 'org.freedesktop.systemd1' failed: Process org.freedesktop.systemd1 exited with status 1
[2m2026-10-03T03:54:41.755189Z[0m [33m WARN[0m [2mcua_driver_sdk::runtime[0m[2m:[0m could not activate the persistent AT-SPI listener: AT-SPI connect failed: ZBus Error: MethodError(OwnedErrorName("org.freedesktop.DBus.Error.NameHasNoOwner"), Some("Could not activate remote peer 'org.a11y.atspi.Registry': unit failed"), Msg { type: Error, serial: 4294967295, sender: UniqueName("org.freedesktop.DBus"), reply-serial: 9, body: Str, fds: [] })
[2m2026-10-03T03:54:41.784356Z[0m [33m WARN[0m [2mplatform_linux::overlay[0m[2m:[0m X11 overlay: root reads cannot see this window's own pixels; save-unders will be served without readback confirmation
dbus-daemon[3372475]: [session uid=1000 pid=3372475 pidfd=5] Activating service name='org.freedesktop.systemd1' requested by ':1.4' (uid=1000 pid=3373468 comm="/usr/bin/dbus-broker-launch --config-file=/usr/sha")
dbus-daemon[3372475]: [session uid=1000 pid=3372475 pidfd=5] Activated service 'org.freedesktop.systemd1' failed: Process org.freedesktop.systemd1 exited with status 1
dbus-daemon[3372475]: [session uid=1000 pid=3372475 pidfd=5] Activating service name='org.freedesktop.systemd1' requested by ':1.4' (uid=1000 pid=3373468 comm="/usr/bin/dbus-broker-launch --config-file=/usr/sha")
dbus-daemon[3372475]: [session uid=1000 pid=3372475 pidfd=5] Activated service 'org.freedesktop.systemd1' failed: Process org.freedesktop.systemd1 exited with status 1
{"trial": "x29-P4-toggle-W80", "outcome": "verified", "oracle_exact_match": true, "completion_mutations": 1, "routes": ["provider", "provider"], "loadavg_before": "14.76 13.99 15.16 18/3084 3454403"}
dbus-daemon[3372475]: [session uid=1000 pid=3372475 pidfd=5] Activating service name='org.freedesktop.systemd1' requested by ':1.4' (uid=1000 pid=3373468 comm="/usr/bin/dbus-broker-launch --config-file=/usr/sha")
dbus-daemon[3372475]: [session uid=1000 pid=3372475 pidfd=5] Activated service 'org.freedesktop.systemd1' failed: Process org.freedesktop.systemd1 exited with status 1
[2m2026-10-03T03:54:44.434455Z[0m [33m WARN[0m [2mcua_driver_sdk::runtime[0m[2m:[0m could not activate the persistent AT-SPI listener: AT-SPI connect failed: ZBus Error: MethodError(OwnedErrorName("org.freedesktop.DBus.Error.NameHasNoOwner"), Some("Could not activate remote peer 'org.a11y.atspi.Registry': unit failed"), Msg { type: Error, serial: 4294967295, sender: UniqueName("org.freedesktop.DBus"), reply-serial: 9, body: Str, fds: [] })
[2m2026-10-03T03:54:44.461644Z[0m [33m WARN[0m [2mplatform_linux::overlay[0m[2m:[0m X11 overlay: root reads cannot see this window's own pixels; save-unders will be served without readback confirmation
dbus-daemon[3372475]: [session uid=1000 pid=3372475 pidfd=5] Activating service name='org.freedesktop.systemd1' requested by ':1.4' (uid=1000 pid=3373468 comm="/usr/bin/dbus-broker-launch --config-file=/usr/sha")
dbus-daemon[3372475]: [session uid=1000 pid=3372475 pidfd=5] Activated service 'org.freedesktop.systemd1' failed: Process org.freedesktop.systemd1 exited with status 1
dbus-daemon[3372475]: [session uid=1000 pid=3372475 pidfd=5] Activating service name='org.freedesktop.systemd1' requested by ':1.4' (uid=1000 pid=3373468 comm="/usr/bin/dbus-broker-launch --config-file=/usr/sha")
dbus-daemon[3372475]: [session uid=1000 pid=3372475 pidfd=5] Activated service 'org.freedesktop.systemd1' failed: Process org.freedesktop.systemd1 exited with status 1
{"trial": "x29-P4-fill-W80", "outcome": "verified", "oracle_exact_match": true, "completion_mutations": 1, "routes": ["compiled"], "loadavg_before": "14.86 14.02 15.17 16/3110 3454884"}
dbus-daemon[3372475]: [session uid=1000 pid=3372475 pidfd=5] Activating service name='org.freedesktop.systemd1' requested by ':1.4' (uid=1000 pid=3373468 comm="/usr/bin/dbus-broker-launch --config-file=/usr/sha")
dbus-daemon[3372475]: [session uid=1000 pid=3372475 pidfd=5] Activated service 'org.freedesktop.systemd1' failed: Process org.freedesktop.systemd1 exited with status 1
[2m2026-10-03T03:54:46.992418Z[0m [33m WARN[0m [2mcua_driver_sdk::runtime[0m[2m:[0m could not activate the persistent AT-SPI listener: AT-SPI connect failed: ZBus Error: MethodError(OwnedErrorName("org.freedesktop.DBus.Error.NameHasNoOwner"), Some("Could not activate remote peer 'org.a11y.atspi.Registry': unit failed"), Msg { type: Error, serial: 4294967295, sender: UniqueName("org.freedesktop.DBus"), reply-serial: 9, body: Str, fds: [] })
[2m2026-10-03T03:54:47.014347Z[0m [33m WARN[0m [2mplatform_linux::overlay[0m[2m:[0m X11 overlay: root reads cannot see this window's own pixels; save-unders will be served without readback confirmation
dbus-daemon[3372475]: [session uid=1000 pid=3372475 pidfd=5] Activating service name='org.freedesktop.systemd1' requested by ':1.4' (uid=1000 pid=3373468 comm="/usr/bin/dbus-broker-launch --config-file=/usr/sha")
dbus-daemon[3372475]: [session uid=1000 pid=3372475 pidfd=5] Activated service 'org.freedesktop.systemd1' failed: Process org.freedesktop.systemd1 exited with status 1
dbus-daemon[3372475]: [session uid=1000 pid=3372475 pidfd=5] Activating service name='org.freedesktop.systemd1' requested by ':1.4' (uid=1000 pid=3373468 comm="/usr/bin/dbus-broker-launch --config-file=/usr/sha")
dbus-daemon[3372475]: [session uid=1000 pid=3372475 pidfd=5] Activated service 'org.freedesktop.systemd1' failed: Process org.freedesktop.systemd1 exited with status 1
{"trial": "x29-P4-fill-W0", "outcome": "verified", "oracle_exact_match": true, "completion_mutations": 1, "routes": ["compiled"], "loadavg_before": "14.86 14.02 15.17 15/3092 3455492"}
dbus-daemon[3372475]: [session uid=1000 pid=3372475 pidfd=5] Activating service name='org.freedesktop.systemd1' requested by ':1.4' (uid=1000 pid=3373468 comm="/usr/bin/dbus-broker-launch --config-file=/usr/sha")
dbus-daemon[3372475]: [session uid=1000 pid=3372475 pidfd=5] Activated service 'org.freedesktop.systemd1' failed: Process org.freedesktop.systemd1 exited with status 1
[2m2026-10-03T03:54:49.459010Z[0m [33m WARN[0m [2mcua_driver_sdk::runtime[0m[2m:[0m could not activate the persistent AT-SPI listener: AT-SPI connect failed: ZBus Error: MethodError(OwnedErrorName("org.freedesktop.DBus.Error.NameHasNoOwner"), Some("Could not activate remote peer 'org.a11y.atspi.Registry': unit failed"), Msg { type: Error, serial: 4294967295, sender: UniqueName("org.freedesktop.DBus"), reply-serial: 9, body: Str, fds: [] })
[2m2026-10-03T03:54:49.481132Z[0m [33m WARN[0m [2mplatform_linux::overlay[0m[2m:[0m X11 overlay: root reads cannot see this window's own pixels; save-unders will be served without readback confirmation
dbus-daemon[3372475]: [session uid=1000 pid=3372475 pidfd=5] Activating service name='org.freedesktop.systemd1' requested by ':1.4' (uid=1000 pid=3373468 comm="/usr/bin/dbus-broker-launch --config-file=/usr/sha")
dbus-daemon[3372475]: [session uid=1000 pid=3372475 pidfd=5] Activated service 'org.freedesktop.systemd1' failed: Process org.freedesktop.systemd1 exited with status 1
dbus-daemon[3372475]: [session uid=1000 pid=3372475 pidfd=5] Activating service name='org.freedesktop.systemd1' requested by ':1.4' (uid=1000 pid=3373468 comm="/usr/bin/dbus-broker-launch --config-file=/usr/sha")
dbus-daemon[3372475]: [session uid=1000 pid=3372475 pidfd=5] Activated service 'org.freedesktop.systemd1' failed: Process org.freedesktop.systemd1 exited with status 1
{"trial": "x29-P4-fill-PREWARM", "outcome": "verified", "oracle_exact_match": true, "completion_mutations": 1, "routes": ["compiled"], "loadavg_before": "15.91 14.26 15.24 25/3066 3456148"}
[b04a2] end_utc=2026-10-03T03:54:52.413Z rc=0
A connection to the bus can't be made
CRITICAL: [dbus_cb_name_lost:1438] Cannot connect to DBus.
[session] exit rc=0 run_dir=<lane-tmp>/x11-session.cGfCJ0
