[2026-10-03T14:04:28.617Z] chunk R2-07e-Q6 mode=exclusive live=0 loadavg=2.70 4.09 4.50
[r2-07d] xdpyinfo probe ok DISPLAY=:100
[r2-07c] display=:100 xdg_runtime_private=yes key=absent loadavg=2.26 3.78 4.38
[2m2026-10-03T14:05:24.984452Z[0m [33m WARN[0m [2mcua_driver_sdk::runtime[0m[2m:[0m could not activate the persistent AT-SPI listener: AT-SPI connect failed: ZBus Error: MethodError(OwnedErrorName("org.freedesktop.DBus.Error.NameHasNoOwner"), Some("Could not activate remote peer 'org.a11y.atspi.Registry': unit failed"), Msg { type: Error, serial: 4294967295, sender: UniqueName("org.freedesktop.DBus"), reply-serial: 10, body: Str, fds: [] })
[2m2026-10-03T14:05:24.994325Z[0m [33m WARN[0m [2mplatform_linux::overlay[0m[2m:[0m X11 overlay: root reads cannot see this window's own pixels; save-unders will be served without readback confirmation
fusermount3: mount failed: Operation not permitted
fusermount3: mount failed: Operation not permitted

(/usr/lib/xdg-desktop-portal:27838): xdg-desktop-portal-WARNING **: 09:05:25.482: Document portal fuse mount point unknown: GDBus.Error:org.freedesktop.DBus.Error.ServiceUnknown: The name :1.11 was not provided by any .service files

(/usr/lib/xdg-desktop-portal:27838): xdg-desktop-portal-WARNING **: 09:05:25.482: Choosing gtk.portal for org.freedesktop.impl.portal.Lockdown as a last-resort fallback

** (xdg-desktop-portal-gtk:27906): WARNING **: 09:05:25.505: AT-SPI: Could not obtain desktop path or name


(/usr/lib/xdg-desktop-portal:27838): xdg-desktop-portal-WARNING **: 09:05:25.505: Choosing gtk.portal for org.freedesktop.impl.portal.Access as a last-resort fallback

** (xdg-desktop-portal-gtk:27906): WARNING **: 09:05:25.506: atk-bridge: GetRegisteredEvents returned message with unknown signature

** (xdg-desktop-portal-gtk:27906): WARNING **: 09:05:25.506: atk-bridge: get_device_events_reply: unknown signature

(/usr/lib/xdg-desktop-portal:27838): xdg-desktop-portal-WARNING **: 09:05:25.513: Choosing gtk.portal for org.freedesktop.impl.portal.Settings as a last-resort fallback

(/usr/lib/xdg-desktop-portal:27838): xdg-desktop-portal-WARNING **: 09:05:25.513: Choosing gtk.portal for org.freedesktop.impl.portal.FileChooser as a last-resort fallback

(/usr/lib/xdg-desktop-portal:27838): xdg-desktop-portal-WARNING **: 09:05:25.514: Choosing gtk.portal for org.freedesktop.impl.portal.AppChooser as a last-resort fallback

(/usr/lib/xdg-desktop-portal:27838): xdg-desktop-portal-WARNING **: 09:05:25.514: Choosing gtk.portal for org.freedesktop.impl.portal.Print as a last-resort fallback

(/usr/lib/xdg-desktop-portal:27838): xdg-desktop-portal-WARNING **: 09:05:25.514: Choosing gtk.portal for org.freedesktop.impl.portal.Notification as a last-resort fallback

(/usr/lib/xdg-desktop-portal:27838): xdg-desktop-portal-WARNING **: 09:05:25.514: Choosing gtk.portal for org.freedesktop.impl.portal.Inhibit as a last-resort fallback

(/usr/lib/xdg-desktop-portal:27838): xdg-desktop-portal-WARNING **: 09:05:25.516: Failed to connect to PipeWire: Couldn't connect to PipeWire

(/usr/lib/xdg-desktop-portal:27838): xdg-desktop-portal-WARNING **: 09:05:25.516: Choosing gtk.portal for org.freedesktop.impl.portal.Account as a last-resort fallback

(/usr/lib/xdg-desktop-portal:27838): xdg-desktop-portal-WARNING **: 09:05:25.516: Choosing gtk.portal for org.freedesktop.impl.portal.Email as a last-resort fallback

(/usr/lib/xdg-desktop-portal:27838): xdg-desktop-portal-WARNING **: 09:05:25.517: Choosing gtk.portal for org.freedesktop.impl.portal.DynamicLauncher as a last-resort fallback
[2m2026-10-03T14:05:25.979251Z[0m [33m WARN[0m [2mcua_driver_sdk::runtime[0m[2m:[0m could not activate the persistent AT-SPI listener: AT-SPI connect failed: ZBus Error: MethodError(OwnedErrorName("org.freedesktop.DBus.Error.NameHasNoOwner"), Some("Could not activate remote peer 'org.a11y.atspi.Registry': unit failed"), Msg { type: Error, serial: 4294967295, sender: UniqueName("org.freedesktop.DBus"), reply-serial: 9, body: Str, fds: [] })
[2m2026-10-03T14:05:25.988429Z[0m [33m WARN[0m [2mplatform_linux::overlay[0m[2m:[0m X11 overlay: root reads cannot see this window's own pixels; save-unders will be served without readback confirmation

✨ cua-driver v0.33.0 is available (you have v0.32.0).
   Update with: cua-driver update
   Release notes: https://github.com/trycua/cua/releases/tag/cua-driver-rs-v0.33.0

{"trial": "Q000-toggle-COMP_CR-train-r-1-admission", "kind": "admission", "outcome": "verified", "routine_outcome": "verified", "oracle_exact_match": true, "completion_mutations": 1, "routes": ["compiled"], "error": null, "la": "2.16", "dec": 0, "prov": {"attempts": 0, "reached": 0}}
{"trial": "Q000-toggle-COMP_CR-train-r-1", "kind": "train", "outcome": "verified", "routine_outcome": null, "oracle_exact_match": true, "completion_mutations": 1, "routes": ["provider", "provider"], "error": null, "la": "2.16", "dec": 2, "prov": {"attempts": 0, "reached": 0}}
[2m2026-10-03T14:05:27.593396Z[0m [33m WARN[0m [2mcua_driver_sdk::runtime[0m[2m:[0m could not activate the persistent AT-SPI listener: AT-SPI connect failed: ZBus Error: MethodError(OwnedErrorName("org.freedesktop.DBus.Error.NameHasNoOwner"), Some("Could not activate remote peer 'org.a11y.atspi.Registry': unit failed"), Msg { type: Error, serial: 4294967295, sender: UniqueName("org.freedesktop.DBus"), reply-serial: 9, body: Str, fds: [] })
[2m2026-10-03T14:05:27.600372Z[0m [33m WARN[0m [2mplatform_linux::overlay[0m[2m:[0m X11 overlay: root reads cannot see this window's own pixels; save-unders will be served without readback confirmation

✨ cua-driver v0.33.0 is available (you have v0.32.0).
   Update with: cua-driver update
   Release notes: https://github.com/trycua/cua/releases/tag/cua-driver-rs-v0.33.0

[2m2026-10-03T14:05:28.557902Z[0m [33m WARN[0m [2mcua_driver_sdk::runtime[0m[2m:[0m could not activate the persistent AT-SPI listener: AT-SPI connect failed: ZBus Error: MethodError(OwnedErrorName("org.freedesktop.DBus.Error.NameHasNoOwner"), Some("Could not activate remote peer 'org.a11y.atspi.Registry': unit failed"), Msg { type: Error, serial: 4294967295, sender: UniqueName("org.freedesktop.DBus"), reply-serial: 9, body: Str, fds: [] })
[2m2026-10-03T14:05:28.567875Z[0m [33m WARN[0m [2mplatform_linux::overlay[0m[2m:[0m X11 overlay: root reads cannot see this window's own pixels; save-unders will be served without readback confirmation

✨ cua-driver v0.33.0 is available (you have v0.32.0).
   Update with: cua-driver update
   Release notes: https://github.com/trycua/cua/releases/tag/cua-driver-rs-v0.33.0

{"trial": "Q001-modal-COMP_CR-train-r-1-admission", "kind": "admission", "outcome": "verified", "routine_outcome": "verified", "oracle_exact_match": true, "completion_mutations": 1, "routes": ["compiled"], "error": null, "la": "2.16", "dec": 0, "prov": {"attempts": 0, "reached": 0}}
{"trial": "Q001-modal-COMP_CR-train-r-1", "kind": "train", "outcome": "verified", "routine_outcome": null, "oracle_exact_match": true, "completion_mutations": 1, "routes": ["provider", "provider"], "error": null, "la": "2.16", "dec": 2, "prov": {"attempts": 0, "reached": 0}}
[2m2026-10-03T14:05:29.643397Z[0m [33m WARN[0m [2mcua_driver_sdk::runtime[0m[2m:[0m could not activate the persistent AT-SPI listener: AT-SPI connect failed: ZBus Error: MethodError(OwnedErrorName("org.freedesktop.DBus.Error.NameHasNoOwner"), Some("Could not activate remote peer 'org.a11y.atspi.Registry': unit failed"), Msg { type: Error, serial: 4294967295, sender: UniqueName("org.freedesktop.DBus"), reply-serial: 9, body: Str, fds: [] })
[2m2026-10-03T14:05:29.650115Z[0m [33m WARN[0m [2mplatform_linux::overlay[0m[2m:[0m X11 overlay: root reads cannot see this window's own pixels; save-unders will be served without readback confirmation

✨ cua-driver v0.33.0 is available (you have v0.32.0).
   Update with: cua-driver update
   Release notes: https://github.com/trycua/cua/releases/tag/cua-driver-rs-v0.33.0

{"trial": "Q002-modal-COMP-measured-r00", "mode": "step", "outcome": "verified", "oracle_exact_match": true, "completion_mutations": 1, "routes": ["provider", "provider"], "error": null, "la": "1.98", "prov": {"attempts": 0, "reached": 0}}
[2m2026-10-03T14:05:30.733101Z[0m [33m WARN[0m [2mcua_driver_sdk::runtime[0m[2m:[0m could not activate the persistent AT-SPI listener: AT-SPI connect failed: ZBus Error: MethodError(OwnedErrorName("org.freedesktop.DBus.Error.NameHasNoOwner"), Some("Could not activate remote peer 'org.a11y.atspi.Registry': unit failed"), Msg { type: Error, serial: 4294967295, sender: UniqueName("org.freedesktop.DBus"), reply-serial: 9, body: Str, fds: [] })
[2m2026-10-03T14:05:30.740540Z[0m [33m WARN[0m [2mplatform_linux::overlay[0m[2m:[0m X11 overlay: root reads cannot see this window's own pixels; save-unders will be served without readback confirmation

✨ cua-driver v0.33.0 is available (you have v0.32.0).
   Update with: cua-driver update
   Release notes: https://github.com/trycua/cua/releases/tag/cua-driver-rs-v0.33.0

{"trial": "Q003-modal-COMP_CR-warm-r00", "kind": "warm", "outcome": "verified", "routine_outcome": "verified", "oracle_exact_match": true, "completion_mutations": 1, "routes": ["compiled"], "error": null, "la": "1.98", "dec": 0, "prov": {"attempts": 0, "reached": 0}}
[2m2026-10-03T14:05:31.827783Z[0m [33m WARN[0m [2mcua_driver_sdk::runtime[0m[2m:[0m could not activate the persistent AT-SPI listener: AT-SPI connect failed: ZBus Error: MethodError(OwnedErrorName("org.freedesktop.DBus.Error.NameHasNoOwner"), Some("Could not activate remote peer 'org.a11y.atspi.Registry': unit failed"), Msg { type: Error, serial: 4294967295, sender: UniqueName("org.freedesktop.DBus"), reply-serial: 9, body: Str, fds: [] })
[2m2026-10-03T14:05:31.834700Z[0m [33m WARN[0m [2mplatform_linux::overlay[0m[2m:[0m X11 overlay: root reads cannot see this window's own pixels; save-unders will be served without readback confirmation

✨ cua-driver v0.33.0 is available (you have v0.32.0).
   Update with: cua-driver update
   Release notes: https://github.com/trycua/cua/releases/tag/cua-driver-rs-v0.33.0

{"trial": "Q004-modal-COMP_CR-warm-r01", "kind": "warm", "outcome": "verified", "routine_outcome": "verified", "oracle_exact_match": true, "completion_mutations": 1, "routes": ["compiled"], "error": null, "la": "1.98", "dec": 0, "prov": {"attempts": 0, "reached": 0}}
[2m2026-10-03T14:05:32.927303Z[0m [33m WARN[0m [2mcua_driver_sdk::runtime[0m[2m:[0m could not activate the persistent AT-SPI listener: AT-SPI connect failed: ZBus Error: MethodError(OwnedErrorName("org.freedesktop.DBus.Error.NameHasNoOwner"), Some("Could not activate remote peer 'org.a11y.atspi.Registry': unit failed"), Msg { type: Error, serial: 4294967295, sender: UniqueName("org.freedesktop.DBus"), reply-serial: 9, body: Str, fds: [] })
[2m2026-10-03T14:05:32.933740Z[0m [33m WARN[0m [2mplatform_linux::overlay[0m[2m:[0m X11 overlay: root reads cannot see this window's own pixels; save-unders will be served without readback confirmation

✨ cua-driver v0.33.0 is available (you have v0.32.0).
   Update with: cua-driver update
   Release notes: https://github.com/trycua/cua/releases/tag/cua-driver-rs-v0.33.0

{"trial": "Q005-modal-COMP-measured-r01", "mode": "step", "outcome": "verified", "oracle_exact_match": true, "completion_mutations": 1, "routes": ["provider", "provider"], "error": null, "la": "1.98", "prov": {"attempts": 0, "reached": 0}}
[2m2026-10-03T14:05:34.036949Z[0m [33m WARN[0m [2mcua_driver_sdk::runtime[0m[2m:[0m could not activate the persistent AT-SPI listener: AT-SPI connect failed: ZBus Error: MethodError(OwnedErrorName("org.freedesktop.DBus.Error.NameHasNoOwner"), Some("Could not activate remote peer 'org.a11y.atspi.Registry': unit failed"), Msg { type: Error, serial: 4294967295, sender: UniqueName("org.freedesktop.DBus"), reply-serial: 9, body: Str, fds: [] })
[2m2026-10-03T14:05:34.044067Z[0m [33m WARN[0m [2mplatform_linux::overlay[0m[2m:[0m X11 overlay: root reads cannot see this window's own pixels; save-unders will be served without readback confirmation

✨ cua-driver v0.33.0 is available (you have v0.32.0).
   Update with: cua-driver update
   Release notes: https://github.com/trycua/cua/releases/tag/cua-driver-rs-v0.33.0

{"trial": "Q006-modal-COMP-measured-r02", "mode": "step", "outcome": "verified", "oracle_exact_match": true, "completion_mutations": 1, "routes": ["provider", "provider"], "error": null, "la": "1.98", "prov": {"attempts": 0, "reached": 0}}
[2m2026-10-03T14:05:35.125714Z[0m [33m WARN[0m [2mcua_driver_sdk::runtime[0m[2m:[0m could not activate the persistent AT-SPI listener: AT-SPI connect failed: ZBus Error: MethodError(OwnedErrorName("org.freedesktop.DBus.Error.NameHasNoOwner"), Some("Could not activate remote peer 'org.a11y.atspi.Registry': unit failed"), Msg { type: Error, serial: 4294967295, sender: UniqueName("org.freedesktop.DBus"), reply-serial: 9, body: Str, fds: [] })
[2m2026-10-03T14:05:35.132412Z[0m [33m WARN[0m [2mplatform_linux::overlay[0m[2m:[0m X11 overlay: root reads cannot see this window's own pixels; save-unders will be served without readback confirmation

✨ cua-driver v0.33.0 is available (you have v0.32.0).
   Update with: cua-driver update
   Release notes: https://github.com/trycua/cua/releases/tag/cua-driver-rs-v0.33.0

{"trial": "Q007-modal-COMP_CR-warm-r02", "kind": "warm", "outcome": "verified", "routine_outcome": "verified", "oracle_exact_match": true, "completion_mutations": 1, "routes": ["compiled"], "error": null, "la": "1.91", "dec": 0, "prov": {"attempts": 0, "reached": 0}}
[2m2026-10-03T14:05:36.214770Z[0m [33m WARN[0m [2mcua_driver_sdk::runtime[0m[2m:[0m could not activate the persistent AT-SPI listener: AT-SPI connect failed: ZBus Error: MethodError(OwnedErrorName("org.freedesktop.DBus.Error.NameHasNoOwner"), Some("Could not activate remote peer 'org.a11y.atspi.Registry': unit failed"), Msg { type: Error, serial: 4294967295, sender: UniqueName("org.freedesktop.DBus"), reply-serial: 9, body: Str, fds: [] })
[2m2026-10-03T14:05:36.221360Z[0m [33m WARN[0m [2mplatform_linux::overlay[0m[2m:[0m X11 overlay: root reads cannot see this window's own pixels; save-unders will be served without readback confirmation

✨ cua-driver v0.33.0 is available (you have v0.32.0).
   Update with: cua-driver update
   Release notes: https://github.com/trycua/cua/releases/tag/cua-driver-rs-v0.33.0

{"trial": "Q008-modal-COMP_CR-warm-r03", "kind": "warm", "outcome": "verified", "routine_outcome": "verified", "oracle_exact_match": true, "completion_mutations": 1, "routes": ["compiled"], "error": null, "la": "1.91", "dec": 0, "prov": {"attempts": 0, "reached": 0}}
[2m2026-10-03T14:05:37.307651Z[0m [33m WARN[0m [2mcua_driver_sdk::runtime[0m[2m:[0m could not activate the persistent AT-SPI listener: AT-SPI connect failed: ZBus Error: MethodError(OwnedErrorName("org.freedesktop.DBus.Error.NameHasNoOwner"), Some("Could not activate remote peer 'org.a11y.atspi.Registry': unit failed"), Msg { type: Error, serial: 4294967295, sender: UniqueName("org.freedesktop.DBus"), reply-serial: 9, body: Str, fds: [] })
[2m2026-10-03T14:05:37.314615Z[0m [33m WARN[0m [2mplatform_linux::overlay[0m[2m:[0m X11 overlay: root reads cannot see this window's own pixels; save-unders will be served without readback confirmation

✨ cua-driver v0.33.0 is available (you have v0.32.0).
   Update with: cua-driver update
   Release notes: https://github.com/trycua/cua/releases/tag/cua-driver-rs-v0.33.0

{"trial": "Q009-modal-COMP-measured-r03", "mode": "step", "outcome": "verified", "oracle_exact_match": true, "completion_mutations": 1, "routes": ["provider", "provider"], "error": null, "la": "1.91", "prov": {"attempts": 0, "reached": 0}}
[2m2026-10-03T14:05:38.397198Z[0m [33m WARN[0m [2mcua_driver_sdk::runtime[0m[2m:[0m could not activate the persistent AT-SPI listener: AT-SPI connect failed: ZBus Error: MethodError(OwnedErrorName("org.freedesktop.DBus.Error.NameHasNoOwner"), Some("Could not activate remote peer 'org.a11y.atspi.Registry': unit failed"), Msg { type: Error, serial: 4294967295, sender: UniqueName("org.freedesktop.DBus"), reply-serial: 9, body: Str, fds: [] })
[2m2026-10-03T14:05:38.404188Z[0m [33m WARN[0m [2mplatform_linux::overlay[0m[2m:[0m X11 overlay: root reads cannot see this window's own pixels; save-unders will be served without readback confirmation

✨ cua-driver v0.33.0 is available (you have v0.32.0).
   Update with: cua-driver update
   Release notes: https://github.com/trycua/cua/releases/tag/cua-driver-rs-v0.33.0

{"trial": "Q010-modal-COMP-measured-r04", "mode": "step", "outcome": "verified", "oracle_exact_match": true, "completion_mutations": 1, "routes": ["provider", "provider"], "error": null, "la": "1.91", "prov": {"attempts": 0, "reached": 0}}
[2m2026-10-03T14:05:39.512838Z[0m [33m WARN[0m [2mcua_driver_sdk::runtime[0m[2m:[0m could not activate the persistent AT-SPI listener: AT-SPI connect failed: ZBus Error: MethodError(OwnedErrorName("org.freedesktop.DBus.Error.NameHasNoOwner"), Some("Could not activate remote peer 'org.a11y.atspi.Registry': unit failed"), Msg { type: Error, serial: 4294967295, sender: UniqueName("org.freedesktop.DBus"), reply-serial: 9, body: Str, fds: [] })
[2m2026-10-03T14:05:39.520394Z[0m [33m WARN[0m [2mplatform_linux::overlay[0m[2m:[0m X11 overlay: root reads cannot see this window's own pixels; save-unders will be served without readback confirmation

✨ cua-driver v0.33.0 is available (you have v0.32.0).
   Update with: cua-driver update
   Release notes: https://github.com/trycua/cua/releases/tag/cua-driver-rs-v0.33.0

{"trial": "Q011-modal-COMP_CR-warm-r04", "kind": "warm", "outcome": "verified", "routine_outcome": "verified", "oracle_exact_match": true, "completion_mutations": 1, "routes": ["compiled"], "error": null, "la": "1.83", "dec": 0, "prov": {"attempts": 0, "reached": 0}}
[2m2026-10-03T14:05:40.607758Z[0m [33m WARN[0m [2mcua_driver_sdk::runtime[0m[2m:[0m could not activate the persistent AT-SPI listener: AT-SPI connect failed: ZBus Error: MethodError(OwnedErrorName("org.freedesktop.DBus.Error.NameHasNoOwner"), Some("Could not activate remote peer 'org.a11y.atspi.Registry': unit failed"), Msg { type: Error, serial: 4294967295, sender: UniqueName("org.freedesktop.DBus"), reply-serial: 9, body: Str, fds: [] })
[2m2026-10-03T14:05:40.614191Z[0m [33m WARN[0m [2mplatform_linux::overlay[0m[2m:[0m X11 overlay: root reads cannot see this window's own pixels; save-unders will be served without readback confirmation

✨ cua-driver v0.33.0 is available (you have v0.32.0).
   Update with: cua-driver update
   Release notes: https://github.com/trycua/cua/releases/tag/cua-driver-rs-v0.33.0

{"trial": "Q012-toggle-COMP_CR-warm-r05", "kind": "warm", "outcome": "verified", "routine_outcome": "verified", "oracle_exact_match": true, "completion_mutations": 1, "routes": ["compiled"], "error": null, "la": "1.83", "dec": 0, "prov": {"attempts": 0, "reached": 0}}
[2m2026-10-03T14:05:41.695863Z[0m [33m WARN[0m [2mcua_driver_sdk::runtime[0m[2m:[0m could not activate the persistent AT-SPI listener: AT-SPI connect failed: ZBus Error: MethodError(OwnedErrorName("org.freedesktop.DBus.Error.NameHasNoOwner"), Some("Could not activate remote peer 'org.a11y.atspi.Registry': unit failed"), Msg { type: Error, serial: 4294967295, sender: UniqueName("org.freedesktop.DBus"), reply-serial: 9, body: Str, fds: [] })
[2m2026-10-03T14:05:41.704092Z[0m [33m WARN[0m [2mplatform_linux::overlay[0m[2m:[0m X11 overlay: root reads cannot see this window's own pixels; save-unders will be served without readback confirmation

✨ cua-driver v0.33.0 is available (you have v0.32.0).
   Update with: cua-driver update
   Release notes: https://github.com/trycua/cua/releases/tag/cua-driver-rs-v0.33.0

{"trial": "Q013-toggle-COMP-measured-r05", "mode": "step", "outcome": "verified", "oracle_exact_match": true, "completion_mutations": 1, "routes": ["provider", "provider"], "error": null, "la": "1.83", "prov": {"attempts": 0, "reached": 0}}
[2m2026-10-03T14:05:42.808818Z[0m [33m WARN[0m [2mcua_driver_sdk::runtime[0m[2m:[0m could not activate the persistent AT-SPI listener: AT-SPI connect failed: ZBus Error: MethodError(OwnedErrorName("org.freedesktop.DBus.Error.NameHasNoOwner"), Some("Could not activate remote peer 'org.a11y.atspi.Registry': unit failed"), Msg { type: Error, serial: 4294967295, sender: UniqueName("org.freedesktop.DBus"), reply-serial: 9, body: Str, fds: [] })
[2m2026-10-03T14:05:42.815644Z[0m [33m WARN[0m [2mplatform_linux::overlay[0m[2m:[0m X11 overlay: root reads cannot see this window's own pixels; save-unders will be served without readback confirmation

✨ cua-driver v0.33.0 is available (you have v0.32.0).
   Update with: cua-driver update
   Release notes: https://github.com/trycua/cua/releases/tag/cua-driver-rs-v0.33.0

{"trial": "Q014-modal-COMP_CR-warm-r05", "kind": "warm", "outcome": "verified", "routine_outcome": "verified", "oracle_exact_match": true, "completion_mutations": 1, "routes": ["compiled"], "error": null, "la": "1.83", "dec": 0, "prov": {"attempts": 0, "reached": 0}}
[2m2026-10-03T14:05:43.904700Z[0m [33m WARN[0m [2mcua_driver_sdk::runtime[0m[2m:[0m could not activate the persistent AT-SPI listener: AT-SPI connect failed: ZBus Error: MethodError(OwnedErrorName("org.freedesktop.DBus.Error.NameHasNoOwner"), Some("Could not activate remote peer 'org.a11y.atspi.Registry': unit failed"), Msg { type: Error, serial: 4294967295, sender: UniqueName("org.freedesktop.DBus"), reply-serial: 9, body: Str, fds: [] })
[2m2026-10-03T14:05:43.911705Z[0m [33m WARN[0m [2mplatform_linux::overlay[0m[2m:[0m X11 overlay: root reads cannot see this window's own pixels; save-unders will be served without readback confirmation

✨ cua-driver v0.33.0 is available (you have v0.32.0).
   Update with: cua-driver update
   Release notes: https://github.com/trycua/cua/releases/tag/cua-driver-rs-v0.33.0

{"trial": "Q015-modal-COMP-measured-r05", "mode": "step", "outcome": "verified", "oracle_exact_match": true, "completion_mutations": 1, "routes": ["provider", "provider"], "error": null, "la": "1.83", "prov": {"attempts": 0, "reached": 0}}
[2m2026-10-03T14:05:45.004632Z[0m [33m WARN[0m [2mcua_driver_sdk::runtime[0m[2m:[0m could not activate the persistent AT-SPI listener: AT-SPI connect failed: ZBus Error: MethodError(OwnedErrorName("org.freedesktop.DBus.Error.NameHasNoOwner"), Some("Could not activate remote peer 'org.a11y.atspi.Registry': unit failed"), Msg { type: Error, serial: 4294967295, sender: UniqueName("org.freedesktop.DBus"), reply-serial: 9, body: Str, fds: [] })
[2m2026-10-03T14:05:45.011234Z[0m [33m WARN[0m [2mplatform_linux::overlay[0m[2m:[0m X11 overlay: root reads cannot see this window's own pixels; save-unders will be served without readback confirmation

✨ cua-driver v0.33.0 is available (you have v0.32.0).
   Update with: cua-driver update
   Release notes: https://github.com/trycua/cua/releases/tag/cua-driver-rs-v0.33.0

{"trial": "Q016-modal-COMP-measured-r06", "mode": "step", "outcome": "verified", "oracle_exact_match": true, "completion_mutations": 1, "routes": ["provider", "provider"], "error": null, "la": "1.77", "prov": {"attempts": 0, "reached": 0}}
[2m2026-10-03T14:05:46.095009Z[0m [33m WARN[0m [2mcua_driver_sdk::runtime[0m[2m:[0m could not activate the persistent AT-SPI listener: AT-SPI connect failed: ZBus Error: MethodError(OwnedErrorName("org.freedesktop.DBus.Error.NameHasNoOwner"), Some("Could not activate remote peer 'org.a11y.atspi.Registry': unit failed"), Msg { type: Error, serial: 4294967295, sender: UniqueName("org.freedesktop.DBus"), reply-serial: 9, body: Str, fds: [] })
[2m2026-10-03T14:05:46.101696Z[0m [33m WARN[0m [2mplatform_linux::overlay[0m[2m:[0m X11 overlay: root reads cannot see this window's own pixels; save-unders will be served without readback confirmation

✨ cua-driver v0.33.0 is available (you have v0.32.0).
   Update with: cua-driver update
   Release notes: https://github.com/trycua/cua/releases/tag/cua-driver-rs-v0.33.0

{"trial": "Q017-modal-COMP_CR-warm-r06", "kind": "warm", "outcome": "verified", "routine_outcome": "verified", "oracle_exact_match": true, "completion_mutations": 1, "routes": ["compiled"], "error": null, "la": "1.77", "dec": 0, "prov": {"attempts": 0, "reached": 0}}
[2m2026-10-03T14:05:47.179741Z[0m [33m WARN[0m [2mcua_driver_sdk::runtime[0m[2m:[0m could not activate the persistent AT-SPI listener: AT-SPI connect failed: ZBus Error: MethodError(OwnedErrorName("org.freedesktop.DBus.Error.NameHasNoOwner"), Some("Could not activate remote peer 'org.a11y.atspi.Registry': unit failed"), Msg { type: Error, serial: 4294967295, sender: UniqueName("org.freedesktop.DBus"), reply-serial: 9, body: Str, fds: [] })
[2m2026-10-03T14:05:47.186999Z[0m [33m WARN[0m [2mplatform_linux::overlay[0m[2m:[0m X11 overlay: root reads cannot see this window's own pixels; save-unders will be served without readback confirmation

✨ cua-driver v0.33.0 is available (you have v0.32.0).
   Update with: cua-driver update
   Release notes: https://github.com/trycua/cua/releases/tag/cua-driver-rs-v0.33.0

{"trial": "Q018-modal-COMP_CR-warm-r07", "kind": "warm", "outcome": "verified", "routine_outcome": "verified", "oracle_exact_match": true, "completion_mutations": 1, "routes": ["compiled"], "error": null, "la": "1.77", "dec": 0, "prov": {"attempts": 0, "reached": 0}}
[2m2026-10-03T14:05:48.279105Z[0m [33m WARN[0m [2mcua_driver_sdk::runtime[0m[2m:[0m could not activate the persistent AT-SPI listener: AT-SPI connect failed: ZBus Error: MethodError(OwnedErrorName("org.freedesktop.DBus.Error.NameHasNoOwner"), Some("Could not activate remote peer 'org.a11y.atspi.Registry': unit failed"), Msg { type: Error, serial: 4294967295, sender: UniqueName("org.freedesktop.DBus"), reply-serial: 9, body: Str, fds: [] })
[2m2026-10-03T14:05:48.286895Z[0m [33m WARN[0m [2mplatform_linux::overlay[0m[2m:[0m X11 overlay: root reads cannot see this window's own pixels; save-unders will be served without readback confirmation

✨ cua-driver v0.33.0 is available (you have v0.32.0).
   Update with: cua-driver update
   Release notes: https://github.com/trycua/cua/releases/tag/cua-driver-rs-v0.33.0

{"trial": "Q019-modal-COMP-measured-r07", "mode": "step", "outcome": "verified", "oracle_exact_match": true, "completion_mutations": 1, "routes": ["provider", "provider"], "error": null, "la": "1.77", "prov": {"attempts": 0, "reached": 0}}
[2m2026-10-03T14:05:49.376888Z[0m [33m WARN[0m [2mcua_driver_sdk::runtime[0m[2m:[0m could not activate the persistent AT-SPI listener: AT-SPI connect failed: ZBus Error: MethodError(OwnedErrorName("org.freedesktop.DBus.Error.NameHasNoOwner"), Some("Could not activate remote peer 'org.a11y.atspi.Registry': unit failed"), Msg { type: Error, serial: 4294967295, sender: UniqueName("org.freedesktop.DBus"), reply-serial: 9, body: Str, fds: [] })
[2m2026-10-03T14:05:49.383431Z[0m [33m WARN[0m [2mplatform_linux::overlay[0m[2m:[0m X11 overlay: root reads cannot see this window's own pixels; save-unders will be served without readback confirmation

✨ cua-driver v0.33.0 is available (you have v0.32.0).
   Update with: cua-driver update
   Release notes: https://github.com/trycua/cua/releases/tag/cua-driver-rs-v0.33.0

{"trial": "Q020-modal-COMP-measured-r08", "mode": "step", "outcome": "verified", "oracle_exact_match": true, "completion_mutations": 1, "routes": ["provider", "provider"], "error": null, "la": "1.62", "prov": {"attempts": 0, "reached": 0}}
[2m2026-10-03T14:05:50.463958Z[0m [33m WARN[0m [2mcua_driver_sdk::runtime[0m[2m:[0m could not activate the persistent AT-SPI listener: AT-SPI connect failed: ZBus Error: MethodError(OwnedErrorName("org.freedesktop.DBus.Error.NameHasNoOwner"), Some("Could not activate remote peer 'org.a11y.atspi.Registry': unit failed"), Msg { type: Error, serial: 4294967295, sender: UniqueName("org.freedesktop.DBus"), reply-serial: 9, body: Str, fds: [] })
[2m2026-10-03T14:05:50.470780Z[0m [33m WARN[0m [2mplatform_linux::overlay[0m[2m:[0m X11 overlay: root reads cannot see this window's own pixels; save-unders will be served without readback confirmation

✨ cua-driver v0.33.0 is available (you have v0.32.0).
   Update with: cua-driver update
   Release notes: https://github.com/trycua/cua/releases/tag/cua-driver-rs-v0.33.0

{"trial": "Q021-modal-COMP_CR-warm-r08", "kind": "warm", "outcome": "verified", "routine_outcome": "verified", "oracle_exact_match": true, "completion_mutations": 1, "routes": ["compiled"], "error": null, "la": "1.62", "dec": 0, "prov": {"attempts": 0, "reached": 0}}
[2m2026-10-03T14:05:51.577077Z[0m [33m WARN[0m [2mcua_driver_sdk::runtime[0m[2m:[0m could not activate the persistent AT-SPI listener: AT-SPI connect failed: ZBus Error: MethodError(OwnedErrorName("org.freedesktop.DBus.Error.NameHasNoOwner"), Some("Could not activate remote peer 'org.a11y.atspi.Registry': unit failed"), Msg { type: Error, serial: 4294967295, sender: UniqueName("org.freedesktop.DBus"), reply-serial: 9, body: Str, fds: [] })
[2m2026-10-03T14:05:51.584192Z[0m [33m WARN[0m [2mplatform_linux::overlay[0m[2m:[0m X11 overlay: root reads cannot see this window's own pixels; save-unders will be served without readback confirmation

✨ cua-driver v0.33.0 is available (you have v0.32.0).
   Update with: cua-driver update
   Release notes: https://github.com/trycua/cua/releases/tag/cua-driver-rs-v0.33.0

{"trial": "Q022-modal-COMP_CR-warm-r09", "kind": "warm", "outcome": "verified", "routine_outcome": "verified", "oracle_exact_match": true, "completion_mutations": 1, "routes": ["compiled"], "error": null, "la": "1.62", "dec": 0, "prov": {"attempts": 0, "reached": 0}}
[2m2026-10-03T14:05:52.680736Z[0m [33m WARN[0m [2mcua_driver_sdk::runtime[0m[2m:[0m could not activate the persistent AT-SPI listener: AT-SPI connect failed: ZBus Error: MethodError(OwnedErrorName("org.freedesktop.DBus.Error.NameHasNoOwner"), Some("Could not activate remote peer 'org.a11y.atspi.Registry': unit failed"), Msg { type: Error, serial: 4294967295, sender: UniqueName("org.freedesktop.DBus"), reply-serial: 9, body: Str, fds: [] })
[2m2026-10-03T14:05:52.687423Z[0m [33m WARN[0m [2mplatform_linux::overlay[0m[2m:[0m X11 overlay: root reads cannot see this window's own pixels; save-unders will be served without readback confirmation

✨ cua-driver v0.33.0 is available (you have v0.32.0).
   Update with: cua-driver update
   Release notes: https://github.com/trycua/cua/releases/tag/cua-driver-rs-v0.33.0

{"trial": "Q023-modal-COMP-measured-r09", "mode": "step", "outcome": "verified", "oracle_exact_match": true, "completion_mutations": 1, "routes": ["provider", "provider"], "error": null, "la": "1.62", "prov": {"attempts": 0, "reached": 0}}
[2m2026-10-03T14:05:53.765932Z[0m [33m WARN[0m [2mcua_driver_sdk::runtime[0m[2m:[0m could not activate the persistent AT-SPI listener: AT-SPI connect failed: ZBus Error: MethodError(OwnedErrorName("org.freedesktop.DBus.Error.NameHasNoOwner"), Some("Could not activate remote peer 'org.a11y.atspi.Registry': unit failed"), Msg { type: Error, serial: 4294967295, sender: UniqueName("org.freedesktop.DBus"), reply-serial: 9, body: Str, fds: [] })
[2m2026-10-03T14:05:53.772668Z[0m [33m WARN[0m [2mplatform_linux::overlay[0m[2m:[0m X11 overlay: root reads cannot see this window's own pixels; save-unders will be served without readback confirmation

✨ cua-driver v0.33.0 is available (you have v0.32.0).
   Update with: cua-driver update
   Release notes: https://github.com/trycua/cua/releases/tag/cua-driver-rs-v0.33.0

{"trial": "Q024-modal-COMP-measured-r10", "mode": "step", "outcome": "verified", "oracle_exact_match": true, "completion_mutations": 1, "routes": ["provider", "provider"], "error": null, "la": "1.62", "prov": {"attempts": 0, "reached": 0}}
[2m2026-10-03T14:05:54.872476Z[0m [33m WARN[0m [2mcua_driver_sdk::runtime[0m[2m:[0m could not activate the persistent AT-SPI listener: AT-SPI connect failed: ZBus Error: MethodError(OwnedErrorName("org.freedesktop.DBus.Error.NameHasNoOwner"), Some("Could not activate remote peer 'org.a11y.atspi.Registry': unit failed"), Msg { type: Error, serial: 4294967295, sender: UniqueName("org.freedesktop.DBus"), reply-serial: 9, body: Str, fds: [] })
[2m2026-10-03T14:05:54.879654Z[0m [33m WARN[0m [2mplatform_linux::overlay[0m[2m:[0m X11 overlay: root reads cannot see this window's own pixels; save-unders will be served without readback confirmation

✨ cua-driver v0.33.0 is available (you have v0.32.0).
   Update with: cua-driver update
   Release notes: https://github.com/trycua/cua/releases/tag/cua-driver-rs-v0.33.0

{"trial": "Q025-modal-COMP_CR-warm-r10", "kind": "warm", "outcome": "verified", "routine_outcome": "verified", "oracle_exact_match": true, "completion_mutations": 1, "routes": ["compiled"], "error": null, "la": "1.89", "dec": 0, "prov": {"attempts": 0, "reached": 0}}
[2m2026-10-03T14:05:55.976329Z[0m [33m WARN[0m [2mcua_driver_sdk::runtime[0m[2m:[0m could not activate the persistent AT-SPI listener: AT-SPI connect failed: ZBus Error: MethodError(OwnedErrorName("org.freedesktop.DBus.Error.NameHasNoOwner"), Some("Could not activate remote peer 'org.a11y.atspi.Registry': unit failed"), Msg { type: Error, serial: 4294967295, sender: UniqueName("org.freedesktop.DBus"), reply-serial: 9, body: Str, fds: [] })
[2m2026-10-03T14:05:55.983573Z[0m [33m WARN[0m [2mplatform_linux::overlay[0m[2m:[0m X11 overlay: root reads cannot see this window's own pixels; save-unders will be served without readback confirmation

✨ cua-driver v0.33.0 is available (you have v0.32.0).
   Update with: cua-driver update
   Release notes: https://github.com/trycua/cua/releases/tag/cua-driver-rs-v0.33.0

{"trial": "Q026-toggle-COMP-measured-r10", "mode": "step", "outcome": "verified", "oracle_exact_match": true, "completion_mutations": 1, "routes": ["provider", "provider"], "error": null, "la": "1.89", "prov": {"attempts": 0, "reached": 0}}
[2m2026-10-03T14:05:57.078814Z[0m [33m WARN[0m [2mcua_driver_sdk::runtime[0m[2m:[0m could not activate the persistent AT-SPI listener: AT-SPI connect failed: ZBus Error: MethodError(OwnedErrorName("org.freedesktop.DBus.Error.NameHasNoOwner"), Some("Could not activate remote peer 'org.a11y.atspi.Registry': unit failed"), Msg { type: Error, serial: 4294967295, sender: UniqueName("org.freedesktop.DBus"), reply-serial: 9, body: Str, fds: [] })
[2m2026-10-03T14:05:57.085566Z[0m [33m WARN[0m [2mplatform_linux::overlay[0m[2m:[0m X11 overlay: root reads cannot see this window's own pixels; save-unders will be served without readback confirmation

✨ cua-driver v0.33.0 is available (you have v0.32.0).
   Update with: cua-driver update
   Release notes: https://github.com/trycua/cua/releases/tag/cua-driver-rs-v0.33.0

{"trial": "Q027-toggle-COMP_CR-warm-r10", "kind": "warm", "outcome": "verified", "routine_outcome": "verified", "oracle_exact_match": true, "completion_mutations": 1, "routes": ["compiled"], "error": null, "la": "1.89", "dec": 0, "prov": {"attempts": 0, "reached": 0}}
[2m2026-10-03T14:05:58.175124Z[0m [33m WARN[0m [2mcua_driver_sdk::runtime[0m[2m:[0m could not activate the persistent AT-SPI listener: AT-SPI connect failed: ZBus Error: MethodError(OwnedErrorName("org.freedesktop.DBus.Error.NameHasNoOwner"), Some("Could not activate remote peer 'org.a11y.atspi.Registry': unit failed"), Msg { type: Error, serial: 4294967295, sender: UniqueName("org.freedesktop.DBus"), reply-serial: 9, body: Str, fds: [] })
[2m2026-10-03T14:05:58.181493Z[0m [33m WARN[0m [2mplatform_linux::overlay[0m[2m:[0m X11 overlay: root reads cannot see this window's own pixels; save-unders will be served without readback confirmation

✨ cua-driver v0.33.0 is available (you have v0.32.0).
   Update with: cua-driver update
   Release notes: https://github.com/trycua/cua/releases/tag/cua-driver-rs-v0.33.0

{"trial": "Q028-modal-COMP_CR-warm-r11", "kind": "warm", "outcome": "verified", "routine_outcome": "verified", "oracle_exact_match": true, "completion_mutations": 1, "routes": ["compiled"], "error": null, "la": "1.89", "dec": 0, "prov": {"attempts": 0, "reached": 0}}
[2m2026-10-03T14:05:59.268174Z[0m [33m WARN[0m [2mcua_driver_sdk::runtime[0m[2m:[0m could not activate the persistent AT-SPI listener: AT-SPI connect failed: ZBus Error: MethodError(OwnedErrorName("org.freedesktop.DBus.Error.NameHasNoOwner"), Some("Could not activate remote peer 'org.a11y.atspi.Registry': unit failed"), Msg { type: Error, serial: 4294967295, sender: UniqueName("org.freedesktop.DBus"), reply-serial: 9, body: Str, fds: [] })
[2m2026-10-03T14:05:59.274993Z[0m [33m WARN[0m [2mplatform_linux::overlay[0m[2m:[0m X11 overlay: root reads cannot see this window's own pixels; save-unders will be served without readback confirmation

✨ cua-driver v0.33.0 is available (you have v0.32.0).
   Update with: cua-driver update
   Release notes: https://github.com/trycua/cua/releases/tag/cua-driver-rs-v0.33.0

{"trial": "Q029-modal-COMP-measured-r11", "mode": "step", "outcome": "verified", "oracle_exact_match": true, "completion_mutations": 1, "routes": ["provider", "provider"], "error": null, "la": "1.89", "prov": {"attempts": 0, "reached": 0}}
[2m2026-10-03T14:06:00.380961Z[0m [33m WARN[0m [2mcua_driver_sdk::runtime[0m[2m:[0m could not activate the persistent AT-SPI listener: AT-SPI connect failed: ZBus Error: MethodError(OwnedErrorName("org.freedesktop.DBus.Error.NameHasNoOwner"), Some("Could not activate remote peer 'org.a11y.atspi.Registry': unit failed"), Msg { type: Error, serial: 4294967295, sender: UniqueName("org.freedesktop.DBus"), reply-serial: 9, body: Str, fds: [] })
[2m2026-10-03T14:06:00.387827Z[0m [33m WARN[0m [2mplatform_linux::overlay[0m[2m:[0m X11 overlay: root reads cannot see this window's own pixels; save-unders will be served without readback confirmation

✨ cua-driver v0.33.0 is available (you have v0.32.0).
   Update with: cua-driver update
   Release notes: https://github.com/trycua/cua/releases/tag/cua-driver-rs-v0.33.0

{"trial": "Q030-modal-COMP-measured-r12", "mode": "step", "outcome": "verified", "oracle_exact_match": true, "completion_mutations": 1, "routes": ["provider", "provider"], "error": null, "la": "1.74", "prov": {"attempts": 0, "reached": 0}}
[2m2026-10-03T14:06:01.478201Z[0m [33m WARN[0m [2mcua_driver_sdk::runtime[0m[2m:[0m could not activate the persistent AT-SPI listener: AT-SPI connect failed: ZBus Error: MethodError(OwnedErrorName("org.freedesktop.DBus.Error.NameHasNoOwner"), Some("Could not activate remote peer 'org.a11y.atspi.Registry': unit failed"), Msg { type: Error, serial: 4294967295, sender: UniqueName("org.freedesktop.DBus"), reply-serial: 9, body: Str, fds: [] })
[2m2026-10-03T14:06:01.485736Z[0m [33m WARN[0m [2mplatform_linux::overlay[0m[2m:[0m X11 overlay: root reads cannot see this window's own pixels; save-unders will be served without readback confirmation

✨ cua-driver v0.33.0 is available (you have v0.32.0).
   Update with: cua-driver update
   Release notes: https://github.com/trycua/cua/releases/tag/cua-driver-rs-v0.33.0

{"trial": "Q031-modal-COMP_CR-warm-r12", "kind": "warm", "outcome": "verified", "routine_outcome": "verified", "oracle_exact_match": true, "completion_mutations": 1, "routes": ["compiled"], "error": null, "la": "1.74", "dec": 0, "prov": {"attempts": 0, "reached": 0}}
[2m2026-10-03T14:06:02.564754Z[0m [33m WARN[0m [2mcua_driver_sdk::runtime[0m[2m:[0m could not activate the persistent AT-SPI listener: AT-SPI connect failed: ZBus Error: MethodError(OwnedErrorName("org.freedesktop.DBus.Error.NameHasNoOwner"), Some("Could not activate remote peer 'org.a11y.atspi.Registry': unit failed"), Msg { type: Error, serial: 4294967295, sender: UniqueName("org.freedesktop.DBus"), reply-serial: 9, body: Str, fds: [] })
[2m2026-10-03T14:06:02.571590Z[0m [33m WARN[0m [2mplatform_linux::overlay[0m[2m:[0m X11 overlay: root reads cannot see this window's own pixels; save-unders will be served without readback confirmation

✨ cua-driver v0.33.0 is available (you have v0.32.0).
   Update with: cua-driver update
   Release notes: https://github.com/trycua/cua/releases/tag/cua-driver-rs-v0.33.0

{"trial": "Q032-modal-COMP_CR-warm-r13", "kind": "warm", "outcome": "verified", "routine_outcome": "verified", "oracle_exact_match": true, "completion_mutations": 1, "routes": ["compiled"], "error": null, "la": "1.74", "dec": 0, "prov": {"attempts": 0, "reached": 0}}
[2m2026-10-03T14:06:03.655133Z[0m [33m WARN[0m [2mcua_driver_sdk::runtime[0m[2m:[0m could not activate the persistent AT-SPI listener: AT-SPI connect failed: ZBus Error: MethodError(OwnedErrorName("org.freedesktop.DBus.Error.NameHasNoOwner"), Some("Could not activate remote peer 'org.a11y.atspi.Registry': unit failed"), Msg { type: Error, serial: 4294967295, sender: UniqueName("org.freedesktop.DBus"), reply-serial: 9, body: Str, fds: [] })
[2m2026-10-03T14:06:03.661904Z[0m [33m WARN[0m [2mplatform_linux::overlay[0m[2m:[0m X11 overlay: root reads cannot see this window's own pixels; save-unders will be served without readback confirmation

✨ cua-driver v0.33.0 is available (you have v0.32.0).
   Update with: cua-driver update
   Release notes: https://github.com/trycua/cua/releases/tag/cua-driver-rs-v0.33.0

{"trial": "Q033-modal-COMP-measured-r13", "mode": "step", "outcome": "verified", "oracle_exact_match": true, "completion_mutations": 1, "routes": ["provider", "provider"], "error": null, "la": "1.74", "prov": {"attempts": 0, "reached": 0}}
[2m2026-10-03T14:06:04.755742Z[0m [33m WARN[0m [2mcua_driver_sdk::runtime[0m[2m:[0m could not activate the persistent AT-SPI listener: AT-SPI connect failed: ZBus Error: MethodError(OwnedErrorName("org.freedesktop.DBus.Error.NameHasNoOwner"), Some("Could not activate remote peer 'org.a11y.atspi.Registry': unit failed"), Msg { type: Error, serial: 4294967295, sender: UniqueName("org.freedesktop.DBus"), reply-serial: 9, body: Str, fds: [] })
[2m2026-10-03T14:06:04.762649Z[0m [33m WARN[0m [2mplatform_linux::overlay[0m[2m:[0m X11 overlay: root reads cannot see this window's own pixels; save-unders will be served without readback confirmation

✨ cua-driver v0.33.0 is available (you have v0.32.0).
   Update with: cua-driver update
   Release notes: https://github.com/trycua/cua/releases/tag/cua-driver-rs-v0.33.0

{"trial": "Q034-modal-COMP-measured-r14", "mode": "step", "outcome": "verified", "oracle_exact_match": true, "completion_mutations": 1, "routes": ["provider", "provider"], "error": null, "la": "1.76", "prov": {"attempts": 0, "reached": 0}}
[2m2026-10-03T14:06:05.858244Z[0m [33m WARN[0m [2mcua_driver_sdk::runtime[0m[2m:[0m could not activate the persistent AT-SPI listener: AT-SPI connect failed: ZBus Error: MethodError(OwnedErrorName("org.freedesktop.DBus.Error.NameHasNoOwner"), Some("Could not activate remote peer 'org.a11y.atspi.Registry': unit failed"), Msg { type: Error, serial: 4294967295, sender: UniqueName("org.freedesktop.DBus"), reply-serial: 9, body: Str, fds: [] })
[2m2026-10-03T14:06:05.865217Z[0m [33m WARN[0m [2mplatform_linux::overlay[0m[2m:[0m X11 overlay: root reads cannot see this window's own pixels; save-unders will be served without readback confirmation

✨ cua-driver v0.33.0 is available (you have v0.32.0).
   Update with: cua-driver update
   Release notes: https://github.com/trycua/cua/releases/tag/cua-driver-rs-v0.33.0

{"trial": "Q035-modal-COMP_CR-warm-r14", "kind": "warm", "outcome": "verified", "routine_outcome": "verified", "oracle_exact_match": true, "completion_mutations": 1, "routes": ["compiled"], "error": null, "la": "1.76", "dec": 0, "prov": {"attempts": 0, "reached": 0}}
[2m2026-10-03T14:06:06.952141Z[0m [33m WARN[0m [2mcua_driver_sdk::runtime[0m[2m:[0m could not activate the persistent AT-SPI listener: AT-SPI connect failed: ZBus Error: MethodError(OwnedErrorName("org.freedesktop.DBus.Error.NameHasNoOwner"), Some("Could not activate remote peer 'org.a11y.atspi.Registry': unit failed"), Msg { type: Error, serial: 4294967295, sender: UniqueName("org.freedesktop.DBus"), reply-serial: 9, body: Str, fds: [] })
[2m2026-10-03T14:06:06.960348Z[0m [33m WARN[0m [2mplatform_linux::overlay[0m[2m:[0m X11 overlay: root reads cannot see this window's own pixels; save-unders will be served without readback confirmation

✨ cua-driver v0.33.0 is available (you have v0.32.0).
   Update with: cua-driver update
   Release notes: https://github.com/trycua/cua/releases/tag/cua-driver-rs-v0.33.0

{"trial": "Q036-modal-COMP_CR-warm-r15", "kind": "warm", "outcome": "verified", "routine_outcome": "verified", "oracle_exact_match": true, "completion_mutations": 1, "routes": ["compiled"], "error": null, "la": "1.76", "dec": 0, "prov": {"attempts": 0, "reached": 0}}
[2m2026-10-03T14:06:08.039852Z[0m [33m WARN[0m [2mcua_driver_sdk::runtime[0m[2m:[0m could not activate the persistent AT-SPI listener: AT-SPI connect failed: ZBus Error: MethodError(OwnedErrorName("org.freedesktop.DBus.Error.NameHasNoOwner"), Some("Could not activate remote peer 'org.a11y.atspi.Registry': unit failed"), Msg { type: Error, serial: 4294967295, sender: UniqueName("org.freedesktop.DBus"), reply-serial: 9, body: Str, fds: [] })
[2m2026-10-03T14:06:08.046563Z[0m [33m WARN[0m [2mplatform_linux::overlay[0m[2m:[0m X11 overlay: root reads cannot see this window's own pixels; save-unders will be served without readback confirmation

✨ cua-driver v0.33.0 is available (you have v0.32.0).
   Update with: cua-driver update
   Release notes: https://github.com/trycua/cua/releases/tag/cua-driver-rs-v0.33.0

{"trial": "Q037-modal-COMP-measured-r15", "mode": "step", "outcome": "verified", "oracle_exact_match": true, "completion_mutations": 1, "routes": ["provider", "provider"], "error": null, "la": "1.76", "prov": {"attempts": 0, "reached": 0}}
[2m2026-10-03T14:06:09.139792Z[0m [33m WARN[0m [2mcua_driver_sdk::runtime[0m[2m:[0m could not activate the persistent AT-SPI listener: AT-SPI connect failed: ZBus Error: MethodError(OwnedErrorName("org.freedesktop.DBus.Error.NameHasNoOwner"), Some("Could not activate remote peer 'org.a11y.atspi.Registry': unit failed"), Msg { type: Error, serial: 4294967295, sender: UniqueName("org.freedesktop.DBus"), reply-serial: 9, body: Str, fds: [] })
[2m2026-10-03T14:06:09.146321Z[0m [33m WARN[0m [2mplatform_linux::overlay[0m[2m:[0m X11 overlay: root reads cannot see this window's own pixels; save-unders will be served without readback confirmation

✨ cua-driver v0.33.0 is available (you have v0.32.0).
   Update with: cua-driver update
   Release notes: https://github.com/trycua/cua/releases/tag/cua-driver-rs-v0.33.0

{"trial": "Q038-modal-COMP-measured-r16", "mode": "step", "outcome": "verified", "oracle_exact_match": true, "completion_mutations": 1, "routes": ["provider", "provider"], "error": null, "la": "1.76", "prov": {"attempts": 0, "reached": 0}}
[2m2026-10-03T14:06:10.226806Z[0m [33m WARN[0m [2mcua_driver_sdk::runtime[0m[2m:[0m could not activate the persistent AT-SPI listener: AT-SPI connect failed: ZBus Error: MethodError(OwnedErrorName("org.freedesktop.DBus.Error.NameHasNoOwner"), Some("Could not activate remote peer 'org.a11y.atspi.Registry': unit failed"), Msg { type: Error, serial: 4294967295, sender: UniqueName("org.freedesktop.DBus"), reply-serial: 9, body: Str, fds: [] })
[2m2026-10-03T14:06:10.233492Z[0m [33m WARN[0m [2mplatform_linux::overlay[0m[2m:[0m X11 overlay: root reads cannot see this window's own pixels; save-unders will be served without readback confirmation

✨ cua-driver v0.33.0 is available (you have v0.32.0).
   Update with: cua-driver update
   Release notes: https://github.com/trycua/cua/releases/tag/cua-driver-rs-v0.33.0

{"trial": "Q039-modal-COMP_CR-warm-r16", "kind": "warm", "outcome": "verified", "routine_outcome": "verified", "oracle_exact_match": true, "completion_mutations": 1, "routes": ["compiled"], "error": null, "la": "1.70", "dec": 0, "prov": {"attempts": 0, "reached": 0}}
[2m2026-10-03T14:06:11.315398Z[0m [33m WARN[0m [2mcua_driver_sdk::runtime[0m[2m:[0m could not activate the persistent AT-SPI listener: AT-SPI connect failed: ZBus Error: MethodError(OwnedErrorName("org.freedesktop.DBus.Error.NameHasNoOwner"), Some("Could not activate remote peer 'org.a11y.atspi.Registry': unit failed"), Msg { type: Error, serial: 4294967295, sender: UniqueName("org.freedesktop.DBus"), reply-serial: 9, body: Str, fds: [] })
[2m2026-10-03T14:06:11.322570Z[0m [33m WARN[0m [2mplatform_linux::overlay[0m[2m:[0m X11 overlay: root reads cannot see this window's own pixels; save-unders will be served without readback confirmation

✨ cua-driver v0.33.0 is available (you have v0.32.0).
   Update with: cua-driver update
   Release notes: https://github.com/trycua/cua/releases/tag/cua-driver-rs-v0.33.0

{"trial": "Q040-toggle-COMP_CR-warm-r17", "kind": "warm", "outcome": "verified", "routine_outcome": "verified", "oracle_exact_match": true, "completion_mutations": 1, "routes": ["compiled"], "error": null, "la": "1.70", "dec": 0, "prov": {"attempts": 0, "reached": 0}}
[2m2026-10-03T14:06:12.402988Z[0m [33m WARN[0m [2mcua_driver_sdk::runtime[0m[2m:[0m could not activate the persistent AT-SPI listener: AT-SPI connect failed: ZBus Error: MethodError(OwnedErrorName("org.freedesktop.DBus.Error.NameHasNoOwner"), Some("Could not activate remote peer 'org.a11y.atspi.Registry': unit failed"), Msg { type: Error, serial: 4294967295, sender: UniqueName("org.freedesktop.DBus"), reply-serial: 9, body: Str, fds: [] })
[2m2026-10-03T14:06:12.409691Z[0m [33m WARN[0m [2mplatform_linux::overlay[0m[2m:[0m X11 overlay: root reads cannot see this window's own pixels; save-unders will be served without readback confirmation

✨ cua-driver v0.33.0 is available (you have v0.32.0).
   Update with: cua-driver update
   Release notes: https://github.com/trycua/cua/releases/tag/cua-driver-rs-v0.33.0

{"trial": "Q041-toggle-COMP-measured-r17", "mode": "step", "outcome": "verified", "oracle_exact_match": true, "completion_mutations": 1, "routes": ["provider", "provider"], "error": null, "la": "1.70", "prov": {"attempts": 0, "reached": 0}}
[2m2026-10-03T14:06:13.501607Z[0m [33m WARN[0m [2mcua_driver_sdk::runtime[0m[2m:[0m could not activate the persistent AT-SPI listener: AT-SPI connect failed: ZBus Error: MethodError(OwnedErrorName("org.freedesktop.DBus.Error.NameHasNoOwner"), Some("Could not activate remote peer 'org.a11y.atspi.Registry': unit failed"), Msg { type: Error, serial: 4294967295, sender: UniqueName("org.freedesktop.DBus"), reply-serial: 9, body: Str, fds: [] })
[2m2026-10-03T14:06:13.508602Z[0m [33m WARN[0m [2mplatform_linux::overlay[0m[2m:[0m X11 overlay: root reads cannot see this window's own pixels; save-unders will be served without readback confirmation

✨ cua-driver v0.33.0 is available (you have v0.32.0).
   Update with: cua-driver update
   Release notes: https://github.com/trycua/cua/releases/tag/cua-driver-rs-v0.33.0

{"trial": "Q042-modal-COMP_CR-warm-r17", "kind": "warm", "outcome": "verified", "routine_outcome": "verified", "oracle_exact_match": true, "completion_mutations": 1, "routes": ["compiled"], "error": null, "la": "1.70", "dec": 0, "prov": {"attempts": 0, "reached": 0}}
[2m2026-10-03T14:06:14.590158Z[0m [33m WARN[0m [2mcua_driver_sdk::runtime[0m[2m:[0m could not activate the persistent AT-SPI listener: AT-SPI connect failed: ZBus Error: MethodError(OwnedErrorName("org.freedesktop.DBus.Error.NameHasNoOwner"), Some("Could not activate remote peer 'org.a11y.atspi.Registry': unit failed"), Msg { type: Error, serial: 4294967295, sender: UniqueName("org.freedesktop.DBus"), reply-serial: 9, body: Str, fds: [] })
[2m2026-10-03T14:06:14.597000Z[0m [33m WARN[0m [2mplatform_linux::overlay[0m[2m:[0m X11 overlay: root reads cannot see this window's own pixels; save-unders will be served without readback confirmation

✨ cua-driver v0.33.0 is available (you have v0.32.0).
   Update with: cua-driver update
   Release notes: https://github.com/trycua/cua/releases/tag/cua-driver-rs-v0.33.0

{"trial": "Q043-modal-COMP-measured-r17", "mode": "step", "outcome": "verified", "oracle_exact_match": true, "completion_mutations": 1, "routes": ["provider", "provider"], "error": null, "la": "1.57", "prov": {"attempts": 0, "reached": 0}}
[2m2026-10-03T14:06:15.687912Z[0m [33m WARN[0m [2mcua_driver_sdk::runtime[0m[2m:[0m could not activate the persistent AT-SPI listener: AT-SPI connect failed: ZBus Error: MethodError(OwnedErrorName("org.freedesktop.DBus.Error.NameHasNoOwner"), Some("Could not activate remote peer 'org.a11y.atspi.Registry': unit failed"), Msg { type: Error, serial: 4294967295, sender: UniqueName("org.freedesktop.DBus"), reply-serial: 9, body: Str, fds: [] })
[2m2026-10-03T14:06:15.695035Z[0m [33m WARN[0m [2mplatform_linux::overlay[0m[2m:[0m X11 overlay: root reads cannot see this window's own pixels; save-unders will be served without readback confirmation

✨ cua-driver v0.33.0 is available (you have v0.32.0).
   Update with: cua-driver update
   Release notes: https://github.com/trycua/cua/releases/tag/cua-driver-rs-v0.33.0

{"trial": "Q044-modal-COMP-measured-r18", "mode": "step", "outcome": "verified", "oracle_exact_match": true, "completion_mutations": 1, "routes": ["provider", "provider"], "error": null, "la": "1.57", "prov": {"attempts": 0, "reached": 0}}
[2m2026-10-03T14:06:16.783480Z[0m [33m WARN[0m [2mcua_driver_sdk::runtime[0m[2m:[0m could not activate the persistent AT-SPI listener: AT-SPI connect failed: ZBus Error: MethodError(OwnedErrorName("org.freedesktop.DBus.Error.NameHasNoOwner"), Some("Could not activate remote peer 'org.a11y.atspi.Registry': unit failed"), Msg { type: Error, serial: 4294967295, sender: UniqueName("org.freedesktop.DBus"), reply-serial: 9, body: Str, fds: [] })
[2m2026-10-03T14:06:16.790487Z[0m [33m WARN[0m [2mplatform_linux::overlay[0m[2m:[0m X11 overlay: root reads cannot see this window's own pixels; save-unders will be served without readback confirmation

✨ cua-driver v0.33.0 is available (you have v0.32.0).
   Update with: cua-driver update
   Release notes: https://github.com/trycua/cua/releases/tag/cua-driver-rs-v0.33.0

{"trial": "Q045-modal-COMP_CR-warm-r18", "kind": "warm", "outcome": "verified", "routine_outcome": "verified", "oracle_exact_match": true, "completion_mutations": 1, "routes": ["compiled"], "error": null, "la": "1.57", "dec": 0, "prov": {"attempts": 0, "reached": 0}}
[2m2026-10-03T14:06:17.877979Z[0m [33m WARN[0m [2mcua_driver_sdk::runtime[0m[2m:[0m could not activate the persistent AT-SPI listener: AT-SPI connect failed: ZBus Error: MethodError(OwnedErrorName("org.freedesktop.DBus.Error.NameHasNoOwner"), Some("Could not activate remote peer 'org.a11y.atspi.Registry': unit failed"), Msg { type: Error, serial: 4294967295, sender: UniqueName("org.freedesktop.DBus"), reply-serial: 9, body: Str, fds: [] })
[2m2026-10-03T14:06:17.884714Z[0m [33m WARN[0m [2mplatform_linux::overlay[0m[2m:[0m X11 overlay: root reads cannot see this window's own pixels; save-unders will be served without readback confirmation

✨ cua-driver v0.33.0 is available (you have v0.32.0).
   Update with: cua-driver update
   Release notes: https://github.com/trycua/cua/releases/tag/cua-driver-rs-v0.33.0

{"trial": "Q046-modal-COMP_CR-warm-r19", "kind": "warm", "outcome": "verified", "routine_outcome": "verified", "oracle_exact_match": true, "completion_mutations": 1, "routes": ["compiled"], "error": null, "la": "1.57", "dec": 0, "prov": {"attempts": 0, "reached": 0}}
[2m2026-10-03T14:06:18.979781Z[0m [33m WARN[0m [2mcua_driver_sdk::runtime[0m[2m:[0m could not activate the persistent AT-SPI listener: AT-SPI connect failed: ZBus Error: MethodError(OwnedErrorName("org.freedesktop.DBus.Error.NameHasNoOwner"), Some("Could not activate remote peer 'org.a11y.atspi.Registry': unit failed"), Msg { type: Error, serial: 4294967295, sender: UniqueName("org.freedesktop.DBus"), reply-serial: 9, body: Str, fds: [] })
[2m2026-10-03T14:06:18.986515Z[0m [33m WARN[0m [2mplatform_linux::overlay[0m[2m:[0m X11 overlay: root reads cannot see this window's own pixels; save-unders will be served without readback confirmation

✨ cua-driver v0.33.0 is available (you have v0.32.0).
   Update with: cua-driver update
   Release notes: https://github.com/trycua/cua/releases/tag/cua-driver-rs-v0.33.0

{"trial": "Q047-modal-COMP-measured-r19", "mode": "step", "outcome": "verified", "oracle_exact_match": true, "completion_mutations": 1, "routes": ["provider", "provider"], "error": null, "la": "1.57", "prov": {"attempts": 0, "reached": 0}}
[2m2026-10-03T14:06:20.083277Z[0m [33m WARN[0m [2mcua_driver_sdk::runtime[0m[2m:[0m could not activate the persistent AT-SPI listener: AT-SPI connect failed: ZBus Error: MethodError(OwnedErrorName("org.freedesktop.DBus.Error.NameHasNoOwner"), Some("Could not activate remote peer 'org.a11y.atspi.Registry': unit failed"), Msg { type: Error, serial: 4294967295, sender: UniqueName("org.freedesktop.DBus"), reply-serial: 9, body: Str, fds: [] })
[2m2026-10-03T14:06:20.090788Z[0m [33m WARN[0m [2mplatform_linux::overlay[0m[2m:[0m X11 overlay: root reads cannot see this window's own pixels; save-unders will be served without readback confirmation

✨ cua-driver v0.33.0 is available (you have v0.32.0).
   Update with: cua-driver update
   Release notes: https://github.com/trycua/cua/releases/tag/cua-driver-rs-v0.33.0

{"trial": "Q048-modal-COMP-measured-r20", "mode": "step", "outcome": "verified", "oracle_exact_match": true, "completion_mutations": 1, "routes": ["provider", "provider"], "error": null, "la": "1.68", "prov": {"attempts": 0, "reached": 0}}
[2m2026-10-03T14:06:21.182633Z[0m [33m WARN[0m [2mcua_driver_sdk::runtime[0m[2m:[0m could not activate the persistent AT-SPI listener: AT-SPI connect failed: ZBus Error: MethodError(OwnedErrorName("org.freedesktop.DBus.Error.NameHasNoOwner"), Some("Could not activate remote peer 'org.a11y.atspi.Registry': unit failed"), Msg { type: Error, serial: 4294967295, sender: UniqueName("org.freedesktop.DBus"), reply-serial: 9, body: Str, fds: [] })
[2m2026-10-03T14:06:21.189521Z[0m [33m WARN[0m [2mplatform_linux::overlay[0m[2m:[0m X11 overlay: root reads cannot see this window's own pixels; save-unders will be served without readback confirmation

✨ cua-driver v0.33.0 is available (you have v0.32.0).
   Update with: cua-driver update
   Release notes: https://github.com/trycua/cua/releases/tag/cua-driver-rs-v0.33.0

{"trial": "Q049-modal-COMP_CR-warm-r20", "kind": "warm", "outcome": "verified", "routine_outcome": "verified", "oracle_exact_match": true, "completion_mutations": 1, "routes": ["compiled"], "error": null, "la": "1.68", "dec": 0, "prov": {"attempts": 0, "reached": 0}}
[2m2026-10-03T14:06:22.789166Z[0m [33m WARN[0m [2mcua_driver_sdk::runtime[0m[2m:[0m could not activate the persistent AT-SPI listener: AT-SPI connect failed: ZBus Error: MethodError(OwnedErrorName("org.freedesktop.DBus.Error.NameHasNoOwner"), Some("Could not activate remote peer 'org.a11y.atspi.Registry': unit failed"), Msg { type: Error, serial: 4294967295, sender: UniqueName("org.freedesktop.DBus"), reply-serial: 9, body: Str, fds: [] })
[2m2026-10-03T14:06:22.796130Z[0m [33m WARN[0m [2mplatform_linux::overlay[0m[2m:[0m X11 overlay: root reads cannot see this window's own pixels; save-unders will be served without readback confirmation

✨ cua-driver v0.33.0 is available (you have v0.32.0).
   Update with: cua-driver update
   Release notes: https://github.com/trycua/cua/releases/tag/cua-driver-rs-v0.33.0

{"trial": "Q050-modal-COMP_CR-warm-r21", "kind": "warm", "outcome": "verified", "routine_outcome": "verified", "oracle_exact_match": true, "completion_mutations": 1, "routes": ["compiled"], "error": null, "la": "1.68", "dec": 0, "prov": {"attempts": 0, "reached": 0}}
[2m2026-10-03T14:06:23.912892Z[0m [33m WARN[0m [2mcua_driver_sdk::runtime[0m[2m:[0m could not activate the persistent AT-SPI listener: AT-SPI connect failed: ZBus Error: MethodError(OwnedErrorName("org.freedesktop.DBus.Error.NameHasNoOwner"), Some("Could not activate remote peer 'org.a11y.atspi.Registry': unit failed"), Msg { type: Error, serial: 4294967295, sender: UniqueName("org.freedesktop.DBus"), reply-serial: 9, body: Str, fds: [] })
[2m2026-10-03T14:06:23.920071Z[0m [33m WARN[0m [2mplatform_linux::overlay[0m[2m:[0m X11 overlay: root reads cannot see this window's own pixels; save-unders will be served without readback confirmation

✨ cua-driver v0.33.0 is available (you have v0.32.0).
   Update with: cua-driver update
   Release notes: https://github.com/trycua/cua/releases/tag/cua-driver-rs-v0.33.0

{"trial": "Q051-modal-COMP-measured-r21", "mode": "step", "outcome": "verified", "oracle_exact_match": true, "completion_mutations": 1, "routes": ["provider", "provider"], "error": null, "la": "1.68", "prov": {"attempts": 0, "reached": 0}}
[2m2026-10-03T14:06:24.999955Z[0m [33m WARN[0m [2mcua_driver_sdk::runtime[0m[2m:[0m could not activate the persistent AT-SPI listener: AT-SPI connect failed: ZBus Error: MethodError(OwnedErrorName("org.freedesktop.DBus.Error.NameHasNoOwner"), Some("Could not activate remote peer 'org.a11y.atspi.Registry': unit failed"), Msg { type: Error, serial: 4294967295, sender: UniqueName("org.freedesktop.DBus"), reply-serial: 9, body: Str, fds: [] })
[2m2026-10-03T14:06:25.006401Z[0m [33m WARN[0m [2mplatform_linux::overlay[0m[2m:[0m X11 overlay: root reads cannot see this window's own pixels; save-unders will be served without readback confirmation

✨ cua-driver v0.33.0 is available (you have v0.32.0).
   Update with: cua-driver update
   Release notes: https://github.com/trycua/cua/releases/tag/cua-driver-rs-v0.33.0

{"trial": "Q052-modal-COMP-measured-r22", "mode": "step", "outcome": "verified", "oracle_exact_match": true, "completion_mutations": 1, "routes": ["provider", "provider"], "error": null, "la": "1.87", "prov": {"attempts": 0, "reached": 0}}
[2m2026-10-03T14:06:26.094119Z[0m [33m WARN[0m [2mcua_driver_sdk::runtime[0m[2m:[0m could not activate the persistent AT-SPI listener: AT-SPI connect failed: ZBus Error: MethodError(OwnedErrorName("org.freedesktop.DBus.Error.NameHasNoOwner"), Some("Could not activate remote peer 'org.a11y.atspi.Registry': unit failed"), Msg { type: Error, serial: 4294967295, sender: UniqueName("org.freedesktop.DBus"), reply-serial: 9, body: Str, fds: [] })
[2m2026-10-03T14:06:26.101071Z[0m [33m WARN[0m [2mplatform_linux::overlay[0m[2m:[0m X11 overlay: root reads cannot see this window's own pixels; save-unders will be served without readback confirmation

✨ cua-driver v0.33.0 is available (you have v0.32.0).
   Update with: cua-driver update
   Release notes: https://github.com/trycua/cua/releases/tag/cua-driver-rs-v0.33.0

{"trial": "Q053-modal-COMP_CR-warm-r22", "kind": "warm", "outcome": "verified", "routine_outcome": "verified", "oracle_exact_match": true, "completion_mutations": 1, "routes": ["compiled"], "error": null, "la": "1.87", "dec": 0, "prov": {"attempts": 0, "reached": 0}}
[2m2026-10-03T14:06:27.178876Z[0m [33m WARN[0m [2mcua_driver_sdk::runtime[0m[2m:[0m could not activate the persistent AT-SPI listener: AT-SPI connect failed: ZBus Error: MethodError(OwnedErrorName("org.freedesktop.DBus.Error.NameHasNoOwner"), Some("Could not activate remote peer 'org.a11y.atspi.Registry': unit failed"), Msg { type: Error, serial: 4294967295, sender: UniqueName("org.freedesktop.DBus"), reply-serial: 9, body: Str, fds: [] })
[2m2026-10-03T14:06:27.185713Z[0m [33m WARN[0m [2mplatform_linux::overlay[0m[2m:[0m X11 overlay: root reads cannot see this window's own pixels; save-unders will be served without readback confirmation

✨ cua-driver v0.33.0 is available (you have v0.32.0).
   Update with: cua-driver update
   Release notes: https://github.com/trycua/cua/releases/tag/cua-driver-rs-v0.33.0

{"trial": "Q054-toggle-COMP-measured-r22", "mode": "step", "outcome": "verified", "oracle_exact_match": true, "completion_mutations": 1, "routes": ["provider", "provider"], "error": null, "la": "1.87", "prov": {"attempts": 0, "reached": 0}}
[2m2026-10-03T14:06:28.273283Z[0m [33m WARN[0m [2mcua_driver_sdk::runtime[0m[2m:[0m could not activate the persistent AT-SPI listener: AT-SPI connect failed: ZBus Error: MethodError(OwnedErrorName("org.freedesktop.DBus.Error.NameHasNoOwner"), Some("Could not activate remote peer 'org.a11y.atspi.Registry': unit failed"), Msg { type: Error, serial: 4294967295, sender: UniqueName("org.freedesktop.DBus"), reply-serial: 9, body: Str, fds: [] })
[2m2026-10-03T14:06:28.280200Z[0m [33m WARN[0m [2mplatform_linux::overlay[0m[2m:[0m X11 overlay: root reads cannot see this window's own pixels; save-unders will be served without readback confirmation

✨ cua-driver v0.33.0 is available (you have v0.32.0).
   Update with: cua-driver update
   Release notes: https://github.com/trycua/cua/releases/tag/cua-driver-rs-v0.33.0

{"trial": "Q055-toggle-COMP_CR-warm-r22", "kind": "warm", "outcome": "verified", "routine_outcome": "verified", "oracle_exact_match": true, "completion_mutations": 1, "routes": ["compiled"], "error": null, "la": "1.87", "dec": 0, "prov": {"attempts": 0, "reached": 0}}
[2m2026-10-03T14:06:29.365736Z[0m [33m WARN[0m [2mcua_driver_sdk::runtime[0m[2m:[0m could not activate the persistent AT-SPI listener: AT-SPI connect failed: ZBus Error: MethodError(OwnedErrorName("org.freedesktop.DBus.Error.NameHasNoOwner"), Some("Could not activate remote peer 'org.a11y.atspi.Registry': unit failed"), Msg { type: Error, serial: 4294967295, sender: UniqueName("org.freedesktop.DBus"), reply-serial: 9, body: Str, fds: [] })
[2m2026-10-03T14:06:29.372962Z[0m [33m WARN[0m [2mplatform_linux::overlay[0m[2m:[0m X11 overlay: root reads cannot see this window's own pixels; save-unders will be served without readback confirmation

✨ cua-driver v0.33.0 is available (you have v0.32.0).
   Update with: cua-driver update
   Release notes: https://github.com/trycua/cua/releases/tag/cua-driver-rs-v0.33.0

{"trial": "Q056-modal-COMP_CR-warm-r23", "kind": "warm", "outcome": "verified", "routine_outcome": "verified", "oracle_exact_match": true, "completion_mutations": 1, "routes": ["compiled"], "error": null, "la": "1.80", "dec": 0, "prov": {"attempts": 0, "reached": 0}}
[2m2026-10-03T14:06:30.457762Z[0m [33m WARN[0m [2mcua_driver_sdk::runtime[0m[2m:[0m could not activate the persistent AT-SPI listener: AT-SPI connect failed: ZBus Error: MethodError(OwnedErrorName("org.freedesktop.DBus.Error.NameHasNoOwner"), Some("Could not activate remote peer 'org.a11y.atspi.Registry': unit failed"), Msg { type: Error, serial: 4294967295, sender: UniqueName("org.freedesktop.DBus"), reply-serial: 9, body: Str, fds: [] })
[2m2026-10-03T14:06:30.465066Z[0m [33m WARN[0m [2mplatform_linux::overlay[0m[2m:[0m X11 overlay: root reads cannot see this window's own pixels; save-unders will be served without readback confirmation

✨ cua-driver v0.33.0 is available (you have v0.32.0).
   Update with: cua-driver update
   Release notes: https://github.com/trycua/cua/releases/tag/cua-driver-rs-v0.33.0

{"trial": "Q057-modal-COMP-measured-r23", "mode": "step", "outcome": "verified", "oracle_exact_match": true, "completion_mutations": 1, "routes": ["provider", "provider"], "error": null, "la": "1.80", "prov": {"attempts": 0, "reached": 0}}
[2m2026-10-03T14:06:31.552221Z[0m [33m WARN[0m [2mcua_driver_sdk::runtime[0m[2m:[0m could not activate the persistent AT-SPI listener: AT-SPI connect failed: ZBus Error: MethodError(OwnedErrorName("org.freedesktop.DBus.Error.NameHasNoOwner"), Some("Could not activate remote peer 'org.a11y.atspi.Registry': unit failed"), Msg { type: Error, serial: 4294967295, sender: UniqueName("org.freedesktop.DBus"), reply-serial: 9, body: Str, fds: [] })
[2m2026-10-03T14:06:31.558744Z[0m [33m WARN[0m [2mplatform_linux::overlay[0m[2m:[0m X11 overlay: root reads cannot see this window's own pixels; save-unders will be served without readback confirmation

✨ cua-driver v0.33.0 is available (you have v0.32.0).
   Update with: cua-driver update
   Release notes: https://github.com/trycua/cua/releases/tag/cua-driver-rs-v0.33.0

{"trial": "Q058-modal-COMP-measured-r24", "mode": "step", "outcome": "verified", "oracle_exact_match": true, "completion_mutations": 1, "routes": ["provider", "provider"], "error": null, "la": "1.80", "prov": {"attempts": 0, "reached": 0}}
[2m2026-10-03T14:06:32.651293Z[0m [33m WARN[0m [2mcua_driver_sdk::runtime[0m[2m:[0m could not activate the persistent AT-SPI listener: AT-SPI connect failed: ZBus Error: MethodError(OwnedErrorName("org.freedesktop.DBus.Error.NameHasNoOwner"), Some("Could not activate remote peer 'org.a11y.atspi.Registry': unit failed"), Msg { type: Error, serial: 4294967295, sender: UniqueName("org.freedesktop.DBus"), reply-serial: 9, body: Str, fds: [] })
[2m2026-10-03T14:06:32.658388Z[0m [33m WARN[0m [2mplatform_linux::overlay[0m[2m:[0m X11 overlay: root reads cannot see this window's own pixels; save-unders will be served without readback confirmation

✨ cua-driver v0.33.0 is available (you have v0.32.0).
   Update with: cua-driver update
   Release notes: https://github.com/trycua/cua/releases/tag/cua-driver-rs-v0.33.0

{"trial": "Q059-modal-COMP_CR-warm-r24", "kind": "warm", "outcome": "verified", "routine_outcome": "verified", "oracle_exact_match": true, "completion_mutations": 1, "routes": ["compiled"], "error": null, "la": "1.80", "dec": 0, "prov": {"attempts": 0, "reached": 0}}
[2m2026-10-03T14:06:33.776188Z[0m [33m WARN[0m [2mcua_driver_sdk::runtime[0m[2m:[0m could not activate the persistent AT-SPI listener: AT-SPI connect failed: ZBus Error: MethodError(OwnedErrorName("org.freedesktop.DBus.Error.NameHasNoOwner"), Some("Could not activate remote peer 'org.a11y.atspi.Registry': unit failed"), Msg { type: Error, serial: 4294967295, sender: UniqueName("org.freedesktop.DBus"), reply-serial: 9, body: Str, fds: [] })
[2m2026-10-03T14:06:33.782504Z[0m [33m WARN[0m [2mplatform_linux::overlay[0m[2m:[0m X11 overlay: root reads cannot see this window's own pixels; save-unders will be served without readback confirmation

✨ cua-driver v0.33.0 is available (you have v0.32.0).
   Update with: cua-driver update
   Release notes: https://github.com/trycua/cua/releases/tag/cua-driver-rs-v0.33.0

{"trial": "Q060-modal-COMP_CR-warm-r25", "kind": "warm", "outcome": "verified", "routine_outcome": "verified", "oracle_exact_match": true, "completion_mutations": 1, "routes": ["compiled"], "error": null, "la": "1.80", "dec": 0, "prov": {"attempts": 0, "reached": 0}}
[2m2026-10-03T14:06:34.864790Z[0m [33m WARN[0m [2mcua_driver_sdk::runtime[0m[2m:[0m could not activate the persistent AT-SPI listener: AT-SPI connect failed: ZBus Error: MethodError(OwnedErrorName("org.freedesktop.DBus.Error.NameHasNoOwner"), Some("Could not activate remote peer 'org.a11y.atspi.Registry': unit failed"), Msg { type: Error, serial: 4294967295, sender: UniqueName("org.freedesktop.DBus"), reply-serial: 9, body: Str, fds: [] })
[2m2026-10-03T14:06:34.871255Z[0m [33m WARN[0m [2mplatform_linux::overlay[0m[2m:[0m X11 overlay: root reads cannot see this window's own pixels; save-unders will be served without readback confirmation

✨ cua-driver v0.33.0 is available (you have v0.32.0).
   Update with: cua-driver update
   Release notes: https://github.com/trycua/cua/releases/tag/cua-driver-rs-v0.33.0

{"trial": "Q061-modal-COMP-measured-r25", "mode": "step", "outcome": "verified", "oracle_exact_match": true, "completion_mutations": 1, "routes": ["provider", "provider"], "error": null, "la": "2.37", "prov": {"attempts": 0, "reached": 0}}
[2m2026-10-03T14:06:35.989949Z[0m [33m WARN[0m [2mcua_driver_sdk::runtime[0m[2m:[0m could not activate the persistent AT-SPI listener: AT-SPI connect failed: ZBus Error: MethodError(OwnedErrorName("org.freedesktop.DBus.Error.NameHasNoOwner"), Some("Could not activate remote peer 'org.a11y.atspi.Registry': unit failed"), Msg { type: Error, serial: 4294967295, sender: UniqueName("org.freedesktop.DBus"), reply-serial: 9, body: Str, fds: [] })
[2m2026-10-03T14:06:35.996744Z[0m [33m WARN[0m [2mplatform_linux::overlay[0m[2m:[0m X11 overlay: root reads cannot see this window's own pixels; save-unders will be served without readback confirmation

✨ cua-driver v0.33.0 is available (you have v0.32.0).
   Update with: cua-driver update
   Release notes: https://github.com/trycua/cua/releases/tag/cua-driver-rs-v0.33.0

{"trial": "Q062-modal-COMP-measured-r26", "mode": "step", "outcome": "verified", "oracle_exact_match": true, "completion_mutations": 1, "routes": ["provider", "provider"], "error": null, "la": "2.37", "prov": {"attempts": 0, "reached": 0}}
[2m2026-10-03T14:06:37.085711Z[0m [33m WARN[0m [2mcua_driver_sdk::runtime[0m[2m:[0m could not activate the persistent AT-SPI listener: AT-SPI connect failed: ZBus Error: MethodError(OwnedErrorName("org.freedesktop.DBus.Error.NameHasNoOwner"), Some("Could not activate remote peer 'org.a11y.atspi.Registry': unit failed"), Msg { type: Error, serial: 4294967295, sender: UniqueName("org.freedesktop.DBus"), reply-serial: 9, body: Str, fds: [] })
[2m2026-10-03T14:06:37.092383Z[0m [33m WARN[0m [2mplatform_linux::overlay[0m[2m:[0m X11 overlay: root reads cannot see this window's own pixels; save-unders will be served without readback confirmation

✨ cua-driver v0.33.0 is available (you have v0.32.0).
   Update with: cua-driver update
   Release notes: https://github.com/trycua/cua/releases/tag/cua-driver-rs-v0.33.0

{"trial": "Q063-modal-COMP_CR-warm-r26", "kind": "warm", "outcome": "verified", "routine_outcome": "verified", "oracle_exact_match": true, "completion_mutations": 1, "routes": ["compiled"], "error": null, "la": "2.37", "dec": 0, "prov": {"attempts": 0, "reached": 0}}
[2m2026-10-03T14:06:38.178085Z[0m [33m WARN[0m [2mcua_driver_sdk::runtime[0m[2m:[0m could not activate the persistent AT-SPI listener: AT-SPI connect failed: ZBus Error: MethodError(OwnedErrorName("org.freedesktop.DBus.Error.NameHasNoOwner"), Some("Could not activate remote peer 'org.a11y.atspi.Registry': unit failed"), Msg { type: Error, serial: 4294967295, sender: UniqueName("org.freedesktop.DBus"), reply-serial: 9, body: Str, fds: [] })
[2m2026-10-03T14:06:38.185076Z[0m [33m WARN[0m [2mplatform_linux::overlay[0m[2m:[0m X11 overlay: root reads cannot see this window's own pixels; save-unders will be served without readback confirmation

✨ cua-driver v0.33.0 is available (you have v0.32.0).
   Update with: cua-driver update
   Release notes: https://github.com/trycua/cua/releases/tag/cua-driver-rs-v0.33.0

{"trial": "Q064-modal-COMP_CR-warm-r27", "kind": "warm", "outcome": "verified", "routine_outcome": "verified", "oracle_exact_match": true, "completion_mutations": 1, "routes": ["compiled"], "error": null, "la": "2.37", "dec": 0, "prov": {"attempts": 0, "reached": 0}}
[2m2026-10-03T14:06:39.264098Z[0m [33m WARN[0m [2mcua_driver_sdk::runtime[0m[2m:[0m could not activate the persistent AT-SPI listener: AT-SPI connect failed: ZBus Error: MethodError(OwnedErrorName("org.freedesktop.DBus.Error.NameHasNoOwner"), Some("Could not activate remote peer 'org.a11y.atspi.Registry': unit failed"), Msg { type: Error, serial: 4294967295, sender: UniqueName("org.freedesktop.DBus"), reply-serial: 9, body: Str, fds: [] })
[2m2026-10-03T14:06:39.270611Z[0m [33m WARN[0m [2mplatform_linux::overlay[0m[2m:[0m X11 overlay: root reads cannot see this window's own pixels; save-unders will be served without readback confirmation

✨ cua-driver v0.33.0 is available (you have v0.32.0).
   Update with: cua-driver update
   Release notes: https://github.com/trycua/cua/releases/tag/cua-driver-rs-v0.33.0

{"trial": "Q065-modal-COMP-measured-r27", "mode": "step", "outcome": "verified", "oracle_exact_match": true, "completion_mutations": 1, "routes": ["provider", "provider"], "error": null, "la": "2.37", "prov": {"attempts": 0, "reached": 0}}
[2m2026-10-03T14:06:40.356947Z[0m [33m WARN[0m [2mcua_driver_sdk::runtime[0m[2m:[0m could not activate the persistent AT-SPI listener: AT-SPI connect failed: ZBus Error: MethodError(OwnedErrorName("org.freedesktop.DBus.Error.NameHasNoOwner"), Some("Could not activate remote peer 'org.a11y.atspi.Registry': unit failed"), Msg { type: Error, serial: 4294967295, sender: UniqueName("org.freedesktop.DBus"), reply-serial: 9, body: Str, fds: [] })
[2m2026-10-03T14:06:40.363816Z[0m [33m WARN[0m [2mplatform_linux::overlay[0m[2m:[0m X11 overlay: root reads cannot see this window's own pixels; save-unders will be served without readback confirmation

✨ cua-driver v0.33.0 is available (you have v0.32.0).
   Update with: cua-driver update
   Release notes: https://github.com/trycua/cua/releases/tag/cua-driver-rs-v0.33.0

{"trial": "Q066-modal-COMP-measured-r28", "mode": "step", "outcome": "verified", "oracle_exact_match": true, "completion_mutations": 1, "routes": ["provider", "provider"], "error": null, "la": "2.42", "prov": {"attempts": 0, "reached": 0}}
[2m2026-10-03T14:06:41.452158Z[0m [33m WARN[0m [2mcua_driver_sdk::runtime[0m[2m:[0m could not activate the persistent AT-SPI listener: AT-SPI connect failed: ZBus Error: MethodError(OwnedErrorName("org.freedesktop.DBus.Error.NameHasNoOwner"), Some("Could not activate remote peer 'org.a11y.atspi.Registry': unit failed"), Msg { type: Error, serial: 4294967295, sender: UniqueName("org.freedesktop.DBus"), reply-serial: 9, body: Str, fds: [] })
[2m2026-10-03T14:06:41.459037Z[0m [33m WARN[0m [2mplatform_linux::overlay[0m[2m:[0m X11 overlay: root reads cannot see this window's own pixels; save-unders will be served without readback confirmation

✨ cua-driver v0.33.0 is available (you have v0.32.0).
   Update with: cua-driver update
   Release notes: https://github.com/trycua/cua/releases/tag/cua-driver-rs-v0.33.0

{"trial": "Q067-modal-COMP_CR-warm-r28", "kind": "warm", "outcome": "verified", "routine_outcome": "verified", "oracle_exact_match": true, "completion_mutations": 1, "routes": ["compiled"], "error": null, "la": "2.42", "dec": 0, "prov": {"attempts": 0, "reached": 0}}
[2m2026-10-03T14:06:42.548028Z[0m [33m WARN[0m [2mcua_driver_sdk::runtime[0m[2m:[0m could not activate the persistent AT-SPI listener: AT-SPI connect failed: ZBus Error: MethodError(OwnedErrorName("org.freedesktop.DBus.Error.NameHasNoOwner"), Some("Could not activate remote peer 'org.a11y.atspi.Registry': unit failed"), Msg { type: Error, serial: 4294967295, sender: UniqueName("org.freedesktop.DBus"), reply-serial: 9, body: Str, fds: [] })
[2m2026-10-03T14:06:42.555668Z[0m [33m WARN[0m [2mplatform_linux::overlay[0m[2m:[0m X11 overlay: root reads cannot see this window's own pixels; save-unders will be served without readback confirmation

✨ cua-driver v0.33.0 is available (you have v0.32.0).
   Update with: cua-driver update
   Release notes: https://github.com/trycua/cua/releases/tag/cua-driver-rs-v0.33.0

{"trial": "Q068-toggle-COMP_CR-warm-r29", "kind": "warm", "outcome": "verified", "routine_outcome": "verified", "oracle_exact_match": true, "completion_mutations": 1, "routes": ["compiled"], "error": null, "la": "2.42", "dec": 0, "prov": {"attempts": 0, "reached": 0}}
[2m2026-10-03T14:06:43.644427Z[0m [33m WARN[0m [2mcua_driver_sdk::runtime[0m[2m:[0m could not activate the persistent AT-SPI listener: AT-SPI connect failed: ZBus Error: MethodError(OwnedErrorName("org.freedesktop.DBus.Error.NameHasNoOwner"), Some("Could not activate remote peer 'org.a11y.atspi.Registry': unit failed"), Msg { type: Error, serial: 4294967295, sender: UniqueName("org.freedesktop.DBus"), reply-serial: 9, body: Str, fds: [] })
[2m2026-10-03T14:06:43.651117Z[0m [33m WARN[0m [2mplatform_linux::overlay[0m[2m:[0m X11 overlay: root reads cannot see this window's own pixels; save-unders will be served without readback confirmation

✨ cua-driver v0.33.0 is available (you have v0.32.0).
   Update with: cua-driver update
   Release notes: https://github.com/trycua/cua/releases/tag/cua-driver-rs-v0.33.0

{"trial": "Q069-toggle-COMP-measured-r29", "mode": "step", "outcome": "verified", "oracle_exact_match": true, "completion_mutations": 1, "routes": ["provider", "provider"], "error": null, "la": "2.42", "prov": {"attempts": 0, "reached": 0}}
[2m2026-10-03T14:06:44.732592Z[0m [33m WARN[0m [2mcua_driver_sdk::runtime[0m[2m:[0m could not activate the persistent AT-SPI listener: AT-SPI connect failed: ZBus Error: MethodError(OwnedErrorName("org.freedesktop.DBus.Error.NameHasNoOwner"), Some("Could not activate remote peer 'org.a11y.atspi.Registry': unit failed"), Msg { type: Error, serial: 4294967295, sender: UniqueName("org.freedesktop.DBus"), reply-serial: 9, body: Str, fds: [] })
[2m2026-10-03T14:06:44.739707Z[0m [33m WARN[0m [2mplatform_linux::overlay[0m[2m:[0m X11 overlay: root reads cannot see this window's own pixels; save-unders will be served without readback confirmation

✨ cua-driver v0.33.0 is available (you have v0.32.0).
   Update with: cua-driver update
   Release notes: https://github.com/trycua/cua/releases/tag/cua-driver-rs-v0.33.0

{"trial": "Q070-modal-COMP_CR-warm-r29", "kind": "warm", "outcome": "verified", "routine_outcome": "verified", "oracle_exact_match": true, "completion_mutations": 1, "routes": ["compiled"], "error": null, "la": "2.39", "dec": 0, "prov": {"attempts": 0, "reached": 0}}
[2m2026-10-03T14:06:45.855275Z[0m [33m WARN[0m [2mcua_driver_sdk::runtime[0m[2m:[0m could not activate the persistent AT-SPI listener: AT-SPI connect failed: ZBus Error: MethodError(OwnedErrorName("org.freedesktop.DBus.Error.NameHasNoOwner"), Some("Could not activate remote peer 'org.a11y.atspi.Registry': unit failed"), Msg { type: Error, serial: 4294967295, sender: UniqueName("org.freedesktop.DBus"), reply-serial: 9, body: Str, fds: [] })
[2m2026-10-03T14:06:45.863093Z[0m [33m WARN[0m [2mplatform_linux::overlay[0m[2m:[0m X11 overlay: root reads cannot see this window's own pixels; save-unders will be served without readback confirmation

✨ cua-driver v0.33.0 is available (you have v0.32.0).
   Update with: cua-driver update
   Release notes: https://github.com/trycua/cua/releases/tag/cua-driver-rs-v0.33.0

{"trial": "Q071-modal-COMP-measured-r29", "mode": "step", "outcome": "verified", "oracle_exact_match": true, "completion_mutations": 1, "routes": ["provider", "provider"], "error": null, "la": "2.39", "prov": {"attempts": 0, "reached": 0}}
[2m2026-10-03T14:06:46.956123Z[0m [33m WARN[0m [2mcua_driver_sdk::runtime[0m[2m:[0m could not activate the persistent AT-SPI listener: AT-SPI connect failed: ZBus Error: MethodError(OwnedErrorName("org.freedesktop.DBus.Error.NameHasNoOwner"), Some("Could not activate remote peer 'org.a11y.atspi.Registry': unit failed"), Msg { type: Error, serial: 4294967295, sender: UniqueName("org.freedesktop.DBus"), reply-serial: 9, body: Str, fds: [] })
[2m2026-10-03T14:06:46.963345Z[0m [33m WARN[0m [2mplatform_linux::overlay[0m[2m:[0m X11 overlay: root reads cannot see this window's own pixels; save-unders will be served without readback confirmation

✨ cua-driver v0.33.0 is available (you have v0.32.0).
   Update with: cua-driver update
   Release notes: https://github.com/trycua/cua/releases/tag/cua-driver-rs-v0.33.0

{"trial": "Q072-modal-COMP-measured-r30", "mode": "step", "outcome": "verified", "oracle_exact_match": true, "completion_mutations": 1, "routes": ["provider", "provider"], "error": null, "la": "2.39", "prov": {"attempts": 0, "reached": 0}}
[2m2026-10-03T14:06:48.049392Z[0m [33m WARN[0m [2mcua_driver_sdk::runtime[0m[2m:[0m could not activate the persistent AT-SPI listener: AT-SPI connect failed: ZBus Error: MethodError(OwnedErrorName("org.freedesktop.DBus.Error.NameHasNoOwner"), Some("Could not activate remote peer 'org.a11y.atspi.Registry': unit failed"), Msg { type: Error, serial: 4294967295, sender: UniqueName("org.freedesktop.DBus"), reply-serial: 9, body: Str, fds: [] })
[2m2026-10-03T14:06:48.055992Z[0m [33m WARN[0m [2mplatform_linux::overlay[0m[2m:[0m X11 overlay: root reads cannot see this window's own pixels; save-unders will be served without readback confirmation

✨ cua-driver v0.33.0 is available (you have v0.32.0).
   Update with: cua-driver update
   Release notes: https://github.com/trycua/cua/releases/tag/cua-driver-rs-v0.33.0

{"trial": "Q073-modal-COMP_CR-warm-r30", "kind": "warm", "outcome": "verified", "routine_outcome": "verified", "oracle_exact_match": true, "completion_mutations": 1, "routes": ["compiled"], "error": null, "la": "2.39", "dec": 0, "prov": {"attempts": 0, "reached": 0}}
[2m2026-10-03T14:06:49.147726Z[0m [33m WARN[0m [2mcua_driver_sdk::runtime[0m[2m:[0m could not activate the persistent AT-SPI listener: AT-SPI connect failed: ZBus Error: MethodError(OwnedErrorName("org.freedesktop.DBus.Error.NameHasNoOwner"), Some("Could not activate remote peer 'org.a11y.atspi.Registry': unit failed"), Msg { type: Error, serial: 4294967295, sender: UniqueName("org.freedesktop.DBus"), reply-serial: 9, body: Str, fds: [] })
[2m2026-10-03T14:06:49.154426Z[0m [33m WARN[0m [2mplatform_linux::overlay[0m[2m:[0m X11 overlay: root reads cannot see this window's own pixels; save-unders will be served without readback confirmation

✨ cua-driver v0.33.0 is available (you have v0.32.0).
   Update with: cua-driver update
   Release notes: https://github.com/trycua/cua/releases/tag/cua-driver-rs-v0.33.0

{"trial": "Q074-modal-COMP_CR-warm-r31", "kind": "warm", "outcome": "verified", "routine_outcome": "verified", "oracle_exact_match": true, "completion_mutations": 1, "routes": ["compiled"], "error": null, "la": "2.39", "dec": 0, "prov": {"attempts": 0, "reached": 0}}
[2m2026-10-03T14:06:50.232619Z[0m [33m WARN[0m [2mcua_driver_sdk::runtime[0m[2m:[0m could not activate the persistent AT-SPI listener: AT-SPI connect failed: ZBus Error: MethodError(OwnedErrorName("org.freedesktop.DBus.Error.NameHasNoOwner"), Some("Could not activate remote peer 'org.a11y.atspi.Registry': unit failed"), Msg { type: Error, serial: 4294967295, sender: UniqueName("org.freedesktop.DBus"), reply-serial: 9, body: Str, fds: [] })
[2m2026-10-03T14:06:50.239298Z[0m [33m WARN[0m [2mplatform_linux::overlay[0m[2m:[0m X11 overlay: root reads cannot see this window's own pixels; save-unders will be served without readback confirmation

✨ cua-driver v0.33.0 is available (you have v0.32.0).
   Update with: cua-driver update
   Release notes: https://github.com/trycua/cua/releases/tag/cua-driver-rs-v0.33.0

{"trial": "Q075-modal-COMP-measured-r31", "mode": "step", "outcome": "verified", "oracle_exact_match": true, "completion_mutations": 1, "routes": ["provider", "provider"], "error": null, "la": "2.28", "prov": {"attempts": 0, "reached": 0}}
[2m2026-10-03T14:06:51.325445Z[0m [33m WARN[0m [2mcua_driver_sdk::runtime[0m[2m:[0m could not activate the persistent AT-SPI listener: AT-SPI connect failed: ZBus Error: MethodError(OwnedErrorName("org.freedesktop.DBus.Error.NameHasNoOwner"), Some("Could not activate remote peer 'org.a11y.atspi.Registry': unit failed"), Msg { type: Error, serial: 4294967295, sender: UniqueName("org.freedesktop.DBus"), reply-serial: 9, body: Str, fds: [] })
[2m2026-10-03T14:06:51.332224Z[0m [33m WARN[0m [2mplatform_linux::overlay[0m[2m:[0m X11 overlay: root reads cannot see this window's own pixels; save-unders will be served without readback confirmation

✨ cua-driver v0.33.0 is available (you have v0.32.0).
   Update with: cua-driver update
   Release notes: https://github.com/trycua/cua/releases/tag/cua-driver-rs-v0.33.0

{"trial": "Q076-modal-COMP-measured-r32", "mode": "step", "outcome": "verified", "oracle_exact_match": true, "completion_mutations": 1, "routes": ["provider", "provider"], "error": null, "la": "2.28", "prov": {"attempts": 0, "reached": 0}}
[2m2026-10-03T14:06:52.967558Z[0m [33m WARN[0m [2mcua_driver_sdk::runtime[0m[2m:[0m could not activate the persistent AT-SPI listener: AT-SPI connect failed: ZBus Error: MethodError(OwnedErrorName("org.freedesktop.DBus.Error.NameHasNoOwner"), Some("Could not activate remote peer 'org.a11y.atspi.Registry': unit failed"), Msg { type: Error, serial: 4294967295, sender: UniqueName("org.freedesktop.DBus"), reply-serial: 9, body: Str, fds: [] })
[2m2026-10-03T14:06:52.974165Z[0m [33m WARN[0m [2mplatform_linux::overlay[0m[2m:[0m X11 overlay: root reads cannot see this window's own pixels; save-unders will be served without readback confirmation

✨ cua-driver v0.33.0 is available (you have v0.32.0).
   Update with: cua-driver update
   Release notes: https://github.com/trycua/cua/releases/tag/cua-driver-rs-v0.33.0

{"trial": "Q077-modal-COMP_CR-warm-r32", "kind": "warm", "outcome": "verified", "routine_outcome": "verified", "oracle_exact_match": true, "completion_mutations": 1, "routes": ["compiled"], "error": null, "la": "2.28", "dec": 0, "prov": {"attempts": 0, "reached": 0}}
[2m2026-10-03T14:06:54.061980Z[0m [33m WARN[0m [2mcua_driver_sdk::runtime[0m[2m:[0m could not activate the persistent AT-SPI listener: AT-SPI connect failed: ZBus Error: MethodError(OwnedErrorName("org.freedesktop.DBus.Error.NameHasNoOwner"), Some("Could not activate remote peer 'org.a11y.atspi.Registry': unit failed"), Msg { type: Error, serial: 4294967295, sender: UniqueName("org.freedesktop.DBus"), reply-serial: 9, body: Str, fds: [] })
[2m2026-10-03T14:06:54.068912Z[0m [33m WARN[0m [2mplatform_linux::overlay[0m[2m:[0m X11 overlay: root reads cannot see this window's own pixels; save-unders will be served without readback confirmation

✨ cua-driver v0.33.0 is available (you have v0.32.0).
   Update with: cua-driver update
   Release notes: https://github.com/trycua/cua/releases/tag/cua-driver-rs-v0.33.0

{"trial": "Q078-modal-COMP_CR-warm-r33", "kind": "warm", "outcome": "verified", "routine_outcome": "verified", "oracle_exact_match": true, "completion_mutations": 1, "routes": ["compiled"], "error": null, "la": "2.28", "dec": 0, "prov": {"attempts": 0, "reached": 0}}
[2m2026-10-03T14:06:55.156767Z[0m [33m WARN[0m [2mcua_driver_sdk::runtime[0m[2m:[0m could not activate the persistent AT-SPI listener: AT-SPI connect failed: ZBus Error: MethodError(OwnedErrorName("org.freedesktop.DBus.Error.NameHasNoOwner"), Some("Could not activate remote peer 'org.a11y.atspi.Registry': unit failed"), Msg { type: Error, serial: 4294967295, sender: UniqueName("org.freedesktop.DBus"), reply-serial: 9, body: Str, fds: [] })
[2m2026-10-03T14:06:55.163047Z[0m [33m WARN[0m [2mplatform_linux::overlay[0m[2m:[0m X11 overlay: root reads cannot see this window's own pixels; save-unders will be served without readback confirmation

✨ cua-driver v0.33.0 is available (you have v0.32.0).
   Update with: cua-driver update
   Release notes: https://github.com/trycua/cua/releases/tag/cua-driver-rs-v0.33.0

{"trial": "Q079-modal-COMP-measured-r33", "mode": "step", "outcome": "verified", "oracle_exact_match": true, "completion_mutations": 1, "routes": ["provider", "provider"], "error": null, "la": "2.18", "prov": {"attempts": 0, "reached": 0}}
[2m2026-10-03T14:06:56.264433Z[0m [33m WARN[0m [2mcua_driver_sdk::runtime[0m[2m:[0m could not activate the persistent AT-SPI listener: AT-SPI connect failed: ZBus Error: MethodError(OwnedErrorName("org.freedesktop.DBus.Error.NameHasNoOwner"), Some("Could not activate remote peer 'org.a11y.atspi.Registry': unit failed"), Msg { type: Error, serial: 4294967295, sender: UniqueName("org.freedesktop.DBus"), reply-serial: 9, body: Str, fds: [] })
[2m2026-10-03T14:06:56.272262Z[0m [33m WARN[0m [2mplatform_linux::overlay[0m[2m:[0m X11 overlay: root reads cannot see this window's own pixels; save-unders will be served without readback confirmation

✨ cua-driver v0.33.0 is available (you have v0.32.0).
   Update with: cua-driver update
   Release notes: https://github.com/trycua/cua/releases/tag/cua-driver-rs-v0.33.0

{"trial": "Q080-modal-COMP-measured-r34", "mode": "step", "outcome": "verified", "oracle_exact_match": true, "completion_mutations": 1, "routes": ["provider", "provider"], "error": null, "la": "2.18", "prov": {"attempts": 0, "reached": 0}}
[2m2026-10-03T14:06:57.356795Z[0m [33m WARN[0m [2mcua_driver_sdk::runtime[0m[2m:[0m could not activate the persistent AT-SPI listener: AT-SPI connect failed: ZBus Error: MethodError(OwnedErrorName("org.freedesktop.DBus.Error.NameHasNoOwner"), Some("Could not activate remote peer 'org.a11y.atspi.Registry': unit failed"), Msg { type: Error, serial: 4294967295, sender: UniqueName("org.freedesktop.DBus"), reply-serial: 9, body: Str, fds: [] })
[2m2026-10-03T14:06:57.363874Z[0m [33m WARN[0m [2mplatform_linux::overlay[0m[2m:[0m X11 overlay: root reads cannot see this window's own pixels; save-unders will be served without readback confirmation

✨ cua-driver v0.33.0 is available (you have v0.32.0).
   Update with: cua-driver update
   Release notes: https://github.com/trycua/cua/releases/tag/cua-driver-rs-v0.33.0

{"trial": "Q081-modal-COMP_CR-warm-r34", "kind": "warm", "outcome": "verified", "routine_outcome": "verified", "oracle_exact_match": true, "completion_mutations": 1, "routes": ["compiled"], "error": null, "la": "2.18", "dec": 0, "prov": {"attempts": 0, "reached": 0}}
[2m2026-10-03T14:06:58.446221Z[0m [33m WARN[0m [2mcua_driver_sdk::runtime[0m[2m:[0m could not activate the persistent AT-SPI listener: AT-SPI connect failed: ZBus Error: MethodError(OwnedErrorName("org.freedesktop.DBus.Error.NameHasNoOwner"), Some("Could not activate remote peer 'org.a11y.atspi.Registry': unit failed"), Msg { type: Error, serial: 4294967295, sender: UniqueName("org.freedesktop.DBus"), reply-serial: 9, body: Str, fds: [] })
[2m2026-10-03T14:06:58.453209Z[0m [33m WARN[0m [2mplatform_linux::overlay[0m[2m:[0m X11 overlay: root reads cannot see this window's own pixels; save-unders will be served without readback confirmation

✨ cua-driver v0.33.0 is available (you have v0.32.0).
   Update with: cua-driver update
   Release notes: https://github.com/trycua/cua/releases/tag/cua-driver-rs-v0.33.0

{"trial": "Q082-toggle-COMP-measured-r34", "mode": "step", "outcome": "verified", "oracle_exact_match": true, "completion_mutations": 1, "routes": ["provider", "provider"], "error": null, "la": "2.18", "prov": {"attempts": 0, "reached": 0}}
[2m2026-10-03T14:07:00.076974Z[0m [33m WARN[0m [2mcua_driver_sdk::runtime[0m[2m:[0m could not activate the persistent AT-SPI listener: AT-SPI connect failed: ZBus Error: MethodError(OwnedErrorName("org.freedesktop.DBus.Error.NameHasNoOwner"), Some("Could not activate remote peer 'org.a11y.atspi.Registry': unit failed"), Msg { type: Error, serial: 4294967295, sender: UniqueName("org.freedesktop.DBus"), reply-serial: 9, body: Str, fds: [] })
[2m2026-10-03T14:07:00.084075Z[0m [33m WARN[0m [2mplatform_linux::overlay[0m[2m:[0m X11 overlay: root reads cannot see this window's own pixels; save-unders will be served without readback confirmation

✨ cua-driver v0.33.0 is available (you have v0.32.0).
   Update with: cua-driver update
   Release notes: https://github.com/trycua/cua/releases/tag/cua-driver-rs-v0.33.0

{"trial": "Q083-toggle-COMP_CR-warm-r34", "kind": "warm", "outcome": "verified", "routine_outcome": "verified", "oracle_exact_match": true, "completion_mutations": 1, "routes": ["compiled"], "error": null, "la": "2.16", "dec": 0, "prov": {"attempts": 0, "reached": 0}}
[2m2026-10-03T14:07:01.170167Z[0m [33m WARN[0m [2mcua_driver_sdk::runtime[0m[2m:[0m could not activate the persistent AT-SPI listener: AT-SPI connect failed: ZBus Error: MethodError(OwnedErrorName("org.freedesktop.DBus.Error.NameHasNoOwner"), Some("Could not activate remote peer 'org.a11y.atspi.Registry': unit failed"), Msg { type: Error, serial: 4294967295, sender: UniqueName("org.freedesktop.DBus"), reply-serial: 9, body: Str, fds: [] })
[2m2026-10-03T14:07:01.177159Z[0m [33m WARN[0m [2mplatform_linux::overlay[0m[2m:[0m X11 overlay: root reads cannot see this window's own pixels; save-unders will be served without readback confirmation

✨ cua-driver v0.33.0 is available (you have v0.32.0).
   Update with: cua-driver update
   Release notes: https://github.com/trycua/cua/releases/tag/cua-driver-rs-v0.33.0

{"trial": "Q084-modal-COMP_CR-warm-r35", "kind": "warm", "outcome": "verified", "routine_outcome": "verified", "oracle_exact_match": true, "completion_mutations": 1, "routes": ["compiled"], "error": null, "la": "2.16", "dec": 0, "prov": {"attempts": 0, "reached": 0}}
[2m2026-10-03T14:07:02.263111Z[0m [33m WARN[0m [2mcua_driver_sdk::runtime[0m[2m:[0m could not activate the persistent AT-SPI listener: AT-SPI connect failed: ZBus Error: MethodError(OwnedErrorName("org.freedesktop.DBus.Error.NameHasNoOwner"), Some("Could not activate remote peer 'org.a11y.atspi.Registry': unit failed"), Msg { type: Error, serial: 4294967295, sender: UniqueName("org.freedesktop.DBus"), reply-serial: 9, body: Str, fds: [] })
[2m2026-10-03T14:07:02.270972Z[0m [33m WARN[0m [2mplatform_linux::overlay[0m[2m:[0m X11 overlay: root reads cannot see this window's own pixels; save-unders will be served without readback confirmation

✨ cua-driver v0.33.0 is available (you have v0.32.0).
   Update with: cua-driver update
   Release notes: https://github.com/trycua/cua/releases/tag/cua-driver-rs-v0.33.0

{"trial": "Q085-modal-COMP-measured-r35", "mode": "step", "outcome": "verified", "oracle_exact_match": true, "completion_mutations": 1, "routes": ["provider", "provider"], "error": null, "la": "2.16", "prov": {"attempts": 0, "reached": 0}}
[2m2026-10-03T14:07:03.364050Z[0m [33m WARN[0m [2mcua_driver_sdk::runtime[0m[2m:[0m could not activate the persistent AT-SPI listener: AT-SPI connect failed: ZBus Error: MethodError(OwnedErrorName("org.freedesktop.DBus.Error.NameHasNoOwner"), Some("Could not activate remote peer 'org.a11y.atspi.Registry': unit failed"), Msg { type: Error, serial: 4294967295, sender: UniqueName("org.freedesktop.DBus"), reply-serial: 9, body: Str, fds: [] })
[2m2026-10-03T14:07:03.370806Z[0m [33m WARN[0m [2mplatform_linux::overlay[0m[2m:[0m X11 overlay: root reads cannot see this window's own pixels; save-unders will be served without readback confirmation

✨ cua-driver v0.33.0 is available (you have v0.32.0).
   Update with: cua-driver update
   Release notes: https://github.com/trycua/cua/releases/tag/cua-driver-rs-v0.33.0

{"trial": "Q086-modal-COMP-measured-r36", "mode": "step", "outcome": "verified", "oracle_exact_match": true, "completion_mutations": 1, "routes": ["provider", "provider"], "error": null, "la": "2.16", "prov": {"attempts": 0, "reached": 0}}
[2m2026-10-03T14:07:04.449068Z[0m [33m WARN[0m [2mcua_driver_sdk::runtime[0m[2m:[0m could not activate the persistent AT-SPI listener: AT-SPI connect failed: ZBus Error: MethodError(OwnedErrorName("org.freedesktop.DBus.Error.NameHasNoOwner"), Some("Could not activate remote peer 'org.a11y.atspi.Registry': unit failed"), Msg { type: Error, serial: 4294967295, sender: UniqueName("org.freedesktop.DBus"), reply-serial: 9, body: Str, fds: [] })
[2m2026-10-03T14:07:04.455470Z[0m [33m WARN[0m [2mplatform_linux::overlay[0m[2m:[0m X11 overlay: root reads cannot see this window's own pixels; save-unders will be served without readback confirmation

✨ cua-driver v0.33.0 is available (you have v0.32.0).
   Update with: cua-driver update
   Release notes: https://github.com/trycua/cua/releases/tag/cua-driver-rs-v0.33.0

{"trial": "Q087-modal-COMP_CR-warm-r36", "kind": "warm", "outcome": "verified", "routine_outcome": "verified", "oracle_exact_match": true, "completion_mutations": 1, "routes": ["compiled"], "error": null, "la": "1.99", "dec": 0, "prov": {"attempts": 0, "reached": 0}}
[2m2026-10-03T14:07:05.557312Z[0m [33m WARN[0m [2mcua_driver_sdk::runtime[0m[2m:[0m could not activate the persistent AT-SPI listener: AT-SPI connect failed: ZBus Error: MethodError(OwnedErrorName("org.freedesktop.DBus.Error.NameHasNoOwner"), Some("Could not activate remote peer 'org.a11y.atspi.Registry': unit failed"), Msg { type: Error, serial: 4294967295, sender: UniqueName("org.freedesktop.DBus"), reply-serial: 9, body: Str, fds: [] })
[2m2026-10-03T14:07:05.564006Z[0m [33m WARN[0m [2mplatform_linux::overlay[0m[2m:[0m X11 overlay: root reads cannot see this window's own pixels; save-unders will be served without readback confirmation

✨ cua-driver v0.33.0 is available (you have v0.32.0).
   Update with: cua-driver update
   Release notes: https://github.com/trycua/cua/releases/tag/cua-driver-rs-v0.33.0

{"trial": "Q088-modal-COMP_CR-warm-r37", "kind": "warm", "outcome": "verified", "routine_outcome": "verified", "oracle_exact_match": true, "completion_mutations": 1, "routes": ["compiled"], "error": null, "la": "1.99", "dec": 0, "prov": {"attempts": 0, "reached": 0}}
[2m2026-10-03T14:07:06.652608Z[0m [33m WARN[0m [2mcua_driver_sdk::runtime[0m[2m:[0m could not activate the persistent AT-SPI listener: AT-SPI connect failed: ZBus Error: MethodError(OwnedErrorName("org.freedesktop.DBus.Error.NameHasNoOwner"), Some("Could not activate remote peer 'org.a11y.atspi.Registry': unit failed"), Msg { type: Error, serial: 4294967295, sender: UniqueName("org.freedesktop.DBus"), reply-serial: 9, body: Str, fds: [] })
[2m2026-10-03T14:07:06.659107Z[0m [33m WARN[0m [2mplatform_linux::overlay[0m[2m:[0m X11 overlay: root reads cannot see this window's own pixels; save-unders will be served without readback confirmation

✨ cua-driver v0.33.0 is available (you have v0.32.0).
   Update with: cua-driver update
   Release notes: https://github.com/trycua/cua/releases/tag/cua-driver-rs-v0.33.0

{"trial": "Q089-modal-COMP-measured-r37", "mode": "step", "outcome": "verified", "oracle_exact_match": true, "completion_mutations": 1, "routes": ["provider", "provider"], "error": null, "la": "1.99", "prov": {"attempts": 0, "reached": 0}}
[2m2026-10-03T14:07:07.744674Z[0m [33m WARN[0m [2mcua_driver_sdk::runtime[0m[2m:[0m could not activate the persistent AT-SPI listener: AT-SPI connect failed: ZBus Error: MethodError(OwnedErrorName("org.freedesktop.DBus.Error.NameHasNoOwner"), Some("Could not activate remote peer 'org.a11y.atspi.Registry': unit failed"), Msg { type: Error, serial: 4294967295, sender: UniqueName("org.freedesktop.DBus"), reply-serial: 9, body: Str, fds: [] })
[2m2026-10-03T14:07:07.752035Z[0m [33m WARN[0m [2mplatform_linux::overlay[0m[2m:[0m X11 overlay: root reads cannot see this window's own pixels; save-unders will be served without readback confirmation

✨ cua-driver v0.33.0 is available (you have v0.32.0).
   Update with: cua-driver update
   Release notes: https://github.com/trycua/cua/releases/tag/cua-driver-rs-v0.33.0

{"trial": "Q090-modal-COMP-measured-r38", "mode": "step", "outcome": "verified", "oracle_exact_match": true, "completion_mutations": 1, "routes": ["provider", "provider"], "error": null, "la": "1.99", "prov": {"attempts": 0, "reached": 0}}
[2m2026-10-03T14:07:08.848161Z[0m [33m WARN[0m [2mcua_driver_sdk::runtime[0m[2m:[0m could not activate the persistent AT-SPI listener: AT-SPI connect failed: ZBus Error: MethodError(OwnedErrorName("org.freedesktop.DBus.Error.NameHasNoOwner"), Some("Could not activate remote peer 'org.a11y.atspi.Registry': unit failed"), Msg { type: Error, serial: 4294967295, sender: UniqueName("org.freedesktop.DBus"), reply-serial: 9, body: Str, fds: [] })
[2m2026-10-03T14:07:08.855329Z[0m [33m WARN[0m [2mplatform_linux::overlay[0m[2m:[0m X11 overlay: root reads cannot see this window's own pixels; save-unders will be served without readback confirmation

✨ cua-driver v0.33.0 is available (you have v0.32.0).
   Update with: cua-driver update
   Release notes: https://github.com/trycua/cua/releases/tag/cua-driver-rs-v0.33.0

{"trial": "Q091-modal-COMP_CR-warm-r38", "kind": "warm", "outcome": "verified", "routine_outcome": "verified", "oracle_exact_match": true, "completion_mutations": 1, "routes": ["compiled"], "error": null, "la": "1.99", "dec": 0, "prov": {"attempts": 0, "reached": 0}}
[2m2026-10-03T14:07:09.937698Z[0m [33m WARN[0m [2mcua_driver_sdk::runtime[0m[2m:[0m could not activate the persistent AT-SPI listener: AT-SPI connect failed: ZBus Error: MethodError(OwnedErrorName("org.freedesktop.DBus.Error.NameHasNoOwner"), Some("Could not activate remote peer 'org.a11y.atspi.Registry': unit failed"), Msg { type: Error, serial: 4294967295, sender: UniqueName("org.freedesktop.DBus"), reply-serial: 9, body: Str, fds: [] })
[2m2026-10-03T14:07:09.945255Z[0m [33m WARN[0m [2mplatform_linux::overlay[0m[2m:[0m X11 overlay: root reads cannot see this window's own pixels; save-unders will be served without readback confirmation

✨ cua-driver v0.33.0 is available (you have v0.32.0).
   Update with: cua-driver update
   Release notes: https://github.com/trycua/cua/releases/tag/cua-driver-rs-v0.33.0

{"trial": "Q092-modal-COMP_CR-warm-r39", "kind": "warm", "outcome": "verified", "routine_outcome": "verified", "oracle_exact_match": true, "completion_mutations": 1, "routes": ["compiled"], "error": null, "la": "2.71", "dec": 0, "prov": {"attempts": 0, "reached": 0}}
[2m2026-10-03T14:07:11.040458Z[0m [33m WARN[0m [2mcua_driver_sdk::runtime[0m[2m:[0m could not activate the persistent AT-SPI listener: AT-SPI connect failed: ZBus Error: MethodError(OwnedErrorName("org.freedesktop.DBus.Error.NameHasNoOwner"), Some("Could not activate remote peer 'org.a11y.atspi.Registry': unit failed"), Msg { type: Error, serial: 4294967295, sender: UniqueName("org.freedesktop.DBus"), reply-serial: 9, body: Str, fds: [] })
[2m2026-10-03T14:07:11.047021Z[0m [33m WARN[0m [2mplatform_linux::overlay[0m[2m:[0m X11 overlay: root reads cannot see this window's own pixels; save-unders will be served without readback confirmation

✨ cua-driver v0.33.0 is available (you have v0.32.0).
   Update with: cua-driver update
   Release notes: https://github.com/trycua/cua/releases/tag/cua-driver-rs-v0.33.0

{"trial": "Q093-modal-COMP-measured-r39", "mode": "step", "outcome": "verified", "oracle_exact_match": true, "completion_mutations": 1, "routes": ["provider", "provider"], "error": null, "la": "2.71", "prov": {"attempts": 0, "reached": 0}}
[2m2026-10-03T14:07:12.139129Z[0m [33m WARN[0m [2mcua_driver_sdk::runtime[0m[2m:[0m could not activate the persistent AT-SPI listener: AT-SPI connect failed: ZBus Error: MethodError(OwnedErrorName("org.freedesktop.DBus.Error.NameHasNoOwner"), Some("Could not activate remote peer 'org.a11y.atspi.Registry': unit failed"), Msg { type: Error, serial: 4294967295, sender: UniqueName("org.freedesktop.DBus"), reply-serial: 9, body: Str, fds: [] })
[2m2026-10-03T14:07:12.146118Z[0m [33m WARN[0m [2mplatform_linux::overlay[0m[2m:[0m X11 overlay: root reads cannot see this window's own pixels; save-unders will be served without readback confirmation

✨ cua-driver v0.33.0 is available (you have v0.32.0).
   Update with: cua-driver update
   Release notes: https://github.com/trycua/cua/releases/tag/cua-driver-rs-v0.33.0

{"trial": "Q094-modal-COMP-measured-r40", "mode": "step", "outcome": "verified", "oracle_exact_match": true, "completion_mutations": 1, "routes": ["provider", "provider"], "error": null, "la": "2.71", "prov": {"attempts": 0, "reached": 0}}
[2m2026-10-03T14:07:13.236536Z[0m [33m WARN[0m [2mcua_driver_sdk::runtime[0m[2m:[0m could not activate the persistent AT-SPI listener: AT-SPI connect failed: ZBus Error: MethodError(OwnedErrorName("org.freedesktop.DBus.Error.NameHasNoOwner"), Some("Could not activate remote peer 'org.a11y.atspi.Registry': unit failed"), Msg { type: Error, serial: 4294967295, sender: UniqueName("org.freedesktop.DBus"), reply-serial: 9, body: Str, fds: [] })
[2m2026-10-03T14:07:13.242878Z[0m [33m WARN[0m [2mplatform_linux::overlay[0m[2m:[0m X11 overlay: root reads cannot see this window's own pixels; save-unders will be served without readback confirmation

✨ cua-driver v0.33.0 is available (you have v0.32.0).
   Update with: cua-driver update
   Release notes: https://github.com/trycua/cua/releases/tag/cua-driver-rs-v0.33.0

{"trial": "Q095-modal-COMP_CR-warm-r40", "kind": "warm", "outcome": "verified", "routine_outcome": "verified", "oracle_exact_match": true, "completion_mutations": 1, "routes": ["compiled"], "error": null, "la": "2.71", "dec": 0, "prov": {"attempts": 0, "reached": 0}}
[2m2026-10-03T14:07:14.322086Z[0m [33m WARN[0m [2mcua_driver_sdk::runtime[0m[2m:[0m could not activate the persistent AT-SPI listener: AT-SPI connect failed: ZBus Error: MethodError(OwnedErrorName("org.freedesktop.DBus.Error.NameHasNoOwner"), Some("Could not activate remote peer 'org.a11y.atspi.Registry': unit failed"), Msg { type: Error, serial: 4294967295, sender: UniqueName("org.freedesktop.DBus"), reply-serial: 9, body: Str, fds: [] })
[2m2026-10-03T14:07:14.328414Z[0m [33m WARN[0m [2mplatform_linux::overlay[0m[2m:[0m X11 overlay: root reads cannot see this window's own pixels; save-unders will be served without readback confirmation

✨ cua-driver v0.33.0 is available (you have v0.32.0).
   Update with: cua-driver update
   Release notes: https://github.com/trycua/cua/releases/tag/cua-driver-rs-v0.33.0

{"trial": "Q096-toggle-COMP_CR-warm-r41", "kind": "warm", "outcome": "verified", "routine_outcome": "verified", "oracle_exact_match": true, "completion_mutations": 1, "routes": ["compiled"], "error": null, "la": "2.49", "dec": 0, "prov": {"attempts": 0, "reached": 0}}
[2m2026-10-03T14:07:15.421887Z[0m [33m WARN[0m [2mcua_driver_sdk::runtime[0m[2m:[0m could not activate the persistent AT-SPI listener: AT-SPI connect failed: ZBus Error: MethodError(OwnedErrorName("org.freedesktop.DBus.Error.NameHasNoOwner"), Some("Could not activate remote peer 'org.a11y.atspi.Registry': unit failed"), Msg { type: Error, serial: 4294967295, sender: UniqueName("org.freedesktop.DBus"), reply-serial: 9, body: Str, fds: [] })
[2m2026-10-03T14:07:15.428959Z[0m [33m WARN[0m [2mplatform_linux::overlay[0m[2m:[0m X11 overlay: root reads cannot see this window's own pixels; save-unders will be served without readback confirmation

✨ cua-driver v0.33.0 is available (you have v0.32.0).
   Update with: cua-driver update
   Release notes: https://github.com/trycua/cua/releases/tag/cua-driver-rs-v0.33.0

{"trial": "Q097-toggle-COMP-measured-r41", "mode": "step", "outcome": "verified", "oracle_exact_match": true, "completion_mutations": 1, "routes": ["provider", "provider"], "error": null, "la": "2.49", "prov": {"attempts": 0, "reached": 0}}
[2m2026-10-03T14:07:16.505203Z[0m [33m WARN[0m [2mcua_driver_sdk::runtime[0m[2m:[0m could not activate the persistent AT-SPI listener: AT-SPI connect failed: ZBus Error: MethodError(OwnedErrorName("org.freedesktop.DBus.Error.NameHasNoOwner"), Some("Could not activate remote peer 'org.a11y.atspi.Registry': unit failed"), Msg { type: Error, serial: 4294967295, sender: UniqueName("org.freedesktop.DBus"), reply-serial: 9, body: Str, fds: [] })
[2m2026-10-03T14:07:16.512084Z[0m [33m WARN[0m [2mplatform_linux::overlay[0m[2m:[0m X11 overlay: root reads cannot see this window's own pixels; save-unders will be served without readback confirmation

✨ cua-driver v0.33.0 is available (you have v0.32.0).
   Update with: cua-driver update
   Release notes: https://github.com/trycua/cua/releases/tag/cua-driver-rs-v0.33.0

{"trial": "Q098-modal-COMP_CR-warm-r41", "kind": "warm", "outcome": "verified", "routine_outcome": "verified", "oracle_exact_match": true, "completion_mutations": 1, "routes": ["compiled"], "error": null, "la": "2.49", "dec": 0, "prov": {"attempts": 0, "reached": 0}}
[2m2026-10-03T14:07:17.589144Z[0m [33m WARN[0m [2mcua_driver_sdk::runtime[0m[2m:[0m could not activate the persistent AT-SPI listener: AT-SPI connect failed: ZBus Error: MethodError(OwnedErrorName("org.freedesktop.DBus.Error.NameHasNoOwner"), Some("Could not activate remote peer 'org.a11y.atspi.Registry': unit failed"), Msg { type: Error, serial: 4294967295, sender: UniqueName("org.freedesktop.DBus"), reply-serial: 9, body: Str, fds: [] })
[2m2026-10-03T14:07:17.597390Z[0m [33m WARN[0m [2mplatform_linux::overlay[0m[2m:[0m X11 overlay: root reads cannot see this window's own pixels; save-unders will be served without readback confirmation

✨ cua-driver v0.33.0 is available (you have v0.32.0).
   Update with: cua-driver update
   Release notes: https://github.com/trycua/cua/releases/tag/cua-driver-rs-v0.33.0

{"trial": "Q099-modal-COMP-measured-r41", "mode": "step", "outcome": "verified", "oracle_exact_match": true, "completion_mutations": 1, "routes": ["provider", "provider"], "error": null, "la": "2.49", "prov": {"attempts": 0, "reached": 0}}
[2m2026-10-03T14:07:18.678436Z[0m [33m WARN[0m [2mcua_driver_sdk::runtime[0m[2m:[0m could not activate the persistent AT-SPI listener: AT-SPI connect failed: ZBus Error: MethodError(OwnedErrorName("org.freedesktop.DBus.Error.NameHasNoOwner"), Some("Could not activate remote peer 'org.a11y.atspi.Registry': unit failed"), Msg { type: Error, serial: 4294967295, sender: UniqueName("org.freedesktop.DBus"), reply-serial: 9, body: Str, fds: [] })
[2m2026-10-03T14:07:18.685525Z[0m [33m WARN[0m [2mplatform_linux::overlay[0m[2m:[0m X11 overlay: root reads cannot see this window's own pixels; save-unders will be served without readback confirmation

✨ cua-driver v0.33.0 is available (you have v0.32.0).
   Update with: cua-driver update
   Release notes: https://github.com/trycua/cua/releases/tag/cua-driver-rs-v0.33.0

{"trial": "Q100-modal-COMP-measured-r42", "mode": "step", "outcome": "verified", "oracle_exact_match": true, "completion_mutations": 1, "routes": ["provider", "provider"], "error": null, "la": "2.49", "prov": {"attempts": 0, "reached": 0}}
[2m2026-10-03T14:07:19.770972Z[0m [33m WARN[0m [2mcua_driver_sdk::runtime[0m[2m:[0m could not activate the persistent AT-SPI listener: AT-SPI connect failed: ZBus Error: MethodError(OwnedErrorName("org.freedesktop.DBus.Error.NameHasNoOwner"), Some("Could not activate remote peer 'org.a11y.atspi.Registry': unit failed"), Msg { type: Error, serial: 4294967295, sender: UniqueName("org.freedesktop.DBus"), reply-serial: 9, body: Str, fds: [] })
[2m2026-10-03T14:07:19.777959Z[0m [33m WARN[0m [2mplatform_linux::overlay[0m[2m:[0m X11 overlay: root reads cannot see this window's own pixels; save-unders will be served without readback confirmation

✨ cua-driver v0.33.0 is available (you have v0.32.0).
   Update with: cua-driver update
   Release notes: https://github.com/trycua/cua/releases/tag/cua-driver-rs-v0.33.0

{"trial": "Q101-modal-COMP_CR-warm-r42", "kind": "warm", "outcome": "verified", "routine_outcome": "verified", "oracle_exact_match": true, "completion_mutations": 1, "routes": ["compiled"], "error": null, "la": "2.69", "dec": 0, "prov": {"attempts": 0, "reached": 0}}
[2m2026-10-03T14:07:20.870652Z[0m [33m WARN[0m [2mcua_driver_sdk::runtime[0m[2m:[0m could not activate the persistent AT-SPI listener: AT-SPI connect failed: ZBus Error: MethodError(OwnedErrorName("org.freedesktop.DBus.Error.NameHasNoOwner"), Some("Could not activate remote peer 'org.a11y.atspi.Registry': unit failed"), Msg { type: Error, serial: 4294967295, sender: UniqueName("org.freedesktop.DBus"), reply-serial: 9, body: Str, fds: [] })
[2m2026-10-03T14:07:20.877643Z[0m [33m WARN[0m [2mplatform_linux::overlay[0m[2m:[0m X11 overlay: root reads cannot see this window's own pixels; save-unders will be served without readback confirmation

✨ cua-driver v0.33.0 is available (you have v0.32.0).
   Update with: cua-driver update
   Release notes: https://github.com/trycua/cua/releases/tag/cua-driver-rs-v0.33.0

{"trial": "Q102-modal-COMP_CR-warm-r43", "kind": "warm", "outcome": "verified", "routine_outcome": "verified", "oracle_exact_match": true, "completion_mutations": 1, "routes": ["compiled"], "error": null, "la": "2.69", "dec": 0, "prov": {"attempts": 0, "reached": 0}}
[2m2026-10-03T14:07:21.977125Z[0m [33m WARN[0m [2mcua_driver_sdk::runtime[0m[2m:[0m could not activate the persistent AT-SPI listener: AT-SPI connect failed: ZBus Error: MethodError(OwnedErrorName("org.freedesktop.DBus.Error.NameHasNoOwner"), Some("Could not activate remote peer 'org.a11y.atspi.Registry': unit failed"), Msg { type: Error, serial: 4294967295, sender: UniqueName("org.freedesktop.DBus"), reply-serial: 9, body: Str, fds: [] })
[2m2026-10-03T14:07:21.984100Z[0m [33m WARN[0m [2mplatform_linux::overlay[0m[2m:[0m X11 overlay: root reads cannot see this window's own pixels; save-unders will be served without readback confirmation

✨ cua-driver v0.33.0 is available (you have v0.32.0).
   Update with: cua-driver update
   Release notes: https://github.com/trycua/cua/releases/tag/cua-driver-rs-v0.33.0

{"trial": "Q103-modal-COMP-measured-r43", "mode": "step", "outcome": "verified", "oracle_exact_match": true, "completion_mutations": 1, "routes": ["provider", "provider"], "error": null, "la": "2.69", "prov": {"attempts": 0, "reached": 0}}
[2m2026-10-03T14:07:23.076723Z[0m [33m WARN[0m [2mcua_driver_sdk::runtime[0m[2m:[0m could not activate the persistent AT-SPI listener: AT-SPI connect failed: ZBus Error: MethodError(OwnedErrorName("org.freedesktop.DBus.Error.NameHasNoOwner"), Some("Could not activate remote peer 'org.a11y.atspi.Registry': unit failed"), Msg { type: Error, serial: 4294967295, sender: UniqueName("org.freedesktop.DBus"), reply-serial: 9, body: Str, fds: [] })
[2m2026-10-03T14:07:23.083905Z[0m [33m WARN[0m [2mplatform_linux::overlay[0m[2m:[0m X11 overlay: root reads cannot see this window's own pixels; save-unders will be served without readback confirmation

✨ cua-driver v0.33.0 is available (you have v0.32.0).
   Update with: cua-driver update
   Release notes: https://github.com/trycua/cua/releases/tag/cua-driver-rs-v0.33.0

{"trial": "Q104-modal-COMP-measured-r44", "mode": "step", "outcome": "verified", "oracle_exact_match": true, "completion_mutations": 1, "routes": ["provider", "provider"], "error": null, "la": "2.69", "prov": {"attempts": 0, "reached": 0}}
[2m2026-10-03T14:07:24.169763Z[0m [33m WARN[0m [2mcua_driver_sdk::runtime[0m[2m:[0m could not activate the persistent AT-SPI listener: AT-SPI connect failed: ZBus Error: MethodError(OwnedErrorName("org.freedesktop.DBus.Error.NameHasNoOwner"), Some("Could not activate remote peer 'org.a11y.atspi.Registry': unit failed"), Msg { type: Error, serial: 4294967295, sender: UniqueName("org.freedesktop.DBus"), reply-serial: 9, body: Str, fds: [] })
[2m2026-10-03T14:07:24.177410Z[0m [33m WARN[0m [2mplatform_linux::overlay[0m[2m:[0m X11 overlay: root reads cannot see this window's own pixels; save-unders will be served without readback confirmation

✨ cua-driver v0.33.0 is available (you have v0.32.0).
   Update with: cua-driver update
   Release notes: https://github.com/trycua/cua/releases/tag/cua-driver-rs-v0.33.0

{"trial": "Q105-modal-COMP_CR-warm-r44", "kind": "warm", "outcome": "verified", "routine_outcome": "verified", "oracle_exact_match": true, "completion_mutations": 1, "routes": ["compiled"], "error": null, "la": "2.69", "dec": 0, "prov": {"attempts": 0, "reached": 0}}
[2m2026-10-03T14:07:25.269206Z[0m [33m WARN[0m [2mcua_driver_sdk::runtime[0m[2m:[0m could not activate the persistent AT-SPI listener: AT-SPI connect failed: ZBus Error: MethodError(OwnedErrorName("org.freedesktop.DBus.Error.NameHasNoOwner"), Some("Could not activate remote peer 'org.a11y.atspi.Registry': unit failed"), Msg { type: Error, serial: 4294967295, sender: UniqueName("org.freedesktop.DBus"), reply-serial: 9, body: Str, fds: [] })
[2m2026-10-03T14:07:25.276061Z[0m [33m WARN[0m [2mplatform_linux::overlay[0m[2m:[0m X11 overlay: root reads cannot see this window's own pixels; save-unders will be served without readback confirmation

✨ cua-driver v0.33.0 is available (you have v0.32.0).
   Update with: cua-driver update
   Release notes: https://github.com/trycua/cua/releases/tag/cua-driver-rs-v0.33.0

{"trial": "Q106-modal-COMP_CR-warm-r45", "kind": "warm", "outcome": "verified", "routine_outcome": "verified", "oracle_exact_match": true, "completion_mutations": 1, "routes": ["compiled"], "error": null, "la": "2.72", "dec": 0, "prov": {"attempts": 0, "reached": 0}}
[2m2026-10-03T14:07:26.355200Z[0m [33m WARN[0m [2mcua_driver_sdk::runtime[0m[2m:[0m could not activate the persistent AT-SPI listener: AT-SPI connect failed: ZBus Error: MethodError(OwnedErrorName("org.freedesktop.DBus.Error.NameHasNoOwner"), Some("Could not activate remote peer 'org.a11y.atspi.Registry': unit failed"), Msg { type: Error, serial: 4294967295, sender: UniqueName("org.freedesktop.DBus"), reply-serial: 9, body: Str, fds: [] })
[2m2026-10-03T14:07:26.361858Z[0m [33m WARN[0m [2mplatform_linux::overlay[0m[2m:[0m X11 overlay: root reads cannot see this window's own pixels; save-unders will be served without readback confirmation

✨ cua-driver v0.33.0 is available (you have v0.32.0).
   Update with: cua-driver update
   Release notes: https://github.com/trycua/cua/releases/tag/cua-driver-rs-v0.33.0

{"trial": "Q107-modal-COMP-measured-r45", "mode": "step", "outcome": "verified", "oracle_exact_match": true, "completion_mutations": 1, "routes": ["provider", "provider"], "error": null, "la": "2.72", "prov": {"attempts": 0, "reached": 0}}
[2m2026-10-03T14:07:27.446628Z[0m [33m WARN[0m [2mcua_driver_sdk::runtime[0m[2m:[0m could not activate the persistent AT-SPI listener: AT-SPI connect failed: ZBus Error: MethodError(OwnedErrorName("org.freedesktop.DBus.Error.NameHasNoOwner"), Some("Could not activate remote peer 'org.a11y.atspi.Registry': unit failed"), Msg { type: Error, serial: 4294967295, sender: UniqueName("org.freedesktop.DBus"), reply-serial: 9, body: Str, fds: [] })
[2m2026-10-03T14:07:27.453186Z[0m [33m WARN[0m [2mplatform_linux::overlay[0m[2m:[0m X11 overlay: root reads cannot see this window's own pixels; save-unders will be served without readback confirmation

✨ cua-driver v0.33.0 is available (you have v0.32.0).
   Update with: cua-driver update
   Release notes: https://github.com/trycua/cua/releases/tag/cua-driver-rs-v0.33.0

{"trial": "Q108-modal-COMP-measured-r46", "mode": "step", "outcome": "verified", "oracle_exact_match": true, "completion_mutations": 1, "routes": ["provider", "provider"], "error": null, "la": "2.72", "prov": {"attempts": 0, "reached": 0}}
[2m2026-10-03T14:07:28.540299Z[0m [33m WARN[0m [2mcua_driver_sdk::runtime[0m[2m:[0m could not activate the persistent AT-SPI listener: AT-SPI connect failed: ZBus Error: MethodError(OwnedErrorName("org.freedesktop.DBus.Error.NameHasNoOwner"), Some("Could not activate remote peer 'org.a11y.atspi.Registry': unit failed"), Msg { type: Error, serial: 4294967295, sender: UniqueName("org.freedesktop.DBus"), reply-serial: 9, body: Str, fds: [] })
[2m2026-10-03T14:07:28.546942Z[0m [33m WARN[0m [2mplatform_linux::overlay[0m[2m:[0m X11 overlay: root reads cannot see this window's own pixels; save-unders will be served without readback confirmation

✨ cua-driver v0.33.0 is available (you have v0.32.0).
   Update with: cua-driver update
   Release notes: https://github.com/trycua/cua/releases/tag/cua-driver-rs-v0.33.0

{"trial": "Q109-modal-COMP_CR-warm-r46", "kind": "warm", "outcome": "verified", "routine_outcome": "verified", "oracle_exact_match": true, "completion_mutations": 1, "routes": ["compiled"], "error": null, "la": "2.72", "dec": 0, "prov": {"attempts": 0, "reached": 0}}
[2m2026-10-03T14:07:29.628845Z[0m [33m WARN[0m [2mcua_driver_sdk::runtime[0m[2m:[0m could not activate the persistent AT-SPI listener: AT-SPI connect failed: ZBus Error: MethodError(OwnedErrorName("org.freedesktop.DBus.Error.NameHasNoOwner"), Some("Could not activate remote peer 'org.a11y.atspi.Registry': unit failed"), Msg { type: Error, serial: 4294967295, sender: UniqueName("org.freedesktop.DBus"), reply-serial: 9, body: Str, fds: [] })
[2m2026-10-03T14:07:29.635762Z[0m [33m WARN[0m [2mplatform_linux::overlay[0m[2m:[0m X11 overlay: root reads cannot see this window's own pixels; save-unders will be served without readback confirmation

✨ cua-driver v0.33.0 is available (you have v0.32.0).
   Update with: cua-driver update
   Release notes: https://github.com/trycua/cua/releases/tag/cua-driver-rs-v0.33.0

{"trial": "Q110-toggle-COMP-measured-r46", "mode": "step", "outcome": "verified", "oracle_exact_match": true, "completion_mutations": 1, "routes": ["provider", "provider"], "error": null, "la": "2.50", "prov": {"attempts": 0, "reached": 0}}
[2m2026-10-03T14:07:30.713758Z[0m [33m WARN[0m [2mcua_driver_sdk::runtime[0m[2m:[0m could not activate the persistent AT-SPI listener: AT-SPI connect failed: ZBus Error: MethodError(OwnedErrorName("org.freedesktop.DBus.Error.NameHasNoOwner"), Some("Could not activate remote peer 'org.a11y.atspi.Registry': unit failed"), Msg { type: Error, serial: 4294967295, sender: UniqueName("org.freedesktop.DBus"), reply-serial: 9, body: Str, fds: [] })
[2m2026-10-03T14:07:30.721242Z[0m [33m WARN[0m [2mplatform_linux::overlay[0m[2m:[0m X11 overlay: root reads cannot see this window's own pixels; save-unders will be served without readback confirmation

✨ cua-driver v0.33.0 is available (you have v0.32.0).
   Update with: cua-driver update
   Release notes: https://github.com/trycua/cua/releases/tag/cua-driver-rs-v0.33.0

{"trial": "Q111-toggle-COMP_CR-warm-r46", "kind": "warm", "outcome": "verified", "routine_outcome": "verified", "oracle_exact_match": true, "completion_mutations": 1, "routes": ["compiled"], "error": null, "la": "2.50", "dec": 0, "prov": {"attempts": 0, "reached": 0}}
[2m2026-10-03T14:07:31.805035Z[0m [33m WARN[0m [2mcua_driver_sdk::runtime[0m[2m:[0m could not activate the persistent AT-SPI listener: AT-SPI connect failed: ZBus Error: MethodError(OwnedErrorName("org.freedesktop.DBus.Error.NameHasNoOwner"), Some("Could not activate remote peer 'org.a11y.atspi.Registry': unit failed"), Msg { type: Error, serial: 4294967295, sender: UniqueName("org.freedesktop.DBus"), reply-serial: 9, body: Str, fds: [] })
[2m2026-10-03T14:07:31.811859Z[0m [33m WARN[0m [2mplatform_linux::overlay[0m[2m:[0m X11 overlay: root reads cannot see this window's own pixels; save-unders will be served without readback confirmation

✨ cua-driver v0.33.0 is available (you have v0.32.0).
   Update with: cua-driver update
   Release notes: https://github.com/trycua/cua/releases/tag/cua-driver-rs-v0.33.0

{"trial": "Q112-modal-COMP_CR-warm-r47", "kind": "warm", "outcome": "verified", "routine_outcome": "verified", "oracle_exact_match": true, "completion_mutations": 1, "routes": ["compiled"], "error": null, "la": "2.50", "dec": 0, "prov": {"attempts": 0, "reached": 0}}
[2m2026-10-03T14:07:32.895660Z[0m [33m WARN[0m [2mcua_driver_sdk::runtime[0m[2m:[0m could not activate the persistent AT-SPI listener: AT-SPI connect failed: ZBus Error: MethodError(OwnedErrorName("org.freedesktop.DBus.Error.NameHasNoOwner"), Some("Could not activate remote peer 'org.a11y.atspi.Registry': unit failed"), Msg { type: Error, serial: 4294967295, sender: UniqueName("org.freedesktop.DBus"), reply-serial: 9, body: Str, fds: [] })
[2m2026-10-03T14:07:32.902601Z[0m [33m WARN[0m [2mplatform_linux::overlay[0m[2m:[0m X11 overlay: root reads cannot see this window's own pixels; save-unders will be served without readback confirmation

✨ cua-driver v0.33.0 is available (you have v0.32.0).
   Update with: cua-driver update
   Release notes: https://github.com/trycua/cua/releases/tag/cua-driver-rs-v0.33.0

{"trial": "Q113-modal-COMP-measured-r47", "mode": "step", "outcome": "verified", "oracle_exact_match": true, "completion_mutations": 1, "routes": ["provider", "provider"], "error": null, "la": "2.50", "prov": {"attempts": 0, "reached": 0}}
[2m2026-10-03T14:07:34.003115Z[0m [33m WARN[0m [2mcua_driver_sdk::runtime[0m[2m:[0m could not activate the persistent AT-SPI listener: AT-SPI connect failed: ZBus Error: MethodError(OwnedErrorName("org.freedesktop.DBus.Error.NameHasNoOwner"), Some("Could not activate remote peer 'org.a11y.atspi.Registry': unit failed"), Msg { type: Error, serial: 4294967295, sender: UniqueName("org.freedesktop.DBus"), reply-serial: 9, body: Str, fds: [] })
[2m2026-10-03T14:07:34.010087Z[0m [33m WARN[0m [2mplatform_linux::overlay[0m[2m:[0m X11 overlay: root reads cannot see this window's own pixels; save-unders will be served without readback confirmation

✨ cua-driver v0.33.0 is available (you have v0.32.0).
   Update with: cua-driver update
   Release notes: https://github.com/trycua/cua/releases/tag/cua-driver-rs-v0.33.0

{"trial": "Q114-modal-COMP-measured-r48", "mode": "step", "outcome": "verified", "oracle_exact_match": true, "completion_mutations": 1, "routes": ["provider", "provider"], "error": null, "la": "2.50", "prov": {"attempts": 0, "reached": 0}}
[2m2026-10-03T14:07:35.591342Z[0m [33m WARN[0m [2mcua_driver_sdk::runtime[0m[2m:[0m could not activate the persistent AT-SPI listener: AT-SPI connect failed: ZBus Error: MethodError(OwnedErrorName("org.freedesktop.DBus.Error.NameHasNoOwner"), Some("Could not activate remote peer 'org.a11y.atspi.Registry': unit failed"), Msg { type: Error, serial: 4294967295, sender: UniqueName("org.freedesktop.DBus"), reply-serial: 9, body: Str, fds: [] })
[2m2026-10-03T14:07:35.599959Z[0m [33m WARN[0m [2mplatform_linux::overlay[0m[2m:[0m X11 overlay: root reads cannot see this window's own pixels; save-unders will be served without readback confirmation

✨ cua-driver v0.33.0 is available (you have v0.32.0).
   Update with: cua-driver update
   Release notes: https://github.com/trycua/cua/releases/tag/cua-driver-rs-v0.33.0

{"trial": "Q115-modal-COMP_CR-warm-r48", "kind": "warm", "outcome": "verified", "routine_outcome": "verified", "oracle_exact_match": true, "completion_mutations": 1, "routes": ["compiled"], "error": null, "la": "2.38", "dec": 0, "prov": {"attempts": 0, "reached": 0}}
[2m2026-10-03T14:07:36.695765Z[0m [33m WARN[0m [2mcua_driver_sdk::runtime[0m[2m:[0m could not activate the persistent AT-SPI listener: AT-SPI connect failed: ZBus Error: MethodError(OwnedErrorName("org.freedesktop.DBus.Error.NameHasNoOwner"), Some("Could not activate remote peer 'org.a11y.atspi.Registry': unit failed"), Msg { type: Error, serial: 4294967295, sender: UniqueName("org.freedesktop.DBus"), reply-serial: 9, body: Str, fds: [] })
[2m2026-10-03T14:07:36.702270Z[0m [33m WARN[0m [2mplatform_linux::overlay[0m[2m:[0m X11 overlay: root reads cannot see this window's own pixels; save-unders will be served without readback confirmation

✨ cua-driver v0.33.0 is available (you have v0.32.0).
   Update with: cua-driver update
   Release notes: https://github.com/trycua/cua/releases/tag/cua-driver-rs-v0.33.0

{"trial": "Q116-modal-COMP_CR-warm-r49", "kind": "warm", "outcome": "verified", "routine_outcome": "verified", "oracle_exact_match": true, "completion_mutations": 1, "routes": ["compiled"], "error": null, "la": "2.38", "dec": 0, "prov": {"attempts": 0, "reached": 0}}
[2m2026-10-03T14:07:37.789358Z[0m [33m WARN[0m [2mcua_driver_sdk::runtime[0m[2m:[0m could not activate the persistent AT-SPI listener: AT-SPI connect failed: ZBus Error: MethodError(OwnedErrorName("org.freedesktop.DBus.Error.NameHasNoOwner"), Some("Could not activate remote peer 'org.a11y.atspi.Registry': unit failed"), Msg { type: Error, serial: 4294967295, sender: UniqueName("org.freedesktop.DBus"), reply-serial: 9, body: Str, fds: [] })
[2m2026-10-03T14:07:37.796010Z[0m [33m WARN[0m [2mplatform_linux::overlay[0m[2m:[0m X11 overlay: root reads cannot see this window's own pixels; save-unders will be served without readback confirmation

✨ cua-driver v0.33.0 is available (you have v0.32.0).
   Update with: cua-driver update
   Release notes: https://github.com/trycua/cua/releases/tag/cua-driver-rs-v0.33.0

{"trial": "Q117-modal-COMP-measured-r49", "mode": "step", "outcome": "verified", "oracle_exact_match": true, "completion_mutations": 1, "routes": ["provider", "provider"], "error": null, "la": "2.38", "prov": {"attempts": 0, "reached": 0}}
[2m2026-10-03T14:07:38.889137Z[0m [33m WARN[0m [2mcua_driver_sdk::runtime[0m[2m:[0m could not activate the persistent AT-SPI listener: AT-SPI connect failed: ZBus Error: MethodError(OwnedErrorName("org.freedesktop.DBus.Error.NameHasNoOwner"), Some("Could not activate remote peer 'org.a11y.atspi.Registry': unit failed"), Msg { type: Error, serial: 4294967295, sender: UniqueName("org.freedesktop.DBus"), reply-serial: 9, body: Str, fds: [] })
[2m2026-10-03T14:07:38.895769Z[0m [33m WARN[0m [2mplatform_linux::overlay[0m[2m:[0m X11 overlay: root reads cannot see this window's own pixels; save-unders will be served without readback confirmation

✨ cua-driver v0.33.0 is available (you have v0.32.0).
   Update with: cua-driver update
   Release notes: https://github.com/trycua/cua/releases/tag/cua-driver-rs-v0.33.0

{"trial": "Q118-modal-COMP-measured-r50", "mode": "step", "outcome": "verified", "oracle_exact_match": true, "completion_mutations": 1, "routes": ["provider", "provider"], "error": null, "la": "2.38", "prov": {"attempts": 0, "reached": 0}}
[2m2026-10-03T14:07:39.989236Z[0m [33m WARN[0m [2mcua_driver_sdk::runtime[0m[2m:[0m could not activate the persistent AT-SPI listener: AT-SPI connect failed: ZBus Error: MethodError(OwnedErrorName("org.freedesktop.DBus.Error.NameHasNoOwner"), Some("Could not activate remote peer 'org.a11y.atspi.Registry': unit failed"), Msg { type: Error, serial: 4294967295, sender: UniqueName("org.freedesktop.DBus"), reply-serial: 9, body: Str, fds: [] })
[2m2026-10-03T14:07:39.996021Z[0m [33m WARN[0m [2mplatform_linux::overlay[0m[2m:[0m X11 overlay: root reads cannot see this window's own pixels; save-unders will be served without readback confirmation

✨ cua-driver v0.33.0 is available (you have v0.32.0).
   Update with: cua-driver update
   Release notes: https://github.com/trycua/cua/releases/tag/cua-driver-rs-v0.33.0

{"trial": "Q119-modal-COMP_CR-warm-r50", "kind": "warm", "outcome": "verified", "routine_outcome": "verified", "oracle_exact_match": true, "completion_mutations": 1, "routes": ["compiled"], "error": null, "la": "3.15", "dec": 0, "prov": {"attempts": 0, "reached": 0}}
[2m2026-10-03T14:07:45.099120Z[0m [33m WARN[0m [2mcua_driver_sdk::runtime[0m[2m:[0m could not activate the persistent AT-SPI listener: AT-SPI connect failed: ZBus Error: MethodError(OwnedErrorName("org.freedesktop.DBus.Error.NameHasNoOwner"), Some("Could not activate remote peer 'org.a11y.atspi.Registry': unit failed"), Msg { type: Error, serial: 4294967295, sender: UniqueName("org.freedesktop.DBus"), reply-serial: 9, body: Str, fds: [] })
[2m2026-10-03T14:07:45.106210Z[0m [33m WARN[0m [2mplatform_linux::overlay[0m[2m:[0m X11 overlay: root reads cannot see this window's own pixels; save-unders will be served without readback confirmation

✨ cua-driver v0.33.0 is available (you have v0.32.0).
   Update with: cua-driver update
   Release notes: https://github.com/trycua/cua/releases/tag/cua-driver-rs-v0.33.0

{"trial": "Q120-modal-COMP_CR-warm-r51", "kind": "warm", "outcome": "verified", "routine_outcome": "verified", "oracle_exact_match": true, "completion_mutations": 1, "routes": ["compiled"], "error": null, "la": "2.90", "dec": 0, "prov": {"attempts": 0, "reached": 0}}
[2m2026-10-03T14:07:46.193304Z[0m [33m WARN[0m [2mcua_driver_sdk::runtime[0m[2m:[0m could not activate the persistent AT-SPI listener: AT-SPI connect failed: ZBus Error: MethodError(OwnedErrorName("org.freedesktop.DBus.Error.NameHasNoOwner"), Some("Could not activate remote peer 'org.a11y.atspi.Registry': unit failed"), Msg { type: Error, serial: 4294967295, sender: UniqueName("org.freedesktop.DBus"), reply-serial: 9, body: Str, fds: [] })
[2m2026-10-03T14:07:46.200521Z[0m [33m WARN[0m [2mplatform_linux::overlay[0m[2m:[0m X11 overlay: root reads cannot see this window's own pixels; save-unders will be served without readback confirmation

✨ cua-driver v0.33.0 is available (you have v0.32.0).
   Update with: cua-driver update
   Release notes: https://github.com/trycua/cua/releases/tag/cua-driver-rs-v0.33.0

{"trial": "Q121-modal-COMP-measured-r51", "mode": "step", "outcome": "verified", "oracle_exact_match": true, "completion_mutations": 1, "routes": ["provider", "provider"], "error": null, "la": "2.90", "prov": {"attempts": 0, "reached": 0}}
[2m2026-10-03T14:07:47.286280Z[0m [33m WARN[0m [2mcua_driver_sdk::runtime[0m[2m:[0m could not activate the persistent AT-SPI listener: AT-SPI connect failed: ZBus Error: MethodError(OwnedErrorName("org.freedesktop.DBus.Error.NameHasNoOwner"), Some("Could not activate remote peer 'org.a11y.atspi.Registry': unit failed"), Msg { type: Error, serial: 4294967295, sender: UniqueName("org.freedesktop.DBus"), reply-serial: 9, body: Str, fds: [] })
[2m2026-10-03T14:07:47.293069Z[0m [33m WARN[0m [2mplatform_linux::overlay[0m[2m:[0m X11 overlay: root reads cannot see this window's own pixels; save-unders will be served without readback confirmation

✨ cua-driver v0.33.0 is available (you have v0.32.0).
   Update with: cua-driver update
   Release notes: https://github.com/trycua/cua/releases/tag/cua-driver-rs-v0.33.0

{"trial": "Q122-modal-COMP-measured-r52", "mode": "step", "outcome": "verified", "oracle_exact_match": true, "completion_mutations": 1, "routes": ["provider", "provider"], "error": null, "la": "2.90", "prov": {"attempts": 0, "reached": 0}}
[2m2026-10-03T14:07:48.372720Z[0m [33m WARN[0m [2mcua_driver_sdk::runtime[0m[2m:[0m could not activate the persistent AT-SPI listener: AT-SPI connect failed: ZBus Error: MethodError(OwnedErrorName("org.freedesktop.DBus.Error.NameHasNoOwner"), Some("Could not activate remote peer 'org.a11y.atspi.Registry': unit failed"), Msg { type: Error, serial: 4294967295, sender: UniqueName("org.freedesktop.DBus"), reply-serial: 9, body: Str, fds: [] })
[2m2026-10-03T14:07:48.379248Z[0m [33m WARN[0m [2mplatform_linux::overlay[0m[2m:[0m X11 overlay: root reads cannot see this window's own pixels; save-unders will be served without readback confirmation

✨ cua-driver v0.33.0 is available (you have v0.32.0).
   Update with: cua-driver update
   Release notes: https://github.com/trycua/cua/releases/tag/cua-driver-rs-v0.33.0

{"trial": "Q123-modal-COMP_CR-warm-r52", "kind": "warm", "outcome": "verified", "routine_outcome": "verified", "oracle_exact_match": true, "completion_mutations": 1, "routes": ["compiled"], "error": null, "la": "2.90", "dec": 0, "prov": {"attempts": 0, "reached": 0}}
[2m2026-10-03T14:07:49.463755Z[0m [33m WARN[0m [2mcua_driver_sdk::runtime[0m[2m:[0m could not activate the persistent AT-SPI listener: AT-SPI connect failed: ZBus Error: MethodError(OwnedErrorName("org.freedesktop.DBus.Error.NameHasNoOwner"), Some("Could not activate remote peer 'org.a11y.atspi.Registry': unit failed"), Msg { type: Error, serial: 4294967295, sender: UniqueName("org.freedesktop.DBus"), reply-serial: 9, body: Str, fds: [] })
[2m2026-10-03T14:07:49.470559Z[0m [33m WARN[0m [2mplatform_linux::overlay[0m[2m:[0m X11 overlay: root reads cannot see this window's own pixels; save-unders will be served without readback confirmation

✨ cua-driver v0.33.0 is available (you have v0.32.0).
   Update with: cua-driver update
   Release notes: https://github.com/trycua/cua/releases/tag/cua-driver-rs-v0.33.0

{"trial": "Q124-toggle-COMP_CR-warm-r53", "kind": "warm", "outcome": "verified", "routine_outcome": "verified", "oracle_exact_match": true, "completion_mutations": 1, "routes": ["compiled"], "error": null, "la": "2.67", "dec": 0, "prov": {"attempts": 0, "reached": 0}}
[2m2026-10-03T14:07:50.566913Z[0m [33m WARN[0m [2mcua_driver_sdk::runtime[0m[2m:[0m could not activate the persistent AT-SPI listener: AT-SPI connect failed: ZBus Error: MethodError(OwnedErrorName("org.freedesktop.DBus.Error.NameHasNoOwner"), Some("Could not activate remote peer 'org.a11y.atspi.Registry': unit failed"), Msg { type: Error, serial: 4294967295, sender: UniqueName("org.freedesktop.DBus"), reply-serial: 9, body: Str, fds: [] })
[2m2026-10-03T14:07:50.573858Z[0m [33m WARN[0m [2mplatform_linux::overlay[0m[2m:[0m X11 overlay: root reads cannot see this window's own pixels; save-unders will be served without readback confirmation

✨ cua-driver v0.33.0 is available (you have v0.32.0).
   Update with: cua-driver update
   Release notes: https://github.com/trycua/cua/releases/tag/cua-driver-rs-v0.33.0

{"trial": "Q125-toggle-COMP-measured-r53", "mode": "step", "outcome": "verified", "oracle_exact_match": true, "completion_mutations": 1, "routes": ["provider", "provider"], "error": null, "la": "2.67", "prov": {"attempts": 0, "reached": 0}}
[2m2026-10-03T14:07:51.698761Z[0m [33m WARN[0m [2mcua_driver_sdk::runtime[0m[2m:[0m could not activate the persistent AT-SPI listener: AT-SPI connect failed: ZBus Error: MethodError(OwnedErrorName("org.freedesktop.DBus.Error.NameHasNoOwner"), Some("Could not activate remote peer 'org.a11y.atspi.Registry': unit failed"), Msg { type: Error, serial: 4294967295, sender: UniqueName("org.freedesktop.DBus"), reply-serial: 9, body: Str, fds: [] })
[2m2026-10-03T14:07:51.705764Z[0m [33m WARN[0m [2mplatform_linux::overlay[0m[2m:[0m X11 overlay: root reads cannot see this window's own pixels; save-unders will be served without readback confirmation

✨ cua-driver v0.33.0 is available (you have v0.32.0).
   Update with: cua-driver update
   Release notes: https://github.com/trycua/cua/releases/tag/cua-driver-rs-v0.33.0

{"trial": "Q126-modal-COMP_CR-warm-r53", "kind": "warm", "outcome": "verified", "routine_outcome": "verified", "oracle_exact_match": true, "completion_mutations": 1, "routes": ["compiled"], "error": null, "la": "2.67", "dec": 0, "prov": {"attempts": 0, "reached": 0}}
[2m2026-10-03T14:07:52.791593Z[0m [33m WARN[0m [2mcua_driver_sdk::runtime[0m[2m:[0m could not activate the persistent AT-SPI listener: AT-SPI connect failed: ZBus Error: MethodError(OwnedErrorName("org.freedesktop.DBus.Error.NameHasNoOwner"), Some("Could not activate remote peer 'org.a11y.atspi.Registry': unit failed"), Msg { type: Error, serial: 4294967295, sender: UniqueName("org.freedesktop.DBus"), reply-serial: 9, body: Str, fds: [] })
[2m2026-10-03T14:07:52.798218Z[0m [33m WARN[0m [2mplatform_linux::overlay[0m[2m:[0m X11 overlay: root reads cannot see this window's own pixels; save-unders will be served without readback confirmation

✨ cua-driver v0.33.0 is available (you have v0.32.0).
   Update with: cua-driver update
   Release notes: https://github.com/trycua/cua/releases/tag/cua-driver-rs-v0.33.0

{"trial": "Q127-modal-COMP-measured-r53", "mode": "step", "outcome": "verified", "oracle_exact_match": true, "completion_mutations": 1, "routes": ["provider", "provider"], "error": null, "la": "2.67", "prov": {"attempts": 0, "reached": 0}}
[2m2026-10-03T14:07:53.883871Z[0m [33m WARN[0m [2mcua_driver_sdk::runtime[0m[2m:[0m could not activate the persistent AT-SPI listener: AT-SPI connect failed: ZBus Error: MethodError(OwnedErrorName("org.freedesktop.DBus.Error.NameHasNoOwner"), Some("Could not activate remote peer 'org.a11y.atspi.Registry': unit failed"), Msg { type: Error, serial: 4294967295, sender: UniqueName("org.freedesktop.DBus"), reply-serial: 9, body: Str, fds: [] })
[2m2026-10-03T14:07:53.890700Z[0m [33m WARN[0m [2mplatform_linux::overlay[0m[2m:[0m X11 overlay: root reads cannot see this window's own pixels; save-unders will be served without readback confirmation

✨ cua-driver v0.33.0 is available (you have v0.32.0).
   Update with: cua-driver update
   Release notes: https://github.com/trycua/cua/releases/tag/cua-driver-rs-v0.33.0

{"trial": "Q128-modal-COMP-measured-r54", "mode": "step", "outcome": "verified", "oracle_exact_match": true, "completion_mutations": 1, "routes": ["provider", "provider"], "error": null, "la": "2.67", "prov": {"attempts": 0, "reached": 0}}
[2m2026-10-03T14:07:54.974085Z[0m [33m WARN[0m [2mcua_driver_sdk::runtime[0m[2m:[0m could not activate the persistent AT-SPI listener: AT-SPI connect failed: ZBus Error: MethodError(OwnedErrorName("org.freedesktop.DBus.Error.NameHasNoOwner"), Some("Could not activate remote peer 'org.a11y.atspi.Registry': unit failed"), Msg { type: Error, serial: 4294967295, sender: UniqueName("org.freedesktop.DBus"), reply-serial: 9, body: Str, fds: [] })
[2m2026-10-03T14:07:54.981172Z[0m [33m WARN[0m [2mplatform_linux::overlay[0m[2m:[0m X11 overlay: root reads cannot see this window's own pixels; save-unders will be served without readback confirmation

✨ cua-driver v0.33.0 is available (you have v0.32.0).
   Update with: cua-driver update
   Release notes: https://github.com/trycua/cua/releases/tag/cua-driver-rs-v0.33.0

{"trial": "Q129-modal-COMP_CR-warm-r54", "kind": "warm", "outcome": "verified", "routine_outcome": "verified", "oracle_exact_match": true, "completion_mutations": 1, "routes": ["compiled"], "error": null, "la": "3.17", "dec": 0, "prov": {"attempts": 0, "reached": 0}}
[2m2026-10-03T14:08:00.075752Z[0m [33m WARN[0m [2mcua_driver_sdk::runtime[0m[2m:[0m could not activate the persistent AT-SPI listener: AT-SPI connect failed: ZBus Error: MethodError(OwnedErrorName("org.freedesktop.DBus.Error.NameHasNoOwner"), Some("Could not activate remote peer 'org.a11y.atspi.Registry': unit failed"), Msg { type: Error, serial: 4294967295, sender: UniqueName("org.freedesktop.DBus"), reply-serial: 9, body: Str, fds: [] })
[2m2026-10-03T14:08:00.083203Z[0m [33m WARN[0m [2mplatform_linux::overlay[0m[2m:[0m X11 overlay: root reads cannot see this window's own pixels; save-unders will be served without readback confirmation

✨ cua-driver v0.33.0 is available (you have v0.32.0).
   Update with: cua-driver update
   Release notes: https://github.com/trycua/cua/releases/tag/cua-driver-rs-v0.33.0

{"trial": "Q130-modal-COMP_CR-warm-r55", "kind": "warm", "outcome": "verified", "routine_outcome": "verified", "oracle_exact_match": true, "completion_mutations": 1, "routes": ["compiled"], "error": null, "la": "2.92", "dec": 0, "prov": {"attempts": 0, "reached": 0}}
[2m2026-10-03T14:08:01.172845Z[0m [33m WARN[0m [2mcua_driver_sdk::runtime[0m[2m:[0m could not activate the persistent AT-SPI listener: AT-SPI connect failed: ZBus Error: MethodError(OwnedErrorName("org.freedesktop.DBus.Error.NameHasNoOwner"), Some("Could not activate remote peer 'org.a11y.atspi.Registry': unit failed"), Msg { type: Error, serial: 4294967295, sender: UniqueName("org.freedesktop.DBus"), reply-serial: 9, body: Str, fds: [] })
[2m2026-10-03T14:08:01.179604Z[0m [33m WARN[0m [2mplatform_linux::overlay[0m[2m:[0m X11 overlay: root reads cannot see this window's own pixels; save-unders will be served without readback confirmation

✨ cua-driver v0.33.0 is available (you have v0.32.0).
   Update with: cua-driver update
   Release notes: https://github.com/trycua/cua/releases/tag/cua-driver-rs-v0.33.0

{"trial": "Q131-modal-COMP-measured-r55", "mode": "step", "outcome": "verified", "oracle_exact_match": true, "completion_mutations": 1, "routes": ["provider", "provider"], "error": null, "la": "2.92", "prov": {"attempts": 0, "reached": 0}}
[2m2026-10-03T14:08:02.265914Z[0m [33m WARN[0m [2mcua_driver_sdk::runtime[0m[2m:[0m could not activate the persistent AT-SPI listener: AT-SPI connect failed: ZBus Error: MethodError(OwnedErrorName("org.freedesktop.DBus.Error.NameHasNoOwner"), Some("Could not activate remote peer 'org.a11y.atspi.Registry': unit failed"), Msg { type: Error, serial: 4294967295, sender: UniqueName("org.freedesktop.DBus"), reply-serial: 9, body: Str, fds: [] })
[2m2026-10-03T14:08:02.273756Z[0m [33m WARN[0m [2mplatform_linux::overlay[0m[2m:[0m X11 overlay: root reads cannot see this window's own pixels; save-unders will be served without readback confirmation

✨ cua-driver v0.33.0 is available (you have v0.32.0).
   Update with: cua-driver update
   Release notes: https://github.com/trycua/cua/releases/tag/cua-driver-rs-v0.33.0

{"trial": "Q132-modal-COMP-measured-r56", "mode": "step", "outcome": "verified", "oracle_exact_match": true, "completion_mutations": 1, "routes": ["provider", "provider"], "error": null, "la": "2.92", "prov": {"attempts": 0, "reached": 0}}
[2m2026-10-03T14:08:03.391023Z[0m [33m WARN[0m [2mcua_driver_sdk::runtime[0m[2m:[0m could not activate the persistent AT-SPI listener: AT-SPI connect failed: ZBus Error: MethodError(OwnedErrorName("org.freedesktop.DBus.Error.NameHasNoOwner"), Some("Could not activate remote peer 'org.a11y.atspi.Registry': unit failed"), Msg { type: Error, serial: 4294967295, sender: UniqueName("org.freedesktop.DBus"), reply-serial: 9, body: Str, fds: [] })
[2m2026-10-03T14:08:03.398077Z[0m [33m WARN[0m [2mplatform_linux::overlay[0m[2m:[0m X11 overlay: root reads cannot see this window's own pixels; save-unders will be served without readback confirmation

✨ cua-driver v0.33.0 is available (you have v0.32.0).
   Update with: cua-driver update
   Release notes: https://github.com/trycua/cua/releases/tag/cua-driver-rs-v0.33.0

{"trial": "Q133-modal-COMP_CR-warm-r56", "kind": "warm", "outcome": "verified", "routine_outcome": "verified", "oracle_exact_match": true, "completion_mutations": 1, "routes": ["compiled"], "error": null, "la": "2.92", "dec": 0, "prov": {"attempts": 0, "reached": 0}}
[2m2026-10-03T14:08:04.506931Z[0m [33m WARN[0m [2mcua_driver_sdk::runtime[0m[2m:[0m could not activate the persistent AT-SPI listener: AT-SPI connect failed: ZBus Error: MethodError(OwnedErrorName("org.freedesktop.DBus.Error.NameHasNoOwner"), Some("Could not activate remote peer 'org.a11y.atspi.Registry': unit failed"), Msg { type: Error, serial: 4294967295, sender: UniqueName("org.freedesktop.DBus"), reply-serial: 9, body: Str, fds: [] })
[2m2026-10-03T14:08:04.515256Z[0m [33m WARN[0m [2mplatform_linux::overlay[0m[2m:[0m X11 overlay: root reads cannot see this window's own pixels; save-unders will be served without readback confirmation

✨ cua-driver v0.33.0 is available (you have v0.32.0).
   Update with: cua-driver update
   Release notes: https://github.com/trycua/cua/releases/tag/cua-driver-rs-v0.33.0

{"trial": "Q134-modal-COMP_CR-warm-r57", "kind": "warm", "outcome": "verified", "routine_outcome": "verified", "oracle_exact_match": true, "completion_mutations": 1, "routes": ["compiled"], "error": null, "la": "2.69", "dec": 0, "prov": {"attempts": 0, "reached": 0}}
[2m2026-10-03T14:08:05.616633Z[0m [33m WARN[0m [2mcua_driver_sdk::runtime[0m[2m:[0m could not activate the persistent AT-SPI listener: AT-SPI connect failed: ZBus Error: MethodError(OwnedErrorName("org.freedesktop.DBus.Error.NameHasNoOwner"), Some("Could not activate remote peer 'org.a11y.atspi.Registry': unit failed"), Msg { type: Error, serial: 4294967295, sender: UniqueName("org.freedesktop.DBus"), reply-serial: 9, body: Str, fds: [] })
[2m2026-10-03T14:08:05.623280Z[0m [33m WARN[0m [2mplatform_linux::overlay[0m[2m:[0m X11 overlay: root reads cannot see this window's own pixels; save-unders will be served without readback confirmation

✨ cua-driver v0.33.0 is available (you have v0.32.0).
   Update with: cua-driver update
   Release notes: https://github.com/trycua/cua/releases/tag/cua-driver-rs-v0.33.0

{"trial": "Q135-modal-COMP-measured-r57", "mode": "step", "outcome": "verified", "oracle_exact_match": true, "completion_mutations": 1, "routes": ["provider", "provider"], "error": null, "la": "2.69", "prov": {"attempts": 0, "reached": 0}}
[2m2026-10-03T14:08:06.708278Z[0m [33m WARN[0m [2mcua_driver_sdk::runtime[0m[2m:[0m could not activate the persistent AT-SPI listener: AT-SPI connect failed: ZBus Error: MethodError(OwnedErrorName("org.freedesktop.DBus.Error.NameHasNoOwner"), Some("Could not activate remote peer 'org.a11y.atspi.Registry': unit failed"), Msg { type: Error, serial: 4294967295, sender: UniqueName("org.freedesktop.DBus"), reply-serial: 9, body: Str, fds: [] })
[2m2026-10-03T14:08:06.715200Z[0m [33m WARN[0m [2mplatform_linux::overlay[0m[2m:[0m X11 overlay: root reads cannot see this window's own pixels; save-unders will be served without readback confirmation

✨ cua-driver v0.33.0 is available (you have v0.32.0).
   Update with: cua-driver update
   Release notes: https://github.com/trycua/cua/releases/tag/cua-driver-rs-v0.33.0

{"trial": "Q136-modal-COMP-measured-r58", "mode": "step", "outcome": "verified", "oracle_exact_match": true, "completion_mutations": 1, "routes": ["provider", "provider"], "error": null, "la": "2.69", "prov": {"attempts": 0, "reached": 0}}
[2m2026-10-03T14:08:07.804687Z[0m [33m WARN[0m [2mcua_driver_sdk::runtime[0m[2m:[0m could not activate the persistent AT-SPI listener: AT-SPI connect failed: ZBus Error: MethodError(OwnedErrorName("org.freedesktop.DBus.Error.NameHasNoOwner"), Some("Could not activate remote peer 'org.a11y.atspi.Registry': unit failed"), Msg { type: Error, serial: 4294967295, sender: UniqueName("org.freedesktop.DBus"), reply-serial: 9, body: Str, fds: [] })
[2m2026-10-03T14:08:07.811200Z[0m [33m WARN[0m [2mplatform_linux::overlay[0m[2m:[0m X11 overlay: root reads cannot see this window's own pixels; save-unders will be served without readback confirmation

✨ cua-driver v0.33.0 is available (you have v0.32.0).
   Update with: cua-driver update
   Release notes: https://github.com/trycua/cua/releases/tag/cua-driver-rs-v0.33.0

{"trial": "Q137-modal-COMP_CR-warm-r58", "kind": "warm", "outcome": "verified", "routine_outcome": "verified", "oracle_exact_match": true, "completion_mutations": 1, "routes": ["compiled"], "error": null, "la": "2.69", "dec": 0, "prov": {"attempts": 0, "reached": 0}}
[2m2026-10-03T14:08:08.897020Z[0m [33m WARN[0m [2mcua_driver_sdk::runtime[0m[2m:[0m could not activate the persistent AT-SPI listener: AT-SPI connect failed: ZBus Error: MethodError(OwnedErrorName("org.freedesktop.DBus.Error.NameHasNoOwner"), Some("Could not activate remote peer 'org.a11y.atspi.Registry': unit failed"), Msg { type: Error, serial: 4294967295, sender: UniqueName("org.freedesktop.DBus"), reply-serial: 9, body: Str, fds: [] })
[2m2026-10-03T14:08:08.903410Z[0m [33m WARN[0m [2mplatform_linux::overlay[0m[2m:[0m X11 overlay: root reads cannot see this window's own pixels; save-unders will be served without readback confirmation

✨ cua-driver v0.33.0 is available (you have v0.32.0).
   Update with: cua-driver update
   Release notes: https://github.com/trycua/cua/releases/tag/cua-driver-rs-v0.33.0

{"trial": "Q138-toggle-COMP-measured-r58", "mode": "step", "outcome": "verified", "oracle_exact_match": true, "completion_mutations": 1, "routes": ["provider", "provider"], "error": null, "la": "2.69", "prov": {"attempts": 0, "reached": 0}}
[2m2026-10-03T14:08:09.987237Z[0m [33m WARN[0m [2mcua_driver_sdk::runtime[0m[2m:[0m could not activate the persistent AT-SPI listener: AT-SPI connect failed: ZBus Error: MethodError(OwnedErrorName("org.freedesktop.DBus.Error.NameHasNoOwner"), Some("Could not activate remote peer 'org.a11y.atspi.Registry': unit failed"), Msg { type: Error, serial: 4294967295, sender: UniqueName("org.freedesktop.DBus"), reply-serial: 9, body: Str, fds: [] })
[2m2026-10-03T14:08:09.994391Z[0m [33m WARN[0m [2mplatform_linux::overlay[0m[2m:[0m X11 overlay: root reads cannot see this window's own pixels; save-unders will be served without readback confirmation

✨ cua-driver v0.33.0 is available (you have v0.32.0).
   Update with: cua-driver update
   Release notes: https://github.com/trycua/cua/releases/tag/cua-driver-rs-v0.33.0

{"trial": "Q139-toggle-COMP_CR-warm-r58", "kind": "warm", "outcome": "verified", "routine_outcome": "verified", "oracle_exact_match": true, "completion_mutations": 1, "routes": ["compiled"], "error": null, "la": "3.43", "dec": 0, "prov": {"attempts": 0, "reached": 0}}
[2m2026-10-03T14:08:20.079495Z[0m [33m WARN[0m [2mcua_driver_sdk::runtime[0m[2m:[0m could not activate the persistent AT-SPI listener: AT-SPI connect failed: ZBus Error: MethodError(OwnedErrorName("org.freedesktop.DBus.Error.NameHasNoOwner"), Some("Could not activate remote peer 'org.a11y.atspi.Registry': unit failed"), Msg { type: Error, serial: 4294967295, sender: UniqueName("org.freedesktop.DBus"), reply-serial: 9, body: Str, fds: [] })
[2m2026-10-03T14:08:20.086613Z[0m [33m WARN[0m [2mplatform_linux::overlay[0m[2m:[0m X11 overlay: root reads cannot see this window's own pixels; save-unders will be served without readback confirmation

✨ cua-driver v0.33.0 is available (you have v0.32.0).
   Update with: cua-driver update
   Release notes: https://github.com/trycua/cua/releases/tag/cua-driver-rs-v0.33.0

{"trial": "Q140-modal-COMP_CR-warm-r59", "kind": "warm", "outcome": "verified", "routine_outcome": "verified", "oracle_exact_match": true, "completion_mutations": 1, "routes": ["compiled"], "error": null, "la": "2.90", "dec": 0, "prov": {"attempts": 0, "reached": 0}}
[2m2026-10-03T14:08:21.191380Z[0m [33m WARN[0m [2mcua_driver_sdk::runtime[0m[2m:[0m could not activate the persistent AT-SPI listener: AT-SPI connect failed: ZBus Error: MethodError(OwnedErrorName("org.freedesktop.DBus.Error.NameHasNoOwner"), Some("Could not activate remote peer 'org.a11y.atspi.Registry': unit failed"), Msg { type: Error, serial: 4294967295, sender: UniqueName("org.freedesktop.DBus"), reply-serial: 9, body: Str, fds: [] })
[2m2026-10-03T14:08:21.198575Z[0m [33m WARN[0m [2mplatform_linux::overlay[0m[2m:[0m X11 overlay: root reads cannot see this window's own pixels; save-unders will be served without readback confirmation

✨ cua-driver v0.33.0 is available (you have v0.32.0).
   Update with: cua-driver update
   Release notes: https://github.com/trycua/cua/releases/tag/cua-driver-rs-v0.33.0

{"trial": "Q141-modal-COMP-measured-r59", "mode": "step", "outcome": "verified", "oracle_exact_match": true, "completion_mutations": 1, "routes": ["provider", "provider"], "error": null, "la": "2.90", "prov": {"attempts": 0, "reached": 0}}
A connection to the bus can't be made
CRITICAL: [dbus_cb_name_lost:1438] Cannot connect to DBus.
X connection to :100 broken (explicit kill or server shutdown).
[2026-10-03T14:08:22.392Z] chunk R2-07e-Q6 rc=0 loadavg=2.90 3.26 4.05
