[session] DISPLAY=:100 openbox=2567017 picom=2567018 dbus=unix:path=<tmp>,guid=8a12dc556288b3e24c6b14ed6abf1097
== r2-08 DISPLAY=:100 args=--phase base --rounds 20
== driver_version=cua-driver 0.32.0
== driver_sha256=8b03796185055cc40c1a9ef0b2b4bbe9595a3eefa4f9a3aa64f34e5ce1974cd3
== chrome_version=Google Chrome 151.0.7922.71 
== loadavg=8.18 7.02 5.14 1/2199 2567204
Cua Driver sends content-free product telemetry by default. Run `cua-driver telemetry disable` to stop it; `cua-driver telemetry status` shows the current setting.
dbus-daemon[2567015]: [session uid=1000 pid=2567015 pidfd=4] Activating service name='org.a11y.Bus' requested by ':1.0' (uid=1000 pid=2567211 comm="<lanes>/bin/cua-driver-r2")
dbus-daemon[2567015]: [session uid=1000 pid=2567015 pidfd=4] Successfully activated service 'org.a11y.Bus'
dbus-daemon[2567015]: [session uid=1000 pid=2567015 pidfd=4] Activating service name='ca.desrt.dconf' requested by ':1.1' (uid=1000 pid=2567222 comm="/usr/lib/at-spi-bus-launcher")
dbus-daemon[2567015]: [session uid=1000 pid=2567015 pidfd=4] Successfully activated service 'ca.desrt.dconf'
dbus-daemon[2567015]: [session uid=1000 pid=2567015 pidfd=4] Activating service name='org.freedesktop.systemd1' requested by ':1.4' (uid=1000 pid=2567238 comm="/usr/bin/dbus-broker-launch --config-file=/usr/sha")
dbus-daemon[2567015]: [session uid=1000 pid=2567015 pidfd=4] Activated service 'org.freedesktop.systemd1' failed: Process org.freedesktop.systemd1 exited with status 1
[2m2026-10-02T02:02:02.261656Z[0m [33m WARN[0m [2mcua_driver_sdk::runtime[0m[2m:[0m could not activate the persistent AT-SPI listener: AT-SPI connect failed: ZBus Error: MethodError(OwnedErrorName("org.freedesktop.DBus.Error.NameHasNoOwner"), Some("Could not activate remote peer 'org.a11y.atspi.Registry': unit failed"), Msg { type: Error, serial: 4294967295, sender: UniqueName("org.freedesktop.DBus"), reply-serial: 10, body: Str, fds: [] })
[2m2026-10-02T02:02:02.269726Z[0m [33m WARN[0m [2mplatform_linux::overlay[0m[2m:[0m X11 overlay: root reads cannot see this window's own pixels; save-unders will be served without readback confirmation
dbus-daemon[2567015]: [session uid=1000 pid=2567015 pidfd=4] Activating service name='org.gtk.vfs.Daemon' requested by ':1.5' (uid=1000 pid=2567298 comm="/opt/google/chrome/chrome --remote-debugging-port=")
dbus-daemon[2567015]: [session uid=1000 pid=2567015 pidfd=4] Successfully activated service 'org.gtk.vfs.Daemon'
dbus-daemon[2567015]: [session uid=1000 pid=2567015 pidfd=4] Activating service name='org.freedesktop.systemd1' requested by ':1.4' (uid=1000 pid=2567238 comm="/usr/bin/dbus-broker-launch --config-file=/usr/sha")
dbus-daemon[2567015]: [session uid=1000 pid=2567015 pidfd=4] Activated service 'org.freedesktop.systemd1' failed: Process org.freedesktop.systemd1 exited with status 1
dbus-daemon[2567015]: [session uid=1000 pid=2567015 pidfd=4] Activating service name='org.freedesktop.systemd1' requested by ':1.4' (uid=1000 pid=2567238 comm="/usr/bin/dbus-broker-launch --config-file=/usr/sha")
dbus-daemon[2567015]: [session uid=1000 pid=2567015 pidfd=4] Activated service 'org.freedesktop.systemd1' failed: Process org.freedesktop.systemd1 exited with status 1
dbus-daemon[2567015]: [session uid=1000 pid=2567015 pidfd=4] Activating service name='org.freedesktop.Notifications' requested by ':1.8' (uid=1000 pid=2567298 comm="/opt/google/chrome/chrome --remote-debugging-port=")
dbus-daemon[2567015]: [session uid=1000 pid=2567015 pidfd=4] Successfully activated service 'org.freedesktop.Notifications'
dbus-daemon[2567015]: [session uid=1000 pid=2567015 pidfd=4] Activating service name='org.freedesktop.portal.Desktop' requested by ':1.8' (uid=1000 pid=2567298 comm="/opt/google/chrome/chrome --remote-debugging-port=")
dbus-daemon[2567015]: [session uid=1000 pid=2567015 pidfd=4] Activating service name='org.freedesktop.impl.portal.PermissionStore' requested by ':1.10' (uid=1000 pid=2567522 comm="/usr/lib/xdg-desktop-portal")
dbus-daemon[2567015]: [session uid=1000 pid=2567015 pidfd=4] Successfully activated service 'org.freedesktop.impl.portal.PermissionStore'
dbus-daemon[2567015]: [session uid=1000 pid=2567015 pidfd=4] Activating service name='org.freedesktop.portal.Documents' requested by ':1.10' (uid=1000 pid=2567522 comm="/usr/lib/xdg-desktop-portal")
dbus-daemon[2567015]: [session uid=1000 pid=2567015 pidfd=4] Successfully activated service 'org.freedesktop.portal.Documents'

(/usr/lib/xdg-desktop-portal:2567522): xdg-desktop-portal-WARNING **: 21:02:03.124: Choosing gtk.portal for org.freedesktop.impl.portal.Lockdown as a last-resort fallback
dbus-daemon[2567015]: [session uid=1000 pid=2567015 pidfd=4] Activating service name='org.freedesktop.impl.portal.desktop.gtk' requested by ':1.10' (uid=1000 pid=2567522 comm="/usr/lib/xdg-desktop-portal")
dbus-daemon[2567015]: [session uid=1000 pid=2567015 pidfd=4] Activating service name='org.freedesktop.systemd1' requested by ':1.4' (uid=1000 pid=2567238 comm="/usr/bin/dbus-broker-launch --config-file=/usr/sha")
dbus-daemon[2567015]: [session uid=1000 pid=2567015 pidfd=4] Activated service 'org.freedesktop.systemd1' failed: Process org.freedesktop.systemd1 exited with status 1
dbus-daemon[2567015]: [session uid=1000 pid=2567015 pidfd=4] Successfully activated service 'org.freedesktop.impl.portal.desktop.gtk'

** (xdg-desktop-portal-gtk:2567546): WARNING **: 21:02:03.146: AT-SPI: Could not obtain desktop path or name

dbus-daemon[2567015]: [session uid=1000 pid=2567015 pidfd=4] Activating service name='org.freedesktop.systemd1' requested by ':1.4' (uid=1000 pid=2567238 comm="/usr/bin/dbus-broker-launch --config-file=/usr/sha")

(/usr/lib/xdg-desktop-portal:2567522): xdg-desktop-portal-WARNING **: 21:02:03.147: Choosing gtk.portal for org.freedesktop.impl.portal.Access as a last-resort fallback
dbus-daemon[2567015]: [session uid=1000 pid=2567015 pidfd=4] Activated service 'org.freedesktop.systemd1' failed: Process org.freedesktop.systemd1 exited with status 1

** (xdg-desktop-portal-gtk:2567546): WARNING **: 21:02:03.147: atk-bridge: GetRegisteredEvents returned message with unknown signature

** (xdg-desktop-portal-gtk:2567546): WARNING **: 21:02:03.147: atk-bridge: get_device_events_reply: unknown signature

(/usr/lib/xdg-desktop-portal:2567522): xdg-desktop-portal-WARNING **: 21:02:03.165: Choosing gtk.portal for org.freedesktop.impl.portal.Settings as a last-resort fallback

(/usr/lib/xdg-desktop-portal:2567522): xdg-desktop-portal-WARNING **: 21:02:03.166: Choosing gtk.portal for org.freedesktop.impl.portal.FileChooser as a last-resort fallback

(/usr/lib/xdg-desktop-portal:2567522): xdg-desktop-portal-WARNING **: 21:02:03.166: Choosing gtk.portal for org.freedesktop.impl.portal.AppChooser as a last-resort fallback

(/usr/lib/xdg-desktop-portal:2567522): xdg-desktop-portal-WARNING **: 21:02:03.166: Choosing gtk.portal for org.freedesktop.impl.portal.Print as a last-resort fallback

(/usr/lib/xdg-desktop-portal:2567522): xdg-desktop-portal-WARNING **: 21:02:03.167: Choosing gtk.portal for org.freedesktop.impl.portal.Notification as a last-resort fallback

(/usr/lib/xdg-desktop-portal:2567522): xdg-desktop-portal-WARNING **: 21:02:03.167: Choosing gtk.portal for org.freedesktop.impl.portal.Inhibit as a last-resort fallback

(/usr/lib/xdg-desktop-portal:2567522): xdg-desktop-portal-WARNING **: 21:02:03.168: Failed to connect to PipeWire: Couldn't connect to PipeWire

(/usr/lib/xdg-desktop-portal:2567522): xdg-desktop-portal-WARNING **: 21:02:03.168: Choosing gtk.portal for org.freedesktop.impl.portal.Account as a last-resort fallback

(/usr/lib/xdg-desktop-portal:2567522): xdg-desktop-portal-WARNING **: 21:02:03.169: Choosing gtk.portal for org.freedesktop.impl.portal.Email as a last-resort fallback

(/usr/lib/xdg-desktop-portal:2567522): xdg-desktop-portal-WARNING **: 21:02:03.169: Choosing gtk.portal for org.freedesktop.impl.portal.DynamicLauncher as a last-resort fallback
dbus-daemon[2567015]: [session uid=1000 pid=2567015 pidfd=4] Successfully activated service 'org.freedesktop.portal.Desktop'
{"trial": "b00-0-G_on", "final": "value", "error": null, "load": "8.18"}
dbus-daemon[2567015]: [session uid=1000 pid=2567015 pidfd=4] Activating service name='org.freedesktop.systemd1' requested by ':1.4' (uid=1000 pid=2567238 comm="/usr/bin/dbus-broker-launch --config-file=/usr/sha")
dbus-daemon[2567015]: [session uid=1000 pid=2567015 pidfd=4] Activated service 'org.freedesktop.systemd1' failed: Process org.freedesktop.systemd1 exited with status 1
[2m2026-10-02T02:02:07.243685Z[0m [33m WARN[0m [2mcua_driver_sdk::runtime[0m[2m:[0m could not activate the persistent AT-SPI listener: AT-SPI connect failed: ZBus Error: MethodError(OwnedErrorName("org.freedesktop.DBus.Error.NameHasNoOwner"), Some("Could not activate remote peer 'org.a11y.atspi.Registry': unit failed"), Msg { type: Error, serial: 4294967295, sender: UniqueName("org.freedesktop.DBus"), reply-serial: 9, body: Str, fds: [] })
[2m2026-10-02T02:02:07.250634Z[0m [33m WARN[0m [2mplatform_linux::overlay[0m[2m:[0m X11 overlay: root reads cannot see this window's own pixels; save-unders will be served without readback confirmation
dbus-daemon[2567015]: [session uid=1000 pid=2567015 pidfd=4] Activating service name='org.freedesktop.systemd1' requested by ':1.4' (uid=1000 pid=2567238 comm="/usr/bin/dbus-broker-launch --config-file=/usr/sha")
dbus-daemon[2567015]: [session uid=1000 pid=2567015 pidfd=4] Activated service 'org.freedesktop.systemd1' failed: Process org.freedesktop.systemd1 exited with status 1
dbus-daemon[2567015]: [session uid=1000 pid=2567015 pidfd=4] Activating service name='org.freedesktop.systemd1' requested by ':1.4' (uid=1000 pid=2567238 comm="/usr/bin/dbus-broker-launch --config-file=/usr/sha")
dbus-daemon[2567015]: [session uid=1000 pid=2567015 pidfd=4] Activated service 'org.freedesktop.systemd1' failed: Process org.freedesktop.systemd1 exited with status 1
{"trial": "b00-1-G_off", "final": "value", "error": null, "load": "7.84"}
dbus-daemon[2567015]: [session uid=1000 pid=2567015 pidfd=4] Activating service name='org.freedesktop.systemd1' requested by ':1.4' (uid=1000 pid=2567238 comm="/usr/bin/dbus-broker-launch --config-file=/usr/sha")
dbus-daemon[2567015]: [session uid=1000 pid=2567015 pidfd=4] Activated service 'org.freedesktop.systemd1' failed: Process org.freedesktop.systemd1 exited with status 1
[2m2026-10-02T02:02:08.689466Z[0m [33m WARN[0m [2mcua_driver_sdk::runtime[0m[2m:[0m could not activate the persistent AT-SPI listener: AT-SPI connect failed: ZBus Error: MethodError(OwnedErrorName("org.freedesktop.DBus.Error.NameHasNoOwner"), Some("Could not activate remote peer 'org.a11y.atspi.Registry': unit failed"), Msg { type: Error, serial: 4294967295, sender: UniqueName("org.freedesktop.DBus"), reply-serial: 9, body: Str, fds: [] })
[2m2026-10-02T02:02:08.698591Z[0m [33m WARN[0m [2mplatform_linux::overlay[0m[2m:[0m X11 overlay: root reads cannot see this window's own pixels; save-unders will be served without readback confirmation
dbus-daemon[2567015]: [session uid=1000 pid=2567015 pidfd=4] Activating service name='org.freedesktop.systemd1' requested by ':1.4' (uid=1000 pid=2567238 comm="/usr/bin/dbus-broker-launch --config-file=/usr/sha")
dbus-daemon[2567015]: [session uid=1000 pid=2567015 pidfd=4] Activated service 'org.freedesktop.systemd1' failed: Process org.freedesktop.systemd1 exited with status 1
dbus-daemon[2567015]: [session uid=1000 pid=2567015 pidfd=4] Activating service name='org.freedesktop.systemd1' requested by ':1.4' (uid=1000 pid=2567238 comm="/usr/bin/dbus-broker-launch --config-file=/usr/sha")
dbus-daemon[2567015]: [session uid=1000 pid=2567015 pidfd=4] Activated service 'org.freedesktop.systemd1' failed: Process org.freedesktop.systemd1 exited with status 1
{"trial": "b00-2-API", "final": "value", "error": null, "load": "7.30"}
dbus-daemon[2567015]: [session uid=1000 pid=2567015 pidfd=4] Activating service name='org.freedesktop.systemd1' requested by ':1.4' (uid=1000 pid=2567238 comm="/usr/bin/dbus-broker-launch --config-file=/usr/sha")
dbus-daemon[2567015]: [session uid=1000 pid=2567015 pidfd=4] Activated service 'org.freedesktop.systemd1' failed: Process org.freedesktop.systemd1 exited with status 1
[2m2026-10-02T02:02:09.956140Z[0m [33m WARN[0m [2mcua_driver_sdk::runtime[0m[2m:[0m could not activate the persistent AT-SPI listener: AT-SPI connect failed: ZBus Error: MethodError(OwnedErrorName("org.freedesktop.DBus.Error.NameHasNoOwner"), Some("Could not activate remote peer 'org.a11y.atspi.Registry': unit failed"), Msg { type: Error, serial: 4294967295, sender: UniqueName("org.freedesktop.DBus"), reply-serial: 9, body: Str, fds: [] })
[2m2026-10-02T02:02:09.963128Z[0m [33m WARN[0m [2mplatform_linux::overlay[0m[2m:[0m X11 overlay: root reads cannot see this window's own pixels; save-unders will be served without readback confirmation
dbus-daemon[2567015]: [session uid=1000 pid=2567015 pidfd=4] Activating service name='org.freedesktop.systemd1' requested by ':1.4' (uid=1000 pid=2567238 comm="/usr/bin/dbus-broker-launch --config-file=/usr/sha")
dbus-daemon[2567015]: [session uid=1000 pid=2567015 pidfd=4] Activated service 'org.freedesktop.systemd1' failed: Process org.freedesktop.systemd1 exited with status 1
dbus-daemon[2567015]: [session uid=1000 pid=2567015 pidfd=4] Activating service name='org.freedesktop.systemd1' requested by ':1.4' (uid=1000 pid=2567238 comm="/usr/bin/dbus-broker-launch --config-file=/usr/sha")
dbus-daemon[2567015]: [session uid=1000 pid=2567015 pidfd=4] Activated service 'org.freedesktop.systemd1' failed: Process org.freedesktop.systemd1 exited with status 1
{"trial": "b01-0-G_off", "final": "value", "error": null, "load": "7.30"}
dbus-daemon[2567015]: [session uid=1000 pid=2567015 pidfd=4] Activating service name='org.freedesktop.systemd1' requested by ':1.4' (uid=1000 pid=2567238 comm="/usr/bin/dbus-broker-launch --config-file=/usr/sha")
dbus-daemon[2567015]: [session uid=1000 pid=2567015 pidfd=4] Activated service 'org.freedesktop.systemd1' failed: Process org.freedesktop.systemd1 exited with status 1
[2m2026-10-02T02:02:11.387222Z[0m [33m WARN[0m [2mcua_driver_sdk::runtime[0m[2m:[0m could not activate the persistent AT-SPI listener: AT-SPI connect failed: ZBus Error: MethodError(OwnedErrorName("org.freedesktop.DBus.Error.NameHasNoOwner"), Some("Could not activate remote peer 'org.a11y.atspi.Registry': unit failed"), Msg { type: Error, serial: 4294967295, sender: UniqueName("org.freedesktop.DBus"), reply-serial: 9, body: Str, fds: [] })
[2m2026-10-02T02:02:11.394752Z[0m [33m WARN[0m [2mplatform_linux::overlay[0m[2m:[0m X11 overlay: root reads cannot see this window's own pixels; save-unders will be served without readback confirmation
dbus-daemon[2567015]: [session uid=1000 pid=2567015 pidfd=4] Activating service name='org.freedesktop.systemd1' requested by ':1.4' (uid=1000 pid=2567238 comm="/usr/bin/dbus-broker-launch --config-file=/usr/sha")
dbus-daemon[2567015]: [session uid=1000 pid=2567015 pidfd=4] Activated service 'org.freedesktop.systemd1' failed: Process org.freedesktop.systemd1 exited with status 1
dbus-daemon[2567015]: [session uid=1000 pid=2567015 pidfd=4] Activating service name='org.freedesktop.systemd1' requested by ':1.4' (uid=1000 pid=2567238 comm="/usr/bin/dbus-broker-launch --config-file=/usr/sha")
dbus-daemon[2567015]: [session uid=1000 pid=2567015 pidfd=4] Activated service 'org.freedesktop.systemd1' failed: Process org.freedesktop.systemd1 exited with status 1
{"trial": "b01-1-API", "final": "value", "error": null, "load": "7.30"}
dbus-daemon[2567015]: [session uid=1000 pid=2567015 pidfd=4] Activating service name='org.freedesktop.systemd1' requested by ':1.4' (uid=1000 pid=2567238 comm="/usr/bin/dbus-broker-launch --config-file=/usr/sha")
dbus-daemon[2567015]: [session uid=1000 pid=2567015 pidfd=4] Activated service 'org.freedesktop.systemd1' failed: Process org.freedesktop.systemd1 exited with status 1
[2m2026-10-02T02:02:12.638843Z[0m [33m WARN[0m [2mcua_driver_sdk::runtime[0m[2m:[0m could not activate the persistent AT-SPI listener: AT-SPI connect failed: ZBus Error: MethodError(OwnedErrorName("org.freedesktop.DBus.Error.NameHasNoOwner"), Some("Could not activate remote peer 'org.a11y.atspi.Registry': unit failed"), Msg { type: Error, serial: 4294967295, sender: UniqueName("org.freedesktop.DBus"), reply-serial: 9, body: Str, fds: [] })
[2m2026-10-02T02:02:12.645827Z[0m [33m WARN[0m [2mplatform_linux::overlay[0m[2m:[0m X11 overlay: root reads cannot see this window's own pixels; save-unders will be served without readback confirmation
dbus-daemon[2567015]: [session uid=1000 pid=2567015 pidfd=4] Activating service name='org.freedesktop.systemd1' requested by ':1.4' (uid=1000 pid=2567238 comm="/usr/bin/dbus-broker-launch --config-file=/usr/sha")
dbus-daemon[2567015]: [session uid=1000 pid=2567015 pidfd=4] Activated service 'org.freedesktop.systemd1' failed: Process org.freedesktop.systemd1 exited with status 1
dbus-daemon[2567015]: [session uid=1000 pid=2567015 pidfd=4] Activating service name='org.freedesktop.systemd1' requested by ':1.4' (uid=1000 pid=2567238 comm="/usr/bin/dbus-broker-launch --config-file=/usr/sha")
dbus-daemon[2567015]: [session uid=1000 pid=2567015 pidfd=4] Activated service 'org.freedesktop.systemd1' failed: Process org.freedesktop.systemd1 exited with status 1
{"trial": "b01-2-G_on", "final": "value", "error": null, "load": "7.30"}
dbus-daemon[2567015]: [session uid=1000 pid=2567015 pidfd=4] Activating service name='org.freedesktop.systemd1' requested by ':1.4' (uid=1000 pid=2567238 comm="/usr/bin/dbus-broker-launch --config-file=/usr/sha")
dbus-daemon[2567015]: [session uid=1000 pid=2567015 pidfd=4] Activated service 'org.freedesktop.systemd1' failed: Process org.freedesktop.systemd1 exited with status 1
[2m2026-10-02T02:02:17.057644Z[0m [33m WARN[0m [2mcua_driver_sdk::runtime[0m[2m:[0m could not activate the persistent AT-SPI listener: AT-SPI connect failed: ZBus Error: MethodError(OwnedErrorName("org.freedesktop.DBus.Error.NameHasNoOwner"), Some("Could not activate remote peer 'org.a11y.atspi.Registry': unit failed"), Msg { type: Error, serial: 4294967295, sender: UniqueName("org.freedesktop.DBus"), reply-serial: 9, body: Str, fds: [] })
[2m2026-10-02T02:02:17.064764Z[0m [33m WARN[0m [2mplatform_linux::overlay[0m[2m:[0m X11 overlay: root reads cannot see this window's own pixels; save-unders will be served without readback confirmation
dbus-daemon[2567015]: [session uid=1000 pid=2567015 pidfd=4] Activating service name='org.freedesktop.systemd1' requested by ':1.4' (uid=1000 pid=2567238 comm="/usr/bin/dbus-broker-launch --config-file=/usr/sha")
dbus-daemon[2567015]: [session uid=1000 pid=2567015 pidfd=4] Activated service 'org.freedesktop.systemd1' failed: Process org.freedesktop.systemd1 exited with status 1
dbus-daemon[2567015]: [session uid=1000 pid=2567015 pidfd=4] Activating service name='org.freedesktop.systemd1' requested by ':1.4' (uid=1000 pid=2567238 comm="/usr/bin/dbus-broker-launch --config-file=/usr/sha")
dbus-daemon[2567015]: [session uid=1000 pid=2567015 pidfd=4] Activated service 'org.freedesktop.systemd1' failed: Process org.freedesktop.systemd1 exited with status 1
{"trial": "b02-0-API", "final": "value", "error": null, "load": "6.87"}
dbus-daemon[2567015]: [session uid=1000 pid=2567015 pidfd=4] Activating service name='org.freedesktop.systemd1' requested by ':1.4' (uid=1000 pid=2567238 comm="/usr/bin/dbus-broker-launch --config-file=/usr/sha")
dbus-daemon[2567015]: [session uid=1000 pid=2567015 pidfd=4] Activated service 'org.freedesktop.systemd1' failed: Process org.freedesktop.systemd1 exited with status 1
[2m2026-10-02T02:02:18.319846Z[0m [33m WARN[0m [2mcua_driver_sdk::runtime[0m[2m:[0m could not activate the persistent AT-SPI listener: AT-SPI connect failed: ZBus Error: MethodError(OwnedErrorName("org.freedesktop.DBus.Error.NameHasNoOwner"), Some("Could not activate remote peer 'org.a11y.atspi.Registry': unit failed"), Msg { type: Error, serial: 4294967295, sender: UniqueName("org.freedesktop.DBus"), reply-serial: 9, body: Str, fds: [] })
[2m2026-10-02T02:02:18.327151Z[0m [33m WARN[0m [2mplatform_linux::overlay[0m[2m:[0m X11 overlay: root reads cannot see this window's own pixels; save-unders will be served without readback confirmation
dbus-daemon[2567015]: [session uid=1000 pid=2567015 pidfd=4] Activating service name='org.freedesktop.systemd1' requested by ':1.4' (uid=1000 pid=2567238 comm="/usr/bin/dbus-broker-launch --config-file=/usr/sha")
dbus-daemon[2567015]: [session uid=1000 pid=2567015 pidfd=4] Activated service 'org.freedesktop.systemd1' failed: Process org.freedesktop.systemd1 exited with status 1
dbus-daemon[2567015]: [session uid=1000 pid=2567015 pidfd=4] Activating service name='org.freedesktop.systemd1' requested by ':1.4' (uid=1000 pid=2567238 comm="/usr/bin/dbus-broker-launch --config-file=/usr/sha")
dbus-daemon[2567015]: [session uid=1000 pid=2567015 pidfd=4] Activated service 'org.freedesktop.systemd1' failed: Process org.freedesktop.systemd1 exited with status 1
{"trial": "b02-1-G_on", "final": "value", "error": null, "load": "6.48"}
dbus-daemon[2567015]: [session uid=1000 pid=2567015 pidfd=4] Activating service name='org.freedesktop.systemd1' requested by ':1.4' (uid=1000 pid=2567238 comm="/usr/bin/dbus-broker-launch --config-file=/usr/sha")
dbus-daemon[2567015]: [session uid=1000 pid=2567015 pidfd=4] Activated service 'org.freedesktop.systemd1' failed: Process org.freedesktop.systemd1 exited with status 1
[2m2026-10-02T02:02:22.759122Z[0m [33m WARN[0m [2mcua_driver_sdk::runtime[0m[2m:[0m could not activate the persistent AT-SPI listener: AT-SPI connect failed: ZBus Error: MethodError(OwnedErrorName("org.freedesktop.DBus.Error.NameHasNoOwner"), Some("Could not activate remote peer 'org.a11y.atspi.Registry': unit failed"), Msg { type: Error, serial: 4294967295, sender: UniqueName("org.freedesktop.DBus"), reply-serial: 9, body: Str, fds: [] })
[2m2026-10-02T02:02:22.766351Z[0m [33m WARN[0m [2mplatform_linux::overlay[0m[2m:[0m X11 overlay: root reads cannot see this window's own pixels; save-unders will be served without readback confirmation
dbus-daemon[2567015]: [session uid=1000 pid=2567015 pidfd=4] Activating service name='org.freedesktop.systemd1' requested by ':1.4' (uid=1000 pid=2567238 comm="/usr/bin/dbus-broker-launch --config-file=/usr/sha")
dbus-daemon[2567015]: [session uid=1000 pid=2567015 pidfd=4] Activated service 'org.freedesktop.systemd1' failed: Process org.freedesktop.systemd1 exited with status 1
dbus-daemon[2567015]: [session uid=1000 pid=2567015 pidfd=4] Activating service name='org.freedesktop.systemd1' requested by ':1.4' (uid=1000 pid=2567238 comm="/usr/bin/dbus-broker-launch --config-file=/usr/sha")
dbus-daemon[2567015]: [session uid=1000 pid=2567015 pidfd=4] Activated service 'org.freedesktop.systemd1' failed: Process org.freedesktop.systemd1 exited with status 1
{"trial": "b02-2-G_off", "final": "value", "error": null, "load": "6.48"}
dbus-daemon[2567015]: [session uid=1000 pid=2567015 pidfd=4] Activating service name='org.freedesktop.systemd1' requested by ':1.4' (uid=1000 pid=2567238 comm="/usr/bin/dbus-broker-launch --config-file=/usr/sha")
dbus-daemon[2567015]: [session uid=1000 pid=2567015 pidfd=4] Activated service 'org.freedesktop.systemd1' failed: Process org.freedesktop.systemd1 exited with status 1
[2m2026-10-02T02:02:24.192221Z[0m [33m WARN[0m [2mcua_driver_sdk::runtime[0m[2m:[0m could not activate the persistent AT-SPI listener: AT-SPI connect failed: ZBus Error: MethodError(OwnedErrorName("org.freedesktop.DBus.Error.NameHasNoOwner"), Some("Could not activate remote peer 'org.a11y.atspi.Registry': unit failed"), Msg { type: Error, serial: 4294967295, sender: UniqueName("org.freedesktop.DBus"), reply-serial: 9, body: Str, fds: [] })
[2m2026-10-02T02:02:24.200220Z[0m [33m WARN[0m [2mplatform_linux::overlay[0m[2m:[0m X11 overlay: root reads cannot see this window's own pixels; save-unders will be served without readback confirmation
dbus-daemon[2567015]: [session uid=1000 pid=2567015 pidfd=4] Activating service name='org.freedesktop.systemd1' requested by ':1.4' (uid=1000 pid=2567238 comm="/usr/bin/dbus-broker-launch --config-file=/usr/sha")
dbus-daemon[2567015]: [session uid=1000 pid=2567015 pidfd=4] Activated service 'org.freedesktop.systemd1' failed: Process org.freedesktop.systemd1 exited with status 1
dbus-daemon[2567015]: [session uid=1000 pid=2567015 pidfd=4] Activating service name='org.freedesktop.systemd1' requested by ':1.4' (uid=1000 pid=2567238 comm="/usr/bin/dbus-broker-launch --config-file=/usr/sha")
dbus-daemon[2567015]: [session uid=1000 pid=2567015 pidfd=4] Activated service 'org.freedesktop.systemd1' failed: Process org.freedesktop.systemd1 exited with status 1
{"trial": "b03-0-G_on", "final": "value", "error": null, "load": "6.12"}
dbus-daemon[2567015]: [session uid=1000 pid=2567015 pidfd=4] Activating service name='org.freedesktop.systemd1' requested by ':1.4' (uid=1000 pid=2567238 comm="/usr/bin/dbus-broker-launch --config-file=/usr/sha")
dbus-daemon[2567015]: [session uid=1000 pid=2567015 pidfd=4] Activated service 'org.freedesktop.systemd1' failed: Process org.freedesktop.systemd1 exited with status 1
[2m2026-10-02T02:02:28.670890Z[0m [33m WARN[0m [2mcua_driver_sdk::runtime[0m[2m:[0m could not activate the persistent AT-SPI listener: AT-SPI connect failed: ZBus Error: MethodError(OwnedErrorName("org.freedesktop.DBus.Error.NameHasNoOwner"), Some("Could not activate remote peer 'org.a11y.atspi.Registry': unit failed"), Msg { type: Error, serial: 4294967295, sender: UniqueName("org.freedesktop.DBus"), reply-serial: 9, body: Str, fds: [] })
[2m2026-10-02T02:02:28.678095Z[0m [33m WARN[0m [2mplatform_linux::overlay[0m[2m:[0m X11 overlay: root reads cannot see this window's own pixels; save-unders will be served without readback confirmation
dbus-daemon[2567015]: [session uid=1000 pid=2567015 pidfd=4] Activating service name='org.freedesktop.systemd1' requested by ':1.4' (uid=1000 pid=2567238 comm="/usr/bin/dbus-broker-launch --config-file=/usr/sha")
dbus-daemon[2567015]: [session uid=1000 pid=2567015 pidfd=4] Activated service 'org.freedesktop.systemd1' failed: Process org.freedesktop.systemd1 exited with status 1
dbus-daemon[2567015]: [session uid=1000 pid=2567015 pidfd=4] Activating service name='org.freedesktop.systemd1' requested by ':1.4' (uid=1000 pid=2567238 comm="/usr/bin/dbus-broker-launch --config-file=/usr/sha")
dbus-daemon[2567015]: [session uid=1000 pid=2567015 pidfd=4] Activated service 'org.freedesktop.systemd1' failed: Process org.freedesktop.systemd1 exited with status 1
{"trial": "b03-1-G_off", "final": "value", "error": null, "load": "5.79"}
dbus-daemon[2567015]: [session uid=1000 pid=2567015 pidfd=4] Activating service name='org.freedesktop.systemd1' requested by ':1.4' (uid=1000 pid=2567238 comm="/usr/bin/dbus-broker-launch --config-file=/usr/sha")
dbus-daemon[2567015]: [session uid=1000 pid=2567015 pidfd=4] Activated service 'org.freedesktop.systemd1' failed: Process org.freedesktop.systemd1 exited with status 1
[2m2026-10-02T02:02:30.109883Z[0m [33m WARN[0m [2mcua_driver_sdk::runtime[0m[2m:[0m could not activate the persistent AT-SPI listener: AT-SPI connect failed: ZBus Error: MethodError(OwnedErrorName("org.freedesktop.DBus.Error.NameHasNoOwner"), Some("Could not activate remote peer 'org.a11y.atspi.Registry': unit failed"), Msg { type: Error, serial: 4294967295, sender: UniqueName("org.freedesktop.DBus"), reply-serial: 9, body: Str, fds: [] })
[2m2026-10-02T02:02:30.118215Z[0m [33m WARN[0m [2mplatform_linux::overlay[0m[2m:[0m X11 overlay: root reads cannot see this window's own pixels; save-unders will be served without readback confirmation
dbus-daemon[2567015]: [session uid=1000 pid=2567015 pidfd=4] Activating service name='org.freedesktop.systemd1' requested by ':1.4' (uid=1000 pid=2567238 comm="/usr/bin/dbus-broker-launch --config-file=/usr/sha")
dbus-daemon[2567015]: [session uid=1000 pid=2567015 pidfd=4] Activated service 'org.freedesktop.systemd1' failed: Process org.freedesktop.systemd1 exited with status 1
dbus-daemon[2567015]: [session uid=1000 pid=2567015 pidfd=4] Activating service name='org.freedesktop.systemd1' requested by ':1.4' (uid=1000 pid=2567238 comm="/usr/bin/dbus-broker-launch --config-file=/usr/sha")
dbus-daemon[2567015]: [session uid=1000 pid=2567015 pidfd=4] Activated service 'org.freedesktop.systemd1' failed: Process org.freedesktop.systemd1 exited with status 1
{"trial": "b03-2-API", "final": "value", "error": null, "load": "5.79"}
dbus-daemon[2567015]: [session uid=1000 pid=2567015 pidfd=4] Activating service name='org.freedesktop.systemd1' requested by ':1.4' (uid=1000 pid=2567238 comm="/usr/bin/dbus-broker-launch --config-file=/usr/sha")
dbus-daemon[2567015]: [session uid=1000 pid=2567015 pidfd=4] Activated service 'org.freedesktop.systemd1' failed: Process org.freedesktop.systemd1 exited with status 1
[2m2026-10-02T02:02:31.377950Z[0m [33m WARN[0m [2mcua_driver_sdk::runtime[0m[2m:[0m could not activate the persistent AT-SPI listener: AT-SPI connect failed: ZBus Error: MethodError(OwnedErrorName("org.freedesktop.DBus.Error.NameHasNoOwner"), Some("Could not activate remote peer 'org.a11y.atspi.Registry': unit failed"), Msg { type: Error, serial: 4294967295, sender: UniqueName("org.freedesktop.DBus"), reply-serial: 9, body: Str, fds: [] })
[2m2026-10-02T02:02:31.385324Z[0m [33m WARN[0m [2mplatform_linux::overlay[0m[2m:[0m X11 overlay: root reads cannot see this window's own pixels; save-unders will be served without readback confirmation
dbus-daemon[2567015]: [session uid=1000 pid=2567015 pidfd=4] Activating service name='org.freedesktop.systemd1' requested by ':1.4' (uid=1000 pid=2567238 comm="/usr/bin/dbus-broker-launch --config-file=/usr/sha")
dbus-daemon[2567015]: [session uid=1000 pid=2567015 pidfd=4] Activated service 'org.freedesktop.systemd1' failed: Process org.freedesktop.systemd1 exited with status 1
dbus-daemon[2567015]: [session uid=1000 pid=2567015 pidfd=4] Activating service name='org.freedesktop.systemd1' requested by ':1.4' (uid=1000 pid=2567238 comm="/usr/bin/dbus-broker-launch --config-file=/usr/sha")
dbus-daemon[2567015]: [session uid=1000 pid=2567015 pidfd=4] Activated service 'org.freedesktop.systemd1' failed: Process org.freedesktop.systemd1 exited with status 1
{"trial": "b04-0-G_off", "final": "value", "error": null, "load": "5.79"}
dbus-daemon[2567015]: [session uid=1000 pid=2567015 pidfd=4] Activating service name='org.freedesktop.systemd1' requested by ':1.4' (uid=1000 pid=2567238 comm="/usr/bin/dbus-broker-launch --config-file=/usr/sha")
dbus-daemon[2567015]: [session uid=1000 pid=2567015 pidfd=4] Activated service 'org.freedesktop.systemd1' failed: Process org.freedesktop.systemd1 exited with status 1
[2m2026-10-02T02:02:32.806068Z[0m [33m WARN[0m [2mcua_driver_sdk::runtime[0m[2m:[0m could not activate the persistent AT-SPI listener: AT-SPI connect failed: ZBus Error: MethodError(OwnedErrorName("org.freedesktop.DBus.Error.NameHasNoOwner"), Some("Could not activate remote peer 'org.a11y.atspi.Registry': unit failed"), Msg { type: Error, serial: 4294967295, sender: UniqueName("org.freedesktop.DBus"), reply-serial: 9, body: Str, fds: [] })
[2m2026-10-02T02:02:32.813388Z[0m [33m WARN[0m [2mplatform_linux::overlay[0m[2m:[0m X11 overlay: root reads cannot see this window's own pixels; save-unders will be served without readback confirmation
dbus-daemon[2567015]: [session uid=1000 pid=2567015 pidfd=4] Activating service name='org.freedesktop.systemd1' requested by ':1.4' (uid=1000 pid=2567238 comm="/usr/bin/dbus-broker-launch --config-file=/usr/sha")
dbus-daemon[2567015]: [session uid=1000 pid=2567015 pidfd=4] Activated service 'org.freedesktop.systemd1' failed: Process org.freedesktop.systemd1 exited with status 1
dbus-daemon[2567015]: [session uid=1000 pid=2567015 pidfd=4] Activating service name='org.freedesktop.systemd1' requested by ':1.4' (uid=1000 pid=2567238 comm="/usr/bin/dbus-broker-launch --config-file=/usr/sha")
dbus-daemon[2567015]: [session uid=1000 pid=2567015 pidfd=4] Activated service 'org.freedesktop.systemd1' failed: Process org.freedesktop.systemd1 exited with status 1
{"trial": "b04-1-API", "final": "value", "error": null, "load": "5.79"}
dbus-daemon[2567015]: [session uid=1000 pid=2567015 pidfd=4] Activating service name='org.freedesktop.systemd1' requested by ':1.4' (uid=1000 pid=2567238 comm="/usr/bin/dbus-broker-launch --config-file=/usr/sha")
dbus-daemon[2567015]: [session uid=1000 pid=2567015 pidfd=4] Activated service 'org.freedesktop.systemd1' failed: Process org.freedesktop.systemd1 exited with status 1
[2m2026-10-02T02:02:34.099241Z[0m [33m WARN[0m [2mcua_driver_sdk::runtime[0m[2m:[0m could not activate the persistent AT-SPI listener: AT-SPI connect failed: ZBus Error: MethodError(OwnedErrorName("org.freedesktop.DBus.Error.NameHasNoOwner"), Some("Could not activate remote peer 'org.a11y.atspi.Registry': unit failed"), Msg { type: Error, serial: 4294967295, sender: UniqueName("org.freedesktop.DBus"), reply-serial: 9, body: Str, fds: [] })
[2m2026-10-02T02:02:34.105819Z[0m [33m WARN[0m [2mplatform_linux::overlay[0m[2m:[0m X11 overlay: root reads cannot see this window's own pixels; save-unders will be served without readback confirmation
dbus-daemon[2567015]: [session uid=1000 pid=2567015 pidfd=4] Activating service name='org.freedesktop.systemd1' requested by ':1.4' (uid=1000 pid=2567238 comm="/usr/bin/dbus-broker-launch --config-file=/usr/sha")
dbus-daemon[2567015]: [session uid=1000 pid=2567015 pidfd=4] Activated service 'org.freedesktop.systemd1' failed: Process org.freedesktop.systemd1 exited with status 1
dbus-daemon[2567015]: [session uid=1000 pid=2567015 pidfd=4] Activating service name='org.freedesktop.systemd1' requested by ':1.4' (uid=1000 pid=2567238 comm="/usr/bin/dbus-broker-launch --config-file=/usr/sha")
dbus-daemon[2567015]: [session uid=1000 pid=2567015 pidfd=4] Activated service 'org.freedesktop.systemd1' failed: Process org.freedesktop.systemd1 exited with status 1
{"trial": "b04-2-G_on", "final": "value", "error": null, "load": "6.13"}
dbus-daemon[2567015]: [session uid=1000 pid=2567015 pidfd=4] Activating service name='org.freedesktop.systemd1' requested by ':1.4' (uid=1000 pid=2567238 comm="/usr/bin/dbus-broker-launch --config-file=/usr/sha")
dbus-daemon[2567015]: [session uid=1000 pid=2567015 pidfd=4] Activated service 'org.freedesktop.systemd1' failed: Process org.freedesktop.systemd1 exited with status 1
[2m2026-10-02T02:02:38.521247Z[0m [33m WARN[0m [2mcua_driver_sdk::runtime[0m[2m:[0m could not activate the persistent AT-SPI listener: AT-SPI connect failed: ZBus Error: MethodError(OwnedErrorName("org.freedesktop.DBus.Error.NameHasNoOwner"), Some("Could not activate remote peer 'org.a11y.atspi.Registry': unit failed"), Msg { type: Error, serial: 4294967295, sender: UniqueName("org.freedesktop.DBus"), reply-serial: 9, body: Str, fds: [] })
[2m2026-10-02T02:02:38.528461Z[0m [33m WARN[0m [2mplatform_linux::overlay[0m[2m:[0m X11 overlay: root reads cannot see this window's own pixels; save-unders will be served without readback confirmation
dbus-daemon[2567015]: [session uid=1000 pid=2567015 pidfd=4] Activating service name='org.freedesktop.systemd1' requested by ':1.4' (uid=1000 pid=2567238 comm="/usr/bin/dbus-broker-launch --config-file=/usr/sha")
dbus-daemon[2567015]: [session uid=1000 pid=2567015 pidfd=4] Activated service 'org.freedesktop.systemd1' failed: Process org.freedesktop.systemd1 exited with status 1
dbus-daemon[2567015]: [session uid=1000 pid=2567015 pidfd=4] Activating service name='org.freedesktop.systemd1' requested by ':1.4' (uid=1000 pid=2567238 comm="/usr/bin/dbus-broker-launch --config-file=/usr/sha")
dbus-daemon[2567015]: [session uid=1000 pid=2567015 pidfd=4] Activated service 'org.freedesktop.systemd1' failed: Process org.freedesktop.systemd1 exited with status 1
{"trial": "b05-0-API", "final": "value", "error": null, "load": "5.72"}
dbus-daemon[2567015]: [session uid=1000 pid=2567015 pidfd=4] Activating service name='org.freedesktop.systemd1' requested by ':1.4' (uid=1000 pid=2567238 comm="/usr/bin/dbus-broker-launch --config-file=/usr/sha")
dbus-daemon[2567015]: [session uid=1000 pid=2567015 pidfd=4] Activated service 'org.freedesktop.systemd1' failed: Process org.freedesktop.systemd1 exited with status 1
[2m2026-10-02T02:02:39.768832Z[0m [33m WARN[0m [2mcua_driver_sdk::runtime[0m[2m:[0m could not activate the persistent AT-SPI listener: AT-SPI connect failed: ZBus Error: MethodError(OwnedErrorName("org.freedesktop.DBus.Error.NameHasNoOwner"), Some("Could not activate remote peer 'org.a11y.atspi.Registry': unit failed"), Msg { type: Error, serial: 4294967295, sender: UniqueName("org.freedesktop.DBus"), reply-serial: 9, body: Str, fds: [] })
[2m2026-10-02T02:02:39.775850Z[0m [33m WARN[0m [2mplatform_linux::overlay[0m[2m:[0m X11 overlay: root reads cannot see this window's own pixels; save-unders will be served without readback confirmation
dbus-daemon[2567015]: [session uid=1000 pid=2567015 pidfd=4] Activating service name='org.freedesktop.systemd1' requested by ':1.4' (uid=1000 pid=2567238 comm="/usr/bin/dbus-broker-launch --config-file=/usr/sha")
dbus-daemon[2567015]: [session uid=1000 pid=2567015 pidfd=4] Activated service 'org.freedesktop.systemd1' failed: Process org.freedesktop.systemd1 exited with status 1
dbus-daemon[2567015]: [session uid=1000 pid=2567015 pidfd=4] Activating service name='org.freedesktop.systemd1' requested by ':1.4' (uid=1000 pid=2567238 comm="/usr/bin/dbus-broker-launch --config-file=/usr/sha")
dbus-daemon[2567015]: [session uid=1000 pid=2567015 pidfd=4] Activated service 'org.freedesktop.systemd1' failed: Process org.freedesktop.systemd1 exited with status 1
{"trial": "b05-1-G_on", "final": "value", "error": null, "load": "5.72"}
dbus-daemon[2567015]: [session uid=1000 pid=2567015 pidfd=4] Activating service name='org.freedesktop.systemd1' requested by ':1.4' (uid=1000 pid=2567238 comm="/usr/bin/dbus-broker-launch --config-file=/usr/sha")
dbus-daemon[2567015]: [session uid=1000 pid=2567015 pidfd=4] Activated service 'org.freedesktop.systemd1' failed: Process org.freedesktop.systemd1 exited with status 1
[2m2026-10-02T02:02:44.192914Z[0m [33m WARN[0m [2mcua_driver_sdk::runtime[0m[2m:[0m could not activate the persistent AT-SPI listener: AT-SPI connect failed: ZBus Error: MethodError(OwnedErrorName("org.freedesktop.DBus.Error.NameHasNoOwner"), Some("Could not activate remote peer 'org.a11y.atspi.Registry': unit failed"), Msg { type: Error, serial: 4294967295, sender: UniqueName("org.freedesktop.DBus"), reply-serial: 9, body: Str, fds: [] })
[2m2026-10-02T02:02:44.200536Z[0m [33m WARN[0m [2mplatform_linux::overlay[0m[2m:[0m X11 overlay: root reads cannot see this window's own pixels; save-unders will be served without readback confirmation
dbus-daemon[2567015]: [session uid=1000 pid=2567015 pidfd=4] Activating service name='org.freedesktop.systemd1' requested by ':1.4' (uid=1000 pid=2567238 comm="/usr/bin/dbus-broker-launch --config-file=/usr/sha")
dbus-daemon[2567015]: [session uid=1000 pid=2567015 pidfd=4] Activated service 'org.freedesktop.systemd1' failed: Process org.freedesktop.systemd1 exited with status 1
dbus-daemon[2567015]: [session uid=1000 pid=2567015 pidfd=4] Activating service name='org.freedesktop.systemd1' requested by ':1.4' (uid=1000 pid=2567238 comm="/usr/bin/dbus-broker-launch --config-file=/usr/sha")
dbus-daemon[2567015]: [session uid=1000 pid=2567015 pidfd=4] Activated service 'org.freedesktop.systemd1' failed: Process org.freedesktop.systemd1 exited with status 1
{"trial": "b05-2-G_off", "final": "value", "error": null, "load": "5.42"}
dbus-daemon[2567015]: [session uid=1000 pid=2567015 pidfd=4] Activating service name='org.freedesktop.systemd1' requested by ':1.4' (uid=1000 pid=2567238 comm="/usr/bin/dbus-broker-launch --config-file=/usr/sha")
dbus-daemon[2567015]: [session uid=1000 pid=2567015 pidfd=4] Activated service 'org.freedesktop.systemd1' failed: Process org.freedesktop.systemd1 exited with status 1
[2m2026-10-02T02:02:45.633075Z[0m [33m WARN[0m [2mcua_driver_sdk::runtime[0m[2m:[0m could not activate the persistent AT-SPI listener: AT-SPI connect failed: ZBus Error: MethodError(OwnedErrorName("org.freedesktop.DBus.Error.NameHasNoOwner"), Some("Could not activate remote peer 'org.a11y.atspi.Registry': unit failed"), Msg { type: Error, serial: 4294967295, sender: UniqueName("org.freedesktop.DBus"), reply-serial: 9, body: Str, fds: [] })
[2m2026-10-02T02:02:45.640360Z[0m [33m WARN[0m [2mplatform_linux::overlay[0m[2m:[0m X11 overlay: root reads cannot see this window's own pixels; save-unders will be served without readback confirmation
dbus-daemon[2567015]: [session uid=1000 pid=2567015 pidfd=4] Activating service name='org.freedesktop.systemd1' requested by ':1.4' (uid=1000 pid=2567238 comm="/usr/bin/dbus-broker-launch --config-file=/usr/sha")
dbus-daemon[2567015]: [session uid=1000 pid=2567015 pidfd=4] Activated service 'org.freedesktop.systemd1' failed: Process org.freedesktop.systemd1 exited with status 1
dbus-daemon[2567015]: [session uid=1000 pid=2567015 pidfd=4] Activating service name='org.freedesktop.systemd1' requested by ':1.4' (uid=1000 pid=2567238 comm="/usr/bin/dbus-broker-launch --config-file=/usr/sha")
dbus-daemon[2567015]: [session uid=1000 pid=2567015 pidfd=4] Activated service 'org.freedesktop.systemd1' failed: Process org.freedesktop.systemd1 exited with status 1
{"trial": "b06-0-G_on", "final": "value", "error": null, "load": "5.42"}
dbus-daemon[2567015]: [session uid=1000 pid=2567015 pidfd=4] Activating service name='org.freedesktop.systemd1' requested by ':1.4' (uid=1000 pid=2567238 comm="/usr/bin/dbus-broker-launch --config-file=/usr/sha")
dbus-daemon[2567015]: [session uid=1000 pid=2567015 pidfd=4] Activated service 'org.freedesktop.systemd1' failed: Process org.freedesktop.systemd1 exited with status 1
[2m2026-10-02T02:02:50.061891Z[0m [33m WARN[0m [2mcua_driver_sdk::runtime[0m[2m:[0m could not activate the persistent AT-SPI listener: AT-SPI connect failed: ZBus Error: MethodError(OwnedErrorName("org.freedesktop.DBus.Error.NameHasNoOwner"), Some("Could not activate remote peer 'org.a11y.atspi.Registry': unit failed"), Msg { type: Error, serial: 4294967295, sender: UniqueName("org.freedesktop.DBus"), reply-serial: 9, body: Str, fds: [] })
[2m2026-10-02T02:02:50.069150Z[0m [33m WARN[0m [2mplatform_linux::overlay[0m[2m:[0m X11 overlay: root reads cannot see this window's own pixels; save-unders will be served without readback confirmation
dbus-daemon[2567015]: [session uid=1000 pid=2567015 pidfd=4] Activating service name='org.freedesktop.systemd1' requested by ':1.4' (uid=1000 pid=2567238 comm="/usr/bin/dbus-broker-launch --config-file=/usr/sha")
dbus-daemon[2567015]: [session uid=1000 pid=2567015 pidfd=4] Activated service 'org.freedesktop.systemd1' failed: Process org.freedesktop.systemd1 exited with status 1
dbus-daemon[2567015]: [session uid=1000 pid=2567015 pidfd=4] Activating service name='org.freedesktop.systemd1' requested by ':1.4' (uid=1000 pid=2567238 comm="/usr/bin/dbus-broker-launch --config-file=/usr/sha")
dbus-daemon[2567015]: [session uid=1000 pid=2567015 pidfd=4] Activated service 'org.freedesktop.systemd1' failed: Process org.freedesktop.systemd1 exited with status 1
{"trial": "b06-1-G_off", "final": "value", "error": null, "load": "5.15"}
dbus-daemon[2567015]: [session uid=1000 pid=2567015 pidfd=4] Activating service name='org.freedesktop.systemd1' requested by ':1.4' (uid=1000 pid=2567238 comm="/usr/bin/dbus-broker-launch --config-file=/usr/sha")
dbus-daemon[2567015]: [session uid=1000 pid=2567015 pidfd=4] Activated service 'org.freedesktop.systemd1' failed: Process org.freedesktop.systemd1 exited with status 1
[2m2026-10-02T02:02:51.492812Z[0m [33m WARN[0m [2mcua_driver_sdk::runtime[0m[2m:[0m could not activate the persistent AT-SPI listener: AT-SPI connect failed: ZBus Error: MethodError(OwnedErrorName("org.freedesktop.DBus.Error.NameHasNoOwner"), Some("Could not activate remote peer 'org.a11y.atspi.Registry': unit failed"), Msg { type: Error, serial: 4294967295, sender: UniqueName("org.freedesktop.DBus"), reply-serial: 9, body: Str, fds: [] })
[2m2026-10-02T02:02:51.499685Z[0m [33m WARN[0m [2mplatform_linux::overlay[0m[2m:[0m X11 overlay: root reads cannot see this window's own pixels; save-unders will be served without readback confirmation
dbus-daemon[2567015]: [session uid=1000 pid=2567015 pidfd=4] Activating service name='org.freedesktop.systemd1' requested by ':1.4' (uid=1000 pid=2567238 comm="/usr/bin/dbus-broker-launch --config-file=/usr/sha")
dbus-daemon[2567015]: [session uid=1000 pid=2567015 pidfd=4] Activated service 'org.freedesktop.systemd1' failed: Process org.freedesktop.systemd1 exited with status 1
dbus-daemon[2567015]: [session uid=1000 pid=2567015 pidfd=4] Activating service name='org.freedesktop.systemd1' requested by ':1.4' (uid=1000 pid=2567238 comm="/usr/bin/dbus-broker-launch --config-file=/usr/sha")
dbus-daemon[2567015]: [session uid=1000 pid=2567015 pidfd=4] Activated service 'org.freedesktop.systemd1' failed: Process org.freedesktop.systemd1 exited with status 1
{"trial": "b06-2-API", "final": "value", "error": null, "load": "5.15"}
dbus-daemon[2567015]: [session uid=1000 pid=2567015 pidfd=4] Activating service name='org.freedesktop.systemd1' requested by ':1.4' (uid=1000 pid=2567238 comm="/usr/bin/dbus-broker-launch --config-file=/usr/sha")
dbus-daemon[2567015]: [session uid=1000 pid=2567015 pidfd=4] Activated service 'org.freedesktop.systemd1' failed: Process org.freedesktop.systemd1 exited with status 1
[2m2026-10-02T02:02:52.765979Z[0m [33m WARN[0m [2mcua_driver_sdk::runtime[0m[2m:[0m could not activate the persistent AT-SPI listener: AT-SPI connect failed: ZBus Error: MethodError(OwnedErrorName("org.freedesktop.DBus.Error.NameHasNoOwner"), Some("Could not activate remote peer 'org.a11y.atspi.Registry': unit failed"), Msg { type: Error, serial: 4294967295, sender: UniqueName("org.freedesktop.DBus"), reply-serial: 9, body: Str, fds: [] })
[2m2026-10-02T02:02:52.774678Z[0m [33m WARN[0m [2mplatform_linux::overlay[0m[2m:[0m X11 overlay: root reads cannot see this window's own pixels; save-unders will be served without readback confirmation
dbus-daemon[2567015]: [session uid=1000 pid=2567015 pidfd=4] Activating service name='org.freedesktop.systemd1' requested by ':1.4' (uid=1000 pid=2567238 comm="/usr/bin/dbus-broker-launch --config-file=/usr/sha")
dbus-daemon[2567015]: [session uid=1000 pid=2567015 pidfd=4] Activated service 'org.freedesktop.systemd1' failed: Process org.freedesktop.systemd1 exited with status 1
dbus-daemon[2567015]: [session uid=1000 pid=2567015 pidfd=4] Activating service name='org.freedesktop.systemd1' requested by ':1.4' (uid=1000 pid=2567238 comm="/usr/bin/dbus-broker-launch --config-file=/usr/sha")
dbus-daemon[2567015]: [session uid=1000 pid=2567015 pidfd=4] Activated service 'org.freedesktop.systemd1' failed: Process org.freedesktop.systemd1 exited with status 1
{"trial": "b07-0-G_off", "final": "value", "error": null, "load": "5.15"}
dbus-daemon[2567015]: [session uid=1000 pid=2567015 pidfd=4] Activating service name='org.freedesktop.systemd1' requested by ':1.4' (uid=1000 pid=2567238 comm="/usr/bin/dbus-broker-launch --config-file=/usr/sha")
dbus-daemon[2567015]: [session uid=1000 pid=2567015 pidfd=4] Activated service 'org.freedesktop.systemd1' failed: Process org.freedesktop.systemd1 exited with status 1
[2m2026-10-02T02:02:54.210767Z[0m [33m WARN[0m [2mcua_driver_sdk::runtime[0m[2m:[0m could not activate the persistent AT-SPI listener: AT-SPI connect failed: ZBus Error: MethodError(OwnedErrorName("org.freedesktop.DBus.Error.NameHasNoOwner"), Some("Could not activate remote peer 'org.a11y.atspi.Registry': unit failed"), Msg { type: Error, serial: 4294967295, sender: UniqueName("org.freedesktop.DBus"), reply-serial: 9, body: Str, fds: [] })
[2m2026-10-02T02:02:54.218296Z[0m [33m WARN[0m [2mplatform_linux::overlay[0m[2m:[0m X11 overlay: root reads cannot see this window's own pixels; save-unders will be served without readback confirmation
dbus-daemon[2567015]: [session uid=1000 pid=2567015 pidfd=4] Activating service name='org.freedesktop.systemd1' requested by ':1.4' (uid=1000 pid=2567238 comm="/usr/bin/dbus-broker-launch --config-file=/usr/sha")
dbus-daemon[2567015]: [session uid=1000 pid=2567015 pidfd=4] Activated service 'org.freedesktop.systemd1' failed: Process org.freedesktop.systemd1 exited with status 1
dbus-daemon[2567015]: [session uid=1000 pid=2567015 pidfd=4] Activating service name='org.freedesktop.systemd1' requested by ':1.4' (uid=1000 pid=2567238 comm="/usr/bin/dbus-broker-launch --config-file=/usr/sha")
dbus-daemon[2567015]: [session uid=1000 pid=2567015 pidfd=4] Activated service 'org.freedesktop.systemd1' failed: Process org.freedesktop.systemd1 exited with status 1
{"trial": "b07-1-API", "final": "value", "error": null, "load": "4.89"}
dbus-daemon[2567015]: [session uid=1000 pid=2567015 pidfd=4] Activating service name='org.freedesktop.systemd1' requested by ':1.4' (uid=1000 pid=2567238 comm="/usr/bin/dbus-broker-launch --config-file=/usr/sha")
dbus-daemon[2567015]: [session uid=1000 pid=2567015 pidfd=4] Activated service 'org.freedesktop.systemd1' failed: Process org.freedesktop.systemd1 exited with status 1
[2m2026-10-02T02:02:55.468987Z[0m [33m WARN[0m [2mcua_driver_sdk::runtime[0m[2m:[0m could not activate the persistent AT-SPI listener: AT-SPI connect failed: ZBus Error: MethodError(OwnedErrorName("org.freedesktop.DBus.Error.NameHasNoOwner"), Some("Could not activate remote peer 'org.a11y.atspi.Registry': unit failed"), Msg { type: Error, serial: 4294967295, sender: UniqueName("org.freedesktop.DBus"), reply-serial: 9, body: Str, fds: [] })
[2m2026-10-02T02:02:55.477017Z[0m [33m WARN[0m [2mplatform_linux::overlay[0m[2m:[0m X11 overlay: root reads cannot see this window's own pixels; save-unders will be served without readback confirmation
dbus-daemon[2567015]: [session uid=1000 pid=2567015 pidfd=4] Activating service name='org.freedesktop.systemd1' requested by ':1.4' (uid=1000 pid=2567238 comm="/usr/bin/dbus-broker-launch --config-file=/usr/sha")
dbus-daemon[2567015]: [session uid=1000 pid=2567015 pidfd=4] Activated service 'org.freedesktop.systemd1' failed: Process org.freedesktop.systemd1 exited with status 1
dbus-daemon[2567015]: [session uid=1000 pid=2567015 pidfd=4] Activating service name='org.freedesktop.systemd1' requested by ':1.4' (uid=1000 pid=2567238 comm="/usr/bin/dbus-broker-launch --config-file=/usr/sha")
dbus-daemon[2567015]: [session uid=1000 pid=2567015 pidfd=4] Activated service 'org.freedesktop.systemd1' failed: Process org.freedesktop.systemd1 exited with status 1
{"trial": "b07-2-G_on", "final": "value", "error": null, "load": "4.89"}
dbus-daemon[2567015]: [session uid=1000 pid=2567015 pidfd=4] Activating service name='org.freedesktop.systemd1' requested by ':1.4' (uid=1000 pid=2567238 comm="/usr/bin/dbus-broker-launch --config-file=/usr/sha")
dbus-daemon[2567015]: [session uid=1000 pid=2567015 pidfd=4] Activated service 'org.freedesktop.systemd1' failed: Process org.freedesktop.systemd1 exited with status 1
[2m2026-10-02T02:02:59.899497Z[0m [33m WARN[0m [2mcua_driver_sdk::runtime[0m[2m:[0m could not activate the persistent AT-SPI listener: AT-SPI connect failed: ZBus Error: MethodError(OwnedErrorName("org.freedesktop.DBus.Error.NameHasNoOwner"), Some("Could not activate remote peer 'org.a11y.atspi.Registry': unit failed"), Msg { type: Error, serial: 4294967295, sender: UniqueName("org.freedesktop.DBus"), reply-serial: 9, body: Str, fds: [] })
[2m2026-10-02T02:02:59.906424Z[0m [33m WARN[0m [2mplatform_linux::overlay[0m[2m:[0m X11 overlay: root reads cannot see this window's own pixels; save-unders will be served without readback confirmation
dbus-daemon[2567015]: [session uid=1000 pid=2567015 pidfd=4] Activating service name='org.freedesktop.systemd1' requested by ':1.4' (uid=1000 pid=2567238 comm="/usr/bin/dbus-broker-launch --config-file=/usr/sha")
dbus-daemon[2567015]: [session uid=1000 pid=2567015 pidfd=4] Activated service 'org.freedesktop.systemd1' failed: Process org.freedesktop.systemd1 exited with status 1
dbus-daemon[2567015]: [session uid=1000 pid=2567015 pidfd=4] Activating service name='org.freedesktop.systemd1' requested by ':1.4' (uid=1000 pid=2567238 comm="/usr/bin/dbus-broker-launch --config-file=/usr/sha")
dbus-daemon[2567015]: [session uid=1000 pid=2567015 pidfd=4] Activated service 'org.freedesktop.systemd1' failed: Process org.freedesktop.systemd1 exited with status 1
{"trial": "b08-0-API", "final": "value", "error": null, "load": "4.66"}
dbus-daemon[2567015]: [session uid=1000 pid=2567015 pidfd=4] Activating service name='org.freedesktop.systemd1' requested by ':1.4' (uid=1000 pid=2567238 comm="/usr/bin/dbus-broker-launch --config-file=/usr/sha")
dbus-daemon[2567015]: [session uid=1000 pid=2567015 pidfd=4] Activated service 'org.freedesktop.systemd1' failed: Process org.freedesktop.systemd1 exited with status 1
[2m2026-10-02T02:03:01.155782Z[0m [33m WARN[0m [2mcua_driver_sdk::runtime[0m[2m:[0m could not activate the persistent AT-SPI listener: AT-SPI connect failed: ZBus Error: MethodError(OwnedErrorName("org.freedesktop.DBus.Error.NameHasNoOwner"), Some("Could not activate remote peer 'org.a11y.atspi.Registry': unit failed"), Msg { type: Error, serial: 4294967295, sender: UniqueName("org.freedesktop.DBus"), reply-serial: 9, body: Str, fds: [] })
[2m2026-10-02T02:03:01.162611Z[0m [33m WARN[0m [2mplatform_linux::overlay[0m[2m:[0m X11 overlay: root reads cannot see this window's own pixels; save-unders will be served without readback confirmation
dbus-daemon[2567015]: [session uid=1000 pid=2567015 pidfd=4] Activating service name='org.freedesktop.systemd1' requested by ':1.4' (uid=1000 pid=2567238 comm="/usr/bin/dbus-broker-launch --config-file=/usr/sha")
dbus-daemon[2567015]: [session uid=1000 pid=2567015 pidfd=4] Activated service 'org.freedesktop.systemd1' failed: Process org.freedesktop.systemd1 exited with status 1
dbus-daemon[2567015]: [session uid=1000 pid=2567015 pidfd=4] Activating service name='org.freedesktop.systemd1' requested by ':1.4' (uid=1000 pid=2567238 comm="/usr/bin/dbus-broker-launch --config-file=/usr/sha")
dbus-daemon[2567015]: [session uid=1000 pid=2567015 pidfd=4] Activated service 'org.freedesktop.systemd1' failed: Process org.freedesktop.systemd1 exited with status 1
{"trial": "b08-1-G_on", "final": "value", "error": null, "load": "4.66"}
dbus-daemon[2567015]: [session uid=1000 pid=2567015 pidfd=4] Activating service name='org.freedesktop.systemd1' requested by ':1.4' (uid=1000 pid=2567238 comm="/usr/bin/dbus-broker-launch --config-file=/usr/sha")
dbus-daemon[2567015]: [session uid=1000 pid=2567015 pidfd=4] Activated service 'org.freedesktop.systemd1' failed: Process org.freedesktop.systemd1 exited with status 1
[2m2026-10-02T02:03:05.596221Z[0m [33m WARN[0m [2mcua_driver_sdk::runtime[0m[2m:[0m could not activate the persistent AT-SPI listener: AT-SPI connect failed: ZBus Error: MethodError(OwnedErrorName("org.freedesktop.DBus.Error.NameHasNoOwner"), Some("Could not activate remote peer 'org.a11y.atspi.Registry': unit failed"), Msg { type: Error, serial: 4294967295, sender: UniqueName("org.freedesktop.DBus"), reply-serial: 9, body: Str, fds: [] })
[2m2026-10-02T02:03:05.603423Z[0m [33m WARN[0m [2mplatform_linux::overlay[0m[2m:[0m X11 overlay: root reads cannot see this window's own pixels; save-unders will be served without readback confirmation
dbus-daemon[2567015]: [session uid=1000 pid=2567015 pidfd=4] Activating service name='org.freedesktop.systemd1' requested by ':1.4' (uid=1000 pid=2567238 comm="/usr/bin/dbus-broker-launch --config-file=/usr/sha")
dbus-daemon[2567015]: [session uid=1000 pid=2567015 pidfd=4] Activated service 'org.freedesktop.systemd1' failed: Process org.freedesktop.systemd1 exited with status 1
dbus-daemon[2567015]: [session uid=1000 pid=2567015 pidfd=4] Activating service name='org.freedesktop.systemd1' requested by ':1.4' (uid=1000 pid=2567238 comm="/usr/bin/dbus-broker-launch --config-file=/usr/sha")
dbus-daemon[2567015]: [session uid=1000 pid=2567015 pidfd=4] Activated service 'org.freedesktop.systemd1' failed: Process org.freedesktop.systemd1 exited with status 1
{"trial": "b08-2-G_off", "final": "value", "error": null, "load": "4.61"}
dbus-daemon[2567015]: [session uid=1000 pid=2567015 pidfd=4] Activating service name='org.freedesktop.systemd1' requested by ':1.4' (uid=1000 pid=2567238 comm="/usr/bin/dbus-broker-launch --config-file=/usr/sha")
dbus-daemon[2567015]: [session uid=1000 pid=2567015 pidfd=4] Activated service 'org.freedesktop.systemd1' failed: Process org.freedesktop.systemd1 exited with status 1
[2m2026-10-02T02:03:07.030771Z[0m [33m WARN[0m [2mcua_driver_sdk::runtime[0m[2m:[0m could not activate the persistent AT-SPI listener: AT-SPI connect failed: ZBus Error: MethodError(OwnedErrorName("org.freedesktop.DBus.Error.NameHasNoOwner"), Some("Could not activate remote peer 'org.a11y.atspi.Registry': unit failed"), Msg { type: Error, serial: 4294967295, sender: UniqueName("org.freedesktop.DBus"), reply-serial: 9, body: Str, fds: [] })
[2m2026-10-02T02:03:07.037720Z[0m [33m WARN[0m [2mplatform_linux::overlay[0m[2m:[0m X11 overlay: root reads cannot see this window's own pixels; save-unders will be served without readback confirmation
dbus-daemon[2567015]: [session uid=1000 pid=2567015 pidfd=4] Activating service name='org.freedesktop.systemd1' requested by ':1.4' (uid=1000 pid=2567238 comm="/usr/bin/dbus-broker-launch --config-file=/usr/sha")
dbus-daemon[2567015]: [session uid=1000 pid=2567015 pidfd=4] Activated service 'org.freedesktop.systemd1' failed: Process org.freedesktop.systemd1 exited with status 1
dbus-daemon[2567015]: [session uid=1000 pid=2567015 pidfd=4] Activating service name='org.freedesktop.systemd1' requested by ':1.4' (uid=1000 pid=2567238 comm="/usr/bin/dbus-broker-launch --config-file=/usr/sha")
dbus-daemon[2567015]: [session uid=1000 pid=2567015 pidfd=4] Activated service 'org.freedesktop.systemd1' failed: Process org.freedesktop.systemd1 exited with status 1
{"trial": "b09-0-G_on", "final": "value", "error": null, "load": "4.61"}
dbus-daemon[2567015]: [session uid=1000 pid=2567015 pidfd=4] Activating service name='org.freedesktop.systemd1' requested by ':1.4' (uid=1000 pid=2567238 comm="/usr/bin/dbus-broker-launch --config-file=/usr/sha")
dbus-daemon[2567015]: [session uid=1000 pid=2567015 pidfd=4] Activated service 'org.freedesktop.systemd1' failed: Process org.freedesktop.systemd1 exited with status 1
[2m2026-10-02T02:03:11.445352Z[0m [33m WARN[0m [2mcua_driver_sdk::runtime[0m[2m:[0m could not activate the persistent AT-SPI listener: AT-SPI connect failed: ZBus Error: MethodError(OwnedErrorName("org.freedesktop.DBus.Error.NameHasNoOwner"), Some("Could not activate remote peer 'org.a11y.atspi.Registry': unit failed"), Msg { type: Error, serial: 4294967295, sender: UniqueName("org.freedesktop.DBus"), reply-serial: 9, body: Str, fds: [] })
[2m2026-10-02T02:03:11.452379Z[0m [33m WARN[0m [2mplatform_linux::overlay[0m[2m:[0m X11 overlay: root reads cannot see this window's own pixels; save-unders will be served without readback confirmation
dbus-daemon[2567015]: [session uid=1000 pid=2567015 pidfd=4] Activating service name='org.freedesktop.systemd1' requested by ':1.4' (uid=1000 pid=2567238 comm="/usr/bin/dbus-broker-launch --config-file=/usr/sha")
dbus-daemon[2567015]: [session uid=1000 pid=2567015 pidfd=4] Activated service 'org.freedesktop.systemd1' failed: Process org.freedesktop.systemd1 exited with status 1
dbus-daemon[2567015]: [session uid=1000 pid=2567015 pidfd=4] Activating service name='org.freedesktop.systemd1' requested by ':1.4' (uid=1000 pid=2567238 comm="/usr/bin/dbus-broker-launch --config-file=/usr/sha")
dbus-daemon[2567015]: [session uid=1000 pid=2567015 pidfd=4] Activated service 'org.freedesktop.systemd1' failed: Process org.freedesktop.systemd1 exited with status 1
{"trial": "b09-1-G_off", "final": "value", "error": null, "load": "4.48"}
dbus-daemon[2567015]: [session uid=1000 pid=2567015 pidfd=4] Activating service name='org.freedesktop.systemd1' requested by ':1.4' (uid=1000 pid=2567238 comm="/usr/bin/dbus-broker-launch --config-file=/usr/sha")
dbus-daemon[2567015]: [session uid=1000 pid=2567015 pidfd=4] Activated service 'org.freedesktop.systemd1' failed: Process org.freedesktop.systemd1 exited with status 1
[2m2026-10-02T02:03:12.875617Z[0m [33m WARN[0m [2mcua_driver_sdk::runtime[0m[2m:[0m could not activate the persistent AT-SPI listener: AT-SPI connect failed: ZBus Error: MethodError(OwnedErrorName("org.freedesktop.DBus.Error.NameHasNoOwner"), Some("Could not activate remote peer 'org.a11y.atspi.Registry': unit failed"), Msg { type: Error, serial: 4294967295, sender: UniqueName("org.freedesktop.DBus"), reply-serial: 9, body: Str, fds: [] })
[2m2026-10-02T02:03:12.884145Z[0m [33m WARN[0m [2mplatform_linux::overlay[0m[2m:[0m X11 overlay: root reads cannot see this window's own pixels; save-unders will be served without readback confirmation
dbus-daemon[2567015]: [session uid=1000 pid=2567015 pidfd=4] Activating service name='org.freedesktop.systemd1' requested by ':1.4' (uid=1000 pid=2567238 comm="/usr/bin/dbus-broker-launch --config-file=/usr/sha")
dbus-daemon[2567015]: [session uid=1000 pid=2567015 pidfd=4] Activated service 'org.freedesktop.systemd1' failed: Process org.freedesktop.systemd1 exited with status 1
dbus-daemon[2567015]: [session uid=1000 pid=2567015 pidfd=4] Activating service name='org.freedesktop.systemd1' requested by ':1.4' (uid=1000 pid=2567238 comm="/usr/bin/dbus-broker-launch --config-file=/usr/sha")
dbus-daemon[2567015]: [session uid=1000 pid=2567015 pidfd=4] Activated service 'org.freedesktop.systemd1' failed: Process org.freedesktop.systemd1 exited with status 1
{"trial": "b09-2-API", "final": "value", "error": null, "load": "4.48"}
dbus-daemon[2567015]: [session uid=1000 pid=2567015 pidfd=4] Activating service name='org.freedesktop.systemd1' requested by ':1.4' (uid=1000 pid=2567238 comm="/usr/bin/dbus-broker-launch --config-file=/usr/sha")
dbus-daemon[2567015]: [session uid=1000 pid=2567015 pidfd=4] Activated service 'org.freedesktop.systemd1' failed: Process org.freedesktop.systemd1 exited with status 1
[2m2026-10-02T02:03:14.141407Z[0m [33m WARN[0m [2mcua_driver_sdk::runtime[0m[2m:[0m could not activate the persistent AT-SPI listener: AT-SPI connect failed: ZBus Error: MethodError(OwnedErrorName("org.freedesktop.DBus.Error.NameHasNoOwner"), Some("Could not activate remote peer 'org.a11y.atspi.Registry': unit failed"), Msg { type: Error, serial: 4294967295, sender: UniqueName("org.freedesktop.DBus"), reply-serial: 9, body: Str, fds: [] })
[2m2026-10-02T02:03:14.150577Z[0m [33m WARN[0m [2mplatform_linux::overlay[0m[2m:[0m X11 overlay: root reads cannot see this window's own pixels; save-unders will be served without readback confirmation
dbus-daemon[2567015]: [session uid=1000 pid=2567015 pidfd=4] Activating service name='org.freedesktop.systemd1' requested by ':1.4' (uid=1000 pid=2567238 comm="/usr/bin/dbus-broker-launch --config-file=/usr/sha")
dbus-daemon[2567015]: [session uid=1000 pid=2567015 pidfd=4] Activated service 'org.freedesktop.systemd1' failed: Process org.freedesktop.systemd1 exited with status 1
dbus-daemon[2567015]: [session uid=1000 pid=2567015 pidfd=4] Activating service name='org.freedesktop.systemd1' requested by ':1.4' (uid=1000 pid=2567238 comm="/usr/bin/dbus-broker-launch --config-file=/usr/sha")
dbus-daemon[2567015]: [session uid=1000 pid=2567015 pidfd=4] Activated service 'org.freedesktop.systemd1' failed: Process org.freedesktop.systemd1 exited with status 1
{"trial": "b10-0-G_off", "final": "value", "error": null, "load": "4.84"}
dbus-daemon[2567015]: [session uid=1000 pid=2567015 pidfd=4] Activating service name='org.freedesktop.systemd1' requested by ':1.4' (uid=1000 pid=2567238 comm="/usr/bin/dbus-broker-launch --config-file=/usr/sha")
dbus-daemon[2567015]: [session uid=1000 pid=2567015 pidfd=4] Activated service 'org.freedesktop.systemd1' failed: Process org.freedesktop.systemd1 exited with status 1
[2m2026-10-02T02:03:15.578239Z[0m [33m WARN[0m [2mcua_driver_sdk::runtime[0m[2m:[0m could not activate the persistent AT-SPI listener: AT-SPI connect failed: ZBus Error: MethodError(OwnedErrorName("org.freedesktop.DBus.Error.NameHasNoOwner"), Some("Could not activate remote peer 'org.a11y.atspi.Registry': unit failed"), Msg { type: Error, serial: 4294967295, sender: UniqueName("org.freedesktop.DBus"), reply-serial: 9, body: Str, fds: [] })
[2m2026-10-02T02:03:15.585691Z[0m [33m WARN[0m [2mplatform_linux::overlay[0m[2m:[0m X11 overlay: root reads cannot see this window's own pixels; save-unders will be served without readback confirmation
dbus-daemon[2567015]: [session uid=1000 pid=2567015 pidfd=4] Activating service name='org.freedesktop.systemd1' requested by ':1.4' (uid=1000 pid=2567238 comm="/usr/bin/dbus-broker-launch --config-file=/usr/sha")
dbus-daemon[2567015]: [session uid=1000 pid=2567015 pidfd=4] Activated service 'org.freedesktop.systemd1' failed: Process org.freedesktop.systemd1 exited with status 1
dbus-daemon[2567015]: [session uid=1000 pid=2567015 pidfd=4] Activating service name='org.freedesktop.systemd1' requested by ':1.4' (uid=1000 pid=2567238 comm="/usr/bin/dbus-broker-launch --config-file=/usr/sha")
dbus-daemon[2567015]: [session uid=1000 pid=2567015 pidfd=4] Activated service 'org.freedesktop.systemd1' failed: Process org.freedesktop.systemd1 exited with status 1
{"trial": "b10-1-API", "final": "value", "error": null, "load": "4.84"}
dbus-daemon[2567015]: [session uid=1000 pid=2567015 pidfd=4] Activating service name='org.freedesktop.systemd1' requested by ':1.4' (uid=1000 pid=2567238 comm="/usr/bin/dbus-broker-launch --config-file=/usr/sha")
dbus-daemon[2567015]: [session uid=1000 pid=2567015 pidfd=4] Activated service 'org.freedesktop.systemd1' failed: Process org.freedesktop.systemd1 exited with status 1
[2m2026-10-02T02:03:16.836851Z[0m [33m WARN[0m [2mcua_driver_sdk::runtime[0m[2m:[0m could not activate the persistent AT-SPI listener: AT-SPI connect failed: ZBus Error: MethodError(OwnedErrorName("org.freedesktop.DBus.Error.NameHasNoOwner"), Some("Could not activate remote peer 'org.a11y.atspi.Registry': unit failed"), Msg { type: Error, serial: 4294967295, sender: UniqueName("org.freedesktop.DBus"), reply-serial: 9, body: Str, fds: [] })
[2m2026-10-02T02:03:16.843889Z[0m [33m WARN[0m [2mplatform_linux::overlay[0m[2m:[0m X11 overlay: root reads cannot see this window's own pixels; save-unders will be served without readback confirmation
dbus-daemon[2567015]: [session uid=1000 pid=2567015 pidfd=4] Activating service name='org.freedesktop.systemd1' requested by ':1.4' (uid=1000 pid=2567238 comm="/usr/bin/dbus-broker-launch --config-file=/usr/sha")
dbus-daemon[2567015]: [session uid=1000 pid=2567015 pidfd=4] Activated service 'org.freedesktop.systemd1' failed: Process org.freedesktop.systemd1 exited with status 1
dbus-daemon[2567015]: [session uid=1000 pid=2567015 pidfd=4] Activating service name='org.freedesktop.systemd1' requested by ':1.4' (uid=1000 pid=2567238 comm="/usr/bin/dbus-broker-launch --config-file=/usr/sha")
dbus-daemon[2567015]: [session uid=1000 pid=2567015 pidfd=4] Activated service 'org.freedesktop.systemd1' failed: Process org.freedesktop.systemd1 exited with status 1
{"trial": "b10-2-G_on", "final": "value", "error": null, "load": "4.84"}
dbus-daemon[2567015]: [session uid=1000 pid=2567015 pidfd=4] Activating service name='org.freedesktop.systemd1' requested by ':1.4' (uid=1000 pid=2567238 comm="/usr/bin/dbus-broker-launch --config-file=/usr/sha")
dbus-daemon[2567015]: [session uid=1000 pid=2567015 pidfd=4] Activated service 'org.freedesktop.systemd1' failed: Process org.freedesktop.systemd1 exited with status 1
[2m2026-10-02T02:03:21.259226Z[0m [33m WARN[0m [2mcua_driver_sdk::runtime[0m[2m:[0m could not activate the persistent AT-SPI listener: AT-SPI connect failed: ZBus Error: MethodError(OwnedErrorName("org.freedesktop.DBus.Error.NameHasNoOwner"), Some("Could not activate remote peer 'org.a11y.atspi.Registry': unit failed"), Msg { type: Error, serial: 4294967295, sender: UniqueName("org.freedesktop.DBus"), reply-serial: 9, body: Str, fds: [] })
[2m2026-10-02T02:03:21.267875Z[0m [33m WARN[0m [2mplatform_linux::overlay[0m[2m:[0m X11 overlay: root reads cannot see this window's own pixels; save-unders will be served without readback confirmation
dbus-daemon[2567015]: [session uid=1000 pid=2567015 pidfd=4] Activating service name='org.freedesktop.systemd1' requested by ':1.4' (uid=1000 pid=2567238 comm="/usr/bin/dbus-broker-launch --config-file=/usr/sha")
dbus-daemon[2567015]: [session uid=1000 pid=2567015 pidfd=4] Activated service 'org.freedesktop.systemd1' failed: Process org.freedesktop.systemd1 exited with status 1
dbus-daemon[2567015]: [session uid=1000 pid=2567015 pidfd=4] Activating service name='org.freedesktop.systemd1' requested by ':1.4' (uid=1000 pid=2567238 comm="/usr/bin/dbus-broker-launch --config-file=/usr/sha")
dbus-daemon[2567015]: [session uid=1000 pid=2567015 pidfd=4] Activated service 'org.freedesktop.systemd1' failed: Process org.freedesktop.systemd1 exited with status 1
{"trial": "b11-0-API", "final": "value", "error": null, "load": "4.85"}
dbus-daemon[2567015]: [session uid=1000 pid=2567015 pidfd=4] Activating service name='org.freedesktop.systemd1' requested by ':1.4' (uid=1000 pid=2567238 comm="/usr/bin/dbus-broker-launch --config-file=/usr/sha")
dbus-daemon[2567015]: [session uid=1000 pid=2567015 pidfd=4] Activated service 'org.freedesktop.systemd1' failed: Process org.freedesktop.systemd1 exited with status 1
[2m2026-10-02T02:03:22.549801Z[0m [33m WARN[0m [2mcua_driver_sdk::runtime[0m[2m:[0m could not activate the persistent AT-SPI listener: AT-SPI connect failed: ZBus Error: MethodError(OwnedErrorName("org.freedesktop.DBus.Error.NameHasNoOwner"), Some("Could not activate remote peer 'org.a11y.atspi.Registry': unit failed"), Msg { type: Error, serial: 4294967295, sender: UniqueName("org.freedesktop.DBus"), reply-serial: 9, body: Str, fds: [] })
[2m2026-10-02T02:03:22.556959Z[0m [33m WARN[0m [2mplatform_linux::overlay[0m[2m:[0m X11 overlay: root reads cannot see this window's own pixels; save-unders will be served without readback confirmation
dbus-daemon[2567015]: [session uid=1000 pid=2567015 pidfd=4] Activating service name='org.freedesktop.systemd1' requested by ':1.4' (uid=1000 pid=2567238 comm="/usr/bin/dbus-broker-launch --config-file=/usr/sha")
dbus-daemon[2567015]: [session uid=1000 pid=2567015 pidfd=4] Activated service 'org.freedesktop.systemd1' failed: Process org.freedesktop.systemd1 exited with status 1
dbus-daemon[2567015]: [session uid=1000 pid=2567015 pidfd=4] Activating service name='org.freedesktop.systemd1' requested by ':1.4' (uid=1000 pid=2567238 comm="/usr/bin/dbus-broker-launch --config-file=/usr/sha")
dbus-daemon[2567015]: [session uid=1000 pid=2567015 pidfd=4] Activated service 'org.freedesktop.systemd1' failed: Process org.freedesktop.systemd1 exited with status 1
{"trial": "b11-1-G_on", "final": "value", "error": null, "load": "4.85"}
dbus-daemon[2567015]: [session uid=1000 pid=2567015 pidfd=4] Activating service name='org.freedesktop.systemd1' requested by ':1.4' (uid=1000 pid=2567238 comm="/usr/bin/dbus-broker-launch --config-file=/usr/sha")
dbus-daemon[2567015]: [session uid=1000 pid=2567015 pidfd=4] Activated service 'org.freedesktop.systemd1' failed: Process org.freedesktop.systemd1 exited with status 1
[2m2026-10-02T02:03:26.973184Z[0m [33m WARN[0m [2mcua_driver_sdk::runtime[0m[2m:[0m could not activate the persistent AT-SPI listener: AT-SPI connect failed: ZBus Error: MethodError(OwnedErrorName("org.freedesktop.DBus.Error.NameHasNoOwner"), Some("Could not activate remote peer 'org.a11y.atspi.Registry': unit failed"), Msg { type: Error, serial: 4294967295, sender: UniqueName("org.freedesktop.DBus"), reply-serial: 9, body: Str, fds: [] })
[2m2026-10-02T02:03:26.980927Z[0m [33m WARN[0m [2mplatform_linux::overlay[0m[2m:[0m X11 overlay: root reads cannot see this window's own pixels; save-unders will be served without readback confirmation
dbus-daemon[2567015]: [session uid=1000 pid=2567015 pidfd=4] Activating service name='org.freedesktop.systemd1' requested by ':1.4' (uid=1000 pid=2567238 comm="/usr/bin/dbus-broker-launch --config-file=/usr/sha")
dbus-daemon[2567015]: [session uid=1000 pid=2567015 pidfd=4] Activated service 'org.freedesktop.systemd1' failed: Process org.freedesktop.systemd1 exited with status 1
dbus-daemon[2567015]: [session uid=1000 pid=2567015 pidfd=4] Activating service name='org.freedesktop.systemd1' requested by ':1.4' (uid=1000 pid=2567238 comm="/usr/bin/dbus-broker-launch --config-file=/usr/sha")
dbus-daemon[2567015]: [session uid=1000 pid=2567015 pidfd=4] Activated service 'org.freedesktop.systemd1' failed: Process org.freedesktop.systemd1 exited with status 1
{"trial": "b11-2-G_off", "final": "value", "error": null, "load": "4.55"}
dbus-daemon[2567015]: [session uid=1000 pid=2567015 pidfd=4] Activating service name='org.freedesktop.systemd1' requested by ':1.4' (uid=1000 pid=2567238 comm="/usr/bin/dbus-broker-launch --config-file=/usr/sha")
dbus-daemon[2567015]: [session uid=1000 pid=2567015 pidfd=4] Activated service 'org.freedesktop.systemd1' failed: Process org.freedesktop.systemd1 exited with status 1
[2m2026-10-02T02:03:28.423933Z[0m [33m WARN[0m [2mcua_driver_sdk::runtime[0m[2m:[0m could not activate the persistent AT-SPI listener: AT-SPI connect failed: ZBus Error: MethodError(OwnedErrorName("org.freedesktop.DBus.Error.NameHasNoOwner"), Some("Could not activate remote peer 'org.a11y.atspi.Registry': unit failed"), Msg { type: Error, serial: 4294967295, sender: UniqueName("org.freedesktop.DBus"), reply-serial: 9, body: Str, fds: [] })
[2m2026-10-02T02:03:28.431034Z[0m [33m WARN[0m [2mplatform_linux::overlay[0m[2m:[0m X11 overlay: root reads cannot see this window's own pixels; save-unders will be served without readback confirmation
dbus-daemon[2567015]: [session uid=1000 pid=2567015 pidfd=4] Activating service name='org.freedesktop.systemd1' requested by ':1.4' (uid=1000 pid=2567238 comm="/usr/bin/dbus-broker-launch --config-file=/usr/sha")
dbus-daemon[2567015]: [session uid=1000 pid=2567015 pidfd=4] Activated service 'org.freedesktop.systemd1' failed: Process org.freedesktop.systemd1 exited with status 1
dbus-daemon[2567015]: [session uid=1000 pid=2567015 pidfd=4] Activating service name='org.freedesktop.systemd1' requested by ':1.4' (uid=1000 pid=2567238 comm="/usr/bin/dbus-broker-launch --config-file=/usr/sha")
dbus-daemon[2567015]: [session uid=1000 pid=2567015 pidfd=4] Activated service 'org.freedesktop.systemd1' failed: Process org.freedesktop.systemd1 exited with status 1
{"trial": "b12-0-G_on", "final": "value", "error": null, "load": "4.34"}
dbus-daemon[2567015]: [session uid=1000 pid=2567015 pidfd=4] Activating service name='org.freedesktop.systemd1' requested by ':1.4' (uid=1000 pid=2567238 comm="/usr/bin/dbus-broker-launch --config-file=/usr/sha")
dbus-daemon[2567015]: [session uid=1000 pid=2567015 pidfd=4] Activated service 'org.freedesktop.systemd1' failed: Process org.freedesktop.systemd1 exited with status 1
[2m2026-10-02T02:03:33.372008Z[0m [33m WARN[0m [2mcua_driver_sdk::runtime[0m[2m:[0m could not activate the persistent AT-SPI listener: AT-SPI connect failed: ZBus Error: MethodError(OwnedErrorName("org.freedesktop.DBus.Error.NameHasNoOwner"), Some("Could not activate remote peer 'org.a11y.atspi.Registry': unit failed"), Msg { type: Error, serial: 4294967295, sender: UniqueName("org.freedesktop.DBus"), reply-serial: 9, body: Str, fds: [] })
[2m2026-10-02T02:03:33.379070Z[0m [33m WARN[0m [2mplatform_linux::overlay[0m[2m:[0m X11 overlay: root reads cannot see this window's own pixels; save-unders will be served without readback confirmation
dbus-daemon[2567015]: [session uid=1000 pid=2567015 pidfd=4] Activating service name='org.freedesktop.systemd1' requested by ':1.4' (uid=1000 pid=2567238 comm="/usr/bin/dbus-broker-launch --config-file=/usr/sha")
dbus-daemon[2567015]: [session uid=1000 pid=2567015 pidfd=4] Activated service 'org.freedesktop.systemd1' failed: Process org.freedesktop.systemd1 exited with status 1
dbus-daemon[2567015]: [session uid=1000 pid=2567015 pidfd=4] Activating service name='org.freedesktop.systemd1' requested by ':1.4' (uid=1000 pid=2567238 comm="/usr/bin/dbus-broker-launch --config-file=/usr/sha")
dbus-daemon[2567015]: [session uid=1000 pid=2567015 pidfd=4] Activated service 'org.freedesktop.systemd1' failed: Process org.freedesktop.systemd1 exited with status 1
{"trial": "b12-1-G_off", "final": "value", "error": null, "load": "4.23"}
dbus-daemon[2567015]: [session uid=1000 pid=2567015 pidfd=4] Activating service name='org.freedesktop.systemd1' requested by ':1.4' (uid=1000 pid=2567238 comm="/usr/bin/dbus-broker-launch --config-file=/usr/sha")
dbus-daemon[2567015]: [session uid=1000 pid=2567015 pidfd=4] Activated service 'org.freedesktop.systemd1' failed: Process org.freedesktop.systemd1 exited with status 1
[2m2026-10-02T02:03:34.805889Z[0m [33m WARN[0m [2mcua_driver_sdk::runtime[0m[2m:[0m could not activate the persistent AT-SPI listener: AT-SPI connect failed: ZBus Error: MethodError(OwnedErrorName("org.freedesktop.DBus.Error.NameHasNoOwner"), Some("Could not activate remote peer 'org.a11y.atspi.Registry': unit failed"), Msg { type: Error, serial: 4294967295, sender: UniqueName("org.freedesktop.DBus"), reply-serial: 9, body: Str, fds: [] })
[2m2026-10-02T02:03:34.813268Z[0m [33m WARN[0m [2mplatform_linux::overlay[0m[2m:[0m X11 overlay: root reads cannot see this window's own pixels; save-unders will be served without readback confirmation
dbus-daemon[2567015]: [session uid=1000 pid=2567015 pidfd=4] Activating service name='org.freedesktop.systemd1' requested by ':1.4' (uid=1000 pid=2567238 comm="/usr/bin/dbus-broker-launch --config-file=/usr/sha")
dbus-daemon[2567015]: [session uid=1000 pid=2567015 pidfd=4] Activated service 'org.freedesktop.systemd1' failed: Process org.freedesktop.systemd1 exited with status 1
dbus-daemon[2567015]: [session uid=1000 pid=2567015 pidfd=4] Activating service name='org.freedesktop.systemd1' requested by ':1.4' (uid=1000 pid=2567238 comm="/usr/bin/dbus-broker-launch --config-file=/usr/sha")
dbus-daemon[2567015]: [session uid=1000 pid=2567015 pidfd=4] Activated service 'org.freedesktop.systemd1' failed: Process org.freedesktop.systemd1 exited with status 1
{"trial": "b12-2-API", "final": "value", "error": null, "load": "4.23"}
dbus-daemon[2567015]: [session uid=1000 pid=2567015 pidfd=4] Activating service name='org.freedesktop.systemd1' requested by ':1.4' (uid=1000 pid=2567238 comm="/usr/bin/dbus-broker-launch --config-file=/usr/sha")
dbus-daemon[2567015]: [session uid=1000 pid=2567015 pidfd=4] Activated service 'org.freedesktop.systemd1' failed: Process org.freedesktop.systemd1 exited with status 1
[2m2026-10-02T02:03:36.077034Z[0m [33m WARN[0m [2mcua_driver_sdk::runtime[0m[2m:[0m could not activate the persistent AT-SPI listener: AT-SPI connect failed: ZBus Error: MethodError(OwnedErrorName("org.freedesktop.DBus.Error.NameHasNoOwner"), Some("Could not activate remote peer 'org.a11y.atspi.Registry': unit failed"), Msg { type: Error, serial: 4294967295, sender: UniqueName("org.freedesktop.DBus"), reply-serial: 9, body: Str, fds: [] })
[2m2026-10-02T02:03:36.084036Z[0m [33m WARN[0m [2mplatform_linux::overlay[0m[2m:[0m X11 overlay: root reads cannot see this window's own pixels; save-unders will be served without readback confirmation
dbus-daemon[2567015]: [session uid=1000 pid=2567015 pidfd=4] Activating service name='org.freedesktop.systemd1' requested by ':1.4' (uid=1000 pid=2567238 comm="/usr/bin/dbus-broker-launch --config-file=/usr/sha")
dbus-daemon[2567015]: [session uid=1000 pid=2567015 pidfd=4] Activated service 'org.freedesktop.systemd1' failed: Process org.freedesktop.systemd1 exited with status 1
dbus-daemon[2567015]: [session uid=1000 pid=2567015 pidfd=4] Activating service name='org.freedesktop.systemd1' requested by ':1.4' (uid=1000 pid=2567238 comm="/usr/bin/dbus-broker-launch --config-file=/usr/sha")
dbus-daemon[2567015]: [session uid=1000 pid=2567015 pidfd=4] Activated service 'org.freedesktop.systemd1' failed: Process org.freedesktop.systemd1 exited with status 1
{"trial": "b13-0-G_off", "final": "value", "error": null, "load": "4.23"}
dbus-daemon[2567015]: [session uid=1000 pid=2567015 pidfd=4] Activating service name='org.freedesktop.systemd1' requested by ':1.4' (uid=1000 pid=2567238 comm="/usr/bin/dbus-broker-launch --config-file=/usr/sha")
dbus-daemon[2567015]: [session uid=1000 pid=2567015 pidfd=4] Activated service 'org.freedesktop.systemd1' failed: Process org.freedesktop.systemd1 exited with status 1
[2m2026-10-02T02:03:37.522785Z[0m [33m WARN[0m [2mcua_driver_sdk::runtime[0m[2m:[0m could not activate the persistent AT-SPI listener: AT-SPI connect failed: ZBus Error: MethodError(OwnedErrorName("org.freedesktop.DBus.Error.NameHasNoOwner"), Some("Could not activate remote peer 'org.a11y.atspi.Registry': unit failed"), Msg { type: Error, serial: 4294967295, sender: UniqueName("org.freedesktop.DBus"), reply-serial: 9, body: Str, fds: [] })
[2m2026-10-02T02:03:37.530819Z[0m [33m WARN[0m [2mplatform_linux::overlay[0m[2m:[0m X11 overlay: root reads cannot see this window's own pixels; save-unders will be served without readback confirmation
dbus-daemon[2567015]: [session uid=1000 pid=2567015 pidfd=4] Activating service name='org.freedesktop.systemd1' requested by ':1.4' (uid=1000 pid=2567238 comm="/usr/bin/dbus-broker-launch --config-file=/usr/sha")
dbus-daemon[2567015]: [session uid=1000 pid=2567015 pidfd=4] Activated service 'org.freedesktop.systemd1' failed: Process org.freedesktop.systemd1 exited with status 1
dbus-daemon[2567015]: [session uid=1000 pid=2567015 pidfd=4] Activating service name='org.freedesktop.systemd1' requested by ':1.4' (uid=1000 pid=2567238 comm="/usr/bin/dbus-broker-launch --config-file=/usr/sha")
dbus-daemon[2567015]: [session uid=1000 pid=2567015 pidfd=4] Activated service 'org.freedesktop.systemd1' failed: Process org.freedesktop.systemd1 exited with status 1
{"trial": "b13-1-API", "final": "value", "error": null, "load": "4.23"}
dbus-daemon[2567015]: [session uid=1000 pid=2567015 pidfd=4] Activating service name='org.freedesktop.systemd1' requested by ':1.4' (uid=1000 pid=2567238 comm="/usr/bin/dbus-broker-launch --config-file=/usr/sha")
dbus-daemon[2567015]: [session uid=1000 pid=2567015 pidfd=4] Activated service 'org.freedesktop.systemd1' failed: Process org.freedesktop.systemd1 exited with status 1
[2m2026-10-02T02:03:38.781337Z[0m [33m WARN[0m [2mcua_driver_sdk::runtime[0m[2m:[0m could not activate the persistent AT-SPI listener: AT-SPI connect failed: ZBus Error: MethodError(OwnedErrorName("org.freedesktop.DBus.Error.NameHasNoOwner"), Some("Could not activate remote peer 'org.a11y.atspi.Registry': unit failed"), Msg { type: Error, serial: 4294967295, sender: UniqueName("org.freedesktop.DBus"), reply-serial: 9, body: Str, fds: [] })
[2m2026-10-02T02:03:38.788601Z[0m [33m WARN[0m [2mplatform_linux::overlay[0m[2m:[0m X11 overlay: root reads cannot see this window's own pixels; save-unders will be served without readback confirmation
dbus-daemon[2567015]: [session uid=1000 pid=2567015 pidfd=4] Activating service name='org.freedesktop.systemd1' requested by ':1.4' (uid=1000 pid=2567238 comm="/usr/bin/dbus-broker-launch --config-file=/usr/sha")
dbus-daemon[2567015]: [session uid=1000 pid=2567015 pidfd=4] Activated service 'org.freedesktop.systemd1' failed: Process org.freedesktop.systemd1 exited with status 1
dbus-daemon[2567015]: [session uid=1000 pid=2567015 pidfd=4] Activating service name='org.freedesktop.systemd1' requested by ':1.4' (uid=1000 pid=2567238 comm="/usr/bin/dbus-broker-launch --config-file=/usr/sha")
dbus-daemon[2567015]: [session uid=1000 pid=2567015 pidfd=4] Activated service 'org.freedesktop.systemd1' failed: Process org.freedesktop.systemd1 exited with status 1
{"trial": "b13-2-G_on", "final": "value", "error": null, "load": "4.05"}
dbus-daemon[2567015]: [session uid=1000 pid=2567015 pidfd=4] Activating service name='org.freedesktop.systemd1' requested by ':1.4' (uid=1000 pid=2567238 comm="/usr/bin/dbus-broker-launch --config-file=/usr/sha")
dbus-daemon[2567015]: [session uid=1000 pid=2567015 pidfd=4] Activated service 'org.freedesktop.systemd1' failed: Process org.freedesktop.systemd1 exited with status 1
[2m2026-10-02T02:03:43.229680Z[0m [33m WARN[0m [2mcua_driver_sdk::runtime[0m[2m:[0m could not activate the persistent AT-SPI listener: AT-SPI connect failed: ZBus Error: MethodError(OwnedErrorName("org.freedesktop.DBus.Error.NameHasNoOwner"), Some("Could not activate remote peer 'org.a11y.atspi.Registry': unit failed"), Msg { type: Error, serial: 4294967295, sender: UniqueName("org.freedesktop.DBus"), reply-serial: 9, body: Str, fds: [] })
[2m2026-10-02T02:03:43.236907Z[0m [33m WARN[0m [2mplatform_linux::overlay[0m[2m:[0m X11 overlay: root reads cannot see this window's own pixels; save-unders will be served without readback confirmation
dbus-daemon[2567015]: [session uid=1000 pid=2567015 pidfd=4] Activating service name='org.freedesktop.systemd1' requested by ':1.4' (uid=1000 pid=2567238 comm="/usr/bin/dbus-broker-launch --config-file=/usr/sha")
dbus-daemon[2567015]: [session uid=1000 pid=2567015 pidfd=4] Activated service 'org.freedesktop.systemd1' failed: Process org.freedesktop.systemd1 exited with status 1
dbus-daemon[2567015]: [session uid=1000 pid=2567015 pidfd=4] Activating service name='org.freedesktop.systemd1' requested by ':1.4' (uid=1000 pid=2567238 comm="/usr/bin/dbus-broker-launch --config-file=/usr/sha")
dbus-daemon[2567015]: [session uid=1000 pid=2567015 pidfd=4] Activated service 'org.freedesktop.systemd1' failed: Process org.freedesktop.systemd1 exited with status 1
{"trial": "b14-0-API", "final": "value", "error": null, "load": "4.05"}
dbus-daemon[2567015]: [session uid=1000 pid=2567015 pidfd=4] Activating service name='org.freedesktop.systemd1' requested by ':1.4' (uid=1000 pid=2567238 comm="/usr/bin/dbus-broker-launch --config-file=/usr/sha")
dbus-daemon[2567015]: [session uid=1000 pid=2567015 pidfd=4] Activated service 'org.freedesktop.systemd1' failed: Process org.freedesktop.systemd1 exited with status 1
[2m2026-10-02T02:03:44.498959Z[0m [33m WARN[0m [2mcua_driver_sdk::runtime[0m[2m:[0m could not activate the persistent AT-SPI listener: AT-SPI connect failed: ZBus Error: MethodError(OwnedErrorName("org.freedesktop.DBus.Error.NameHasNoOwner"), Some("Could not activate remote peer 'org.a11y.atspi.Registry': unit failed"), Msg { type: Error, serial: 4294967295, sender: UniqueName("org.freedesktop.DBus"), reply-serial: 9, body: Str, fds: [] })
[2m2026-10-02T02:03:44.506099Z[0m [33m WARN[0m [2mplatform_linux::overlay[0m[2m:[0m X11 overlay: root reads cannot see this window's own pixels; save-unders will be served without readback confirmation
dbus-daemon[2567015]: [session uid=1000 pid=2567015 pidfd=4] Activating service name='org.freedesktop.systemd1' requested by ':1.4' (uid=1000 pid=2567238 comm="/usr/bin/dbus-broker-launch --config-file=/usr/sha")
dbus-daemon[2567015]: [session uid=1000 pid=2567015 pidfd=4] Activated service 'org.freedesktop.systemd1' failed: Process org.freedesktop.systemd1 exited with status 1
dbus-daemon[2567015]: [session uid=1000 pid=2567015 pidfd=4] Activating service name='org.freedesktop.systemd1' requested by ':1.4' (uid=1000 pid=2567238 comm="/usr/bin/dbus-broker-launch --config-file=/usr/sha")
dbus-daemon[2567015]: [session uid=1000 pid=2567015 pidfd=4] Activated service 'org.freedesktop.systemd1' failed: Process org.freedesktop.systemd1 exited with status 1
{"trial": "b14-1-G_on", "final": "value", "error": null, "load": "4.21"}
dbus-daemon[2567015]: [session uid=1000 pid=2567015 pidfd=4] Activating service name='org.freedesktop.systemd1' requested by ':1.4' (uid=1000 pid=2567238 comm="/usr/bin/dbus-broker-launch --config-file=/usr/sha")
dbus-daemon[2567015]: [session uid=1000 pid=2567015 pidfd=4] Activated service 'org.freedesktop.systemd1' failed: Process org.freedesktop.systemd1 exited with status 1
[2m2026-10-02T02:03:48.930994Z[0m [33m WARN[0m [2mcua_driver_sdk::runtime[0m[2m:[0m could not activate the persistent AT-SPI listener: AT-SPI connect failed: ZBus Error: MethodError(OwnedErrorName("org.freedesktop.DBus.Error.NameHasNoOwner"), Some("Could not activate remote peer 'org.a11y.atspi.Registry': unit failed"), Msg { type: Error, serial: 4294967295, sender: UniqueName("org.freedesktop.DBus"), reply-serial: 9, body: Str, fds: [] })
[2m2026-10-02T02:03:48.938249Z[0m [33m WARN[0m [2mplatform_linux::overlay[0m[2m:[0m X11 overlay: root reads cannot see this window's own pixels; save-unders will be served without readback confirmation
dbus-daemon[2567015]: [session uid=1000 pid=2567015 pidfd=4] Activating service name='org.freedesktop.systemd1' requested by ':1.4' (uid=1000 pid=2567238 comm="/usr/bin/dbus-broker-launch --config-file=/usr/sha")
dbus-daemon[2567015]: [session uid=1000 pid=2567015 pidfd=4] Activated service 'org.freedesktop.systemd1' failed: Process org.freedesktop.systemd1 exited with status 1
dbus-daemon[2567015]: [session uid=1000 pid=2567015 pidfd=4] Activating service name='org.freedesktop.systemd1' requested by ':1.4' (uid=1000 pid=2567238 comm="/usr/bin/dbus-broker-launch --config-file=/usr/sha")
dbus-daemon[2567015]: [session uid=1000 pid=2567015 pidfd=4] Activated service 'org.freedesktop.systemd1' failed: Process org.freedesktop.systemd1 exited with status 1
{"trial": "b14-2-G_off", "final": "value", "error": null, "load": "4.35"}
dbus-daemon[2567015]: [session uid=1000 pid=2567015 pidfd=4] Activating service name='org.freedesktop.systemd1' requested by ':1.4' (uid=1000 pid=2567238 comm="/usr/bin/dbus-broker-launch --config-file=/usr/sha")
dbus-daemon[2567015]: [session uid=1000 pid=2567015 pidfd=4] Activated service 'org.freedesktop.systemd1' failed: Process org.freedesktop.systemd1 exited with status 1
[2m2026-10-02T02:03:50.367952Z[0m [33m WARN[0m [2mcua_driver_sdk::runtime[0m[2m:[0m could not activate the persistent AT-SPI listener: AT-SPI connect failed: ZBus Error: MethodError(OwnedErrorName("org.freedesktop.DBus.Error.NameHasNoOwner"), Some("Could not activate remote peer 'org.a11y.atspi.Registry': unit failed"), Msg { type: Error, serial: 4294967295, sender: UniqueName("org.freedesktop.DBus"), reply-serial: 9, body: Str, fds: [] })
[2m2026-10-02T02:03:50.376364Z[0m [33m WARN[0m [2mplatform_linux::overlay[0m[2m:[0m X11 overlay: root reads cannot see this window's own pixels; save-unders will be served without readback confirmation
dbus-daemon[2567015]: [session uid=1000 pid=2567015 pidfd=4] Activating service name='org.freedesktop.systemd1' requested by ':1.4' (uid=1000 pid=2567238 comm="/usr/bin/dbus-broker-launch --config-file=/usr/sha")
dbus-daemon[2567015]: [session uid=1000 pid=2567015 pidfd=4] Activated service 'org.freedesktop.systemd1' failed: Process org.freedesktop.systemd1 exited with status 1
dbus-daemon[2567015]: [session uid=1000 pid=2567015 pidfd=4] Activating service name='org.freedesktop.systemd1' requested by ':1.4' (uid=1000 pid=2567238 comm="/usr/bin/dbus-broker-launch --config-file=/usr/sha")
dbus-daemon[2567015]: [session uid=1000 pid=2567015 pidfd=4] Activated service 'org.freedesktop.systemd1' failed: Process org.freedesktop.systemd1 exited with status 1
{"trial": "b15-0-G_on", "final": "value", "error": null, "load": "4.35"}
dbus-daemon[2567015]: [session uid=1000 pid=2567015 pidfd=4] Activating service name='org.freedesktop.systemd1' requested by ':1.4' (uid=1000 pid=2567238 comm="/usr/bin/dbus-broker-launch --config-file=/usr/sha")
dbus-daemon[2567015]: [session uid=1000 pid=2567015 pidfd=4] Activated service 'org.freedesktop.systemd1' failed: Process org.freedesktop.systemd1 exited with status 1
[2m2026-10-02T02:03:54.782676Z[0m [33m WARN[0m [2mcua_driver_sdk::runtime[0m[2m:[0m could not activate the persistent AT-SPI listener: AT-SPI connect failed: ZBus Error: MethodError(OwnedErrorName("org.freedesktop.DBus.Error.NameHasNoOwner"), Some("Could not activate remote peer 'org.a11y.atspi.Registry': unit failed"), Msg { type: Error, serial: 4294967295, sender: UniqueName("org.freedesktop.DBus"), reply-serial: 9, body: Str, fds: [] })
[2m2026-10-02T02:03:54.792435Z[0m [33m WARN[0m [2mplatform_linux::overlay[0m[2m:[0m X11 overlay: root reads cannot see this window's own pixels; save-unders will be served without readback confirmation
dbus-daemon[2567015]: [session uid=1000 pid=2567015 pidfd=4] Activating service name='org.freedesktop.systemd1' requested by ':1.4' (uid=1000 pid=2567238 comm="/usr/bin/dbus-broker-launch --config-file=/usr/sha")
dbus-daemon[2567015]: [session uid=1000 pid=2567015 pidfd=4] Activated service 'org.freedesktop.systemd1' failed: Process org.freedesktop.systemd1 exited with status 1
dbus-daemon[2567015]: [session uid=1000 pid=2567015 pidfd=4] Activating service name='org.freedesktop.systemd1' requested by ':1.4' (uid=1000 pid=2567238 comm="/usr/bin/dbus-broker-launch --config-file=/usr/sha")
dbus-daemon[2567015]: [session uid=1000 pid=2567015 pidfd=4] Activated service 'org.freedesktop.systemd1' failed: Process org.freedesktop.systemd1 exited with status 1
{"trial": "b15-1-G_off", "final": "value", "error": null, "load": "4.33"}
dbus-daemon[2567015]: [session uid=1000 pid=2567015 pidfd=4] Activating service name='org.freedesktop.systemd1' requested by ':1.4' (uid=1000 pid=2567238 comm="/usr/bin/dbus-broker-launch --config-file=/usr/sha")
dbus-daemon[2567015]: [session uid=1000 pid=2567015 pidfd=4] Activated service 'org.freedesktop.systemd1' failed: Process org.freedesktop.systemd1 exited with status 1
[2m2026-10-02T02:03:56.250619Z[0m [33m WARN[0m [2mcua_driver_sdk::runtime[0m[2m:[0m could not activate the persistent AT-SPI listener: AT-SPI connect failed: ZBus Error: MethodError(OwnedErrorName("org.freedesktop.DBus.Error.NameHasNoOwner"), Some("Could not activate remote peer 'org.a11y.atspi.Registry': unit failed"), Msg { type: Error, serial: 4294967295, sender: UniqueName("org.freedesktop.DBus"), reply-serial: 9, body: Str, fds: [] })
[2m2026-10-02T02:03:56.258365Z[0m [33m WARN[0m [2mplatform_linux::overlay[0m[2m:[0m X11 overlay: root reads cannot see this window's own pixels; save-unders will be served without readback confirmation
dbus-daemon[2567015]: [session uid=1000 pid=2567015 pidfd=4] Activating service name='org.freedesktop.systemd1' requested by ':1.4' (uid=1000 pid=2567238 comm="/usr/bin/dbus-broker-launch --config-file=/usr/sha")
dbus-daemon[2567015]: [session uid=1000 pid=2567015 pidfd=4] Activated service 'org.freedesktop.systemd1' failed: Process org.freedesktop.systemd1 exited with status 1
dbus-daemon[2567015]: [session uid=1000 pid=2567015 pidfd=4] Activating service name='org.freedesktop.systemd1' requested by ':1.4' (uid=1000 pid=2567238 comm="/usr/bin/dbus-broker-launch --config-file=/usr/sha")
dbus-daemon[2567015]: [session uid=1000 pid=2567015 pidfd=4] Activated service 'org.freedesktop.systemd1' failed: Process org.freedesktop.systemd1 exited with status 1
{"trial": "b15-2-API", "final": "value", "error": null, "load": "4.33"}
dbus-daemon[2567015]: [session uid=1000 pid=2567015 pidfd=4] Activating service name='org.freedesktop.systemd1' requested by ':1.4' (uid=1000 pid=2567238 comm="/usr/bin/dbus-broker-launch --config-file=/usr/sha")
dbus-daemon[2567015]: [session uid=1000 pid=2567015 pidfd=4] Activated service 'org.freedesktop.systemd1' failed: Process org.freedesktop.systemd1 exited with status 1
[2m2026-10-02T02:03:57.506395Z[0m [33m WARN[0m [2mcua_driver_sdk::runtime[0m[2m:[0m could not activate the persistent AT-SPI listener: AT-SPI connect failed: ZBus Error: MethodError(OwnedErrorName("org.freedesktop.DBus.Error.NameHasNoOwner"), Some("Could not activate remote peer 'org.a11y.atspi.Registry': unit failed"), Msg { type: Error, serial: 4294967295, sender: UniqueName("org.freedesktop.DBus"), reply-serial: 9, body: Str, fds: [] })
[2m2026-10-02T02:03:57.516326Z[0m [33m WARN[0m [2mplatform_linux::overlay[0m[2m:[0m X11 overlay: root reads cannot see this window's own pixels; save-unders will be served without readback confirmation
dbus-daemon[2567015]: [session uid=1000 pid=2567015 pidfd=4] Activating service name='org.freedesktop.systemd1' requested by ':1.4' (uid=1000 pid=2567238 comm="/usr/bin/dbus-broker-launch --config-file=/usr/sha")
dbus-daemon[2567015]: [session uid=1000 pid=2567015 pidfd=4] Activated service 'org.freedesktop.systemd1' failed: Process org.freedesktop.systemd1 exited with status 1
dbus-daemon[2567015]: [session uid=1000 pid=2567015 pidfd=4] Activating service name='org.freedesktop.systemd1' requested by ':1.4' (uid=1000 pid=2567238 comm="/usr/bin/dbus-broker-launch --config-file=/usr/sha")
dbus-daemon[2567015]: [session uid=1000 pid=2567015 pidfd=4] Activated service 'org.freedesktop.systemd1' failed: Process org.freedesktop.systemd1 exited with status 1
{"trial": "b16-0-G_off", "final": "value", "error": null, "load": "4.33"}
dbus-daemon[2567015]: [session uid=1000 pid=2567015 pidfd=4] Activating service name='org.freedesktop.systemd1' requested by ':1.4' (uid=1000 pid=2567238 comm="/usr/bin/dbus-broker-launch --config-file=/usr/sha")
dbus-daemon[2567015]: [session uid=1000 pid=2567015 pidfd=4] Activated service 'org.freedesktop.systemd1' failed: Process org.freedesktop.systemd1 exited with status 1
[2m2026-10-02T02:03:58.942895Z[0m [33m WARN[0m [2mcua_driver_sdk::runtime[0m[2m:[0m could not activate the persistent AT-SPI listener: AT-SPI connect failed: ZBus Error: MethodError(OwnedErrorName("org.freedesktop.DBus.Error.NameHasNoOwner"), Some("Could not activate remote peer 'org.a11y.atspi.Registry': unit failed"), Msg { type: Error, serial: 4294967295, sender: UniqueName("org.freedesktop.DBus"), reply-serial: 9, body: Str, fds: [] })
[2m2026-10-02T02:03:58.950259Z[0m [33m WARN[0m [2mplatform_linux::overlay[0m[2m:[0m X11 overlay: root reads cannot see this window's own pixels; save-unders will be served without readback confirmation
dbus-daemon[2567015]: [session uid=1000 pid=2567015 pidfd=4] Activating service name='org.freedesktop.systemd1' requested by ':1.4' (uid=1000 pid=2567238 comm="/usr/bin/dbus-broker-launch --config-file=/usr/sha")
dbus-daemon[2567015]: [session uid=1000 pid=2567015 pidfd=4] Activated service 'org.freedesktop.systemd1' failed: Process org.freedesktop.systemd1 exited with status 1
dbus-daemon[2567015]: [session uid=1000 pid=2567015 pidfd=4] Activating service name='org.freedesktop.systemd1' requested by ':1.4' (uid=1000 pid=2567238 comm="/usr/bin/dbus-broker-launch --config-file=/usr/sha")
dbus-daemon[2567015]: [session uid=1000 pid=2567015 pidfd=4] Activated service 'org.freedesktop.systemd1' failed: Process org.freedesktop.systemd1 exited with status 1
{"trial": "b16-1-API", "final": "value", "error": null, "load": "4.22"}
dbus-daemon[2567015]: [session uid=1000 pid=2567015 pidfd=4] Activating service name='org.freedesktop.systemd1' requested by ':1.4' (uid=1000 pid=2567238 comm="/usr/bin/dbus-broker-launch --config-file=/usr/sha")
dbus-daemon[2567015]: [session uid=1000 pid=2567015 pidfd=4] Activated service 'org.freedesktop.systemd1' failed: Process org.freedesktop.systemd1 exited with status 1
[2m2026-10-02T02:04:00.316280Z[0m [33m WARN[0m [2mcua_driver_sdk::runtime[0m[2m:[0m could not activate the persistent AT-SPI listener: AT-SPI connect failed: ZBus Error: MethodError(OwnedErrorName("org.freedesktop.DBus.Error.NameHasNoOwner"), Some("Could not activate remote peer 'org.a11y.atspi.Registry': unit failed"), Msg { type: Error, serial: 4294967295, sender: UniqueName("org.freedesktop.DBus"), reply-serial: 9, body: Str, fds: [] })
[2m2026-10-02T02:04:00.327137Z[0m [33m WARN[0m [2mplatform_linux::overlay[0m[2m:[0m X11 overlay: root reads cannot see this window's own pixels; save-unders will be served without readback confirmation
dbus-daemon[2567015]: [session uid=1000 pid=2567015 pidfd=4] Activating service name='org.freedesktop.systemd1' requested by ':1.4' (uid=1000 pid=2567238 comm="/usr/bin/dbus-broker-launch --config-file=/usr/sha")
dbus-daemon[2567015]: [session uid=1000 pid=2567015 pidfd=4] Activated service 'org.freedesktop.systemd1' failed: Process org.freedesktop.systemd1 exited with status 1
dbus-daemon[2567015]: [session uid=1000 pid=2567015 pidfd=4] Activating service name='org.freedesktop.systemd1' requested by ':1.4' (uid=1000 pid=2567238 comm="/usr/bin/dbus-broker-launch --config-file=/usr/sha")
dbus-daemon[2567015]: [session uid=1000 pid=2567015 pidfd=4] Activated service 'org.freedesktop.systemd1' failed: Process org.freedesktop.systemd1 exited with status 1
{"trial": "b16-2-G_on", "final": "value", "error": null, "load": "4.22"}
dbus-daemon[2567015]: [session uid=1000 pid=2567015 pidfd=4] Activating service name='org.freedesktop.systemd1' requested by ':1.4' (uid=1000 pid=2567238 comm="/usr/bin/dbus-broker-launch --config-file=/usr/sha")
dbus-daemon[2567015]: [session uid=1000 pid=2567015 pidfd=4] Activated service 'org.freedesktop.systemd1' failed: Process org.freedesktop.systemd1 exited with status 1
[2m2026-10-02T02:04:04.766106Z[0m [33m WARN[0m [2mcua_driver_sdk::runtime[0m[2m:[0m could not activate the persistent AT-SPI listener: AT-SPI connect failed: ZBus Error: MethodError(OwnedErrorName("org.freedesktop.DBus.Error.NameHasNoOwner"), Some("Could not activate remote peer 'org.a11y.atspi.Registry': unit failed"), Msg { type: Error, serial: 4294967295, sender: UniqueName("org.freedesktop.DBus"), reply-serial: 9, body: Str, fds: [] })
[2m2026-10-02T02:04:04.773239Z[0m [33m WARN[0m [2mplatform_linux::overlay[0m[2m:[0m X11 overlay: root reads cannot see this window's own pixels; save-unders will be served without readback confirmation
dbus-daemon[2567015]: [session uid=1000 pid=2567015 pidfd=4] Activating service name='org.freedesktop.systemd1' requested by ':1.4' (uid=1000 pid=2567238 comm="/usr/bin/dbus-broker-launch --config-file=/usr/sha")
dbus-daemon[2567015]: [session uid=1000 pid=2567015 pidfd=4] Activated service 'org.freedesktop.systemd1' failed: Process org.freedesktop.systemd1 exited with status 1
dbus-daemon[2567015]: [session uid=1000 pid=2567015 pidfd=4] Activating service name='org.freedesktop.systemd1' requested by ':1.4' (uid=1000 pid=2567238 comm="/usr/bin/dbus-broker-launch --config-file=/usr/sha")
dbus-daemon[2567015]: [session uid=1000 pid=2567015 pidfd=4] Activated service 'org.freedesktop.systemd1' failed: Process org.freedesktop.systemd1 exited with status 1
{"trial": "b17-0-API", "final": "value", "error": null, "load": "4.12"}
dbus-daemon[2567015]: [session uid=1000 pid=2567015 pidfd=4] Activating service name='org.freedesktop.systemd1' requested by ':1.4' (uid=1000 pid=2567238 comm="/usr/bin/dbus-broker-launch --config-file=/usr/sha")
dbus-daemon[2567015]: [session uid=1000 pid=2567015 pidfd=4] Activated service 'org.freedesktop.systemd1' failed: Process org.freedesktop.systemd1 exited with status 1
[2m2026-10-02T02:04:06.039411Z[0m [33m WARN[0m [2mcua_driver_sdk::runtime[0m[2m:[0m could not activate the persistent AT-SPI listener: AT-SPI connect failed: ZBus Error: MethodError(OwnedErrorName("org.freedesktop.DBus.Error.NameHasNoOwner"), Some("Could not activate remote peer 'org.a11y.atspi.Registry': unit failed"), Msg { type: Error, serial: 4294967295, sender: UniqueName("org.freedesktop.DBus"), reply-serial: 9, body: Str, fds: [] })
[2m2026-10-02T02:04:06.049180Z[0m [33m WARN[0m [2mplatform_linux::overlay[0m[2m:[0m X11 overlay: root reads cannot see this window's own pixels; save-unders will be served without readback confirmation
dbus-daemon[2567015]: [session uid=1000 pid=2567015 pidfd=4] Activating service name='org.freedesktop.systemd1' requested by ':1.4' (uid=1000 pid=2567238 comm="/usr/bin/dbus-broker-launch --config-file=/usr/sha")
dbus-daemon[2567015]: [session uid=1000 pid=2567015 pidfd=4] Activated service 'org.freedesktop.systemd1' failed: Process org.freedesktop.systemd1 exited with status 1
dbus-daemon[2567015]: [session uid=1000 pid=2567015 pidfd=4] Activating service name='org.freedesktop.systemd1' requested by ':1.4' (uid=1000 pid=2567238 comm="/usr/bin/dbus-broker-launch --config-file=/usr/sha")
dbus-daemon[2567015]: [session uid=1000 pid=2567015 pidfd=4] Activated service 'org.freedesktop.systemd1' failed: Process org.freedesktop.systemd1 exited with status 1
{"trial": "b17-1-G_on", "final": "value", "error": null, "load": "4.12"}
dbus-daemon[2567015]: [session uid=1000 pid=2567015 pidfd=4] Activating service name='org.freedesktop.systemd1' requested by ':1.4' (uid=1000 pid=2567238 comm="/usr/bin/dbus-broker-launch --config-file=/usr/sha")
dbus-daemon[2567015]: [session uid=1000 pid=2567015 pidfd=4] Activated service 'org.freedesktop.systemd1' failed: Process org.freedesktop.systemd1 exited with status 1
[2m2026-10-02T02:04:10.479168Z[0m [33m WARN[0m [2mcua_driver_sdk::runtime[0m[2m:[0m could not activate the persistent AT-SPI listener: AT-SPI connect failed: ZBus Error: MethodError(OwnedErrorName("org.freedesktop.DBus.Error.NameHasNoOwner"), Some("Could not activate remote peer 'org.a11y.atspi.Registry': unit failed"), Msg { type: Error, serial: 4294967295, sender: UniqueName("org.freedesktop.DBus"), reply-serial: 9, body: Str, fds: [] })
[2m2026-10-02T02:04:10.487696Z[0m [33m WARN[0m [2mplatform_linux::overlay[0m[2m:[0m X11 overlay: root reads cannot see this window's own pixels; save-unders will be served without readback confirmation
dbus-daemon[2567015]: [session uid=1000 pid=2567015 pidfd=4] Activating service name='org.freedesktop.systemd1' requested by ':1.4' (uid=1000 pid=2567238 comm="/usr/bin/dbus-broker-launch --config-file=/usr/sha")
dbus-daemon[2567015]: [session uid=1000 pid=2567015 pidfd=4] Activated service 'org.freedesktop.systemd1' failed: Process org.freedesktop.systemd1 exited with status 1
dbus-daemon[2567015]: [session uid=1000 pid=2567015 pidfd=4] Activating service name='org.freedesktop.systemd1' requested by ':1.4' (uid=1000 pid=2567238 comm="/usr/bin/dbus-broker-launch --config-file=/usr/sha")
dbus-daemon[2567015]: [session uid=1000 pid=2567015 pidfd=4] Activated service 'org.freedesktop.systemd1' failed: Process org.freedesktop.systemd1 exited with status 1
{"trial": "b17-2-G_off", "final": "value", "error": null, "load": "4.19"}
dbus-daemon[2567015]: [session uid=1000 pid=2567015 pidfd=4] Activating service name='org.freedesktop.systemd1' requested by ':1.4' (uid=1000 pid=2567238 comm="/usr/bin/dbus-broker-launch --config-file=/usr/sha")
dbus-daemon[2567015]: [session uid=1000 pid=2567015 pidfd=4] Activated service 'org.freedesktop.systemd1' failed: Process org.freedesktop.systemd1 exited with status 1
[2m2026-10-02T02:04:11.911858Z[0m [33m WARN[0m [2mcua_driver_sdk::runtime[0m[2m:[0m could not activate the persistent AT-SPI listener: AT-SPI connect failed: ZBus Error: MethodError(OwnedErrorName("org.freedesktop.DBus.Error.NameHasNoOwner"), Some("Could not activate remote peer 'org.a11y.atspi.Registry': unit failed"), Msg { type: Error, serial: 4294967295, sender: UniqueName("org.freedesktop.DBus"), reply-serial: 9, body: Str, fds: [] })
[2m2026-10-02T02:04:11.919644Z[0m [33m WARN[0m [2mplatform_linux::overlay[0m[2m:[0m X11 overlay: root reads cannot see this window's own pixels; save-unders will be served without readback confirmation
dbus-daemon[2567015]: [session uid=1000 pid=2567015 pidfd=4] Activating service name='org.freedesktop.systemd1' requested by ':1.4' (uid=1000 pid=2567238 comm="/usr/bin/dbus-broker-launch --config-file=/usr/sha")
dbus-daemon[2567015]: [session uid=1000 pid=2567015 pidfd=4] Activated service 'org.freedesktop.systemd1' failed: Process org.freedesktop.systemd1 exited with status 1
dbus-daemon[2567015]: [session uid=1000 pid=2567015 pidfd=4] Activating service name='org.freedesktop.systemd1' requested by ':1.4' (uid=1000 pid=2567238 comm="/usr/bin/dbus-broker-launch --config-file=/usr/sha")
dbus-daemon[2567015]: [session uid=1000 pid=2567015 pidfd=4] Activated service 'org.freedesktop.systemd1' failed: Process org.freedesktop.systemd1 exited with status 1
{"trial": "b18-0-G_on", "final": "value", "error": null, "load": "4.19"}
dbus-daemon[2567015]: [session uid=1000 pid=2567015 pidfd=4] Activating service name='org.freedesktop.systemd1' requested by ':1.4' (uid=1000 pid=2567238 comm="/usr/bin/dbus-broker-launch --config-file=/usr/sha")
dbus-daemon[2567015]: [session uid=1000 pid=2567015 pidfd=4] Activated service 'org.freedesktop.systemd1' failed: Process org.freedesktop.systemd1 exited with status 1
[2m2026-10-02T02:04:16.347677Z[0m [33m WARN[0m [2mcua_driver_sdk::runtime[0m[2m:[0m could not activate the persistent AT-SPI listener: AT-SPI connect failed: ZBus Error: MethodError(OwnedErrorName("org.freedesktop.DBus.Error.NameHasNoOwner"), Some("Could not activate remote peer 'org.a11y.atspi.Registry': unit failed"), Msg { type: Error, serial: 4294967295, sender: UniqueName("org.freedesktop.DBus"), reply-serial: 9, body: Str, fds: [] })
[2m2026-10-02T02:04:16.355270Z[0m [33m WARN[0m [2mplatform_linux::overlay[0m[2m:[0m X11 overlay: root reads cannot see this window's own pixels; save-unders will be served without readback confirmation
dbus-daemon[2567015]: [session uid=1000 pid=2567015 pidfd=4] Activating service name='org.freedesktop.systemd1' requested by ':1.4' (uid=1000 pid=2567238 comm="/usr/bin/dbus-broker-launch --config-file=/usr/sha")
dbus-daemon[2567015]: [session uid=1000 pid=2567015 pidfd=4] Activated service 'org.freedesktop.systemd1' failed: Process org.freedesktop.systemd1 exited with status 1
dbus-daemon[2567015]: [session uid=1000 pid=2567015 pidfd=4] Activating service name='org.freedesktop.systemd1' requested by ':1.4' (uid=1000 pid=2567238 comm="/usr/bin/dbus-broker-launch --config-file=/usr/sha")
dbus-daemon[2567015]: [session uid=1000 pid=2567015 pidfd=4] Activated service 'org.freedesktop.systemd1' failed: Process org.freedesktop.systemd1 exited with status 1
{"trial": "b18-1-G_off", "final": "value", "error": null, "load": "4.10"}
dbus-daemon[2567015]: [session uid=1000 pid=2567015 pidfd=4] Activating service name='org.freedesktop.systemd1' requested by ':1.4' (uid=1000 pid=2567238 comm="/usr/bin/dbus-broker-launch --config-file=/usr/sha")
dbus-daemon[2567015]: [session uid=1000 pid=2567015 pidfd=4] Activated service 'org.freedesktop.systemd1' failed: Process org.freedesktop.systemd1 exited with status 1
[2m2026-10-02T02:04:17.785091Z[0m [33m WARN[0m [2mcua_driver_sdk::runtime[0m[2m:[0m could not activate the persistent AT-SPI listener: AT-SPI connect failed: ZBus Error: MethodError(OwnedErrorName("org.freedesktop.DBus.Error.NameHasNoOwner"), Some("Could not activate remote peer 'org.a11y.atspi.Registry': unit failed"), Msg { type: Error, serial: 4294967295, sender: UniqueName("org.freedesktop.DBus"), reply-serial: 9, body: Str, fds: [] })
[2m2026-10-02T02:04:17.792395Z[0m [33m WARN[0m [2mplatform_linux::overlay[0m[2m:[0m X11 overlay: root reads cannot see this window's own pixels; save-unders will be served without readback confirmation
dbus-daemon[2567015]: [session uid=1000 pid=2567015 pidfd=4] Activating service name='org.freedesktop.systemd1' requested by ':1.4' (uid=1000 pid=2567238 comm="/usr/bin/dbus-broker-launch --config-file=/usr/sha")
dbus-daemon[2567015]: [session uid=1000 pid=2567015 pidfd=4] Activated service 'org.freedesktop.systemd1' failed: Process org.freedesktop.systemd1 exited with status 1
dbus-daemon[2567015]: [session uid=1000 pid=2567015 pidfd=4] Activating service name='org.freedesktop.systemd1' requested by ':1.4' (uid=1000 pid=2567238 comm="/usr/bin/dbus-broker-launch --config-file=/usr/sha")
dbus-daemon[2567015]: [session uid=1000 pid=2567015 pidfd=4] Activated service 'org.freedesktop.systemd1' failed: Process org.freedesktop.systemd1 exited with status 1
{"trial": "b18-2-API", "final": "value", "error": null, "load": "4.10"}
dbus-daemon[2567015]: [session uid=1000 pid=2567015 pidfd=4] Activating service name='org.freedesktop.systemd1' requested by ':1.4' (uid=1000 pid=2567238 comm="/usr/bin/dbus-broker-launch --config-file=/usr/sha")
dbus-daemon[2567015]: [session uid=1000 pid=2567015 pidfd=4] Activated service 'org.freedesktop.systemd1' failed: Process org.freedesktop.systemd1 exited with status 1
[2m2026-10-02T02:04:19.046753Z[0m [33m WARN[0m [2mcua_driver_sdk::runtime[0m[2m:[0m could not activate the persistent AT-SPI listener: AT-SPI connect failed: ZBus Error: MethodError(OwnedErrorName("org.freedesktop.DBus.Error.NameHasNoOwner"), Some("Could not activate remote peer 'org.a11y.atspi.Registry': unit failed"), Msg { type: Error, serial: 4294967295, sender: UniqueName("org.freedesktop.DBus"), reply-serial: 9, body: Str, fds: [] })
[2m2026-10-02T02:04:19.054738Z[0m [33m WARN[0m [2mplatform_linux::overlay[0m[2m:[0m X11 overlay: root reads cannot see this window's own pixels; save-unders will be served without readback confirmation
dbus-daemon[2567015]: [session uid=1000 pid=2567015 pidfd=4] Activating service name='org.freedesktop.systemd1' requested by ':1.4' (uid=1000 pid=2567238 comm="/usr/bin/dbus-broker-launch --config-file=/usr/sha")
dbus-daemon[2567015]: [session uid=1000 pid=2567015 pidfd=4] Activated service 'org.freedesktop.systemd1' failed: Process org.freedesktop.systemd1 exited with status 1
dbus-daemon[2567015]: [session uid=1000 pid=2567015 pidfd=4] Activating service name='org.freedesktop.systemd1' requested by ':1.4' (uid=1000 pid=2567238 comm="/usr/bin/dbus-broker-launch --config-file=/usr/sha")
dbus-daemon[2567015]: [session uid=1000 pid=2567015 pidfd=4] Activated service 'org.freedesktop.systemd1' failed: Process org.freedesktop.systemd1 exited with status 1
{"trial": "b19-0-G_off", "final": "value", "error": null, "load": "3.85"}
dbus-daemon[2567015]: [session uid=1000 pid=2567015 pidfd=4] Activating service name='org.freedesktop.systemd1' requested by ':1.4' (uid=1000 pid=2567238 comm="/usr/bin/dbus-broker-launch --config-file=/usr/sha")
dbus-daemon[2567015]: [session uid=1000 pid=2567015 pidfd=4] Activated service 'org.freedesktop.systemd1' failed: Process org.freedesktop.systemd1 exited with status 1
[2m2026-10-02T02:04:20.487477Z[0m [33m WARN[0m [2mcua_driver_sdk::runtime[0m[2m:[0m could not activate the persistent AT-SPI listener: AT-SPI connect failed: ZBus Error: MethodError(OwnedErrorName("org.freedesktop.DBus.Error.NameHasNoOwner"), Some("Could not activate remote peer 'org.a11y.atspi.Registry': unit failed"), Msg { type: Error, serial: 4294967295, sender: UniqueName("org.freedesktop.DBus"), reply-serial: 9, body: Str, fds: [] })
[2m2026-10-02T02:04:20.494972Z[0m [33m WARN[0m [2mplatform_linux::overlay[0m[2m:[0m X11 overlay: root reads cannot see this window's own pixels; save-unders will be served without readback confirmation
dbus-daemon[2567015]: [session uid=1000 pid=2567015 pidfd=4] Activating service name='org.freedesktop.systemd1' requested by ':1.4' (uid=1000 pid=2567238 comm="/usr/bin/dbus-broker-launch --config-file=/usr/sha")
dbus-daemon[2567015]: [session uid=1000 pid=2567015 pidfd=4] Activated service 'org.freedesktop.systemd1' failed: Process org.freedesktop.systemd1 exited with status 1
dbus-daemon[2567015]: [session uid=1000 pid=2567015 pidfd=4] Activating service name='org.freedesktop.systemd1' requested by ':1.4' (uid=1000 pid=2567238 comm="/usr/bin/dbus-broker-launch --config-file=/usr/sha")
dbus-daemon[2567015]: [session uid=1000 pid=2567015 pidfd=4] Activated service 'org.freedesktop.systemd1' failed: Process org.freedesktop.systemd1 exited with status 1
{"trial": "b19-1-API", "final": "value", "error": null, "load": "3.85"}
dbus-daemon[2567015]: [session uid=1000 pid=2567015 pidfd=4] Activating service name='org.freedesktop.systemd1' requested by ':1.4' (uid=1000 pid=2567238 comm="/usr/bin/dbus-broker-launch --config-file=/usr/sha")
dbus-daemon[2567015]: [session uid=1000 pid=2567015 pidfd=4] Activated service 'org.freedesktop.systemd1' failed: Process org.freedesktop.systemd1 exited with status 1
[2m2026-10-02T02:04:21.739504Z[0m [33m WARN[0m [2mcua_driver_sdk::runtime[0m[2m:[0m could not activate the persistent AT-SPI listener: AT-SPI connect failed: ZBus Error: MethodError(OwnedErrorName("org.freedesktop.DBus.Error.NameHasNoOwner"), Some("Could not activate remote peer 'org.a11y.atspi.Registry': unit failed"), Msg { type: Error, serial: 4294967295, sender: UniqueName("org.freedesktop.DBus"), reply-serial: 9, body: Str, fds: [] })
[2m2026-10-02T02:04:21.746157Z[0m [33m WARN[0m [2mplatform_linux::overlay[0m[2m:[0m X11 overlay: root reads cannot see this window's own pixels; save-unders will be served without readback confirmation
dbus-daemon[2567015]: [session uid=1000 pid=2567015 pidfd=4] Activating service name='org.freedesktop.systemd1' requested by ':1.4' (uid=1000 pid=2567238 comm="/usr/bin/dbus-broker-launch --config-file=/usr/sha")
dbus-daemon[2567015]: [session uid=1000 pid=2567015 pidfd=4] Activated service 'org.freedesktop.systemd1' failed: Process org.freedesktop.systemd1 exited with status 1
dbus-daemon[2567015]: [session uid=1000 pid=2567015 pidfd=4] Activating service name='org.freedesktop.systemd1' requested by ':1.4' (uid=1000 pid=2567238 comm="/usr/bin/dbus-broker-launch --config-file=/usr/sha")
dbus-daemon[2567015]: [session uid=1000 pid=2567015 pidfd=4] Activated service 'org.freedesktop.systemd1' failed: Process org.freedesktop.systemd1 exited with status 1
{"trial": "b19-2-G_on", "final": "value", "error": null, "load": "3.85"}
rc_run=0
X connection to :100 broken (explicit kill or server shutdown).
A connection to the bus can't be made
[session] exit rc=0 run_dir=<tmp>/x11-session.44R4Zt
