[2026-10-02T05:17:21Z] head=be68363bc38940d5560be55165ceaf6fd743437b dirty=6 rustc=rustc 1.97.1 (8bab26f4f 2026-07-14)
   Compiling cua-driver-core v0.32.0 (<lanes>/i107-cshadow/libs/cua-driver/rust/crates/cua-driver-core)
    Finished `test` profile [unoptimized + debuginfo] target(s) in 14.85s
     Running unittests src/lib.rs (<targets>/cua-test-i107-cshadow/debug/deps/cua_driver_core-4f2d188a2089d4cb)

running 860 tests
test action_record::tests::confirmed_rejects_debug_only_evidence ... ok
test action_record::tests::confirmed_requires_evidence ... ok
test action_record::tests::escalation_projection_preserves_decision_critical_reasons ... ok
test action_record::tests::browser_refusals_and_partial_delivery_survive_projection ... ok
test action_record::tests::foreground_macos_drag_path_uses_hid_transport ... ok
test action_record::tests::hyprland_foreground_does_not_claim_isolated_background_delivery ... ok
test action_record::tests::every_transport_maps_to_one_of_the_six_stable_routes ... ok
test action_record::tests::click_selection_readback_preserves_confirmed_effect ... ok
test action_record::tests::foreground_cgevent_path_is_preserved_when_effect_is_unverifiable ... ok
test action_record::tests::browser_pointer_routes_share_the_closed_action_contract ... ok
test action_record::tests::legacy_confirmation_without_readback_is_downgraded ... ok
test action_record::tests::every_legacy_text_only_action_is_conservatively_unverifiable ... ok
test action_record::tests::legacy_partial_requires_an_explicit_delivered_count ... ok
test action_record::tests::every_known_legacy_action_path_normalizes ... ok
test action_record::tests::legacy_pointer_and_key_acknowledgements_cannot_become_confirmed ... ok
test action_record::tests::partial_requires_delivered_count ... ok
test action_record::tests::mpx_pointer_screenshot_evidence_alone_stays_unverifiable ... ok
test action_record::tests::mpx_pointer_window_change_evidence_publishes_confirmed_effect ... ok
test action_record::tests::producer_emitted_delivery_wins_over_requested_delivery ... ok
test action_record::tests::projection_contains_only_outcome_information ... ok
test action_record::tests::legacy_value_readback_preserves_truth_without_echoing_target ... ok
test action_record::tests::projection_filters_non_publishable_evidence ... ok
test action_record::tests::refused_cannot_claim_delivery_or_evidence ... ok
test action_record::tests::successful_foreground_pixel_branch_reports_actual_global_delivery ... ok
test action_record::tests::value_readback_never_claims_unobserved_success ... ok
test action_record::tests::public_result_is_the_closed_contract_not_a_serialized_debug_record ... ok
test action_record::tests::system_api_value_readback_projects_without_transport_details ... ok
test action_target::tests::desktop_scope_with_pid_becomes_a_desktop_coordinate_frame_where_supported ... ok
test action_target::tests::desktop_background_guard_is_click_specific ... ok
test action_target::tests::ambiguous_or_unsupported_targets_fail_closed ... ok
test action_target::tests::desktop_scope_with_pid_is_platform_gated ... ok
test action_target::tests::exact_targets_normalize_to_one_unambiguous_legacy_shape ... ok
test agent_cursor::tests::activity_and_motion_reset_the_idle_clock ... ok
test agent_cursor::tests::cursor_stays_visible_until_idle_timeout_then_fades ... ok
test agent_cursor::tests::ending_one_cursor_leaves_another_visible ... ok
test agent_cursor::tests::idle_timeout_matches_presence_and_fade_is_short ... ok
test agent_cursor::tests::origin_argument_values ... ok
test agent_cursor::tests::session_end_hides_at_once_and_only_revive_restores ... ok
test agent_cursor::tests::shared_surface_hides_after_idle_timeout ... ok
test agent_cursor::tests::only_human_origin_suppresses_the_overlay ... ok
test agent_cursor::tests::the_shared_default_cursor_is_never_marked_human ... ok
test agent_cursor::tests::zero_idle_hide_never_fades ... ok
test agent_cursor::tests::shared_surface_hides_only_for_its_owner ... ok
test authorization::tests::adapter_mode_behavior_matches_the_product_contract ... ok
test authorization::tests::adding_a_manifest_is_monotonic_for_standard_and_unrestricted_profile_behavior ... ok
test authorization::tests::bounded_needs_no_bypass_flag ... ok
test authorization::tests::autonomous_remains_a_compatibility_alias_for_bounded ... ok
test authorization::tests::browser_prepare_operations_are_actively_enforced ... ok
test authorization::tests::clipboard_risk_distinguishes_reads_text_writes_and_local_files ... ok
test authorization::tests::danger_flag_cannot_weaken_another_mode ... ok
test authorization::tests::health_report_is_r0_read_only_diagnostics ... ok
test authorization::tests::enforcement_inventory_is_unique_and_truthful ... ok
test authorization::tests::native_menu_invocation_matches_local_gui_action_risk ... ok
test authorization::tests::os_permission_prompt_is_argument_sensitive ... ok
test authorization::tests::exact_call_inventory_composes_overlapping_resource_boundaries ... ok
test authorization::tests::screenshot_file_output_is_classified_as_egress ... ok
test authorization::tests::standard_is_the_default ... ok
test authorization::tests::unrestricted_requires_deliberate_acknowledgement ... ok
test authorization::tests::process_targeted_tools_cannot_target_the_authorization_daemon ... ok
test authorization::tests::unknown_tools_are_unclassified_and_denied ... ok
test authorization::tests::verify_state_is_bounded_observation_not_file_egress ... ok
test authorization::tests::yolo_is_only_an_alias_for_explicit_unrestricted ... ok
test background_input::tests::ax_unresolved_target_is_observation_only ... ok
test background_input::tests::foreign_owner_refuses_every_mutation ... ok
test background_input::tests::capability_report_shape_is_stable ... ok
test background_input::tests::minimized_or_hidden_keeps_semantic_ax_and_refuses_keys_and_pointer ... ok
test background_input::tests::capability_report_refusals_carry_stable_reason_codes ... ok
test background_input::tests::proven_element_ancestry_executes_semantic_ax_even_when_minimized ... ok
test background_input::tests::refusal_precedence_owner_before_element_before_scope_before_state ... ok
test background_input::tests::sibling_readback_never_confirms_the_requested_window ... ok
test background_input::tests::singleton_window_permits_background_keyboard_with_target_bound_verification ... ok
test background_input::tests::stale_window_id_refuses_every_mutation ... ok
test background_input::tests::two_window_process_refuses_background_keyboard_for_both_text_and_keys ... ok
test background_input::tests::unknown_visibility_fails_closed_for_pointer_and_keyboard ... ok
test background_input::tests::unproven_element_ancestry_refuses_all_routes ... ok
test browser::adapter_support::tests::active_port_parser_requires_one_exact_browser_path ... ok
test browser::adapter_support::tests::browser_cursor_tracker_shows_only_the_active_tabs_session_per_window ... ok
test browser::adapter_support::tests::firefox_classifier_uses_product_tokens ... ok
test browser::adapter_support::tests::websocket_url_must_keep_the_attested_listener_port ... ok
test browser::binding::tests::bounds_within_tolerance_still_match ... ok
test browser::binding::tests::duplicate_titles_keep_distinct_maximized_windows_ambiguous ... ok
test browser::binding::tests::embedded_fallback_requires_both_singleton_proofs ... ok
test browser::binding::tests::cardinality_never_picks_between_multiple_cdp_windows ... ok
test browser::binding::tests::embedded_single_page_is_selected_by_cardinality_only ... ok
test browser::binding::tests::empty_candidate_titles_never_title_match ... ok
test browser::binding::tests::duplicate_title_only_matches_are_ambiguous ... ok
test browser::binding::tests::geometry_without_a_cdp_window_id_is_not_exact ... ok
test browser::binding::tests::multiple_tabs_in_one_window_are_one_exact_candidate ... ok
test browser::binding::tests::no_bounds_match_with_unique_title_is_heuristic ... ok
test browser::binding::tests::no_evidence_at_all_is_none ... ok
test browser::binding::tests::outer_window_rect_restores_exact_match_when_visible_frame_is_inset ... ok
test browser::binding::tests::same_title_tabs_in_one_window_are_still_one_exact_candidate ... ok
test browser::binding::tests::singleton_native_and_cdp_windows_are_exact_by_cardinality ... ok
test browser::binding::tests::selected_tab_requires_one_unique_native_title_match ... ok
test browser::binding::tests::unattested_geometry_never_mints_an_exact_binding ... ok
test browser::binding::tests::unique_bounds_match_is_exact ... ok
test browser::binding::tests::unique_title_disambiguates_distinct_maximized_windows_with_shared_bounds ... ok
test authorization::tests::standard_manifest_scope_is_checked_before_existing_profile_approval ... ok
test browser::cdp_ws::tests::i107_ledger_details_carry_method_ids_and_sizes_only ... ok
test browser::cdp_ws::tests::loopback_urls_are_accepted ... ok
test browser::cdp_ws::tests::non_loopback_and_non_ws_urls_are_rejected ... ok
test browser::download::tests::cdp_download_path_preserves_ordinary_paths ... ok
test browser::engine::tests::collector_composes_shadow_dom_and_same_process_iframes ... ok
test browser::engine::tests::endpoint_access_policy_requires_grants_for_standalone_consumers ... ok
test browser::engine::tests::i107_ax_count_detail_counts_nodes_without_content ... ok
test authorization::tests::status_derives_adapter_summaries_from_the_inventory ... ok
test authorization::tests::history_reads_are_distinct_explicit_history_capabilities ... ok
test browser::engine::tests::viewport_point_maps_below_browser_chrome_in_live_native_bounds ... ok
test browser::engine::tests::parse_frame_tree_maps_frames_and_omits_malformed_children ... ok
test browser::engine::tests::viewport_point_refuses_untrustworthy_or_out_of_view_geometry ... ok
test browser::grant::tests::cleanup_ownership_moves_to_another_live_grant_for_the_same_process ... ok
test browser::grant::tests::cleanup_ownership_does_not_move_to_a_reused_pid ... ok
test browser::grant::tests::expired_lookup_returns_the_connection_owner_for_cleanup ... ok
test browser::grant::tests::grants_are_scoped_to_public_and_transport_session ... ok
test browser::grant::tests::session_cleanup_revokes_both_owners ... ok
test browser::cdp_ws::tests::call_returns_the_id_matched_result ... ok
test browser::cdp_ws::tests::existing_profile_policy_rejects_fingerprint_and_interception_methods ... ok
test browser::cdp_ws::tests::socket_close_fails_pending_calls_and_marks_the_connection ... ok
test browser::cdp_ws::tests::cdp_error_codes_are_preserved_in_the_message ... ok
test browser::i107_mirror::tests::attribute_text_and_structure_events_apply_and_agree_with_a_fresh_read ... ok
test browser::i107_mirror::tests::action_relevant_match_set_is_reported_unknown_with_a_dom_estimate ... ok
test browser::download::tests::destination_must_be_absolute_existing_canonical_directory ... ok
test browser::download::tests::destination_rejects_regular_files ... ok
test browser::download::tests::destination_rejects_symlink_root ... ok
test browser::cdp_ws::tests::dropping_a_pool_releases_its_claim_marker ... ok
test browser::cdp_ws::tests::pool_replaces_closed_connections ... ok
test browser::engine::tests::live_browser_origin_decision_refuses_redirect_outside_manifest_scope ... ok
test browser::i107_mirror::tests::default_test_process_has_the_mirror_off ... ok
test browser::download::tests::partial_cleanup_is_confined_to_a_direct_guid_file ... ok
test browser::download::tests::completion_proof_accepts_only_direct_regular_guid_file ... ok
test browser::i107_mirror::tests::fault_delay_holds_then_releases_after_the_deadline ... ok
test browser::i107_mirror::tests::coverage_is_unknown_until_bootstrap_completes ... ok
test browser::i107_mirror::tests::audit_with_unknown_coverage_counts_everything_unknown ... ok
test browser::i107_mirror::tests::fault_drop_removes_every_nth_mutation_event ... ok
test browser::i107_mirror::tests::audit_report_carries_no_page_text_or_attribute_values ... ok
test browser::i107_mirror::tests::fault_duplicate_delivers_twice ... ok
test browser::i107_mirror::tests::fault_foreign_and_stale_add_retagged_copies ... ok
test browser::cdp_ws::tests::claimed_existing_profile_socket_is_generation_owned ... ok
test browser::i107_mirror::tests::early_dom_event_keeps_coverage_unknown_after_bootstrap ... ok
test browser::i107_mirror::tests::fault_overflow_and_reconnect_signal_once ... ok
test browser::i107_mirror::tests::events_while_unknown_are_discarded_and_counted ... ok
test browser::cdp_ws::tests::claim_marker_is_reference_counted_across_pools ... ok
test browser::i107_mirror::tests::early_unrelated_event_does_not_poison_bootstrap ... ok
test browser::i107_mirror::tests::changes_inside_the_bracketing_window_are_ambiguous_not_false_current ... ok
test browser::i107_mirror::tests::fault_plan_parses_only_known_shapes ... ok
test browser::i107_mirror::tests::competing_submit_insert_changes_the_dom_estimate ... ok
test browser::i107_mirror::tests::fault_swap_reorders_adjacent_mutations ... ok
test browser::i107_mirror::tests::child_insert_and_remove_track_order_and_existence ... ok
test browser::i107_mirror::tests::mode_is_off_unless_explicitly_shadow_or_shadow_audit ... ok
test browser::i107_mirror::tests::inserted_container_without_children_is_unknown_until_set_child_nodes ... ok
test browser::i107_mirror::tests::overflow_invalidates_and_is_counted ... ok
test browser::i107_mirror::tests::inline_style_invalidation_makes_style_uncertain_not_current ... ok
test browser::i107_mirror::tests::generation_invalidation_drops_the_mirror ... ok
test browser::i107_mirror::tests::faulted_streams_never_produce_false_current_without_detection_paths ... ok
test browser::i107_mirror::tests::missing_event_is_invisible_to_the_mirror_and_caught_only_by_the_fresh_audit ... ok
test browser::i107_mirror::tests::navigation_invalidation_drops_the_mirror ... ok
test browser::i107_mirror::tests::property_only_changes_are_never_claimed ... ok
test browser::i107_mirror::tests::unrelated_and_stale_session_events_are_ignored_and_counted ... ok
test browser::pointer::tests::dom_event_requires_a_ref ... ok
test browser::pointer::tests::drag_requires_exactly_one_destination_shape ... ok
test browser::pointer::tests::exact_frame_comparison_includes_document_identity ... ok
test browser::pointer::tests::parses_every_action_and_coordinate_origin ... ok
test browser::pointer::tests::quad_center_rejects_malformed_models ... ok
test browser::i107_mirror::tests::shadow_mode_has_no_audit_window ... ok
test browser::i107_mirror::tests::document_updated_navigation_and_frame_changes_invalidate ... ok
test browser::pointer::tests::scroll_capability_does_not_authorize_other_pointer_actions ... ok
test browser::pointer::tests::scroll_requires_a_nonzero_finite_delta ... ok
test browser::platform::tests::isolated_browser_selection_uses_first_installed_canonical_candidate ... ok
test browser::platform::tests::isolated_browser_selection_rejects_symlinked_candidate ... ok
test browser::prepare::tests::accepted_consent_retries_one_failed_claim_with_a_fresh_dial ... ok
test browser::prepare::tests::accepted_consent_limits_a_failed_fresh_dial_to_one_retry ... ok
test browser::prepare::tests::claim_failure_without_accepted_consent_is_not_retried ... ok
test browser::prepare::tests::isolated_launch_can_select_native_wayland_and_test_vm_sandbox_mode ... ok
test browser::prepare::tests::isolated_launch_uses_a_deterministic_clean_profile ... ok
test browser::prepare::tests::immediately_completed_fresh_claim_does_not_poll_second_consent ... ok
test browser::prepare::tests::setup_side_effects_are_preserved_on_refusal ... ok
test browser::i107_mirror::tests::session_loss_events_are_reported_as_lost ... ok
test browser::prepare::tests::spawned_runtime_promotes_a_proven_listener_without_losing_the_root ... ok
test browser::refusal::tests::descriptor_exhaustion_matches_emfile_and_enfile ... ok
test browser::prepare::tests::successful_claim_does_not_retry_after_accepted_consent ... ok
test browser::refusal::tests::descriptor_limit_snapshot_never_panics ... ok
test browser::refusal::tests::detail_is_omitted_when_absent ... ok
test browser::refusal::tests::every_code_serializes_to_the_documented_snake_case_string ... ok
test browser::refusal::tests::inspection_spawn_refusal_keeps_plain_mapping_for_ordinary_errors ... ok
test browser::refusal::tests::inspection_spawn_refusal_names_resource_and_recovery_for_emfile ... ok
test browser::refusal::tests::refusal_tool_result_shape_is_stable ... ok
test browser::i107_mirror::tests::structural_inconsistencies_invalidate_instead_of_guessing ... ok
test browser::semantic::tests::dom_supplement_adds_only_explicit_visible_custom_actions ... ok
test browser::semantic::tests::dialog_container_does_not_occlude_its_own_actions ... ok
test browser::semantic::tests::dom_supplement_exposes_scrollable_containers_without_click_authority ... ok
test browser::semantic::tests::file_inputs_expose_upload_instead_of_text_typing ... ok
test browser::semantic::tests::i107_acquisition_counts_report_indexed_nodes ... ok
test browser::semantic::tests::hidden_dom_nodes_do_not_enter_the_visible_working_set ... ok
test browser::semantic::tests::fixed_painted_overlay_marks_covered_action_as_page_occluded ... ok
test browser::semantic::tests::semantic_text_removes_icon_glyphs_and_nonbreaking_spaces ... ok
test browser::setup_descriptor::tests::setup_is_limited_to_products_with_exact_descriptors ... ok
test browser::semantic::tests::layout_ranks_in_viewport_actions_before_offscreen_content ... ok
test browser::store::tests::generation_invalidation_is_browser_wide_and_exact ... ok
test browser::store::tests::foreign_namespace_refs_are_refused_as_stale ... ok
test browser::store::tests::minted_ids_are_unique_across_sessions ... ok
test browser::store::tests::navigation_invalidates_tab_refs ... ok
test browser::store::tests::page_refs_do_not_alias_across_runtime_owned_stores ... ok
test browser::store::tests::ref_entry_serialization_hides_internal_identifiers ... ok
test browser::store::tests::ref_parsing_accepts_only_the_p_namespace ... ok
test browser::store::tests::remove_session_drops_the_whole_namespace ... ok
test browser::store::tests::resolve_ref_happy_path ... ok
test browser::store::tests::target_ids_do_not_resolve_in_a_foreign_session ... ok
test browser::store::tests::unknown_snapshot_or_index_is_stale ... ok
test browser::tests::browser_session_schema_keeps_naming_and_capability_guidance_together ... ok
test browser::store::tests::unknown_tab_is_tab_not_found ... ok
test browser::tests::required_browser_session_schema_does_not_suggest_omission ... ok
test browser::tools::b01_focus_settle_knob_tests::default_process_uses_the_shipped_settle ... ok
test browser::tools::b01_focus_settle_knob_tests::knob_is_clamped_to_0_through_100 ... ok
test browser::tools::b01_focus_settle_knob_tests::unset_empty_or_invalid_knob_keeps_exactly_100_ms ... ok
test browser::prepare::tests::clean_launcher_exit_is_only_deferred_on_windows ... ok
test browser::tools::tests::bind_requires_an_explicit_session ... ok
test browser::tools::tests::cdp_less_browser_refuses_route_unavailable ... ok
test browser::tools::tests::existing_profile_requires_runtime_authorization ... ok
test browser::tools::tests::existing_strategy_conflicts_fail_before_platform_setup ... ok
test browser::tools::tests::isolated_launch_accepts_omitted_pid ... ok
test browser::tools::tests::firefox_refusal_names_the_required_protocol_without_probing_the_window ... ok
test browser::tools::tests::heuristic_bindings_refuse_mutation ... ok
test browser::prepare::tests::profile_marker_must_match_mode_and_name_exactly ... ok
test browser::i107_mirror::tests::bootstrap_order_is_subscribe_attach_enable_frame_tree_document ... ok
test browser::tools::tests::mutations_reject_bad_url_and_bad_route_before_binding ... ok
test browser::tools::tests::non_browser_pid_refuses_route_unavailable ... ok
test browser::tools::tests::mutations_on_unknown_targets_refuse_binding_stale ... ok
test browser::tools::tests::public_session_field_is_the_primary_capability_namespace ... ok
test browser::tools::tests::pid_remains_required_without_a_complete_isolated_launch_request ... ok
test browser::tools::tests::snapshot_rejects_non_boolean_include_screenshot ... ok
test browser::tools::tests::session_end_hook_drops_the_capability_namespace ... ok
test browser::tools::tests::stale_fingerprint_refuses_before_any_cdp_traffic ... ok
test browser::tools::tests::registration_registers_all_browser_tools ... ok
test browser::tools::tests::standalone_consumer_refuses_existing_profile_approval_without_preparing ... ok
test browser::types::tests::endpoint_listener_pid_is_wire_compatible_and_optional ... ok
test browser::tools::tests::upload_paths_are_absolute_regular_files_and_outputs_need_no_path ... ok
test browser::types::tests::endpoint_transport_and_access_class_have_stable_public_names ... ok
test browser::types::tests::fingerprint_pid_reuse_is_detected ... ok
test browser::types::tests::fingerprint_with_no_known_fields_matches_only_on_pid ... ok
test browser::types::tests::rect_tolerance_is_inclusive ... ok
test browser::tools::tests::tool_annotations_and_schemas ... ok
test browser::tools::tests::isolated_prepare_uses_runtime_authorization_without_a_token ... ok
test browser::v2_tests::approved_existing_profile_setup_reports_exact_side_effects ... ok
test browser::v2_tests::approved_existing_profile_attach_claims_then_binds_one_generation ... ok
test browser::prepare::tests::accepted_consent_waits_for_the_same_claim ... ok
test browser::prepare::tests::completed_claim_wins_while_optional_consent_is_absent ... ok
test browser::i107_mirror::tests::session_end_drops_the_mirror_and_detaches_its_event_session ... ok
test browser::keyed_gates::tests::same_key_serializes_and_different_keys_do_not_block ... ok
test browser::v2_tests::method_unsupported_keeps_the_electron_none_path ... ok
test browser::v2_tests::navigation_targets_an_inactive_tab_without_activating_it ... ok
test browser::i107_mirror::tests::existing_profile_sockets_never_get_a_mirror ... ok
test browser::i107_mirror::tests::off_mode_creates_no_event_session_and_no_mirror ... ok
test browser::v2_tests::only_windowless_targets_refuse_wrong_target_never_route_unavailable ... ok
test browser::cdp_ws::tests::events_emitted_before_a_reply_are_drainable_after_the_call ... ok
test browser::cdp_ws::tests::out_of_order_replies_route_to_the_right_callers ... ok
test browser::v2_tests::other_window_lookup_errors_still_fail_the_whole_proof ... ok
test browser::v2_tests::protected_browser_scope_reproves_live_origin_and_omits_sensitive_url_text ... ok
test browser::v2_tests::protected_provider_accepts_exact_attach_and_session_end_revokes_the_grant ... ok
test browser::i107_mirror::tests::audit_cut_applies_events_queued_before_the_ping_reply ... ok
test browser::v2_tests::browser_visual_feedback_probes_live_tab_visibility_without_activating_it ... ok
test browser::v2_tests::approved_existing_profile_tools_stay_within_the_reviewed_cdp_surface ... ok
test browser::v2_tests::main_frame_navigation_invalidates_refs_via_loader_identity ... ok
test browser::v2_tests::oopif_capability_regression_refuses_rather_than_reroutes ... ok
test browser::cdp_ws::tests::javascript_dialog_journal_is_bounded_and_generation_checked ... ok
test browser::v2_tests::foreground_delivery_mode_accepts_window_activation_for_trusted_click ... ok
test browser::v2_tests::click_validates_same_process_iframe_loader_and_uses_the_tab_session ... ok
test browser::v2_tests::removed_oopif_frame_is_stale_not_guessed ... ok
test browser::v2_tests::requested_tab_screenshot_maps_non_unit_png_pixels_to_viewport_css ... ok
test browser::cdp_ws::tests::stalled_reconnect_does_not_block_generation_release ... ok
test browser::v2_tests::requested_tab_screenshot_refuses_invalid_viewport_metrics_before_capture ... ok
test browser::v2_tests::requested_tab_screenshot_refuses_malformed_image_data ... ok
test browser::v2_tests::main_frame_navigation_invalidates_semantic_continuations ... ok
test browser::v2_tests::oopif_navigation_invalidates_its_refs ... ok
test browser::v2_tests::click_routes_oopif_refs_through_the_contained_child_session ... ok
test browser::v2_tests::rogue_attach_announcements_are_contained ... ok
test browser::v2_tests::same_process_iframe_navigation_invalidates_its_refs ... ok
test browser::v2_tests::semantic_snapshot_can_capture_an_inactive_tab_without_activation_calls ... ok
test browser::v2_tests::standalone_consumer_bind_without_grant_refuses_before_endpoint_discovery ... ok
test browser::v2_tests::semantic_snapshot_does_not_capture_unless_requested ... ok
test browser::v2_tests::semantic_snapshot_reports_the_live_page_title ... ok
test browser::v2_tests::snapshot_composes_shadow_iframe_and_oopif_refs ... ok
test browser::v2_tests::unproven_oopif_capability_is_omitted_not_guessed ... ok
test browser::v2_tests::windowless_side_panel_target_is_skipped_and_bind_stays_exact ... ok
test browser::v2_tests::semantic_continuation_is_opaque_single_use_and_reaches_offscreen_content ... ok
test build_info::tests::normalize_keeps_only_hex_shas ... ok
test build_info::tests::sha256_file_matches_a_known_digest ... ok
test capture_mode::tests::schema_is_marked_deprecated_and_keeps_enum_for_back_compat ... ok
test capture_registry::tests::bounded_maintenance_releases_expired_png_without_lookup_or_store ... ok
test capture_registry::tests::capture_id_parser_rejects_noncanonical_ids ... ok
test capture_registry::tests::capture_refusals_have_one_wire_code_table ... ok
test capture_registry::tests::count_and_byte_limits_evict_oldest_deterministically ... ok
test capture_registry::tests::downscaled_capture_keeps_encoded_and_native_action_dimensions_distinct ... ok
test capture_registry::tests::encoded_pixel_edges_are_half_open_and_refuse_without_consuming ... ok
test capture_registry::tests::invalid_action_point_does_not_consume_capture ... ok
test capture_registry::tests::lookup_errors_are_specific_and_action_consumption_is_atomic ... ok
test capture_registry::tests::poisoned_registry_and_session_locks_recover_without_panicking_or_underflowing ... ok
test capture_registry::tests::refusal_prediction_matches_admission_without_consuming_the_capture ... ok
test capture_registry::tests::rejects_invalid_png_dimensions_target_and_transform_before_storage ... ok
test capture_registry::tests::rejects_pngs_before_decode_when_dimensions_or_allocation_exceed_limits ... ok
test capture_registry::tests::rejects_transform_that_overflows_across_encoded_extent ... ok
test capture_registry::tests::service_owns_session_generation_and_advances_it_on_retirement ... ok
test capture_registry::tests::service_round_trips_ids_and_applies_full_affine_once ... ok
test capture_registry::tests::session_and_runtime_cleanup_are_generation_exact ... ok
test capture_registry::tests::stores_immutable_png_metadata_and_never_reuses_ids ... ok
test capture_registry::tests::transform_composition_preserves_continuous_coordinates ... ok
test capture_registry::tests::unknown_expired_session_runtime_target_replacement_eviction_and_resize_refuse_dispatch ... ok
test capture_scope::tests::auto_escalation_preserves_mouse_button_cleanup ... ok
test capture_scope::tests::conflicting_live_rebind_is_rejected ... ok
test capture_scope::tests::end_racing_escalation_never_resurrects_legacy_scope_state ... ok
test capture_scope::tests::escalated_auto_session_reports_permanent_scope_and_recovery ... ok
test capture_scope::tests::escalation_detail_is_bounded ... ok
test capture_scope::tests::mouse_button_actions_respect_strict_scope ... ok
test capture_scope::tests::sessions_are_isolated_and_auto_escalates_one_way ... ok
test capture_scope::tests::strict_modes_apply_symmetrically_to_perception_and_actions ... ok
test capture_scope::tests::transport_mirror_does_not_create_policy ... ok
test cdp::tests::evaluate_uses_event_aware_transport_without_changing_output ... ok
test cdp::tests::legacy_result_format_is_unchanged ... ok
test cdp::tests::omitted_page_hint_preserves_first_page_behavior ... ok
test cdp::tests::targeted_page_selection_is_unique_and_case_insensitive ... ok
test clipboard::tests::text_round_trip_returns_types_and_privacy_metadata ... ok
test browser::v2_tests::trusted_click_refuses_when_standalone_background_posture_is_unavailable ... ok
test clipboard::tests::unavailable_backend_returns_an_explicit_content_free_status ... ok
test clipboard::tests::write_requires_exactly_one_value ... ok
test consent::tests::exact_accept_creates_a_revocable_grant ... ok
test consent::tests::capability_manifest_resources_narrow_standard_and_unrestricted_without_prompting ... ok
test consent::tests::forged_digest_never_activates_a_grant ... ok
test consent::tests::process_ownership_requires_the_same_attested_process_instance ... ok
test consent::tests::missing_provider_fails_closed ... ok
test consent::tests::standard_and_unrestricted_routine_actions_skip_the_broker ... ok
test consent::tests::standard_routine_resources_never_request_host_authorization ... ok
test cursor_events::tests::emits_only_for_explicit_session_and_known_tool ... ok
test cursor_events::tests::public_label_metadata_is_emitted_separately_from_private_cursor_key ... ok
test consent::tests::provider_identity_is_runtime_scoped ... ok
test cursor_shape::tests::default_variant_is_default_arrow ... ok
test cursor_shape::tests::no_probe_reports_unknown_and_unsupported ... ok
test daemon::tests::direct_client_kind_is_bounded_and_snake_case ... ok
test daemon::tests::legacy_request_without_additive_fields_deserializes ... ok
test daemon::tests::metadata_is_versioned_and_process_bound ... ok
test daemon::tests::observation_origin_is_snake_case ... ok
test daemon::tests::response_helpers_preserve_wire_shape ... ok
test daemon::tests::socket_path_keeps_the_selected_namespace ... ok
test delivery::tests::background_unavailable_result_carries_the_foreground_escalation ... ok
test delivery::tests::delivery_mode_parse_fronts_only_on_explicit_foreground ... ok
test desktop_capture_scale::tests::a_capped_capture_scales_later_desktop_pixels_back ... ok
test desktop_capture_scale::tests::a_full_size_capture_clears_the_cap ... ok
test element_frame::tests::a_degenerate_scale_adds_nothing ... ok
test element_frame::tests::point_frames_scale_to_retina_pixels ... ok
test element_frame::tests::screen_frame_maps_into_the_delivered_screenshot ... ok
test element_query::tests::absent_query_returns_every_element ... ok
test element_token::tests::parse_rejects_unknown_prefix_or_shape ... ok
test element_query::tests::projection_preserves_original_indices_for_matches_and_ancestors ... ok
test element_token::tests::token_format_pads_to_eight_hex_chars ... ok
test element_token::tests::token_round_trips_through_format_then_parse ... ok
test expectation::tests::empty_selector_value_is_invalid ... ok
test expectation::tests::duplicate_property_target_is_unknown_not_first_match_wins ... ok
test expectation::tests::evaluates_window_bounds_with_tolerance ... ok
test expectation::tests::explicit_windows_and_linux_web_markers_are_untrusted ... ok
test expectation::tests::negative_element_existence_is_invalid_even_for_incomplete_walks ... ok
test expectation::tests::missing_optional_property_is_unknown_not_false ... ok
test expectation::tests::observation_args_request_only_needed_modalities ... ok
test expectation::tests::normalizes_native_roles_across_platforms ... ok
test expectation::tests::observed_json_utf8_truncation_is_bounded_and_valid ... ok
test expectation::tests::satisfied_last_sample_is_not_success_without_required_stability ... ok
test expectation::tests::unique_element_value_is_satisfied ... ok
test expectation::tests::verify_tool_ignores_trusted_transport_metadata ... ok
test expectation::tests::verify_tool_rejects_out_of_contract_polling_bounds ... ok
test browser::v2_tests::keystrokes_use_char_events_for_text_delivery ... ok
test expectation::tests::web_area_existence_is_unknown_even_with_multiple_matches ... ok
test expectation::tests::web_area_readback_is_unknown ... ok
test health_report::tests::all_pass_is_ok ... ok
test health_report::tests::all_skip_is_ok ... ok
test health_report::tests::core_fail_is_failed ... ok
test health_report::tests::description_commits_to_schema_version_1 ... ok
test health_report::tests::empty_filters_runs_everything ... ok
test browser::v2_tests::semantic_snapshot_hydrates_truncated_fallback_branches ... ok
test browser::v2_tests::typing_into_composed_shadow_input_uses_the_tab_session ... ok
test health_report::tests::include_filters_out_unknowns_silently ... ok
test health_report::tests::include_wins_over_skip ... ok
test browser::v2_tests::partial_keystrokes_report_exact_delivered_prefix ... ok
test health_report::tests::non_core_fail_is_degraded ... ok
test browser::v2_tests::semantic_snapshot_refreshes_bind_time_title_from_main_document ... ok
test health_report::tests::parse_string_set_handles_nil_and_scalars ... ok
test health_report::tests::shared_constant_checks_always_pass_with_canonical_names ... ok
test health_report::tests::parse_string_set_ignores_non_string_items ... ok
test health_report::tests::skip_removes_named ... ok
test browser::v2_tests::semantic_snapshot_uses_bounded_dom_fallback_only_for_known_size_failures ... ok
test browser::v2_tests::semantic_snapshot_keeps_visible_content_after_hidden_node_pressure ... ok
test browser::v2_tests::semantic_refs_enforce_declared_action_kinds_before_delivery ... ok
test browser::v2_tests::semantic_snapshot_uses_bounded_dom_fallback_for_full_tree_timeout ... ok
test browser::v2_tests::newer_semantic_snapshot_invalidates_prior_continuations ... ok
test history::tests::chunk_header_reads_legacy_nonce_prefix_array_and_rewrites_canonical_bytes ... ok
test browser::v2_tests::typing_into_an_oopif_input_routes_to_the_child_session ... ok
test history::tests::active_query_runs_on_writer_and_producer_hook_does_not_block ... ok
test history::tests::chunk_header_encodes_nonce_prefix_as_cbor_bytes ... ok
test history::tests::action_attribution_receives_pid_and_window_identity ... ok
test history::tests::delete_destroys_an_orphaned_namespace_key_without_chunks ... ok
test browser::i107_mirror::tests::node_cap_invalidates_and_frees_the_projection ... ok
test history::tests::a_second_manager_cannot_write_until_the_first_releases_the_store ... ok
test expectation::tests::verify_tool_waits_for_stability_and_returns_visual_evidence ... ok
test history::tests::admission_opt_in_restart_and_pause_completion_are_independent ... ok
test history::tests::delete_recovers_from_an_unreadable_chunk_header ... ok
test expectation::tests::transient_observation_failure_is_retried_until_stable ... ok
test history::tests::disabled_or_paused_capture_never_enqueues_actions ... ok
test history::tests::history_consultation_keeps_closed_schemas_and_annotations ... ok
test history::tests::delete_clears_the_cached_session_derivation_key_before_reenable ... ok
test history::tests::disabled_capture_remains_queryable ... ok
test history::tests::history_tool_descriptions_define_bounded_history_first_consultation ... ok
test history::tests::legacy_nonce_prefix_array_remains_authenticated_as_original_aad ... ok
test history::tests::cose_profile_rejects_unknown_unprotected_and_mutated_protected_headers ... ok
test history::tests::malformed_multibyte_hex_is_rejected_without_panicking ... ok
test history::tests::forced_chunk_age_rotates_and_prunes_a_sealed_chunk_without_sleeping ... ok
test history::tests::nonempty_unmarked_computer_history_root_is_not_adopted_by_name ... ok
test history::tests::history_query_ignores_trusted_mcp_session_metadata ... ok
test history::tests::privacy_validator_rejects_forbidden_field_names ... ok
test history::tests::purge_refuses_a_nonempty_unmarked_override_before_touching_keys_or_files ... ok
test history::tests::purge_refuses_relative_roots_without_creating_or_deleting_any_file ... ok
test history::tests::purge_refuses_symlinked_roots_and_managed_entries_before_key_destruction ... ok
test history::tests::lifecycle_state_write_failures_do_not_create_split_brain_enablement ... ok
test history::tests::quota_is_checked_before_a_chunk_header_reaches_disk ... ok
test history::tests::encrypted_store_contains_no_event_plaintext_and_roundtrips ... ok
test history::tests::implicit_sessions_use_keyed_ids_that_can_be_queried_as_opaque_ids ... ok
test history::tests::state_writes_do_not_follow_a_managed_file_symlink ... ok
test browser::v2_tests::semantic_query_and_content_scope_are_read_only_and_precise ... ok
test image_utils::tests::bgra_to_png_swaps_channels ... ok
test image_utils::tests::crosshair_rejects_invalid_centers_instead_of_clamping_to_an_edge ... ok
test image_utils::tests::crosshair_returns_valid_png ... ok
test image_utils::tests::image_dimension_override_wins_and_legacy_cap_folds_with_ceiling ... ok
test image_utils::tests::png_dimensions_rejects_non_png ... ok
test image_utils::tests::png_dimensions_round_trip ... ok
test image_utils::tests::png_to_jpeg_strips_alpha ... ok
test image_utils::tests::resize_downscales_to_long_edge ... ok
test image_utils::tests::resize_no_op_when_max_dim_zero ... ok
test image_utils::tests::resize_no_op_when_within_bound ... ok
test interactive_input::gestures::tests::a_press_held_across_batches_and_moved_is_a_drag ... ok
test interactive_input::gestures::tests::cancel_and_unmatched_releases_produce_nothing ... ok
test interactive_input::gestures::tests::consecutive_text_commits_are_one_text_gesture ... ok
test interactive_input::gestures::tests::down_and_up_in_place_is_a_click_at_the_down_point ... ok
test interactive_input::gestures::tests::key_downs_are_presses_and_ups_and_bare_modifiers_are_dropped ... ok
test interactive_input::gestures::tests::scroll_accumulates_whole_clicks_and_keeps_the_remainder ... ok
test interactive_input::tests::auto_without_a_target_or_escalation_refuses ... ok
test interactive_input::tests::batches_are_validated_and_report_their_last_sequence ... ok
test interactive_input::tests::button_names_default_to_left ... ok
test interactive_input::tests::denormalize_maps_onto_the_last_pixel ... ok
test interactive_input::tests::explicit_modes_are_honoured_for_ordinary_targets ... ok
test interactive_input::tests::preserves_fractional_scroll_until_it_forms_units ... ok
test interactive_input::tests::rejects_non_finite_or_out_of_range_coordinates ... ok
test interactive_input::tests::toolkits_that_drop_synthetic_input_are_never_faked ... ok
test launch_guard::tests::rejects_all_chromium_remote_debugging_spellings ... ok
test mcp_result::tests::a_bare_exit_code_diagnostic_does_not_validate ... ok
test mcp_result::tests::a_conforming_success_is_returned_untouched ... ok
test mcp_result::tests::a_result_that_is_not_an_object_becomes_a_conforming_error ... ok
test mcp_result::tests::a_success_from_a_tool_without_a_schema_is_untouched ... ok
test mcp_result::tests::a_success_missing_its_structured_payload_becomes_an_error ... ok
test mcp_result::tests::a_success_missing_required_nullable_fields_becomes_a_conforming_error ... ok
test mcp_result::tests::a_success_whose_payload_the_schema_rejects_becomes_an_error ... ok
test browser::prepare::tests::rejected_second_consent_cancels_the_fresh_claim_before_returning ... ok
test mcp_result::tests::agent_cursor_state_without_a_position_key_is_rejected ... ok
test mcp_result::tests::an_error_diagnostic_gains_a_refusal_marker ... ok
test mcp_result::tests::an_error_without_any_payload_gains_one ... ok
test mcp_result::tests::an_existing_refusal_code_is_preserved ... ok
test mcp_result::tests::agent_cursor_state_accepts_a_cursor_that_has_not_moved ... ok
test mcp_skills::tests::malformed_params_and_cursors_are_invalid ... ok
test mcp_skills::tests::full_frontmatter_preserves_nested_metadata_and_scalar_types ... ok
test mcp_skills::tests::only_supported_methods_and_capabilities_are_exposed ... ok
test mcp_skills::tests::uri_allowlist_rejects_aliases_traversal_and_foreign_resources ... ok
test mcp_wire::tests::legacy_errors_omit_optional_data ... ok
test mcp_wire::tests::modern_discovery_and_tool_envelopes_follow_canonical_shapes ... ok
test mcp_wire::tests::modern_invalid_jsonrpc_envelopes_are_rejected ... ok
test mcp_wire::tests::modern_versions_and_capabilities_are_validated_per_request ... ok
test mcp_wire::tests::only_legacy_initialize_enables_metadata_free_requests ... ok
test page::tests::every_legacy_mutation_refuses_without_operator_opt_in ... ok
test page::tests::execute_javascript_forwards_explicit_page_target ... ok
test page::tests::rejects_out_of_range_cdp_port_before_dispatch ... ok
test page::tests::schema_advertises_targeted_execute_javascript ... ok
test perception_client::containment::linux::tests::signalling_requires_the_workers_exact_thread_group ... ok
test perception_client::containment::linux::tests::the_device_allowlist_never_grants_a_directory_or_raw_memory ... ok
test perception_client::containment::linux::tests::the_filter_denies_every_socket_and_io_uring_entry_point ... ok
test perception_client::containment::linux::tests::the_filter_fits_the_kernel_program_ceiling_with_single_byte_jumps ... ok
test perception_client::containment::linux::tests::writable_roots_never_grant_execute ... ok
test perception_client::containment::tests::broad_directories_are_refused_as_worker_read_roots ... ok
test perception_client::containment::tests::collapsed_roots_drop_paths_an_ancestor_already_covers ... ok
test perception_client::containment::tests::every_supported_target_meets_the_containment_contract ... ok
test perception_client::containment::tests::macos_reports_its_memory_ceiling_as_sampled_rather_than_kernel_enforced ... ok
test perception_client::containment::tests::the_worker_bundle_and_model_paths_become_the_only_derived_read_roots ... ok
test perception_client::tests::a_bundle_directory_too_broad_to_grant_fails_before_the_worker_runs ... ok
test perception_client::tests::a_contained_hook_refuses_a_missing_entrypoint ... ok
test mcp_skills::tests::manifest_matches_every_raw_embedded_resource ... ok
test browser::v2_tests::refused_consent_cancels_stalled_claim_before_revoking_grant ... ok
test history::tests::query_hides_old_events_even_when_the_chunk_mtime_is_recent ... ok
test perception_client::tests::a_missing_opted_in_sandbox_path_fails_closed ... ok
test perception_client::tests::an_installed_extension_starts_cold ... ok
test history::tests::each_writer_generation_creates_a_new_chunk_and_keeps_sequence_order ... ok
test perception_client::tests::default_frame_limit_covers_the_default_capture_registry_limit ... ok
test perception_client::tests::fixture_interpreter_uses_an_absolute_containment_grant ... ok
test perception_client::tests::fixture_python_config_accepts_validated_non_nix_override ... ok
test perception_client::tests::fixture_python_config_grants_only_exact_closure_roots ... ok
test perception_client::tests::fixture_python_config_rejects_dynamic_linker_configured_outside_store ... ok
test perception_client::tests::fixture_python_config_rejects_dynamic_linker_outside_configured_closure_roots ... ok
test history::tests::offline_purge_is_exclusive_and_removes_state_only_after_keys ... ok
test perception_client::tests::fixture_python_config_rejects_untrusted_nix_closure_roots ... ok
test history::tests::concurrent_capture_preserves_strict_stream_sequence_order ... ok
test perception_client::tests::installed_extension_identity_is_launch_bound_and_verified ... ok
test history::tests::expired_chunks_are_pruned_before_a_new_writer_starts ... ok
test perception_client::tests::a_contained_hook_that_floods_its_output_still_finishes ... ok
test perception_client::tests::a_contained_hook_reports_how_it_exited ... ok
test perception_client::tests::installed_worker_health_must_echo_the_bound_identity ... ok
test history::tests::the_next_accepted_action_reports_pending_drops ... ok
test perception_client::tests::malformed_response_is_not_replayed ... ok
test perception_client::tests::contained_worker_is_denied_every_route_off_its_own_bundle ... ok
test perception_client::tests::fixture_worker_receives_exact_bytes_and_returns_once ... ok
test history::tests::modified_ciphertext_and_wrong_key_fail_closed ... ok
test perception_tools::tests::expired_capture_fails_at_the_tool_boundary_before_worker_launch ... ok
test perception_tools::tests::local_output_uses_canonical_validation_without_capture_registration ... ok
test perception_tools::tests::malformed_or_missing_production_worker_identity_is_rejected ... ok
test perception_tools::tests::absent_extension_returns_stable_not_installed_error ... ok
test perception_tools::tests::parsed_window_provenance_keeps_native_ids_and_full_affine_mapping ... ok
test perception_tools::tests::production_worker_icon_and_verified_identity_reach_the_driver_contract ... ok
test perception_tools::tests::live_client_observes_install_and_removal_without_reregistration ... ok
test phase_trace::tests::default_process_has_trace_disabled ... ok
test phase_trace::tests::monotonic_clock_does_not_go_backwards ... ok
test phase_trace::tests::named_file_receives_appended_lines ... ok
test phase_trace::tests::unset_or_empty_env_opens_no_sink ... ok
test perception_tools::tests::session_metadata_selects_capture_binding_without_entering_typed_input ... ok
test pointer_shape::tests::edges_map_to_resize_axes ... ok
test pointer_shape::tests::input_during_the_dwell_aborts_and_restores ... ok
test pointer_shape::tests::no_warp_means_unsupported_and_no_move ... ok
test pointer_shape::tests::probe_never_moves_when_not_idle ... ok
test pointer_shape::tests::a_dropped_restore_is_retried ... ok
test pointer_shape::tests::rects ... ok
test policy::tests::empty_tool_names_fail_at_load_time ... ok
test policy::tests::explicit_deny_overrides_allow ... ok
test policy::tests::explicitly_configured_missing_policy_fails_closed ... ok
test policy::tests::invalid_patterns_fail_at_load_time ... ok
test policy::tests::managed_and_user_layers_are_intersected ... ok
test pointer_shape::tests::probe_reads_the_shape_at_the_target_and_restores_exactly ... ok
test policy::tests::policy_uses_canonical_tool_names ... ok
test perception_tools::tests::invalid_retired_and_cross_session_captures_fail_before_worker_launch ... ok
test policy::tests::policy_hash_is_content_bound_and_stable ... ok
test perception_client::tests::shutdown_now_cancels_inference_and_drops_warm_worker ... ok
test policy::tests::rego_directory_loads_all_policy_files ... ok
test policy::tests::rego_does_not_receive_internal_transport_arguments ... ok
test policy::tests::yaml_parses_and_evaluates_tool_lists ... ok
test policy::tests::yaml_is_deny_by_default ... ok
test policy::tests::rego_evaluates_allow_and_constraints ... ok
test protocol::action_record_wire_tests::internal_action_record_never_changes_mcp_serialization ... ok
test protocol::agent_instruction_tests::initialize_instructions_describe_implicit_session_lifecycle ... ok
test protocol::image_mime_type_tests::image_jpeg_serializes_with_explicit_mime_type ... ok
test protocol::agent_instruction_tests::initialize_instructions_conditionally_consult_history_before_discovery ... ok
test protocol::agent_instruction_tests::instructions_route_structured_and_visual_verification_to_the_right_owner ... ok
test protocol::image_mime_type_tests::image_png_serializes_with_explicit_mime_type ... ok
test protocol::image_mime_type_tests::text_does_not_carry_mime_type ... ok
test policy::tests::yaml_enforces_numeric_string_and_allowed_constraints ... ok
test protocol::initialize_metadata_tests::bounds_reported_strings_and_drops_empty_values ... ok
test protocol::initialize_metadata_tests::non_initialize_requests_have_no_initialize_metadata ... ok
test protocol::initialize_metadata_tests::extracts_only_declared_initialize_fields ... ok
test recording::tests::dispatch_capture_is_lazy_exact_private_and_cancel_safe ... ok
test recording::tests::concurrent_dispatch_scopes_keep_their_own_images ... ok
test recording::tests::pixel_mappers_follow_registry_lifetimes_and_concurrent_runtime_state ... ok
test recording::tests::predicted_refusal_skips_state_and_records_a_missed_prediction ... ok
test recording::tests::private_turn_records_metadata_without_visual_or_ax_artifacts ... ok
test recording::tests::offscreen_semantic_points_are_absent_but_pixel_clicks_still_need_markers ... ok
test recording::tests::semantic_click_without_point_requires_exact_action_truth ... ok
test recording::tests::semantic_turn_records_truth_without_inventing_a_marker ... ok
test recording::tests::stale_recording_generation_cannot_finalize_a_reserved_turn ... ok
test recording::tests::stale_generation_discards_supplemental_capture ... ok
test recording::tests::state_status_reports_partial_walks_and_classified_skips ... ok
test recording::tests::stop_owner_surfaces_video_finalization_failure ... ok
test recording::tests::supplemental_click_preserves_before_and_rejects_invalid_capture ... ok
test recording::tests::anonymous_recording_stays_daemon_wide ... ok
test recording::tests::owned_recording_reserves_turns_only_for_its_owning_session ... ok
test browser::v2_tests::cancelled_prepare_aborts_the_exact_pending_setup ... ok
test perception_tools::tests::tool_maps_worker_icon_output_into_the_driver_contract ... ok
test perception_client::tests::warm_worker_crash_and_cancel_kill_state_without_replay ... ok
test recording::tests::windows_semantic_exception_requires_matching_uia_attempt ... ok
test recording_zoom::tests::click_becomes_a_region ... ok
test recording_zoom::tests::close_clicks_merge_into_chained_region ... ok
test recording_zoom::tests::cubic_bezier_endpoints_pin_to_0_and_1 ... ok
test recording::tests::video_metadata_requires_finalized_nonempty_output ... ok
test recording_zoom::tests::cubic_bezier_strong_ease_out_passes_half_early ... ok
test recording_zoom::tests::cursor_position_at_clamps_to_endpoints ... ok
test recording_zoom::tests::far_apart_clicks_dont_merge ... ok
test recording_zoom::tests::map_pts_is_monotonic_and_speeds_outside_spans ... ok
test recording_zoom::tests::sample_curve_inside_region_zooms ... ok
test recording_zoom::tests::sample_curve_outside_region_is_unity ... ok
test server::dispatch_contract_tests::modern_invalid_requests_never_execute_tools ... ok
test server::observation_tests::action_result_browser_refusals_preserve_closed_telemetry_code ... ok
test server::observation_tests::action_result_refusal_without_a_known_text_code_is_other ... ok
test server::observation_tests::browser_operations_are_closed_and_retain_no_argument_content ... ok
test server::observation_tests::browser_refusal_allowlist_matches_the_public_contract ... ok
test server::observation_tests::browser_refusals_preserve_protocol_success_without_retaining_content ... ok
test server::observation_tests::invalid_params_and_unknown_tool_are_distinct ... ok
test server::observation_tests::mcp_boundary_replaces_forged_reserved_fields_with_host_evidence ... ok
test server::dispatch_contract_tests::an_invocation_failure_is_dispatched_as_a_conforming_refusal ... ok
test server::observation_tests::observer_enum_labels_are_fixed ... ok
test server::dispatch_contract_tests::a_provider_success_that_violates_the_schema_is_replaced ... ok
test server::observation_tests::page_operation_is_closed_and_retains_no_argument_content ... ok
test server::observation_tests::proxy_internal_rpc_error_is_transport_error ... ok
test server::observation_tests::successful_mixed_output_is_shape_only ... ok
test server::observation_tests::structured_codes_map_without_error_text ... ok
test server::observation_tests::tool_timer_retains_no_arguments ... ok
test session::tests::anonymous_ids_are_never_tracked ... ok
test server::observation_tests::trusted_transport_boundary_keeps_public_label_separate_from_owner ... ok
test server::observation_tests::trusted_transport_boundary_mints_implicit_identity_from_lease ... ok
test session::tests::atomic_start_cannot_transfer_an_ended_label_to_another_transport ... ok
test session::tests::browser_mutations_are_computer_actions_but_reads_and_prepare_are_not ... ok
test session::tests::cursor_outcomes_are_fixed_categories_without_raw_values ... ok
test session::tests::end_session_is_explicit_teardown ... ok
test session::tests::fire_session_end_is_idempotent_per_id ... ok
test session::tests::end_waits_for_in_flight_dispatch_and_cleanup_runs_once ... ok
test session::tests::foreign_revival_does_not_run_an_owners_pending_cleanup ... ok
test session::tests::lifecycle_identity_is_scoped_to_its_transport_owner ... ok
test session::tests::observer_distinguishes_explicit_idle_revival_and_control_cleanup ... ok
test session::tests::partial_cleanup_retries_only_failed_hooks_then_allows_revival ... ok
test session::tests::revive_clears_the_tombstone_for_an_ended_id ... ok
test session::tests::only_the_owners_unnamed_session_is_recreated_after_an_idle_end ... ok
test session::tests::revive_is_noop_for_anonymous_ids ... ok
test session::tests::runtime_revoke_retains_tombstones_until_revival_or_runtime_teardown ... ok
test session::tests::tool_context_accepts_trusted_implicit_session_and_uses_fixed_action_classes ... ok
test session::tests::touch_then_evict_by_ttl ... ok
test session::tests::trusted_adapter_transport_end_reaches_runtime_scoped_sessions ... ok
test session::tests::concurrent_first_dispatches_share_one_lifecycle_record ... ok
test session::tests::trusted_idle_ttl_override_controls_snapshot_and_eviction ... ok
test session_authorization::tests::absolute_and_idle_expiry_are_terminal ... ok
test session_authorization::tests::connection_authority_cannot_be_replayed_on_another_connection ... ok
test session_authorization::tests::connection_binding_is_single_use ... ok
test session_authorization::tests::daemon_generation_and_host_lease_must_match ... ok
test session_authorization::tests::debug_output_redacts_authority_and_session_labels ... ok
test session_authorization::tests::expired_session_labels_can_be_rebound_on_a_new_connection ... ok
test session_authorization::tests::host_revocation_is_scoped_to_that_host ... ok
test session_authorization::tests::live_public_and_transport_session_labels_are_unique ... ok
test session_authorization::tests::mode_outside_explicit_ceiling_is_denied ... ok
test session_authorization::tests::process_ceiling_disables_delegation ... ok
test session_authorization::tests::public_and_transport_session_substitution_is_denied ... ok
test session_authorization::tests::revocation_invalidates_already_resolved_contexts ... ok
test session_authorization::tests::runtime_revocation_invalidates_every_live_context ... ok
test session_authorization::tests::status_is_content_free_and_truthful_about_unavailable_binding ... ok
test session_authorization::tests::ttl_constraints_fail_closed ... ok
test session_authorization::tests::unrestricted_requires_separate_launch_acknowledgement ... ok
test session_authorization::tests::capability_manifest_is_optional_except_in_bounded_mode ... ok
test session_manifest::tests::about_blank_uses_one_manifest_and_protected_resource_spelling ... ok
test session_authorization::tests::capability_manifests_are_stored_per_connection_context ... ok
test session_manifest::tests::autonomous_manifest_mode_remains_a_compatibility_alias ... ok
test session_manifest::tests::browser_resources_bind_existing_profile_and_origins ... ok
test session_manifest::tests::computer_history_resources_are_operation_scoped ... ok
test session_manifest::tests::duration_parser_is_bounded_and_explicit ... ok
test session_manifest::tests::desktop_escalation_requires_the_manifest_display_grant ... ok
test session_manifest::tests::legacy_ask_is_deny_and_undeclared_tools_fail_closed ... ok
test session_manifest::tests::manifest_file_resources_reject_filesystem_roots ... ok
test session_manifest::tests::manifest_file_resources_reject_broken_symlink_leaves ... ok
test session_manifest::tests::manifest_paths_resolve_a_symlinked_deepest_ancestor ... ok
test session_manifest::tests::idle_timeout_is_terminal_and_origin_bypass_tools_are_rejected ... ok
test recording::tests::turn_capture_brackets_action_and_preserves_post_action_aliases ... ok
test session_manifest::tests::version_three_lifetimes_are_enforced_when_declared ... ok
test session_manifest::tests::protected_resources_are_exactly_bounded_by_the_manifest ... ok
test session_manifest::tests::unknown_and_overlapping_tools_are_rejected ... ok
test session_tools::tests::auto_requires_explicit_bounded_escalation ... ok
test session_tools::tests::cleanup_failure_response_redacts_adapter_error_details ... ok
test session_manifest::tests::version_three_removes_mode_and_ask_and_allows_optional_lifetimes ... ok
test session_tools::tests::implicit_start_does_not_expose_its_private_transport_identity ... ok
test session_tools::tests::session_id_of_prefers_public_and_uses_trusted_implicit_fallback ... ok
test session_tools::tests::lifecycle_tools_do_not_expose_or_mutate_foreign_transport_sessions ... ok
test session_manifest::tests::version_two_supports_prelaunch_identities_profile_kinds_and_directory_roots ... ok
test session_tools::tests::live_policy_is_immutable_and_ended_id_gets_fresh_policy ... ok
test session_tools::tests::session_state_explains_desktop_unlocked_compatibility_field ... ok
test single_flight::tests::zero_cooldown_reopens_as_soon_as_the_timed_out_worker_returns ... ok
test session_tools::tests::successful_explicit_revival_notifies_session_owned_subsystems_once ... ok
test snapshot_store::tests::capture_completing_after_session_end_is_not_published ... ok
test snapshot_store::tests::bindings_sharing_a_scope_keep_independent_payload_ownership ... ok
test snapshot_store::tests::default_impl_matches_new ... ok
test snapshot_store::tests::clear_then_publish_starts_clean ... ok
test snapshot_store::tests::late_zoom_completion_cannot_replace_newer_valid_context ... ok
test snapshot_store::tests::malformed_token_is_invalid_not_stale ... ok
test snapshot_store::tests::membership_matches_payload_length ... ok
test snapshot_store::tests::miss_returns_refusal ... ok
test snapshot_store::tests::missing_token_resolves_to_none ... ok
test snapshot_store::tests::newer_snapshot_or_session_end_retires_zoom ... ok
test snapshot_store::tests::publication_reports_replaced_and_evicted_snapshots ... ok
test snapshot_store::tests::publish_then_resolve_returns_projection ... ok
test snapshot_store::tests::recording_discovery_does_not_extend_payload_lifetime ... ok
test snapshot_store::tests::replacement_remove_and_clear_run_drop_outside_lock ... ok
test snapshot_store::tests::runtime_store_discovery_is_weak_and_shared_across_calls ... ok
test snapshot_store::tests::same_session_latest_snapshot_replaces_or_refuses_older_image_context ... ok
test snapshot_store::tests::recreating_an_idle_reclaimed_implicit_session_keeps_its_old_tokens_stale ... ok
test snapshot_store::tests::screenshot_coordinates_never_borrow_another_sessions_latest_transform ... ok
test snapshot_store::tests::screenshot_transforms_are_independent_across_windows ... ok
test snapshot_store::tests::session_retirement_drops_payload_outside_lock ... ok
test snapshot_store::tests::session_retirement_removes_only_snapshots_owned_by_that_session ... ok
test snapshot_store::tests::stale_token_names_the_current_snapshots ... ok
test snapshot_store::tests::tokens_in_different_pids_dont_collide ... ok
test snapshot_store::tests::token_resolution_rejects_conflicting_windows ... ok
test snapshot_store::tests::window_identity_preserves_high_bits_through_resolution_and_retirement ... ok
test snapshot_store::tests::window_less_screenshot_context_requires_one_agreed_transform ... ok
test snapshot_store::tests::window_only_screenshot_lookup_requires_one_current_owned_snapshot ... ok
test snapshot_store::tests::window_pixels_need_a_session_screenshot_unless_marked_native ... ok
test snapshot_store::tests::window_relative_pixels_require_a_current_snapshot ... ok
test snapshot_store::tests::zoom_context_is_bound_to_snapshot_session_and_window ... ok
test socket_io::tests::accumulates_partial_writes ... ok
test socket_io::tests::retries_through_transient_eagain ... ok
test text_sanitize::tests::empty_input_is_borrowed ... ok
test text_sanitize::tests::leaves_balanced_parameter_alone ... ok
test text_sanitize::tests::leaves_balanced_text_alone ... ok
test text_sanitize::tests::leaves_plain_text_alone ... ok
test text_sanitize::tests::leaves_unrelated_html_alone ... ok
test text_sanitize::tests::strips_only_trailing_protocol_tags_keeps_inner_html ... ok
test text_sanitize::tests::strips_trailing_text_invoke_tail ... ok
test text_sanitize::tests::strips_with_antml_namespace ... ok
test timestamp::tests::formats_whole_second_utc_timestamps ... ok
test recording::tests::unlabelled_recording_keeps_named_sessions_on_its_own_transport ... ok
test tool::capability_tests::browser_prepare_recording_redacts_transport_identity ... ok
test tool::capability_tests::browser_sensitive_recording_args_are_path_and_text_free ... ok
test tool::capability_tests::clipboard_write_recording_args_are_content_free ... ok
test tool::capability_tests::delivery_mode_normalization_is_schema_gated_modern_first_and_fail_closed ... ok
test tool::capability_tests::every_claimed_capability_is_in_the_canonical_vocabulary ... ok
test tool::capability_tests::every_known_tool_has_at_least_one_capability ... ok
test tool::capability_tests::every_known_tool_has_reviewed_risk_metadata ... ok
test tool::capability_tests::every_token_accepting_tool_claims_element_tokens_capability ... ok
test tool::capability_tests::existing_profile_prepare_is_a_private_consent_turn ... ok
test tool::capability_tests::advertised_output_schema_accepts_live_refusal_payloads ... ok
test tool::capability_tests::action_tools_advertise_the_same_closed_output_schema ... ok
test tool::capability_tests::list_windows_advertises_the_shared_z_index_contract ... ok
test tool::capability_tests::to_list_entry_includes_capabilities_array_for_a_known_tool ... ok
test tool::capability_tests::to_list_entry_includes_versioned_risk_metadata ... ok
test tool::capability_tests::to_list_entry_advertises_delivery_mode_only_when_accepted ... ok
test tool::capability_tests::tools_list_top_level_envelope_has_capability_and_schema_versions ... ok
test tool::capability_tests::type_text_chars_does_not_claim_terminal_safe ... ok
test tool::capability_tests::type_text_claims_terminal_safe_capability ... ok
test tool::capability_tests::to_list_entry_includes_empty_capabilities_array_for_unknown_tool ... ok
test tool::history_observation_tests::history_grants_are_display_independent_and_operation_specific ... ok
test tool::runtime_isolation_tests::action_projection_keeps_browser_refusal_diagnostics_and_closes_structured_content ... ok
test tool::runtime_isolation_tests::anonymous_default_identity_keeps_its_legacy_process_scope ... ok
test tool::runtime_isolation_tests::anonymous_process_ownership_key_cannot_be_selected_by_a_session_argument ... ok
test tool::runtime_isolation_tests::background_input_rechecks_manifest_before_every_adapter_dispatch ... ok
test tool::capability_tests::to_list_entry_preserves_existing_fields ... ok
test socket_io::tests::times_out_when_daemon_never_drains ... ok
test tool::runtime_isolation_tests::background_input_without_manifest_uses_existing_promptless_modes ... ok
test tool::runtime_isolation_tests::browser_observation_without_a_live_origin_attestation_fails_closed ... ok
test tool::runtime_isolation_tests::bounded_observation_uses_only_the_manifest_without_a_protected_host ... ok
test tool::runtime_isolation_tests::bounded_history_requires_the_matching_operation_resource ... ok
test tool::runtime_isolation_tests::canonical_dispatch_replaces_legacy_action_payload_with_the_closed_outcome ... ok
test tool::runtime_isolation_tests::capability_manifest_tools_narrow_standard_and_unrestricted ... ok
test tool::runtime_isolation_tests::capability_manifest_typed_resources_narrow_standard_and_unrestricted ... ok
test tool::runtime_isolation_tests::element_tokens_resolve_only_in_the_runtime_that_published_them ... ok
test tool::runtime_isolation_tests::ended_session_and_runtime_suspend_latches_fail_closed_at_dispatch ... ok
test tool::capability_tests::typed_non_action_tools_advertise_outputs_without_inventing_runtime_schemas ... ok
test tool::runtime_isolation_tests::independent_input_requires_adapter_attestation_and_an_exact_background_window ... ok
test tool::runtime_isolation_tests::invoke_with_context_strips_reserved_caller_arguments_at_the_registry_boundary ... ok
test tool::runtime_isolation_tests::legacy_page_mutations_require_trusted_unrestricted_launch_acceptance ... ok
test tool::runtime_isolation_tests::lifecycle_session_selection_cannot_turn_a_denied_action_into_allow ... ok
test tool::runtime_isolation_tests::manifest_cannot_widen_standard_foreign_process_termination ... ok
test tool::runtime_isolation_tests::manifest_preserves_standard_owned_process_termination_inside_scope ... ok
test tool::runtime_isolation_tests::native_window_pixels_come_only_from_the_in_process_entry_points ... ok
test tool::runtime_isolation_tests::os_permission_prompt_is_never_agent_controllable ... ok
test tool::runtime_isolation_tests::overlapping_text_input_for_one_pid_fails_fast_and_releases_after_completion ... ok
test tool::runtime_isolation_tests::physical_desktop_actions_are_admitted_one_at_a_time ... ok
test tool::runtime_isolation_tests::proposed_output_scope_canonicalizes_the_existing_ancestor_without_creating_output ... ok
test tool::runtime_isolation_tests::proposed_output_scope_refuses_a_symlinked_ancestor_that_is_not_a_directory ... ok
test tool::runtime_isolation_tests::proposed_output_scope_resolves_a_symlinked_deepest_ancestor ... ok
test tool::runtime_isolation_tests::dispatch_checks_argument_names_after_alias_normalization ... ok
test tool::runtime_isolation_tests::desktop_background_click_refuses_before_platform_invocation ... ok
test tool::runtime_isolation_tests::replay_dispatches_only_through_the_owning_registry ... ok
test tool::runtime_isolation_tests::runtime_mints_a_private_ownership_key_for_direct_session_calls ... ok
test tool::runtime_isolation_tests::runtime_namespace_restoration_refuses_duplicate_public_object_keys ... ok
test tool::runtime_isolation_tests::runtime_namespaces_sessions_and_explicit_cursor_ids_without_leaking_them ... ok
test tool::runtime_isolation_tests::runtime_owned_pid_is_prompt_light_and_session_revocation_removes_provenance ... ok
test tool::runtime_isolation_tests::sessionless_termination_cannot_reach_a_session_scoped_launch ... ok
test tool::runtime_isolation_tests::idle_reclaimed_unnamed_session_recreates_and_ended_sessions_name_a_working_recovery ... ok
test tool::runtime_isolation_tests::standard_agent_adjustable_driver_configuration_is_promptless ... ok
test tool::runtime_isolation_tests::standard_browser_identity_is_reproved_without_repeating_attach_authorization ... ok
test tool::runtime_isolation_tests::standard_browser_input_uses_the_existing_binding_without_action_grants ... ok
test tool::runtime_isolation_tests::standard_desktop_input_is_promptless_across_delivery_modes ... ok
test tool::runtime_isolation_tests::standard_foreign_process_termination_denies_without_prompting ... ok
test tool::runtime_isolation_tests::standard_file_transfer_is_promptless_and_still_canonicalizes_paths ... ok
test tool::runtime_isolation_tests::standard_history_requires_an_explicit_protected_host_grant ... ok
test tool::runtime_isolation_tests::standard_observation_never_requests_per_window_grants ... ok
test tool::runtime_isolation_tests::standard_observation_runs_without_a_protected_host ... ok
test tool::runtime_isolation_tests::standard_owned_process_termination_reproves_the_fingerprint ... ok
test tool::runtime_isolation_tests::standard_sessionless_foreign_process_termination_still_denies ... ok
test tool::runtime_isolation_tests::trajectory_only_recording_does_not_require_live_display_discovery ... ok
test tool::runtime_isolation_tests::standard_sessionless_owned_process_termination_reproves_the_fingerprint ... ok
test tool::runtime_isolation_tests::trusted_adapter_evidence_is_restored_only_after_caller_fields_are_stripped ... ok
test tool_args::reserved_args_tests::legacy_click_projection_preserves_wire_defaults_and_validates_coordinates ... ok
test tool_args::reserved_args_tests::removes_all_top_level_reserved_arguments_only ... ok
test tool::runtime_isolation_tests::trusted_human_origin_suppresses_the_agent_cursor_and_is_not_forgeable ... ok
test tool_args::reserved_args_tests::set_window_frame_typed_input_accepts_namespaced_session_metadata ... ok
test tool_args::reserved_args_tests::typed_input_ignores_trusted_transport_metadata_but_rejects_public_unknown_fields ... ok
test tool_args::session_identity_tests::public_label_and_transport_session_resolve_independently ... ok
test tool_args::session_key_tests::session_then_implicit_session_then_legacy_cursor_id ... ok
test tool_args::tests::bool_or_handles_typical_cases ... ok
test tool_args::tests::opt_u32_present_and_in_range ... ok
test tool_args::tests::opt_u32_present_but_out_of_range_errors ... ok
test tool_args::tests::opt_u32_present_but_wrong_type_errors ... ok
test tool_args::tests::opt_u32_returns_none_when_absent ... ok
test tool_args::tests::opt_u32_returns_none_when_null ... ok
test tool_args::tests::require_i32_happy_path ... ok
test tool_args::tests::require_i32_missing_returns_actionable_error ... ok
test tool_args::tests::require_i32_out_of_range_rejected ... ok
test tool_args::tests::require_str_missing_says_string ... ok
test tool_args::tests::require_u32_out_of_range_rejected ... ok
test tool_args::tests::str_array_handles_absent_and_non_string_entries ... ok
test tool_args::tests::str_or_uses_default_when_absent ... ok
test tool_args::tests::u64_or_returns_default_when_absent ... ok
test tool_args::tests::u64_or_returns_value_when_present ... ok
test perception_client::tests::timeout_crash_oversized_frame_and_cancellation_are_distinct ... ok
test tool_schema::tests::action_session_description_without_repeat_guidance_is_flagged ... ok
test tool_schema::tests::canonical_click_required_passes ... ok
test tool_schema::tests::lifecycle_session_tools_keep_resource_specific_descriptions ... ok
test tool_schema::tests::non_shared_param_is_ignored ... ok
test tool_schema::tests::matching_param_with_different_prose_passes ... ok
test tool_schema::tests::required_set_drift_is_flagged ... ok
test tool_schema::tests::structural_strips_description_keeps_type_and_enum ... ok
test tool_schema::tests::timeout_ms_resolves_default_and_clamps ... ok
test walk_budget::tests::a_complete_walk_is_not_truncated ... ok
test tool_schema::tests::wrong_enum_is_flagged ... ok
test walk_budget::tests::a_timed_out_walk_reports_the_budget ... ok
test walk_budget::tests::expired_deadline_stops_with_timeout ... ok
test walk_budget::tests::an_unreachable_application_reports_app_lookup_timeout ... ok
test walk_budget::tests::node_budget_stops_and_counts_pending ... ok
test walk_budget::tests::only_a_caller_budget_bounds_setup_waits ... ok
test walk_budget::tests::truncation_note_names_the_budget_and_the_remedy ... ok
test window_inspection::tests::browser_window_declares_capture_coverage_without_claiming_presence ... ok
test window_observation::tests::adapter_defaults_pass_through_per_platform ... ok
test window_inspection::tests::signal_is_privacy_minimal_and_does_not_change_non_browser_snapshots ... ok
test window_observation::tests::invalid_values_fall_back_to_defaults ... ok
test window_observation::tests::poll_never_exceeds_a_short_timeout ... ok
test window_observation::tests::too_large_values_are_clamped ... ok
test window_observation::tests::unset_keeps_adapter_defaults ... ok
test window_observation::tests::valid_values_are_honored ... ok
test window_observation::tests::zero_or_tiny_poll_is_raised_to_the_minimum ... ok
test window_observation::tests::zero_timeout_skips_observation ... ok
test window_target::tests::ambiguity_refuses_before_invoking_action_with_recovery_metadata ... ok
test window_target::tests::ambiguous_pid_is_resolved_by_the_desktop_point_when_the_call_carries_one ... ok
test window_target::tests::desktop_scope_with_pid_still_resolves_the_window ... ok
test window_target::tests::ambiguous_pid_without_a_point_falls_back_to_the_active_window ... ok
test window_target::tests::explicit_window_and_element_token_targets_pass_through ... ok
test window_target::tests::resolver_reports_zero_one_and_many ... ok
test window_target::tests::pid_only_window_local_point_resolves_to_the_open_dialog_like_a_key ... ok
test window_target::tests::unique_pid_target_is_promoted_to_explicit_window_id ... ok
test window_target::tests::windowless_desktop_scope_passes_through ... ok
test window_target::visibility_tests::a_snapshot_id_routes_the_pid_only_action_to_the_snapshot_window ... ok
test window_target::visibility_tests::ambiguity_names_every_candidate_and_its_transient_owner ... ok
test window_target::visibility_tests::auto_resolved_pid_only_actions_say_which_window_received_them ... ok
test window_target::z_index_tests::front_to_back_order_normalizes_to_zero_based_higher_is_frontmost ... ok
test history::tests::terminal_writer_failure_cannot_block_disable_or_delete ... ok
test single_flight::tests::one_worker_at_a_time_and_cooldown_only_after_a_timed_out_worker ... ok
test tool::runtime_isolation_tests::recording_keeps_only_the_owning_session_and_never_lifecycle_calls ... ok
test recording_tools::tests::start_recording_resolves_the_per_turn_state_budget ... ok
test history::tests::retention_is_enforced_for_disabled_and_long_lived_query_checkpoints ... ok
test perception_client::tests::warm_worker_reuses_one_process_then_idle_ttl_reaps_it ... ok
test history::tests::every_supported_desktop_platform_roundtrips_encrypted_events ... ok
test browser::prepare::tests::rejected_initial_claim_handles_consent_for_the_one_fresh_dial ... ok
test walk_budget::tests::the_clock_starts_at_the_first_node ... ok
test perception_client::tests::a_contained_hook_that_outlives_its_deadline_is_killed ... ok
test perception_client::tests::live_handle_replacement_does_not_break_an_in_flight_parse ... ok
test recording::tests::state_hook_backstop_releases_a_hung_provider_and_recovers ... ok
test tool::runtime_isolation_tests::rejected_typed_resource_does_not_refresh_manifest_idle_lease ... ok
test build_info::tests::exe_hash_is_stable_hex ... ok
test health_report::tests::skip_filter_marks_check_as_skip_end_to_end ... ok
test health_report::tests::fail_mode_does_not_set_is_error ... ok
test health_report::tests::include_filter_runs_only_named_check ... ok
test health_report::tests::invoke_no_args_produces_documented_schema ... ok

test result: ok. 860 passed; 0 failed; 0 ignored; 0 measured; 0 filtered out; finished in 13.59s

[2026-10-02T05:17:50Z] cua-driver-core lib rc=0
   Compiling proc-macro2 v1.0.106
   Compiling unicode-ident v1.0.24
   Compiling libc v0.2.186
   Compiling memchr v2.8.0
   Compiling quote v1.0.45
   Compiling winnow v1.0.3
   Compiling rustix v1.1.4
   Compiling smallvec v1.15.1
   Compiling linux-raw-sys v0.12.1
   Compiling crossbeam-utils v0.8.21
   Compiling futures-core v0.3.32
   Compiling toml_datetime v1.1.1+spec-1.1.0
   Compiling syn v2.0.117
   Compiling futures-io v0.3.32
   Compiling parking v2.2.1
   Compiling endi v1.1.1
   Compiling pkg-config v0.3.33
   Compiling slab v0.4.12
   Compiling jobserver v0.1.35
   Compiling find-msvc-tools v0.1.9
   Compiling toml_parser v1.1.2+spec-1.1.0
   Compiling concurrent-queue v2.5.0
   Compiling shlex v1.3.0
   Compiling futures-lite v2.6.1
   Compiling event-listener v5.4.1
   Compiling cc v1.2.62
   Compiling event-listener-strategy v0.5.4
   Compiling toml_edit v0.25.12+spec-1.1.0
   Compiling tracing-core v0.1.36
   Compiling async-io v2.6.0
   Compiling getrandom v0.4.2
   Compiling parking_lot_core v0.9.12
   Compiling crypto-common v0.2.2
   Compiling proc-macro-crate v3.5.0
   Compiling parking_lot v0.12.5
   Compiling errno v0.3.14
   Compiling signal-hook-registry v1.4.8
   Compiling socket2 v0.6.3
   Compiling mio v1.2.0
   Compiling log v0.4.29
   Compiling async-task v4.7.1
   Compiling cipher v0.5.2
   Compiling async-channel v2.5.0
   Compiling atomic-waker v1.1.2
   Compiling serde_json v1.0.149
   Compiling piper v0.2.5
   Compiling getrandom v0.3.4
   Compiling getrandom v0.2.17
   Compiling async-lock v3.4.2
   Compiling aho-corasick v1.1.4
   Compiling blocking v1.6.2
   Compiling async-executor v1.14.0
   Compiling async-broadcast v0.7.2
   Compiling ordered-stream v0.2.0
   Compiling hex v0.4.3
   Compiling num v0.4.3
   Compiling wayland-sys v0.31.11
   Compiling synstructure v0.13.2
   Compiling regex-automata v0.4.14
   Compiling semver v1.0.28
   Compiling rustc_version v0.4.1
   Compiling polling v3.11.0
   Compiling wayland-backend v0.3.15
   Compiling block-padding v0.3.3
   Compiling inout v0.1.4
   Compiling async-signal v0.2.14
   Compiling async-process v2.5.0
   Compiling serde_derive v1.0.228
   Compiling enumflags2_derive v0.7.12
   Compiling zerofrom-derive v0.1.7
   Compiling zeroize_derive v1.5.0
   Compiling yoke-derive v0.8.2
   Compiling zerocopy-derive v0.8.48
   Compiling zerovec-derive v0.11.3
   Compiling zeroize v1.8.2
   Compiling chacha20 v0.10.1
   Compiling displaydoc v0.2.5
   Compiling zerofrom v0.1.8
   Compiling yoke v0.8.2
   Compiling rand v0.10.2
   Compiling tokio-macros v2.7.0
   Compiling tracing-attributes v0.1.31
   Compiling zerovec v0.11.6
   Compiling thiserror-impl v2.0.18
   Compiling tokio v1.52.1
   Compiling zerocopy v0.8.48
   Compiling uuid v1.23.1
   Compiling tinystr v0.8.3
   Compiling async-trait v0.1.89
   Compiling icu_locale_core v2.2.0
   Compiling tracing v0.1.44
   Compiling potential_utf v0.1.5
   Compiling thiserror v2.0.18
   Compiling zerotrie v0.2.4
   Compiling icu_collections v2.2.0
   Compiling ref-cast-impl v1.0.25
   Compiling async-recursion v1.1.1
   Compiling icu_provider v2.2.0
   Compiling serde v1.0.228
   Compiling serde_repr v0.1.20
   Compiling ref-cast v1.0.25
   Compiling uniffi_internal_macros v0.31.0
   Compiling futures-macro v0.3.32
   Compiling icu_properties v2.2.0
   Compiling zvariant_utils v3.4.0
   Compiling enumflags2 v0.7.12
   Compiling quick-xml v0.39.4
   Compiling futures-util v0.3.32
   Compiling zvariant_derive v5.12.0
   Compiling icu_normalizer v2.2.0
   Compiling tempfile v3.27.0
   Compiling idna_adapter v1.2.2
   Compiling uniffi_pipeline v0.31.0
   Compiling zvariant v5.12.0
   Compiling ppv-lite86 v0.2.21
   Compiling thiserror-impl v1.0.69
   Compiling heapless v0.7.17
   Compiling rand_core v0.6.4
   Compiling zstd-sys v2.0.16+zstd.1.5.7
   Compiling downcast-rs v1.2.1
   Compiling wayland-client v0.31.14
   Compiling bytemuck v1.25.0
   Compiling toml v0.9.12+spec-1.1.0
   Compiling thiserror v1.0.69
   Compiling fluent-uri v0.4.1
   Compiling rand_chacha v0.3.1
   Compiling zbus_names v4.3.2
   Compiling wayland-scanner v0.31.10
   Compiling zbus_xml v5.1.1
   Compiling half v2.7.1
   Compiling zbus_macros v5.16.0
   Compiling ahash v0.8.12
   Compiling uniffi_meta v0.31.0
   Compiling zbus-lockstep v0.5.2
   Compiling idna v1.1.0
   Compiling cargo-platform v0.1.9
   Compiling cipher v0.4.4
   Compiling hash32 v0.2.1
   Compiling serde_derive_internals v0.29.1
   Compiling spin v0.9.9
   Compiling foldhash v0.1.5
   Compiling ciborium-ll v0.2.2
   Compiling hashbrown v0.15.5
   Compiling referencing v0.46.10
   Compiling uniffi_macros v0.31.0
   Compiling cargo_metadata v0.19.2
   Compiling zbus-lockstep-macros v0.5.2
   Compiling schemars_derive v1.2.1
   Compiling rand v0.8.6
   Compiling zbus v5.16.0
   Compiling fancy-regex v0.18.0
   Compiling universal-hash v0.6.1
   Compiling email_address v0.2.9
   Compiling cobs v0.3.0
   Compiling regex v1.12.3
   Compiling fraction v0.15.4
   Compiling bstr v1.13.0
   Compiling memoffset v0.6.5
   Compiling radium v0.7.0
   Compiling fixedbitset v0.5.7
   Compiling zstd-safe v7.2.4
   Compiling image v0.25.10
   Compiling globset v0.4.19
   Compiling tungstenite v0.24.0
   Compiling schemars v1.2.1
   Compiling petgraph v0.8.3
   Compiling jsonschema v0.46.10
   Compiling uniffi v0.31.0
   Compiling url v2.5.8
   Compiling postcard v1.1.3
   Compiling poly1305 v0.9.1
   Compiling wayland-protocols v0.32.12
   Compiling ciborium v0.2.2
   Compiling serde_yaml v0.9.34+deprecated
   Compiling aes v0.8.4
   Compiling cbc v0.1.2
   Compiling aead v0.6.1
   Compiling nom v8.0.0
   Compiling arrayref v0.3.9
   Compiling strict-num v0.1.1
   Compiling tap v1.0.1
   Compiling wyz v0.5.1
   Compiling tiny-skia-path v0.11.4
   Compiling regorus v0.10.1
   Compiling chacha20poly1305 v0.11.0
   Compiling coset v0.4.2
   Compiling tree_magic_mini v3.2.2
   Compiling cua-driver-contract v0.32.0 (<lanes>/i107-cshadow/libs/cua-driver/rust/crates/cua-driver-contract)
   Compiling atspi-common v0.14.0
   Compiling secret-service v5.1.0
   Compiling wayland-protocols-wlr v0.3.12
   Compiling tokio-tungstenite v0.24.0
   Compiling serde_yaml_ng v0.10.0
   Compiling gethostname v1.1.0
   Compiling keyring-core v1.0.0
   Compiling fs2 v0.4.3
   Compiling os_pipe v1.2.3
   Compiling x11 v2.21.0
   Compiling x11rb-protocol v0.13.2
   Compiling arrayvec v0.7.6
   Compiling ttf-parser v0.21.1
   Compiling atspi-proxies v0.14.0
   Compiling funty v2.0.0
   Compiling bitflags v1.3.2
   Compiling option-ext v0.2.0
   Compiling nix v0.23.2
   Compiling dirs-sys v0.4.1
   Compiling bitvec v1.0.1
   Compiling fontdue v0.9.3
   Compiling tiny-skia v0.11.4
   Compiling atspi-connection v0.14.0
   Compiling cua-driver-core v0.32.0 (<lanes>/i107-cshadow/libs/cua-driver/rust/crates/cua-driver-core)
   Compiling wl-clipboard-rs v0.9.3
   Compiling zbus-secret-service-keyring-store v1.0.0
   Compiling zstd v0.13.3
   Compiling matchers v0.2.0
   Compiling sharded-slab v0.1.7
   Compiling tracing-log v0.2.0
   Compiling thread_local v1.1.9
   Compiling nom v1.2.4
   Compiling fnv v1.0.7
   Compiling nu-ansi-term v0.50.3
   Compiling tracing-subscriber v0.3.23
   Compiling meval v0.2.0
   Compiling keyring v4.1.6
   Compiling atspi v0.30.0
   Compiling evdev v0.12.2
   Compiling dirs v5.0.1
   Compiling ashpd v0.13.11
   Compiling pip-preview v0.32.0 (<lanes>/i107-cshadow/libs/cua-driver/rust/crates/pip-preview)
   Compiling x11rb v0.13.2
   Compiling memmap2 v0.9.10
   Compiling crossbeam-channel v0.5.15
   Compiling clipboard-rs v0.3.5
warning: method `node_count` is never used
   --> crates/cua-driver-core/src/browser/i107_mirror.rs:275:19
    |
252 | impl MirrorState {
    | ---------------- method in this implementation
...
275 |     pub(crate) fn node_count(&self) -> usize {
    |                   ^^^^^^^^^^
    |
    = note: `#[warn(dead_code)]` (part of `#[warn(unused)]`) on by default

warning: method `coverage` is never used
    --> crates/cua-driver-core/src/browser/i107_mirror.rs:1447:19
     |
1404 | impl TabMirror {
     | -------------- method in this implementation
...
1447 |     pub(crate) fn coverage(&self) -> Coverage {
     |                   ^^^^^^^^

   Compiling cursor-overlay v0.32.0 (<lanes>/i107-cshadow/libs/cua-driver/rust/crates/cursor-overlay)
warning: `cua-driver-core` (lib) generated 2 warnings
   Compiling platform-linux v0.32.0 (<lanes>/i107-cshadow/libs/cua-driver/rust/crates/platform-linux)
    Finished `test` profile [unoptimized + debuginfo] target(s) in 1m 39s
warning: the following packages contain code that will be rejected by a future version of Rust: nom v1.2.4
note: to see what the problems were, use the option `--future-incompat-report`, or run `cargo report future-incompatibilities --id 1`
     Running unittests src/lib.rs (<targets>/cua-test-i107-cshadow/debug/deps/platform_linux-6d020a7d4959d2d9)

running 612 tests
test a11y::tests::cinnamon_default_leaves_accessibility_status_untouched ... ok
test a11y::tests::cosmic_default_does_not_claim_a_screen_reader ... ok
test a11y::tests::cinnamon_safety_wins_in_composite_desktop_names ... ok
test a11y::tests::gnome_default_does_not_claim_a_screen_reader ... ok
test a11y::tests::non_gnome_default_preserves_chromium_compatibility ... ok
test a11y::tests::explicit_mode_overrides_desktop_default ... ok
test a11y::tests::legacy_disable_wins_over_explicit_mode ... ok
test at_point_policy::tests::application_frames_and_windows_are_never_click_targets ... ok
test at_point_policy::tests::controls_and_documents_remain_click_targets ... ok
test at_point_policy::tests::nul_separated_chromium_helper_is_detected ... ok
test at_point_policy::tests::setproctitle_rewritten_chrome_helper_is_detected ... ok
test at_point_policy::tests::unrelated_processes_are_not_chromium_helpers ... ok
test atspi::budget_tests::complete_walk_reports_no_truncation_and_counts_nodes ... ok
test atspi::native::at_point_coords_tests::gtk_frame_equals_client_so_nothing_changes ... ok
test atspi::budget_tests::x11_fallback_is_never_truncated_or_trusted ... ok
test atspi::native::at_point_coords_tests::only_vcl_measures_from_the_wm_frame ... ok
test atspi::native::at_point_coords_tests::unknown_or_implausible_origins_leave_the_point ... ok
test atspi::native::at_point_coords_tests::vcl_title_bar_inset_is_added ... ok
test atspi::budget_tests::truncated_walk_carries_reason_and_pending_count_through_query_projection ... ok
test atspi::native::at_point_rules_tests::cell_roles_take_a_real_press ... ok
test atspi::native::at_point_rules_tests::hit_description_names_what_was_fired ... ok
test atspi::native::at_point_rules_tests::selectable_item_roles ... ok
test atspi::native::at_point_rules_tests::container_activation_never_bubbles ... ok
test atspi::native::at_point_rules_tests::real_actuators_still_fire_from_any_depth ... ok
test atspi::native::at_point_rules_tests::top_level_frame_default_action_is_never_a_pixel_click ... ok
test atspi::native::budget_tests::focus_log_tracks_latest_focused_object_per_bus_and_clears_on_blur ... ok
test atspi::native::coord_tests::a_button_activates_on_its_click_action ... ok
test atspi::native::coord_tests::a_text_view_action_list_has_no_activation_index ... ok
test atspi::native::coord_tests::childless_exact_pid_application_remains_the_fallback ... ok
test atspi::native::coord_tests::chromium_action_names_stay_activatable ... ok
test atspi::native::coord_tests::chromium_window_extents_do_not_double_count_document_origin ... ok
test atspi::native::coord_tests::chromium_checkbox_verbs_are_role_gated ... ok
test atspi::native::coord_tests::click_target_edges_exclusive_and_misses_return_none ... ok
test atspi::native::coord_tests::click_target_falls_back_to_label_when_no_actuator_covers ... ok
test atspi::native::coord_tests::click_target_prefers_button_over_its_inner_label ... ok
test atspi::native::coord_tests::component_role_fallback_rejects_unverified_or_passive_nodes ... ok
test atspi::native::coord_tests::click_target_smallest_active_over_enclosing_panel ... ok
test atspi::native::coord_tests::compositor_origin_wins_over_stale_accessibility_observation ... ok
test atspi::native::coord_tests::duplicate_pid_prefers_populated_application_after_empty_registration ... ok
test atspi::native::coord_tests::enabled_component_backed_buttons_are_pixel_addressable ... ok
test atspi::native::coord_tests::frame_extents_absent_or_short_is_none ... ok
test atspi::native::coord_tests::frame_extents_maps_left_and_top_not_right_or_bottom ... ok
test atspi::native::coord_tests::gtk4_namespaced_editing_actions_are_not_activations ... ok
test atspi::native::coord_tests::gtk_state_sets_establish_operability_from_enabled_or_sensitive ... ok
test atspi::native::coord_tests::hidden_and_disabled_controls_are_not_indexed_but_are_named ... ok
test atspi::native::coord_tests::hyprland_document_infers_csd_without_double_counting ... ok
test atspi::native::coord_tests::hyprland_document_rejects_invalid_or_partial_dimensions ... ok
test atspi::native::coord_tests::hyprland_document_requires_full_address_and_pid ... ok
test atspi::native::coord_tests::hyprland_document_selection_requires_its_own_web_process_bus ... ok
test atspi::native::coord_tests::multiple_populated_exact_pid_applications_are_ambiguous ... ok
test atspi::native::coord_tests::operable_nodes_are_addressable ... ok
test atspi::native::coord_tests::passive_roles_classified ... ok
test atspi::native::coord_tests::plain_activation_names_are_recognised ... ok
test atspi::native::coord_tests::point_hit_combines_negative_renderer_origin_and_web_process_inset ... ok
test atspi::native::coord_tests::point_hit_projection_rejects_unrealized_extents_before_offsets ... ok
test atspi::native::coord_tests::renderer_window_offset_only_rebases_negative_frame_origins ... ok
test atspi::native::coord_tests::screen_extents_are_rebased_from_accessible_frame_to_x11_origin ... ok
test atspi::native::coord_tests::scoped_bounds_keep_application_indices_and_original_target_nodes ... ok
test atspi::native::coord_tests::wayland_compositor_and_document_offsets_are_additive ... ok
test atspi::native::coord_tests::one_absolute_deadline_spans_traversal_and_bounds ... ok
test atspi::native::coord_tests::webkit_web_process_bus_marks_roleless_document_subtrees ... ok
test atspi::native::editable_text_value_tests::editable_text_reports_its_content_as_value ... ok
test atspi::native::editable_text_value_tests::empty_or_non_editable_text_has_no_value ... ok
test atspi::native::editable_text_value_tests::value_interface_wins ... ok
test atspi::native::frame_correlation_tests::a_sole_candidate_still_has_to_be_close_enough ... ok
test atspi::native::frame_correlation_tests::ignores_frames_without_usable_extents ... ok
test atspi::native::frame_correlation_tests::picks_the_frame_matching_the_named_window_among_siblings ... ok
test atspi::native::frame_correlation_tests::refuses_when_no_frame_is_close_enough ... ok
test atspi::native::frame_correlation_tests::refuses_when_the_application_publishes_no_frame_extents ... ok
test atspi::native::frame_correlation_tests::refuses_when_two_frames_are_equally_plausible ... ok
test atspi::native::frame_correlation_tests::tolerates_decoration_offsets ... ok
test atspi::native::hit_test::tests::owner_description_names_role_and_name ... ok
test atspi::native::hit_test::tests::row_containers_are_the_table_like_roles ... ok
test atspi::native::hit_test::tests::no_display_is_unknown_not_an_error ... ok
test atspi::native::hyprland_frame_tests::binds_unique_chromium_profile_title ... ok
test atspi::native::hyprland_frame_tests::preserves_exact_non_chromium_matching ... ok
test atspi::native::hyprland_frame_tests::rejects_ambiguous_native_and_accessibility_candidates ... ok
test atspi::native::hyprland_frame_tests::rejects_generic_prefixes_unknown_roots_and_wrong_sizes ... ok
test atspi::native::listener_startup_tests::healthy_listener_initialization_completes_before_readiness_returns ... ok
test atspi::native::listener_startup_tests::unreachable_listener_initialization_returns_its_error ... ok
test atspi::native::page_scroll_tests::directional_motion_requires_consecutive_stable_samples ... ok
test atspi::native::page_scroll_tests::relative_geometry_rejects_unrealized_and_window_motion ... ok
test atspi::native::screen_extents_tests::rejects_sentinels_and_off_screen_answers ... ok
test atspi::native::screen_extents_tests::trusts_plausible_on_screen_extents ... ok
test atspi::native::page_scroll_tests::probes_are_bounded_descendants_in_preorder ... ok
test atspi::native::stacking_z_index_tests::frames_take_the_stacking_position_of_the_same_pid_and_title ... ok
test atspi::native::walk_bounds_tests::degenerate_window_origin_is_rejected ... ok
test atspi::native::walk_bounds_tests::off_screen_bounds_are_rejected ... ok
test atspi::native::walk_bounds_tests::real_bounds_pass_through ... ok
test atspi::native::page_scroll_tests::overall_timeout_retains_progress ... ok
test atspi::native::page_scroll_tests::asynchronous_page_ack_waits_for_movement_and_stability ... ok
test atspi::native::page_scroll_tests::failed_or_timed_out_attempts_never_become_fallback ... ok
test atspi::native::page_scroll_tests::missing_or_stalled_probe_stops_after_first_ack ... ok
test atspi::snapshot::tests::duplicate_and_unindexed_nodes_do_not_create_members ... ok
test atspi::snapshot::tests::empty_linux_snapshot_has_no_element_zero ... ok
test atspi::snapshot::tests::reordered_live_index_cannot_retarget_an_observed_control ... ok
test atspi::snapshot::tests::unproven_identity_is_discovery_only ... ok
test atspi::snapshot::tests::snapshot_hit_test_prefers_smallest_real_actuator_and_keeps_refs ... ok
test browser_consent_ui::tests::exact_button_center_requires_nonempty_bounds ... ok
test atspi::snapshot::tests::replacement_retires_old_linux_membership ... ok
test atspi::snapshot::tests::sparse_application_indices_are_members_not_dense_offsets_or_native_keys ... ok
test browser_consent_ui::tests::matcher_ignores_a_spoofed_prompt_inside_web_content ... ok
test browser_consent_ui::tests::matcher_collapses_duplicate_atspi_paths_for_one_physical_button ... ok
test browser_platform::tests::classifier_covers_embedded_and_standalone_chromium ... ok
test browser_consent_ui::tests::matcher_requires_exact_security_prompt_and_unique_allow_action ... ok
test browser_consent_ui::tests::matcher_refuses_ambiguous_allow_actions ... ok
test browser_platform::tests::hyprland_browser_cardinality_requires_one_exact_owned_surface ... ok
test browser_platform::tests::hyprland_browser_identity_requires_exact_pid_and_full_native_address ... ok
test browser_platform::tests::isolated_browser_candidates_use_only_root_managed_payloads ... ok
test browser_platform::tests::proc_net_parser_returns_only_loopback_listeners ... ok
test browser_platform::tests::browser_visual_feedback_updates_the_declared_session_cursor ... ok
test browser_platform::tests::process_family_contains_only_transitive_descendants ... ok
test browser_platform::tests::product_classification_uses_executable_identity_not_page_arguments ... ok
test browser_platform::tests::inactive_tab_feedback_materializes_but_does_not_move_its_cursor ... ok
test browser_setup_ui::tests::fully_applied_setup_url_is_accepted ... ok
test browser_setup_ui::tests::omnibox_selection_is_exact_or_refused ... ok
test browser_setup_ui::tests::partially_applied_setup_url_is_not_accepted ... ok
test browser_setup_ui::tests::checkbox_requires_exact_url_heading_and_unique_action ... ok
test browser_setup_ui::tests::setup_timeout_explains_linux_renderer_accessibility_precondition ... ok
test capture::tests::available_gnome_helper_failure_is_terminal_at_public_boundary ... ok
test capture::tests::capture_cascade_preserves_every_backend_error ... ok
test capture::tests::live_directcolor_capture_tracks_window_colormap ... ignored, requires a live X11 server with DirectColor and MIT-SHM 1.2
test capture::tests::empty_fast_paths_fall_through_to_imagemagick ... ok
test capture::tests::live_xshm_matches_xgetimage_across_resize_reconnect_and_repetition ... ignored, requires two live X11 servers with MIT-SHM 1.2
test browser_platform::tests::user_owned_writable_candidate_is_not_a_trusted_installation ... ok
test capture::tests::wayland_disabled_uses_x11_capture ... ok
test capture::tests::pixel_catalog_uses_server_bpp_padding_and_rejects_bad_masks ... ok
test capture::tests::xid_narrowing_rejects_values_above_x11_range ... ok
test capture::tests::xshm_capture_retry_failure_yields_uninit_not_unsupported ... ok
test capture::tests::xshm_different_display_unsupported_is_immediately_probeable ... ok
test capture::tests::xshm_mapping_failure_detaches_created_segment ... ok
test capture::tests::directcolor_decoder_uses_independent_rgb565_indices ... ok
test capture::tests::xshm_same_display_unsupported_becomes_uninit_after_retry_deadline ... ok
test capture::tests::xshm_same_display_unsupported_becomes_uninit_at_retry_deadline ... ok
test capture::tests::xshm_same_display_unsupported_blocked_before_retry_deadline ... ok
test capture::tests::xshm_success_short_circuits_other_linux_capture_backends ... ok
test atspi::native::coord_tests::bounded_blocking_returns_none_immediately_once_budget_is_exhausted ... ok
test capture::tests::zpixmap_decoder_honors_big_endian_rgb565_masks ... ok
test capture::tests::zpixmap_decoder_honors_little_endian_24bpp_stride_and_masks ... ok
test capture_action_frame::tests::desktop_publication_uses_the_post_normalization_bytes ... ok
test capture_action_frame::tests::downsized_desktop_capture_maps_back_to_the_action_frame ... ok
test capture_action_frame::tests::live_resize_refuses_before_dispatch_without_consuming_capture ... ok
test capture_action_frame::tests::another_session_cannot_admit_or_consume_a_capture ... ok
test clipboard::tests::native_clipboard_round_trips_text_on_x11 ... ignored, requires an X11 display (run under xvfb-run)
test capture_action_frame::tests::retired_session_capture_is_stale ... ok
test capture_action_frame::tests::window_publication_digests_the_exact_returned_png ... ok
test clipboard::tests::construction_does_not_start_native_clipboard ... ok
test clipboard::tests::rejects_relative_local_paths_before_clipboard_access ... ok
test display_detection_tests::plain_linux_is_not_wsl ... ok
test capture_action_frame::tests::target_mismatch_does_not_consume_but_successful_admission_does ... ok
test display_detection_tests::wsl2_osrelease_microsoft_tag_detected ... ok
test display_detection_tests::wsl_env_var_short_circuits ... ok
test capture_action_frame::tests::window_transform_preserves_each_rounded_axis ... ok
test health_report::tests::wayland_backend_fails_closed_when_portal_input_cannot_target_a_window ... ok
test health_report::tests::wayland_backend_fails_on_non_wlroots_when_portal_libei_backend_is_unreachable ... ok
test health_report::tests::wayland_backend_passes_on_non_wlroots_when_portal_libei_backend_is_reachable ... ok
test display_detection_tests::wsl1_osrelease_microsoft_tag_detected ... ok
test history::tests::secret_service_key_lifecycle_is_isolated_corruptible_and_destroyable ... ignored, mutates uniquely named Secret Service items; run in native release qualification
test history::tests::secret_service_namespace_is_strict_and_separated ... ok
test history::tests::wayland_title_fallback_is_not_stored_as_application_identity ... ok
test input::delivery::tests::delivery_mode_schema_advertises_two_modes ... ok
test input::focus_guard::grab_tests::a_popup_grab_is_reported_instead_of_a_failed_restore ... ok
test input::focus_guard::grab_tests::restore_and_settle_budgets_bound_the_guard_under_1500ms ... ok
test input::focus_guard::tests::a_closed_focus_holder_is_window_closed_evidence_not_a_failed_restore ... ok
test input::focus_guard::tests::mapped_but_unfocused_own_window_is_mentioned_without_a_focus_outcome ... ok
test input::focus_guard::tests::capture_without_display_degrades_to_none ... ok
test input::focus_guard::tests::same_app_rule_only_when_the_target_owned_the_focus_before_and_after ... ok
test input::focus_guard::tests::same_app_dialog_is_reported_not_restored ... ok
test input::foreground::tests::error_code_recognises_prefixes ... ok
test input::foreground::tests::focus_holder_names_the_owner ... ok
test input::foreground::tests::deadline_returns_value_when_work_finishes ... ok
test input::foreground::tests::keyboard_budget_exceeds_pointer_budget ... ok
test input::foreground::tests::options_carry_the_caller_resolved_pid ... ok
test input::foreground::tests::report_json_shape ... ok
test input::foreground::tests::settled_focus_returns_without_waiting ... ok
test input::foreground::tests::unattributed_popup_change_is_not_owned ... ok
test input::foreground::tests::window_change_bounds_default_to_the_linux_deadline ... ok
test input::foreground::tests::window_change_diff_names_appeared_and_closed ... ok
test input::foreground::tests::wm_windows_share_the_wm_check_client_base ... ok
test input::foreground::tests::unavailable_display_is_structured ... ok
test input::interactive::tests::a_session_needs_a_target ... ok
test input::interactive::tests::background_display_regions_are_refused ... ok
test input::foreground::tests::zero_window_change_timeout_reports_no_change ... ok
test input::interactive::tests::modifiers_map_to_x_names ... ok
test input::key_name_alias_tests::common_key_name_aliases_resolve_to_the_expected_keysym ... ok
test input::mpx_keyboard::tests::characters_resolve_to_latin1_unicode_or_named_keysyms ... ok
test input::mpx_keyboard::tests::chord_plan_adds_shift_only_when_the_key_is_shifted_and_shift_not_held ... ok
test input::mpx_keyboard::tests::chord_plan_nests_modifiers_around_the_key_in_physical_order ... ok
test input::mpx_keyboard::tests::text_plan_taps_keys_and_wraps_shifted_glyphs_in_shift ... ok
test input::mpx_keyboard::tests::text_plan_with_fallback_preserves_original_character_order ... ok
test input::focus_guard::tests::quiet_report_is_silent ... ok
test input::mpx_keyboard::tests::text_plan_with_fallback_reports_characters_the_remap_also_misses ... ok
test input::mpx_keyboard::tests::text_plan_without_a_shift_keycode_types_the_unshifted_level ... ok
test input::mpx_keyboard::tests::x_keycodes_map_to_evdev_by_subtracting_eight ... ok
test browser_platform::tests::existing_profile_cleanup_can_drive_atspi_runtime_from_async_session_teardown ... ok
test input::focus_guard::tests::report_json_and_summary_name_what_moved ... ok
test history::tests::inaccessible_store_maps_to_locked_without_fallback ... ok
test input::mpx_keyboard::tests::report_json_names_the_route ... ok
test input::mpx_owner::tests::dead_owner_and_reused_pid_are_stale ... ok
test input::mpx_owner::tests::live_peer_and_unverifiable_metadata_are_preserved ... ok
test input::path_tests::click_modifier_state_combines_canonical_names_and_aliases ... ok
test input::mpx_owner::tests::ownership_roundtrip_is_bounded_even_at_integer_limits ... ok
test input::path_tests::cumulative_lengths_and_total ... ok
test input::path_tests::degenerate_path_returns_last_point ... ok
test input::path_tests::fraction_is_clamped_and_endpoints_exact ... ok
test input::mpx_keyboard::tests::slave_keyboard_name_fits_the_uinput_limit_for_versioned_masters ... ok
test input::mpx_owner::tests::actual_current_process_is_not_stale ... ok
test input::path_tests::idle_reaper_selects_only_sessions_past_the_ttl ... ok
test input::path_tests::kde_x11_sessions_disable_uinput_pointer_hotplug ... ok
test input::path_tests::multi_segment_follows_arc_length ... ok
test input::path_tests::invalid_expression_errors ... ok
test input::path_tests::real_uinput_accepts_normalized_overlong_multibyte_name ... ignored, requires a writable /dev/uinput device
test input::path_tests::real_pointer_capabilities_require_uinput_access ... ok
test input::path_tests::non_finite_points_are_dropped ... ok
test input::path_tests::sample_linear_function ... ok
test input::path_tests::sample_affine_and_trig ... ok
test input::path_tests::straight_segment_interpolates_by_fraction ... ok
test input::path_tests::synthetic_click_keeps_release_on_press_recipient ... ok
test input::path_tests::synthetic_click_preserves_recipient_local_coordinates_and_event_fallback ... ok
test input::path_tests::synthetic_click_uses_deepest_common_target_for_both_events ... ok
test input::path_tests::uinput_creation_error_is_stably_typed ... ok
test input::path_tests::uinput_name_normalization_covers_byte_boundaries_and_multibyte_text ... ok
test input::path_tests::slave_pointer_name_fits_evdev_uinput_limit ... ok
test input::targeted::tests::buttons_map_to_x_core_buttons ... ok
test input::targeted::tests::modifier_names_map_to_modifier_keysyms ... ok
test input::targeted::tests::named_keys_resolve_to_expected_keysyms ... ok
test input::targeted::tests::protocol_key_names_map_to_x_names ... ok
test input::targeted::tests::single_character_keys_fall_back_to_char_keysym ... ok
test installed_apps::tests::desktop_file_id_flat ... ok
test installed_apps::tests::desktop_file_id_nested_disambiguates ... ok
test installed_apps::tests::desktop_file_id_returns_empty_outside_root ... ok
test installed_apps::tests::owns_window_class_by_startup_wm_class_id_or_launcher ... ok
test installed_apps::tests::strips_field_codes ... ok
test overlay::b01_glide_measurement_tests::fixed_duration_glide_lands_within_one_frame_and_speed_based_grows_with_length ... ok
test overlay::b01_glide_measurement_tests::frame_stats_separate_wall_time_from_the_clamped_motion_step ... ok
test overlay::b01_glide_measurement_tests::glide_plan_detail_reports_unavailable_for_an_unknown_cursor ... ok
test overlay::shell_helper_surface_tests::only_the_drawing_session_ending_hides_the_shell_helper_cursor ... ok
test overlay::tests::a_clearing_paint_vacates_the_frame_it_replaces_without_dropping_it ... ok
test overlay::tests::a_long_vacated_frame_stops_being_consulted_without_waiting_for_a_prune ... ok
test overlay::tests::a_frame_is_vacated_when_it_is_superseded_not_when_it_was_painted ... ok
test installed_apps::tests::skips_nodisplay_entry ... ok
test installed_apps::tests::parses_minimal_entry ... ok
test overlay::tests::a_repainted_pixel_is_read_live_even_inside_the_painted_rect ... ok
test overlay::tests::a_resync_blanks_once_and_suppresses_painting_for_the_grace ... ok
test overlay::tests::a_save_under_keeps_only_the_painted_bounding_box ... ok
test overlay::tests::a_transient_backdrop_failure_defers_frames_before_latching_compositing_off ... ok
test input::targeted::tests::toolkits_that_drop_synthetic_events_are_recognised ... ok
test overlay::tests::a_client_that_never_answers_expose_still_gets_a_clean_backdrop ... ok
test overlay::tests::a_backdrop_that_changed_while_uncovered_is_picked_up_again ... ok
test overlay::tests::active_frame_wake_does_not_consume_queued_command ... ok
test input::path_tests::uinput_creation_panic_is_contained_and_daemon_worker_remains_usable ... ok
test overlay::tests::backdrop_compositing_is_disabled_under_a_compositor ... ok
test overlay::tests::badge_expansion_reads_the_new_side_strips_from_the_root ... ok
test overlay::tests::composited_tile_blends_translucent_pixels_over_the_backdrop ... ok
test overlay::tests::composited_tile_keeps_the_bloom_the_cutoff_path_drops ... ok
test overlay::tests::composited_tile_rejects_a_mismatched_backdrop ... ok
test overlay::tests::composited_tile_shape_matches_the_compositing_path ... ok
test overlay::tests::compositorless_shape_drops_bloom_and_unpremultiplies_visible_pixels ... ok
test overlay::tests::cropping_a_tile_buffer_keeps_row_order ... ok
test overlay::tests::a_moving_cursor_never_composites_over_its_own_previous_frame ... ok
test history::tests::current_process_identity_is_resolvable_without_titles_or_paths ... ok
test overlay::tests::expired_maintenance_deadline_times_out_immediately ... ok
test overlay::tests::failed_x11_enqueue_is_reported_without_waiting ... ok
test atspi::native::listener_startup_tests::stalled_listener_is_bounded_and_keeps_initializing_in_background ... ok
test overlay::tests::hidden_cursor_deadline_wakes_to_service_x11_events ... ok
test overlay::tests::hidden_heartbeat_does_not_request_z_order_reassertion ... ok
test overlay::tests::human_origin_sessions_draw_no_agent_cursor ... ok
test overlay::tests::idle_deadline_is_anchored_to_the_state_tick ... ok
test input::foreground::tests::deadline_returns_none_when_work_hangs ... ok
test overlay::tests::idle_wait_reports_disconnected_sender ... ok
test overlay::tests::idle_wait_wakes_for_command ... ok
test overlay::tests::invalidate_drops_every_saved_backdrop ... ok
test input::path_tests::mpx_op_guard_is_mutually_exclusive ... ok
test input::foreground::tests::focus_parked_on_the_window_manager_is_waited_out ... ok
test overlay::tests::moving_cursor_reads_only_newly_exposed_pixels_from_the_root ... ok
test overlay::tests::overlay_badmatch_remains_fatal ... ok
test overlay::tests::overlay_badwindow_remains_fatal ... ok
test overlay::tests::pruning_keeps_the_frame_that_is_still_on_screen ... ok
test overlay::tests::randr_display_changes_request_geometry_refresh ... ok
test overlay::tests::readback_comparison_ignores_the_unused_fourth_byte ... ok
test overlay::tests::resolving_fails_when_a_painted_pixel_has_no_saved_backdrop ... ok
test overlay::tests::resting_cursor_wait_times_out_for_maintenance ... ok
test overlay::tests::retained_frames_are_capped ... ok
test overlay::tests::saved_backdrop_serves_pixels_the_overlay_painted_last_frame ... ok
test overlay::tests::maintenance_tick_advances_the_full_elapsed_interval ... ok
test overlay::tests::sentinel_default_cursor_does_not_require_frame_ticks ... ok
test overlay::tests::idle_heartbeat_starts_fade_then_frames_return_to_quiescence ... ok
test overlay::tests::disabling_settled_cursor_clears_once_then_parks ... ok
test overlay::tests::click_pulse_drained_after_maintenance_timeout_starts_at_zero_dt ... ok
test overlay::tests::commands_for_one_cursor_do_not_starve_another_cursors_idle_deadline ... ok
test overlay::tests::completed_move_parks_during_opaque_idle_delay ... ok
test overlay::tests::active_frame_replacement_does_not_return_stale_arrival ... ok
test overlay::tests::command_drained_after_maintenance_timeout_starts_at_zero_dt ... ok
test overlay::tests::slow_backdrop_reads_latch_compositing_off ... ok
test overlay::tests::stale_z_order_sibling_badwindow_is_recoverable ... ok
test overlay::tests::session_removal_releases_that_arrival_waiter ... ok
test overlay::tests::successful_x11_enqueue_is_reported ... ok
test overlay::tests::teardown_disconnects_before_releasing_registration ... ok
test overlay::tests::visible_shape_contains_only_nontransparent_runs ... ok
test overlay::tests::wayland_arrival_wait_is_bounded_above_the_glide ... ok
test overlay::tests::wayland_display_does_not_start_legacy_x11_overlay ... ok
test overlay::tests::x11_desktop_capture_hides_the_resting_overlay_and_restores_it ... ignored, requires a live X11 server (run under xvfb-run)
test overlay::tests::x11_overlay_input_shape_stays_empty_and_clicks_pass_through_after_resize ... ignored, requires a live X11 server (run under xvfb-run)
test overlay::tests::wayland_overlay_backend_is_selected_once_with_legacy_fallback ... ok
test overlay::tests::x11_event_poll_precedes_slower_visible_cursor_z_order_tick ... ok
test overlay::tests::x11_overlay_owner_stays_click_through_across_cursor_lifecycle_and_randr ... ignored, requires a live X11 server with XTEST, Shape, and RandR (run under xvfb-run or XWayland)
test overlay::tests::x11_server_error_is_fatal ... ok
test overlay::tests::z_order_sibling_badmatch_is_recoverable ... ok
test overlay_capture::tests::a_repainted_pixel_is_kept ... ok
test overlay_capture::tests::hold_answers_reach_only_the_current_request ... ok
test overlay::tests::untrusted_readback_serves_the_save_under_on_mismatch ... ok
test overlay_capture::tests::leftover_overlay_pixels_are_replaced_with_the_recorded_desktop ... ok
test overlay_capture::tests::hold_wait_wakes_when_the_owner_answers_from_another_thread ... ok
test overlay_capture::tests::malformed_inputs_change_nothing ... ok
test overlay_capture::tests::patches_are_clipped_to_the_screen ... ok
test pointer_shape::tests::live_x11_hit_test_system_shape_and_probe ... ignored, needs a throwaway X display with fixtures; set CUA_POINTER_SHAPE_LIVE=1
test overlay::tests::unreported_arrival_releases_the_waiter_after_the_cap ... ok
test overlay_capture::tests::the_newest_painting_patch_decides_and_unpainted_pixels_fall_through ... ok
test pointer_shape_map::tests::a_label_inside_a_button_is_the_hand ... ok
test pointer_shape_map::tests::busy_anywhere_is_progress ... ok
test pointer_shape_map::tests::distant_ancestors_do_not_decide ... ok
test pip::tests::start_reports_unsupported ... ok
test pointer_shape_map::tests::empty_names_are_unknown_and_strange_names_the_arrow ... ok
test pointer_shape_map::tests::clickable_roles_are_the_hand ... ok
test pointer_shape_map::tests::the_deepest_decisive_node_wins ... ok
test pointer_shape_map::tests::xcursor_names_cover_the_vocabulary ... ok
test proc_fs::tests::exit_observation_tells_the_same_live_instance_from_its_end ... ok
test proc_fs::tests::process_states_fail_closed ... ok
test proc_fs::tests::process_start_time_handles_spaces_in_comm ... ok
test pointer_shape_map::tests::inert_roles_decide_nothing ... ok
test recording_hooks::tests::hyprland_marker_uses_retained_output_coordinates ... ok
test recording_hooks::tests::hyprland_marker_does_not_invent_an_offscreen_point ... ok
test pointer_shape_map::tests::text_roles_are_ibeam ... ok
test recording_hooks::tests::hyprland_pixel_marker_keeps_fractional_output_coordinates ... ok
test session_bus::tests::dbus_address_absent_or_empty_is_none ... ok
test session_bus::tests::parses_dbus_address_from_environ_blob ... ok
test snapshot_queries::tests::expired_deadline_does_not_poll_any_query ... ok
test snapshot_queries::tests::raw_extent_acceptance_is_unchanged_before_coordinate_offsets ... ok
test snapshot_queries::tests::caller_cancellation_drops_every_borrowed_query ... ok
test snapshot_queries::tests::concurrency_is_bounded_and_queued_work_is_not_started_after_deadline ... ok
test snapshot_queries::tests::preserves_original_indices_despite_out_of_order_completion_and_omissions ... ok
test terminal::tests::known_terminal_process_names_match ... ok
test terminal::tests::rejects_non_terminal_process_names ... ok
test terminal::tests::wm_class_matches_documented_terminals ... ok
test snapshot_queries::tests::retains_completed_values_when_sibling_queries_stall ... ok
test terminal::tests::wm_class_rejects_browsers_and_editors ... ok
test tools::impl_::background_budget_tests::desktop_window_lines_expose_pid_and_window_id ... ok
test tools::impl_::background_budget_tests::synthetic_pointer_drop_detection_covers_gtk_vcl_and_qt ... ok
test tools::impl_::background_keyboard_route_tests::focus_taking_roles_need_a_real_click ... ok
test tools::impl_::atspi_scroll_outcomes_preserve_uncertainty_and_acknowledged_count ... ok
test tools::impl_::background_keyboard_route_tests::key_combos_split_into_modifiers_and_key ... ok
test tools::impl_::click_button_schema_tests::chromium_background_requires_focus_free_inject_mode ... ok
test tools::impl_::background_keyboard_route_tests::wm_chords_are_recognised ... ok
test tools::impl_::click_button_schema_tests::gtk_process_maps_are_detected_without_matching_unrelated_libraries ... ok
test tools::impl_::cancelled_overlay_drag_releases_visual_press_without_native_commands ... ok
test tools::impl_::completed_overlay_drag_balances_visual_press_once ... ok
test tools::impl_::coordinate_click_keeps_wayland_background_refusal_ahead_of_screenshot_context ... ok
test tools::impl_::coordinate_drag_keeps_wayland_background_refusal_ahead_of_screenshot_context ... ok
test tools::impl_::cursor_hook_emission_tests::pointer_actions_reach_the_cursor_hook ... ok
test tools::impl_::desktop_capture_frame_tests::capture_refusal_exposes_specific_code_and_refused_effect ... ok
test tools::impl_::coordinate_scroll_keeps_wayland_background_refusal_ahead_of_screenshot_context ... ok
test tools::impl_::experimental_dispatch_does_not_claim_application_success ... ok
test tools::impl_::experimental_pending_grant_is_an_error_with_operator_context ... ok
test tools::impl_::foreground_ax_click_error_does_not_claim_delivery_or_request_replay ... ok
test tools::impl_::foreground_hyprland_chords_preserve_all_modifiers ... ok
test tools::impl_::foreground_hyprland_reports_foreground_and_preserves_partial_progress ... ok
test tools::impl_::get_window_state_actions_tests::element_entry_filters_blank_action_names ... ok
test tools::impl_::get_window_state_actions_tests::element_entry_omits_actions_when_empty ... ok
test tools::impl_::failed_session_end_release_remains_retryable_and_bounded ... ok
test tools::impl_::coordinate_less_mouse_button_up_survives_snapshot_replacement ... ok
test tools::impl_::click_button_schema_tests::schema_advertises_button_enum_and_description ... ok
test input::foreground::tests::focus_left_on_the_window_manager_is_unknown_at_the_deadline ... ok
test session_bus::tests::matches_session_leaders_with_comm_truncation ... ok
test tools::impl_::hyprland_foreground_semantic_click_preserves_pointer_gestures ... ok
test proc_fs::tests::real_zombie_is_not_live_and_disappears_after_reaping ... ok
test tools::impl_::isolated_hyprland_refused_partial_and_unknown_outcomes_stay_distinct ... ok
test tools::impl_::launch_app_tests::matches_desktop_file_id_and_exec_basename ... ok
test tools::impl_::launch_app_tests::matches_exact_display_name_case_insensitively ... ok
test tools::impl_::launch_app_tests::matches_unambiguous_display_name_substring ... ok
test tools::impl_::launch_app_tests::refuses_ambiguous_substring_and_unknown_names ... ok
test tools::impl_::launch_resolution_tests::a_handoff_timeout_is_a_refusal_not_a_null_pid_success ... ok
test tools::impl_::list_windows_tests::chromium_launch_detection_uses_executable_basename ... ok
test tools::impl_::launch_resolution_tests::a_missing_process_counts_as_exited ... ok
test tools::impl_::list_windows_tests::record_has_bounds_and_flat_legacy_fields ... ok
test tools::impl_::launch_resolution_tests::launch_queries_match_window_classes ... ok
test tools::impl_::list_windows_tests::unavailable_wayland_order_serializes_as_null ... ok
test tools::impl_::megapixel_cap_tests::a_shot_within_the_threshold_is_left_alone ... ok
test tools::impl_::megapixel_cap_tests::a_window_shot_above_the_api_threshold_is_capped_below_it ... ok
test tools::impl_::persistent_wayland_pointer_coordinates_include_window_origin ... ok
test tools::impl_::pid_window_resolver_tests::pid_only_resolver_orders_focus_then_dialog_then_active_then_largest ... ok
test tools::impl_::pid_window_resolver_tests::pid_only_resolver_skips_unmapped_dialogs ... ok
test tools::impl_::pid_window_resolver_tests::point_resolver_ignores_windows_without_a_stacking_position_when_one_has_it ... ok
test tools::impl_::pid_window_resolver_tests::point_resolver_prefers_the_topmost_window_by_stacking_position ... ok
test tools::impl_::pid_window_target_tests::same_pid_sibling_windows_are_ambiguous ... ok
test tools::impl_::pointer_argument_tests::complete_point_passes ... ok
test tools::impl_::pointer_argument_tests::foreground_report_becomes_evidence ... ok
test tools::impl_::pointer_argument_tests::pid_only_pointer_call_is_refused_not_clicked_at_origin ... ok
test tools::impl_::press_key_tests::enter_key_gate_accepts_the_documented_enter_spelling ... ok
test tools::impl_::press_key_tests::enter_key_gate_accepts_the_documented_return_spelling ... ok
test tools::impl_::press_key_tests::enter_key_gate_rejects_non_enter_keys ... ok
test tools::impl_::press_key_tests::unmodified_press_stays_on_the_single_key_route ... ok
test tools::impl_::session_cursor_target_tests::real_pointer_control_requires_explicit_desktop_scope ... ok
test tools::impl_::set_value_tests::a_file_chooser_keeping_the_basename_counts_as_committed ... ok
test tools::impl_::session_end_releases_only_its_hold_before_discarding_state ... ok
test tools::impl_::isolated_background_routes_do_not_reprobe_availability_before_primary_fallback ... ok
test tools::impl_::press_key_tests::modifiers_are_promoted_to_a_chord_in_order ... ok
test tools::impl_::session_cursor_target_tests::pointer_position_survives_an_unavailable_overlay ... ok
test tools::impl_::set_value_tests::readback_agreement_is_numeric_aware ... ok
test tools::impl_::isolated_worker_retains_lifecycle_until_native_work_exits ... ok
test tools::impl_::set_value_tests::set_value_result_is_verified_only_on_matching_readback ... ok
test tools::impl_::uinput_failure_has_a_stable_structured_code ... ok
test tools::impl_::visibility_tests::a_cross_process_dialog_names_its_real_owning_pid_in_the_follow_up ... ok
test tools::impl_::visibility_tests::a_combo_popup_returns_the_rows_of_the_list_that_fills_it ... ok
test tools::impl_::visibility_tests::a_frameless_popup_returns_only_the_menu_entries_drawn_inside_it ... ok
test tools::impl_::visibility_tests::a_list_popup_without_an_indexed_container_keeps_its_item_rows_only ... ok
test tools::impl_::visibility_tests::framed_elements_lead_and_keep_their_relative_order ... ok
test tools::impl_::visibility_tests::menu_roles_take_the_real_press ... ok
test tools::impl_::visibility_tests::overlays_name_the_follow_up_call_per_dialog_and_popup ... ok
test wayland::ext_toplevel::tests::id_registry_is_stable_and_bijective ... ok
test wayland::ext_toplevel::tests::id_registry_skips_collisions_and_reports_exhaustion ... ok
test wayland::ext_toplevel::tests::merge_does_not_guess_ambiguous_app_ids ... ok
test tools::impl_::window_capture_dimension_tests::schema_exposes_zero_as_native_resolution ... ok
test wayland::ext_toplevel::tests::merge_pairs_repeated_exact_titles_one_to_one ... ok
test wayland::ext_toplevel::tests::merge_recovers_metadata_and_preserves_unmatched_records ... ok
test wayland::hyprland::tests::accessibility_correlation_rejects_duplicate_compositor_titles ... ok
test wayland::hyprland::tests::display_identity_publishes_the_logical_frame_and_scale ... ok
test wayland::hyprland::tests::display_identity_rejects_ambiguous_outputs_and_unsupported_frames ... ok
test wayland::hyprland::tests::display_identity_rejects_empty_oversized_and_missing_geometry ... ok
test wayland::hyprland::tests::exact_identity_never_falls_back_to_sibling_or_other_pid ... ok
test wayland::hyprland::tests::logical_resize_is_bounded_before_allocation ... ok
test tools::impl_::type_text_routes_isolated_background_before_generic_wayland_refusal ... ok
test wayland::hyprland::tests::null_and_duplicate_client_addresses_still_fail ... ok
test wayland::hyprland::tests::observation_connection_and_attestation_errors_are_not_retried ... ok
test wayland::hyprland::tests::malformed_truncated_and_oversized_observations_are_not_retried ... ok
test tools::impl_::launch_app_tests::launched_children_are_reaped_instead_of_lingering_as_zombies ... ok
test wayland::hyprland::tests::observation_timeout_classifier_is_closed ... ok
test wayland::hyprland::tests::healthy_slow_observation_is_not_retried ... ok
test wayland::hyprland::tests::off_workspace_target_is_capturable_but_hidden_target_refuses ... ok
test wayland::hyprland::tests::scaled_desktop_frame_and_virtual_pointer_extent_agree ... ok
test wayland::hyprland::tests::observation_never_writes_after_connect_consumes_total_deadline ... ok
test wayland::hyprland::tests::observation_retry_must_pass_fresh_attestation ... ok
test wayland::hyprland::tests::truncated_handle_collision_refuses_even_across_pids ... ok
test wayland::hyprland::tests::unrepresentable_client_does_not_hide_valid_siblings ... ok
test wayland::hyprland_capture::tests::frame_to_rgba8_swaps_bgr_and_forces_alpha ... ok
test wayland::hyprland_capture::tests::invalid_buffer_sizes_and_formats_refuse_before_allocation ... ok
test wayland::hyprland_capture::tests::pack_rows_drops_stride_padding ... ok
test wayland::hyprland_capture::tests::pack_rows_unflips_y_invert ... ok
test wayland::hyprland_capture::tests::toplevel_handle_truncates_to_low_32_bits ... ok
test wayland::hyprland_compatibility::tests::alpm_identity_requires_exact_package_and_version_fields ... ok
test wayland::hyprland_compatibility::tests::nonexistent_process_cannot_be_qualified ... ok
test tools::impl_::type_text_readback_tests::typed_text_is_confirmed_only_when_read_back ... ok
test wayland::hyprland::tests::stalled_ipc_reply_is_bounded ... ok
test wayland::hyprland_input::tests::background_action_still_requires_live_compositor_attestation ... ok
test wayland::hyprland::tests::timed_out_observation_uses_fresh_connection_and_discards_partial_bytes ... ok
test wayland::hyprland_input::tests::canceled_invocation_cannot_send_on_a_ready_socket ... ok
test wayland::hyprland::tests::observation_attempt_cap_applies_with_a_generous_total_budget ... ok
test wayland::hyprland_input::tests::cancelled_dispatch_before_send_is_an_exact_refusal ... ok
test wayland::hyprland_input::tests::cancelled_foreground_target_sends_no_input ... ok
test wayland::hyprland_input::tests::click_is_exact_and_maps_right_button ... ok
test wayland::hyprland_input::tests::closed_idle_peers_do_not_exhaust_local_lanes ... ok
test wayland::hyprland_input::tests::failed_call_attestation_discards_reused_slot_without_sending_packets ... ok
test wayland::hyprland_input::tests::failed_initial_attestation_sends_no_handshake_or_action ... ok
test wayland::hyprland_input::tests::failed_owners_do_not_exhaust_local_lanes ... ok
test wayland::hyprland_input::tests::failed_reconnect_reclaims_only_the_empty_owner ... ok
test wayland::hyprland_input::tests::foreground_action_cannot_acknowledge_background_delivery ... ok
test wayland::hyprland_input::tests::foreground_drag_refusal_preserves_started_phase_and_foreground_count ... ok
test wayland::hyprland_input::tests::foreground_handshake_records_capability_and_exact_claim ... ok
test wayland::hyprland_input::tests::foreground_partial_unknown_keeps_only_proven_acknowledgements ... ok
test wayland::hyprland_input::tests::foreground_requires_advertisement_and_production_without_sending_target ... ok
test wayland::hyprland_input::tests::foreground_target_checks_route_and_never_retries_background ... ok
test wayland::hyprland_input::tests::aborted_acknowledged_drag_disconnects_only_its_own_lane_without_replay ... ok
test wayland::hyprland_input::tests::aborted_queued_invocation_never_targets_or_changes_the_active_connection ... ok
test atspi::native::budget_tests::per_call_timeout_clamps_to_operation_deadline ... ok
test wayland::hyprland::tests::input_and_unknown_json_commands_are_never_retried ... ok
test wayland::hyprland_input::tests::foreground_text_later_key_refusal_discards_slot_without_replay ... ok
test wayland::hyprland_input::tests::foreground_unknown_code_does_not_change_background_refusals ... ok
test wayland::hyprland_input::tests::hotkey_and_scroll_are_bounded_complete_packets ... ok
test overlay::tests::geometry_shrink_reclips_cursor_tiles ... ok
test overlay::tests::cursor_tiles_clip_at_screen_edges_and_skip_hidden_cursors ... ok
test overlay::tests::active_cursor_rendering_is_bounded_by_tile_not_root_size ... ok
test wayland::hyprland_input::tests::hyprland_text_is_bounded_and_fully_prevalidated ... ok
test wayland::hyprland_input::tests::interrupted_drag_preserves_acknowledged_progress_and_never_replays ... ok
test wayland::hyprland_input::tests::independent_lifecycles_have_bounded_serialization_slots_and_cleanup ... ok
test wayland::hyprland_input::tests::malformed_responses_and_tokens_refuse ... ok
test wayland::hyprland_input::tests::missing_initial_action_reply_cannot_claim_acknowledged_progress ... ok
test wayland::hyprland_input::tests::oversized_seqpacket_reply_refuses_without_truncation ... ok
test wayland::hyprland_input::tests::peer_closure_probe_is_nonblocking_and_does_not_consume_packets ... ok
test wayland::hyprland_input::tests::peer_write_shutdown_is_conclusive_even_with_a_pending_empty_packet ... ok
test wayland::hyprland_input::tests::independent_claimants_use_compositor_reservations_and_disconnect_reuses_lane ... ok
test wayland::hyprland_input::tests::live_idle_peers_with_pending_packets_keep_their_lanes ... ok
test wayland::hyprland_input::tests::pending_refusal_keeps_seqpacket_connection_usable ... ok
test wayland::hyprland_input::tests::pending_same_owner_callers_keep_their_serialization_slot ... ok
test wayland::hyprland_input::tests::malformed_or_unexpected_handshake_never_tries_another_lane ... ok
test wayland::hyprland_input::tests::production_entry_never_retries_an_uncertain_dispatch ... ok
test wayland::hyprland_input::tests::production_entry_retries_only_the_canonical_stale_geometry_refusal ... ok
test wayland::hyprland_input::tests::production_handshake_has_no_signer_and_claims_exact_lane ... ok
test wayland::hyprland_input::tests::production_targets_bind_one_exact_operation_and_use_distinct_endpoints ... ok
test wayland::hyprland_input::tests::production_refuses_experiment_and_unexpected_signer_without_claiming ... ok
test wayland::hyprland_input::tests::revoked_connections_are_dropped_without_replaying_the_action ... ok
test wayland::hyprland_input::tests::terminated_session_never_sends_even_when_socket_is_ready ... ok
test wayland::hyprland_input::tests::same_owner_resumes_after_idle_eof_under_the_existing_mutex ... ok
test wayland::hyprland_input::tests::foreground_text_partial_unknown_counts_prior_completed_keys ... ok
test wayland::hyprland_input::tests::uncertain_io_after_reuse_is_an_error_without_replay ... ok
test wayland::hyprland_input::tests::unknown_claim_outcome_and_connection_errors_never_try_another_lane ... ok
test wayland::hyprland_input::tests::unsafe_geometry_and_unsupported_actions_refuse ... ok
test wayland::overlay::tests::animation_and_fade_use_frame_cadence ... ok
test wayland::overlay::tests::cold_fresh_key_starts_with_ended_session_still_suppressed ... ok
test wayland::overlay::tests::cold_metadata_is_retained_before_first_positioned_command ... ok
test wayland::overlay::tests::cold_observation_and_refused_action_metadata_never_connects_to_wayland ... ok
test wayland::overlay::tests::cold_remove_suppresses_stale_commands_without_renderer_startup ... ok
test wayland::overlay::tests::cold_revive_allows_startup_and_preserves_other_tombstones_and_queue_order ... ok
test wayland::overlay::tests::cold_shutdown_and_channel_close_exit_owner_without_wayland ... ok
test wayland::overlay::tests::crossing_outputs_clears_the_old_surface_and_paints_the_new_one ... ok
test wayland::overlay::tests::disabled_config_refuses_forwarding_and_thread_startup ... ok
test wayland::overlay::tests::first_positioned_command_seeds_inside_the_output_frame ... ok
test wayland::overlay::tests::forward_mapping_preserves_named_cursor_keys ... ok
test wayland::overlay::tests::fresh_sentinel_overlay_uses_only_topology_maintenance ... ok
test wayland::overlay::tests::hidden_and_disabled_state_quiesces_deterministically ... ok
test wayland::overlay::tests::hide_or_session_removal_clears_every_previously_painted_output ... ok
test wayland::overlay::tests::hotplugged_output_plans_one_initial_transparent_frame ... ok
test wayland::overlay::tests::initial_configured_outputs_each_plan_one_transparent_frame ... ok
test wayland::overlay::tests::initialized_stable_outputs_plan_no_idle_frame ... ok
test wayland::overlay::tests::maintenance_scheduler_wakes_immediately_on_command_arrival ... ok
test wayland::overlay::tests::named_cursors_render_on_independent_outputs_and_removal_clears_only_one ... ok
test wayland::overlay::tests::named_cursors_schedule_animation_and_idle_deadlines_independently ... ok
test wayland::overlay::tests::never_hiding_resting_overlay_parks_on_maintenance ... ok
test wayland::overlay::tests::overlapping_outputs_use_the_same_deterministic_selection_for_compositing ... ok
test wayland::overlay::tests::selected_output_combines_initialization_and_cursor_paint_in_one_frame ... ok
test wayland::overlay::tests::selects_output_and_converts_global_to_output_local_coordinates ... ok
test wayland::overlay::tests::stable_reduced_motion_overlay_sleeps_until_idle_fade_deadline ... ok
test wayland::overlay::tests::stable_visible_overlay_keeps_frame_cadence_for_resting_motion ... ok
test wayland::overlay::tests::ticking_reports_each_glide_arrival_once ... ok
test wayland::primary_seat::tests::experimental_seat_never_replaces_primary_after_names_arrive ... ok
test wayland::primary_seat::tests::no_primary_seat_refuses_and_legacy_selection_is_preserved ... ok
test wayland::primary_seat::tests::production_seats_never_replace_the_primary_seat ... ok
test wayland::shell_helper::tests::accessibility_origin_matches_the_frame_cropped_screenshot ... ok
test overlay::tests::distant_cursors_use_independent_small_tiles ... ok
test wayland::shell_helper::tests::marks_minimized_shell_windows_off_screen ... ok
test wayland::shell_helper::tests::parses_and_filters_shell_windows ... ok
test wayland::shell_helper::tests::parses_dbus_owner_and_numeric_identity ... ok
test wayland::shell_helper::tests::preserves_exact_focus_from_shell_snapshot ... ok
test wayland::sway_ipc::tests::decoration_height_fills_zero_window_content_origin ... ok
test wayland::sway_ipc::tests::outer_client_height_delta_fills_missing_decoration_metadata ... ok
test wayland::sway_ipc::tests::parses_nested_and_floating_windows ... ok
test wayland::tests::approach_pixel_is_a_different_pixel_on_the_output ... ok
test wayland::tests::atspi_merge_keeps_x11_geometry_owner_and_native_only_frames ... ok
test wayland::tests::command_reply_parses_ok_and_surfaces_error_reason ... ok
test wayland::shell_helper::tests::bundled_helper_v8_uses_host_owned_modifier_badge_chips ... ok
test wayland::tests::foreign_toplevel_state_ignores_incomplete_wire_values ... ok
test wayland::tests::foreign_toplevel_state_requires_activated_value ... ok
test wayland::tests::compositor_attested_visible_wayland_surface_keeps_window_capture ... ok
test wayland::tests::geometry_reply_is_strict_and_signed ... ok
test wayland::tests::hello_reply_parses_exact_banner_and_rejects_mismatch ... ok
test wayland::tests::inject_target_correlates_native_identity_to_unique_atspi_pid ... ok
test wayland::tests::inject_target_prefers_explicit_positive_pid ... ok
test wayland::tests::inject_target_refuses_ambiguous_title_pid_correlation ... ok
test wayland::tests::injectable_hotkey_normalizes_supported_chords ... ok
test wayland::tests::injectable_key_accepts_whitelist_case_insensitively ... ok
test wayland::tests::injectable_text_accepts_printable_ascii_newline_and_tab ... ok
test wayland::tests::injectable_key_rejects_unsupported_names ... ok
test wayland::tests::injectable_text_rejects_unicode_and_other_controls ... ok
test wayland::tests::native_enrichment_matches_plain_atspi_title ... ok
test wayland::tests::listed_wayland_identity_remains_valid_when_current_enumeration_hides_it ... ok
test wayland::tests::native_title_match_recovers_pid_without_replacing_native_id ... ok
test wayland::tests::pid_filter_excludes_other_process_windows ... ok
test wayland::tests::nested_enrichment_adopts_stable_atspi_id ... ok
test wayland::tests::shell_helper_capture_failure_is_terminal ... ok
test wayland::tests::standalone_modifiers_reach_wayland_keyboard ... ignored, requires a focused native Wayland surface and wtype
test wayland::tests::standalone_modifiers_map_to_native_keyboard_keys ... ok
test wayland::tests::unavailable_shell_helper_does_not_attempt_capture ... ok
test wayland::tests::unmatched_ext_windows_do_not_satisfy_pid_filter ... ok
test wayland::tests::wayland_window_capture_fails_closed_without_using_x11_pixels ... ok
test wayland::tests::wtype_hotkey_keeps_primer_chord_and_releases_in_order ... ok
test wayland::tests::x11_window_capture_keeps_the_existing_per_window_path ... ok
test wayland::tests::zero_geometry_does_not_replace_a_real_observed_origin ... ok
test wayland::virtual_keyboard::tests::chord_uses_physical_digit7_and_balanced_modifiers ... ok
test x11::tests::a_different_process_dialog_transient_to_the_target_pid_is_surfaced ... ok
test x11::tests::a_transient_cycle_fails_closed_instead_of_looping_forever ... ok
test x11::tests::a_transitive_transient_chain_through_another_cross_pid_window_still_resolves ... ok
test x11::tests::absent_client_list_allows_query_tree_fallback ... ok
test x11::tests::an_unrelated_window_of_a_totally_different_app_is_not_attributed ... ok
test x11::tests::empty_present_client_list_does_not_fall_back_to_query_tree ... ok
test x11::tests::moveresize_requests_static_gravity_and_all_frame_fields ... ok
test x11::tests::no_own_windows_for_the_pid_yields_nothing_to_correlate_against ... ok
test x11::tests::query_tree_fallback_only_lists_viewable_windows ... ok
test x11::tests::stale_or_reused_pid_window_owner_fails_closed ... ok
test x11_client_pid::tests::a_local_client_without_net_wm_pid_is_attributed_to_its_creator ... ok
test x11_client_pid::tests::a_remote_or_forwarded_target_without_a_pid_value_stays_unattributed ... ok
test x11_client_pid::tests::a_server_in_another_pid_namespace_or_host_is_never_trusted ... ok
test x11_client_pid::tests::ambiguous_malformed_or_invalid_pid_values_fail_closed ... ok
test x11_client_pid::tests::our_own_window_resolves_to_our_pid ... ok
test x11_client_pid::tests::query_client_ids_requires_xres_1_2 ... ok
test x11_client_pid::tests::server_owned_resources_are_never_attributed ... ok
test x11_client_pid::tests::wm_client_machine_must_be_absent_or_this_host ... ok
test overlay::tests::session_badge_expands_only_the_local_cursor_tile ... ok
test wayland::hyprland_input::tests::background_text_binds_each_key_to_the_exact_target ... ok
test overlay::tests::modifier_only_badge_expands_the_local_cursor_tile ... ok
test wayland::hyprland_input::tests::foreground_text_stops_at_revoked_target_without_replay ... ok
test wayland::hyprland::tests::observation_total_deadline_includes_connect_and_read ... ok
test wayland::hyprland_input::tests::foreground_text_stops_after_refusal_or_cancellation_without_replay ... ok
test wayland::hyprland_input::tests::foreground_text_attests_each_logical_call_once_and_binds_every_key ... ok
test wayland::hyprland_input::tests::pending_termination_interrupts_receive_before_cleanup_barrier ... ok
test wayland::hyprland_input::tests::text_dispatch_paces_acknowledged_keys ... ok
test wayland::hyprland_input::tests::cancelled_dispatch_after_send_preserves_unknown_progress ... ok
test capture_action_frame::tests::hidpi_desktop_uses_the_compositors_logical_action_frame ... ok
test wayland::hyprland_input::tests::text_result_reports_the_selected_delivery_route ... ok
test atspi::native::budget_tests::bounded_for_returns_partial_via_on_timeout_when_work_ignores_deadline ... ok
test tools::impl_::desktop_capture_frame_tests::nonuniform_capture_mapping_fails_instead_of_distorting_coordinates ... ok
test wayland::hyprland_input::tests::production_entry_bounds_stale_geometry_retry_with_fresh_authority ... ok
test atspi::native::coord_tests::bounded_blocking_returns_none_once_the_operation_deadline_passes ... ok
test tools::impl_::desktop_capture_frame_tests::native_wayland_capture_is_resized_to_the_reported_action_frame ... ok
test health_report::tests::invoke_full_run_produces_linux_check_set ... ok

test result: ok. 602 passed; 0 failed; 10 ignored; 0 measured; 0 filtered out; finished in 22.89s

[2026-10-02T05:19:53Z] platform-linux lib rc=0
error: 'cargo-clippy' is not installed for the toolchain '1.97.1-x86_64-unknown-linux-gnu'.
[2026-10-02T05:19:53Z] clippy cua-driver-core rc=1
